date,open,high,low,close,volume
2006-11-17,19.35146306926018,19.35529136657715,19.35146306926018,19.35529136657715,400
2006-11-20,19.35529136657715,19.35529136657715,19.35529136657715,19.35529136657715,0
2006-11-21,19.374433517456055,19.374433517456055,19.374433517456055,19.374433517456055,200
2006-11-22,19.43187141418457,19.43187141418457,19.43187141418457,19.43187141418457,200
2006-11-24,19.43187141418457,19.43187141418457,19.43187141418457,19.43187141418457,0
2006-11-27,19.190648280558513,19.190648280558513,19.1102408852026,19.11789894104004,2600
2006-11-28,19.11789894104004,19.11789894104004,19.11789894104004,19.11789894104004,1000
2006-11-29,19.240418799629854,19.313168116032546,19.240418799629854,19.297853469848633,6000
2006-11-30,19.244249514474156,19.374433517456055,19.244249514474156,19.374433517456055,1600
2006-12-01,19.316998512666935,19.316998512666935,19.22127503288229,19.23276138305664,1600
2006-12-04,19.23276138305664,19.23276138305664,19.23276138305664,19.23276138305664,0
2006-12-05,19.527595417879002,19.542911529541016,19.527595417879002,19.542911529541016,3200
2006-12-06,19.56587825961825,19.56587825961825,19.546733856201172,19.546733856201172,5800
2006-12-07,19.604167401192004,19.604167401192004,19.493127822875977,19.493127822875977,4600
2006-12-08,19.51610916652534,19.52759552001953,19.51610916652534,19.52759552001953,3600
2006-12-11,19.58502216451586,19.58502216451586,19.55438995361328,19.55438995361328,3200
2006-12-12,19.55438995361328,19.55438995361328,19.55438995361328,19.55438995361328,0
2006-12-13,19.55438995361328,19.55438995361328,19.55438995361328,19.55438995361328,0
2006-12-14,19.665433140710444,19.722866355769785,19.665433140710444,19.711380004882812,8600
2006-12-15,19.7688045501709,19.7688045501709,19.7688045501709,19.7688045501709,600
2006-12-18,19.719043731689453,19.719043731689453,19.719043731689453,19.719043731689453,2400
2006-12-19,19.696063027787424,19.696063027787424,19.653945922851562,19.653945922851562,800
2006-12-20,19.694235384755075,19.694235384755075,19.655866622924805,19.655866622924805,1000
2006-12-21,19.663541793823242,19.663541793823242,19.663541793823242,19.663541793823242,1200
2006-12-22,19.54843383431873,19.54843383431873,19.51006507873535,19.51006507873535,2800
2006-12-26,19.51006507873535,19.51006507873535,19.51006507873535,19.51006507873535,0
2006-12-27,19.648186681444276,19.648186681444276,19.636676788330078,19.636676788330078,2200
2006-12-28,19.6558613661261,19.6558613661261,19.636677722150775,19.65202522277832,3000
2006-12-29,19.690390615292134,19.690390615292134,19.625165939331055,19.625165939331055,20400
2007-01-03,19.682725057811826,19.682725057811826,19.582969199052798,19.58680534362793,800
2007-01-04,19.59447612095506,19.709579467773438,19.59447612095506,19.709579467773438,9800
2007-01-05,19.54075764632467,19.548431396484375,19.54075764632467,19.548431396484375,400
2007-01-08,19.57913014792545,19.605987548828125,19.571456395722034,19.605987548828125,44600
2007-01-09,19.544600923564353,19.579132080078125,19.544600923564353,19.579132080078125,800
2007-01-10,19.54460081899689,19.663541793823242,19.54460081899689,19.663541793823242,4800
2007-01-11,19.751790424745145,19.8170166015625,19.751790424745145,19.8170166015625,600
2007-01-12,19.81700608009836,19.89757825843072,19.81700608009836,19.882230758666992,21800
2007-01-16,19.912933349609375,19.912933349609375,19.866890832765392,19.912933349609375,8600
2007-01-17,19.8899112368104,19.932116143628445,19.84003257751465,19.84003257751465,63200
2007-01-18,19.855379618499256,19.870727123096028,19.82084846496582,19.82084846496582,2400
2007-01-19,19.79015538183753,19.84003257751465,19.79015538183753,19.84003257751465,600
2007-01-22,19.847706898961988,19.847706898961988,19.717256030338703,19.751787185668945,29200
2007-01-23,19.759451869520028,19.77096176147461,19.740268228389727,19.77096176147461,2200
2007-01-24,19.83620343977927,19.9321231842041,19.83620343977927,19.9321231842041,9200
2007-01-25,19.951293623797373,19.951293623797373,19.736433011715473,19.763290405273438,10200
2007-01-26,19.717256573294005,19.717256573294005,19.690399169921875,19.690399169921875,800
2007-01-29,19.74412011190163,19.74412011190163,19.690405288466163,19.740283966064453,5400
2007-01-30,19.75178474369424,19.82468318988157,19.686560049255867,19.813173294067383,37200
2007-01-31,19.824682567595847,20.538325358044332,19.801662776690055,19.95897102355957,3400
2007-02-01,19.970481384421483,19.9781551361084,19.970481384421483,19.9781551361084,15200
2007-02-02,20.0740790524377,20.0740790524377,20.054895401000977,20.054895401000977,1000
2007-02-05,20.04338122541568,20.04338122541568,20.035707473754883,20.035707473754883,800
2007-02-06,20.03570749669054,20.03570749669054,19.947461547918085,20.00885009765625,2600
2007-02-07,19.985828819768948,20.09325841578314,19.985828819768948,20.035707473754883,43400
2007-02-08,19.98584314761756,20.016536712646484,19.978169390455452,20.016536712646484,1200
2007-02-09,20.07407685342426,20.07407685342426,19.893747329711914,19.893747329711914,20000
2007-02-12,19.874564662245877,19.874564662245877,19.843871114516837,19.85538101196289,2000
2007-02-13,20.308119661028403,20.308119661028403,19.94362449645996,19.94362449645996,5400
2007-02-14,20.14697737592008,20.17383624409083,20.14697737592008,20.166162490844727,3400
2007-02-15,20.162320579917306,20.19685173034668,20.162320579917306,20.19685173034668,3400
2007-02-16,20.154645897812674,20.162319649066976,20.127788500231826,20.158483505249023,2200
2007-02-20,20.150814002108113,20.20452880859375,20.150814002108113,20.20452880859375,1600
2007-02-21,20.19684124562536,20.23904612575363,20.17382146636827,20.208351135253906,45200
2007-02-22,20.231381946737272,20.231381946737272,20.131626107668176,20.158483505249023,12800
2007-02-23,20.081757025062643,20.104778289794922,20.081757025062643,20.104778289794922,5200
2007-02-26,20.104768840031102,20.104768840031102,20.02035903930664,20.02035903930664,8600
2007-02-27,19.797831592827713,19.797831592827713,19.337418061902493,19.35660171508789,3600
2007-02-28,19.425656743688663,19.57912737516706,19.425656743688663,19.51006507873535,3000
2007-03-01,19.33741183530659,19.45251518097492,19.33741183530659,19.414146423339844,1200
2007-03-02,19.414137919867127,19.448669054804693,19.21078871613359,19.237646102905273,17800
2007-03-05,19.222304458655387,19.222304458655387,19.072669982910156,19.072669982910156,1000
2007-03-06,19.183937925960002,19.310552618808128,19.183937925960002,19.30671501159668,5400
2007-03-07,19.291370929799417,19.299044681964336,19.229982376098633,19.229982376098633,6800
2007-03-08,19.410311281258462,19.421821177333847,19.322065329570602,19.348922729492188,2200
2007-03-09,19.39880282990902,19.406476582403624,19.329740521076232,19.352760314941406,3400
2007-03-12,19.360429743968435,19.387287139892578,19.345082242406555,19.387287139892578,4200
2007-03-13,19.360429512913807,19.360429512913807,19.06883430480957,19.06883430480957,3600
2007-03-14,19.03047405830405,19.111047744750977,19.022801767803337,19.111047744750977,4200
2007-03-15,19.23765659471522,19.23765659471522,19.18777793624313,19.226146697998047,19400
2007-03-16,19.176270026015686,19.176270026015686,19.13022897075895,19.14557647705078,7200
2007-03-19,19.29521415769912,19.31439781188965,19.26451914009908,19.31439781188965,11000
2007-03-20,19.3681053777962,19.414146423339844,19.3681053777962,19.414146423339844,1000
2007-03-21,19.490882143749413,19.747947692871094,19.433331203702537,19.747947692871094,14000
2007-03-22,19.744110063417438,19.797824859515522,19.744110063417438,19.774805068969727,13000
2007-03-23,19.76903533935547,19.776735237468078,19.74208643026404,19.76903533935547,16200
2007-03-26,19.742084411571238,19.742084411571238,19.58424018791636,19.707435607910156,5800
2007-03-27,19.676633779688906,19.676633779688906,19.60348550318428,19.62273597717285,15600
2007-03-28,19.52263447786505,19.52263447786505,19.44178779198725,19.449487686157227,4200
2007-03-29,19.534187040865522,19.534187040865522,19.376342865833234,19.457189559936523,4200
2007-03-30,19.545737979672026,19.545737979672026,19.495689392089844,19.495689392089844,5000
2007-04-02,19.472591400146484,19.472591400146484,19.472591400146484,19.472591400146484,3800
2007-04-03,19.661235809326172,19.661235809326172,19.661235809326172,19.661235809326172,4000
2007-04-04,19.67663597584513,19.7343829984412,19.67663597584513,19.7266845703125,4400
2007-04-05,19.69203197936659,19.8075274709355,19.69203197936659,19.799827575683594,96200
2007-04-09,19.79597494725293,19.830623738177135,19.765176837878474,19.819074630737305,3600
2007-04-10,19.8190823979683,19.834482192993164,19.795982705431,19.834482192993164,5400
2007-04-11,19.772884139433827,19.772884139433827,19.71513564339226,19.722835540771484,4200
2007-04-12,19.745927835943853,19.819074630737305,19.745927835943853,19.819074630737305,4400
2007-04-13,19.826787990910823,19.907634735107422,19.822938775351528,19.907634735107422,8200
2007-04-16,20.123224073064208,20.127073287963867,20.08472458104034,20.127073287963867,41200
2007-04-17,20.22331833294822,20.227169016171118,20.200220108032227,20.200220108032227,2800
2007-04-18,20.215606834778193,20.30800408723786,20.215606834778193,20.277204513549805,1800
2007-04-19,20.184820237552834,20.304166450729493,20.184820237552834,20.265666961669922,13400
2007-04-20,20.39270393794192,20.39270393794192,20.3850040435791,20.3850040435791,1200
2007-04-23,20.477399838723574,20.477399838723574,20.381153362095347,20.3850040435791,2600
2007-04-24,20.308010242667926,20.331109929935568,20.308010242667926,20.323410034179688,6400
2007-04-25,20.45430364833223,20.542850239359918,20.45430364833223,20.538999557495117,1400
2007-04-26,20.538999688804605,20.600597381591797,20.538999688804605,20.600597381591797,9000
2007-04-27,20.51975659329738,20.558256080252317,20.51975659329738,20.550556182861328,1600
2007-04-30,20.45815271019984,20.45815271019984,20.404254913330078,20.404254913330078,600
2007-05-01,20.37731734068187,20.442764282226562,20.346517743292154,20.442764282226562,3400
2007-05-02,20.527456488460682,20.623703002929688,20.527456488460682,20.623703002929688,2400
2007-05-03,20.662193585585715,20.6929931640625,20.662193585585715,20.6929931640625,6800
2007-05-04,20.719951629638672,20.719951629638672,20.719951629638672,20.719951629638672,200
2007-05-07,20.781543845620696,20.781543845620696,20.769994735717773,20.769994735717773,2200
2007-05-08,20.739200592041016,20.739200592041016,20.739200592041016,20.739200592041016,2000
2007-05-09,20.69299357641929,20.839288639889823,20.69299357641929,20.831588745117188,4000
2007-05-10,20.739192424924834,20.75844142843436,20.538999557495117,20.538999557495117,4600
2007-05-11,20.658348364789966,20.68914794921875,20.654499151038877,20.68914794921875,1200
2007-05-14,20.781543667614105,20.781543667614105,20.654499053955078,20.654499053955078,5000
2007-05-15,20.74304323940361,20.74304323940361,20.600597381591797,20.600597381591797,7800
2007-05-16,20.681447949644724,20.77384376525879,20.623699463432175,20.77384376525879,4000
2007-05-17,20.77384376525879,20.77384376525879,20.77384376525879,20.77384376525879,0
2007-05-18,20.827737991757214,20.866237465487902,20.804639776123558,20.823888778686523,52200
2007-05-21,20.846996075248388,20.935542694254817,20.846996075248388,20.870094299316406,9800
2007-05-22,20.86624322600275,20.943240726115967,20.8392943212539,20.92399024963379,7000
2007-05-23,20.981731386458744,20.98558059924269,20.908584594726562,20.908584594726562,1800
2007-05-24,20.78154559025052,20.78154559025052,20.72764778137207,20.72764778137207,1000
2007-05-25,20.78154182434082,20.820041301281023,20.743043816005496,20.78154182434082,2800
2007-05-29,20.84699008773637,20.850839301107065,20.7930908203125,20.7930908203125,2600
2007-05-30,20.754598837601165,20.95094108581543,20.754598837601165,20.95094108581543,1400
2007-05-31,21.00868420064252,21.05103289218875,20.98943519592285,20.98943519592285,3600
2007-06-01,21.116475886204984,21.131875674567016,21.027929306030273,21.027929306030273,16200
2007-06-04,21.047184200759144,21.070283889770508,21.047184200759144,21.070283889770508,1000
2007-06-05,20.977887712365117,20.977887712365117,20.958637237548828,20.958637237548828,5800
2007-06-06,20.904741029605244,20.904741029605244,20.808494522591772,20.827743530273438,10000
2007-06-07,20.739198179801136,20.739198179801136,20.512056350708008,20.512056350708008,12000
2007-06-08,20.42351032489343,20.700700759887695,20.42351032489343,20.700700759887695,9600
2007-06-11,20.635250557887847,20.735347747802734,20.635250557887847,20.735347747802734,3200
2007-06-12,20.61215605077416,20.681453665940882,20.61215605077416,20.62755584716797,4800
2007-06-13,20.581350608227176,20.612150192260742,20.542852596790215,20.612150192260742,2600
2007-06-14,20.785394791404517,20.84699249267578,20.78154410898473,20.84699249267578,10600
2007-06-15,21.043338892009462,21.043338892009462,21.031789779663086,21.031789779663086,4800
2007-06-18,20.98174285888672,20.98174285888672,20.98174285888672,20.98174285888672,600
2007-06-19,20.923982914466997,20.923982914466997,20.8662359110799,20.908584594726562,23200
2007-06-20,21.020240737904693,21.020240737904693,20.866247177124023,20.866247177124023,3400
2007-06-21,20.68144780944271,20.75844383239746,20.68144780944271,20.75844383239746,1600
2007-06-22,20.704549561307427,20.704549561307427,20.569805029542735,20.58135414123535,2000
2007-06-25,20.500507239118516,20.65450224713615,20.446609426893918,20.512056350708008,177000
2007-06-26,20.57749901372355,20.604447912332454,20.465852737426758,20.465852737426758,12200
2007-06-27,20.346506715269022,20.600597381591797,20.346506715269022,20.600597381591797,1000
2007-06-28,20.653099060058594,20.70328457291275,20.653099060058594,20.653099060058594,4800
2007-06-29,20.645385618647424,20.74189546249261,20.56431770324707,20.56431770324707,14000
2007-07-02,20.711009979248047,20.711009979248047,20.711009979248047,20.711009979248047,800
2007-07-03,20.772768875477418,20.880859375,20.772768875477418,20.880859375,6000
2007-07-05,20.7998034901747,20.82296491192491,20.772780849717154,20.811384201049805,23800
2007-07-06,20.799805975641522,20.87701416015625,20.799805975641522,20.87701416015625,1000
2007-07-09,20.9580777238645,20.9580777238645,20.888590519543705,20.9233341217041,7400
2007-07-10,20.78049060610166,20.80751323198397,20.58747100830078,20.58747100830078,13400
2007-07-11,20.63380304456672,20.699429025593584,20.63380304456672,20.683988571166992,5000
2007-07-12,20.838397016143567,21.058439254760742,20.838397016143567,21.058439254760742,3000
2007-07-13,21.14722959812999,21.208995819091797,21.097045556026742,21.208995819091797,10600
2007-07-16,21.208995819091797,21.208995819091797,21.208995819091797,21.208995819091797,0
2007-07-17,21.216719899228654,21.228302079789568,21.158814886916428,21.189697265625,6600
2007-07-18,20.927195253570567,21.023705102339243,20.927195253570567,20.961938858032227,2600
2007-07-19,21.100908913326947,21.151094436645508,21.04300242698837,21.151094436645508,21000
2007-07-20,21.085459656647462,21.085459656647462,20.888580322265625,20.888580322265625,1000
2007-07-23,20.91947428895426,21.0507277421846,20.91947428895426,20.961938858032227,7200
2007-07-24,20.82681878623526,20.892444754883034,20.572032928466797,20.572032928466797,2800
2007-07-25,20.749612855110914,20.749612855110914,20.595196542488758,20.726449966430664,9000
2007-07-26,20.209161135394098,20.294090270996094,20.135814182679983,20.294090270996094,1800
2007-07-27,20.197569933285592,20.328823314387982,20.097200393676758,20.097200393676758,2800
2007-07-30,20.077911335882582,20.220746994018555,20.077911335882582,20.220746994018555,3000
2007-07-31,20.43691770837461,20.68784381414151,20.02385582174139,20.0894832611084,13000
2007-08-01,20.077905425465723,20.077905425465723,19.900327682495117,19.900327682495117,1000
2007-08-02,20.174410329783072,20.174410329783072,20.15896987915039,20.15896987915039,1000
2007-08-03,20.286364748038977,20.286364748038977,20.101066062328805,20.147390365600586,15600
2007-08-06,19.8964607096434,20.189849853515625,19.749765401395948,20.189849853515625,5800
2007-08-07,20.074047785342625,20.49483076897878,20.074047785342625,20.228464126586914,1400
2007-08-08,20.525703813911445,20.583610283684912,20.355847093930755,20.382869720458984,30000
2007-08-09,20.382869720458984,20.382869720458984,20.382869720458984,20.382869720458984,0
2007-08-10,19.904188140173723,20.016138425303406,19.904188140173723,19.911909103393555,5800
2007-08-13,20.13967369826017,20.13967369826017,19.977537865917736,19.989118576049805,25000
2007-08-14,19.78838531868366,19.88103545224086,19.699596405029297,19.699596405029297,66600
2007-08-15,19.68028195335225,19.81153536502733,19.630096435546875,19.630096435546875,7000
2007-08-16,19.247925416700735,19.35215623519036,19.135973633216672,19.170717239379883,13200
2007-08-17,19.657119295423104,19.823116302490234,19.657119295423104,19.823116302490234,2600
2007-08-20,19.857854074996943,19.96594604234916,19.73432166027088,19.87715721130371,9000
2007-08-21,19.91190978294318,19.981395509046756,19.91190978294318,19.938932418823242,1800
2007-08-22,20.1242289195681,20.162832260131836,20.008417425253842,20.162832260131836,9800
2007-08-23,20.06632091318024,20.06632091318024,19.992973982626534,20.035438537597656,5400
2007-08-24,20.236183048612908,20.29022979736328,20.236183048612908,20.29022979736328,2600
2007-08-27,20.251612911236,20.267054830250338,20.232311248779297,20.232311248779297,2600
2007-08-28,19.965950591851726,19.965950591851726,19.888742446899414,19.888742446899414,1400
2007-08-29,19.826984791786877,20.182140350341797,19.826984791786877,20.182140350341797,3000
2007-08-30,20.05861225211695,20.197586709022307,20.05861225211695,20.11265754699707,2200
2007-08-31,20.28636485835066,20.39445686340332,20.28636485835066,20.39445686340332,8000
2007-09-04,20.351985931396484,20.351985931396484,20.351985931396484,20.351985931396484,800
2007-09-05,20.228464282666103,20.294090270996094,20.228464282666103,20.294090270996094,1000
2007-09-06,20.336551666259766,20.336551666259766,20.336551666259766,20.336551666259766,400
2007-09-07,20.104926424534284,20.104926424534284,20.05474090576172,20.05474090576172,1600
2007-09-10,20.112645212865583,20.112645212865583,19.877162497101708,20.035438537597656,4000
2007-09-11,20.128081558047956,20.128081558047956,20.116500854492188,20.116500854492188,9400
2007-09-12,20.351991059183483,20.351991059183483,20.278642654418945,20.278642654418945,1400
2007-09-13,20.313384923069986,20.436917365262616,20.313384923069986,20.359710693359375,7200
2007-09-14,20.359710693359375,20.359710693359375,20.359710693359375,20.359710693359375,0
2007-09-17,20.29409346855922,20.29409346855922,20.23232721637763,20.243907928466797,2000
2007-09-18,20.421481846555682,20.768916371899625,20.421481846555682,20.757335662841797,3000
2007-09-19,21.073884771270745,21.073884771270745,20.826819862799674,20.86542320251465,13200
2007-09-20,20.84226420761186,20.857704661716742,20.75347386523705,20.82682228088379,13000
2007-09-21,20.900167325292742,20.919468995637835,20.81523820862668,20.81909942626953,103800
2007-09-24,20.834543212062933,20.92719182704186,20.834543212062933,20.84226417541504,2400
2007-09-25,20.65606082351172,20.7567081451416,20.601865998272686,20.7567081451416,93800
2007-09-26,20.7567081451416,20.7567081451416,20.7567081451416,20.7567081451416,0
2007-09-27,20.849618911743164,20.849618911743164,20.849618911743164,20.849618911743164,400
2007-09-28,20.82638678510018,20.90380859375,20.82638678510018,20.90380859375,6200
2007-10-01,21.105104627214157,21.167041778564453,21.105104627214157,21.167041778564453,2800
2007-10-02,21.17478350888041,21.17478350888041,21.054779635473878,21.10897445678711,24400
2007-10-03,21.112846359279843,21.112846359279843,21.10897445678711,21.10897445678711,1000
2007-10-04,21.15542600971642,21.15542600971642,21.151554107666016,21.151554107666016,600
2007-10-05,21.29091331562047,21.445756912231445,21.29091331562047,21.445756912231445,7400
2007-10-08,21.37221332956416,21.376085233074644,21.271565988769346,21.279308319091797,39200
2007-10-09,21.33737304656639,21.33737304656639,21.318017959594727,21.318017959594727,2400
2007-10-10,21.426410969456676,21.457380294799805,21.352861036814808,21.457380294799805,1800
2007-10-11,21.592861239694912,21.592861239694912,21.41866400279418,21.465116500854492,62800
2007-10-12,21.403181191649345,21.403181191649345,21.36834144592285,21.36834144592285,3600
2007-10-15,21.279300205228825,21.279300205228825,21.097359203772214,21.190265655517578,3800
2007-10-16,21.027688042827528,21.074140548706055,21.027688042827528,21.074140548706055,2200
2007-10-17,21.228980313447938,21.228980313447938,21.205753326416016,21.205753326416016,1200
2007-10-18,20.9773629639386,21.058656692504883,20.9773629639386,21.058656692504883,800
2007-10-19,20.896073485413613,20.90768624387927,20.582515716552734,20.582515716552734,35200
2007-10-22,20.605737172522772,20.745096143453555,20.605737172522772,20.648319244384766,4200
2007-10-23,20.76445785867545,20.865106692798385,20.737360436418985,20.82639503479004,6000
2007-10-24,20.76445188157728,20.814776284152746,20.55154299226339,20.803163528442383,10800
2007-10-25,20.69477536004806,20.8109073638916,20.69477536004806,20.8109073638916,5200
2007-10-26,21.000583911789906,21.159297943115234,21.000583911789906,21.159297943115234,6200
2007-10-29,21.217370986938477,21.217370986938477,21.217370986938477,21.217370986938477,600
2007-10-30,21.15930313309396,21.198013305664062,21.128335290377564,21.198013305664062,3200
2007-10-31,21.25221061706543,21.25221061706543,21.25221061706543,21.25221061706543,200
2007-11-01,21.13607616570426,21.13607616570426,20.973491668701172,20.973491668701172,9000
2007-11-02,20.64832406671751,20.795425401132515,20.64832406671751,20.791553497314453,12000
2007-11-05,20.745092977085584,20.799287796020508,20.628961011268164,20.799287796020508,61400
2007-11-06,20.776067041599678,20.988977432250977,20.675419701499656,20.988977432250977,68000
2007-11-07,20.9038114326403,20.9038114326403,20.400571823120117,20.400571823120117,69000
2007-11-08,20.4354130251057,20.4354130251057,20.017336057825684,20.311538696289062,30800
2007-11-09,20.040561903435457,20.199275970458984,20.040561903435457,20.199275970458984,11600
2007-11-12,20.16056305225421,20.26121037119545,19.982492446899414,19.982492446899414,15000
2007-11-13,20.272834416699585,20.478002548217773,20.272834416699585,20.478002548217773,4200
2007-11-14,20.582506097377863,20.613475407744442,20.485729217529297,20.485729217529297,3200
2007-11-15,20.284443913005298,20.373478506109375,20.05605031271269,20.102502822875977,8200
2007-11-16,20.160564407812927,20.23024241687376,20.040560520850363,20.156692504882812,4000
2007-11-19,20.079270981955638,20.114110725341845,19.816037693415048,19.95926856994629,3400
2007-11-20,19.974746651983345,20.08313775745472,19.750225067138672,19.750225067138672,8600
2007-11-21,19.7347469329834,19.7347469329834,19.7347469329834,19.7347469329834,1000
2007-11-23,19.7347469329834,19.7347469329834,19.7347469329834,19.7347469329834,0
2007-11-26,19.95539531436257,19.95926721708655,19.78506851196289,19.78506851196289,308800
2007-11-27,19.69216491915188,19.754102081495788,19.603130340576172,19.603130340576172,115200
2007-11-28,19.603130340576172,19.603130340576172,19.603130340576172,19.603130340576172,0
2007-11-29,20.191529396362633,20.377340839914357,20.160561560786388,20.33863067626953,3600
2007-11-30,20.659939986031887,20.659939986031887,20.408320837206162,20.447031021118164,52800
2007-12-03,20.365729981049366,20.485732385532565,20.334760665893555,20.334760665893555,9800
2007-12-04,20.187663255649376,20.29218101501465,20.187663255649376,20.29218101501465,25400
2007-12-05,20.439282322787665,20.52057456970215,20.36573240558386,20.52057456970215,8200
2007-12-06,20.52057456970215,20.52057456970215,20.52057456970215,20.52057456970215,0
2007-12-07,20.85735824354711,20.85735824354711,20.741226256982145,20.838003158569336,7200
2007-12-10,20.803161674847818,20.903808994332582,20.803161674847818,20.896066665649414,47800
2007-12-11,20.892207762682343,20.950273044784495,20.478002548217773,20.478002548217773,13200
2007-12-12,20.776065964751464,20.776065964751464,20.516704559326172,20.516704559326172,53000
2007-12-13,20.31540731905101,20.505090698850967,20.30766498960016,20.501218795776367,35800
2007-12-14,20.51282801951652,20.51282801951652,20.36959717469716,20.388952255249023,6000
2007-12-17,20.218630422000498,20.218630422000498,20.048303604125977,20.048303604125977,2200
2007-12-18,19.990239325549403,20.098628997802734,19.990239325549403,20.098628997802734,2400
2007-12-19,20.090885677769194,20.152822836696142,19.951526701008973,20.048303604125977,13600
2007-12-20,20.23798021945681,20.23798021945681,20.021200958202265,20.137332916259766,17600
2007-12-21,19.877971425192516,20.447019976866013,19.877971425192516,20.43927764892578,234000
2007-12-24,20.43927764892578,20.43927764892578,20.43927764892578,20.43927764892578,0
2007-12-26,20.56703212817671,20.59025764465332,20.56703212817671,20.59025764465332,1000
2007-12-27,20.42059849681411,20.451657153056875,20.34295481812368,20.374011993408203,46600
2007-12-28,20.362368262440135,20.416719436645508,20.362368262440135,20.416719436645508,6200
2007-12-31,20.172137531059516,20.280841359670458,20.172137531059516,20.245901107788086,19800
2008-01-02,19.846034214387835,19.846034214387835,19.7606258392334,19.7606258392334,2200
2008-01-03,19.82273887585666,19.92755964410307,19.714035034179688,19.714035034179688,4600
2008-01-04,19.605330884103548,19.605330884103548,19.244282097860214,19.283103942871094,12400
2008-01-07,19.33357302035922,19.387924194335938,19.193812012442855,19.387924194335938,10600
2008-01-08,19.457799380847867,19.457799380847867,19.1083984375,19.1083984375,13400
2008-01-09,19.022991646290905,19.209339141845703,19.022991646290905,19.209339141845703,14400
2008-01-10,19.100643950306708,19.473339080810547,19.100643950306708,19.473339080810547,25800
2008-01-11,19.240393935258343,19.26368644192723,19.046281814575195,19.046281814575195,5800
2008-01-14,19.21710619517622,19.25592803955078,19.18604753490983,19.25592803955078,5800
2008-01-15,19.123923853847373,19.123923853847373,18.922048568725586,18.922048568725586,16800
2008-01-16,18.72018173207693,18.9919376373291,18.69688773407305,18.9919376373291,13600
2008-01-17,18.859929238447712,18.859929238447712,18.386295318603516,18.386295318603516,13200
2008-01-18,18.2038446003545,18.2038446003545,18.099023818969727,18.099023818969727,3000
2008-01-22,18.44453123614321,18.44453123614321,17.68749522492669,18.215478897094727,11000
2008-01-23,17.68361491361674,18.413476943969727,17.68361491361674,18.413476943969727,46200
2008-01-24,20.87094307423556,20.87094307423556,18.42901272588678,18.615360260009766,8800
2008-01-25,18.526070059368234,18.526070059368234,18.231018666641805,18.26207733154297,43400
2008-01-28,18.316424658375098,18.40959767154745,18.316424658375098,18.40183448791504,2000
2008-01-29,18.735694842469464,18.735694842469464,18.59205233685546,18.71240234375,7200
2008-01-30,18.64641202338199,18.887112147517332,18.64641202338199,18.782291412353516,32800
2008-01-31,18.759003474070223,18.832765579223633,18.716298551786128,18.832765579223633,4800
2008-02-01,18.906531693870235,19.16275978088379,18.89876702687482,19.16275978088379,13400
2008-02-04,19.143343995359636,19.143343995359636,18.945348739624023,18.945348739624023,34000
2008-02-05,18.665819488328207,18.665819488328207,18.56488037109375,18.56488037109375,5400
2008-02-06,18.429012193508896,18.429012193508896,18.28148651123047,18.28148651123047,2200
2008-02-07,18.227132000837383,18.51441716641957,18.227132000837383,18.316423416137695,16200
2008-02-08,18.281479667735027,18.33194923400879,18.242657835806263,18.33194923400879,16000
2008-02-11,18.26207556848021,18.460069354755056,18.26207556848021,18.44454002380371,38200
2008-02-12,18.588180407344083,18.681353412557236,18.440654754638672,18.440654754638672,13600
2008-02-13,18.70076368948506,18.840524673461914,18.70076368948506,18.840524673461914,8800
2008-02-14,18.704650936145306,18.786177701340222,18.545478997973017,18.576536178588867,3400
2008-02-15,18.394076854849736,18.506660832057406,18.366901258872826,18.37078285217285,9600
2008-02-19,18.73183586324188,18.73183586324188,18.68524932861328,18.68524932861328,2000
2008-02-20,18.3397205483977,18.576536178588867,18.3397205483977,18.576536178588867,10600
2008-02-21,18.52217828380088,18.61535275377106,18.308655246276754,18.33194923400879,27000
2008-02-22,18.40959978931971,18.40959978931971,18.176665748634626,18.28148651123047,20400
2008-02-25,18.425121823480982,18.751230239868164,18.425121823480982,18.751230239868164,18000
2008-02-26,18.914288849635078,18.914288849635078,18.852173019297943,18.871583938598633,13600
2008-02-27,18.914288237759788,18.960874738766016,18.840524673461914,18.840524673461914,40400
2008-02-28,18.759002042313558,18.76676670767791,18.66194594669689,18.693004608154297,1800
2008-02-29,18.386300091221244,18.39794634441834,18.168893985475247,18.188304901123047,2000
2008-03-03,18.145606235638407,18.153369419166165,18.06796107173593,18.106782913208008,20800
2008-03-04,18.056317759732046,18.1611385345459,17.939850725813997,18.1611385345459,8200
2008-03-05,18.312552182525845,18.363021791091818,18.180557250976562,18.180557250976562,16400
2008-03-06,18.075722045950023,18.0951329627232,17.807846359222896,17.811729431152344,14400
2008-03-07,17.671971642446326,17.982550809606714,17.594326480416658,17.78067398071289,17200
2008-03-10,17.737977441521895,17.737977441521895,17.501161732921908,17.520572662353516,64200
2008-03-11,17.652559884952964,17.990314620660964,17.652559884952964,17.986433029174805,2200
2008-03-12,18.15724687485247,18.24653826738216,17.963134765625,17.963134765625,17200
2008-03-13,17.722439929826113,18.14560447707786,17.679735019770533,18.114545822143555,6200
2008-03-14,18.099021043191325,18.099021043191325,17.51668444544809,17.714679718017578,11400
2008-03-17,17.369152614404587,17.69526102520164,17.369152614404587,17.578792572021484,9800
2008-03-18,17.47785680862538,18.168895535141292,17.47785680862538,18.13783836364746,4600
2008-03-19,18.324198569073104,18.324198569073104,18.08738136291504,18.08738136291504,4000
2008-03-20,18.184429168701172,18.184429168701172,18.184429168701172,18.184429168701172,600
2008-03-24,18.557123320733275,18.766764821626445,18.557123320733275,18.71629524230957,17000
2008-03-25,18.81171106423734,18.854553708782056,18.667605202733476,18.78834342956543,138600
2008-03-26,18.62087348707274,18.62476759866038,18.511819048063042,18.515714645385742,26400
2008-03-27,18.43393184353772,18.53908923892587,18.41056270804279,18.453405380249023,28800
2008-03-28,18.394977277165978,18.51181994501231,18.383293456101885,18.418346405029297,2000
2008-03-31,18.19245147705078,18.19245147705078,18.19245147705078,18.19245147705078,2200
2008-04-01,18.57802567871973,18.776658000774308,18.570235971969698,18.73771095275879,12800
2008-04-02,18.98697535890003,19.0298180025556,18.807816563371848,18.846763610839844,100000
2008-04-03,18.772772929061322,18.889615615100436,18.772772929061322,18.86235237121582,800
2008-04-04,18.854554857679485,18.975293091868593,18.772765159874645,18.963607788085938,14000
2008-04-07,18.916877445173682,19.010352478460046,18.881824493408203,18.881824493408203,3800
2008-04-08,18.792237540099194,18.8428698914461,18.729921371416335,18.78834342956543,19800
2008-04-09,18.675400676409495,18.675400676409495,18.578031539916992,18.578031539916992,2000
2008-04-10,18.73381567152753,18.772764205932617,18.71434214719232,18.772764205932617,5400
2008-04-11,18.554668172271544,18.578037307148932,18.37550926208496,18.37550926208496,4600
2008-04-14,18.305395105755462,18.305395105755462,18.24307892652697,18.246973037719727,4200
2008-04-15,18.387184812417566,18.387184812417566,18.192446566611657,18.246973037719727,6000
2008-04-16,18.7065486907959,18.7065486907959,18.7065486907959,18.7065486907959,200
2008-04-17,18.706555741554617,18.753293991088867,18.690977810778136,18.753293991088867,11200
2008-04-18,19.049295212370524,19.080454044961925,18.983084921716166,19.006452560424805,10400
2008-04-21,18.93635036701428,18.963613607982932,18.92466654538063,18.95582389831543,16200
2008-04-22,18.776661416917953,18.854557012855622,18.710451126098633,18.710451126098633,13600
2008-04-23,18.89350730706332,18.936349966460735,18.89350730706332,18.928560256958008,2600
2008-04-24,18.901298128469406,19.13887908220563,18.80003487044729,19.134984970092773,7200
2008-04-25,19.068768876632188,19.115507125854492,18.971399752688107,19.115507125854492,5200
2008-04-28,19.185614552644996,19.205089569091797,19.177826328948463,19.205089569091797,2400
2008-04-29,19.07266266596238,19.138872950816417,19.07266266596238,19.107715606689453,25400
2008-04-30,19.17392362739201,19.263503024064377,19.014238357543945,19.014238357543945,49400
2008-05-01,19.057090626913894,19.411514282226562,19.057090626913894,19.411514282226562,4200
2008-05-02,19.563406273651854,19.598459221408444,19.329720945764638,19.395931243896484,11200
2008-05-05,19.411508346865034,19.411508346865034,19.306349516136887,19.36866569519043,2800
2008-05-06,19.263505493059025,19.469929028637836,19.263505493059025,19.44655990600586,6600
2008-05-07,19.473825201340723,19.473825201340723,19.142770767211914,19.142770767211914,1200
2008-05-08,19.177827632010487,19.177827632010487,19.134984970092773,19.134984970092773,2600
2008-05-09,19.1817185024966,19.25961410320704,19.053190538464122,19.08824348449707,62200
2008-05-12,19.244032193585763,19.244032193585763,19.22066307067871,19.22066307067871,1800
2008-05-13,19.310249524736907,19.314143636808396,19.240143621568183,19.29467010498047,7400
2008-05-14,19.454351926404197,19.477719566079468,19.454351926404197,19.473825454711914,1600
2008-05-15,19.36866743688205,19.586774826049805,19.360877728083018,19.586774826049805,12600
2008-05-16,19.442673513825383,19.614044189453125,19.442673513825383,19.614044189453125,4000
2008-05-19,19.645191752533112,19.645191752533112,19.50498147748403,19.51276969909668,1800
2008-05-20,19.47382156267672,19.47382156267672,19.27129364013672,19.27129364013672,6600
2008-05-21,19.364776506222363,19.376460328472582,19.053194046020508,19.053194046020508,14000
2008-05-22,19.04540552737218,19.158352607427958,19.04540552737218,19.076562881469727,20200
2008-05-23,18.940235137939453,18.940235137939453,18.940235137939453,18.940235137939453,600
2008-05-27,18.998665667513446,18.998665667513446,18.920771545962364,18.96750831604004,2200
2008-05-28,19.13108350624346,19.13108350624346,19.022030571698348,19.025924682617188,8000
2008-05-29,19.25182744351789,19.29467010498047,19.25182744351789,19.29467010498047,1400
2008-05-30,19.279084260358633,19.32582101831741,19.279084260358633,19.318031311035156,8400
2008-06-02,19.189508732546024,19.189508732546024,18.971401341777522,19.080455780029297,27600
2008-06-03,19.158350993869384,19.166140703171518,18.96750831604004,18.96750831604004,7600
2008-06-04,18.99087225803662,19.025925200198962,18.99087225803662,19.018136978149414,6200
2008-06-05,19.290767792766836,19.349189853651286,19.275189864167746,19.341400146484375,8800
2008-06-06,19.057082941643174,19.142768236637107,18.803922653198242,18.803922653198242,8600
2008-06-09,18.831188471646467,18.842873777126762,18.613082579147108,18.663713455200195,51000
2008-06-10,18.558560398197116,18.7649825186919,18.558560398197116,18.741613388061523,1400
2008-06-11,18.659820943740655,18.663715055411323,18.383292957335428,18.39887237548828,11000
2008-06-12,18.46118946530156,18.628664504298204,18.44561004638672,18.44561004638672,29000
2008-06-13,18.70266874872352,18.761089354274418,18.57024662944512,18.675405502319336,45800
2008-06-16,18.56245103592917,18.776662826538086,18.56245103592917,18.776662826538086,7000
2008-06-17,18.881828681462633,18.881828681462633,18.62866973876953,18.62866973876953,18400
2008-06-18,18.51181994501231,18.51181994501231,18.36381992575002,18.418346405029297,10400
2008-06-19,18.375499570460985,18.539078971120766,18.375499570460985,18.535184860229492,3000
2008-06-20,18.36770572181186,18.36770572181186,18.204126358032227,18.204126358032227,33000
2008-06-23,18.285916039922043,18.285916039922043,18.204126358032227,18.204126358032227,6600
2008-06-24,18.02497483296531,18.204135180833298,17.908132161388917,18.083396911621094,7000
2008-06-25,18.220578652110756,18.36518749595575,18.177586914259813,18.216670989990234,26800
2008-06-26,18.02516582685564,18.02516582685564,17.696866989135742,17.696866989135742,16600
2008-06-27,17.528803586782733,17.65386962890625,17.509262297245588,17.65386962890625,23000
2008-06-30,17.67732048034668,17.67732048034668,17.67732048034668,17.67732048034668,600
2008-07-01,17.392015059274133,17.595247773706834,17.392015059274133,17.575706481933594,2800
2008-07-02,17.70077172552963,17.70077172552963,17.466271762304242,17.505355834960938,1800
2008-07-03,17.278675886352282,17.325576782226562,17.278675886352282,17.325576782226562,1400
2008-07-07,17.395923525700233,17.552256848925424,17.051992600052923,17.208324432373047,3400
2008-07-08,17.614782080292294,17.614782080292294,17.079343145329208,17.47017478942871,8800
2008-07-09,17.477997919897113,17.485814734513582,17.17705726623535,17.17705726623535,2800
2008-07-10,17.00118236416293,17.19659825340618,17.00118236416293,17.08716583251953,129800
2008-07-11,16.962092096281456,16.962092096281456,16.880016326904297,16.880016326904297,400
2008-07-14,17.13014922615967,17.13014922615967,16.70805039527657,16.942548751831055,17400
2008-07-15,16.610347978615955,16.934739019479643,16.43838255979832,16.73150634765625,9400
2008-07-16,16.84484569707316,17.14578628540039,16.84484569707316,17.14578628540039,25000
2008-07-17,17.388106102536074,17.53271343997637,17.188781064938077,17.513172149658203,18600
2008-07-18,17.919639256873705,17.919639256873705,17.352934281938243,17.38810920715332,12400
2008-07-21,17.407653408181506,17.407653408181506,17.31385309497416,17.38420295715332,2400
2008-07-22,17.384191600757813,17.603057861328125,17.384191600757813,17.603057861328125,3000
2008-07-23,17.821923796520004,17.821923796520004,17.708583743775517,17.7867488861084,4200
2008-07-24,17.583523395369177,17.583523395369177,17.53271484375,17.53271484375,2200
2008-07-25,17.423274993896484,17.423274993896484,17.423274993896484,17.423274993896484,800
2008-07-28,17.145788796628146,17.23958907449497,17.05980682373047,17.05980682373047,3600
2008-07-29,16.805766588907822,17.505355834960938,16.715875458154816,17.505355834960938,6600
2008-07-30,17.71248908880691,17.73984718322754,17.501439653929793,17.73984718322754,2200
2008-07-31,17.73984718322754,17.73984718322754,17.73984718322754,17.73984718322754,0
2008-08-01,17.544437005425525,17.544437005425525,17.49753761291504,17.49753761291504,6000
2008-08-04,17.49753761291504,17.49753761291504,17.49753761291504,17.49753761291504,0
2008-08-05,17.712493076977495,17.712493076977495,17.64214324951172,17.64214324951172,800
2008-08-06,17.99389777785897,18.075972104190498,17.821930818796588,18.06815528869629,8200
2008-08-07,17.986077228087257,17.986077228087257,17.79456901550293,17.79456901550293,13400
2008-08-08,17.79456901550293,17.79456901550293,17.79456901550293,17.79456901550293,0
2008-08-11,18.396452548207975,18.408177025017345,18.345643997192383,18.345643997192383,10400
2008-08-12,18.275301733893816,18.35346842381956,18.158052444458008,18.158052444458008,2200
2008-08-13,18.173684534319435,18.173684534319435,17.9939022064209,17.9939022064209,1600
2008-08-14,18.216670489756066,18.302653963096827,18.216670489756066,18.2244873046875,1800
2008-08-15,18.2244873046875,18.2244873046875,18.2244873046875,18.2244873046875,0
2008-08-18,18.255751038084693,18.255751038084693,18.060335159301758,18.060335159301758,2200
2008-08-19,17.97435347199361,17.986077947817293,17.919635772705078,17.919635772705078,8200
2008-08-20,17.84928603402154,17.927452685386903,17.84928603402154,17.864919662475586,2000
2008-08-21,17.876651131781408,17.96263313293457,17.814118089622138,17.96263313293457,3600
2008-08-22,18.150226593017578,18.150226593017578,18.150226593017578,18.150226593017578,200
2008-08-25,18.18149679262478,18.18149679262478,17.849288844735657,17.880556106567383,3600
2008-08-26,17.954804619412013,17.954804619412013,17.80238052162903,17.806289672851562,11400
2008-08-27,18.15022870437074,18.15022870437074,17.966538767641044,18.052520751953125,5600
2008-08-28,18.228390560490126,18.29874038696289,18.22448289942148,18.29874038696289,5800
2008-08-29,18.177586914259813,18.216670989990234,18.142411991554955,18.216670989990234,3000
2008-09-02,18.74428814926891,18.74428814926891,18.099416732788086,18.099416732788086,56000
2008-09-03,18.0642520722778,18.115059149136858,17.978268571584817,17.9939022064209,17800
2008-09-04,18.05252220956144,18.05252220956144,17.587432855226854,17.599157333374023,2200
2008-09-05,17.37637412427236,17.466265221362047,17.34901602911047,17.423274993896484,5000
2008-09-08,18.45117084628078,18.45117084628078,17.692957611857512,17.818023681640625,126000
2008-09-09,18.091602880331386,18.091602880331386,17.58352188062365,17.591337203979492,16400
2008-09-10,17.970437476492787,17.970437476492787,17.51707286278695,17.692947387695312,8600
2008-09-11,17.399829883113714,17.65386962890625,17.399829883113714,17.65386962890625,2800
2008-09-12,17.653864084164223,17.81019733316974,17.653864084164223,17.806289672851562,6800
2008-09-15,17.618695547554438,17.712494330209008,17.23177146911621,17.23177146911621,12800
2008-09-16,17.247409221035834,17.31775907030246,17.063717782294624,17.102800369262695,25200
2008-09-17,17.216133359340564,17.216133359340564,16.79794362586495,17.063709259033203,24000
2008-09-18,16.66116436264692,17.419377714114162,16.414939847481197,17.263044357299805,31600
2008-09-19,16.09835697079975,18.71692962393139,16.09835697079975,18.064241409301758,14000
2008-09-22,17.395921195826954,17.403738010031798,17.14969825744629,17.14969825744629,14200
2008-09-23,17.306030458251183,17.392013925534403,16.966007232666016,16.966007232666016,4400
2008-09-24,17.0452475229943,17.0452475229943,16.864791870117188,16.864791870117188,9600
2008-09-25,17.194324206199614,17.476776141159746,17.194324206199614,17.26885986328125,4400
2008-09-26,17.021715473355815,17.25317006814393,17.021715473355815,17.24140167236328,3600
2008-09-29,17.45715705732958,17.45715705732958,16.044893264770508,16.044893264770508,13400
2008-09-30,15.942899375479445,17.6925380980772,15.942899375479445,17.688615798950195,13600
2008-10-01,17.060944631982636,17.060944631982636,16.499961530379263,16.782413482666016,8800
2008-10-02,16.476414367368506,16.476414367368506,16.017429256877904,16.040966033935547,55200
2008-10-03,16.205738247268545,16.205738247268545,16.154739379882812,16.154739379882812,2400
2008-10-06,14.875852578087859,15.099462509155272,14.824855213352073,15.099462509155273,20800
2008-10-07,14.919002747023889,15.130842752302396,14.597320441151686,14.746393203735352,18200
2008-10-08,14.012803297822746,14.699320793151855,13.926497762390486,14.699320793151855,8000
2008-10-09,14.150110022602794,14.212877293565812,13.03206754092098,13.514591217041016,12600
2008-10-10,13.310592160600015,13.502816200256348,12.251393555661783,13.502816200256348,28800
2008-10-13,14.609095316048892,14.879778861999512,13.671507156966237,14.879778861999512,36000
2008-10-14,15.970362848070343,15.970362848070343,14.27956878191933,14.393333435058594,4400
2008-10-15,14.471788075174581,14.514940841438774,13.381206512451172,13.381206512451172,70800
2008-10-16,13.341977924898075,13.797040939331055,12.831993744385352,13.797040939331055,46800
2008-10-17,13.73035260136017,14.256029017957546,13.651893144340178,14.028496742248535,23400
2008-10-20,13.785272038430143,14.052033260851367,13.753889157463256,14.048110961914062,74400
2008-10-21,14.181487193349938,14.240330638173349,14.087335586547852,14.087335586547852,4000
2008-10-22,14.00495810350226,14.00495810350226,13.071293830871582,13.071293830871582,18000
2008-10-23,13.373364407548058,13.373364407548058,12.930069717105637,13.134063720703125,6400
2008-10-24,13.11836793927096,13.11836793927096,12.761378904782854,12.808455467224121,5000
2008-10-27,12.694690689079623,13.059525855713693,12.694690689079623,12.749611854553223,131200
2008-10-28,12.482851065539862,12.678998947143555,12.482851065539862,12.678998947143555,15600
2008-10-29,12.208247061746796,13.824506277156397,12.208247061746796,13.459671020507812,1800
2008-10-30,13.416518097242355,13.961809078246743,13.416518097242355,13.73427677154541,6000
2008-10-31,13.644046449672324,14.252106092500897,13.644046449672324,14.24818229675293,15600
2008-11-03,14.49532786524097,14.49532786524097,14.048110961914062,14.048110961914062,18400
2008-11-04,14.416866178126243,14.569861253231343,14.318792258547154,14.511017799377441,21800
2008-11-05,15.10731072667998,15.10731072667998,13.793120384216309,13.793120384216309,68400
2008-11-06,13.636200166939055,13.636200166939055,13.294903269555299,13.32236385345459,12200
2008-11-07,13.514585613761144,13.514585613761144,13.32236008435999,13.42043399810791,32400
2008-11-10,13.647964133734192,13.647964133734192,13.224284172058105,13.224284172058105,30600
2008-11-11,13.039910141035744,13.141906367823223,12.879068958781662,12.922220230102539,31400
2008-11-12,12.624077842742105,12.643692331702459,12.502466365049369,12.506388664245605,8600
2008-11-13,12.031709061708009,13.338053703308105,11.980710950305365,13.338053703308105,17200
2008-11-14,13.102679637366126,13.102679637366126,12.74961283712676,12.945760726928711,24000
2008-11-17,12.420084790275622,12.792766094236494,12.376932013455248,12.667231559753418,21200
2008-11-18,12.4985451826667,12.4985451826667,12.055250482863364,12.471084594726562,26000
2008-11-19,12.012095050948268,12.455388877029039,11.851253120371595,11.9100980758667,52600
2008-11-20,11.451110073407198,11.812022096306725,10.890127182006836,10.890127182006836,29000
2008-11-21,11.12158478113093,11.525648929077077,10.795979335077297,11.305963516235352,11200
2008-11-24,12.012093836079218,12.427927039936588,12.012093836079218,12.255316734313965,32600
2008-11-25,12.79276211214154,12.79276211214154,12.294546428780768,12.427927017211914,11600
2008-11-26,12.518157076643629,12.812378883361816,12.518157076643629,12.812378883361816,4000
2008-11-28,12.914377321195245,12.914377321195245,12.784920482327436,12.890840530395508,19600
2008-12-01,12.325932509788531,12.325932509788531,11.804179191589355,11.804179191589355,7800
2008-12-02,11.847331914249123,12.726073553615347,11.847331914249123,12.12978458404541,16000
2008-12-03,12.141555567267856,12.498544692993164,12.141555567267856,12.498544692993164,84800
2008-12-04,12.671151950378725,12.671151950378725,12.16116779380728,12.298471450805664,15400
2008-12-05,12.094476650003223,12.847684439435813,12.004248816724841,12.808455467224121,10000
2008-12-08,15.095541753740017,15.095541753740017,13.067373246606564,13.275289535522461,11600
2008-12-09,13.322367041699575,13.322367041699575,12.855535507202148,12.855535507202148,27200
2008-12-10,13.086990478174505,13.243907928466797,12.781000178088044,13.243907928466797,100000
2008-12-11,13.035983343359714,13.039907137614742,12.56130599975586,12.56130599975586,25600
2008-12-12,12.553467065997083,12.808459964371105,12.361242191338397,12.730000495910645,163000
2008-12-15,12.60838713792919,12.675078204036426,12.435777519663583,12.522082328796387,16800
2008-12-16,13.071293830871582,13.071293830871582,12.663305905429162,13.071293830871582,44400
2008-12-17,12.765304390522632,13.361594125346462,12.765304390522632,13.122293472290039,486600
2008-12-18,13.09091073464203,13.200754578836557,12.890840530395508,12.890840530395508,22800
2008-12-19,15.295613105211514,15.295613105211514,12.835918387516303,12.945760726928711,122800
2008-12-22,12.804535086674177,12.804535086674177,12.537773814327652,12.557388305664062,65600
2008-12-23,12.720287000241548,12.720287000241548,12.55068305320194,12.554627418518066,13400
2008-12-24,12.558569045752556,12.60984427906139,12.558569045752556,12.594067573547363,15200
2008-12-26,12.637454163796003,12.814946793409648,12.58223381663256,12.653231620788574,24200
2008-12-29,12.68873210969717,12.68873210969717,12.432355134299582,12.558571815490723,13000
2008-12-30,12.641398313073045,12.913554191589355,12.641398313073045,12.913554191589355,120800
2008-12-31,12.99243591921211,13.122597662440727,12.988492307881339,13.094987869262695,216600
2009-01-02,13.102877328862508,13.449972320962798,13.102877328862508,13.446028709411621,71600
2009-01-05,13.442087768810003,13.449974993479554,13.292204921527057,13.300093650817871,170200
2009-01-06,13.552531872101145,13.623528956779536,13.434203899177763,13.485478401184082,14400
2009-01-07,13.343482674194657,13.343482674194657,13.256708145141602,13.256708145141602,1600
2009-01-08,13.031888144803613,13.087107767554343,13.031888144803613,13.075275421142578,2600
2009-01-09,13.146272936604982,13.146272936604982,12.893838002839358,12.929336547851562,16800
2009-01-12,12.80311546511932,12.80311546511932,12.578291924954522,12.582236289978027,17000
2009-01-13,12.534904776089066,12.68084326528528,12.534904776089066,12.645344734191895,14600
2009-01-14,12.239083322528094,12.294302921532092,12.179918606668826,12.243027687072754,11800
2009-01-15,12.223303888118863,12.28246784210205,11.915650274171599,12.28246784210205,45600
2009-01-16,12.459964519617206,12.459964519617206,12.108924292838605,12.306138038635254,112800
2009-01-20,12.191752314798867,12.191752314798867,11.619832216277507,11.690829277038574,33200
2009-01-21,11.655331604895416,12.045815467834473,11.655331604895416,12.045815467834473,3600
2009-01-22,11.90776559665518,12.057647705078125,11.682942057865414,12.057647705078125,52000
2009-01-23,11.647442476374337,11.943263053894043,11.643498111730132,11.943263053894043,16400
2009-01-26,11.974815549545086,12.223304469007624,11.915650840439719,12.093143463134766,122200
2009-01-27,12.065533854332944,12.187806133917634,12.05370076186583,12.164140701293945,10800
2009-01-28,12.530962195727547,12.65717887878418,12.523073464958813,12.65717887878418,29600
2009-01-29,12.483627964861125,12.483627964861125,12.274581909179688,12.274581909179688,4800
2009-01-30,12.085252593558712,12.156249630056758,11.943259272873014,11.970869064331055,29600
2009-02-02,11.7776026452397,12.002426147460938,11.7776026452397,12.002426147460938,289200
2009-02-03,11.982703771787724,12.215415991967781,11.982703771787724,12.195694923400879,81800
2009-02-04,12.187807988497022,12.325857745711117,12.089201126531332,12.132588386535645,37600
2009-02-05,12.294302979685652,12.365300037204108,12.243027744983776,12.274581909179688,16200
2009-02-06,12.511236727527514,12.672952651977539,12.511236727527514,12.672952651977539,20200
2009-02-09,12.56251521717121,12.704508596463834,12.5506821221007,12.582236289978027,24200
2009-02-10,12.17992293219352,12.17992293219352,12.06159496307373,12.06159496307373,2600
2009-02-11,12.12075807012748,12.203588244363383,12.049760992871228,12.097092628479004,36600
2009-02-12,11.947212301149314,12.112871170043945,11.832827936652423,12.112871170043945,18400
2009-02-13,12.160199123546299,12.2154187297582,12.061592253990359,12.179920196533203,32200
2009-02-17,11.678994971995884,11.686882947846273,11.576443762835586,11.635607719421387,7600
2009-02-18,11.643498192535576,11.643498192535576,11.438395743477292,11.517281532287598,5400
2009-02-19,11.533056136808431,11.548833592619367,11.41078386351568,11.446282386779785,7600
2009-02-20,11.138631227397171,11.300346423594986,11.028191269279608,11.256959915161133,20400
2009-02-23,11.383174571920177,11.383174571920177,10.842808723449707,10.842808723449707,29600
2009-02-24,10.972971367192525,11.205683619241563,10.917751765794666,11.170185089111328,32200
2009-02-25,11.107077225009952,11.351622581481934,11.016359089669812,11.351622581481934,15400
2009-02-26,11.343733167739142,11.343733167739142,11.071578025817871,11.071578025817871,18800
2009-02-27,10.791536373551935,10.969028292770963,10.791536373551935,10.846755981445312,35800
2009-03-02,10.60221270319474,10.649544342399972,10.393166573508076,10.448386192321777,22000
2009-03-03,10.495717594797297,10.495717594797297,10.270894006342797,10.341890335083008,56800
2009-03-04,10.472049041668171,10.606154441833496,10.401052728913614,10.606154441833496,19800
2009-03-05,10.290614678415695,10.310335754682297,10.061846733093262,10.061846733093262,31800
2009-03-06,9.943513686425668,9.951402414419725,9.825185775756836,9.825185775756836,66200
2009-03-09,9.840966213988702,10.022402498972118,9.840966213988702,9.864631652832031,27600
2009-03-10,10.247224396365757,10.46021556854248,10.243280031809453,10.46021556854248,27600
2009-03-11,10.617985752609023,10.688982805744427,10.479936010658022,10.64559555053711,9000
2009-03-12,10.669263546800332,10.976917266845703,10.669263546800332,10.976917266845703,5200
2009-03-13,11.055801433280777,11.134686470031738,11.055801433280777,11.134686470031738,2800
2009-03-16,11.284567225009717,11.355564271529996,11.067631721496582,11.067631721496582,20600
2009-03-17,11.225404032740704,11.33584398137568,11.225404032740704,11.304289817810059,2000
2009-03-18,11.402900006689196,11.58828067779541,11.402900006689196,11.58828067779541,4600
2009-03-19,11.79732832126176,11.79732832126176,11.462064743041992,11.462064743041992,21200
2009-03-20,11.604059532558933,11.604059532558933,11.253019224107563,11.264851570129395,9000
2009-03-23,11.742102122096123,11.998479743283413,11.742102122096123,11.98664665222168,123000
2009-03-24,11.947209367393695,12.089202756194203,11.947209367393695,11.99848461151123,1400
2009-03-25,11.975483894348145,12.09841083202575,11.646356395422723,11.975483894348145,22200
2009-03-26,12.114273785859783,12.272890090942383,12.070654982666806,12.272890090942383,46000
2009-03-27,12.086515175524859,12.142031180320183,12.03099992706807,12.038930892944336,23400
2009-03-30,11.630496500760193,11.674116061520618,11.527396202087402,11.527396202087402,16400
2009-03-31,11.76531982421875,11.943762792992292,11.693942636709334,11.76531982421875,44800
2009-04-01,11.713767825534678,12.042895317077637,11.713767825534678,12.042895317077637,8600
2009-04-02,12.264959513508114,12.550467510304633,12.264959513508114,12.407713890075684,11800
2009-04-03,12.407712213848631,12.427538871765137,12.407712213848631,12.427538871765137,3600
2009-04-06,12.229269225661827,12.372023582458496,12.229269225661827,12.372023582458496,17400
2009-04-07,12.229264891812493,12.229264891812493,12.078579622741152,12.118233680725098,80200
2009-04-08,12.205478580425375,12.28082049455382,12.161859020206773,12.237201690673828,39600
2009-04-09,12.574257632021105,12.732873916625977,12.574257632021105,12.732873916625977,25400
2009-04-13,12.697186699522183,12.717013359069824,12.621844031831696,12.717013359069824,4000
2009-04-14,12.594082371515572,12.594082371515572,12.546497344970703,12.546497344970703,7600
2009-04-15,12.522705126542295,12.578220360193301,12.463224411010742,12.463224411010742,9800
2009-04-16,12.717013925588292,12.792355840296535,12.681325331741814,12.78839111328125,3200
2009-04-17,12.859768861799433,13.065969467163086,12.859768861799433,13.065969467163086,4000
2009-04-20,12.625806193946122,12.625806193946122,12.47115617240527,12.526671409606934,54000
2009-04-21,12.483056750010492,12.59408802422472,12.356164297387762,12.578226089477539,28400
2009-04-22,12.617874353610272,12.855797214434475,12.609943389892578,12.609943389892578,17200
2009-04-23,12.629774600225486,12.657532225252982,12.490985718749448,12.582189559936523,9400
2009-04-24,12.582189559936523,12.582189559936523,12.582189559936523,12.582189559936523,0
2009-04-27,12.891488377437836,12.891488377437836,12.879592685816505,12.887523651123047,12800
2009-04-28,12.764593601689526,12.911314163762174,12.764593601689526,12.847867965698242,57800
2009-04-29,12.966830703932299,13.129411697387695,12.966830703932299,13.129411697387695,7400
2009-04-30,13.232513191334034,13.232513191334034,13.0342435836792,13.0342435836792,6600
2009-05-01,12.978729248046875,12.978729248046875,12.978729248046875,12.978729248046875,600
2009-05-04,13.09769088489656,13.47836971282959,13.09769088489656,13.47836971282959,29200
2009-05-05,13.482335513641813,13.510093142214536,13.395096388026214,13.466473579406738,5200
2009-05-06,13.59335947657768,13.684563285457479,13.47439805250301,13.676633834838867,59000
2009-05-07,13.823352866595242,13.83524855519327,13.410951851529063,13.430778503417969,12600
2009-05-08,13.545777768079386,13.708358764648438,13.51405542158333,13.708358764648438,4400
2009-05-11,13.58542752216048,13.58542752216048,13.521981333104256,13.525947570800781,3000
2009-05-12,13.323715698057152,13.323715698057152,13.260269490454094,13.284062385559082,6000
2009-05-13,13.208721678160261,13.208721678160261,13.129413533333668,13.153204917907715,7000
2009-05-14,13.169068371800194,13.224583625793457,13.169068371800194,13.224583625793457,6000
2009-05-15,13.29992320652776,13.315785135275002,13.117515563964844,13.117515563964844,32600
2009-05-18,13.24441229392672,13.391131401062012,13.24441229392672,13.391131401062012,2200
2009-05-19,13.525953652524331,13.609226529476073,13.525953652524331,13.60526180267334,4000
2009-05-20,13.633022862267609,13.633022862267609,13.414926528930664,13.414926528930664,5400
2009-05-21,13.284058267980926,13.284058267980926,13.08578874159315,13.20871639251709,18800
2009-05-22,13.244412891691635,13.311823844909668,13.228550957048329,13.311823844909668,12200
2009-05-26,13.085796028426344,13.474404335021973,13.085796028426344,13.474404335021973,6600
2009-05-27,13.577504319150712,13.585433772839187,13.303891273906336,13.307857513427734,21400
2009-05-28,13.383198129548601,13.454575307253688,13.24441001327594,13.434748649597168,5200
2009-05-29,13.518021259373542,13.518021259373542,13.474401705761906,13.49422836303711,4400
2009-06-01,13.966114091403702,14.049386978149414,13.966114091403702,14.049386978149414,1400
2009-06-02,13.926457044839495,14.041453782193864,13.922492318199762,14.025591850280762,23200
2009-06-03,13.863009220032218,13.863009220032218,13.843182563781738,13.843182563781738,1400
2009-06-04,13.902663188182569,13.954212188720705,13.791631197205993,13.954212188720703,48400
2009-06-05,13.930420807757507,13.993867011454059,13.914558878664167,13.954212188720703,33400
2009-06-08,13.855077375952694,13.926454544067383,13.811459340039775,13.926454544067383,39200
2009-06-09,13.946282985307649,14.085072613385488,13.946282985307649,14.045417785644531,43000
2009-06-10,14.108867874556012,14.108867874556012,13.886805340021885,13.922493934631348,10800
2009-06-11,14.081107845152998,14.08903881152964,14.03352355957031,14.033523559570312,2600
2009-06-12,13.890768474284446,14.05334949493408,13.890768474284446,14.053349494934082,8000
2009-06-15,13.863004278282872,13.863004278282872,13.696458609935133,13.704389572143555,14000
2009-06-16,13.771808308240944,13.771808308240944,13.61319351196289,13.61319351196289,17600
2009-06-17,13.565603635405532,13.65680745621238,13.549741706740834,13.644911766052246,2400
2009-06-18,13.629050213938086,13.751977895470642,13.629050213938086,13.724220275878906,9600
2009-06-19,13.835247452639667,13.839213690307318,13.724217000768732,13.740078926086426,20200
2009-06-22,13.529917074714712,13.537848040232591,13.375267028808594,13.375267028808594,17400
2009-06-23,13.387160904707098,13.406989072150498,13.311819011523289,13.379231452941895,7200
2009-06-24,13.456062926592638,13.595401770648804,13.456062926592638,13.460044860839844,19000
2009-06-25,13.396346637265783,13.778530290278786,13.396346637265783,13.730757713317871,18800
2009-06-26,13.750662414242978,13.794454574584961,13.682983206806423,13.794454574584961,16600
2009-06-29,13.818344666017571,13.862136840820312,13.818344666017571,13.862136840820312,2600
2009-06-30,13.85417607178371,14.057212265669545,13.682989288179366,13.7506685256958,41600
2009-07-01,13.814371109008789,13.933803405897962,13.814371109008789,13.814371109008789,17800
2009-07-02,13.643177407141312,13.643177407141312,13.432180404663086,13.432180404663086,28000
2009-07-06,13.348579784890378,13.420239448547363,13.29284482841576,13.420239448547363,117400
2009-07-07,13.31672859973292,13.31672859973292,13.201276779174805,13.201276779174805,4000
2009-07-08,13.30478347704361,13.320708179291781,13.10174883870063,13.193313598632812,9800
2009-07-09,13.324685885028126,13.372458457946777,13.280893727076565,13.372458457946777,33600
2009-07-10,13.264974970000601,13.268956905413534,13.241087913513184,13.241087913513184,1600
2009-07-13,13.448100772337375,13.483930587768555,13.448100772337375,13.483930587768555,2200
2009-07-14,13.61132594419591,13.64715576171875,13.61132594419591,13.64715576171875,4200
2009-07-15,13.86612160591298,13.977591514587404,13.86612160591298,13.977591514587402,3600
2009-07-16,14.005455912415638,14.097020677075198,14.005455912415638,14.045266151428223,4600
2009-07-17,14.2124738073031,14.252284049987793,14.184606333691132,14.252284049987793,3600
2009-07-20,14.33190882124796,14.407548904418947,14.300059406019942,14.407548904418945,6000
2009-07-21,14.292095124219486,14.331905364990234,14.292095124219486,14.331905364990234,2400
2009-07-22,14.403566422270716,14.491150782929905,14.403566422270716,14.43541431427002,8400
2009-07-23,14.503093608609456,14.825562058829941,14.503093608609456,14.773807525634766,24000
2009-07-24,14.690207214640548,14.777790069580078,14.618547548722209,14.777790069580078,42800
2009-07-27,14.749922533357651,14.793714719989726,14.722055054348822,14.745942115783691,1800
2009-07-28,14.718069629414297,14.765842217367208,14.666315106578447,14.761861801147461,4600
2009-07-29,14.71409063974314,14.773807525634766,14.694185517333764,14.773807525634766,4800
2009-07-30,14.956929628760014,15.100248868554438,14.956929628760014,15.028589248657227,27600
2009-07-31,14.917130359940389,14.984808095848955,14.861395396565369,14.976845741271973,10000
2009-08-03,14.952955639520992,15.100255357648193,14.952955639520992,15.096273422241211,12400
2009-08-04,15.080356135709252,15.191826072095154,15.060451006878052,15.14405345916748,4400
2009-08-05,15.088306260330665,15.191813757547681,15.064419213897773,15.136078834533691,45600
2009-08-06,15.179878670612636,15.187841023450416,15.008691881259173,15.020634651184082,39800
2009-08-07,15.187838795513992,15.303289098067346,15.171914092174461,15.287365913391113,4400
2009-08-10,15.1997824968119,15.243574674352393,15.163952671429989,15.19182014465332,22400
2009-08-11,15.148028752182736,15.148028752182736,15.024616083987178,15.052483558654785,24400
2009-08-12,15.040546260011588,15.25552532334836,15.040546260011588,15.195808410644531,10600
2009-08-13,15.22366684265197,15.279401779174805,15.124139736386017,15.279401779174805,29200
2009-08-14,15.223669615043777,15.223669615043777,15.04053855198034,15.152009963989258,28400
2009-08-17,14.917128183190366,14.929070953981189,14.845468521118166,14.845468521118164,4800
2009-08-18,14.885275217522299,14.956934862494673,14.885275217522299,14.925086975097656,15600
2009-08-19,14.905178632655629,15.064422607421875,14.905178632655629,15.064422607421875,6600
2009-08-20,15.116180077141902,15.191820144653322,15.116180077141902,15.19182014465332,18000
2009-08-21,15.283379869363047,15.478453636169434,15.283379869363047,15.478453636169434,6200
2009-08-24,15.478453636169434,15.478453636169434,15.478453636169434,15.478453636169434,0
2009-08-25,15.558074976182699,15.558074976182699,15.494376182556152,15.494376182556152,11600
2009-08-26,15.46650871967595,15.494376182556152,15.46650871967595,15.494376182556152,3800
2009-08-27,15.44262649817784,15.534191255632788,15.327174687996887,15.526228904724121,4800
2009-08-28,15.65760808029752,15.65760808029752,15.430684837455601,15.52225112915039,34800
2009-08-31,15.366990247789252,15.434669494628906,15.343104705451227,15.434669494628906,8600
2009-09-01,15.486418647012462,15.486418647012462,15.06442316142689,15.10821533203125,67400
2009-09-02,15.016650917217023,15.104233741760252,15.008688566137968,15.104233741760254,5400
2009-09-03,15.076370881233812,15.09229558826018,15.052485339357908,15.060447692871094,3400
2009-09-04,15.183853510429977,15.311248071713372,15.163948394978751,15.295323371887207,5600
2009-09-08,15.43466374549309,15.454568862915037,15.39883392666834,15.454568862915039,36800
2009-09-09,15.446606886869285,15.633718336232805,15.446606886869285,15.546133995056152,7400
2009-09-10,15.609837201828652,15.76111888885498,15.609837201828652,15.76111888885498,7400
2009-09-11,15.804904505857397,15.804904505857397,15.705377401310011,15.75314998626709,17800
2009-09-14,15.637702030278088,15.713343620300295,15.637702030278088,15.713343620300293,1200
2009-09-15,15.848698309119568,15.944243488886089,15.848698309119568,15.904433250427246,6000
2009-09-16,15.904426796829673,16.063669204711914,15.884521685677221,16.063669204711914,4200
2009-09-17,16.07960239838897,16.17514910854023,16.031829802645063,16.051734924316406,7600
2009-09-18,16.10746684933543,16.115429200242243,16.043769560744085,16.079599380493164,8200
2009-09-21,15.960173373650186,16.051738166765187,15.956192955977249,16.027851104736328,6000
2009-09-22,16.098932574939806,16.122894287109375,16.058993848812815,16.122894287109375,22000
2009-09-23,16.118901839625376,16.230727230369887,15.975125466664329,15.987106323242188,10600
2009-09-24,16.04301945709186,16.04301945709186,15.831349526395469,15.843330383300781,12600
2009-09-25,15.835347365638448,15.879277691017025,15.723520425700423,15.815377235412598,46000
2009-09-28,15.859304999698496,16.058994062470344,15.847324143454312,16.051006317138672,19000
2009-09-29,16.074969553133688,16.114906756285396,15.971131910835249,16.051006317138672,8400
2009-09-30,15.987108573300448,16.019059560013833,15.791414111955117,15.959152221679688,11400
2009-10-01,15.879277510770144,15.879277510770144,15.583738478269492,15.595719337463379,99600
2009-10-02,15.419998209746861,15.539811409054577,15.419998209746861,15.515848159790039,7200
2009-10-05,15.543794551100795,15.687570907442982,15.543794551100795,15.659614562988281,8000
2009-10-06,15.771440919361737,15.891254037671478,15.767446285431086,15.871285438537598,15000
2009-10-07,15.907235447964874,15.931197166442873,15.907235447964874,15.931197166442871,16400
2009-10-08,16.031040423784443,16.1428658303059,16.031040423784443,16.11890411376953,2400
2009-10-09,16.078978414501723,16.190805435180664,16.070992184853637,16.190805435180664,8800
2009-10-12,16.290638315189508,16.334570164109994,16.222743224083203,16.26268196105957,9200
2009-10-13,16.170822908646453,16.246704213117503,16.16682827374929,16.21076011657715,10800
2009-10-14,16.374515777971297,16.47835350036621,16.374515777971297,16.47835350036621,19000
2009-10-15,16.378501345733053,16.506303787231445,16.378501345733053,16.506303787231445,4600
2009-10-16,16.386487886957983,16.402463381407347,16.370513916015625,16.370513916015625,4800
2009-10-19,16.466364475309735,16.53825267961726,16.466364475309735,16.52627182006836,14800
2009-10-20,16.538255661570982,16.538255661570982,16.362529754638672,16.362529754638672,8400
2009-10-21,16.414446710629118,16.414446710629118,16.242713928222656,16.242713928222656,36400
2009-10-22,16.27067263002571,16.48633575439453,16.194789777898563,16.48633575439453,2800
2009-10-23,16.450393079683803,16.482344077785818,16.294635772705078,16.294635772705078,193400
2009-10-26,16.48235156959608,16.4903393227523,16.162849060887964,16.190805435180664,10200
2009-10-27,16.174821224516833,16.186802086049692,16.094945259447385,16.098939895629883,14000
2009-10-28,16.02704873245173,16.02704873245173,15.815377235412598,15.815377235412598,5600
2009-10-29,15.967136835248677,16.114906311035156,15.963143724446493,16.114906311035156,12000
2009-10-30,16.078970636368865,16.078970636368865,15.695567811388594,15.719531059265137,13800
2009-11-02,15.92719846505845,15.92719846505845,15.731502532958986,15.731502532958984,12800
2009-11-03,15.731510147988692,15.81138610839844,15.707548426320827,15.811386108398438,27800
2009-11-04,15.963147776411843,16.05500458324436,15.827359122070952,15.831352233886719,46800
2009-11-05,16.082959445327784,16.138872146606445,16.082959445327784,16.138872146606445,4600
2009-11-06,16.138872146606445,16.138872146606445,16.138872146606445,16.138872146606445,0
2009-11-09,16.382502396781703,16.546247482299805,16.382502396781703,16.546247482299805,10000
2009-11-10,16.53025951835243,16.598154588410086,16.502303172889444,16.550228118896484,18600
2009-11-11,16.646082265577192,16.65407001180669,16.606145057936498,16.618125915527344,36200
2009-11-12,16.63810548321296,16.66606185168497,16.47835350036621,16.47835350036621,33400
2009-11-13,16.502302401328556,16.510290145874023,16.502302401328556,16.510290145874023,5200
2009-11-16,16.76589347462174,16.809825312054045,16.74991798400879,16.74991798400879,3000
2009-11-17,16.7299566867856,16.80583953857422,16.7299566867856,16.80583953857422,1600
2009-11-18,16.701998622527622,16.78586769104004,16.701998622527622,16.78586769104004,8000
2009-11-19,16.70200129807525,16.70200129807525,16.522280748539238,16.598163604736328,9200
2009-11-20,16.510295066047288,16.530263671608484,16.48233871356022,16.522275924682617,13600
2009-11-23,16.686026819960052,16.789866043156447,16.526276395553463,16.741939544677734,29200
2009-11-24,16.654068087344346,16.74991798400879,16.654068087344346,16.74991798400879,29000
2009-11-25,16.769890366471135,16.80183982849121,16.769890366471135,16.80183982849121,8000
2009-11-27,16.370514551904414,16.52627182006836,16.3265827022157,16.52627182006836,24800
2009-11-30,16.522280050630165,16.654075622558594,16.49432369116183,16.654075622558594,154600
2009-12-01,16.809830815896245,16.86973816355625,16.765898964079863,16.82181167602539,4200
2009-12-02,16.945616796317562,16.945616796317562,16.813821261768542,16.86174774169922,3000
2009-12-03,16.86973009745043,16.917655038559282,16.833786010742188,16.833786010742188,3000
2009-12-04,16.93363862342359,16.969582727318166,16.749923468236243,16.82181167602539,6200
2009-12-07,16.83778450173388,16.909672698123003,16.83778450173388,16.86174774169922,19400
2009-12-08,16.70998508974239,16.70998508974239,16.634103775024414,16.634103775024414,5600
2009-12-09,16.6181204259648,16.63010127959794,16.550225367195626,16.626108169555664,277400
2009-12-10,16.833798231317967,16.861754594218716,16.793859481811523,16.793859481811523,35400
2009-12-11,16.833781776699734,16.901675299235123,16.817806292512813,16.897682189941406,18400
2009-12-14,17.001528705423418,17.033479690551758,16.957596862625365,17.033479690551758,4200
2009-12-15,16.98555534627876,17.025494082705563,16.94961124524814,16.961593627929688,133800
2009-12-16,17.02149481716384,17.025489451473423,16.973569869995117,16.973569869995117,33200
2009-12-17,16.86973932000755,16.877725544969692,16.781875610351562,16.781875610351562,32800
2009-12-18,16.83379539116458,16.841781616210938,16.745931680582054,16.841781616210938,4000
2009-12-21,16.94162322587219,17.101375121999695,16.94162322587219,17.085399627685547,3400
2009-12-22,17.12534049176188,17.17326545715332,17.113358107783636,17.17326545715332,3000
2009-12-23,17.251427093885113,17.251427093885113,17.151221315963873,17.223369598388672,53200
2009-12-24,17.25944659796897,17.27547836303711,17.25944659796897,17.27547836303711,1600
2009-12-28,17.307539612373667,17.319563814720446,17.24741554260254,17.24741554260254,28000
2009-12-29,17.367659113146708,17.367659113146708,17.303525973452743,17.32356834411621,26800
2009-12-30,17.275476495170537,17.30754307987786,17.259444731835792,17.29551887512207,22400
2009-12-31,17.319561664069404,17.319561664069404,17.119150161743164,17.119150161743164,16400
2010-01-04,17.219360551355123,17.363657116542715,17.219360551355123,17.347623825073242,13600
2010-01-05,17.379678564014768,17.403726955811518,17.347612002928717,17.375669479370117,3200
2010-01-06,17.423775333910914,17.431791976948958,17.363651275634766,17.363651275634766,11200
2010-01-07,17.339606429220265,17.4358046448567,17.339606429220265,17.42378044128418,25400
2010-01-08,17.435808880782986,17.519981384277344,17.435808880782986,17.519981384277344,3000
2010-01-11,17.560064963873412,17.560064963873412,17.4638667229876,17.499940872192383,1200
2010-01-12,17.403732961806654,17.411749604844694,17.299519660348754,17.363651275634766,33200
2010-01-13,17.47989222466972,17.523983001708984,17.47588313820152,17.523983001708984,1400
2010-01-14,17.503943588618426,17.588117599487305,17.115146231445493,17.588117599487305,45600
2010-01-15,17.403743682224032,17.411760330200195,17.39973612274558,17.411760330200195,4200
2010-01-19,17.39972798347755,17.616172790527344,17.39572042587376,17.616172790527344,3400
2010-01-20,17.44382129024463,17.44382129024463,17.311548934871883,17.42378044128418,5800
2010-01-21,17.471877505297705,17.515968287193616,17.20332525603109,17.23138427734375,5600
2010-01-22,17.139197035613922,17.139197035613922,16.822547912597656,16.822547912597656,11000
2010-01-25,16.954811986542346,16.954811986542346,16.88266372680664,16.88266372680664,4200
2010-01-26,16.82254387965043,16.974855537592845,16.794486388502165,16.82655143737793,35000
2010-01-27,16.810518148430752,16.82655143737793,16.750395608406723,16.82655143737793,21000
2010-01-28,16.858619838058893,16.858619838058893,16.614117506743437,16.6822566986084,8000
2010-01-29,16.786473811234007,16.830564602012235,16.46982315838942,16.509904861450195,120000
2010-02-01,16.606100568271664,16.722339630126953,16.606100568271664,16.722339630126953,23000
2010-02-02,16.770433610817,16.906713485717773,16.770433610817,16.906713485717773,5200
2010-02-03,16.830554745284257,16.87464398122289,16.770430696885473,16.834562301635742,20000
2010-02-04,16.509901384448813,16.51391047132195,16.357589721679688,16.357589721679688,9600
2010-02-05,16.34155990403283,16.405691546460204,16.149164976750715,16.377634048461914,148200
2010-02-08,16.36561506794325,16.473836006760376,16.26941680908203,16.26941680908203,30200
2010-02-09,16.47783605569194,16.578041819563563,16.325522866481872,16.50188446044922,38800
2010-02-10,16.437754173582423,16.50188580653082,16.37763162776634,16.421722412109375,20200
2010-02-11,16.413701588536,16.59006315199421,16.397668302125705,16.582046508789062,28600
2010-02-12,16.40969354694832,16.557999162156115,16.373619414738105,16.51390838623047,42400
2010-02-16,16.7463920348874,16.854614477381823,16.662219533731438,16.85060691833496,32600
2010-02-17,16.894689115488358,16.930763244628906,16.88667247245509,16.930763244628906,20400
2010-02-18,16.934769093911786,17.067041397094727,16.934769093911786,17.067041397094727,23600
2010-02-19,17.0149414342803,17.08308062948768,16.982874851345887,17.063039779663086,1800
2010-02-22,17.051009914286684,17.09910824369984,17.051009914286684,17.055017471313477,3400
2010-02-23,16.98287166958036,17.00692160227538,16.870641708374023,16.870641708374023,40800
2010-02-24,16.97886204241603,17.03497701617933,16.910721339261766,17.026960372924805,4600
2010-02-25,16.81453632066349,17.00693130493164,16.76643795685131,17.00693130493164,31600
2010-02-26,16.970848083496094,16.970848083496094,16.970848083496094,16.970848083496094,1000
2010-03-01,17.131181040184916,17.171262741088867,17.115147748215783,17.171262741088867,11600
2010-03-02,17.2474104224357,17.26745279242192,17.203319654895065,17.21534538269043,8600
2010-03-03,17.275473194345356,17.34361390931931,17.247415702596854,17.25142478942871,11200
2010-03-04,17.24341143948213,17.29551887512207,17.21535394237268,17.29551887512207,31400
2010-03-05,17.327579607268635,17.491916990341245,17.327579607268635,17.47187614440918,21800
2010-03-08,17.483905731894062,17.52398896512394,17.4718815264346,17.49192237854004,16400
2010-03-09,17.483905890778463,17.57609503451644,17.47188168520973,17.49593162536621,7800
2010-03-10,17.499932132049295,17.592121238636675,17.495924574814364,17.576087951660156,21600
2010-03-11,17.51196122379432,17.660266876220703,17.51196122379432,17.660266876220703,9000
2010-03-12,17.65224211497807,17.68029959761486,17.640216387406497,17.67629051208496,21200
2010-03-15,17.668279097249133,17.69232749938965,17.576088458982326,17.69232749938965,14800
2010-03-16,17.76047235775457,17.808570702296354,17.76047235775457,17.804561614990234,2200
2010-03-17,17.884723605356637,17.94484767292601,17.868691845820884,17.89274024963379,8600
2010-03-18,17.892739960414485,17.940838296281385,17.892739960414485,17.932823181152344,20600
2010-03-19,17.812578201293945,17.99294890399877,17.772496502479004,17.812578201293945,10000
2010-03-22,17.764481946001283,17.96489352168182,17.764481946001283,17.94084358215332,66200
2010-03-23,17.968901631893214,18.021007537841797,17.90877755085236,18.021007537841797,35400
2010-03-24,17.96488992062816,17.98893985533586,17.90476584836825,17.936832427978516,38800
2010-03-25,18.05297943187367,18.141396120970654,17.948488235473633,17.948488235473633,143600
2010-03-26,17.988675345177345,17.988675345177345,17.90829821589081,17.940448760986328,17400
2010-03-29,18.008773256395845,18.028867541055988,17.98465919494629,17.98465919494629,9200
2010-03-30,18.03690401828856,18.08111236061576,17.984657656165915,18.073074340820312,10000
2010-03-31,17.980640132558424,18.02886672016604,17.940450031972432,18.01279067993164,8200
2010-04-01,18.08111235144255,18.125319160651802,17.996713910180933,18.052978515625,12200
2010-04-05,18.141395838742625,18.21775626290047,18.141395838742625,18.197660446166992,15800
2010-04-06,18.157471063233412,18.261962253313985,18.157471063233412,18.225791931152344,3400
2010-04-07,18.229806053045106,18.229806053045106,18.097181068558136,18.14942741394043,32600
2010-04-08,18.061016185753893,18.23382977518385,18.061016185753893,18.201679229736328,11800
2010-04-09,18.225797540411325,18.32225227355957,18.225797540411325,18.32225227355957,9400
2010-04-12,18.350377948163352,18.36645398672341,18.330283666510987,18.338321685791016,3200
2010-04-13,18.306178383128593,18.402633127625904,18.25393199931354,18.37851905822754,12800
2010-04-14,18.499071168622535,18.607582092285156,18.499071168622535,18.607582092285156,11600
2010-04-15,18.61161584598095,18.67189871567439,18.599558045565423,18.643766403198242,62600
2010-04-16,18.559364604762774,18.595534930343646,18.418703079223633,18.418703079223633,26600
2010-04-19,18.294112089788104,18.462905883789062,18.294112089788104,18.462905883789062,4600
2010-04-20,18.571411784397615,18.619639883644265,18.55131750959229,18.607582092285156,7600
2010-04-21,18.619647787555227,18.619647787555227,18.45487067815811,18.555343627929688,20600
2010-04-22,18.346359997166648,18.611608505249023,18.346359997166648,18.611608505249023,9000
2010-04-23,18.55132835968097,18.69198989868164,18.54731011560772,18.69198989868164,32000
2010-04-26,18.6718919812144,18.744232625231998,18.627683639526367,18.627683639526367,23400
2010-04-27,18.539270976030252,18.619649650508762,18.201681769697075,18.237852096557617,26800
2010-04-28,18.322246099174045,18.382530478713555,18.265981495921412,18.330284118652344,18800
2010-04-29,18.450852173717816,18.535249082389107,18.450852173717816,18.519174575805664,18600
2010-04-30,18.555345484449393,18.571421525964237,18.237852096557617,18.237852096557617,27800
2010-05-03,18.32626893594615,18.53123465127991,18.32626893594615,18.499082565307617,17600
2010-05-04,18.274023082886703,18.274023082886703,17.988678701535772,18.0570011138916,22000
2010-05-05,17.884188955068364,18.07709687667962,17.880170710764244,17.95652961730957,27400
2010-05-06,17.87212257012772,17.94446319141073,17.080395511138654,17.44209861755371,28400
2010-05-07,17.321542991068608,17.36575135229146,16.742819116296403,17.14872932434082,78000
2010-05-10,17.55061119237225,17.896238327026367,17.55061119237225,17.896238327026367,23600
2010-05-11,17.827917918451533,18.040920051097565,17.827917918451533,17.888200759887695,18600
2010-05-12,17.888205634365626,18.133359909057617,17.876149369412165,18.133359909057617,9400
2010-05-13,18.06503257206739,18.093164868965523,17.92436955448153,17.97661590576172,9600
2010-05-14,17.819882163611304,17.819882163611304,17.4903310159866,17.562671661376953,17000
2010-05-17,17.614917842758942,17.62697410583496,17.450140737543997,17.62697410583496,50600
2010-05-18,17.598845013667205,17.598845013667205,17.35369073243007,17.3737850189209,2600
2010-05-19,17.233118335953808,17.289382934570312,17.07638080178059,17.289382934570312,8600
2010-05-20,16.9558150114255,16.9558150114255,16.686548233032227,16.686548233032227,58000
2010-05-21,16.927683167056994,16.927683167056994,16.29671312716361,16.678510665893555,29400
2010-05-24,16.74280554494721,16.839260212439967,16.666446685791016,16.666446685791016,3800
2010-05-25,16.224364480572575,16.594105572977654,16.224364480572575,16.56597328186035,6000
2010-05-26,16.783000030933888,16.83926616784255,16.489619215982643,16.49363899230957,13200
2010-05-27,16.819168044377513,17.024133682250977,16.819168044377513,17.024133682250977,13400
2010-05-28,17.028145482086465,17.028145482086465,16.879446029663086,16.879446029663086,3400
2010-06-01,16.670469004412507,16.89552892820471,16.61420440673828,16.61420440673828,113800
2010-06-02,16.64635536376293,17.008058547973633,16.626261083105742,17.008058547973633,6600
2010-06-03,17.076375789696655,17.132640371798956,16.97590288362973,17.120582580566406,11200
2010-06-04,16.815148019943518,16.855336574866616,16.449426651000977,16.449426651000977,6400
2010-06-07,16.53382938533402,16.53382938533402,16.24446678161621,16.24446678161621,5400
2010-06-08,16.248480615732277,16.40521812438965,16.20829206129016,16.40521812438965,3800
2010-06-09,16.61420787509675,16.622245895456118,16.284656705840824,16.32886505126953,11600
2010-06-10,16.54991095981469,16.77898925332011,16.537854691660556,16.77497100830078,12400
2010-06-11,16.65037726855145,16.84730339050293,16.65037726855145,16.84730339050293,11400
2010-06-14,17.000017290916116,17.02011156774573,16.82720375061035,16.82720375061035,18800
2010-06-15,16.923669541973393,17.217050469058027,16.923669541973393,17.204994201660156,8800
2010-06-16,17.108532688522626,17.253213972390164,17.104514445346506,17.176855087280273,9400
2010-06-17,17.21704810082976,17.21704810082976,17.052272492307715,17.192934036254883,27600
2010-06-18,17.2170465589398,17.2170465589398,17.160781946399766,17.17283821105957,14800
2010-06-21,17.337607649191828,17.349663909571117,17.064321171230095,17.104511260986328,15400
2010-06-22,17.116575019306186,17.116575019306186,16.84328842163086,16.84328842163086,9400
2010-06-23,16.74683153479047,16.855342511012548,16.706642965713687,16.78702163696289,18800
2010-06-24,16.728147973519402,16.728147973519402,16.534617801002234,16.538650512695312,6000
2010-06-25,16.663641122964233,16.663641122964233,16.409634076241378,16.554780960083008,89400
2010-06-28,16.522530549958855,16.6071990791785,16.498338882454842,16.51849937438965,21400
2010-06-29,16.292711534089744,16.292711534089744,15.978227615356445,15.978227615356445,33800
2010-06-30,16.046768345521293,16.06289612032985,15.937908172607422,15.937908172607422,4600
2010-07-01,15.877425035838645,15.877425035838645,15.651640892028809,15.651640892028809,28000
2010-07-02,15.728252026792136,15.865335039330956,15.68793412699866,15.756476402282715,25000
2010-07-06,15.913722222380358,15.966135197211502,15.679874040408809,15.716160774230957,24400
2010-07-07,16.01048135558438,16.29271125793457,16.01048135558438,16.29271125793457,4600
2010-07-08,16.36528683442888,16.409637451171875,16.308841154221223,16.409637451171875,22800
2010-07-09,16.478178406521515,16.526561737060547,16.437860502435107,16.526561737060547,5600
2010-07-12,16.50640734949193,16.542694091796875,16.50640734949193,16.542694091796875,2000
2010-07-13,16.865236095860503,16.889426221286403,16.800724993313203,16.845075607299805,2400
2010-07-14,16.837014759806575,16.921684828174442,16.77250518363987,16.82088851928711,9800
2010-07-15,16.679764610854964,16.796688641138186,16.679764610854964,16.78459358215332,27200
2010-07-16,16.792666033102,16.792666033102,16.369320296344917,16.377384185791016,11800
2010-07-19,16.478171725664556,16.48220443725586,16.401567123746926,16.48220443725586,5600
2010-07-20,16.393511232470225,16.635421752929688,16.33706554689832,16.635421752929688,75400
2010-07-21,16.716058483785275,16.716058483785275,16.34916000318995,16.36528778076172,17200
2010-07-22,16.728151140915543,16.80072304681454,16.724118428458887,16.748310089111328,4800
2010-07-23,16.695896973054587,16.897489547729492,16.65557907333132,16.897489547729492,10000
2010-07-26,16.94586665622753,17.07891845703125,16.94586665622753,17.07891845703125,2200
2010-07-27,17.135372351397493,17.135372351397493,17.074893951416016,17.074893951416016,8000
2010-07-28,16.957963928959355,17.022473476093523,16.873293898697256,16.917644500732422,21200
2010-07-29,17.05070784411945,17.05070784411945,16.720095999096262,16.869274139404297,25000
2010-07-30,16.635421204747388,16.865238191049237,16.599134474071256,16.824918746948242,30200
2010-08-02,17.107148936633937,17.175689685495254,17.018447696432663,17.167627334594727,7200
2010-08-03,17.006345748901367,17.050696351051535,17.006345748901367,17.006345748901367,4200
2010-08-04,17.0829637330882,17.143442153930664,17.03458191923231,17.143442153930664,40200
2010-08-05,17.046663697911665,17.11520595729678,17.046663697911665,17.10310935974121,15000
2010-08-06,16.974091559447952,17.058761596679688,16.857169053037648,17.058761596679688,20000
2010-08-09,17.123276149656363,17.17972183227539,17.09505330834685,17.17972183227539,2000
2010-08-10,17.038604736328125,17.086988064475186,16.962000107139346,17.038604736328125,11600
2010-08-11,16.812821907142247,16.812821907142247,16.562847532233814,16.5789737701416,19000
2010-08-12,16.38948174586019,16.51043701855423,16.3048116707476,16.470117568969727,19600
2010-08-13,16.458017525865923,16.486240363025043,16.397539138793945,16.397539138793945,19800
2010-08-16,16.284651188895804,16.42576694217266,16.284651188895804,16.38141632080078,9600
2010-08-17,16.534622972834544,16.687833766487778,16.502368959345592,16.599132537841797,8800
2010-08-18,16.591070755226127,16.70799328840408,16.486241747236985,16.627357482910156,14800
2010-08-19,16.550753382193772,16.550753382193772,16.30884285943046,16.341096878051758,33200
2010-08-20,16.25642738288789,16.32093695432675,16.204012875459597,16.28868293762207,20400
2010-08-23,16.3572273339977,16.437864700795387,16.220144271850586,16.220144271850586,22600
2010-08-24,16.066927105240115,16.066927105240115,15.95403575897217,15.954035758972168,8200
2010-08-25,15.88146252333371,16.087087807387228,15.812921787335378,16.026609420776367,35600
2010-08-26,16.107242090860808,16.107242090860808,15.905649577928955,15.917744636535645,10600
2010-08-27,15.994357312070859,16.15563201904297,15.8895298291597,16.15563201904297,14400
2010-08-30,16.083062579351136,16.083062579351136,15.909692764282227,15.909692764282227,7400
2010-08-31,15.84921417058128,15.970169448960238,15.804863542968707,15.88550090789795,26200
2010-09-01,16.10724911632398,16.373351287938068,16.10724911632398,16.357223510742188,23200
2010-09-02,16.377380032305496,16.506399154663086,16.353189908131732,16.506399154663086,21200
2010-09-03,16.724125288275044,16.732189178466797,16.655584528689843,16.732189178466797,9000
2010-09-07,16.615262201432696,16.615262201432696,16.502370834350586,16.502370834350586,7000
2010-09-08,16.54268686071412,16.651547040044363,16.54268686071412,16.599132537841797,6400
2010-09-09,16.800724173589852,16.800724173589852,16.683801651000977,16.683801651000977,6800
2010-09-10,16.683801651000977,16.683801651000977,16.683801651000977,16.683801651000977,0
2010-09-13,16.93378429315382,16.974102211973133,16.885402482964643,16.953943252563477,7600
2010-09-14,16.933780098689557,17.050704187545715,16.933780098689557,16.986194610595703,3600
2010-09-15,16.933786169570197,17.042646408081055,16.933786169570197,17.042646408081055,1800
2010-09-16,17.00232694676397,17.042646408081055,17.00232694676397,17.042646408081055,8400
2010-09-17,17.11520726281481,17.14746127002243,17.054728884510578,17.058761596679688,13600
2010-09-20,17.224083304030593,17.280529022216797,17.224083304030593,17.280529022216797,1400
2010-09-21,17.276489247562285,17.353095437827335,17.256330290450897,17.2684268951416,10200
2010-09-22,17.24422662444392,17.24422662444392,17.171653184609955,17.183748245239258,29800
2010-09-23,17.04970031649029,17.19954440613746,17.021351768693254,17.05375099182129,7200
2010-09-24,17.28459093143795,17.41823387145996,17.28459093143795,17.41823387145996,8400
2010-09-27,17.454676260383987,17.474926541390097,17.361530838298137,17.365581512451172,11400
2010-09-28,17.357492506708464,17.454687118530273,17.231947792818083,17.454687118530273,36800
2010-09-29,17.37774021916529,17.442537138142708,17.34534253211679,17.438488006591797,12000
2010-09-30,17.523538871107434,17.58023599892074,17.385845184326172,17.385845184326172,13800
2010-10-01,17.51543238727057,17.51543238727057,17.353439331054688,17.353439331054688,8400
2010-10-04,17.361538691484366,17.41418666513146,17.227895736694336,17.227895736694336,9200
2010-10-05,17.438483127670292,17.61262508836591,17.43038332195422,17.592374801635742,54200
2010-10-06,17.588328907782753,17.588328907782753,17.511383056640625,17.511383056640625,27200
2010-10-07,17.48708780710394,17.539735794067383,17.4789879979649,17.539735794067383,11600
2010-10-08,17.503283888488763,17.661226272583008,17.503283888488763,17.661226272583008,600
2010-10-11,17.66932238854321,17.681471324818318,17.616674423217773,17.616674423217773,18400
2010-10-12,17.616682294152007,17.738176345825195,17.580233924161984,17.738176345825195,7600
2010-10-13,17.83942014939042,17.904217074504135,17.835371017456055,17.835371017456055,5600
2010-10-14,17.807022068160702,17.859668506553888,17.681477352625098,17.786771774291992,53600
2010-10-15,17.95685742675677,17.95685742675677,17.794864410383866,17.883960723876953,6800
2010-10-18,17.863714504364943,18.001408124252247,17.863714504364943,17.98520851135254,42600
2010-10-19,17.774622022477352,17.875867307677044,17.774622022477352,17.843469619750977,3800
2010-10-20,17.794874763493233,17.91637036889935,17.78272582090494,17.896120071411133,26400
2010-10-21,18.033809661865234,18.033809661865234,18.033809661865234,18.033809661865234,400
2010-10-22,17.981157302856445,17.981157302856445,17.981157302856445,17.981157302856445,80000
2010-10-25,18.135052429880567,18.1593518510543,18.098604070560082,18.143152236938477,11800
2010-10-26,17.96901533955855,18.062160829800295,17.964966207322245,18.041912078857422,20600
2010-10-27,17.936619691784454,17.997365951538086,17.875871887149977,17.997365951538086,44600
2010-10-28,17.98925821541619,18.05405666908002,17.98925821541619,18.037857055664062,9000
2010-10-29,18.06621032655203,18.098608016967773,18.045961576932125,18.098608016967773,4200
2010-11-01,18.191747834724307,18.191747834724307,17.964959437812894,18.005456924438477,15200
2010-11-02,18.18365893655738,18.224156444036215,18.179608258880965,18.191757202148438,20000
2010-11-03,18.147207313260378,18.280850299921216,18.058110958899416,18.244401931762695,40000
2010-11-04,18.49144177468636,18.568387647546643,18.46309321390201,18.56028938293457,35200
2010-11-05,18.61698515344403,18.64128303527832,18.568386300014286,18.64128303527832,11200
2010-11-08,18.576488155905626,18.604836717756477,18.56838834610813,18.596736907958984,12200
2010-11-09,18.65747760697214,18.65747760697214,18.43068765361287,18.43878746032715,17400
2010-11-10,18.398295756053443,18.556238174438477,18.398295756053443,18.556238174438477,22800
2010-11-11,18.365897310513713,18.422595977783203,18.325399807344798,18.422595977783203,5000
2010-11-12,18.325396192528398,18.39019311174544,18.159353990479712,18.21605110168457,111400
2010-11-15,18.25250570944173,18.329451594559853,18.1877087680578,18.199857711791992,32800
2010-11-16,18.12290540549854,18.12290540549854,17.879917347622783,17.93256378173828,20400
2010-11-17,17.936614519341607,18.005460569518522,17.936614519341607,18.00141143798828,28800
2010-11-18,18.13506199473772,18.260606753030245,18.13506199473772,18.21200942993164,11400
2010-11-19,18.228196266735512,18.264644622802734,18.20794752333819,18.264644622802734,4800
2010-11-22,18.22414783744621,18.27274513244629,18.17555054244613,18.27274513244629,4200
2010-11-23,18.074309911913925,18.09860779320518,17.997362501476815,18.025711059570312,37200
2010-11-24,18.20390032352513,18.292995112899785,18.16745196359178,18.284896850585938,8800
2010-11-26,18.18770288043755,18.232251052883296,18.18770288043755,18.195802688598633,10600
2010-11-29,18.054062975018557,18.143157790165105,17.977115556856585,18.139108657836914,35600
2010-11-30,17.9609118959264,18.070256982749413,17.9609118959264,18.017610549926758,11000
2010-12-01,18.325403401487403,18.394249479353416,18.256557323621394,18.349702835083008,41400
2010-12-02,18.576487649243223,18.61698669712611,18.57243851689529,18.61293601989746,8400
2010-12-03,18.519788795791005,18.600785339104213,18.519788795791005,18.58863639831543,17200
2010-12-06,18.608879462318807,18.641277142817227,18.608879462318807,18.63722801208496,8200
2010-12-07,18.80328416771057,18.80328416771057,18.621042251586914,18.621042251586914,8800
2010-12-08,18.64127895633841,18.738475097049612,18.625080886953416,18.730375289916992,12200
2010-12-09,18.791115302758783,18.799213561663354,18.722267743033086,18.77491569519043,48600
2010-12-10,18.85592738143734,18.87617613477354,18.787079766237234,18.86807632446289,37200
2010-12-13,18.912619812188805,18.93691769220605,18.851872022384757,18.85592269897461,16000
2010-12-14,18.908570542544503,18.977418145770592,18.88022198382805,18.900470733642578,10600
2010-12-15,18.957168155705666,18.957168155705666,18.855922868376307,18.85997200012207,7800
2010-12-16,18.872114467460413,18.981459525658483,18.872114467460413,18.965261459350586,37000
2010-12-17,18.96121306315878,18.99361228942871,18.96121306315878,18.99361228942871,4400
2010-12-20,18.965267913283753,19.058413391991635,18.965267913283753,19.02196502685547,8200
2010-12-21,19.102956771850586,19.13535599974186,19.102956771850586,19.102956771850586,8600
2010-12-22,19.136290795721266,19.164749145507812,19.13222598183622,19.164749145507812,236000
2010-12-23,19.140366066172326,19.14443088194866,19.095645338310277,19.1159725189209,29600
2010-12-27,19.038727121036306,19.128167018890505,19.026529572933736,19.103775024414062,11400
2010-12-28,19.124097722180977,19.136293716561372,19.075310642931424,19.120031356811523,68000
2010-12-29,19.193210578124567,19.193210578124567,19.111900329589844,19.111900329589844,11400
2010-12-30,19.156625534741416,19.156625534741416,19.08344644899109,19.095643997192383,3800
2010-12-31,19.06312164001891,19.095646371447174,19.050925641165588,19.071252822875977,6400
2011-01-03,19.213540415503154,19.2663923170055,19.20947560040184,19.246065139770508,3400
2011-01-04,19.14036256820555,19.18101692199707,19.14036256820555,19.18101692199707,4800
2011-01-05,19.225736077564463,19.327373504638672,19.22166971199762,19.327373504638672,8600
2011-01-06,19.298912911054636,19.298912911054636,19.2623233795166,19.2623233795166,1800
2011-01-07,19.262327347994056,19.262327347994056,19.160689911766998,19.254196166992188,17000
2011-01-10,19.1403605854521,19.258258819580078,19.13222940536327,19.258258819580078,9800
2011-01-11,19.327385581245146,19.327385581245146,19.24607527860669,19.29486083984375,2600
2011-01-12,19.400550283824874,19.4412046295052,19.400550283824874,19.42087745666504,3200
2011-01-13,19.420881578988517,19.45340475226345,19.39242322079887,19.404619216918945,32200
2011-01-14,19.412749951491584,19.51438738579259,19.412749951491584,19.51032257080078,111600
2011-01-18,19.485932736785227,19.587570190429688,19.485932736785227,19.587570190429688,13200
2011-01-19,19.58757294785319,19.58757294785319,19.372102012070826,19.40056037902832,18600
2011-01-20,19.388356854849377,19.404619216918945,19.323308957435305,19.404619216918945,7600
2011-01-21,19.506253968749895,19.526581143106956,19.42494372045766,19.44527244567871,14200
2011-01-24,19.41682005107893,19.555047061383533,19.40462405192001,19.522523880004883,27400
2011-01-25,19.45340420371196,19.506256103515625,19.45340420371196,19.506256103515625,8200
2011-01-26,19.616031334075995,19.66075206815732,19.563179416446737,19.632293701171875,17000
2011-01-27,19.640415089543545,19.640415089543545,19.599759192079986,19.636348724365234,17400
2011-01-28,19.63635332160158,19.652615684394327,19.286720275878906,19.286720275878906,24400
2011-01-31,19.258256235873294,19.42087671410453,19.25012505687535,19.368024826049805,10400
2011-02-01,19.52251880011387,19.685137766421764,19.52251880011387,19.65261459350586,14600
2011-02-02,19.64854626903626,19.66480707715777,19.61602155106541,19.636348724365234,5400
2011-02-03,19.61602408671795,19.685136795043945,19.530649017304388,19.685136795043945,32400
2011-02-04,19.644492820666507,19.73393430303273,19.5916408946442,19.729867935180664,150200
2011-02-07,19.79898157657897,19.872160686848428,19.794915208861287,19.84370231628418,19600
2011-02-08,19.859952945727528,19.94126319885254,19.859952945727528,19.94126319885254,11600
2011-02-09,19.89654039949416,19.94532747678101,19.851821238277097,19.86808204650879,12000
2011-02-10,19.83962369352342,19.86808204650879,19.83962369352342,19.86808204650879,5400
2011-02-11,19.827427122429192,19.981916427612305,19.823360757341703,19.981916427612305,6400
2011-02-14,19.949396759402983,20.002248662869583,19.949396759402983,19.99818229675293,15400
2011-02-15,19.941260094087013,19.953457638218318,19.91280174255371,19.91280174255371,15800
2011-02-16,19.973788193758917,20.042900901799225,19.973788193758917,20.018508911132812,3400
2011-02-17,20.01443888329314,20.018505248236234,19.998176525248407,20.010374069213867,2200
2011-02-18,20.112007037872942,20.11607185105428,20.08354869301314,20.107940673828125,5800
2011-02-22,19.864024085401773,19.9209408110092,19.71766590477441,19.746124267578125,9000
2011-02-23,19.71358623862924,19.73797821644949,19.50624512197737,19.575359344482422,9800
2011-02-24,19.55097636128279,19.55097636128279,19.530649185180664,19.530649185180664,2200
2011-02-25,19.7786404930102,19.782705307006836,19.7786404930102,19.782705307006836,5400
2011-02-28,19.843686399356802,19.924995078112918,19.811161687163448,19.859947204589844,27600
2011-03-01,19.90467257963462,19.90467257963462,19.59162913019519,19.59569549560547,4400
2011-03-02,19.66075206815732,19.66075206815732,19.55098341655717,19.632293701171875,3000
2011-03-03,19.778648280631106,19.93720245361328,19.774581914169595,19.93720245361328,9200
2011-03-04,19.80710146689279,19.83149345583074,19.681070504212066,19.754249572753906,2000
2011-03-07,19.807107462509194,19.807107462509194,19.538784646922394,19.587570190429688,13000
2011-03-08,19.63228401569091,19.815231678101583,19.595694483208774,19.786771774291992,28800
2011-03-09,19.721729538551745,19.798974990844727,19.66887918272055,19.798974990844727,2000
2011-03-10,19.546905626940053,19.555035254227676,19.43713704819328,19.45746421813965,14600
2011-03-11,19.363966828502814,19.563175356054625,19.363966828502814,19.555044174194336,23400
2011-03-14,19.388363851386043,19.481870140732685,19.31925111394647,19.437150955200195,23800
2011-03-15,18.957413563038305,19.258259482358607,18.876103310215708,19.24199867248535,25600
2011-03-16,19.08751306372304,19.160692150425607,18.92082771087038,18.928958892822266,19200
2011-03-17,19.12816939597754,19.16882530993123,19.022467121427034,19.079383850097656,9400
2011-03-18,19.339559684455136,19.339559684455136,19.13628493347212,19.172874450683594,48000
2011-03-21,19.372102012070826,19.461541929280944,19.339577277911015,19.40056037902832,21000
2011-03-22,19.412759075186628,19.412759075186628,19.33551514712552,19.359907150268555,6200
2011-03-23,19.315183171273755,19.343643088276668,19.209480890026537,19.339576721191406,12200
2011-03-24,19.550977871592274,19.624156951904297,19.433078069882427,19.624156951904297,70000
2011-03-25,19.65840481498864,19.686942399039744,19.593175829274443,19.61763572692871,32800
2011-03-28,19.658400647161095,19.69509204104515,19.560556411743164,19.560556411743164,35000
2011-03-29,19.625782516505385,19.66655158996582,19.6176287018133,19.66655158996582,36200
2011-03-30,19.768469092719492,19.850004117531004,19.768469092719492,19.829620361328125,31000
2011-03-31,19.792932435300397,19.81331619506368,19.77254867553711,19.77254867553711,9800
2011-04-01,19.862247467041016,19.911168822155084,19.817402243527354,19.862247467041016,18200
2011-04-04,19.927470817739955,19.927470817739955,19.825550449581765,19.87039566040039,6800
2011-04-05,19.845934482250136,19.91523958705377,19.845934482250136,19.907087326049805,1600
2011-04-06,19.97639069114043,19.97639069114043,19.93154548361703,19.935623168945312,4400
2011-04-07,20.017163270893306,20.017163270893306,19.878551483154297,19.878551483154297,5600
2011-04-08,19.91523652350575,19.91523652350575,19.756241020302486,19.784778594970703,87600
2011-04-11,19.85001534165121,19.890784432290612,19.76032645260811,19.780710220336914,42600
2011-04-12,19.629863981704162,19.72363053594875,19.609478663457633,19.67878532409668,62600
2011-04-13,19.78478572850571,19.78478572850571,19.63394398584655,19.699172973632812,9800
2011-04-14,19.597245293237684,19.73585703512044,19.568707718895453,19.7236270904541,12000
2011-04-15,19.73586306629555,19.792938232421875,19.73586306629555,19.792938232421875,1800
2011-04-18,19.483093770346223,19.59724406053488,19.483093770346223,19.580936431884766,3800
2011-04-19,19.601328007955416,19.654325485229492,19.560558923304324,19.654325485229492,5400
2011-04-20,19.894857505147165,19.911165138895804,19.894857505147165,19.903011322021484,16000
2011-04-21,20.009006227145484,20.009006227145484,19.943775702449642,19.972314834594727,26400
2011-04-25,19.98861686577253,19.98861686577253,19.919311780079454,19.968233108520508,7600
2011-04-26,20.029381988020123,20.220991134643555,20.029381988020123,20.220991134643555,2800
2011-04-27,20.257684990907297,20.294376373291016,20.220993608523575,20.294376373291016,5400
2011-04-28,20.35961595197659,20.441152572631836,20.35961595197659,20.441152572631836,21200
2011-04-29,20.39629966486841,20.445222551928467,20.39629966486841,20.420761108398438,20000
2011-05-02,20.41260741949947,20.416685104370117,20.41260741949947,20.416685104370117,1600
2011-05-03,20.286225048309518,20.355531692504883,20.286225048309518,20.355531692504883,600
2011-05-04,20.269918518841035,20.290302276611328,20.261764704696713,20.290302276611328,3000
2011-05-05,20.20877689575072,20.274005889892578,20.16800935760527,20.274005889892578,2600
2011-05-06,20.40038181685374,20.412611763706238,20.24546241760254,20.24546241760254,2200
2011-05-09,20.23322920967232,20.3188419342041,20.216921579709737,20.3188419342041,13400
2011-05-10,20.379992247098187,20.494142532348633,20.379992247098187,20.494142532348633,5400
2011-05-11,20.50637866336318,20.50637866336318,20.229155125378252,20.30253791809082,18400
2011-05-12,20.29030537988884,20.44522476196289,20.212846466442446,20.44522476196289,7400
2011-05-13,20.408531289809932,20.420761234059654,20.408531289809932,20.416685104370117,5600
2011-05-16,20.22914494697359,20.33921908065804,20.220991134643555,20.220991134643555,5400
2011-05-17,20.07016198637527,20.123161021917326,20.021240637126564,20.09869956970215,3800
2011-05-18,20.17208018960646,20.314769645991017,20.127234976319357,20.306615829467773,8200
2011-05-19,20.39223457552799,20.39223457552799,20.278084220949232,20.343313217163086,12400
2011-05-20,20.220999189689653,20.290305844512954,20.1843077971788,20.241384506225586,6400
2011-05-23,19.93154597592482,20.033466339111328,19.93154597592482,20.033466339111328,6600
2011-05-24,20.03346206483558,20.03346206483558,19.939695537331477,19.968233108520508,7200
2011-05-25,19.97231300257792,20.02531046625999,19.927467798553735,19.99269676208496,5800
2011-05-26,19.91116617200512,20.074239407589634,19.91116617200512,20.062007904052734,28600
2011-05-27,20.15577140896785,20.15577140896785,20.13946533203125,20.13946533203125,6600
2011-05-31,20.302545259529843,20.302545259529843,20.17616494707776,20.233240127563477,2200
2011-06-01,20.22915089144436,20.22915089144436,19.956005096435547,19.956005096435547,4000
2011-06-02,19.85816415869806,19.91931700166553,19.85816415869806,19.87039566040039,5200
2011-06-03,19.670631237382324,19.75216784370309,19.642093658447266,19.642093658447266,17400
2011-06-06,19.6461744949843,19.6461744949843,19.47902511181933,19.483102798461914,14000
2011-06-07,19.544248906220243,19.572786484405356,19.544248906220243,19.556480407714844,8200
2011-06-08,19.421943690746062,19.434173636374936,19.377098483198477,19.409713745117188,95800
2011-06-09,19.401568266076037,19.552410029310348,19.401568266076037,19.54425621032715,19800
2011-06-10,19.185486018325317,19.21402359008789,19.185486018325317,19.21402359008789,600
2011-06-13,19.250717112117297,19.275177001953125,19.201794222083258,19.275177001953125,4000
2011-06-14,19.523868196805516,19.523868196805516,19.47086916252542,19.479022979736328,2000
2011-06-15,19.37301869195974,19.37301869195974,19.165100324473315,19.169178009033203,7800
2011-06-16,19.275182615086198,19.275182615086198,19.132494698887694,19.222185134887695,8200
2011-06-17,19.242563397298966,19.303714677388115,19.242563397298966,19.2833309173584,5800
2011-06-20,19.238484939680315,19.417865753173828,19.238484939680315,19.417865753173828,4200
2011-06-21,19.609481909316724,19.61763572692871,19.609481909316724,19.61763572692871,1400
2011-06-22,19.56463066102581,19.65024337999149,19.56463066102581,19.605398178100586,10600
2011-06-23,19.258876535507543,19.258876535507543,19.222185134887695,19.222185134887695,10000
2011-06-24,19.4594446463618,19.4594446463618,19.267181396484375,19.267181396484375,29200
2011-06-27,19.254905822978255,19.41035270690918,19.222181066637187,19.41035270690918,6000
2011-06-28,19.512624843615814,19.67216177564374,19.512624843615814,19.651708602905273,2000
2011-06-29,19.733517251565573,19.82351149815894,19.721244103025462,19.790786743164062,6600
2011-06-30,19.966696624628465,20.048509332660643,19.966696624628465,20.019874572753906,14000
2011-07-01,20.203951372434325,20.31031036376953,20.203951372434325,20.31031036376953,9400
2011-07-05,20.26531152311527,20.326671036411067,20.26531152311527,20.285764694213867,8600
2011-07-06,20.26531244901056,20.3553067180515,20.261220878317744,20.31031036376953,9800
2011-07-07,20.531199731083124,20.59665079531991,20.50256498800931,20.568016052246094,6400
2011-07-08,20.330765309676416,20.38803482055664,20.289857401564014,20.38803482055664,10400
2011-07-11,20.203948261645753,20.203948261645753,20.040321350097656,20.040321350097656,5200
2011-07-12,20.101685225318686,20.101685225318686,20.09759521484375,20.09759521484375,2600
2011-07-13,20.154863540295167,20.212133046442375,20.028051376342773,20.028051376342773,30400
2011-07-14,20.068955999164334,20.09759074755525,19.868511199951172,19.868511199951172,8000
2011-07-15,19.99940844955421,20.068951078937474,19.901232639276667,19.954410552978516,11800
2011-07-18,19.77851255601747,19.843963623046875,19.77851255601747,19.843963623046875,5000
2011-07-19,19.97077818396137,20.19167614730724,19.97077818396137,20.183494567871094,31400
2011-07-20,20.208032320897846,20.208032320897846,20.1303081233596,20.179397583007812,9400
2011-07-21,20.3266696769388,20.367577576876958,20.257128587759166,20.343032836914062,26600
2011-07-22,20.302135074723157,20.33485984802246,20.29804350276232,20.33485984802246,3000
2011-07-25,20.142591891889538,20.318490420066095,20.142591891889538,20.277584075927734,24400
2011-07-26,20.130315488700063,20.171223386707744,20.118043899536133,20.118043899536133,10200
2011-07-27,20.003504893192222,20.003504893192222,19.635341613743826,19.668067932128906,33400
2011-07-28,19.83578974354884,19.83578974354884,19.75806550457095,19.778518676757812,7000
2011-07-29,19.508535186153644,19.63943737709102,19.43490250869172,19.635347366333008,9000
2011-08-01,19.762152810316532,19.803059145862033,19.271268981387127,19.41035270690918,17200
2011-08-02,19.29581242095411,19.29581242095411,18.97264862060547,18.97264862060547,5600
2011-08-03,18.95629385709382,19.07492446899414,18.751758965049422,19.07492446899414,17000
2011-08-04,18.74357455372814,18.751756135432615,18.289506912231445,18.289506912231445,18600
2011-08-05,18.42040249083866,18.489945130141972,17.933610257621837,18.203596115112305,22600
2011-08-08,17.684084545147865,17.786351979408824,17.095024685576533,17.11956787109375,120200
2011-08-09,17.385462411545934,17.61454200744629,17.03366221660067,17.61454200744629,29600
2011-08-10,17.471364292251103,17.540906943861803,17.074567794799805,17.074567794799805,67400
2011-08-11,17.201374784317483,18.027695487502225,17.17274003979178,17.913156509399414,38000
2011-08-12,18.003152977643193,18.044060875220424,17.892705555376505,17.909067153930664,15000
2011-08-15,18.150426690713786,18.2445125579834,18.06861241816011,18.2445125579834,12600
2011-08-16,18.048150177800874,18.21177864074707,18.048150177800874,18.21177864074707,14800
2011-08-17,18.1667806121895,18.29768275746789,17.93361106838258,18.056331634521484,13400
2011-08-18,17.352732111574493,17.405911597821472,17.16456046544116,17.287281036376953,89800
2011-08-19,17.095025792088325,17.442734466890887,17.021393109816227,17.03366470336914,32000
2011-08-22,17.410002453613345,17.410002453613345,17.070473942126167,17.107290267944336,19000
2011-08-23,17.156368890594315,17.589982986450195,17.12773415940793,17.589982986450195,11000
2011-08-24,17.696352125828337,17.83543586730957,17.524543624251034,17.83543586730957,9000
2011-08-25,17.684079586792194,17.684079586792194,17.589993760909657,17.61044692993164,11600
2011-08-26,17.442732850854995,17.896800495972002,17.369100175404824,17.806804656982422,13800
2011-08-29,18.166769248474107,18.322216033935547,18.166769248474107,18.322216033935547,4400
2011-08-30,18.21587434992608,18.49404188768834,18.21587434992608,18.412227630615234,13000
2011-08-31,18.465400681927182,18.63311914812924,18.387678023118244,18.48176383972168,29000
2011-09-01,18.530859046229367,18.543132199644166,18.31405258178711,18.31405258178711,65400
2011-09-02,18.048149339775826,18.048149339775826,17.831342962844207,17.876340866088867,45000
2011-09-06,17.348641414724806,17.57362937927246,17.348641414724806,17.57362937927246,9200
2011-09-07,18.027701776739548,18.199511864308864,18.003157032664763,18.170875549316406,8200
2011-09-08,18.314043591980624,18.314043591980624,18.093145664673095,18.105417251586914,9400
2011-09-09,17.941795424017787,17.941795424017787,17.606358429773405,17.659536361694336,11400
2011-09-12,17.549084461910233,17.696348190307617,17.369092859741478,17.696348190307617,12800
2011-09-13,17.86816368016404,17.917251604646214,17.855892089162744,17.900888442993164,13000
2011-09-14,18.093143330667132,18.25268018187247,18.093143330667132,18.236318588256836,11600
2011-09-15,18.330404170772777,18.440853118896484,18.26086154692767,18.440853118896484,9600
2011-09-16,18.502220666504737,18.59221649169922,18.502220666504737,18.59221649169922,2400
2011-09-19,18.30177134785772,18.40812873840332,18.187230819028144,18.40812873840332,11600
2011-09-20,18.432679492511085,18.61266958163876,18.412224761072807,18.420406341552734,20400
2011-09-21,18.40813075600545,18.40813075600545,18.056330674103314,18.064512252807617,46600
2011-09-22,17.377278352560772,17.45500102342953,17.13183718946595,17.352733612060547,43200
2011-09-23,17.210612670339216,17.436527312184392,17.210612670339216,17.39134407043457,10800
2011-09-26,17.46116926776321,17.69940757751465,17.46116926776321,17.69940757751465,2000
2011-09-27,18.184097948782266,18.266249144298786,18.171775817871094,18.171775817871094,8600
2011-09-28,18.10194455329848,18.10194455329848,17.855492563604475,17.87602996826172,4400
2011-09-29,17.966394834215965,18.032115463427452,17.51867255805541,17.563854217529297,3200
2011-09-30,17.50635640274425,17.641906140256786,17.39545249938965,17.39545249938965,3400
2011-10-03,17.20239359355633,17.379018099438085,16.877897262573242,16.877897262573242,40600
2011-10-04,16.5944770588879,17.09970474243164,16.57393808700846,17.09970474243164,59000
2011-10-05,17.255791590011,17.584396362304688,17.222932052923838,17.584396362304688,6000
2011-10-06,17.477596876500083,17.8103084564209,17.477596876500083,17.8103084564209,65600
2011-10-07,17.884246545223426,17.91299922721706,17.843170166015625,17.843170166015625,8200
2011-10-10,18.00337300321749,18.27857780456543,18.00337300321749,18.27857780456543,18400
2011-10-11,18.286786707330524,18.295001983642578,18.286786707330524,18.295001983642578,1200
2011-10-12,18.438769177875493,18.586641047967284,18.438769177875493,18.549673080444336,9200
2011-10-13,18.282674928848234,18.500375793886313,18.24570697568354,18.45519256591797,29600
2011-10-14,18.627711931435126,18.65646461488269,18.553776012026038,18.64003562927246,17800
2011-10-17,18.65235782233055,18.65235782233055,18.336076736450195,18.336076736450195,3200
2011-10-18,18.701648393479893,18.713972091674805,18.701648393479893,18.713972091674805,1000
2011-10-19,18.660578714475946,18.668793993232658,18.43877088875733,18.47163200378418,3200
2011-10-20,18.405914966267527,18.459311938348087,18.377162268407375,18.389484405517578,83800
2011-10-21,18.734512787002046,18.890599933996373,18.734512787002046,18.849523544311523,7000
2011-10-24,19.005609913348202,19.215094008001934,18.98507250279846,19.165803909301758,37000
2011-10-25,18.88238406949534,19.022040656277422,18.824878692626953,18.824878692626953,17000
2011-10-26,18.73040084316631,18.907025368344687,18.73040084316631,18.88648796081543,3000
2011-10-27,19.375279557274062,19.568334579467773,19.317774206042735,19.568334579467773,6600
2011-10-28,19.506735176871825,19.51494888937838,19.461551923564105,19.498519897460938,10000
2011-10-31,19.317778617223613,19.317778617223613,19.243842701070683,19.2972412109375,5600
2011-11-01,18.70165233564767,18.81255624135693,18.57842629604986,18.62360954284668,16200
2011-11-02,18.83720253858664,18.93578274592389,18.74272918701172,18.74272918701172,2000
2011-11-03,18.96452835987597,19.2849178314209,18.837195509007508,19.2849178314209,4400
2011-11-04,19.13294502587552,19.210987815418548,19.009717424517845,19.15348243713379,6000
2011-11-07,19.178132356726113,19.23563931886536,19.063121566256623,19.198671340942383,18200
2011-11-08,19.379400696359554,19.498519897460938,19.264389918415784,19.498519897460938,7400
2011-11-09,19.112398480771652,19.112398480771652,18.804332733154297,18.804332733154297,4600
2011-11-10,18.931669774943565,19.026143096002166,18.91934764473268,19.001497268676758,36000
2011-11-11,19.235626620033884,19.441003791376186,19.235626620033884,19.4368953704834,3200
2011-11-14,19.23973846435547,19.23973846435547,19.23973846435547,19.23973846435547,6800
2011-11-15,19.40814551834264,19.457435607910156,19.40814551834264,19.457435607910156,6600
2011-11-16,19.239735471196127,19.391714155032545,19.239735471196127,19.35063934326172,4400
2011-11-17,19.075436460259848,19.075436460259848,18.718080520629883,18.718080520629883,2200
2011-11-18,18.796123444988982,18.85363038572542,18.775586035320785,18.841306686401367,16000
2011-11-21,18.570208701445846,18.574317123498965,18.299110821384737,18.459304809570312,27000
2011-11-22,18.331969556255867,18.43876501224857,18.233387809497923,18.34429168701172,60800
2011-11-23,18.16766987097125,18.16766987097125,17.982830047607422,17.982830047607422,15200
2011-11-25,17.978727669543584,17.995158228357322,17.97051239013672,17.97051239013672,3800
2011-11-28,18.414125501334524,18.496275150105326,18.36483383178711,18.36483383178711,87600
2011-11-29,18.5578871042904,18.5578871042904,18.479844318973473,18.533241271972656,21800
2011-11-30,19.02614191749113,19.20276641845703,19.02614191749113,19.20276641845703,25400
2011-12-01,19.231525491416928,19.23563391386756,19.137052144805153,19.19045066833496,9800
2011-12-02,19.321893896755604,19.342431310331285,19.137054040766035,19.186344146728516,38800
2011-12-05,19.47796779195638,19.47796779195638,19.256161664924385,19.27669906616211,32400
2011-12-06,19.34242938961349,19.48619283727166,19.338322534067853,19.399934768676758,22200
2011-12-07,19.280814221781,19.47386932373047,19.194556159298706,19.47386932373047,17800
2011-12-08,19.36706883925838,19.36706883925838,19.100077876587672,19.157583236694336,18800
2011-12-09,19.18223015895529,19.379392076405992,19.16579960744182,19.305456161499023,44600
2011-12-12,19.091865331575498,19.091865331575498,18.943993489066735,19.013822555541992,36800
2011-12-13,19.210993880270873,19.2561771394457,19.100089944179352,19.141164779663086,15000
2011-12-14,18.85363641928085,18.85363641928085,18.66879653930664,18.66879653930664,5200
2011-12-15,18.722189535833934,18.80023232121992,18.722189535833934,18.74683380126953,34200
2011-12-16,18.96863767975029,18.96863767975029,18.750938356477103,18.79201316833496,6200
2011-12-19,18.83719248099958,18.83719248099958,18.5825252532959,18.5825252532959,23400
2011-12-20,18.861848155847873,19.095979690551758,18.861848155847873,19.095979690551758,13400
2011-12-21,19.124724794296608,19.141153778905355,18.97274454316254,19.05078887939453,74000
2011-12-22,19.132921177533778,19.256731826378292,19.132921177533778,19.19895362854004,238000
2011-12-23,19.256724499788202,19.368154513653927,19.248470249760683,19.35577392578125,38400
2011-12-27,19.384666052806768,19.475459668669558,19.322759955063418,19.413555145263672,17000
2011-12-28,19.38467154957172,19.38467154957172,19.178319931030273,19.178319931030273,91400
2011-12-29,19.236094618193874,19.372285842895508,19.236094618193874,19.372285842895508,9600
2011-12-30,19.40117799913571,19.41356016648945,19.32276495280544,19.351654052734375,32400
2012-01-03,19.59514771461607,19.677688669346878,19.53324317932129,19.53324317932129,30800
2012-01-04,19.50022883355955,19.578641885387853,19.43007003576654,19.566261291503906,39400
2012-01-05,19.553873801362364,19.640541076660156,19.46307861333377,19.640541076660156,7200
2012-01-06,19.570393694455024,19.636427747195366,19.570393694455024,19.603410720825195,7400
2012-01-09,19.60752181183907,19.61577606201172,19.52085454653215,19.61577606201172,11000
2012-01-10,19.77260820506226,19.8056252133313,19.743719109995645,19.756099700927734,7400
2012-01-11,19.70657460195954,19.751972198486328,19.694194011756785,19.751972198486328,22800
2012-01-12,19.813885821717612,19.834522247314453,19.764361863829315,19.834522247314453,8600
2012-01-13,19.71895483975303,19.751971845487,19.60339846835912,19.727209091186523,13800
2012-01-17,19.912923076672797,19.921177326972202,19.80974730943615,19.83863639831543,28400
2012-01-18,19.822128962170186,20.016099918779297,19.780859282794243,20.003719329833984,25000
2012-01-19,20.00372611240411,20.135791020390588,20.00372611240411,20.115156173706055,23800
2012-01-20,20.07801282675437,20.12753677368164,19.995471865650334,20.12753677368164,22400
2012-01-23,20.210079248309125,20.238968350708348,20.09039492446206,20.15642738342285,30200
2012-01-24,20.036743059575787,20.15642738342285,20.020234551251086,20.15642738342285,104800
2012-01-25,20.04499041298317,20.284358978271484,20.04499041298317,20.284358978271484,56200
2012-01-26,20.31325581459967,20.31325581459967,20.123411110525065,20.152301788330078,20600
2012-01-27,20.07388715805859,20.181190891797026,20.07388715805859,20.152301788330078,156200
2012-01-30,19.983092389527304,20.09865038037169,19.941822690585944,20.069761276245117,43600
2012-01-31,20.123409670246946,20.139918178000244,20.02848811217243,20.094520568847656,40800
2012-02-01,20.284359741220698,20.35864643156378,20.2307078927868,20.304994583129883,66200
2012-02-02,20.329758040063204,20.391664147060073,20.329758040063204,20.354520797729492,21000
2012-02-03,20.544363346056677,20.647539138793945,20.544363346056677,20.647539138793945,55200
2012-02-06,20.548489341709097,20.62277603149414,20.536107177186583,20.62277603149414,13200
2012-02-07,20.57738524273668,20.701195908560063,20.548496139855825,20.668180465698242,21800
2012-02-08,20.717698708786386,20.721825047630418,20.60626866794639,20.7053165435791,17400
2012-02-09,20.717699461793575,20.725953714119242,20.62277792155487,20.713571548461914,20000
2012-02-10,20.54436567357485,20.573254772867184,20.49071538879642,20.540239334106445,19800
2012-02-13,20.730078124613517,20.730078124613517,20.598013248364,20.68880844116211,24200
2012-02-14,20.631034858119328,20.643415451049805,20.523731138262345,20.643415451049805,102600
2012-02-15,20.701196367699673,20.73008547122127,20.52786174657009,20.58563995361328,34800
2012-02-16,20.618654790511435,20.86627769470215,20.618654790511435,20.86627769470215,57600
2012-02-17,20.90754549428692,20.90754549428692,20.841513040695858,20.891036987304688,55400
2012-02-21,20.91579594216277,20.92817653297787,20.783731059009757,20.80023956298828,20800
2012-02-22,20.79199184394857,20.825007287941645,20.713577212581097,20.767229080200195,9400
2012-02-23,20.73008642048763,20.853897094726562,20.73008642048763,20.853897094726562,8800
2012-02-24,20.87864991132853,20.911665340703696,20.85801507117688,20.87039566040039,9800
2012-02-27,20.763104129588257,20.932312424014032,20.71357859877716,20.928184509277344,6400
2012-02-28,20.911663768174954,20.977697770634393,20.891028929575015,20.96118927001953,8400
2012-02-29,20.977701649713417,21.018971334544656,20.82912826538086,20.82912826538086,37200
2012-03-01,20.96531523921807,20.96531523921807,20.90753706241967,20.92404556274414,8800
2012-03-02,20.919926885978,20.919926885978,20.83325958251953,20.83325958251953,1000
2012-03-05,20.787850950177493,20.816740036010742,20.730072778511,20.816740036010742,7000
2012-03-06,20.61452144454572,20.6269020345293,20.478328657376363,20.51959991455078,26200
2012-03-07,20.544365984592424,20.668178211248613,20.544365984592424,20.643415451049805,7400
2012-03-08,20.767216113773333,20.824994285439825,20.767216113773333,20.816740036010742,3600
2012-03-09,20.882782336862213,20.965323295866533,20.882782336862213,20.919925689697266,3400
2012-03-12,20.882779262465302,20.90341567993164,20.83738323731716,20.90341567993164,25800
2012-03-13,21.018966245907052,21.245952606201172,21.018966245907052,21.245952606201172,4400
2012-03-14,21.254213333129883,21.258339672136483,21.24595908077902,21.254213333129883,22000
2012-03-15,21.258340743325583,21.378025046937363,21.258340743325583,21.365644454956055,28400
2012-03-16,21.4192940056354,21.4192940056354,21.382150659351087,21.39453125,8800
2012-03-19,21.43167606815303,21.50183485243195,21.43167606815303,21.477073669433594,9600
2012-03-20,21.3408809535399,21.394532807486915,21.3285003619897,21.369770050048828,117600
2012-03-21,21.398661000153805,21.41929742030862,21.361517647948084,21.411043167114258,9000
2012-03-22,21.225327303085034,21.258342742919922,21.15929484907737,21.258342742919922,8000
2012-03-23,21.21294175177275,21.27897419034645,21.151035651837244,21.266592025756836,9400
2012-03-26,21.487717521809415,21.57882031889029,21.487717521809415,21.574678421020508,18400
2012-03-27,21.595388437733394,21.607810974121094,21.57882400276882,21.607810974121094,15000
2012-03-28,21.508422613589186,21.508422613589186,21.36762809753418,21.36762809753418,11800
2012-03-29,21.309664675941242,21.338651657104492,21.255832613593498,21.338651657104492,3400
2012-03-30,21.50843565024312,21.529141993128842,21.446321360602475,21.491872787475586,10000
2012-04-02,21.45874132860555,21.640945434570312,21.45874132860555,21.640945434570312,13200
2012-04-03,21.607813568122506,21.607813568122506,21.4587367948877,21.483583450317383,7800
2012-04-04,21.26825130562465,21.34278969503417,21.26825130562465,21.31380271911621,8400
2012-04-05,21.309660819886954,21.346930014591717,21.2889560627558,21.31380271911621,6800
2012-04-09,21.065344248458082,21.10261344909668,21.0322169477082,21.10261344909668,3400
2012-04-10,21.036352751109,21.036352751109,20.72577667236328,20.72577667236328,16200
2012-04-11,20.91626784425894,20.924550064522137,20.870718002319336,20.870718002319336,10000
2012-04-12,21.119172939906765,21.173006568140064,21.115032620660322,21.164724349975586,3200
2012-04-13,21.011504878481755,21.052914384932908,20.945248720357057,20.953529357910156,5200
2012-04-16,21.040503706997185,21.040503706997185,20.88728497149936,20.9783878326416,17800
2012-04-17,21.090187663380608,21.268251419067383,21.090187663380608,21.268251419067383,13400
2012-04-18,21.119178280570576,21.160587802193092,21.110896060311674,21.139883041381836,22200
2012-04-19,21.11916962048404,21.156438806530574,20.924541473388672,20.924541473388672,27400
2012-04-20,21.04877618946454,21.139877428781258,21.04877618946454,21.09432601928711,41200
2012-04-23,20.883133929302645,20.883133929302645,20.812735869196135,20.85414695739746,8800
2012-04-24,20.916260522719774,21.02806808762779,20.903837986509362,20.965953826904297,19200
2012-04-25,21.110889753776895,21.206132888793945,21.110889753776895,21.206132888793945,13200
2012-04-26,21.22269510577458,21.38005406789123,21.22269510577458,21.342784881591797,15800
2012-04-27,21.384205744741895,21.425616851331984,21.30966733255193,21.40077018737793,19800
2012-04-30,21.346930572650194,21.346930572650194,21.30552105730535,21.330366134643555,17600
2012-05-01,21.425609986753944,21.553980426873967,21.425609986753944,21.462879180908203,13000
2012-05-02,21.359353069701097,21.413185119628906,21.359353069701097,21.413185119628906,3600
2012-05-03,21.371775270284314,21.409044462546518,21.305519104003906,21.305519104003906,5200
2012-05-04,21.160584749168102,21.160584749168102,20.920406715000524,20.945253372192383,17600
2012-05-07,20.858295682883313,20.928693771362305,20.858295682883313,20.928693771362305,4800
2012-05-08,20.787891605762237,20.787891605762237,20.593263432812776,20.696788787841797,21600
2012-05-09,20.630535315365695,20.850008591165828,20.59740801886367,20.771329879760742,24600
2012-05-10,20.833444444365515,20.84172666289677,20.71749496459961,20.71749496459961,24000
2012-05-11,20.816876070387412,20.816876070387412,20.763042449951172,20.763042449951172,3000
2012-05-14,20.560141164966787,20.66366654529457,20.539434825163674,20.576704025268555,6200
2012-05-15,20.56427539454977,20.61810901868432,20.444185609815577,20.45660972595215,4000
2012-05-16,20.53943460720339,20.593268246710707,20.394499708151287,20.41106414794922,9200
2012-05-17,20.394492760970245,20.394492760970245,20.067352294921875,20.067352294921875,8200
2012-05-18,20.063218995099668,20.11291073527862,19.864450454711914,19.864450454711914,18800
2012-05-21,19.876872466220192,20.129474639892578,19.876872466220192,20.129474639892578,7800
2012-05-22,20.166741974154395,20.27854956099877,20.14189531718728,20.15431785583496,12200
2012-05-23,19.984536892892734,20.075639724731445,19.856166444034695,20.075639724731445,26000
2012-05-24,20.154314928441565,20.170879364013672,20.013521965093215,20.170879364013672,69200
2012-05-25,20.170881383862387,20.170881383862387,20.125329971313477,20.125329971313477,4000
2012-05-29,20.353092422453354,20.361373063589348,20.24956703186035,20.24956703186035,2200
2012-05-30,20.20400974568607,20.20400974568607,20.075637729911943,20.13361167907715,13400
2012-05-31,20.013528475414756,20.104629741353186,19.901720868439742,20.0011043548584,8200
2012-06-01,19.698811903372437,19.740221429228498,19.49590301513672,19.49590301513672,29400
2012-06-04,19.495894983242234,19.495894983242234,19.33025378871433,19.45862579345703,21600
2012-06-05,19.42550195081529,19.59528350830078,19.42550195081529,19.59528350830078,12200
2012-06-06,19.860306091718513,19.955549240112305,19.860306091718513,19.955549240112305,2800
2012-06-07,20.054934966496774,20.1501781181137,20.054934966496774,20.075639724731445,8000
2012-06-08,20.1294727785396,20.15431785583496,20.1294727785396,20.15431785583496,6400
2012-06-11,20.27026955568617,20.27026955568617,19.967975638096263,19.980398178100586,42400
2012-06-12,19.93898578192633,20.021804809570312,19.93898578192633,20.021804809570312,2600
2012-06-13,20.059074003878784,20.129472072982207,20.021804809570312,20.021804809570312,3400
2012-06-14,20.059077972611078,20.15018081665039,20.059077972611078,20.15018081665039,800
2012-06-15,20.216426706409706,20.332374572753906,20.216426706409706,20.332374572753906,56800
2012-06-18,20.233000001146404,20.4027815568061,20.233000001146404,20.38621711730957,5800
2012-06-19,20.49928749581185,20.644789810642244,20.482658206729436,20.59906005859375,14200
2012-06-20,20.511765040800555,20.599066456815255,20.47019339103835,20.503450393676758,18600
2012-06-21,20.53255685396739,20.53255685396739,20.042003631591797,20.042003631591797,12400
2012-06-22,20.133459378904256,20.241546630859375,20.1002007870061,20.241546630859375,14200
2012-06-25,19.9214391504158,19.9214391504158,19.83413772840372,19.908967971801758,11200
2012-06-26,19.93806396331841,20.004579544067383,19.86323373674375,20.004579544067383,86600
2012-06-27,20.066939280778232,20.145926040037466,20.021209520102037,20.083568572998047,41600
2012-06-28,19.996258118877215,20.050302505493164,19.85491235947427,20.050302505493164,8400
2012-06-29,20.44524986652765,20.515921989735695,20.441091749952577,20.49929428100586,9600
2012-07-02,20.549176239782945,20.561647415161133,20.457716724725596,20.561647415161133,9200
2012-07-03,20.582437160584245,20.732097637084614,20.55333668858215,20.678054809570312,16000
2012-07-05,20.661422164628036,20.752880096435547,20.607377760021418,20.752880096435547,6400
2012-07-06,20.50345390750156,20.540869033042355,20.378737350984586,20.44940948486328,41000
2012-07-09,20.461876061552292,20.461876061552292,20.370416541036796,20.428617477416992,3000
2012-07-10,20.53254669080335,20.536704806448174,20.220754623413086,20.220754623413086,6600
2012-07-11,20.237390518188477,20.241547049333203,20.166716801872255,20.237390518188477,4200
2012-07-12,20.079410452261175,20.137611389160156,20.025366045487868,20.137611389160156,10400
2012-07-13,20.187505191934758,20.44940948486328,20.187505191934758,20.44940948486328,10800
2012-07-16,20.416149193626204,20.416149193626204,20.30390383505277,20.387048721313477,12400
2012-07-17,20.36209795973521,20.515914916992188,20.36209795973521,20.515914916992188,5600
2012-07-18,20.474341405989946,20.71961784362793,20.474341405989946,20.71961784362793,18200
2012-07-19,20.802770196891156,20.844341844355604,20.715468785701802,20.806926727294922,85600
2012-07-20,20.70299064093427,20.70299064093427,20.60321807861328,20.60321807861328,9800
2012-07-23,20.291432657163543,20.387048721313477,20.18334382926758,20.387048721313477,8400
2012-07-24,20.324679681506918,20.324679681506918,20.09187601730287,20.133447647094727,7400
2012-07-25,20.13345661679517,20.262331263934797,20.13345661679517,20.17087173461914,22400
2012-07-26,20.478511172709013,20.561656077255538,20.461883460485428,20.545026779174805,9000
2012-07-27,20.632321265535506,20.952427984803663,20.632321265535506,20.90669822692871,64600
2012-07-30,20.91917053009374,20.952429114288943,20.815239833268613,20.83186912536621,13000
2012-07-31,20.78614291915066,20.827714570646222,20.73209850352095,20.748727798461914,15800
2012-08-01,20.761198109086706,20.761198109086706,20.594909924197133,20.678054809570312,66600
2012-08-02,20.603223225328676,20.632323695429662,20.362103232084305,20.466033935546875,20000
2012-08-03,20.611536093676953,20.923328177165242,20.611536093676953,20.86512565612793,6600
2012-08-06,20.94411231355447,21.014784418913802,20.94411231355447,20.97736930847168,19600
2012-08-07,21.039727655431342,21.14365833811112,21.039727655431342,21.10208511352539,18800
2012-08-08,21.027262086605532,21.143663974764227,21.023103970110274,21.10624885559082,19200
2012-08-09,21.143662430523474,21.16444825391131,21.106247314082704,21.13119125366211,28000
2012-08-10,21.060510593166672,21.097925697246282,21.060510593166672,21.089611053466797,6000
2012-08-13,21.077144622802734,21.077144622802734,21.077144622802734,21.077144622802734,600
2012-08-14,21.218491113814757,21.218491113814757,21.16860323829927,21.210176467895508,18800
2012-08-15,21.122870289985972,21.19770050048828,21.122870289985972,21.19770050048828,8400
2012-08-16,21.22680033324551,21.372302634994277,21.22680033324551,21.34735870361328,4800
2012-08-17,21.41804313659668,21.422199667652368,21.380628013667714,21.41804313659668,10000
2012-08-20,21.34321114056198,21.384782791137695,21.33073996256063,21.384782791137695,5000
2012-08-21,21.447138175953608,21.447138175953608,21.29747772216797,21.29747772216797,32200
2012-08-22,21.31826339864347,21.34320733605664,21.264220579699735,21.33073616027832,8600
2012-08-23,21.285006841621808,21.285006841621808,21.147817561796035,21.176918029785156,8600
2012-08-24,21.12287491665575,21.29747772216797,21.12287491665575,21.29747772216797,47200
2012-08-27,21.268382607745515,21.334898205518993,21.268382607745515,21.272539138793945,63200
2012-08-28,21.239274978637695,21.239274978637695,21.239274978637695,21.239274978637695,400
2012-08-29,21.26837822952363,21.351523106088848,21.24759240684648,21.30994987487793,51200
2012-08-30,21.20601793481074,21.214332580566406,21.110401887405324,21.214332580566406,6600
2012-08-31,21.197710478923607,21.309954261657587,21.197710478923607,21.272539138793945,7800
2012-09-04,21.247589111328125,21.297475395187206,21.13950031280102,21.247589111328125,153600
2012-09-05,21.280847550353315,21.280847550353315,21.20186079672483,21.226804733276367,4000
2012-09-06,21.33906008411332,21.650852300987985,21.33906008411332,21.64669418334961,204200
2012-09-07,21.64668371679713,21.675784182766268,21.64668371679713,21.659154891967773,23400
2012-09-10,21.667469633418513,21.704884744952757,21.600954055786133,21.600954055786133,3400
2012-09-11,21.684103999687167,21.684103999687167,21.638374232013277,21.642532348632812,3600
2012-09-12,21.667472691028106,21.733988278046848,21.663316160651735,21.70073127746582,15000
2012-09-13,21.700729704875624,22.02083643978631,21.675785766854954,21.983421325683594,66800
2012-09-14,22.012515522080818,22.16633246474208,22.012515522080818,22.074872970581055,19400
2012-09-17,22.049939283468998,22.049939283468998,21.954323222873267,22.004209518432617,4200
2012-09-18,21.962642669677734,21.975113849828944,21.933540606229766,21.962642669677734,10200
2012-09-19,21.96263935617769,22.07488313231855,21.96263935617769,22.00836753845215,32200
2012-09-20,21.90443919685536,21.975112915039062,21.891968017234657,21.975112915039062,12400
2012-09-21,22.079035041555034,22.079035041555034,21.98757553100586,21.98757553100586,11600
2012-09-24,21.891959490820994,21.98757553100586,21.887802961185308,21.98757553100586,34800
2012-09-25,21.981731134932097,22.023473246181673,21.7396240234375,21.7396240234375,10600
2012-09-26,21.73962658215719,21.73962658215719,21.57682850746003,21.614397048950195,41600
2012-09-27,21.6811911196738,21.84816281316711,21.677017543898504,21.814767837524414,11600
2012-09-28,21.65614521750686,21.80224424652424,21.65614521750686,21.74797821044922,3400
2012-10-01,21.814763817499095,21.91494713360531,21.747975470881546,21.773021697998047,11400
2012-10-02,21.8857248391211,21.8857248391211,21.710404453990776,21.785541534423828,30400
2012-10-03,21.848156547662267,21.902422571339464,21.781368207890186,21.835634231567383,12000
2012-10-04,21.944166962368204,21.973386764526367,21.91494716021004,21.973386764526367,8000
2012-10-05,22.102791521820627,22.10696509714135,21.948343757195303,21.98173713684082,7400
2012-10-08,21.935815811157227,21.935815811157227,21.935815811157227,21.935815811157227,9600
2012-10-09,21.73128833126452,21.743810653686523,21.72293958552971,21.743810653686523,8000
2012-10-10,21.64779102103719,21.64779102103719,21.543434143066406,21.543434143066406,1800
2012-10-11,21.693709873999268,21.693709873999268,21.589352988467017,21.60187530517578,5000
2012-10-12,21.49752368547291,21.514221173414455,21.49752368547291,21.510046005249023,2200
2012-10-15,21.560130395416827,21.67700958251953,21.522561857796745,21.67700958251953,16400
2012-10-16,21.781368122121258,21.881549835205078,21.781368122121258,21.881549835205078,8800
2012-10-17,21.885722207538883,21.973381593383905,21.885722207538883,21.956684112548828,11800
2012-10-18,21.919108297481714,21.965025558349275,21.814751465458674,21.90241241455078,14600
2012-10-19,21.864854892084118,21.902423434208444,21.497518212686245,21.56013298034668,16800
2012-10-22,21.505867907279505,21.539261283780686,21.380639958770498,21.43073081970215,142800
2012-10-23,21.30132704769956,21.338895590330903,21.226189962436866,21.29715347290039,28000
2012-10-24,21.363943281640353,21.363943281640353,21.201146783190918,21.205320358276367,125800
2012-10-25,21.255410109968484,21.255410109968484,21.163577131650825,21.23871421813965,45400
2012-10-26,21.20114827739016,21.31802749633789,21.184450791151935,21.31802749633789,6000
2012-10-31,21.3472410810383,21.380636043784325,21.27210400721922,21.28462791442871,5400
2012-11-01,21.430727387027453,21.601872594127123,21.430727387027453,21.568477630615234,27800
2012-11-02,21.706237872617763,21.706237872617763,21.45160675048828,21.45160675048828,6800
2012-11-05,21.422372175246895,21.53925132751465,21.39732596017851,21.53925132751465,7200
2012-11-06,21.568482463577848,21.71875664833506,21.568482463577848,21.647794723510742,5000
2012-11-07,21.489172545769314,21.489172545769314,21.16357952900854,21.27628517150879,37800
2012-11-08,21.226186364769895,21.280452382119677,21.080087386165985,21.088436126708984,14000
2012-11-09,20.946516958115907,21.096791147908675,20.946516958115907,21.071744918823242,10600
2012-11-12,21.06757036169488,21.06757036169488,20.979909360161013,21.000782012939453,19800
2012-11-13,20.913121343705285,21.1301838786994,20.913121343705285,20.938167572021484,17400
2012-11-14,21.017475265729114,21.017475265729114,20.662662506103516,20.662662506103516,5000
2012-11-15,20.70858199716997,20.767021602177422,20.56665655971195,20.658491134643555,106600
2012-11-16,20.662670260495577,20.758678436279297,20.549964595264193,20.758678436279297,3600
2012-11-19,20.967383169423822,21.05086898803711,20.967383169423822,21.05086898803711,2200
2012-11-20,21.0466956594886,21.100961685180664,21.013302284542497,21.100961685180664,5600
2012-11-21,21.08009493353357,21.15105686501662,21.071746190001445,21.138534545898438,56400
2012-11-23,21.21366435316009,21.34306744488589,21.21366435316009,21.334718704223633,4400
2012-11-26,21.3138492781661,21.343069076538086,21.255408089062538,21.343069076538086,12600
2012-11-27,21.30967335371823,21.31802209472192,21.255407333374023,21.255407333374023,10600
2012-11-28,21.209492400449115,21.35559139230906,21.12600657980361,21.343069076538086,3800
2012-11-29,21.464123848223238,21.501692391402848,21.464123848223238,21.48917007446289,3600
2012-11-30,21.49334388724687,21.49751746184394,21.434902696370447,21.472471237182617,40400
2012-12-03,21.585182692827473,21.585182692827473,21.422386169433594,21.422386169433594,4600
2012-12-04,21.47247185946217,21.47247185946217,21.33889517544994,21.405683517456055,8400
2012-12-05,21.418209576276215,21.522566470658532,21.338897317435357,21.455778121948242,5400
2012-12-06,21.480821834151328,21.5267391204834,21.46829951691886,21.5267391204834,19800
2012-12-07,21.564305706053588,21.581003189086914,21.50586610779658,21.581003189086914,9800
2012-12-10,21.564305639314867,21.65614020335431,21.564305639314867,21.631093978881836,14400
2012-12-11,21.81058968714879,21.835635913627563,21.752150084391406,21.789718627929688,33600
2012-12-12,21.885726774225354,21.885726774225354,21.789718627929688,21.789718627929688,35200
2012-12-13,21.827288431730366,21.843985917013626,21.614399475268414,21.656143188476562,28200
2012-12-14,21.622745304310598,21.643616361922437,21.560132131475072,21.581003189086914,8000
2012-12-17,21.631096262390784,21.806416667486715,21.631096262390784,21.773021697998047,20000
2012-12-18,21.839804851087003,22.073564804839954,21.835631277073293,22.065216064453125,58000
2012-12-19,22.094615573566482,22.094615573566482,21.96022534055423,21.99382209777832,7200
2012-12-20,21.939236434698856,22.010630575244882,21.893039472200307,22.006431579589844,109600
2012-12-21,21.792238632658982,21.876232936069204,21.737642095133623,21.85103416442871,37000
2012-12-24,21.851033566236318,21.851033566236318,21.73764150004544,21.762840270996094,34200
2012-12-26,21.662050686246253,21.678848266601562,21.62425332684494,21.678848266601562,13000
2012-12-27,21.657849650645037,21.683048423754578,21.422665907797178,21.662050247192383,16800
2012-12-28,21.48146423871141,21.586456729414675,21.41006851196289,21.41006851196289,19000
2012-12-31,21.376465684697674,21.72924041748047,21.338668334683167,21.72924041748047,95400
2013-01-02,22.153416809834926,22.22901153564453,22.069422492039994,22.22901153564453,39600
2013-01-03,22.258407769158588,22.300404124126153,22.199612231380698,22.237409591674805,46000
2013-01-04,22.28360505062599,22.384396936619538,22.266805868941017,22.346599578857422,53400
2013-01-07,22.266798394765043,22.30459573983993,22.216402468684397,22.275197982788086,51600
2013-01-08,22.22060775756836,22.23740693837426,22.14081405182743,22.22060775756836,84200
2013-01-09,22.283600296881392,22.33819522262364,22.279399701327186,22.300397872924805,29000
2013-01-10,22.40539397342739,22.426393750494878,22.308801086737567,22.413793563842773,27600
2013-01-11,22.397005085840856,22.44740104675293,22.39280448789727,22.44740104675293,16200
2013-01-14,22.48098673304021,22.497785912412272,22.422191207295914,22.45578956604004,18200
2013-01-15,22.401198036855327,22.54398788929054,22.401198036855327,22.53978729248047,48600
2013-01-16,22.451591448179595,22.518786571026332,22.451591448179595,22.493589401245117,15400
2013-01-17,22.615383290940322,22.72877538033823,22.59858570892677,22.686779022216797,8400
2013-01-18,22.619578727701917,22.6825732505129,22.58598036722299,22.674175262451172,32200
2013-01-22,22.69097534037841,22.77077065427749,22.678376754839896,22.762371063232422,12800
2013-01-23,22.846368062412168,22.896764012559917,22.833767873331453,22.87996482849121,16200
2013-01-24,22.92615379387825,23.05214442636903,22.92615379387825,23.014347076416016,46400
2013-01-25,23.077351019680723,23.186542510986328,23.056352840820995,23.186542510986328,22400
2013-01-28,23.173942986213476,23.173942986213476,23.11934644174106,23.140344619750977,24400
2013-01-29,23.09414825733701,23.228538513183594,23.08154806943637,23.228538513183594,22600
2013-01-30,23.249538260259712,23.249538260259712,23.12774658203125,23.12774658203125,9400
2013-01-31,23.098351881603108,23.152948434626925,23.08155269574062,23.110950469970703,23600
2013-02-01,23.22853818266355,23.341930259806556,23.224337586070362,23.32093048095703,14600
2013-02-04,23.16973909226545,23.236935815628183,23.077346801757812,23.077346801757812,28000
2013-02-05,23.21594024756376,23.33353293270986,23.207540655620583,23.2789363861084,77400
2013-02-06,23.203339409279035,23.32093048095703,23.203339409279035,23.32093048095703,21000
2013-02-07,23.316727096590455,23.316727096590455,23.131940932734913,23.28312873840332,16600
2013-02-08,23.295731015554505,23.438520846555605,23.295731015554505,23.404922485351562,27400
2013-02-11,23.434323892754012,23.434323892754012,23.371329358792302,23.42592430114746,59600
2013-02-12,23.44272214486785,23.48051950390849,23.417523371488027,23.463720321655273,37200
2013-02-13,23.50152340334226,23.50152340334226,23.413330078125,23.413330078125,2000
2013-02-14,23.38812027292448,23.488913741412606,23.38812027292448,23.47211456298828,3600
2013-02-15,23.493117716717137,23.49731831324287,23.421723596361335,23.455320358276367,11200
2013-02-19,23.505715761934304,23.610708236694336,23.50151516579141,23.610708236694336,29400
2013-02-20,23.644313109778913,23.644313109778913,23.484724044799805,23.484724044799805,19600
2013-02-21,23.31252972547282,23.593910407009147,23.11934394534825,23.19493865966797,19600
2013-02-22,23.316736601531282,23.375532150268555,23.25374045527932,23.375532150268555,10600
2013-02-25,23.501521585867753,23.518320770912435,23.035354614257812,23.035354614257812,130200
2013-02-26,23.136141569835264,23.18233851459498,23.05214727045923,23.15294075012207,74600
2013-02-27,23.30413382925516,23.509918212890625,23.30413382925516,23.509918212890625,4000
2013-02-28,23.442726135253906,23.56871681948258,23.442726135253906,23.442726135253906,27400
2013-03-01,23.371322321205085,23.556108474731445,23.371322321205085,23.556108474731445,11400
2013-03-04,23.518320987207147,23.707307815551758,23.518320987207147,23.707307815551758,9200
2013-03-05,23.955084262964217,23.955084262964217,23.921485900878906,23.921485900878906,10200
2013-03-06,24.00128498738797,24.00128498738797,23.955088033278724,23.96348762512207,15800
2013-03-07,24.026481013357202,24.047479190933537,24.009681830472832,24.030681610107422,20600
2013-03-08,24.106281526357186,24.106281526357186,24.03908638239623,24.09368133544922,4600
2013-03-11,24.102070631816453,24.177665336734286,24.097871638013423,24.169265747070312,22000
2013-03-12,24.18187012173512,24.19446870738463,24.106275403721654,24.177669525146484,10600
2013-03-13,24.194468289365577,24.228065051203206,24.127273163632147,24.211267471313477,12200
2013-03-14,24.29945965584735,24.328857421875,24.27426088408447,24.328857421875,4600
2013-03-15,24.2658658754393,24.295263647017908,24.207070332282075,24.253267288208008,123800
2013-03-18,24.051684971245596,24.20707344126932,24.02228719589134,24.09368133544922,22400
2013-03-19,24.173471901388986,24.198669074116832,23.946687734488638,24.0474796295166,13600
2013-03-20,24.244863905122926,24.303659439086914,24.21546613814093,24.303659439086914,5600
2013-03-21,24.148270001606956,24.211266129390904,24.106273651123047,24.106273651123047,68600
2013-03-22,24.24906656290939,24.27426373557408,24.22806678294444,24.232267379760742,16800
2013-03-25,24.352761825698515,24.352761825698515,24.104178203159535,24.188444137573242,19600
2013-03-26,24.293785789974475,24.3780517578125,24.28114645733265,24.3780517578125,8400
2013-03-27,24.251651802366258,24.3696231842041,24.213732200027017,24.3696231842041,7400
2013-03-28,24.382262373826205,24.538154964334424,24.378049799030627,24.50444793701172,46600
2013-04-01,24.51708481953676,24.542365087503452,24.348554521476924,24.35698127746582,19600
2013-04-02,24.470735710106453,24.580280303955078,24.46230895561978,24.580280303955078,12000
2013-04-03,24.449668141694033,24.449668141694033,24.26007179013902,24.31905746459961,5000
2013-04-04,24.361203576451267,24.369630335803993,24.281151773460373,24.340137481689453,18400
2013-04-05,24.108394461574765,24.171592712402344,24.04519460350803,24.171592712402344,9000
2013-04-08,24.226368970496967,24.37804736381838,24.171595860188823,24.35698127746582,14200
2013-04-09,24.3948958049881,24.559213494517522,24.369615542276254,24.496013641357422,13200
2013-04-10,24.550789393779485,24.77830696105957,24.550789393779485,24.77830696105957,4600
2013-04-11,24.774096601388784,24.879428646128737,24.774096601388784,24.824655532836914,8800
2013-04-12,24.774089637593477,24.795155719172072,24.70246463877845,24.790943145751953,10000
2013-04-15,24.694039130144326,24.702465884648568,24.348550231665808,24.373828887939453,20400
2013-04-16,24.432824634788517,24.555008599335796,24.432824634788517,24.521303176879883,14200
2013-04-17,24.47073583163489,24.47073583163489,24.213725443851676,24.31905746459961,12600
2013-04-18,24.407546286581482,24.407546286581482,24.180028639920046,24.20530891418457,8400
2013-04-19,24.272715731829035,24.441246032714844,24.272715731829035,24.441246032714844,54000
2013-04-22,24.46652077312294,24.576066970825195,24.356976182659714,24.576066970825195,9600
2013-04-23,24.651904114303022,24.820435981409787,24.61398452456595,24.790943145751953,31200
2013-04-24,24.816226077314184,24.833077980046312,24.77830648349834,24.79515838623047,7800
2013-04-25,24.845723047169535,24.946840909331573,24.828869534396052,24.841508865356445,7600
2013-04-26,24.883642827972427,24.883642827972427,24.736177000992825,24.824655532836914,4400
2013-04-29,24.81201751229806,25.010042281185004,24.81201751229806,25.001615524291992,16200
2013-04-30,24.980549707624846,25.014255128324283,24.88785698803217,24.976335525512695,49200
2013-05-01,24.917346813360925,24.934200325287428,24.803588018716077,24.807802200317383,8400
2013-05-02,24.841507540758446,25.06481255500147,24.841507540758446,25.060598373413086,17000
2013-05-03,25.233340608944204,25.376592232667313,25.233340608944204,25.338672637939453,29000
2013-05-06,25.34710656833779,25.385026173799858,25.33446723559699,25.380813598632812,5200
2013-05-07,25.422937886365798,25.452430725097656,25.368164782761273,25.452430725097656,10000
2013-05-08,25.44400401967263,25.524057388305664,25.431364690831277,25.524057388305664,13000
2013-05-09,25.524058639036422,25.608322978426806,25.515631883649533,25.557764053344727,3400
2013-05-10,25.549341326982077,25.62939471216197,25.549341326982077,25.61254119873047,10400
2013-05-13,25.63360187630204,25.696801734710558,25.583042953918724,25.65888214111328,13600
2013-05-14,25.679948091347427,25.92431755429581,25.679948091347427,25.92010498046875,14600
2013-05-15,25.958025933360254,26.17711675034234,25.945386603977962,26.143409729003906,37800
2013-05-16,26.16869056343988,26.193969222753566,26.118131637573242,26.118131637573242,7400
2013-05-17,26.122342209522593,26.303513421167768,26.122342209522593,26.299299240112305,18200
2013-05-20,26.286663624936526,26.358290247845677,26.240317270214028,26.261384963989258,10800
2013-05-21,26.311938499017792,26.391990254338687,26.244526071579394,26.35407066345215,60600
2013-05-22,26.333009133301147,26.577380229533055,26.050720046867035,26.11391830444336,181200
2013-05-23,25.844272589317324,26.084429541586964,25.844272589317324,26.04229736328125,54400
2013-05-24,25.865329818084142,26.01279560611765,25.865329818084142,25.983301162719727,6400
2013-05-28,26.240311640682535,26.450975675324468,26.215032985158487,26.252952575683594,7000
2013-05-29,26.097067143231527,26.105493899781838,25.907470746187666,26.025442123413086,8200
2013-05-30,26.06335756205122,26.202395004828933,26.05071823286394,26.10548973083496,24200
2013-05-31,26.029651526976377,26.139197741545363,25.79370880126953,25.79370880126953,23200
2013-06-03,25.852692055882045,25.89061164855957,25.675733420973895,25.89061164855957,51000
2013-06-04,25.89483039189202,26.012803379018212,25.755792923774077,25.802139282226562,9400
2013-06-05,25.55355324542236,25.55355324542236,25.401874852453517,25.44822120666504,6000
2013-06-06,25.502985995412118,25.566185844923577,25.279682646352466,25.56197166442871,7400
2013-06-07,25.789493004462546,25.96645164489746,25.75157341060072,25.96645164489746,18600
2013-06-10,26.03807326569445,26.03807326569445,25.882182336639765,25.924314498901367,53200
2013-06-11,25.78106647550136,25.835839579835145,25.65888254508794,25.696802139282227,7400
2013-06-12,25.86111478847404,25.88218086840982,25.494558247188266,25.50298500061035,11600
2013-06-13,25.47771065879454,25.856904983520508,25.40608404620595,25.856904983520508,55400
2013-06-14,25.852695411893354,25.90325433961354,25.684163509840285,25.734724044799805,19000
2013-06-17,25.90325652123711,26.059147499060078,25.776858387671478,25.907470703125,105400
2013-06-18,25.96645427435965,26.160264837173123,25.96645427435965,26.097064971923828,24800
2013-06-19,26.092850228295188,26.118130493741006,25.79792022705078,25.79792022705078,17400
2013-06-20,25.549341223926216,25.549341223926216,25.08166667514514,25.10694694519043,18200
2013-06-21,25.29653799709508,25.29653799709508,24.988968695355318,25.191205978393555,50400
2013-06-24,24.955267478987,25.132226147305605,24.74881757439463,25.056386947631836,19000
2013-06-25,25.11536936610697,25.22912815081289,25.07323558997188,25.203847885131836,95400
2013-06-26,25.382679784384397,25.509508306265683,25.36576888474365,25.501052856445312,12000
2013-06-27,25.636334510091967,25.69129412259883,25.610969775636498,25.678611755371094,19200
2013-06-28,25.58561107163912,25.687073265194734,25.484147265371018,25.51374053955078,41200
2013-07-01,25.670158498845367,25.8434911875144,25.657474517822266,25.657474517822266,9600
2013-07-02,25.60674077912527,25.76739108284071,25.577147514324004,25.615196228027344,25000
2013-07-03,25.568689244226682,25.703973186308957,25.509502721154664,25.653242111206055,13200
2013-07-05,25.805442689164593,25.889995574951172,25.64901928601017,25.889995574951172,13000
2013-07-08,26.016819577291578,26.09291700000764,25.978770865933548,25.995681762695312,29400
2013-07-09,26.126743424514142,26.22820721662038,26.084467785218695,26.207069396972656,17400
2013-07-10,26.21129157731091,26.291615922536035,26.147876517119723,26.245113372802734,22400
2013-07-11,26.519908620061305,26.629827844422373,26.507226252908872,26.612916946411133,61800
2013-07-12,26.566415259136676,26.672105962488953,26.566415259136676,26.663650512695312,10000
2013-07-15,26.71016068349204,26.756664861453114,26.66365650553097,26.73552703857422,21200
2013-07-16,26.786251129560224,26.786251129560224,26.574869730637193,26.625600814819336,23600
2013-07-17,26.68056141228259,26.718610129997895,26.646739613108032,26.663650512695312,20600
2013-07-18,26.68901345128258,26.82429740526755,26.68901345128258,26.72283363342285,11400
2013-07-19,26.596010082852096,26.68056297302246,26.557961362911044,26.68056297302246,26200
2013-07-22,26.63405020948236,26.731285437356654,26.63405020948236,26.714374542236328,15000
2013-07-23,26.782022076931582,26.782022076931582,26.65096664428711,26.65096664428711,23800
2013-07-24,26.73552731901908,26.73552731901908,26.536828233905688,26.566421508789062,8200
2013-07-25,26.553731396201446,26.684786828845922,26.51145414961286,26.65096664428711,12800
2013-07-26,26.566411286937857,26.672101974487305,26.477631496447177,26.672101974487305,9200
2013-07-29,26.646739212891607,26.67210556189154,26.54527704231612,26.604463577270508,11400
2013-07-30,26.655193501666556,26.69324221715329,26.59600696928987,26.646738052368164,9400
2013-07-31,26.68901813971828,26.790480316674802,26.608692169189453,26.608692169189453,11000
2013-08-01,26.88348014544202,26.959577560424805,26.870797780515463,26.959577560424805,23600
2013-08-02,26.92575727122778,26.972261428833008,26.862343830348497,26.972261428833008,9000
2013-08-05,26.929994174612776,26.97649834667701,26.90462782274711,26.942676544189453,10200
2013-08-06,27.10332223044341,27.10332223044341,26.765112327156345,26.824298858642578,114600
2013-08-07,26.739746266522637,26.739746266522637,26.64251101907891,26.731290817260742,12800
2013-08-08,26.891945233380955,26.896172152301197,26.722839447749916,26.87503433227539,7400
2013-08-09,26.807383330211938,27.120228444663855,26.718603548316356,26.777790069580078,14200
2013-08-12,26.65519649739439,26.773571188163725,26.65519649739439,26.76511573791504,14400
2013-08-13,26.76934184141235,26.82852837863835,26.634057866978008,26.79047966003418,7200
2013-08-14,26.7143828776013,26.718611409056617,26.60446525044636,26.608692169189453,5200
2013-08-15,26.422674588946496,26.422674588946496,26.147878128136625,26.17324447631836,22800
2013-08-16,26.097140862198273,26.190149170786007,26.050636707904406,26.10982322692871,11200
2013-08-19,26.088689742102023,26.16056025048952,26.012592315673828,26.012592315673828,10600
2013-08-20,26.02104886761053,26.19861007437455,26.004137969306903,26.13096809387207,17200
2013-08-21,26.05910105613113,26.071783425193402,25.978776697549662,25.983003616333008,14800
2013-08-22,26.02104731319824,26.19860850935533,25.999909497937423,26.185924530029297,13400
2013-08-23,26.24511170339907,26.32543604351491,26.20706299224696,26.312753677368164,12000
2013-08-26,26.342348381436206,26.397306379553566,26.249340057373047,26.249340057373047,7200
2013-08-27,25.953412987914618,26.021054984317537,25.78430880326352,25.80544662475586,60800
2013-08-28,25.79698429720634,25.911130438093195,25.76316250166417,25.847715377807617,29000
2013-08-29,25.775852291354482,26.03373789600031,25.775852291354482,25.92804718017578,12200
2013-08-30,25.902679046692572,25.902679046692572,25.750484168336435,25.84349250793457,74000
2013-09-03,26.063326342087034,26.147877608923086,25.83080552015177,25.961862564086914,20800
2013-09-04,26.190153872735223,26.211291688651418,26.160560607910156,26.160560607910156,28000
2013-09-05,26.223978685063475,26.274711387472728,26.207069396972656,26.207069396972656,26200
2013-09-06,26.333892759830622,26.35503057533028,26.06755176894151,26.257795333862305,13000
2013-09-09,26.249343791328904,26.49877392185163,26.249343791328904,26.481863021850586,25400
2013-09-10,26.58755746347435,26.655199460270374,26.58755746347435,26.64251708984375,4600
2013-09-11,26.68901881867842,26.765116259687822,26.62137682808254,26.739749908447266,22400
2013-09-12,26.824301295272114,26.841212195150607,26.714382058774106,26.727066040039062,40000
2013-09-13,26.765115564210486,26.811618121208095,26.743976132369855,26.773571014404297,20200
2013-09-16,27.052597118622305,27.086417310059097,26.963815689086914,26.963815689086914,36600
2013-09-17,26.9976360384024,27.039911678598358,26.9976360384024,27.02722930908203,26200
2013-09-18,26.993406822205984,27.3992587635591,26.95958663344935,27.352754592895508,72000
2013-09-19,27.378119899473084,27.41193847223513,27.293565404007463,27.310476303100586,19000
2013-09-20,27.378117456341588,27.378117456341588,27.14559664634076,27.170961380004883,7400
2013-09-23,27.12869608416685,27.12869608416685,26.94268097801066,26.99764060974121,14400
2013-09-24,26.923799383589316,27.09777501016604,26.906825756924725,26.940773010253906,8600
2013-09-25,26.932285570410578,27.008665269930322,26.88985150473622,26.898338317871094,12400
2013-09-26,26.940771207835315,27.055339133421032,26.91531076954181,26.970474243164062,15600
2013-09-27,26.85166369085925,26.889853543514665,26.809231240661777,26.881366729736328,7600
2013-09-30,26.647980473498393,26.804982454897495,26.647980473498393,26.720117568969727,18600
2013-10-01,26.792263410822333,27.004428945109737,26.792263410822333,26.911075592041016,26800
2013-10-02,26.813471467696704,26.881364353226964,26.70314613572031,26.855905532836914,13600
2013-10-03,26.860144156858194,26.860144156858194,26.567356434823175,26.656465530395508,24800
2013-10-04,26.74133834912929,26.881366729736328,26.664958643818466,26.881366729736328,83200
2013-10-07,26.622528639395927,26.741340805819338,26.622528639395927,26.677690505981445,11000
2013-10-08,26.609792288994814,26.609792288994814,26.27457046508789,26.27457046508789,26000
2013-10-09,26.278814680865676,26.325491342257024,26.16848773235993,26.27457046508789,8600
2013-10-10,26.783771250174592,26.847421545236436,26.571605758227438,26.817718505859375,33800
2013-10-11,26.83044459820057,27.02563643815816,26.83044459820057,27.012907028198242,4400
2013-10-14,26.872877187640004,27.135961897434488,26.872877187640004,27.131717681884766,15400
2013-10-15,27.06807637045792,27.16567069289962,26.995939254760742,26.995939254760742,91600
2013-10-16,27.127476496582,27.331156767524252,27.127476496582,27.288721084594727,22400
2013-10-17,27.191128078830864,27.509376291633505,27.191128078830864,27.496646881103516,81400
2013-10-18,27.649404969878248,27.730025645204307,27.581510467089903,27.721540451049805,29600
2013-10-21,27.78094463331155,27.802159235949347,27.636670443390376,27.674861907958984,66800
2013-10-22,27.793674081743344,27.91673043181318,27.78942986625463,27.844594955444336,46600
2013-10-23,27.82762352387933,27.82762352387933,27.6875935382072,27.763973236083984,41800
2013-10-24,27.768213960697835,27.87853765912512,27.768213960697835,27.853078842163086,28400
2013-10-25,27.912495872892684,27.912495872892684,27.81065732764664,27.87430763244629,9200
2013-10-28,27.96341297321607,28.056766309281127,27.929465716939948,27.997360229492188,36800
2013-10-29,28.06949239047269,28.192548751831055,28.065248174594633,28.192548751831055,6200
2013-10-30,28.128898909919123,28.141628320367285,28.001598330661082,28.048274993896484,3800
2013-10-31,28.04402902529315,28.065246866306182,27.933705316711798,27.984622955322266,2600
2013-11-01,28.048282025853652,28.090714483781795,27.90401102142016,28.039796829223633,14800
2013-11-04,28.145876696908893,28.145876696908893,28.0228203154058,28.09071159362793,17600
2013-11-05,28.05251920984194,28.07373705218102,27.9252186305839,28.048274993896484,16000
2013-11-06,28.175573502725236,28.175573502725236,28.010084704283344,28.111923217773438,16200
2013-11-07,28.192546125661554,28.192546125661554,27.674861907958984,27.674861907958984,40400
2013-11-08,27.77245309503714,28.022809982299805,27.721535464493034,28.022809982299805,15200
2013-11-11,28.069489383643873,28.082218792526298,28.03129791960879,28.04402732849121,23000
2013-11-12,28.01432737636904,28.052518844604492,27.942191893176503,28.052518844604492,7200
2013-11-13,27.88703161181277,28.179821014404297,27.88703161181277,28.179821014404297,7200
2013-11-14,28.21800819229908,28.37076759338379,28.21800819229908,28.37076759338379,27400
2013-11-15,28.362266765585986,28.46834945678711,28.353781574740097,28.46834945678711,12600
2013-11-18,28.408965324555457,28.489589268028734,28.294397354125977,28.294397354125977,38800
2013-11-19,28.311359218200476,28.345306468435243,28.205276489257812,28.205276489257812,16800
2013-11-20,28.32409592167109,28.36652837669771,28.124659821918318,28.20952796936035,53600
2013-11-21,28.290141492169152,28.451389312744137,28.290141492169152,28.45138931274414,31600
2013-11-22,28.44290759374658,28.57869338989258,28.44290759374658,28.578693389892578,15600
2013-11-25,28.57020391229261,28.633854202875828,28.55323028564453,28.55323028564453,8400
2013-11-26,28.570200460332796,28.646580152326525,28.544738404742976,28.548982620239258,121800
2013-11-27,28.638101442883027,28.672048703601348,28.582939572257473,28.655075073242188,29800
2013-11-29,28.680535170890355,28.739944498474273,28.680535170890355,28.693267822265625,6400
2013-12-02,28.6508325202591,28.68477978294898,28.519290924072266,28.519290924072266,106800
2013-12-03,28.52352015069641,28.536249558167874,28.37076078626392,28.43865203857422,17000
2013-12-04,28.34955710397459,28.498075564997635,28.19679766326848,28.404722213745117,18600
2013-12-05,28.341074033253737,28.383506494990975,28.29015313673546,28.294397354125977,14400
2013-12-06,28.52353348469489,28.676292920538383,28.52353348469489,28.655075073242188,14000
2013-12-09,28.7781367047867,28.7781367047867,28.65083607261052,28.676298141479492,44800
2013-12-10,28.62112225798749,28.689016766247768,28.574445592905633,28.591419219970703,77800
2013-12-11,28.599905323005487,28.599905323005487,28.20527742869927,28.256195068359375,43200
2013-12-12,28.218010182082562,28.23073959350586,28.077980181649373,28.23073959350586,18600
2013-12-13,28.25195186195509,28.25619284000026,28.107677673723785,28.167083740234375,42200
2013-12-16,28.29863270662263,28.39198603563407,28.294388490561666,28.379253387451172,22800
2013-12-17,28.341056712273314,28.36651552627833,28.222244597066783,28.31135368347168,123000
2013-12-18,28.379250452075524,28.78660774230957,28.21800586970829,28.78660774230957,49400
2013-12-19,28.705991713508777,28.761153575965903,28.642341418434555,28.752668380737305,412000
2013-12-20,28.799341360122753,29.007262609177666,28.76539410877842,28.95210075378418,21000
2013-12-23,29.050481723690723,29.097330730632585,29.041965199402014,29.076034545898438,438200
2013-12-24,29.13566024334546,29.17824935913086,29.105844288020304,29.17824935913086,41400
2013-12-26,29.229356411603707,29.297501599628234,29.229356411603707,29.284725189208984,16800
2013-12-27,29.352866915273346,29.352866915273346,29.259168907089034,29.293241500854492,53600
2013-12-30,29.29750054007099,29.34860942924101,29.28472413011381,29.32305335998535,78200
2013-12-31,29.365649597489924,29.450831100096554,29.365649597489924,29.429534912109375,41600
2014-01-02,29.38694001033098,29.38694001033098,29.093069570438413,29.11862564086914,91400
2014-01-03,29.144182268996317,29.233620403833363,29.11436955738397,29.186771392822266,21600
2014-01-06,29.250660134641876,29.250660134641876,29.016415052106964,29.067523956298828,21800
2014-01-07,29.173986730025195,29.301757314710592,29.12287784628285,29.276201248168945,19000
2014-01-08,29.216579931467994,29.28046523275319,29.16121440333624,29.242136001586914,21800
2014-01-09,29.327324366679377,29.386949801982375,29.15270469947594,29.246402740478516,12600
2014-01-10,29.297501457404895,29.335830688476566,29.182507265507095,29.335830688476562,29400
2014-01-13,29.318795684577324,29.382680988522317,28.956783294677734,28.956783294677734,112400
2014-01-14,29.097328119165038,29.34434954280818,29.084551709207854,29.32305335998535,18000
2014-01-15,29.36139697984298,29.459351659576008,29.36139697984298,29.421022415161133,48400
2014-01-16,29.38694465756837,29.425273895263672,29.318799458098567,29.425273895263672,35400
2014-01-17,29.395466328736006,29.408245992880243,29.246402740478516,29.246402740478516,64800
2014-01-21,29.48914681519765,29.48914681519765,29.24638533045063,29.412485122680664,18400
2014-01-22,29.408241333888686,29.489159697927562,29.369908846213846,29.450830459594727,25200
2014-01-23,29.267693355476197,29.267693355476197,29.12714632074849,29.19529151916504,19800
2014-01-24,29.06325365000181,29.06325365000181,28.624579606640054,28.62883949279785,32200
2014-01-27,28.620325250249106,28.620325250249106,28.32219814842344,28.43718910217285,19600
2014-01-28,28.420151191650728,28.65439294606323,28.420151191650728,28.6075439453125,23600
2014-01-29,28.437190883178857,28.53514879382332,28.288127322930254,28.352012634277344,18200
2014-01-30,28.57347290667235,28.7395759861227,28.52662715271715,28.662914276123047,72200
2014-01-31,28.3136748845755,28.667167435647062,28.271082523588213,28.539400100708008,16600
2014-02-03,28.51384481216114,28.51384481216114,27.84092903137207,27.84092903137207,25800
2014-02-04,27.99425752710366,28.130544662475586,27.909076036657694,28.130544662475586,36000
2014-02-05,28.007035283428387,28.143322425345776,27.811122720006,28.062400817871094,13600
2014-02-06,28.147585330034207,28.39460684517731,28.147585330034207,28.373313903808594,13000
2014-02-07,28.637358488318505,28.76512908935547,28.637358488318505,28.76512908935547,9600
2014-02-10,28.80346156646755,28.84605393784132,28.74383614575435,28.829017639160156,8400
2014-02-11,28.914199066477504,29.212326202865246,28.914199066477504,29.16122055053711,25000
2014-02-12,29.288980055278206,29.288980055278206,29.13565989017749,29.169729232788086,25200
2014-02-13,28.982338087674936,29.344350461608975,28.982338087674936,29.335830688476562,21800
2014-02-14,29.297507281502206,29.506196273952387,29.297507281502206,29.48490333557129,12600
2014-02-18,29.45083058306967,29.5871177355056,29.45083058306967,29.536008834838867,81400
2014-02-19,29.484902443603726,29.62970611784598,29.34009552001953,29.34009552001953,61600
2014-02-20,29.42527197196811,29.591375072483434,29.340093727540236,29.557302474975586,41800
2014-02-21,29.6296969472261,29.697842125313546,29.591367721557617,29.591367721557617,24800
2014-02-24,29.638222357370548,29.93635272689146,29.638222357370548,29.74895668029785,41000
2014-02-25,29.79154255456142,29.800062328118152,29.67655160627799,29.685068130493164,35200
2014-02-26,29.78728916680196,29.85969100322516,29.67229495663155,29.74895668029785,83000
2014-02-27,29.71487393515284,29.855420922109506,29.685061233314226,29.8383846282959,8800
2014-02-28,29.88097932670626,30.07689184688839,29.829870441264426,29.889495849609375,25200
2014-03-03,29.714892109192068,29.719151997586074,29.52749926131192,29.62545394897461,33400
2014-03-04,29.940607634505504,30.162072994184776,29.940607634505504,30.145036697387695,13200
2014-03-05,30.14929672596544,30.166333022842778,30.093931198120117,30.093931198120117,20600
2014-03-06,30.208921432495117,30.264286959043083,30.153555905947147,30.208921432495117,28400
2014-03-07,30.328185393323732,30.328185393323732,30.09820016527661,30.174861907958984,23000
2014-03-10,30.157809645737814,30.166329417829026,30.01726589964279,30.153553009033203,26400
2014-03-11,30.140775748722508,30.234473753133926,30.021524924686613,30.047080993652344,39600
2014-03-12,29.915050510462954,30.051337630695585,29.915050510462954,30.047080993652344,15200
2014-03-13,30.09392733668474,30.09392733668474,29.650993422732107,29.69358253479004,11200
2014-03-14,29.659515031848464,29.744693270571926,29.582853317260742,29.582853317260742,18000
2014-03-17,29.7744966935138,29.98318556506856,29.7744966935138,29.910783767700195,79800
2014-03-18,29.953398300197417,30.14505104402857,29.953398300197417,30.132274627685547,125400
2014-03-19,30.106715354081267,30.128008293649998,29.80006843007999,29.936355590820312,50600
2014-03-20,29.906539469970216,30.098192150973066,29.842654159855314,30.05560302734375,41800
2014-03-21,30.18336439595194,30.18336439595194,29.863941192626953,29.863941192626953,15800
2014-03-24,30.030052830835537,30.030052830835537,29.582858870241065,29.697853088378906,29600
2014-03-25,29.769184421689577,29.90160477136326,29.730737806580787,29.850343704223633,28000
2014-03-26,30.016944713407984,30.025489855989132,29.653854370117188,29.653854370117188,66000
2014-03-27,29.61113631730284,29.713655207828335,29.504344855792226,29.53851890563965,26600
2014-03-28,29.65812205053025,29.8588905008578,29.62822057446124,29.705110549926758,28400
2014-03-31,29.935782663155226,30.034028980694742,29.867434564852342,30.004127502441406,25600
2014-04-01,30.153628050459055,30.243335723876957,30.08955579661193,30.243335723876953,74000
2014-04-02,30.32876678528528,30.358668255980557,30.243334943017587,30.345853805541992,98400
2014-04-03,30.439846949368434,30.439846949368434,30.196362484710885,30.273252487182617,16800
2014-04-04,30.281782087531177,30.371486510853696,29.799085926124405,29.880245208740234,35200
2014-04-07,29.739287374722288,29.811904786385483,29.504344855792226,29.53851890563965,50000
2014-04-08,29.63676248497035,29.74782650719713,29.448811746220965,29.73501205444336,54200
2014-04-09,29.790546392379703,30.03830337524414,29.756375600170426,30.03830337524414,13000
2014-04-10,30.11518055110805,30.11518055110805,29.410356524704547,29.50433349609375,12600
2014-04-11,29.286483606998775,29.350559123117673,29.119889220499314,29.13697624206543,56400
2014-04-14,29.34628189663345,29.41890254152084,29.145516757873047,29.303565979003906,182200
2014-04-15,29.376188122617098,29.504339155276558,29.098532983548495,29.444536209106445,84600
2014-04-16,29.77345651829238,29.83753204345703,29.594047655044633,29.83753204345703,60000
2014-04-17,29.828990051212074,29.871705981492457,29.662395641806967,29.84180450439453,18800
2014-04-21,29.81617474234248,29.922966194486946,29.79481514830699,29.884519577026367,25600
2014-04-22,29.944327271303234,30.1023798187512,29.901611335484514,30.055391311645508,39000
2014-04-23,30.11519634187217,30.11519634187217,29.927242300540932,29.957143783569336,36200
2014-04-24,30.076744086075127,30.076744086075127,29.803354989016945,29.858888626098633,19800
2014-04-25,29.905881088799106,29.905881088799106,29.57269225818501,29.636764526367188,10000
2014-04-28,29.67947769165039,29.790538439963072,29.367645260733006,29.67947769165039,18800
2014-04-29,29.824714800161964,29.863161415270753,29.756369969658742,29.850343704223633,8400
2014-04-30,29.82044680772989,29.96568489074707,29.79481789973377,29.96568489074707,24800
2014-05-01,29.974211443508704,30.081002850896734,29.90159406864847,29.99984359741211,21400
2014-05-02,30.08955277136387,30.140810569288035,29.95285987854004,29.95285987854004,19800
2014-05-05,29.918681084912368,30.0254724923004,29.824704124968484,29.99984359741211,10000
2014-05-06,29.948603596436065,29.957145481063673,29.80336548562744,29.81191062927246,11400
2014-05-07,29.85033681295393,29.90587043762207,29.739276081648722,29.90587043762207,393400
2014-05-08,29.854619094732307,30.09383091261469,29.8033580227504,29.867433547973633,24000
2014-05-09,29.858892682072835,30.004127502441406,29.752101222737107,30.004127502441406,46400
2014-05-12,30.11091721847687,30.32450012478274,30.11091721847687,30.30741310119629,26400
2014-05-13,30.39284428421004,30.40565873548668,30.273238393606597,30.311681747436523,19000
2014-05-14,30.20062903715829,30.251890120459567,30.128011613411125,30.162185668945312,26200
2014-05-15,30.183542370689768,30.183542370689768,29.764918378128538,29.901611328125,28400
2014-05-16,30.012669851723842,30.016939163208008,29.850344762866303,30.016939163208008,17200
2014-05-19,29.918686126413352,30.192071914672855,29.918686126413352,30.19207191467285,11000
2014-05-20,30.200611621320327,30.200611621320327,29.88450993745928,29.982759475708008,21400
2014-05-21,30.10237431372066,30.179264287739752,30.04257136270763,30.170719146728516,82800
2014-05-22,30.170718243004245,30.324498186436156,30.166448931642915,30.277509689331055,17000
2014-05-23,30.27751539820233,30.401393890380863,30.27751539820233,30.40139389038086,9400
2014-05-27,30.54235651818609,30.57225799560547,30.50818246998777,30.57225799560547,16000
2014-05-28,30.52953645971952,30.59788128455161,30.508176868762984,30.56797981262207,22800
2014-05-29,30.644882908265572,30.704685877749235,30.550905882214842,30.700416564941406,27000
2014-05-30,30.687588353721377,30.747394561767578,30.64914499749485,30.747394561767578,11200
2014-06-02,30.837102921431576,30.837102921431576,30.6534214805324,30.743125915527344,13600
2014-06-03,30.755942142647072,30.755942142647072,30.653423248029647,30.717498779296875,20400
2014-06-04,30.713220656045817,30.794379939230527,30.64914513636166,30.77302360534668,13400
2014-06-05,30.862727078220036,30.982332973135943,30.777295227284736,30.943889617919922,14800
2014-06-06,31.050690759883775,31.123308181762695,31.02078927681497,31.123308181762695,17400
2014-06-09,31.174569263745173,31.20874005938293,31.09340669869389,31.123308181762695,22800
2014-06-10,31.157480524929536,31.157480524929536,31.033602027872817,31.08485984802246,10400
2014-06-11,31.04213980167284,31.04213980167284,30.92253389180307,31.00369644165039,59200
2014-06-12,31.033601012635987,31.033601012635987,30.747400662773106,30.79438591003418,15200
2014-06-13,30.832827447200852,30.922531873748927,30.820012994696327,30.88408851623535,19200
2014-06-16,30.884084996377233,30.922528349509417,30.76447584892858,30.841365814208984,109200
2014-06-17,30.862731128877833,30.986609610304114,30.82855708041197,30.96525001525879,28000
2014-06-18,31.042145811915645,31.2386417388916,30.956713933758188,31.2386417388916,15400
2014-06-19,31.281347240428126,31.281347240428126,31.17455580998138,31.251445770263672,18400
2014-06-20,31.289899960328395,31.315528869628906,31.247184025155228,31.315528869628906,14600
2014-06-23,31.353959294589202,31.353959294589202,31.22580829625781,31.298425674438477,13200
2014-06-24,31.316010711943132,31.423125270299284,31.0889283712484,31.131776809692383,19800
2014-06-25,31.127482773817686,31.31171989440918,31.127482773817686,31.31171989440918,24200
2014-06-26,31.1703375928517,31.238892481704507,31.088929479558242,31.21746826171875,11000
2014-06-27,31.23031363662149,31.35885238647461,31.20888942202057,31.35885238647461,21800
2014-06-30,31.375991578688076,31.375991578688076,31.32028992743413,31.324575424194336,7800
2014-07-01,31.4616809071568,31.645918035513,31.435974465159795,31.55165672302246,38600
2014-07-02,31.65021292947756,31.65021292947756,31.564519315917146,31.590229034423828,42200
2014-07-03,31.624508021644456,31.787324277738055,31.624508021644456,31.77875328063965,8400
2014-07-07,31.65448577406423,31.671624491695294,31.573080951411878,31.60735511779785,12000
2014-07-08,31.628772258616678,31.628772258616678,31.36312709805818,31.423110961914062,87600
2014-07-09,31.52595108259429,31.58164946462935,31.470249431683005,31.577363967895508,21400
2014-07-10,31.20032770888099,31.495964929177948,31.20032770888099,31.47454071044922,57600
2014-07-11,31.39313260193224,31.48311170549144,31.380279378245735,31.47454071044922,17000
2014-07-14,31.633058610258278,31.633058610258278,31.585927963256836,31.585927963256836,12800
2014-07-15,31.675910680801696,31.675910680801696,31.457396112323824,31.513097763061523,7200
2014-07-16,31.723046938487936,31.740185659519344,31.598793662667823,31.663063049316406,18800
2014-07-17,31.628776145647397,31.645914861551837,31.320285797119144,31.32028579711914,28600
2014-07-18,31.461677221235334,31.705898198223377,31.44882400174266,31.697330474853516,31200
2014-07-21,31.620215654639036,31.641636602762343,31.50024461586694,31.603076934814453,11800
2014-07-22,31.72304177679032,31.82587081737053,31.72304177679032,31.774457931518555,14200
2014-07-23,31.808729487702937,31.81730048055878,31.74446011678808,31.81301498413086,4200
2014-07-24,31.84730276138666,31.855870488149197,31.791601096360488,31.83873176574707,8000
2014-07-25,31.825864898299866,31.825864898299866,31.650198789516107,31.675905227661133,22000
2014-07-28,31.654482051376927,31.723036913838857,31.555938522682606,31.697330474853516,7400
2014-07-29,31.817293869662155,31.817293869662155,31.594493865966797,31.594493865966797,19200
2014-07-30,31.6587681698198,31.714466545008165,31.491669775378874,31.62449073791504,25400
2014-07-31,31.474530472726467,31.474530472726467,30.964664306493738,31.00322723388672,24600
2014-08-01,30.973240045236206,31.020370703230284,30.724733533790378,30.878978729248047,33000
2014-08-04,30.930393108425214,31.136051177978516,30.840417294386135,31.136051177978516,10400
2014-08-05,31.02893881922457,31.04179204086209,30.72473392125684,30.83613395690918,40000
2014-08-06,30.716166196457262,30.921824280410174,30.64761132255542,30.83613395690918,31000
2014-08-07,30.964668930384104,30.973239923918328,30.5490672725093,30.621904373168945,37800
2014-08-08,30.729015100556534,30.973236083984375,30.630468300387896,30.973236083984375,28600
2014-08-11,31.10177292350008,31.18318101119333,31.050360041905176,31.054645538330078,70400
2014-08-12,31.080354033062576,31.080354033062576,30.913255619084516,30.960386276245117,24200
2014-08-13,31.17033577214699,31.22603416442871,31.0846454349633,31.22603416442871,26600
2014-08-14,31.226023309868747,31.33742332458496,31.226023309868747,31.33742332458496,40400
2014-08-15,31.48311043073256,31.48311043073256,31.21746516608577,31.290302276611328,9400
2014-08-18,31.513101107392803,31.620215654639036,31.513101107392803,31.603076934814453,48000
2014-08-19,31.645916564420087,31.770169809756474,31.645916564420087,31.75731658935547,16600
2014-08-20,31.76588853883023,31.851578865486132,31.70590465639581,31.82587242126465,40600
2014-08-21,31.817311357532184,31.928708151731993,31.817311357532184,31.894433975219727,38200
2014-08-22,31.894416957129913,31.945829828904202,31.855854034423828,31.855854034423828,24000
2014-08-25,31.98011399880544,32.06152208811293,31.962975281641967,32.03581237792969,8800
2014-08-26,32.06580948052083,32.142932085740405,32.05724175499713,32.061527252197266,19200
2014-08-27,32.12578914371028,32.12578914371028,32.01010362841777,32.02295684814453,17000
2014-08-28,31.903002720119442,32.06153345844603,31.903002720119442,32.02725601196289,27800
2014-08-29,32.04010232818599,32.11722493170405,32.010110386199884,32.1000862121582,5600
2014-09-02,32.16435009000954,32.16435009000954,32.061521059204715,32.09579849243164,30000
2014-09-03,32.275745665986186,32.28431338867432,32.125786002377644,32.142921447753906,11400
2014-09-04,32.27147852347913,32.32717692481725,32.0486816492493,32.11723327636719,56000
2014-09-05,32.15149459812878,32.194339752197266,31.975825216909527,32.194339752197266,38800
2014-09-08,32.241474927096334,32.241474927096334,32.06580552122368,32.155784606933594,12400
2014-09-09,32.20719857776941,32.20719857776941,31.898708184576847,31.937271118164062,29400
2014-09-10,32.005818045707386,32.01867453427522,31.877282579911352,32.01438903808594,9800
2014-09-11,31.90299962939874,32.02725290920469,31.90299962939874,31.988693237304688,32400
2014-09-12,32.031533781665814,32.031533781665814,31.72304337550228,31.82587242126465,18000
2014-09-15,31.855859000453055,31.855859000453055,31.645915447270625,31.727323532104492,42600
2014-09-16,31.723037405855468,32.03580998128071,31.723037405855468,32.01438903808594,18200
2014-09-17,32.091514025929996,32.091514025929996,31.954407557498257,32.03581237792969,17800
2014-09-18,32.134352707419836,32.20290756225586,32.104360775647926,32.20290756225586,26000
2014-09-19,32.25432512931797,32.25432512931797,32.09579772496701,32.181488037109375,12800
2014-09-22,32.04438845033175,32.04438845033175,31.830159355144787,31.915849685668945,14800
2014-09-23,31.860145038205157,31.8815692510653,31.641630488760207,31.645915985107422,15800
2014-09-24,31.62055913483209,31.951553784635202,31.594768536512017,31.9300594329834,11800
2014-09-25,31.921453719835142,31.921453719835142,31.444308122029685,31.50018882751465,12600
2014-09-26,31.573264929765312,31.732314558464513,31.465799762162874,31.689329147338867,16800
2014-09-29,31.500185373434594,31.65493545735282,31.332539995785886,31.495885848999023,25800
2014-09-30,31.650641824861868,31.71082205985782,31.49589171213604,31.543176651000977,38800
2014-10-01,31.55178520243676,31.55178520243676,31.096130497946284,31.143415451049805,636800
2014-10-02,31.147706484187506,31.17349707718306,30.855401071789125,31.104721069335938,22400
2014-10-03,31.237983095075773,31.49160266877156,31.237983095075773,31.483003616333008,29000
2014-10-06,31.62054465300679,31.62054465300679,31.319643545156293,31.444303512573242,19400
2014-10-07,31.139117260664655,31.276672584859572,30.88979721069336,30.88979721069336,29600
2014-10-08,30.958564925521667,31.44001007080078,30.782323750991832,31.44001007080078,23000
2014-10-09,31.345448475247913,31.345448475247913,30.7952271807839,30.842512130737305,14400
2014-10-10,30.84250856677277,30.919883632339403,30.41264782019754,30.438438415527344,29400
2014-10-13,30.34817424679977,30.498624882894816,29.883923758639703,29.89252281188965,21800
2014-10-14,30.021471708213184,30.26219594631744,29.96559099414855,29.987085342407227,28000
2014-10-15,29.720570385267944,29.922605451573723,29.148854831589272,29.858125686645508,74800
2014-10-16,29.613110956064165,30.004285867593037,29.44546550243114,29.8409366607666,72200
2014-10-17,30.2063188301392,30.279397663111254,30.01288277007736,30.12034797668457,33200
2014-10-20,30.047258234204023,30.369653701782227,30.034362940233102,30.369653701782227,63000
2014-10-21,30.520109553689437,30.881190965761547,30.520109553689437,30.868295669555664,39800
2014-10-22,31.005854095604644,31.091828211628382,30.71354866027832,30.71354866027832,33400
2014-10-23,30.967174782012634,31.21649485208341,30.967174782012634,31.061744689941406,9200
2014-10-24,31.173488576015053,31.379823102441826,31.074622476775417,31.354032516479492,54200
2014-10-27,31.43142548987499,31.43142548987499,31.24228567268495,31.34545135498047,26400
2014-10-28,31.504495185541245,31.788201578983738,31.504495185541245,31.715126037597656,27200
2014-10-29,31.848379255460348,31.865574077855406,31.560373359391466,31.706527709960938,24400
2014-10-30,31.693632356912413,31.977338726985675,31.693632356912413,31.912858963012695,17800
2014-10-31,32.38141549433424,32.38141549433424,32.18367991595567,32.26105499267578,22600
2014-11-03,32.355624176994695,32.37711853095422,32.18368246363031,32.2696533203125,29000
2014-11-04,32.23096157016519,32.286842288910904,32.13639167722831,32.22236251831055,32800
2014-11-05,32.4759821897871,32.604938451867106,32.26105180674305,32.351322174072266,48200
2014-11-06,32.38141997480755,32.437300707001604,32.299745360419344,32.415809631347656,13000
2014-11-07,32.55335825330028,32.55335825330028,32.40720388298539,32.437294006347656,10200
2014-11-10,32.44589478482886,32.57915058401216,32.43299620592091,32.55335998535156,17000
2014-11-11,32.7081112584963,32.7081112584963,32.55336436613042,32.57915496826172,33400
2014-11-12,32.57054249366518,32.62642648135988,32.39000179398248,32.596336364746094,32200
2014-11-13,32.669435369386505,32.669435369386505,32.45880440173445,32.55767059326172,20000
2014-11-14,32.62213474588865,32.62213474588865,32.49747472455711,32.561954498291016,39400
2014-11-17,32.57484979712229,32.57484979712229,32.506073776829645,32.561954498291016,8400
2014-11-18,32.58345768505531,32.802684383789774,32.58345768505531,32.74250411987305,41000
2014-11-19,32.75538791426323,32.75538791426323,32.56195188814476,32.67801284790039,46000
2014-11-20,32.58774561809506,32.751094818115234,32.544760194776224,32.751094818115234,23800
2014-11-21,33.137963747091604,33.137963747091604,32.828466760967146,32.90584182739258,11200
2014-11-24,33.00041267819977,33.00041267819977,32.94023242764466,32.966026306152344,9800
2014-11-25,33.08638977992386,33.08638977992386,32.93593914001879,33.03480529785156,12800
2014-11-26,33.08637985633204,33.12076950073242,33.017600567531254,33.12076950073242,21200
2014-11-28,33.137956330078026,33.249721018694274,33.12506103515625,33.12506103515625,11200
2014-12-01,33.29270466785951,33.29270466785951,32.85424826582103,32.88433837890625,51400
2014-12-02,32.94453459770457,33.137970664357624,32.94453459770457,33.10358428955078,16000
2014-12-03,33.146554949824484,33.236825292682596,33.09067424602941,33.22822952270508,36600
2014-12-04,33.22823002746487,33.2712154371584,33.06488087922229,33.18954086303711,71800
2014-12-05,33.24972570341707,33.258324754294165,33.18954546558534,33.245426177978516,114600
2014-12-08,33.168053262652286,33.284114208906,32.98321303004314,33.030494689941406,17400
2014-12-09,32.63502234844353,33.03479291582331,32.61353128198546,33.013301849365234,34000
2014-12-10,33.00470226454767,33.00470226454767,32.48457123878157,32.536155700683594,73600
2014-12-11,32.669416865111295,32.93163218389482,32.61783239467647,32.64792251586914,17400
2014-12-12,32.518967495325775,32.58774351227609,32.22236251831055,32.22236251831055,23800
2014-12-15,32.38141164209347,32.39000741422747,31.86557676546624,32.03322219848633,57000
2014-12-16,31.809688204565337,32.25674367558408,31.72371738611333,31.73231315612793,34600
2014-12-17,31.869874982346897,32.41150043270753,31.84408438742688,32.36851501464844,32600
2014-12-18,32.819870095167694,33.13796615600586,32.72530019826453,33.13796615600586,55000
2014-12-19,33.34859941380751,33.43886978220214,33.12077372982431,33.37009048461914,131600
2014-12-22,33.30130810817934,33.361488342285156,33.18094763996771,33.361488342285156,40600
2014-12-23,33.52914178060043,33.52914178060043,33.35719680786133,33.35719680786133,78800
2014-12-24,33.49310744440656,33.51899644988551,33.42406570700771,33.44132614135742,22000
2014-12-26,33.52762710730085,33.59666884899589,33.4413282222735,33.54488754272461,40200
2014-12-29,33.45426998964732,33.57940566716635,33.45426998964732,33.5621452331543,20400
2014-12-30,33.449972639938046,33.519014414339715,33.35504513827526,33.385250091552734,84200
2014-12-31,33.44133549175778,33.44133549175778,33.014150321455325,33.048667907714844,65200
2015-01-02,33.12203804386374,33.21696884895794,32.83292969414227,33.02710723876953,38400
2015-01-05,32.90627244350589,32.90627244350589,32.41867412860034,32.47908401489258,25200
2015-01-06,32.59128331571116,32.59128331571116,32.017385961191415,32.151153564453125,34400
2015-01-07,32.47046704366794,32.72505118513455,32.32807084991895,32.53950881958008,38000
2015-01-08,32.6689460230716,33.16948885073343,32.6689460230716,33.10476303100586,51600
2015-01-09,33.117692610352336,33.117692610352336,32.75954608908982,32.815643310546875,19600
2015-01-12,32.9019692434801,32.9019692434801,32.535193851315675,32.62580871582031,55000
2015-01-13,32.89332947537937,33.04003826549044,32.35395311392622,32.56538772583008,70000
2015-01-14,32.271960714570014,32.41866947677335,32.06483878265135,32.36257553100586,77000
2015-01-15,32.39711401563422,32.46183986030526,32.11663755012187,32.168418884277344,25600
2015-01-16,32.146832462816676,32.591278076171875,32.09073850407502,32.591278076171875,27000
2015-01-20,32.63874346129643,32.66463247423994,32.349638509786644,32.591278076171875,23200
2015-01-21,32.44889505473334,32.807041908511366,32.44889505473334,32.686222076416016,313000
2015-01-22,32.932172697021564,33.264427185058594,32.656012181951226,33.264427185058594,52600
2015-01-23,33.208333233813775,33.22127774357663,33.04436395666258,33.06593704223633,42000
2015-01-26,33.08751039603103,33.13497578888564,32.90628069172762,33.07456588745117,37600
2015-01-27,32.880382332729084,32.889014198255936,32.54812793597185,32.71209716796875,78000
2015-01-28,32.90628116344061,32.90628116344061,32.215879928512095,32.259029388427734,85800
2015-01-29,32.29785920820945,32.509293841996694,31.987177865122334,32.4963493347168,18600
2015-01-30,32.30648319295234,32.46613646657852,31.99580192565918,31.99580192565918,53200
2015-02-02,32.18135191256803,32.435935974121094,31.844781590877936,32.435935974121094,65400
2015-02-03,32.65600825903055,32.897647857666016,32.50498350988339,32.897647857666016,29600
2015-02-04,32.668947716610845,32.91058727788883,32.66463178384742,32.71209716796875,46400
2015-02-05,32.87176651990508,33.05299626121581,32.86745058546624,33.02710723876953,110000
2015-02-06,33.07887121595492,33.17811461131162,32.84586025994246,32.92353057861328,69200
2015-02-09,32.876069073746585,32.919218524292965,32.681891608149776,32.763877868652344,46000
2015-02-10,32.98826455841075,33.13066074078028,32.78114583141217,33.122032165527344,33600
2015-02-11,33.11339160399329,33.13928390713949,32.94942238049646,33.10476303100586,26800
2015-02-12,33.29462241693007,33.42838668823242,33.191059795187854,33.42838668823242,38600
2015-02-13,33.484483773102895,33.54920959472656,33.402500804998816,33.54920959472656,73000
2015-02-17,33.55783171469955,33.63550202729333,33.40680702134817,33.60529708862305,70600
2015-02-18,33.54057139716037,33.64844663821479,33.48879009630146,33.64413070678711,43800
2015-02-19,33.43701928082333,33.657085763369615,33.43701928082333,33.596675872802734,12800
2015-02-20,33.570789354500384,33.79085256130452,33.39818824344611,33.76927947998047,32000
2015-02-23,33.769287290939864,33.769287290939864,33.62257516037635,33.73908233642578,63400
2015-02-24,33.6915966058295,33.84262128726149,33.678652103434075,33.821044921875,26400
2015-02-25,33.833983144089075,33.93322649577035,33.77788592679162,33.846927642822266,18400
2015-02-26,33.890093859267914,33.890093859267914,33.704548270624564,33.842628479003906,32600
2015-02-27,33.76495103317723,33.86419770518144,33.72611752593069,33.75200653076172,77200
2015-03-02,33.69161303678622,34.00660705566406,33.69161303678622,34.00660705566406,56400
2015-03-03,33.9807135870696,33.9807135870696,33.691608623478594,33.859893798828125,46600
2015-03-04,33.73043307444666,33.73043307444666,33.54920344081686,33.70454406738281,70000
2015-03-05,33.70454406738281,33.82536382313601,33.6959122036339,33.70454406738281,20600
2015-03-06,33.6484635126831,33.6484635126831,33.19970188979497,33.28168487548828,42400
2015-03-09,33.342084503447246,33.47153613457914,33.29462241693007,33.42838668823242,23200
2015-03-10,33.247152671887186,33.247152671887186,32.8933219909668,32.8933219909668,74600
2015-03-11,32.96667714109085,32.9839375761851,32.78113157894189,32.811336517333984,54600
2015-03-12,32.85450393309719,33.19107437133789,32.85450393309719,33.19107437133789,35200
2015-03-13,33.17811319761057,33.17811319761057,32.81996656055046,32.966678619384766,153600
2015-03-16,33.199695376454784,33.49742889404297,33.199695376454784,33.49742889404297,25400
2015-03-17,33.286005233906636,33.41114098797012,33.182445858579094,33.320526123046875,42400
2015-03-18,33.363661753440276,33.74338150024414,33.14359529154317,33.74338150024414,30800
2015-03-19,33.618251900345335,33.72181124138633,33.562154651041894,33.65708541870117,18200
2015-03-20,33.76928311283882,34.0842771292141,33.76928311283882,33.99797821044922,64400
2015-03-23,33.93756227363747,34.054066122460966,33.924617767333984,33.924617767333984,60600
2015-03-24,33.894409504582285,33.98070839955395,33.74338150024414,33.74338150024414,40800
2015-03-25,33.87886961396646,33.87886961396646,33.26422882080078,33.26422882080078,43200
2015-03-26,33.2036360934718,33.329161904720216,33.026170844710165,33.19498062133789,33800
2015-03-27,33.16468212942582,33.33349190917929,33.16035274210126,33.32050704956055,28800
2015-03-30,33.54990221691713,33.74468164144742,33.52392920525373,33.72736740112305,30600
2015-03-31,33.56722902074168,33.69275153095487,33.43304443359375,33.43304443359375,36400
2015-04-01,33.40272550060179,33.40272550060179,33.13003370558602,33.29884338378906,120800
2015-04-02,33.32915315999083,33.51094774829855,33.24258525194545,33.38109588623047,35800
2015-04-06,33.27287712958885,33.66243593361057,33.134366525361436,33.610496520996094,34400
2015-04-07,33.61914642098879,33.6840739783569,33.45466613769531,33.45466613769531,19200
2015-04-08,33.51959924656747,33.62348137414971,33.5152698613985,33.610496520996094,23800
2015-04-09,33.62349183114616,33.71438913384409,33.467666940134194,33.69707489013672,65600
2015-04-10,33.71871155054789,33.822593688964844,33.662439444542066,33.822593688964844,17800
2015-04-13,33.80960703739501,33.90483370186305,33.658111572265625,33.658111572265625,16000
2015-04-14,33.62781980696922,33.69274409020535,33.497964635788584,33.65378952026367,71400
2015-04-15,33.79229429877966,33.93946368740737,33.77930944438531,33.81826400756836,104400
2015-04-16,33.83125686645508,33.91349538983399,33.70573108594044,33.83125686645508,9800
2015-04-17,33.64513229882911,33.64513229882911,33.238255865836976,33.38109588623047,27400
2015-04-20,33.55856557034568,33.76200381401195,33.55856557034568,33.73170471191406,36400
2015-04-21,33.90483837682251,33.90483837682251,33.679756538434816,33.69274139404297,32600
2015-04-22,33.80094416241664,33.91348505242781,33.63213447857642,33.870201110839844,19800
2015-04-23,33.76198068893376,34.043331188478646,33.70138252624436,33.94377517700195,26200
2015-04-24,33.991402643670995,34.017372352107245,33.83557778834637,33.90483474731445,19000
2015-04-27,34.0390196212453,34.0390196212453,33.69274139404297,33.69274139404297,16600
2015-04-28,33.66677158882972,33.86588041309128,33.61483216654212,33.79229736328125,21200
2015-04-29,33.73169775258809,33.78796655848812,33.56288803253422,33.7490119934082,38600
2015-04-30,33.697062661423566,33.697062661423566,33.285860255251144,33.346458435058594,37800
2015-05-01,33.57586500220857,33.78363254090156,33.53258106150049,33.74467468261719,45800
2015-05-04,33.74468304816464,33.97842034875702,33.74468304816464,33.87886428833008,95600
2015-05-05,33.85290013805123,33.86588499538007,33.480652150304174,33.484981536865234,26400
2015-05-06,33.59752153258018,33.61483577598649,33.19497445485768,33.355125427246094,54000
2015-05-07,33.381102591733004,33.549912357979345,33.36378834617509,33.47632598876953,65000
2015-05-08,33.75334203588593,33.91349298746866,33.75334203588593,33.87453842163086,26000
2015-05-11,33.77499174915174,33.887532696778614,33.70573806762695,33.70573806762695,22800
2015-05-12,33.56288490779759,33.70572490449964,33.385416432679264,33.658111572265625,40000
2015-05-13,33.70573120590852,33.762000017089534,33.58453150879282,33.62348937988281,48200
2015-05-14,33.79661354380747,33.95676443642321,33.72735660467976,33.95243835449219,19800
2015-05-15,33.9784275154056,34.00007114686677,33.89185959426994,33.9654426574707,17600
2015-05-18,33.93080348498419,34.13857105359062,33.93080348498419,34.099613189697266,57600
2015-05-19,34.129924031818724,34.14290889013531,34.026041862931415,34.10395431518555,73200
2015-05-20,34.06499299960224,34.242461518295485,34.02170904213085,34.11693572998047,23600
2015-05-21,34.12993020768715,34.2208275347059,34.112615959347124,34.168888092041016,27000
2015-05-22,34.16455281722463,34.19485192100982,34.07365550586906,34.10828399658203,24400
2015-05-26,34.05633022143662,34.05633022143662,33.658112614380286,33.79662322998047,35800
2015-05-27,33.870219059038114,34.08664218401599,33.72737900398756,34.05634307861328,29600
2015-05-28,34.004386446510836,34.004386446510836,33.88751945980755,33.98274612426758,6600
2015-05-29,33.90484984016583,33.93514894761372,33.74036614057297,33.80096435546875,15600
2015-06-01,33.93513736369366,33.961107074825534,33.75334278106277,33.900508880615234,13000
2015-06-02,33.77498005880266,33.91349067626506,33.770650673220004,33.81826400756836,31200
2015-06-03,33.852901458740234,33.956783623778016,33.77065962264331,33.852901458740234,13200
2015-06-04,33.701409589249465,33.787977519078304,33.51961495519601,33.52394104003906,24400
2015-06-05,33.5239301871476,33.571543523845776,33.47199076700688,33.532588958740234,36000
2015-06-08,33.48931682931401,33.48931682931401,33.311848274911426,33.32050704956055,44400
2015-06-09,33.268559168817646,33.3811001053843,33.16467700556235,33.28587341308594,43400
2015-06-10,33.467660028870505,33.76199550640511,33.467660028870505,33.71438217163086,25200
2015-06-11,33.723039597225686,33.88319053293617,33.723039597225686,33.7879638671875,35200
2015-06-12,33.71438916302404,33.71438916302404,33.52826517095167,33.588863372802734,48400
2015-06-15,33.32048806915147,33.46332474594821,33.22093203152654,33.437355041503906,38000
2015-06-16,33.424373255467145,33.63646690004253,33.407059016798264,33.627811431884766,56000
2015-06-17,33.68409335902082,33.83126279388825,33.549912084982154,33.78364944458008,23600
2015-06-18,33.82259990344343,34.112606048583984,33.80528566013373,34.112606048583984,38200
2015-06-19,34.095284859596674,34.095284859596674,33.88319120137907,33.913490295410156,78800
2015-06-22,34.03469952123856,34.1515698583065,34.026044049256214,34.064998626708984,30000
2015-06-23,34.103955687954546,34.13425479269773,33.98708535369172,34.030372619628906,64600
2015-06-24,34.0295069512054,34.0295069512054,33.80371279037595,33.80805587768555,94000
2015-06-25,33.890549261808275,33.890549261808275,33.67778110478949,33.747257232666016,81600
2015-06-26,33.76463223757893,33.84279123886425,33.62134018308839,33.69515609741211,76000
2015-06-29,33.391196759493646,33.50843357164116,32.97434997558594,32.97434997558594,21000
2015-06-30,33.247915472162205,33.25659833360989,32.94830540374254,33.03080749511719,60600
2015-07-01,33.278297854075994,33.356456828725904,33.1480317920583,33.317378997802734,39400
2015-07-02,33.38251718630077,33.39554644605136,33.21317325039152,33.29133224487305,32000
2015-07-06,33.01343584050169,33.2305438003238,33.00909275371997,33.2175178527832,95600
2015-07-07,33.117637173944146,33.417247132111164,32.85710835992238,33.395538330078125,44800
2015-07-08,33.052501751459744,33.06987077777112,32.82670772221487,32.8701286315918,19000
2015-07-09,33.18711580489222,33.28698690278037,32.87882296512148,32.90053176879883,28000
2015-07-10,33.22619300736435,33.326064103353346,33.13066830995358,33.256587982177734,33000
2015-07-13,33.41290255987288,33.647379475900486,33.41290255987288,33.64303970336914,54000
2015-07-14,33.58659106134112,33.799355873183536,33.58659106134112,33.7733039855957,36200
2015-07-15,33.75158396838241,33.81671366571035,33.64736982705268,33.68645095825195,18400
2015-07-16,33.96001248804318,33.96001248804318,33.851458553490126,33.95566940307617,19600
2015-07-17,34.112000121127906,34.112000121127906,34.007789232477215,34.10331726074219,25600
2015-07-20,34.146737049442315,34.146737049442315,34.016470958370185,34.08160400390625,35600
2015-07-21,33.9990930873181,34.090277993358505,33.886196069590554,33.92527389526367,37400
2015-07-22,33.825401306152344,33.964350187837276,33.786320173252044,33.825401306152344,22600
2015-07-23,33.855813011805445,33.855813011805445,33.590941057491996,33.61699295043945,21400
2015-07-24,33.63001851419802,33.63001851419802,33.15672479608249,33.20014572143555,64400
2015-07-27,33.00041251084308,33.13067862219202,32.97870038801665,33.03080749511719,46000
2015-07-28,33.169756862618726,33.443311724340894,33.04383383689761,33.40857696533203,35600
2015-07-29,33.451983702279215,33.647379475900486,33.43895775907826,33.64303970336914,26800
2015-07-30,33.58224506269453,33.708168029785156,33.447639238095704,33.708168029785156,45200
2015-07-31,33.8037015293471,33.877517424995105,33.71251660305183,33.76028060913086,16400
2015-08-03,33.786332756742596,33.786332756742596,33.5431729514314,33.673439025878906,11800
2015-08-04,33.721203138618755,33.74725502846882,33.582250891941335,33.66475296020508,72000
2015-08-05,33.76462119999239,33.92527892420125,33.73422622680664,33.73422622680664,13400
2015-08-06,33.82977396947999,33.82977396947999,33.32608176246737,33.42595291137695,56200
2015-08-07,33.38685607910156,33.38685607910156,33.174091242496,33.38685607910156,39200
2015-08-10,33.586599254591114,33.76462936401367,33.586599254591114,33.76462936401367,25600
2015-08-11,33.625681778733096,33.65173367373789,33.42159976705009,33.56489181518555,39200
2015-08-12,33.33474333427791,33.59527544752895,33.03947647702304,33.55619430541992,57000
2015-08-13,33.517121075464814,33.65607000895755,33.42159306253783,33.499752044677734,50000
2015-08-14,33.50410033875604,33.63870620727539,33.451993238294804,33.63870620727539,23600
2015-08-17,33.499752724387186,33.82975769042969,33.43896277180093,33.82975769042969,29800
2015-08-18,33.786323071161654,33.80369209696237,33.68211222916028,33.71685028076172,15200
2015-08-19,33.63869403062762,33.66908900002643,33.373822163236596,33.48237609863281,24600
2015-08-20,33.17407816765641,33.20013004800858,32.713807300351085,32.73551940917969,49400
2015-08-21,32.40986639895189,32.52276343227958,31.806306714044148,31.849727630615234,48200
2015-08-24,31.53275753228219,31.53275753228219,21.901847789444222,30.486295700073242,212400
2015-08-25,30.824969121523658,31.54142563111938,30.065091708001475,30.164962768554688,150400
2015-08-26,30.67734820196721,31.293933868408203,30.32563113670693,31.293933868408203,62400
2015-08-27,31.589199752518976,31.95393943786621,31.39814373859213,31.95393943786621,34000
2015-08-28,31.74553373059368,32.01474885766747,31.74553373059368,31.893165588378906,36000
2015-08-31,31.845375501734605,31.936563707283106,31.636953836259114,31.7064266204834,80600
2015-09-01,31.33302337515753,31.33302337515753,30.76854133605957,30.76854133605957,39800
2015-09-02,31.068152375241787,31.341707229614258,30.877096298204318,31.341707229614258,62200
2015-09-03,31.471958504967017,31.7368270603734,31.337349371953525,31.37643051147461,18400
2015-09-04,31.31999084071242,31.31999084071242,30.772881206494606,30.96393394470215,34800
2015-09-08,31.46762195212387,31.706438672626177,31.346042048914857,31.697755813598633,19000
2015-09-09,32.0234263896806,32.0234263896806,31.24183635267495,31.289600372314453,58200
2015-09-10,31.20274456842402,31.676038153490026,31.20274456842402,31.441564559936523,36400
2015-09-11,31.424197495926734,31.610910415649414,31.29827452096925,31.610910415649414,40600
2015-09-14,31.463280969469174,31.48933286109723,31.402491013800976,31.476306915283203,33600
2015-09-15,31.580529003113774,31.94526882831461,31.502369995884315,31.897504806518555,28800
2015-09-16,31.979996882322737,32.205787658691406,31.93657596142152,32.205787658691406,30600
2015-09-17,32.17104860722373,32.56618659471882,32.0755239093011,32.105918884277344,82200
2015-09-18,31.767214445003116,31.984322241988203,31.55444641874023,31.57615852355957,117400
2015-09-21,31.78459497496179,31.927886982862905,31.528409245202486,31.719465255737305,142000
2015-09-22,31.3113124949887,31.35473342753239,31.11157355504388,31.289600372314453,18200
2015-09-23,31.34170470515558,31.35038756577392,31.137622696177203,31.18104362487793,23800
2015-09-24,31.03341995082316,31.085523753819167,30.746835783123604,31.042102813720703,17200
2015-09-25,31.34591270365444,31.393859167338334,30.862058156843776,31.05385398864746,48600
2015-09-28,30.984114006400052,30.984114006400052,30.260510441503023,30.308460235595703,78000
2015-09-29,30.378209898842364,30.461029558431786,30.22564054160331,30.36513328552246,41600
2015-09-30,30.705139190140375,30.927448272705078,30.635392816691745,30.927448272705078,80600
2015-10-01,30.93617191103458,30.966685121624327,30.657193035445303,30.8184757232666,50200
2015-10-02,30.705143693626596,31.4636173248291,30.50462782908757,31.4636173248291,58400
2015-10-05,31.67720080641095,32.10438897086323,31.67720080641095,32.10002899169922,56200
2015-10-06,32.04771979253219,32.04771979253219,31.79053755397557,31.938743591308594,29600
2015-10-07,32.104386062411955,32.24823543058556,31.95182006238967,32.15669250488281,27400
2015-10-08,32.16105681904394,32.60568159411901,32.134903594282996,32.57080841064453,18800
2015-10-09,32.58824903831637,32.644915474212965,32.49234943472965,32.575172424316406,31000
2015-10-12,32.57953284186526,32.583892822265625,32.47491659209082,32.583892822265625,72000
2015-10-13,32.43568204581161,32.61004132827512,32.344139099121094,32.344139099121094,10800
2015-10-14,32.30926362240918,32.387726616156264,32.19156746894379,32.23080062866211,16400
2015-10-15,32.30926308081575,32.623111724853516,32.222080130508445,32.623111724853516,76600
2015-10-16,32.73645063465712,32.74952724687424,32.57516798305964,32.74517059326172,52600
2015-10-19,32.67105379222431,32.81926310986329,32.64926055406683,32.79310989379883,102800
2015-10-20,32.71466324832739,32.766969706563316,32.63184025520001,32.67107009887695,22200
2015-10-21,32.77566993977544,32.841052973217735,32.44002151489258,32.44002151489258,19800
2015-10-22,32.65798934719933,33.09825416049101,32.63619610092526,33.05902099609375,24800
2015-10-23,33.55595375981367,33.643133391596756,33.41210437425077,33.55159378051758,53400
2015-10-26,33.52108477522284,33.63006099144548,33.47749495387182,33.569034576416016,23800
2015-10-27,33.49929323039139,33.49929323039139,33.351087150412184,33.42955017089844,27200
2015-10-28,33.55159542886931,33.83493423461914,33.40338605672897,33.83493423461914,99600
2015-10-29,33.7433930646468,33.84364930893553,33.691083290002815,33.76518630981445,30000
2015-10-30,33.69979363862458,33.843642997803286,33.63876724243164,33.63876724243164,38800
2015-11-02,33.678026597079764,34.04854524097588,33.678026597079764,34.02674865722656,167600
2015-11-03,33.948264552603746,34.20109013421706,33.91775134969798,34.100833892822266,24800
2015-11-04,34.201087385252926,34.201087385252926,33.92210860234077,33.97877502441406,10800
2015-11-05,34.01365511464616,34.01365511464616,33.81313928154253,33.9351921081543,58400
2015-11-06,33.89594948098926,33.89594948098926,33.59517418195196,33.86979293823242,29200
2015-11-09,33.84800664265087,33.84800664265087,33.399025253874676,33.625694274902344,38600
2015-11-10,33.60391339030596,33.64750654896058,33.50365710705895,33.634429931640625,28200
2015-11-11,33.71725114247881,33.71725114247881,33.52981185913086,33.52981185913086,53600
2015-11-12,33.294417961656634,33.37288098351122,33.05467224121094,33.05467224121094,18200
2015-11-13,32.99362231767904,32.99362231767904,32.63182067871094,32.63182067871094,41800
2015-11-16,32.705929894606456,33.16798782348633,32.705929894606456,33.16798782348633,99800
2015-11-17,33.08517888163472,33.34236114759245,33.037229081932416,33.12440872192383,217400
2015-11-18,33.25517549220638,33.63441384151932,33.21594233332391,33.60825729370117,90800
2015-11-19,33.5777448735717,33.704157659615994,33.54723167181546,33.643131256103516,39000
2015-11-20,33.80877712493981,33.90467671844286,33.72595746975163,33.804420471191406,79000
2015-11-23,33.786987472898176,33.93955351256721,33.70852446311264,33.80006408691406,48400
2015-11-24,33.63441841111509,33.89596064500342,33.512362264656595,33.83493423461914,41600
2015-11-25,33.90903664780478,33.922113260410455,33.808777075011506,33.81313705444336,42600
2015-11-27,33.839288024517195,33.91339436716049,33.76082502842227,33.88288116455078,50400
2015-11-30,33.970072562430076,33.970072562430076,33.69545364379883,33.69545364379883,23000
2015-12-01,33.808796122500404,34.02674865722656,33.808796122500404,34.02674865722656,33200
2015-12-02,34.06597593145679,34.06597593145679,33.69109737072416,33.712890625,52800
2015-12-03,33.826219299707425,33.826219299707425,33.05902575075472,33.10697555541992,28000
2015-12-04,33.276972991386195,33.8872404160579,33.24210313265146,33.839290618896484,49000
2015-12-07,33.70852400015339,33.70852400015339,33.43390180683061,33.569034576416016,78200
2015-12-08,33.33801124947523,33.56468035480112,33.211598417887245,33.473140716552734,86600
2015-12-09,33.29441156825449,33.61698355487591,32.971842907323186,33.12876892089844,83200
2015-12-10,33.211585998535156,33.45569160924844,33.13312300570738,33.211585998535156,261400
2015-12-11,32.766964247731295,32.83235063532349,32.562088451931004,32.57080841064453,277400
2015-12-14,32.55336060166454,32.775672912597656,32.35284485431476,32.775672912597656,100800
2015-12-15,33.063378331066346,33.25081752761889,33.024148495496824,33.111328125,223200
2015-12-16,33.338001523546,33.65621017428703,32.94568652715519,33.56467056274414,88400
2015-12-17,33.61262165276462,33.61262165276462,33.032867431640625,33.032867431640625,161200
2015-12-18,33.00235381383944,33.00235381383944,32.58388558203588,32.601322174072266,296200
2015-12-21,32.657986418581,32.74080939378916,32.44875397952516,32.701576232910156,153600
2015-12-22,32.84978423786055,33.08517321635909,32.73208808576651,33.0197868347168,98000
2015-12-23,33.32928594734705,33.42518555081787,33.23338634387624,33.40338897705078,69800
2015-12-24,33.45505045906419,33.48131955020376,33.363101959228516,33.363101959228516,45200
2015-12-28,33.29741832594323,33.35433578491211,33.117904020820404,33.35433578491211,164000
2015-12-29,33.56450432921291,33.75714986883082,33.56450432921291,33.72212219238281,56000
2015-12-30,33.673978172483885,33.682733425247875,33.52511215209961,33.52511215209961,97800
2015-12-31,33.32370228913938,33.45943039674806,33.14856719970703,33.14856719970703,27000
2016-01-04,32.74574670555455,32.74574670555455,32.32542465082946,32.62752914428711,70800
2016-01-05,32.70197298442747,32.758890463746866,32.55748629797398,32.697593688964844,45000
2016-01-06,32.29040470789159,32.45240522897858,32.15467661805497,32.307918548583984,81600
2016-01-07,31.808780764860337,32.08899549090849,31.524186744223712,31.594242095947266,78800
2016-01-08,31.738735643907024,31.756249487483384,31.195819854736328,31.195819854736328,28800
2016-01-11,31.362193917107525,31.419114739406478,30.8192781701928,31.204572677612305,135400
2016-01-12,31.42348991148337,31.58549044260036,31.07760239277004,31.44976234436035,48800
2016-01-13,31.624892454706902,31.624892454706902,30.600354584435895,30.617868423461914,190200
2016-01-14,30.714194773501614,31.26586904556751,30.46900435234819,31.095109939575195,45200
2016-01-15,30.25447105173022,30.455875238305023,30.083715255711933,30.30263328552246,109600
2016-01-19,30.718578603236853,30.718578603236853,30.11436272164019,30.390201568603516,199600
2016-01-20,29.89106345890867,30.377061705794706,29.330633890714537,30.123119354248047,85400
2016-01-21,30.171289358838184,30.63539458827353,29.99177494191344,30.276369094848633,97200
2016-01-22,30.666040221660733,30.884958267211918,30.666040221660733,30.884958267211914,71400
2016-01-25,30.731707957576898,30.823653110887864,30.333275619472673,30.368303298950195,78600
2016-01-26,30.504045622906688,30.83680205245134,30.504045622906688,30.828046798706055,47200
2016-01-27,30.788629191245217,31.02944034153126,30.39457610006069,30.482145309448242,370600
2016-01-28,30.83679244077452,30.84992698751094,30.39020114961682,30.657278060913086,62800
2016-01-29,30.884954053181747,31.441004343226002,30.884954053181747,31.42786979675293,60800
2016-02-01,31.3446828238298,31.576738748188557,31.20457541426036,31.502304077148438,204800
2016-02-02,31.287761130562195,31.287761130562195,30.854304412422966,30.928735733032227,77600
2016-02-03,31.143275014873527,31.143275014873527,30.390199863652857,30.911222457885742,61200
2016-02-04,30.87619604973448,31.27462844926336,30.819278567126307,31.033817291259766,70400
2016-02-05,30.86305975276871,30.86305975276871,30.223819571911402,30.442737579345703,62000
2016-02-08,30.004901376509586,30.01803592240557,29.492634044024147,29.917335510253906,34800
2016-02-09,29.94798474163935,30.180037300139148,29.65025611138472,29.939226150512695,63600
2016-02-10,30.114360379541022,30.30262999837204,29.917335510253906,29.917335510253906,26400
2016-02-11,29.55392961906367,29.81663054759286,29.409442939224377,29.68528175354004,65200
2016-02-12,29.95236087896592,30.2325756378446,29.79473965954373,30.18878936767578,83000
2016-02-16,30.64852054647685,30.753600253031866,30.346412632154586,30.727331161499023,56400
2016-02-17,30.950621874356415,31.331536982216623,30.950621874356415,31.28775405883789,39800
2016-02-18,31.349064251815058,31.349064251815058,31.130146200698437,31.18706703186035,16000
2016-02-19,31.04256738985841,31.187054045130942,30.95062224752761,31.112619400024414,13800
2016-02-22,31.524196601258993,31.5986279304213,31.432251428689543,31.528575897216797,25800
2016-02-23,31.462888859197587,31.462888859197587,31.108242839912897,31.138891220092773,21600
2016-02-24,31.068846653406823,31.32279237184295,30.626631294119647,31.26149559020996,43800
2016-02-25,31.344675891392846,31.655542373657223,31.22208235268636,31.655542373657227,45600
2016-02-26,31.76938477749104,31.791277917579144,31.515442390759624,31.603008270263672,42200
2016-02-29,31.624892869356522,31.725593269547414,31.30527114868164,31.30527114868164,37400
2016-03-01,31.61176204448645,32.09776033599362,31.541710012242334,32.07149124145508,21400
2016-03-02,32.071487856736326,32.26851272583008,31.997056536449673,32.26851272583008,67400
2016-03-03,32.22911219429357,32.413002535226845,32.137167023826926,32.40424728393555,50000
2016-03-04,32.351704126154566,32.623163668454076,32.25975896031695,32.44364929199219,24200
2016-03-07,32.35169536420469,32.63628937591405,32.35169536420469,32.58374786376953,102000
2016-03-08,32.42613230465657,32.50932221157457,32.207214309965835,32.215972900390625,77400
2016-03-09,32.3560900232421,32.43927661477752,32.22473785071848,32.364845275878906,66400
2016-03-10,32.496196933265544,32.675708003082704,32.04084697360634,32.28165817260742,92400
2016-03-11,32.68008399311072,32.92089516774754,32.64505630581371,32.90776062011719,71400
2016-03-14,32.96029446878622,32.96029446878622,32.78078344077819,32.91651153564453,43400
2016-03-15,32.693199622208226,32.802658576352826,32.60125450157742,32.798282623291016,24000
2016-03-16,32.793921177981176,33.10040508022182,32.706351962752414,33.03472900390625,44600
2016-03-17,33.06974610523299,33.42001617318768,33.06974610523299,33.345584869384766,56200
2016-03-18,33.46819250837015,33.49446160539938,33.32808509017369,33.481327056884766,38000
2016-03-21,33.40689357030145,33.56013552714383,33.363107290840084,33.43754196166992,100600
2016-03-22,33.376232655803555,33.586392020497826,33.31493255564295,33.468177795410156,30600
2016-03-23,33.29742389448543,33.384989744531374,33.01282987120154,33.09164047241211,20600
2016-03-24,33.03034697585264,33.11791283455846,32.916508687196355,33.10477828979492,20400
2016-03-28,33.16607177899346,33.214233998645646,33.01282987120154,33.09164047241211,15800
2016-03-29,33.0828935752295,33.498839861008086,32.999706990413166,33.40689468383789,39800
2016-03-30,33.61267468943815,33.73089230272246,33.52948810499002,33.6170539855957,32800
2016-03-31,33.69148153402153,33.726509218499274,33.507591201149104,33.51634979248047,33000
2016-04-01,33.28867300039858,33.83596804075874,33.28867300039858,33.83158874511719,104800
2016-04-04,33.83595718447513,33.83595718447513,33.64330832314421,33.708984375,33200
2016-04-05,33.43316053023492,33.56888863470852,33.358729204583206,33.38937759399414,25000
2016-04-06,33.46380214173524,33.800934356971275,33.363098402396915,33.792179107666016,73600
2016-04-07,33.66958916435903,33.66958916435903,33.21861861753731,33.363101959228516,24200
2016-04-08,33.713374741977,33.713374741977,33.428780650745665,33.503211975097656,67600
2016-04-11,33.73089245202204,33.739647703951675,33.354353150987386,33.40689468383789,75800
2016-04-12,33.41126990296152,33.70462261271221,33.41126990296152,33.638946533203125,13000
2016-04-13,33.82721101291951,34.05926356337444,33.82721101291951,33.993587493896484,22400
2016-04-14,33.99358419852522,34.07677410116103,33.92790813541397,33.98482894897461,16000
2016-04-15,34.0461251519941,34.0461251519941,33.936666162099954,34.002342224121094,29000
2016-04-18,33.958549919196635,34.30006137249,33.958549919196635,34.269412994384766,45600
2016-04-19,34.48396147780866,34.48396147780866,34.194988138015894,34.31320571899414,44800
2016-04-20,34.326344182865014,34.44893773237858,34.194992042429796,34.199371337890625,10400
2016-04-21,34.30444892033983,34.31320751071876,34.08991022198479,34.146827697753906,28400
2016-04-22,34.03300052275731,34.08553871534194,33.8972690642571,33.93229675292969,34400
2016-04-25,33.92790383169217,33.993579886472475,33.835958691168905,33.989200592041016,136400
2016-04-26,34.181857599977526,34.181857599977526,33.91477736326121,34.085533142089844,43200
2016-04-27,34.03737796261223,34.225647621905956,33.87100144479952,34.10305404663086,40400
2016-04-28,33.92354012500577,34.151213411294464,33.643321967415226,33.647701263427734,53600
2016-04-29,33.55575727511623,33.57765041552806,33.27116315188358,33.5119743347168,18000
2016-05-02,33.59077281169541,33.774663099102796,33.44628615426545,33.74839401245117,64800
2016-05-03,33.46379909657629,33.46379909657629,33.23174659623605,33.345584869384766,43600
2016-05-04,33.266780386031705,33.33683240824546,33.104779865250606,33.17045593261719,29600
2016-05-05,33.31932133021485,33.37186285654924,33.1310517030464,33.19234848022461,31600
2016-05-06,33.04348084403638,33.42002004152371,33.04348084403638,33.336830139160156,49400
2016-05-09,33.25802336040973,33.45067227630364,33.25802336040973,33.332454681396484,17000
2016-05-10,33.58201750160766,33.7615318523836,33.564507002412135,33.75715255737305,41800
2016-05-11,33.74402700012861,33.74402700012861,33.40689468383789,33.40689468383789,24800
2016-05-12,33.49008514141593,33.538247383658934,33.28430162281849,33.39813995361328,21600
2016-05-13,33.3981253619232,33.45942212701099,33.104776080371195,33.166072845458984,269000
2016-05-16,33.28429014495766,33.56888420359199,33.21861741947728,33.50758743286133,101600
2016-05-17,33.582025037373405,33.582025037373405,33.10478532725465,33.126678466796875,220400
2016-05-18,33.12229161000675,33.36747868287533,32.89461503626592,33.11353302001953,43200
2016-05-19,33.07413325473018,33.07413325473018,32.772025332879885,33.00845718383789,316600
2016-05-20,33.07851727157287,33.33683895608306,33.07851727157287,33.20111083984375,47600
2016-05-23,33.122298082070735,33.30618842265416,33.122298082070735,33.15294647216797,25600
2016-05-24,33.38061503987376,33.660829807059116,33.363101199371734,33.60829162597656,385200
2016-05-25,33.84472222830726,33.90601899761801,33.79218070871659,33.853477478027344,36400
2016-05-26,33.78780741782158,33.866618041000734,33.78780741782158,33.796566009521484,26800
2016-05-27,33.844729194558006,34.01548499284506,33.844729194558006,33.9804573059082,60000
2016-05-31,34.08553149811065,34.10742463400145,33.866613500896804,34.03299331665039,25000
2016-06-01,33.93228956814566,34.05488311211765,33.79656147880861,34.03299331665039,21800
2016-06-02,33.945431105374624,34.151214599609375,33.844730676551805,34.151214599609375,10600
2016-06-03,34.151201081776044,34.151201081776044,33.94541766899511,33.989200592041016,16400
2016-06-06,34.068019738849976,34.282561794331826,34.068019738849976,34.18623733520508,20600
2016-06-07,34.15558940715782,34.37450742069351,34.15558940715782,34.282562255859375,108200
2016-06-08,34.26505704607188,34.413919729374626,34.26505704607188,34.36138153076172,37800
2016-06-09,34.238767821324764,34.32633701012458,34.164336516162166,34.29568862915039,21600
2016-06-10,33.99797608419635,34.05927287502106,33.892896348557514,33.94981384277344,71400
2016-06-13,33.857870572708045,33.98921941458408,33.682735443115234,33.682735443115234,21600
2016-06-14,33.74403013117199,33.765923273663844,33.450680728158574,33.630191802978516,66000
2016-06-15,33.805314873169976,33.81407346321491,33.62142456730665,33.643314361572266,58800
2016-06-16,33.57765779085314,33.73527908325195,33.275549757017906,33.73527908325195,54800
2016-06-17,33.643329048195824,33.700249887065986,33.481331806303366,33.66084289550781,44600
2016-06-20,33.958569180611455,34.05927296031828,33.84473419189453,33.84473419189453,17600
2016-06-21,33.93831387277055,34.01739357314919,33.84166053321566,33.97346115112305,34600
2016-06-22,33.98223595683888,34.122821675651416,33.84604448444083,33.90315628051758,59000
2016-06-23,34.197504138294036,34.35127258300781,34.14478659320601,34.35127258300781,24200
2016-06-24,33.2046297075699,33.61320757225845,32.92784909972458,32.93224334716797,48400
2016-06-27,32.78726281340642,32.78726281340642,32.16780800713728,32.26885223388672,47800
2016-06-28,32.65985147660361,32.89709052109041,32.60273967678996,32.8839111328125,142000
2016-06-29,33.1782609897833,33.54290636315221,33.1782609897833,33.50775909423828,97800
2016-06-30,33.59562507745612,33.982234954833984,33.455039362788916,33.982234954833984,22600
2016-07-01,33.92513082147954,34.250234731595334,33.92513082147954,34.09207534790039,36000
2016-07-05,33.88998200391516,33.90755564039543,33.727428380344,33.82847595214844,38400
2016-07-06,33.84604561206907,34.04813738010582,33.643953844032325,34.04374313354492,58600
2016-07-07,34.01738346870085,34.153574942076574,33.863618361368914,34.00859832763672,49400
2016-07-08,34.26780231645405,34.610479803326115,34.26780231645405,34.56654739379883,51800
2016-07-11,34.614878310648315,34.777431932919164,34.562157401629236,34.6895637512207,32800
2016-07-12,34.93556857291882,35.08494272301432,34.860883173784345,34.99707794189453,140000
2016-07-13,35.014654883220075,35.01904912866067,34.913610700876816,34.97511672973633,18400
2016-07-14,35.32658831636764,35.32658831636764,35.071775668994725,35.13328170776367,133600
2016-07-15,35.243119629115256,35.243119629115256,34.99709543752701,35.067386627197266,21400
2016-07-18,35.07178367377782,35.181616389765985,35.0498157898488,35.14646911621094,55000
2016-07-19,35.03224659082722,35.05860872524721,34.98391992152431,35.05421447753906,21000
2016-07-20,35.194793471670685,35.35734708733278,35.1244989291698,35.30023193359375,59800
2016-07-21,35.24311872393271,35.295836276874354,35.06738572652824,35.155250549316406,25200
2016-07-22,35.2167665008763,35.37931678846586,35.15965133879022,35.335384368896484,30600
2016-07-25,35.361729659683775,35.361729659683775,35.17281731096011,35.282649993896484,23200
2016-07-26,35.229947970308345,35.361745236793176,35.17283280485219,35.28705978393555,156600
2016-07-27,35.29582879505545,35.29582879505545,35.10691980128761,35.15085220336914,22400
2016-07-28,35.172817623500265,35.23432365834497,35.01026739647963,35.185997009277344,118600
2016-07-29,35.26947438347055,35.41006009860426,35.18160956844742,35.38370132446289,51800
2016-08-01,35.37052619110623,35.47157040535178,35.256299236376776,35.29583740234375,16200
2016-08-02,35.322194356817675,35.33976798972678,34.97072840229103,35.13767623901367,65600
2016-08-03,35.13327836993983,35.256290435791016,35.06298384555206,35.256290435791016,23000
2016-08-04,35.3046196209284,35.361731412227904,35.212360564908735,35.33097839355469,96000
2016-08-05,35.42763670982214,35.5901903182889,35.42324246315328,35.58140182495117,22800
2016-08-08,35.704406152705864,35.704406152705864,35.51988805467669,35.572608947753906,96200
2016-08-09,35.66487074793758,35.678050134266684,35.50671140833298,35.5418586730957,27600
2016-08-10,35.62534183861639,35.62534183861639,35.44521790869191,35.47157669067383,39800
2016-08-11,35.572614396147216,35.74395313510662,35.550646516043535,35.735164642333984,18000
2016-08-12,35.68684291158906,35.73516621665582,35.585795351219524,35.66487503051758,37000
2016-08-15,35.81865300337282,35.88015907026332,35.80547361072904,35.80986785888672,36600
2016-08-16,35.74833944034335,35.74833944034335,35.59896526284175,35.60775375366211,39400
2016-08-17,35.629726125040186,35.7219851880124,35.37052256980797,35.62533187866211,89400
2016-08-18,35.62532014168218,35.72197341918945,35.58578199278928,35.72197341918945,28200
2016-08-19,35.6253238374951,35.74394500013331,35.57700054555515,35.713191986083984,17800
2016-08-22,35.77031033902364,35.77031033902364,35.58579222083574,35.68244552612305,77800
2016-08-23,35.849394686305985,35.91090073372265,35.80546227412668,35.818641662597656,15800
2016-08-24,35.75712114621258,35.81423292375281,35.58578246176505,35.62092971801758,94400
2016-08-25,35.590188247677,35.761526987684995,35.58579400126379,35.62972640991211,21200
2016-08-26,35.62973651101259,35.91090802826803,35.44082408362263,35.59458923339844,32800
2016-08-29,35.6297289325031,35.79667678974575,35.6297289325031,35.70441436767578,54600
2016-08-30,35.752735061254285,35.783488079537456,35.55943181140046,35.64290237426758,31400
2016-08-31,35.61654409684574,35.61654409684574,35.43642023063519,35.5418586730957,25600
2016-09-01,35.515493022164215,35.625325699771345,35.33976341945466,35.54624938964844,76800
2016-09-02,35.78787368583776,35.78787368583776,35.62092924857861,35.72197341918945,81000
2016-09-06,35.73076122151073,35.80544662475586,35.612140073460964,35.80544662475586,241800
2016-09-07,35.84500072419764,35.84500072419764,35.69562985123617,35.823036193847656,106600
2016-09-08,35.80546193136624,35.80546193136624,35.63851742595175,35.70441436767578,101600
2016-09-09,35.37052506375215,35.388098698675655,34.82136154174805,34.82136154174805,42800
2016-09-12,34.685172121185076,35.37053058282996,34.685172121185076,35.304630279541016,25600
2016-09-13,35.041032492016576,35.071785520039036,34.658813413598615,34.75986099243164,186400
2016-09-14,34.707128967998216,34.83453528668233,34.63244354554368,34.6631965637207,41800
2016-09-15,34.645621789386226,35.12888492416103,34.645621789386226,35.05859375,16000
2016-09-16,34.953161978143505,35.00588288774402,34.81257623770391,34.91362380981445,22400
2016-09-19,34.99708774298713,35.21235886329684,34.90043444559124,34.95754623413086,107600
2016-09-20,35.18601632681282,35.18601632681282,34.97074508666992,34.97074508666992,39000
2016-09-21,35.13768396383752,35.40128181176914,34.961950947940274,35.35734939575195,67800
2016-09-22,35.581399078956935,35.64729936659156,35.52868153031153,35.612152099609375,17600
2016-09-23,35.546243134877024,35.546243134877024,35.379295349121094,35.379295349121094,13800
2016-09-26,35.21754929090476,35.23518050726725,35.07650292281557,35.089725494384766,58600
2016-09-27,35.142634225007285,35.3145344547995,35.04566417480406,35.2880859375,24600
2016-09-28,35.40267635738695,35.50405502319336,35.191105097918005,35.50405502319336,51200
2016-09-29,35.50404641503298,35.539305480719804,35.111761145731066,35.18669128417969,38000
2016-09-30,35.44674478953497,35.601013713575895,35.31892100595524,35.48641586303711,167800
2016-10-03,35.45997623390502,35.45997623390502,35.28807605226712,35.3762321472168,24800
2016-10-04,35.451153608095304,35.451153608095304,35.11616725509571,35.17346954345703,23400
2016-10-05,35.31892325667089,35.41148461699397,35.28366418807916,35.314517974853516,18600
2016-10-06,35.261626476910614,35.38063298663346,35.173473755842636,35.340965270996094,24200
2016-10-07,35.411481699525545,35.411481699525545,35.05445885872072,35.18669128417969,58200
2016-10-10,35.32774474222945,35.4511599039864,35.29689095179022,35.30129623413086,27400
2016-10-11,35.34977700606633,35.34977700606633,34.737106553044356,34.86933898925781,38400
2016-10-12,34.94867045117101,34.94867045117101,34.78999290610703,34.886962890625,20400
2016-10-13,34.68861700126847,34.86051712811524,34.45500930903107,34.7679557800293,46600
2016-10-14,35.014780189660016,35.02800275550539,34.741501498555145,34.776763916015625,46400
2016-10-17,34.79440716846753,34.79440716846753,34.63132095336914,34.63132095336914,73000
2016-10-18,34.94867458986363,34.94867458986363,34.834073379788364,34.904598236083984,91200
2016-10-19,34.93986459342305,35.02361203704976,34.84730322232504,34.97071838378906,313800
2016-10-20,34.9795292050154,34.9795292050154,34.76795799391118,34.89137649536133,101000
2016-10-21,34.77238550198028,34.939877086310005,34.75034563120515,34.90902328491211,40200
2016-10-24,35.07649695286366,35.102942091501134,35.01478938750281,35.06327438354492,41200
2016-10-25,35.11176163230683,35.11176163230683,34.87815056238393,34.89137649536133,127400
2016-10-26,34.829671929161215,34.97071830807342,34.741519203395185,34.820858001708984,62400
2016-10-27,34.97511699528154,34.97511699528154,34.693024317773,34.72828674316406,145600
2016-10-28,34.73711190562325,34.87815829000627,34.551989156647615,34.596065521240234,73600
2016-10-31,34.65335801870567,34.7194708654865,34.569610595703125,34.569610595703125,54800
2016-11-01,34.68420687737434,34.776768212536744,34.1596892819778,34.366851806640625,49800
2016-11-02,34.305159833275795,34.35805012721753,34.10240585993979,34.12003707885742,235800
2016-11-03,34.22139930838916,34.25666173275092,34.005422844090646,34.03186798095703,180800
2016-11-04,34.058314264856946,34.25666288646454,34.02746048320376,34.036277770996094,76600
2016-11-07,34.49027481357874,34.84729766845703,34.49027481357874,34.84729766845703,40200
2016-11-08,34.807639400664364,35.14262584985679,34.68862950820922,35.03683853149414,230800
2016-11-09,34.578429011275716,35.45556433765209,34.578429011275716,35.314517974853516,75200
2016-11-10,35.543714246255384,35.596607889181485,35.080904118380225,35.2528076171875,39200
2016-11-11,35.204327950409166,35.283666745409434,35.06768685952433,35.243995666503906,49400
2016-11-14,35.398278564946914,35.398278564946914,35.17348802617993,35.2880859375,52200
2016-11-15,35.371809827140034,35.63186264038086,35.371809827140034,35.63186264038086,58600
2016-11-16,35.61864554409207,35.62305418851528,35.495230402725156,35.60542297363281,28400
2016-11-17,35.65390820910672,35.79495456628675,35.5922006380161,35.73765563964844,46200
2016-11-18,35.759684370285406,35.772910300770015,35.627455330726434,35.671531677246094,70200
2016-11-21,35.75529569465258,35.913973306062275,35.75529569465258,35.89193344116211,30600
2016-11-22,35.980072657540035,36.04178022070366,35.8698801000607,36.01533508300781,66800
2016-11-23,35.922768416193584,36.032960957347555,35.90954584930463,36.024147033691406,290000
2016-11-25,36.05941998705793,36.151981353759766,36.05941998705793,36.151981353759766,92800
2016-11-28,36.12554562487234,36.14317684638358,36.01094436645508,36.01094436645508,68400
2016-11-29,35.99329922424264,36.174013273035975,35.95362815418896,36.05059814453125,84200
2016-11-30,36.13876057586399,36.1475778661652,35.92719268798828,35.92719268798828,27600
2016-12-01,36.002112655460266,36.002112655460266,35.6274586311221,35.702388763427734,198000
2016-12-02,35.64948865216406,35.79935225237469,35.640674728767856,35.706790924072266,88200
2016-12-05,35.834631316691286,36.03297663192614,35.834631316691286,35.92719268798828,60400
2016-12-06,35.91396987840581,36.05942153930664,35.909561233284286,36.05942153930664,55800
2016-12-07,35.98008139883984,36.57512404404083,35.98008139883984,36.548675537109375,161200
2016-12-08,36.601566114919336,36.751426402767756,36.539858541945215,36.65005111694336,131200
2016-12-09,36.78669336724507,36.86603216553346,36.72057714153626,36.83517837524414,73400
2016-12-12,36.90570324608312,36.93655703637244,36.75583957695575,36.83517837524414,74400
2016-12-13,36.94978998837246,37.18780645009789,36.94978998837246,37.077613830566406,76600
2016-12-14,37.068784796055645,37.117269802316514,36.76024690422358,36.795509338378906,97200
2016-12-15,36.76464671428357,37.07318453197092,36.76464671428357,36.90569305419922,126800
2016-12-16,37.01588836476567,37.01588836476567,36.73820094538884,36.786685943603516,106000
2016-12-19,36.88807563774904,36.94978322436556,36.80432818613607,36.8836669921875,95800
2016-12-20,36.88366339205664,37.05115491612284,36.88366339205664,37.01589584350586,372200
2016-12-21,36.97648198133004,36.98090733987965,36.89678161166523,36.901206970214844,152000
2016-12-22,36.89235315562976,36.89235315562976,36.77722964787454,36.83479309082031,134400
2016-12-23,36.86579882475099,36.87908166085682,36.79495252800341,36.86137008666992,174600
2016-12-27,36.91891501238813,37.082744472754925,36.91891501238813,36.972049713134766,105400
2016-12-28,36.99861871778286,36.99861871778286,36.60454560817594,36.63554000854492,125200
2016-12-29,36.653251577060956,36.72409785112508,36.564697112617075,36.63554000854492,77400
2016-12-30,36.750667155288745,36.750667155288745,36.3610227437474,36.47614288330078,68800
2017-01-03,36.701969407385285,36.88351050974333,36.57799176584193,36.7728157043457,119800
2017-01-04,36.92334385619576,37.087173317039735,36.90563228922863,37.05175018310547,121200
2017-01-05,37.05175753681228,37.06061163298514,36.87021647297051,36.98091125488281,76000
2017-01-06,37.051746685395415,37.246570525506364,36.914486277027606,37.153587341308594,56400
2017-01-09,37.14030826562219,37.14030826562219,36.98090752549252,37.02961349487305,99400
2017-01-10,36.98091538026372,37.118179222280276,36.95877844829378,36.97649002075195,104400
2017-01-11,36.98090375129035,37.11373881388694,36.91448959812802,37.09159851074219,49600
2017-01-12,37.056182649365034,37.056182649365034,36.77280430563875,37.003047943115234,43200
2017-01-13,37.04732133729644,37.15801609691174,37.04289597916973,37.07831573486328,34200
2017-01-17,37.02518819242383,37.082748257171566,36.94548782223819,37.01633071899414,106000
2017-01-18,37.073890321989545,37.11373881388694,36.97647839317017,37.09159851074219,291800
2017-01-19,37.10489638747091,37.15360236719662,36.94106687583561,36.97649002075195,340600
2017-01-20,37.14917736557204,37.206737448247026,37.029625083990496,37.15803146362305,80400
2017-01-23,37.11375790058195,37.1580351515062,36.95878583327824,37.12261199951172,66600
2017-01-24,37.224437925206175,37.4591103021776,37.149166290731635,37.414833068847656,31200
2017-01-25,37.58751688288271,37.671645991440776,37.52995681700088,37.66721725463867,75200
2017-01-26,37.63621879063883,37.67164192495913,37.52552402948989,37.55208969116211,77800
2017-01-27,37.63179400411384,37.63179400411384,37.507816399116216,37.556522369384766,46600
2017-01-30,37.45024856234035,37.45024856234035,37.109306841207186,37.30855941772461,91200
2017-01-31,37.21557994902158,37.27756874484669,37.06946205394695,37.259857177734375,65000
2017-02-01,37.339561320738746,37.392692649318434,37.060608333149936,37.16687774658203,67000
2017-02-02,37.09160625412136,37.24658165221594,37.09160625412136,37.23329544067383,36400
2017-02-03,37.23330347843902,37.49011624017271,37.23330347843902,37.46355056762695,48400
2017-02-06,37.40154626128871,37.43696939544212,37.299705595131655,37.348411560058594,111400
2017-02-07,37.46796408297929,37.49895848106916,37.36169467969743,37.41925811767578,87800
2017-02-08,37.33512908993925,37.49010108068743,37.30413469178962,37.43696975708008,121000
2017-02-09,37.52995314289797,37.72477362734507,37.52995314289797,37.6716423034668,51000
2017-02-10,37.74691398195441,37.835468440628325,37.71149084723042,37.764625549316406,72200
2017-02-13,37.87975315351661,38.01701359277831,37.85318411052603,37.97273635864258,28600
2017-02-14,37.95059596680921,38.08343104705288,37.857612761893215,38.0612907409668,67200
2017-02-15,38.04800819899857,38.32253245713399,38.0391541033784,38.300392150878906,29000
2017-02-16,38.30482091762302,38.30482091762302,38.13656269748065,38.225120544433594,60000
2017-02-17,38.154274237122806,38.30482088775721,38.14099140462433,38.300392150878906,42200
2017-02-21,38.38008510783698,38.58819178513122,38.38008510783698,38.5660514831543,59800
2017-02-22,38.45094718766263,38.53950506164131,38.45094718766263,38.4952278137207,50600
2017-02-23,38.58821110864631,38.58821110864631,38.34910991573304,38.4819450378418,130800
2017-02-24,38.335811657695245,38.53506088256836,38.27824821814017,38.53506088256836,35000
2017-02-27,38.47749327821625,38.60589958525822,38.455352978399006,38.552764892578125,42600
2017-02-28,38.52621431634405,38.543925887503924,38.39780795903757,38.424373626708984,63000
2017-03-01,38.74317183927651,39.01326736463553,38.71660617387612,38.94684982299805,54600
2017-03-02,38.898139712920766,38.898139712920766,38.67675018310547,38.67675018310547,101000
2017-03-03,38.66347522088234,38.68561552962447,38.53064012470317,38.65462112426758,93400
2017-03-06,38.48192600277052,38.61475768103665,38.437645398545996,38.543914794921875,33600
2017-03-07,38.46865074957328,38.53063955937756,38.397807843284134,38.4509391784668,62600
2017-03-08,38.49521229040837,38.54834361523273,38.34909439086914,38.34909439086914,70200
2017-03-09,38.34910214644601,38.397808122809195,38.18970138346408,38.35353088378906,55400
2017-03-10,38.51736480935165,38.57049953382265,38.34468117749275,38.4819450378418,37000
2017-03-13,38.46863979462167,38.55276888888529,38.45535696460864,38.543914794921875,39800
2017-03-14,38.411094857630054,38.44208926590554,38.30925415721795,38.43323516845703,28400
2017-03-15,38.50850330104174,38.88043616635742,38.495220467014306,38.79631042480469,70600
2017-03-16,38.82730444124136,38.88043577681881,38.70775217991851,38.75202941894531,62200
2017-03-17,38.80515667554989,38.83172233823354,38.690033173693806,38.743167877197266,49800
2017-03-20,38.74760810466678,38.778602513034784,38.61920173338873,38.66790771484375,56200
2017-03-21,38.80073109085277,38.80073109085277,38.167556846415614,38.21626281738281,76000
2017-03-22,38.1808358362593,38.313667513482706,38.07899517673248,38.260536193847656,108000
2017-03-23,38.211837458666835,38.39337513197841,38.18084305697283,38.21626281738281,276400
2017-03-24,38.343754124472966,38.352636728362725,38.072788954155655,38.192726135253906,35400
2017-03-27,37.9395203322001,38.20604244122917,37.83290877737848,38.15273666381836,223600
2017-03-28,38.13942461019524,38.45925261020745,38.08167920592059,38.397064208984375,35000
2017-03-29,38.40149413476294,38.481451114606465,38.32153715491942,38.47256851196289,59000
2017-03-30,38.49922848776398,38.62804828405363,38.44148308488115,38.579185485839844,214000
2017-03-31,38.49032942238981,38.65912595102337,38.49032942238981,38.53919219970703,97800
2017-04-03,38.55251956787652,38.614707943864275,38.272671875931636,38.4459114074707,34800
2017-04-04,38.379284809762886,38.46812438964844,38.32597902842391,38.46812438964844,48600
2017-04-05,38.59695396276849,38.734656363293986,38.29045157293964,38.32598876953125,46000
2017-04-06,38.37039967701073,38.53475663139096,38.35707407863097,38.45479965209961,98600
2017-04-07,38.441479328659725,38.51255032610839,38.35707934198948,38.41038513183594,25200
2017-04-10,38.46812438964844,38.59250115709331,38.4148219973222,38.46812438964844,41600
2017-04-11,38.39261014216043,38.45479852545251,38.188276398627494,38.450355529785156,36200
2017-04-12,38.42370844493085,38.42370844493085,38.26379447392339,38.29933166503906,40400
2017-04-13,38.268223801396076,38.370388953095876,38.05500411987305,38.05500411987305,77200
2017-04-17,38.161631557245684,38.41038513183594,38.12609436401471,38.41038513183594,38400
2017-04-18,38.2637995077847,38.383736696325386,38.2327053087211,38.33931350708008,34200
2017-04-19,38.410388141074584,38.459250938341974,38.22826255325728,38.25491714477539,31800
2017-04-20,38.37039634610841,38.62803585579427,38.37039634610841,38.55696487426758,32400
2017-04-21,38.51254687108696,38.5303154661084,38.43258988799698,38.46368408203125,33200
2017-04-24,38.82794839913068,38.903462411889116,38.77908559346014,38.82350540161133,38200
2017-04-25,38.983397318619666,39.19661363245759,38.91676594966574,39.14775085449219,55800
2017-04-26,39.13442670765954,39.28545804214865,39.09000692304946,39.10333251953125,134000
2017-04-27,39.13887163352865,39.205503008236846,39.08112624958821,39.16108322143555,55600
2017-04-28,39.28101801516751,39.28101801516751,39.085566881299485,39.116661071777344,25800
2017-05-01,39.17884966017211,39.249924032505014,39.103335681327856,39.2010612487793,40600
2017-05-02,39.245474576497756,39.245474576497756,39.1077722390367,39.13886642456055,49400
2017-05-03,39.12999273827994,39.138878730659016,38.992290357522315,39.125553131103516,37800
2017-05-04,39.09890444032041,39.15665323245538,39.01450783406823,39.1522102355957,136800
2017-05-05,39.2010567922911,39.303225343651675,39.13886841807586,39.29878234863281,50000
2017-05-08,39.245479316181076,39.245479316181076,39.15663974367291,39.22771072387695,17400
2017-05-09,39.29435173208507,39.29435173208507,39.15664934423135,39.21883773803711,81600
2017-05-10,39.209947335508396,39.28546471007669,39.16552754335893,39.24992752075195,49200
2017-05-11,39.20105479560826,39.20105479560826,38.97895250214872,39.13886642456055,59000
2017-05-12,39.11665805937984,39.11665805937984,39.00116729736328,39.00116729736328,32000
2017-05-15,39.06779902642609,39.26325016398681,39.06779902642609,39.23659896850586,31600
2017-05-16,39.33432109262932,39.33432109262932,39.17440715572258,39.28989791870117,60400
2017-05-17,39.03226988988676,39.08113268011196,38.628041968753344,38.66802215576172,140000
2017-05-18,38.62360262019504,38.84126539321327,38.53920602011917,38.685791015625,84400
2017-05-19,38.8323739114381,39.067801859291485,38.82793430454445,38.93009948730469,57000
2017-05-22,38.97895785575637,39.19217757792772,38.97895785575637,39.12998580932617,69800
2017-05-23,39.249924566246335,39.25436756183071,39.15219899746597,39.23659896850586,58400
2017-05-24,39.31655738242059,39.36097717285156,39.22327480581171,39.36097717285156,71400
2017-05-25,39.44538724702628,39.59641525096509,39.44538724702628,39.55643844604492,32800
2017-05-26,39.5564302203638,39.62305821470891,39.5475442284425,39.5875244140625,32600
2017-05-30,39.52533993607964,39.63639112298938,39.52533993607964,39.62306213378906,78600
2017-05-31,39.68969352373756,39.68969352373756,39.51645394327943,39.62306213378906,33800
2017-06-01,39.68968660532545,39.91178894042969,39.66747840522263,39.91178894042969,50200
2017-06-02,39.929553019463384,40.116118146494756,39.89845883162482,40.076141357421875,42600
2017-06-05,40.027284107349,40.08947249161664,40.01395850915062,40.049495697021484,152400
2017-06-06,39.92511626064929,40.01839883873573,39.87181386689294,39.88513946533203,54000
2017-06-07,39.982863314389135,39.982863314389135,39.831831964231654,39.91178894042969,41600
2017-06-08,39.982864975116314,39.99174757772386,39.84515921710332,39.9517707824707,41400
2017-06-09,39.95177473828843,40.120571316647585,39.70746077973018,39.818511962890625,36000
2017-06-12,39.760760606764805,39.85848617553711,39.654149046824486,39.85848617553711,34600
2017-06-13,40.031737417167136,40.04506301879883,39.9029176197047,40.04506301879883,39200
2017-06-14,40.116126713973735,40.116126713973735,39.82739636052911,39.996192932128906,28200
2017-06-15,39.72967524172371,39.91179743297507,39.65860085264086,39.89847183227539,65800
2017-06-16,39.94732612740941,39.94732612740941,39.76076097928489,39.91178894042969,26800
2017-06-19,40.07169344488031,40.26714453817342,40.07169344488031,40.2404899597168,58600
2017-06-20,40.165002215056404,40.169445212534704,39.929574183918184,39.934017181396484,52600
2017-06-21,40.031721949599785,40.058373142565614,39.93843938520707,39.96064758300781,38200
2017-06-22,40.03174305391905,40.13390827349004,39.98288024838019,40.053951263427734,113400
2017-06-23,40.098341297083266,40.20495282401309,40.00950174698668,40.173858642578125,109600
2017-06-26,40.262709989092606,40.36043555623805,40.12500762939453,40.12500762939453,45000
2017-06-27,40.092487546502795,40.11922115367309,39.767258684294504,39.78507995605469,80200
2017-06-28,39.878644041756836,40.15041252153456,39.878644041756836,40.132591247558594,124600
2017-06-29,40.025664182464304,40.025664182464304,39.48658338337298,39.6558837890625,33200
2017-06-30,39.86082001189155,39.93210170380671,39.72270939695203,39.79399108886719,90400
2017-07-03,39.958831876833976,40.01229229140882,39.81626510620117,39.81626510620117,19200
2017-07-05,39.900917078501465,39.92319452017463,39.71825497321091,39.87864303588867,63600
2017-07-06,39.71379789572918,39.71379789572918,39.46430687019215,39.48212814331055,39600
2017-07-07,39.571228093992495,39.82517526822008,39.566771926287444,39.78507995605469,21000
2017-07-10,39.76280864620981,39.923196717716,39.76280864620981,39.88755416870117,28400
2017-07-11,39.851912877229815,39.90092053390653,39.664794587588176,39.8340950012207,62200
2017-07-12,40.03457052065577,40.177137294103495,40.03457052065577,40.14149475097656,133000
2017-07-13,40.15930575228892,40.23949975428588,40.083567916808214,40.2305908203125,45800
2017-07-14,40.279606753256544,40.51573264137805,40.279606753256544,40.4622688293457,33200
2017-07-17,40.44889929305358,40.50236309922649,40.431078024329274,40.48899459838867,46400
2017-07-18,40.46672797801222,40.53355689821107,40.40880799427852,40.5157356262207,20800
2017-07-19,40.57809602891532,40.74739296270898,40.57809602891532,40.73402786254883,28400
2017-07-20,40.79640479501215,40.82313499808369,40.68502441680156,40.77858352661133,39800
2017-07-21,40.66274698153568,40.77858352661133,40.6315606115991,40.77858352661133,97600
2017-07-24,40.832051774567915,40.832051774567915,40.65384247022893,40.75185775756836,60600
2017-07-25,40.8587964002051,40.8587964002051,40.7429598016454,40.82761001586914,57400
2017-07-26,40.86770296066211,40.86770296066211,40.729588936075494,40.76968765258789,32000
2017-07-27,40.85432604194429,40.85432604194429,40.48454572726569,40.702850341796875,55200
2017-07-28,40.57364907315462,40.725128173828125,40.57364907315462,40.725128173828125,27800
2017-07-31,40.81868690012475,40.81868690012475,40.65829886522762,40.702850341796875,665400
2017-08-01,40.796407614948926,40.796407614948926,40.676118293752964,40.760765075683594,195200
2017-08-02,40.716210233919924,40.716210233919924,40.45335417646033,40.66274642944336,790200
2017-08-03,40.64493361741253,40.66275148872896,40.56028343289058,40.609291076660156,142200
2017-08-04,40.68950271606445,40.693955486292126,40.578122277270275,40.68950271606445,791200
2017-08-07,40.70730711027195,40.70730711027195,40.662752233984996,40.698394775390625,57200
2017-08-08,40.640486290075735,40.800874359288905,40.4979194951152,40.60038757324219,110600
2017-08-09,40.377630450137545,40.497923212619945,40.350900235835155,40.48455810546875,73800
2017-08-10,40.33307113245981,40.34643623701722,39.914279728006655,39.94101333618164,80400
2017-08-11,39.932099174167135,40.03457063618778,39.92319023788969,39.976654052734375,72600
2017-08-14,40.217241237219206,40.42663697420528,40.217241237219206,40.395450592041016,29600
2017-08-15,40.39544442420075,40.44445207427045,40.30634145992503,40.315250396728516,66800
2017-08-16,40.435540217254086,40.53800827886501,40.413262778263906,40.47563552856445,66200
2017-08-17,40.355350290024155,40.41326687859089,39.81181335449219,39.81181335449219,65000
2017-08-18,39.74943021641725,39.89199696562885,39.624684735739535,39.70933151245117,110400
2017-08-21,39.71825850618957,39.753901056412936,39.58460064238232,39.713802337646484,64200
2017-08-22,39.85636120408111,40.17268112644763,39.85636120408111,40.14149475097656,103400
2017-08-23,39.998923033900965,40.101394482961034,39.994466866795854,40.03010940551758,52400
2017-08-24,40.07466492874692,40.12812874223177,39.909824118856804,39.98110580444336,71600
2017-08-25,40.119220965216385,40.194958820546375,40.03902694220228,40.070213317871094,116800
2017-08-28,40.13704669414759,40.13704669414759,39.99002712239453,40.043487548828125,44000
2017-08-29,39.81626614483641,40.09248735817167,39.80735380946816,40.070213317871094,95400
2017-08-30,40.083582234970926,40.37317197890691,40.02566224674752,40.328617095947266,81200
2017-08-31,40.23950598598594,40.6360198908607,40.23950598598594,40.569190979003906,179000
2017-09-01,40.69839699486015,40.71621826653484,40.62265913953774,40.68503189086914,83000
2017-09-05,40.53801013317113,40.61820415852009,40.217234031775256,40.417720794677734,86000
2017-09-06,40.53355208564731,40.57810356080357,40.43108063363421,40.49790954589844,45000
2017-09-07,40.573656997969955,40.60929954615597,40.457820415895675,40.55583572387695,83600
2017-09-08,40.52464934397932,40.6226646519606,40.51574040646305,40.55583572387695,41400
2017-09-11,40.796403292962644,41.010255106839466,40.796403292962644,41.0013427734375,35000
2017-09-12,41.08154595045486,41.135009765625,41.03253830298058,41.135009765625,39600
2017-09-13,41.081544334691586,41.1572821872421,41.081544334691586,41.143917083740234,44000
2017-09-14,41.07263061519178,41.1617335608668,41.03698807729796,41.103816986083984,77200
2017-09-15,41.09489579582729,41.16172469021119,41.01915796841963,41.15726852416992,204000
2017-09-18,41.24639228937029,41.31767398087579,41.215205912012856,41.26421356201172,72000
2017-09-19,41.29540150952994,41.32658788807317,41.24639385766768,41.29985427856445,33800
2017-09-20,41.30875815670223,41.38449600350541,41.17510033370634,41.353309631347656,41000
2017-09-21,41.34886541430535,41.34886541430535,41.219663721151605,41.2330322265625,49800
2017-09-22,41.19291864205605,41.30429902019239,41.19291864205605,41.27756881713867,48600
2017-09-25,41.255303683767494,41.313223673067505,41.09937178769132,41.20184326171875,50800
2017-09-26,41.29842085271997,41.30736665539019,41.18662220211065,41.226871490478516,38600
2017-09-27,41.34314867587136,41.43258966302162,41.16427352522043,41.3565673828125,81800
2017-09-28,41.24924398444399,41.39234617213319,41.24924398444399,41.38340377807617,44800
2017-09-29,41.39680448898621,41.54437952761875,41.39233158762108,41.52201843261719,88600
2017-10-02,41.584631453975284,41.72773361206055,41.584631453975284,41.72773361206055,41400
2017-10-03,41.767984474023855,41.79928796566025,41.709846981110054,41.79481506347656,57200
2017-10-04,41.76352380829368,41.90662601367734,41.754581413130936,41.870849609375,37200
2017-10-05,41.96475604677833,42.10338874706448,41.933452549002496,42.08997344970703,74600
2017-10-06,42.022884854344404,42.107852935791016,42.00946955976329,42.107852935791016,41600
2017-10-09,42.157047381822416,42.157047381822416,42.00947570800781,42.00947570800781,21400
2017-10-10,42.183869906846525,42.242003979993825,42.05865595740667,42.125732421875,69200
2017-10-11,42.09890315251455,42.19281361753101,42.05865727257507,42.17045593261719,55800
2017-10-12,42.1123127435401,42.26436067475775,42.1123127435401,42.22858428955078,37400
2017-10-13,42.318038690544476,42.38064568367298,42.28673519398022,42.29568099975586,74800
2017-10-16,42.34933861965971,42.362757327192796,42.25990104038887,42.31803512573242,36400
2017-10-17,42.28673163180513,42.31803512573242,42.22859754646158,42.31803512573242,37800
2017-10-18,42.41642280439056,42.45219920445098,42.344873416095,42.40300750732422,46600
2017-10-19,42.30908750123465,42.46113204956055,42.23753471720515,42.46113204956055,28000
2017-10-20,42.56846510436464,42.59976859727373,42.49691231381538,42.58635330200195,90400
2017-10-23,42.689204950536336,42.689204950536336,42.39405822753906,42.39405822753906,55200
2017-10-24,42.487981222381784,42.54611532129764,42.41642841280003,42.49245071411133,39000
2017-10-25,42.42536788890069,42.443256088626725,42.07208362091827,42.29568099975586,56400
2017-10-26,42.380636129620086,42.3985243253135,42.2777832691635,42.35380554199219,76200
2017-10-27,42.53268563958045,42.72497948552302,42.53268563958045,42.69367599487305,38600
2017-10-30,42.537153656884286,42.59976063099479,42.39852100407602,42.43877029418945,53200
2017-10-31,42.55058694765938,42.6087210448303,42.51033764052133,42.57294464111328,58400
2017-11-01,42.720505670860476,42.78758555277016,42.59529171093548,42.648956298828125,147000
2017-11-02,42.62659619634743,42.67131498139,42.483494037116444,42.66237258911133,100400
2017-11-03,42.66684739572288,42.73392387036859,42.581879312071976,42.72050857543945,54000
2017-11-06,42.69367747464813,42.80100324462161,42.68473167025259,42.79206085205078,60000
2017-11-07,42.84572354183585,42.84572354183585,42.662375487159125,42.733924865722656,48000
2017-11-08,42.79206591136761,42.832311800431675,42.66685192962368,42.82783889770508,62600
2017-11-09,42.58635330200195,42.63107209018282,42.28673025635798,42.58635330200195,73200
2017-11-10,42.52374606070044,42.57741065759566,42.45219667666524,42.563995361328125,51000
2017-11-13,42.43429871938293,42.61765015774208,42.43429871938293,42.599761962890625,43600
2017-11-14,42.447725846012574,42.55952453613281,42.34934245281473,42.55952453613281,64800
2017-11-15,42.376172622900924,42.44772200395261,42.219655153264476,42.31803512573242,58000
2017-11-16,42.47903046106463,42.774180648428214,42.47903046106463,42.66685485839844,87400
2017-11-17,42.67131133047212,42.68472662365463,42.58187376803917,42.599761962890625,57400
2017-11-20,42.60424379999074,42.698157703134385,42.58188610881511,42.644493103027344,68600
2017-11-21,42.814422090233464,42.917278378364344,42.77417620258986,42.8859748840332,100800
2017-11-22,42.91728163372359,42.91728163372359,42.796537137984075,42.832313537597656,105200
2017-11-24,42.8859748840332,42.90833257322688,42.85019848713333,42.8859748840332,74200
2017-11-27,42.90831756591797,42.95750924149411,42.885959884543965,42.90831756591797,68600
2017-11-28,42.957514401980255,43.34210205078125,42.957514401980255,43.34210205078125,241800
2017-11-29,43.342110938308466,43.40919082789148,43.20795457096734,43.26161575317383,42600
2017-11-30,43.50309966766851,43.77141580405495,43.400246797769015,43.623844146728516,58200
2017-12-01,43.48520933772123,43.64619969402273,42.90385830603215,43.50309753417969,158000
2017-12-04,43.8250929085549,43.8250929085549,43.36895568764878,43.39578628540039,137200
2017-12-05,43.3823517497688,43.543342088543056,43.185585021972656,43.185585021972656,63000
2017-12-06,43.13192350772922,43.29738675986172,43.13192350772922,43.19453048706055,117000
2017-12-07,43.216902885022385,43.440500273049956,43.216902885022385,43.38236618041992,68800
2017-12-08,43.54781589508076,43.65961456298828,43.54781589508076,43.65961456298828,110600
2017-12-11,43.74012430319255,43.79378890991211,43.690932599989395,43.79378890991211,85400
2017-12-12,43.834017454811956,43.89215494203474,43.76694098774623,43.79824447631836,80400
2017-12-13,43.86978638547664,43.954754445077675,43.82954051208064,43.851898193359375,198600
2017-12-14,43.932408171573954,43.932408171573954,43.65067672729492,43.65067672729492,94600
2017-12-15,43.78483545674869,44.10234328971089,43.74011325653089,44.02631759643555,105600
2017-12-18,44.21415715310698,44.3527864682884,44.21415715310698,44.29912185668945,153200
2017-12-19,44.39110696800839,44.39110696800839,44.17565823156861,44.21156692504883,63200
2017-12-20,44.382145341784444,44.382145341784444,44.12181577391946,44.18914031982422,87800
2017-12-21,44.30134046732532,44.32827370283766,44.16668798753118,44.180152893066406,137000
2017-12-22,44.28787366970477,44.28787366970477,44.085893246421705,44.15770721435547,121000
2017-12-26,44.12630508027088,44.1846575903245,44.108350725211544,44.130794525146484,50000
2017-12-27,44.20259766126373,44.26094672801871,44.12180480182655,44.19361877441406,148600
2017-12-28,44.24749755859375,44.260962469215016,44.189145046644015,44.24749755859375,165400
2017-12-29,44.368673192503664,44.368673192503664,44.076920984900944,44.09487533569336,125400
2018-01-02,44.30583912370694,44.44947052001953,44.1936269883239,44.44947052001953,166400
2018-01-03,44.52578116936452,44.78162474254113,44.45845661677317,44.74123001098633,94800
2018-01-04,44.884848676817775,45.023990611894405,44.884848676817775,44.97461700439453,66400
2018-01-05,45.09582854726638,45.23945999145508,45.046454917284905,45.23945999145508,83200
2018-01-08,45.266368470955285,45.414489291050735,45.225973751534056,45.40999984741211,86400
2018-01-09,45.49079609303134,45.571588962323055,45.405517204209595,45.45488739013672,104800
2018-01-10,45.33369879206788,45.34716369924386,45.19455685199297,45.342674255371094,93800
2018-01-11,45.427960971442026,45.60301163058736,45.37858735738128,45.5985221862793,50800
2018-01-12,45.63891334173902,45.91271118704475,45.61646954808099,45.90373229980469,120000
2018-01-16,46.204480622901265,46.258340268670054,45.63893037122517,45.72869873046875,224800
2018-01-17,45.9351459681557,46.29871551942242,45.84986709640222,46.222412109375,137200
2018-01-18,46.217940752932385,46.24038112820004,46.06981989350504,46.1102180480957,79000
2018-01-19,46.240371237117614,46.3795166015625,46.19100105231211,46.3795166015625,54600
2018-01-22,46.40196385162056,46.832858067124285,46.40196385162056,46.819393157958984,121200
2018-01-23,46.88224029861497,47.06178044417725,46.88224029861497,47.03036117553711,111800
2018-01-24,47.1560286390523,47.268240779102925,46.79695184555596,46.95404815673828,95000
2018-01-25,47.16948348842622,47.16948348842622,46.86426982004445,46.97199249267578,108000
2018-01-26,47.18295830689888,47.60038757324219,47.18295830689888,47.60038757324219,76600
2018-01-29,47.55550560721094,47.64976682237399,47.2772216796875,47.2772216796875,158800
2018-01-30,46.98546354085809,47.08421076386302,46.75654983520508,46.75654983520508,255200
2018-01-31,46.936092325967195,46.936092325967195,46.52315248544547,46.73859786987305,66200
2018-02-01,46.56802898898728,46.96750385527479,46.56802898898728,46.73410415649414,183000
2018-02-02,46.41991293843582,46.41991293843582,45.72868580935474,45.755619049072266,1049800
2018-02-05,45.43694015633006,45.80499582981024,43.888410606445305,43.915340423583984,257000
2018-02-06,43.34979628635711,44.75020165165312,42.87850391184073,44.69185256958008,260400
2018-02-07,44.58860571111499,45.16313463369229,44.4090690612793,44.4090690612793,146000
2018-02-08,44.47191309561591,44.47191309561591,42.69895935058594,42.69895935058594,101600
2018-02-09,43.28695494334924,43.695405340171725,41.96733912011437,43.41263198852539,269600
2018-02-12,43.7223440514833,44.13976996470789,43.50689521533998,43.93330001831055,98200
2018-02-13,43.67296473039613,44.07692568071415,43.64154546927267,44.00511169433594,68600
2018-02-14,43.74926193134418,44.700818518124095,43.74926193134418,44.66939926147461,44800
2018-02-15,44.97911509899476,45.23495864868164,44.655943578454945,45.23495864868164,81400
2018-02-16,45.1003013574836,45.607498958594775,45.1003013574836,45.22148895263672,86400
2018-02-20,45.095797483894735,45.36510582818522,44.902792542672294,45.032958984375,65800
2018-02-21,45.10029537145246,45.52221060088141,44.79507827758789,44.79507827758789,80200
2018-02-22,44.98809195841129,45.22149169913592,44.714294067220415,44.81303787231445,71600
2018-02-23,45.09581681727206,45.585060119628906,45.00155902758247,45.585060119628906,93200
2018-02-26,45.76908695115474,46.10123391756725,45.69278351992153,46.09225845336914,84200
2018-02-27,46.114705422383544,46.24487193075254,45.481830660388795,45.4863166809082,51600
2018-02-28,45.670336397138435,45.710731119752445,44.911781311035156,44.911781311035156,96600
2018-03-01,44.970140773498734,45.176610711420075,44.11283833343552,44.35521697998047,80400
2018-03-02,43.996125580449345,44.71877189205415,43.919822162315185,44.65593338012695,77000
2018-03-05,44.43151315257536,45.2349523983346,44.40907278168699,45.10478591918945,104800
2018-03-06,45.288808370999156,45.36960122733758,45.02847545341513,45.356136322021484,59400
2018-03-07,44.938716649988585,45.54017204440071,44.938716649988585,45.4818229675293,130200
2018-03-08,45.580574099483826,45.67931790931849,45.40552342942561,45.585060119628906,43800
2018-03-09,45.944134436868616,46.44684600830078,45.92618008527007,46.44684600830078,48600
2018-03-12,46.53213111259231,46.62190288257483,46.36156988628984,46.428897857666016,62800
2018-03-13,46.612927785839446,46.68474520766861,45.98005302207491,46.08328628540039,67400
2018-03-14,46.39298421963883,46.39298421963883,45.85436735475232,45.92169189453125,79200
2018-03-15,46.00697562780016,46.10572285510723,45.76459700380351,45.89027404785156,67400
2018-03-16,45.91721447958708,46.09226516470128,45.91721447958708,45.98453903198242,45600
2018-03-19,45.764602519363294,45.764602519363294,44.93872274497369,45.21700668334961,68400
2018-03-20,45.261872704900995,45.36061990450443,45.158639486727694,45.27534103393555,142400
2018-03-21,45.26638981710179,45.66137885695354,45.17662144865026,45.23945999145508,101200
2018-03-22,44.74704705551205,44.931581892559265,44.026918225006725,44.044921875,90000
2018-03-23,44.139434098320635,44.148434205504934,43.032235487033795,43.05474090576172,131000
2018-03-26,43.79288642653087,44.3239821893989,43.28429265528392,44.292476654052734,123400
2018-03-27,44.467999622300994,44.467999622300994,43.162764169120905,43.365299224853516,78800
2018-03-28,43.36080612549117,43.64435938083837,43.090758185892874,43.23028564453125,79800
2018-03-29,43.43282270183621,44.19795913755295,43.387815282178636,43.9819221496582,100400
2018-04-02,43.828887740837196,43.90540412264954,42.4696445946066,42.9017219543457,159800
2018-04-03,43.20777714195095,43.4508213004359,42.775699782592916,43.41481399536133,168400
2018-04-04,42.69018487555758,44.02242430814013,42.69018487555758,43.914405822753906,101000
2018-04-05,44.22045172630112,44.31496831029593,43.909894783286006,44.184444427490234,66800
2018-04-06,43.84239700962495,44.112444954585854,43.068257049250036,43.221282958984375,49800
2018-04-09,43.47782371772789,44.05842861717859,43.34729981625334,43.360801696777344,62200
2018-04-10,43.98191152012752,44.36447964552698,43.81538033041109,44.19794845581055,315600
2018-04-11,43.932404208288865,44.31047057873185,43.932404208288865,44.053924560546875,95800
2018-04-12,44.26096279416564,44.54001424343008,44.26096279416564,44.39598846435547,67000
2018-04-13,44.64804491487027,44.64804491487027,44.10794895427484,44.2609748840332,68600
2018-04-16,44.59403233540719,44.73805813753267,44.43650465087088,44.62553787231445,120600
2018-04-17,44.981100237370505,45.323159355408656,44.94059115816982,45.219642639160156,55600
2018-04-18,45.30965957590094,45.350168656981154,45.13412823686063,45.20164108276367,46200
2018-04-19,45.06211714755287,45.12512822150272,44.77406554268329,44.976600646972656,101800
2018-04-20,44.8550702360994,44.88207399493771,44.413989383284,44.549015045166016,60400
2018-04-23,44.661547235531096,44.823573265759464,44.38249572877029,44.57603073120117,182800
2018-04-24,44.75605343308603,44.76955531297516,43.621847448564615,43.92340087890625,229800
2018-04-25,43.92340941364195,44.06293687858023,43.5498447400227,43.9819221496582,65600
2018-04-26,44.24295985423263,44.67503716487178,44.22045443263722,44.549015045166016,69000
2018-04-27,44.73805479356514,44.73805479356514,44.445501439095615,44.65253829956055,146400
2018-04-30,44.69304156029637,44.79205648896892,44.220455169677734,44.220455169677734,168600
2018-05-01,44.130446071186476,44.38249034747754,43.86039470790807,44.36448669433594,117200
2018-05-02,44.22945694898917,44.38698804104319,43.90989986123871,43.950408935546875,166400
2018-05-03,43.78388595581055,43.981922725511964,43.23928827297772,43.78388595581055,61600
2018-05-04,43.68486395156607,44.56702236393048,43.68486395156607,44.45450210571289,55800
2018-05-07,44.59852009245079,44.77405482368313,44.499505166981116,44.61652374267578,63400
2018-05-08,44.57602186370745,44.64353469928255,44.32847594454724,44.58502197265625,85000
2018-05-09,44.76956561719156,45.129628421207,44.66154711937154,45.0891227722168,53000
2018-05-10,45.22864228759266,45.4986902220738,45.22864228759266,45.480690002441406,51000
2018-05-11,45.516688015103306,45.66971733304184,45.39966943333041,45.53019332885742,97600
2018-05-14,45.65621593630678,45.81824536461745,45.512190159346794,45.55719757080078,61600
2018-05-15,45.34566478094745,45.34566478094745,45.084616953619005,45.219642639160156,65000
2018-05-16,45.2331308471759,45.512182243810265,45.2331308471759,45.399662017822266,78200
2018-05-17,45.350153756509684,45.59769619835907,45.29614281076416,45.42216491699219,42400
2018-05-18,45.35465616415046,45.377161585358984,45.23313581762186,45.323150634765625,38400
2018-05-21,45.660710618286025,45.75072886783276,45.55269215267505,45.651710510253906,87600
2018-05-22,45.701217678776466,45.78223238288237,45.413166160587686,45.47617721557617,73000
2018-05-23,45.3006479216344,45.660710618286025,45.25113874284497,45.651710510253906,372800
2018-05-24,45.57519574048411,45.62920325419486,45.255638693597305,45.57069396972656,78600
2018-05-25,45.53020009929024,45.61571316271019,45.417679838191376,45.50319290161133,63600
2018-05-29,45.228648052262365,45.36817552604045,44.86858523834389,45.08012390136719,98600
2018-05-30,45.30514969257302,45.741725325955535,45.30514969257302,45.651710510253906,158200
2018-05-31,45.588701913167945,45.68321850490977,45.27814494469816,45.341156005859375,84000
2018-06-01,45.60220897861783,45.957773397801475,45.60220897861783,45.93976974487305,91600
2018-06-04,46.06127861652579,46.18730415557862,46.029773090223784,46.164798736572266,113000
2018-06-05,46.151308778548085,46.27733091630476,46.02078486905846,46.19181442260742,43800
2018-06-06,46.27282457024361,46.52037048339844,46.11979868490817,46.52037048339844,70600
2018-06-07,46.55637632977508,46.58788186011429,46.26382301442796,46.40334701538086,65800
2018-06-08,46.30433442592412,46.587887668172534,46.30433442592412,46.57888412475586,71200
2018-06-11,46.614890297027394,46.79042161708086,46.614890297027394,46.68690490722656,45000
2018-06-12,46.75891666582954,46.81292762415147,46.63739630191226,46.776920318603516,52000
2018-06-13,46.82644160884811,46.88945269292114,46.596899268955454,46.61040115356445,54600
2018-06-14,46.77242450655314,46.862442781892895,46.673406120602465,46.790428161621094,76000
2018-06-15,46.605885680097884,46.79942063398304,46.51586742605521,46.75440979003906,38200
2018-06-18,46.457363106928874,46.73191280190473,46.38534849598967,46.71390914916992,60400
2018-06-19,46.33583948303111,46.58788718841701,46.18731535664242,46.5518798828125,128000
2018-06-20,46.72290318378374,46.74540860523754,46.592379293811156,46.63739013671875,73000
2018-06-21,46.65089866050348,46.65089866050348,46.20531940978541,46.25932693481445,51600
2018-06-22,46.51586245976717,46.58787705531264,46.30882564834132,46.349334716796875,260000
2018-06-25,46.11078043668249,46.11078043668249,45.32764074076715,45.64719772338867,105200
2018-06-26,45.78867837784088,45.91071113956517,45.616932524119434,45.72088623046875,132600
2018-06-27,45.81127735323295,46.05533942469368,45.23276138305664,45.23276138305664,587000
2018-06-28,45.22372638090532,45.61693812507933,45.101697052425195,45.47230911254883,87200
2018-06-29,45.72088923321933,45.97850975483452,45.621456146240234,45.621456146240234,65400
2018-07-02,45.32768192415135,45.78416866416374,45.31412349246656,45.77512741088867,271600
2018-07-03,45.933309570032414,45.933309570032414,45.5084638171914,45.52202224731445,158800
2018-07-05,45.77512462023708,46.03726577758789,45.62145780620717,46.03726577758789,116800
2018-07-06,46.11409325031826,46.55250084886371,46.11409325031826,46.51182556152344,43800
2018-07-09,46.70165098092359,46.88695526123047,46.63837601221127,46.88695526123047,84400
2018-07-10,47.004467839268024,47.054184379186964,46.91859318882127,47.045143127441406,40800
2018-07-11,46.74232802591397,46.905036079641576,46.588661224186396,46.6971321105957,96600
2018-07-12,46.93215123426392,47.162654876708984,46.9140756273751,47.162654876708984,80000
2018-07-13,47.135540822530395,47.29824888002774,47.135540822530395,47.2349739074707,39600
2018-07-16,47.21689441516663,47.21689441516663,47.00446981716116,47.076786041259766,38800
2018-07-17,46.87339831753339,47.36152247583619,46.832723028455135,47.30728530883789,92800
2018-07-18,47.28920744602473,47.37960272663541,47.22593247371094,47.347965240478516,57000
2018-07-19,47.2169038972345,47.298257941569226,47.09487110661839,47.21238327026367,96000
2018-07-20,47.23045790110942,47.302774132949416,47.13102480644328,47.16718292236328,507000
2018-07-23,47.090343913494756,47.271127575145414,47.04966517586424,47.248531341552734,61600
2018-07-24,47.56039228664152,47.664342554407895,47.25757239129969,47.42028045654297,109800
2018-07-25,47.42932415614605,48.012360845309786,47.42932415614605,47.935523986816406,60600
2018-07-26,47.59203560284352,47.78638117967223,47.59203560284352,47.66886901855469,64200
2018-07-27,47.71858680891796,47.71858680891796,47.06323382434419,47.207862854003906,67000
2018-07-30,47.203337988558644,47.203337988558644,46.75137191344254,46.82368469238281,48400
2018-07-31,46.96379955471179,47.28017444844249,46.950237675071,47.16718292236328,196200
2018-08-01,47.126492286803845,47.23496660718869,46.905029917081784,47.00898361206055,94000
2018-08-02,46.724259789318936,47.33441685619528,46.724259789318936,47.31181716918945,90400
2018-08-03,47.37959675212573,47.488067626953125,47.329880216115896,47.488067626953125,40600
2018-08-06,47.46094664294231,47.74568395768763,47.46094664294231,47.714046478271484,85200
2018-08-07,47.84061272427256,47.98524174357022,47.84061272427256,47.91744613647461,135200
2018-08-08,47.9084044790617,47.93552134042836,47.80897138974724,47.86772918701172,69200
2018-08-09,47.88581002037619,47.91293033292936,47.72762256476568,47.736663818359375,47600
2018-08-10,47.456435341208255,47.515189686459344,47.262089801405644,47.35700225830078,102600
2018-08-13,47.44287505866626,47.53326688601909,47.162654876708984,47.162654876708984,69200
2018-08-14,47.31181476253384,47.52423939596185,47.248539780009914,47.456443786621094,37800
2018-08-15,47.16718572815972,47.16718572815972,46.81013207072233,47.07227325439453,90000
2018-08-16,47.34796483286665,47.569427234058374,47.289207038918704,47.298248291015625,42800
2018-08-17,47.20786142198059,47.479043861565955,47.1581448712718,47.39768981933594,80600
2018-08-20,47.48355963194319,47.57847210369201,47.384126533474564,47.52875900268555,47200
2018-08-21,47.54230602636816,47.80896431897593,47.54230602636816,47.6372184753418,87000
2018-08-22,47.56039811118433,47.71858556948027,47.528760619525144,47.66886901855469,105800
2018-08-23,47.6191394276263,47.78184746823993,47.52422697863952,47.578460693359375,41600
2018-08-24,47.668866841427786,47.93552519491529,47.668866841427786,47.91744613647461,26400
2018-08-27,48.14793421742406,48.3332419202153,48.14793421742406,48.31064224243164,53200
2018-08-28,48.38296630356266,48.48239593655517,48.229296055797406,48.306129455566406,82800
2018-08-29,48.33325080664532,48.59990912274078,48.30613049867332,48.56827163696289,63200
2018-08-30,48.491429110316226,48.545666267826434,48.256404875998676,48.315162658691406,117200
2018-08-31,48.233818880549656,48.369406630753474,48.14794422499471,48.27449417114258,50600
2018-09-04,48.17957883096447,48.17957883096447,47.858683358638864,48.04399108886719,314200
2018-09-05,47.95812386513043,47.9852407281037,47.673386459227864,47.822532653808594,93800
2018-09-06,47.84511780756295,47.872234662300656,47.50162270523635,47.70500946044922,62600
2018-09-07,47.48807106586322,47.69597502776592,47.41123766763928,47.54682540893555,95800
2018-09-10,47.78184629630385,47.8496418862679,47.70953008081502,47.76376724243164,48600
2018-09-11,47.6688634268043,47.96264207102274,47.57846814107609,47.85868835449219,53800
2018-09-12,47.8722367470312,47.908394853740546,47.655295003228844,47.89483642578125,48400
2018-09-13,48.03043065621463,48.17054247662569,48.01687222641972,48.12986373901367,97600
2018-09-14,48.22025822025418,48.269974760831175,48.09822545766437,48.19765853881836,51000
2018-09-17,48.2021924488637,48.2021924488637,47.89485531706426,47.94908905029297,84400
2018-09-18,47.97168609237965,48.265464774670384,47.97168609237965,48.1569938659668,75800
2018-09-19,48.26093429596086,48.26093429596086,48.120825923810344,48.188621520996094,164400
2018-09-20,48.38750071799895,48.68580006791926,48.38750071799895,48.66320037841797,66800
2018-09-21,48.80780988338786,48.85752642180162,48.61346435546875,48.61346435546875,41400
2018-09-24,48.45076912414714,48.53212316777233,48.369415080521954,48.48240661621094,69000
2018-09-25,48.5547168052927,48.5547168052927,48.392008738312356,48.40556716918945,56400
2018-09-26,48.47451255698604,48.72398162522265,48.270397725988246,48.311222076416016,96200
2018-09-27,48.411005984950314,48.67408198874192,48.411005984950314,48.456363677978516,58200
2018-09-28,48.34750212915431,48.5244030188381,48.34750212915431,48.4382209777832,120800
2018-10-01,48.63326250847362,48.80108632358433,48.515329734736454,48.606048583984375,53600
2018-10-02,48.601507351405,48.674078963625725,48.497181549410904,48.551612854003906,43000
2018-10-03,48.71491383707534,48.773878501035675,48.560693504345004,48.596981048583984,57200
2018-10-04,48.48810193260141,48.48810193260141,47.762368649179436,48.06626892089844,143800
2018-10-05,48.052684720981,48.19783144640894,47.45848739390366,47.75785446166992,99400
2018-10-08,47.617236084003245,47.78505990074617,47.281581529376815,47.64898681640625,79200
2018-10-09,47.56281006232661,47.825889566100074,47.52198571008627,47.5446662902832,45600
2018-10-10,47.372301135527735,47.372301135527735,45.86186599731445,45.86186599731445,199800
2018-10-11,45.74846909060085,46.002474948672486,44.70069146548508,45.022735595703125,157000
2018-10-12,45.76661059443745,45.77568074867508,44.990982635741815,45.648677825927734,117600
2018-10-15,45.53074109605356,45.72578227060904,45.3266297680496,45.353843688964844,95800
2018-10-16,45.72578518741043,46.433378321471736,45.72578518741043,46.369876861572266,92600
2018-10-17,46.397091371802375,46.41976848744222,45.866399109963155,46.32451629638672,89600
2018-10-18,46.17938390415955,46.1884575216809,45.362934816365346,45.62601089477539,83800
2018-10-19,45.739395631194675,46.09319395544747,45.48538977225755,45.49899673461914,65200
2018-10-22,45.58518282403075,45.616933559216704,45.22231431284506,45.37199783325195,81800
2018-10-23,44.68708679006557,45.31757162984703,44.25164663712245,45.1270637512207,115400
2018-10-24,45.08170077113921,45.08170077113921,43.53951491388632,43.63023376464844,131000
2018-10-25,43.943204083332446,44.705225123416604,43.943204083332446,44.473899841308594,100000
2018-10-26,43.74816674082552,44.37411475147017,43.21293758853475,43.77084732055664,137600
2018-10-29,44.32422124697324,44.59183409888576,42.83192973386503,43.4578742980957,107400
2018-10-30,43.46240438376163,44.3151407762543,43.46240438376163,44.283390045166016,206600
2018-10-31,44.773255200174866,45.11344304042998,44.67800302017179,44.70068359375,101000
2018-11-01,44.83223996085382,45.19510853748965,44.66895290799603,45.13160705566406,319200
2018-11-02,45.4355033571641,45.485397868417756,44.64626825457958,44.963775634765625,129000
2018-11-05,45.072634354208475,45.34024719986658,44.84584239935086,45.21778106689453,124200
2018-11-06,45.20416792747948,45.57156973677162,45.20416792747948,45.54888916015625,185000
2018-11-07,45.93443961361465,46.52410006249324,45.89815553197743,46.51502990722656,123600
2018-11-08,46.36988199596428,46.515028700459,46.19751790523463,46.406166076660156,98200
2018-11-09,46.15215649304915,46.16122664735024,45.6713587219782,45.98432922363281,115600
2018-11-12,45.852797339459244,45.852797339459244,45.081706050812805,45.1270637512207,98000
2018-11-13,45.24045269240675,45.712180316496315,45.04541149649059,45.181488037109375,128400
2018-11-14,45.557965104063975,45.60785960671242,44.6689411323004,44.936553955078125,143800
2018-11-15,44.764191041474255,45.621464236869336,44.51471854098568,45.54888916015625,197200
2018-11-16,45.25859371536074,45.7530018864072,45.231379793116524,45.59878158569336,187400
2018-11-19,45.512601248006916,45.526211670206436,44.60997036736449,44.764190673828125,135800
2018-11-20,44.09743607223625,44.45123103083106,43.847963493446976,44.07929229736328,150800
2018-11-21,44.414924815684074,44.63264656209075,44.28792190551758,44.28792190551758,191000
2018-11-23,43.96134414558324,44.32421259523527,43.96134414558324,44.05206298828125,125200
2018-11-26,44.50112649986662,44.791419982910156,44.446695174081725,44.791419982910156,114200
2018-11-27,44.58275717502213,44.86398040873102,44.47843136653605,44.8458366394043,181000
2018-11-28,45.01819800386334,45.82557671915827,44.84583738325584,45.81196975708008,256400
2018-11-29,45.66230064033228,45.970737900044405,45.476332999052005,45.703125,107400
2018-11-30,45.698573104229176,46.2247320337982,45.62146467990032,46.17937088012695,306800
2018-12-03,46.841605376092744,46.91871726508608,46.360807574666616,46.578529357910156,135800
2018-12-04,46.47420133070713,46.50141525460281,45.11344976679998,45.181488037109375,335000
2018-12-06,44.496579082227505,45.176954919755666,43.98856733830491,45.15427780151367,226600
2018-12-07,45.11798436626019,45.362920051044895,43.938667094036404,44.065670013427734,363400
2018-12-10,44.05207722610349,44.42401594995252,43.371701258532994,44.2652587890625,244600
2018-12-11,44.86398698592918,44.941095421444444,44.04299774124393,44.315147399902344,364400
2018-12-12,44.88212941766758,45.10438803957598,44.546478271484375,44.546478271484375,168800
2018-12-13,44.714299053633745,44.8639825623368,44.315143030425595,44.541934967041016,361400
2018-12-14,44.12009778277632,44.369570274416525,43.693731334204884,43.784446716308594,286200
2018-12-17,43.64091434054999,43.79127539530911,42.56105680019828,42.83443832397461,710000
2018-12-18,43.139729889162446,43.29920221263663,42.574740739038496,42.86634826660156,526400
2018-12-19,42.87090435948488,43.42678232406033,41.955076050211666,42.21023178100586,434800
2018-12-20,42.01885226127631,42.33324296027427,41.15314111016669,41.617889404296875,361800
2018-12-21,41.74546845501033,42.310457432902524,40.738510975194096,40.82052230834961,640200
2018-12-24,40.54714754606263,40.70206597913039,39.74067134912738,39.74978256225586,169000
2018-12-26,39.995835298324415,41.718143463134766,39.71334244189201,41.718143463134766,456600
2018-12-27,41.157701896982225,42.06441879272461,40.560814905752416,42.06441879272461,472000
2018-12-28,42.34236010338713,42.615741695653234,41.84115993819336,42.02796936035156,541200
2018-12-31,42.30135632753723,42.39704319941236,41.95962842472488,42.37425994873047,379400
2019-01-02,41.713577105132046,42.474490213418306,41.713577105132046,42.3469123840332,284800
2019-01-03,42.055302718370136,42.087197174043936,41.31261207359669,41.349063873291016,231200
2019-01-04,41.93685256079018,42.943810457825315,41.891289531413754,42.870906829833984,164600
2019-01-07,42.89368278329315,43.49512370692736,42.76610493225495,43.21262741088867,286800
2019-01-08,43.60447196026754,43.759390392144645,43.18072929022326,43.64548110961914,220000
2019-01-09,43.8049562453865,43.97354324588157,43.554354417114865,43.79584503173828,154400
2019-01-10,43.563469656343045,44.0601124979715,43.481454827532254,44.046443939208984,154400
2019-01-11,43.80951414277542,44.0601124979715,43.73661052772774,44.046443939208984,237400
2019-01-14,43.686488892041474,43.91886481295918,43.663709120177764,43.777618408203125,494200
2019-01-15,43.87329042795889,44.35170722799387,43.87329042795889,44.3198127746582,102200
2019-01-16,44.374501047318205,44.50663623584311,44.29704356735946,44.315269470214844,127000
2019-01-17,44.192240105965126,44.82557537895656,44.192240105965126,44.711666107177734,369600
2019-01-18,45.026057905776966,45.37689694185296,44.907591286897265,45.27210235595703,201800
2019-01-22,45.03973043622772,45.03973043622772,44.40639509194163,44.71622848510742,399000
2019-01-23,44.91215304138654,45.03973088521444,44.356275170791655,44.7800178527832,242400
2019-01-24,44.78002073077353,44.95316508101261,44.597765166633536,44.85292434692383,199000
2019-01-25,45.12174601069003,45.32678481212458,45.067071777962596,45.19920349121094,145200
2019-01-28,44.78002238630423,44.798248291015625,44.48385751815692,44.798248291015625,466400
2019-01-29,44.82557809542311,44.8802558006351,44.54308530908281,44.67522048950195,135400
2019-01-30,44.90759879794978,45.45891936184367,44.784578290401456,45.34956741333008,161600
2019-01-31,45.35868024022725,45.896332223000286,45.35868024022725,45.83709716796875,166000
2019-02-01,45.85987948320621,46.0649148086045,45.75052754140948,45.90999984741211,163400
2019-02-04,45.896331143127654,46.26539611816406,45.832538744694105,46.26539611816406,98800
2019-02-05,46.30639745490142,46.51599010480937,46.25627709555004,46.47954177856445,140800
2019-02-06,46.4385426921255,46.48866306233492,46.301853617565605,46.36564254760742,570000
2019-02-07,46.078566073691235,46.16513821141771,45.6411549944275,45.964656829833984,357600
2019-02-08,45.71863449432915,46.06947708129883,45.63662313638582,46.06947708129883,132800
2019-02-11,46.17882443562029,46.256281916787465,46.02846334189419,46.12870407104492,81600
2019-02-12,46.447652685762634,46.78026586216818,46.447652685762634,46.70280838012695,76000
2019-02-13,46.84404826911195,46.994409343617484,46.80304259946597,46.862274169921875,63600
2019-02-14,46.66179796770501,46.96707399621887,46.566111115796836,46.77570724487305,178200
2019-02-15,47.08554458751029,47.20856857299805,47.017201791390214,47.20856857299805,84000
2019-02-19,47.112881819352914,47.395374626447506,47.09009857144858,47.27235412597656,224200
2019-02-20,47.28146010247161,47.40904140987511,47.14932840321527,47.35892105102539,54600
2019-02-21,47.26780591142041,47.36804665958513,47.08099645221581,47.23135757446289,70000
2019-02-22,47.38170053054593,47.636859667558056,47.34525220488862,47.60496520996094,102600
2019-02-25,47.85101284931786,47.910247904705244,47.60952571154492,47.63230895996094,236600
2019-02-26,47.54118059761101,47.77355652740482,47.53662672880568,47.59130096435547,116600
2019-02-27,47.48194124763264,47.6459708799136,47.26323738874814,47.60496520996094,130200
2019-02-28,47.522959282836936,47.59130207887467,47.386266738289855,47.40904998779297,151000
2019-03-01,47.737109758717914,47.796344821797405,47.43639100274274,47.71888732910156,171000
2019-03-04,47.90568938743453,47.92391529047419,47.090098476646304,47.55029296875,108600
2019-03-05,47.55940014139348,47.61407784586692,47.35892217746139,47.518394470214844,94200
2019-03-06,47.51383747112587,47.51383747112587,47.18577819437133,47.19489288330078,75600
2019-03-07,47.135666297014126,47.135666297014126,46.643580769765315,46.812164306640625,325200
2019-03-08,46.415756296414635,46.68913788277137,46.32462678347208,46.680023193359375,95800
2019-03-11,46.83493294175591,47.39536456842045,46.83493294175591,47.386253356933594,61000
2019-03-12,47.468289067342795,47.6869964779156,47.468289067342795,47.56397247314453,70200
2019-03-13,47.723434182027006,48.07427673469217,47.723434182027006,47.89202117919922,176800
2019-03-14,47.85099865026242,47.92845958615013,47.76898384703131,47.869224548339844,63600
2019-03-15,47.914811269612365,48.22464123908884,47.90569657860654,48.074283599853516,223200
2019-03-18,48.0697183510163,48.242859213063326,47.96947762384967,48.11983871459961,189600
2019-03-19,48.31120620277418,48.38866368356795,47.97859303172537,48.138065338134766,106800
2019-03-20,48.10237610723768,48.34028214905329,47.768397324218796,48.0474739074707,110600
2019-03-21,47.83701932745584,48.610208705235756,47.83701932745584,48.52328109741211,97600
2019-03-22,48.299095616577404,48.35857037068252,47.62198257446289,47.62198257446289,126800
2019-03-25,47.51219625679454,47.78670030758971,47.38409459912402,47.63114929199219,163600
2019-03-26,47.95140354059075,48.1206827260288,47.73180169567975,47.983428955078125,86200
2019-03-27,47.969706485404934,48.05205805366649,47.44357165987325,47.73180389404297,133400
2019-03-28,47.846173717899646,48.02917756337237,47.64486913882885,47.93309783935547,140000
2019-03-29,48.19845630970459,48.294532549330924,48.038329243660705,48.2579345703125,150000
2019-04-01,48.61935502952559,48.861837108815024,48.58732962139419,48.843536376953125,84400
2019-04-02,48.884723008526045,48.92590053845806,48.74289666316728,48.89387512207031,102200
2019-04-03,49.11347841315096,49.28733367047919,48.939626646331426,49.086029052734375,97200
2019-04-04,49.09059700308095,49.19124580482406,48.8938684747285,49.15464782714844,96000
2019-04-05,49.26902625350446,49.36052643616001,49.23242478423895,49.3468017578125,101200
2019-04-08,49.30104687909911,49.36052164299909,49.140919829746956,49.3559455871582,206000
2019-04-09,49.15464285245814,49.20954155866961,49.01738910591393,49.10431671142578,61600
2019-04-10,49.191252690080304,49.342231149589466,49.154654707282106,49.32850646972656,77800
2019-04-11,49.44286713698779,49.44286713698779,49.255290756591236,49.36051559448242,94200
2019-04-12,49.64875702479985,49.76771005914331,49.616731610612185,49.76313400268555,76200
2019-04-15,49.81345512585732,49.81345512585732,49.570976515687846,49.735679626464844,69400
2019-04-16,49.9049543109066,49.9049543109066,49.62587425885114,49.74482727050781,108400
2019-04-17,49.918693143989,49.918693143989,49.47033381321098,49.566410064697266,77400
2019-04-18,49.717379317352666,49.73110399494989,49.45202391544611,49.6899299621582,98200
2019-04-22,49.566397260089424,49.7494010925293,49.51607460941354,49.7494010925293,82600
2019-04-23,49.790586681297476,50.15201834904596,49.73568447551637,50.10169219970703,120800
2019-04-24,50.1062642674617,50.23436941301059,50.042213439941406,50.042213439941406,47400
2019-04-25,50.147445562928596,50.1977717155495,49.91411553627791,50.065093994140625,41400
2019-04-26,50.00102982438962,50.220631622241285,49.863776082851594,50.211483001708984,81000
2019-04-29,50.24808627881674,50.37161185825414,50.18860802643286,50.25265884399414,99200
2019-04-30,50.106262882397864,50.26639343728049,49.85463563566899,50.225215911865234,86800
2019-05-01,50.28470201005468,50.28470201005468,49.63961410522461,49.63961410522461,103800
2019-05-02,49.62131222132618,49.81804078096571,49.314782730181165,49.58928680419922,93800
2019-05-03,49.808890664804075,50.09711941030769,49.80431460806348,50.065093994140625,130200
2019-05-06,49.25988102033843,49.946142957619855,49.25988102033843,49.895816802978516,132400
2019-05-07,49.447450921766254,49.506925687675285,48.74746444630427,49.04484176635742,101200
2019-05-08,48.99451930984724,49.25530216359834,48.893870503927,48.962493896484375,68600
2019-05-09,48.54616360056649,48.866417734708364,48.2487827671443,48.797794342041016,193400
2019-05-10,48.596490165523015,49.182099724693856,48.074931433729716,49.02197265625,200800
2019-05-13,48.12983483726476,48.26708861816442,47.69062762509795,47.86448287963867,226000
2019-05-14,48.06577485064013,48.55073555776312,48.038325495890746,48.23505401611328,159400
2019-05-15,47.96971269179726,48.770351684952466,47.96971269179726,48.66512680053711,128800
2019-05-16,48.78406407017728,49.42915185751025,48.78406407017728,49.15464782714844,57000
2019-05-17,48.75660561601964,49.314765684887256,48.75660561601964,48.834381103515625,73000
2019-05-20,48.50040603538881,48.710859218326775,48.36772834582857,48.459228515625,72400
2019-05-21,48.75662351693973,48.971652818205996,48.752047459963556,48.91217803955078,67000
2019-05-22,48.706299479966525,48.944205585951444,48.706299479966525,48.825252532958984,72400
2019-05-23,48.39061047858696,48.39061047858696,47.960555413411406,48.216758728027344,84400
2019-05-24,48.45922866576776,48.53700415938647,48.19844934148145,48.248775482177734,45200
2019-05-28,48.34028061747678,48.55530637277514,47.878196716308594,47.878196716308594,68400
2019-05-29,47.64944450003335,47.69519458810739,47.28801287038481,47.54421615600586,87200
2019-05-30,47.667747497558594,47.79584914645388,47.49389226790801,47.667747497558594,53000
2019-05-31,47.19651447907086,47.27428998078879,47.00893457321318,47.045536041259766,141800
2019-06-03,46.995213170342026,47.13246344931932,46.537705259401015,46.739009857177734,197000
2019-06-04,47.19651087292816,47.79584503173828,47.09585858874463,47.79584503173828,91600
2019-06-05,48.07035475972458,48.22133320396397,47.77754998390118,48.212181091308594,94800
2019-06-06,48.28996957598545,48.63767313403298,48.157291840476944,48.486698150634766,206200
2019-06-07,48.67426026525285,49.23242040512599,48.665111644004334,49.04026794433594,139400
2019-06-10,49.31935549372681,49.52980871943779,49.21870319218929,49.250728607177734,133400
2019-06-11,49.57554350029301,49.63501825532661,49.145485068567,49.22783660888672,64200
2019-06-12,49.20040495220293,49.25073110552459,49.072303285750934,49.14093017578125,53400
2019-06-13,49.32392955047087,49.420005798339844,49.26445477526872,49.420005798339844,58800
2019-06-14,49.39713335954969,49.429158776066004,49.204980860451826,49.32850646972656,128000
2019-06-17,49.37762340044204,49.478619473983215,49.336308735318866,49.34090042114258,90000
2019-06-18,49.68520199147704,50.02032149670405,49.68520199147704,49.80455780029297,126000
2019-06-19,49.84129057353137,50.07541753987966,49.67602489168909,50.0019645690918,97000
2019-06-20,50.51611470850794,50.58497597917957,50.158040303931145,50.55284118652344,61200
2019-06-21,50.47939040062488,50.66301929616693,50.45643897770079,50.48398208618164,49200
2019-06-24,50.48858387970275,50.552853480644956,50.36463286186381,50.369224548339844,77600
2019-06-25,50.3738092556961,50.3738092556961,49.73569801629711,49.76324462890625,124800
2019-06-26,49.92392079659477,50.015733502834806,49.68979384252338,49.69438552856445,63200
2019-06-27,49.868830238911,49.96064644604855,49.7861974037023,49.878013610839844,105000
2019-06-28,50.04327880637835,50.2590425130664,49.99278076853945,50.20395278930664,78400
2019-07-01,50.786974094879156,50.81452070975377,50.42430793716506,50.60793685913086,141400
2019-07-02,50.64466300430589,50.777793884277344,50.525303680464184,50.777793884277344,59200
2019-07-03,50.92468649890937,51.25062610669638,50.88796002135964,51.236854553222656,63600
2019-07-05,50.98896303958236,51.16340857809779,50.754836091299175,51.14045715332031,59400
2019-07-08,50.938452020922014,50.96599512460818,50.77318639394652,50.869590759277344,42800
2019-07-09,50.630891582451824,50.920104769234534,50.630891582451824,50.887969970703125,118800
2019-07-10,51.07617281406876,51.30570801015625,50.98435663417629,51.126670837402344,63400
2019-07-11,51.27816943119982,51.28276111652044,51.066997438037504,51.26898956298828,36600
2019-07-12,51.36999158838992,51.62247827145686,51.33326510642125,51.5903434753418,142200
2019-07-15,51.67756227921414,51.67756227921414,51.526068184670166,51.6132926940918,48800
2019-07-16,51.562795686617136,51.62706527301588,51.420484959938456,51.46179962158203,61000
2019-07-17,51.44802495045774,51.45720481834574,51.08995056152344,51.08995056152344,42800
2019-07-18,50.95682388164594,51.2506287121205,50.86501118553384,51.23226547241211,48000
2019-07-19,51.46638513812001,51.46638513812001,50.89254711232029,50.90631866455078,42800
2019-07-22,51.053225974519734,51.16799359072964,50.94305004363855,51.06699752807617,55200
2019-07-23,51.319494686765694,51.40671920776367,51.12209421985407,51.40671920776367,122400
2019-07-24,51.268998054611956,51.7097053527832,51.268998054611956,51.7097053527832,64800
2019-07-25,51.64083925502517,51.64083925502517,51.34244273132637,51.470985412597656,80400
2019-07-26,51.723474119867,52.063188822949165,51.723474119867,51.994327545166016,60000
2019-07-29,51.99890163889955,52.01267669266774,51.80609291529443,51.95299530029297,105600
2019-07-30,51.67756450561516,51.96677765112576,51.67756450561516,51.85660171508789,41800
2019-07-31,51.82447360361911,51.856608401708336,50.85124278624066,51.1817741394043,185600
2019-08-01,51.236857673223696,51.87496537418073,50.7226974635075,50.828285217285156,118600
2019-08-02,50.70433492784195,50.70433492784195,50.185586527770056,50.41053009033203,161200
2019-08-05,49.67143191976021,49.74488488864689,48.546710477517976,48.872650146484375,146600
2019-08-06,49.21694499434321,49.570431219944794,48.98740975782314,49.51074981689453,164800
2019-08-07,48.973643595602574,49.671429250374786,48.588022534531774,49.57961654663086,114200
2019-08-08,49.88719394363995,50.566619873046875,49.804561107663844,50.566619873046875,63600
2019-08-09,50.47021141520177,50.47021141520177,49.91473653572755,50.222312927246094,148400
2019-08-12,49.969816418443955,49.974408103498945,49.44647639991916,49.63469696044922,81200
2019-08-13,49.59338758966263,50.52530018251462,49.59338758966263,50.2957649230957,97200
2019-08-14,49.63011316031058,49.698974437357656,48.826739767098076,48.840511322021484,132600
2019-08-15,48.96905285645177,49.07004893398083,48.569663734770764,48.927738189697266,53800
2019-08-16,49.21236363445357,49.721932246637955,49.21236363445357,49.662254333496094,46600
2019-08-19,50.19017094738414,50.38757137236126,50.09376657738546,50.28657531738281,110600
2019-08-20,50.21771926200824,50.23608250140291,49.85505316443044,49.88718795776367,74600
2019-08-21,50.31412174262766,50.37839132686792,50.19017425942992,50.300350189208984,71800
2019-08-22,50.442666018876906,50.44725770462463,49.928509292891874,50.226905822753906,65400
2019-08-23,50.00654493575665,50.236080163864884,48.70737470408095,48.94150161743164,123800
2019-08-26,49.391392216195484,49.50157165527344,49.08840751480581,49.50157165527344,148400
2019-08-27,49.78619052613999,49.85046011104286,49.285805400477734,49.38220977783203,49000
2019-08-28,49.207776153327124,49.68520997257253,49.06087370913089,49.68061828613281,136200
2019-08-29,50.162633555747995,50.42889529462126,50.061640984644754,50.30953598022461,77400
2019-08-30,50.61711092693458,50.61711092693458,50.13049384781248,50.27280807495117,133200
2019-09-03,49.960647370727536,50.13968459992167,49.763246899766024,49.92851257324219,67600
2019-09-04,50.31412353889025,50.48857256156724,50.18558436582076,50.47938919067383,56200
2019-09-05,50.947643303784815,51.28735447758645,50.947643303784815,51.21390151977539,81800
2019-09-06,51.31031596666083,51.34704245277174,51.19096014044613,51.22309494018555,63400
2019-09-09,51.41589514897271,51.41589514897271,51.00273100532534,51.17258834838867,53800
2019-09-10,50.975199360190025,51.048648834228516,50.695166016654994,51.048648834228516,326200
2019-09-11,51.08077470661124,51.324085021810326,50.95223552269026,51.29195022583008,43600
2019-09-12,51.498523434348556,51.714287107130744,51.42507048087819,51.544429779052734,88200
2019-09-13,51.64542583885968,51.70969542193145,51.48475188118026,51.544429779052734,58200
2019-09-16,51.36538817359331,51.43884112075818,51.24144070328922,51.36997985839844,70400
2019-09-17,51.32867188702947,51.50312091995366,51.287357222871634,51.489349365234375,48400
2019-09-18,51.379157072497186,51.48474480298709,51.01649104506369,51.45261001586914,127600
2019-09-19,51.562798258789215,51.77397026783779,51.480165428950215,51.58116149902344,119800
2019-09-20,51.672965245527834,51.70510003476294,51.135853695842776,51.2643928527832,89600
2019-09-23,51.1129111053931,51.429670891724264,51.1129111053931,51.314903259277344,171800
2019-09-24,51.49416459988468,51.57711578585169,50.69230547948597,50.844383239746094,225400
2019-09-25,50.872029807146355,51.29139509095286,50.613961026910616,51.203834533691406,69600
2019-09-26,51.23148497769351,51.34208889979588,50.927332981720795,51.19922637939453,73600
2019-09-27,51.346689600121984,51.346689600121984,50.67386496326272,50.88124465942383,56600
2019-09-30,50.987235298407406,51.24069819762576,50.890459513957616,51.111663818359375,81400
2019-10-01,51.263758438651834,51.2960170463034,50.401991270278124,50.43424987792969,81600
2019-10-02,50.10243938888407,50.16695659690086,49.24066880191105,49.498741149902344,235200
2019-10-03,49.48490593789558,49.941139221191406,49.042500782273514,49.941139221191406,68400
2019-10-04,50.097829317633334,50.60936111404749,50.097829317633334,50.59092712402344,103200
2019-10-07,50.46188903089242,50.7153519803395,50.351288614735445,50.388153076171875,80600
2019-10-08,50.06556525833158,50.11625784639263,49.60011672973633,49.60011672973633,120000
2019-10-09,49.950355707779806,50.25911709767585,49.88583850738134,50.09782409667969,60000
2019-10-10,50.05634925260876,50.58170559723285,50.05634925260876,50.41119384765625,79800
2019-10-11,50.95498001949002,51.34669255801746,50.95498001949002,50.99184799194336,117000
2019-10-14,50.93194472879947,51.014895922002886,50.86742752474392,50.9227294921875,61200
2019-10-15,51.06558342130176,51.53103193208345,51.06558342130176,51.4250373840332,155000
2019-10-16,51.259139865677426,51.369740276494184,51.153145314865434,51.27296447753906,124800
2019-10-17,51.480342540167946,51.55868435415264,51.26374757074361,51.374351501464844,67200
2019-10-18,51.27756696407729,51.41582010544554,51.028716935091936,51.203834533691406,101400
2019-10-21,51.448091732770145,51.521827697753906,51.31905730997289,51.521827697753906,62800
2019-10-22,51.7015402378825,51.7015402378825,51.19461441040039,51.19461441040039,60200
2019-10-23,51.12549778260609,51.36052322387695,51.10706379420614,51.36052322387695,47400
2019-10-24,51.56790542743374,51.613988642679914,51.36052568494003,51.540252685546875,154800
2019-10-25,51.51260500690344,51.964228968099164,51.51260500690344,51.85823440551758,78800
2019-10-28,52.10248397325882,52.21308792364891,52.074834743623505,52.17621994018555,92200
2019-10-29,52.116292270893204,52.31906260053156,52.07942781489621,52.13933563232422,88400
2019-10-30,52.2038588217757,52.38358581062791,51.95500525661331,52.346717834472656,82800
2019-10-31,52.337499189641804,52.337499189641804,51.93656788589453,52.14394760131836,89600
2019-11-01,52.42967240988153,52.58175018440358,52.39741380764267,52.57714080810547,82600
2019-11-04,52.867464117363184,52.87207349299633,52.72460511604662,52.76607894897461,104200
2019-11-05,52.807566525702015,52.839828647607206,52.62323364348262,52.63705825805664,52600
2019-11-06,52.724610597087036,52.724610597087036,52.53105547553152,52.69234848022461,109400
2019-11-07,52.931990809040215,53.07024397545102,52.77069779217698,52.86747360229492,199000
2019-11-08,52.83059910422692,53.06562805175781,52.743038541908355,53.06562805175781,96600
2019-11-11,52.84903901095505,52.96885818608594,52.775303052128656,52.92277145385742,67800
2019-11-12,53.028754896723854,53.27299905625661,52.99649630048223,53.08405685424805,64000
2019-11-13,52.94581058352589,53.21770751503743,52.881293382677136,53.18083953857422,72400
2019-11-14,53.084063290958824,53.24996566772461,53.00111210257593,53.24996566772461,154000
2019-11-15,53.51724580422047,53.58637237548828,53.39743016434129,53.58637237548828,142200
2019-11-18,53.521862648726895,53.66011581055541,53.45273606781264,53.62785720825195,129400
2019-11-19,53.747665996544576,53.747665996544576,53.57715777012547,53.66471481323242,50000
2019-11-20,53.56794417224959,53.655504739703915,53.18084095683355,53.48499298095703,92000
2019-11-21,53.517247431975235,53.517247431975235,53.26378801751543,53.35134506225586,136200
2019-11-22,53.494205916918176,53.52646451469541,53.28222034353588,53.425079345703125,146400
2019-11-25,53.6324618910778,53.927398681640625,53.6324618910778,53.927398681640625,202800
2019-11-26,53.98731111483692,54.13477951309649,53.9320091470181,54.12556076049805,117600
2019-11-27,54.22694763165665,54.286858977639774,54.12095658494261,54.26842498779297,87600
2019-11-29,54.20390272198737,54.226942570202326,54.05643433290147,54.084083557128906,43600
2019-12-02,54.157813136820074,54.157813136820074,53.49881303874719,53.60941696166992,289600
2019-12-03,53.171623698987034,53.29144287109375,52.87208104260617,53.29144287109375,192600
2019-12-04,53.508031790285855,53.729232604284235,53.508031790285855,53.60941696166992,62000
2019-12-05,53.73384138740687,53.73384138740687,53.5034218244112,53.69236755371094,109600
2019-12-06,54.08407671027569,54.25919430141976,54.08407671027569,54.14859390258789,96400
2019-12-09,54.10251113484586,54.263804116934466,54.0794677734375,54.0794677734375,120800
2019-12-10,54.06103667643954,54.19928982043115,54.010344091370854,54.05643081665039,59600
2019-12-11,54.11634796255035,54.222342526665365,54.06104599223937,54.17164993286133,126400
2019-12-12,54.22233543447428,54.77534100155542,54.167033471396714,54.61404800415039,133600
2019-12-13,54.646315154930655,54.85369139605633,54.48502213228578,54.66474914550781,183400
2019-12-16,54.982562013367826,55.14447882493714,54.982562013367826,55.06120681762695,95400
2019-12-17,55.13060562718781,55.144483708048135,54.982566882140894,54.9918212890625,99600
2019-12-18,55.07508503147407,55.14447542535325,55.01956918684916,55.033447265625,68400
2019-12-19,55.07972457872118,55.297157287597656,55.06121929184632,55.297157287597656,169000
2019-12-20,55.52845985722873,55.67649860078521,55.49607649237332,55.65799331665039,205000
2019-12-23,55.815282828577445,55.815282828577445,55.59785016606981,55.63948440551758,115600
2019-12-24,55.690369864689984,55.72738042842931,55.54695834210211,55.59784698486328,43800
2019-12-26,55.73200084853434,55.838401794433594,55.694990289299305,55.838401794433594,57200
2019-12-27,55.98644458736765,55.98644458736765,55.74125579120537,55.83378219604492,69600
2019-12-30,55.88003234491188,55.88003234491188,55.412783801048896,55.4775505065918,97200
2019-12-31,55.30640069284325,55.63023432492178,55.30640069284325,55.5747184753418,152600
2020-01-02,55.824536017068645,56.08823013305664,55.70888064111739,56.08823013305664,161400
2020-01-03,55.519197406253845,55.861536267578,55.514570203804226,55.681114196777344,112400
2020-01-06,55.343415377099845,55.89393615722656,55.343415377099845,55.89393615722656,185400
2020-01-07,55.833802679169594,55.87080972516033,55.69501478575542,55.71814727783203,132800
2020-01-08,55.73201312811643,56.30103560126432,55.73201312811643,56.08823013305664,103400
2020-01-09,56.37968341471848,56.45832822254825,56.27327891684378,56.45370101928711,77400
2020-01-10,56.62949681670015,56.6433748963168,56.31491407047622,56.35654830932617,78400
2020-01-13,56.52309843709639,56.8052978515625,56.43982642086832,56.8052978515625,115400
2020-01-14,56.80529136362398,56.94407568847159,56.64799822670391,56.69888687133789,135000
2020-01-15,56.763639619773635,57.04121526017069,56.75438874553681,56.911678314208984,253600
2020-01-16,57.142998660451575,57.39744186401367,57.11524250352534,57.39744186401367,96000
2020-01-17,57.52697280493658,57.63337728440359,57.43907713531217,57.61949920654297,84000
2020-01-21,57.52697354024297,57.67963945770388,57.4529559475331,57.54547882080078,139200
2020-01-22,57.76291087615289,57.906322387135944,57.550105446154326,57.59636688232422,196200
2020-01-23,57.51310229304508,57.63800853974373,57.193892342172624,57.610252380371094,102200
2020-01-24,57.86006263654754,57.86006263654754,56.93019256550202,57.13837432861328,111200
2020-01-27,56.11136163585608,56.46295496084707,55.91243425152824,56.17150115966797,189200
2020-01-28,56.54159589345403,56.971833996144625,56.384302760346515,56.81454086303711,87200
2020-01-29,57.064357673947335,57.064357673947335,56.72201877408135,56.74977493286133,83400
2020-01-30,56.476824048280385,56.98570690660707,56.27789669562743,56.934818267822266,94400
2020-01-31,56.80065502302144,56.80065502302144,55.69036295524566,55.86616134643555,176000
2020-02-03,56.245521195557465,56.77290940799139,56.245521195557465,56.587860107421875,144000
2020-02-04,57.22164300175959,57.605616087405096,57.18463244208831,57.41594314575195,100000
2020-02-05,58.00810723756961,58.00810723756961,57.573241915852634,57.92946243286133,86800
2020-02-06,58.15152024738962,58.19778522029846,57.94796919058266,58.133018493652344,99400
2020-02-07,58.012723947606126,58.10524681529001,57.78141324887525,57.8461799621582,96800
2020-02-10,57.7906798149995,58.43372344970703,57.7906798149995,58.43372344970703,93400
2020-02-11,58.71128755411991,58.817688506811685,58.37357235620288,58.46147155761719,82600
2020-02-12,58.711291054337224,58.80381393432617,58.59100848673429,58.80381393432617,103200
2020-02-13,58.52624252891342,58.93334814750994,58.52624252891342,58.73442077636719,79200
2020-02-14,58.85933600558047,58.93798081484149,58.66965949316293,58.91484832763672,85000
2020-02-18,58.81306425455406,58.99348633949211,58.65577465415538,58.85932922363281,208200
2020-02-19,59.113772413998205,59.284940103469616,59.09989433425964,59.206298828125,68000
2020-02-20,59.13227600319094,59.28493840546452,58.45222187930437,59.01662063598633,88800
2020-02-21,58.7806792456853,58.7806792456853,58.170019083897685,58.33193588256836,164000
2020-02-24,56.39818668680308,56.93482577173271,56.139116256247775,56.31028747558594,296600
2020-02-25,56.652629944349314,56.80529589041716,54.54307697876462,54.73737716674805,328800
2020-02-26,54.950186816221276,55.537718157746184,54.27475978079628,54.38578796386719,155800
2020-02-27,53.29398802908732,54.001801791147244,51.938507080078125,51.938507080078125,190600
2020-02-28,50.31008757422927,51.753467909055736,49.99550481649229,51.711830139160156,385400
2020-03-02,52.12355860494719,54.01105499267578,51.54990898772358,54.01105499267578,236200
2020-03-03,54.14521994282474,54.77901265861168,51.93851344555619,52.37800598144531,180800
2020-03-04,53.474417081591056,54.570831298828125,52.947028857988904,54.570831298828125,321400
2020-03-05,53.21534132400397,53.673335541074344,52.336359920989544,52.757347106933594,109800
2020-03-06,51.20756534385675,52.012525614359184,50.58765081497141,51.850608825683594,128800
2020-03-09,48.07561807942304,49.45423149154443,47.668512492320495,47.816551208496094,290200
2020-03-10,49.54212160868315,50.240680876781965,47.68701242667335,50.22217559814453,281200
2020-03-11,49.03787562750717,49.042502830455085,47.13187390796115,47.802677154541016,397400
2020-03-12,44.30988739193729,46.29453408123556,40.289705365190365,43.32450485229492,398000
2020-03-13,45.79952790973561,47.252159118652344,43.56969244965461,47.252159118652344,486000
2020-03-16,42.43164345369139,44.795639540268425,41.45088462828145,41.557289123535156,333200
2020-03-17,42.32987518294894,44.38391615733927,41.016031570894924,43.97218322753906,394400
2020-03-18,41.28895281164686,42.51027281413393,39.5402447867004,41.86722946166992,304000
2020-03-19,41.48789311815126,43.120946324711305,40.31746137654405,42.05229187011719,204000
2020-03-20,42.65831798081258,42.88962867598857,40.20179952749038,40.345211029052734,206200
2020-03-23,40.03989470023907,40.30821250431048,38.3883359848088,39.01749801635742,300000
2020-03-24,41.053021500071075,42.96827378815918,41.053021500071075,42.926639556884766,250000
2020-03-25,43.30719815502623,45.023855940063285,42.23254431526743,43.3630256652832,230800
2020-03-26,43.91664339990483,46.04269259154864,43.91664339990483,46.03338623046875,246800
2020-03-27,44.3865072702606,45.749594328363536,44.24228709415422,44.50746154785156,206800
2020-03-30,44.805201884293105,46.26598799306818,44.61911728519877,46.16364288330078,337800
2020-03-31,46.01010954801033,46.39158856930565,45.18667082991219,45.3076286315918,340200
2020-04-01,43.69797962084785,44.33533032782265,43.037370115401124,43.4141960144043,221600
2020-04-02,43.22810745216922,44.53537401051174,43.20949828397426,44.43302536010742,223000
2020-04-03,44.27019674658034,44.55862996183397,43.21414870233843,43.707279205322266,162400
2020-04-06,45.377417319395015,47.10337769596386,45.29833101856091,46.8102912902832,138600
2020-04-07,48.350167980697,48.4618194479749,46.8056424108975,46.814945220947266,179200
2020-04-08,47.37321355862285,48.51765095317468,46.96847207606059,48.33621597290039,169600
2020-04-09,48.82467894844342,49.466682734149416,48.55950455197127,48.94563674926758,619400
2020-04-13,48.76420378660257,48.76420378660257,47.68955017067262,48.30363845825195,489600
2020-04-14,49.26198713985791,50.015642394637894,49.117770539302086,49.89933776855469,434000
2020-04-15,48.875861046587794,49.03869038295196,48.378077326623846,48.736297607421875,213800
2020-04-16,48.959599292601766,49.04333877371958,48.28503381367303,48.96425247192383,131000
2020-04-17,50.22034587418095,50.35991287231445,49.66673816008011,50.35991287231445,234200
2020-04-20,49.666738502742845,50.20639023062076,49.401564043928644,49.471343994140625,199000
2020-04-21,48.63860891911098,48.68047689189953,47.722127655150466,47.83843231201172,158000
2020-04-22,48.824687306237635,49.35038655980742,48.56416604386847,49.10847091674805,478800
2020-04-23,49.35968536514444,49.82955707465837,48.94098797792093,49.001468658447266,100400
2020-04-24,49.25734954724748,49.77374253440332,48.87122076396548,49.666744232177734,115000
2020-04-27,50.09007371243412,50.65764083524944,50.08077090438888,50.49016189575195,156600
2020-04-28,51.20195105173784,51.21590703995556,50.15520934337938,50.238948822021484,117400
2020-04-29,51.318254044096676,52.02538818541355,51.23451456813377,51.74625778198242,97000
2020-04-30,51.546211089306716,51.56016707637773,50.946078799904974,51.178688049316406,282600
2020-05-01,50.378509490896036,50.42968380750652,49.66672578628611,49.8807258605957,148600
2020-05-04,49.513213863416304,50.141258239746094,49.31316973102455,50.141258239746094,269400
2020-05-05,50.694864350289905,51.16938569450164,50.55529736999105,50.62973403930664,100400
2020-05-06,50.88560415559865,51.02051796217057,50.304080963134766,50.304080963134766,194200
2020-05-07,50.96933853633395,51.281037633795385,50.857687088368884,50.95072937011719,370800
2020-05-08,51.588092122800674,51.885831753546874,51.513658989782314,51.87187576293945,186000
2020-05-11,51.47642518891724,52.17425290440369,51.39733889966925,51.89512252807617,158400
2020-05-12,52.11378251097496,52.11378251097496,50.7599983215332,50.7599983215332,138000
2020-05-13,50.69021960182742,50.918175728182085,49.43413076757041,49.848175048828125,165600
2020-05-14,49.40620480365987,50.45759963989258,48.92238067215683,50.45759963989258,194600
2020-05-15,50.029595102105716,50.85303023908564,49.97376760748485,50.820465087890625,90200
2020-05-18,51.96956281007801,52.57899796324551,51.90908567748459,52.285911560058594,181400
2020-05-19,52.21148432513427,52.527833110778126,51.788133701246906,51.80208969116211,258800
2020-05-20,52.43479285349497,52.848837162030335,52.35570653598519,52.7325325012207,133000
2020-05-21,52.751131187435334,52.79765233264479,52.22078232350871,52.34638977050781,94600
2020-05-22,52.285905141188316,52.53247036985415,52.137035368257884,52.476646423339844,66600
2020-05-26,53.60713631571547,53.60713631571547,53.01630675594823,53.1140022277832,273400
2020-05-27,53.593180198854526,53.7932243347168,52.6255282282366,53.7932243347168,121800
2020-05-28,53.99791614555437,54.365439220455,53.52339479338879,53.67691421508789,121400
2020-05-29,53.65366237094073,54.044444294035046,53.11400708742618,53.9607048034668,145000
2020-06-01,53.83043244619023,54.26308579506938,53.704825012344564,54.142127990722656,297200
2020-06-02,54.33287687240354,54.63991928100586,54.04444008306779,54.63991928100586,145800
2020-06-03,54.960925383584964,55.3982320054694,54.960925383584964,55.24470901489258,172400
2020-06-04,55.04001493857058,55.347060937823684,54.64923299334277,55.03071212768555,319400
2020-06-05,55.85413993525071,56.57523013276379,55.85413993525071,56.342620849609375,142800
2020-06-08,56.514750799656326,56.95670700073242,56.296097514098484,56.95670700073242,168800
2020-06-09,56.44031326119447,56.728750034421594,56.30074627913778,56.50544357299805,113600
2020-06-10,56.62174852566024,56.840401809084675,56.21700711489569,56.32400894165039,89400
2020-06-11,55.0074490268365,55.08653889029556,53.067488219457736,53.10935974121094,141600
2020-06-12,54.54687258858527,54.54687258858527,52.81625909080211,53.76995849609375,100000
2020-06-15,52.668257951548455,54.45077522279864,52.64025787497812,54.29678726196289,215800
2020-06-16,55.76199601195435,55.76199601195435,54.52543220845868,55.28603744506836,139400
2020-06-17,55.50068428347382,55.61267390338612,55.034056713739105,55.090049743652344,233000
2020-06-18,54.91740018404093,55.23003980340761,54.82873980597826,55.20670700073242,91600
2020-06-19,55.934646202773145,55.934646202773145,54.693415199778016,54.94072723388672,130000
2020-06-22,54.744756958498776,55.351374340862506,54.56743972923371,55.300045013427734,158800
2020-06-23,55.76199310428982,55.95331211164778,55.44001895048532,55.49134826660156,130600
2020-06-24,55.11804796696895,55.220703038389736,53.84415317795274,54.07279968261719,104800
2020-06-25,53.96081522268455,54.716753214123,53.63884104039087,54.69342041015625,99000
2020-06-26,54.49276032233181,54.49276032233181,53.29819502994944,53.4241828918457,167400
2020-06-29,53.58283969149019,54.1707878112793,53.16754147795172,54.1707878112793,172200
2020-06-30,54.175464099581276,55.26737454392803,54.12880205120952,55.071388244628906,152000
2020-07-01,55.24870247192971,55.612671390261376,55.188038612150656,55.42135238647461,102000
2020-07-02,56.02330157995129,56.275280879961464,55.67799819553095,55.78532409667969,106600
2020-07-06,56.49459705707332,56.64391772993241,56.317279870579924,56.587921142578125,90600
2020-07-07,56.284622129333,56.774578970980656,55.99531173706055,55.99531173706055,72600
2020-07-08,56.163297689652026,56.43860626220703,55.84599078224946,56.43860626220703,74200
2020-07-09,56.564594273121216,56.5739252580287,55.55201330658313,56.13063049316406,85200
2020-07-10,56.1212988297575,56.65325755902899,55.95797988484721,56.62059020996094,85600
2020-07-13,57.01722628611101,57.39519349428489,55.88798481413535,55.93465042114258,156000
2020-07-14,55.70133931193448,56.75591515152481,55.48669103767929,56.73258590698242,98200
2020-07-15,57.343869367319186,57.4045296778012,56.81191415205755,57.2598762512207,119000
2020-07-16,56.8865593430162,57.05454196510718,56.755900654590626,56.965885162353516,66400
2020-07-17,57.28318999662099,57.41851239197996,56.88189008213166,57.26919174194336,90400
2020-07-20,57.2505326864026,57.96447223633556,57.03588445021975,57.9224739074707,70000
2020-07-21,58.32378244392522,58.32378244392522,57.773161736195874,57.857154846191406,135600
2020-07-22,57.82916231639115,58.319122751824736,57.82916231639115,58.28179168701172,66400
2020-07-23,58.2304549023113,58.38910656731043,57.404522109553305,57.54917907714844,67400
2020-07-24,57.07788064425473,57.2551978281155,56.886565203784656,57.0965461730957,95800
2020-07-27,57.250536819147115,57.65650052032813,57.2458695466951,57.60517120361328,121200
2020-07-28,57.53517846124518,57.60983701815921,57.07788189483614,57.14787673950195,184200
2020-07-29,57.297199822571706,57.945811860914546,57.297199822571706,57.82915496826172,118800
2020-07-30,57.29719821949553,57.721827445626786,56.8772327056781,57.66116714477539,213600
2020-07-31,57.847829006674026,57.847829006674026,56.82591333750236,57.75450134277344,101600
2020-08-03,58.123126122155206,58.35643989568356,57.97380544950049,58.19778823852539,123600
2020-08-04,58.099810088338565,58.33778762817383,57.99248416168007,58.33778762817383,59200
2020-08-05,58.683078316935735,58.7904006536284,58.58508696426985,58.71107482910156,71600
2020-08-06,58.63175305560417,59.135711669921875,58.56175821026798,59.135711669921875,89800
2020-08-07,59.051716438286384,59.17770430728016,58.771737067036945,59.14970779418945,94000
2020-08-10,59.15437700256362,59.21970813932141,58.81840813400227,59.16371154785156,68800
2020-08-11,59.40635462197522,59.54167704408575,58.613089179353004,58.70641326904297,174800
2020-08-12,59.210378583196515,59.78432856375931,59.210378583196515,59.63967514038086,82200
2020-08-13,59.56500882086589,59.77499335918121,59.345693297776585,59.51367950439453,72000
2020-08-14,59.4623544521225,59.64433892899489,59.32703202263784,59.485687255859375,53400
2020-08-17,59.76100056348852,59.99431436510407,59.76100056348852,59.95231246948242,62800
2020-08-18,60.012979279892754,60.129636186422346,59.72833614315363,60.0269775390625,151600
2020-08-19,60.15296273835268,60.20429205669648,59.74699190411647,59.77032470703125,79000
2020-08-20,59.42968043897498,60.19028556488012,59.38301839961473,60.10628890991211,64400
2020-08-21,60.11097885156675,60.22763576709594,59.97565284225596,60.124977111816406,58200
2020-08-24,60.540255583700294,60.59158489449948,60.37693310747451,60.5869140625,91400
2020-08-25,60.815556340375664,61.03953552246094,60.71289773188453,61.03953552246094,72600
2020-08-26,61.28686618029835,61.96347476417663,61.21220405679084,61.95414733886719,73600
2020-08-27,62.14080138743423,62.39744801108595,61.80482892013974,62.084808349609375,104400
2020-08-28,62.271430518200276,62.62607192993164,62.16410820051985,62.62607192993164,125400
2020-08-31,62.602752371115706,62.602752371115706,62.20611611470694,62.33210754394531,127400
2020-09-01,62.32278503573492,62.710086822509766,62.19679358216417,62.710086822509766,108200
2020-09-02,62.985385577123374,63.91864069004042,62.97605815251765,63.75532531738281,84000
2020-09-03,63.284020157453945,63.302689245010825,60.94621891298865,61.49217224121094,227200
2020-09-04,61.510839882436535,61.80481036292355,59.798310707980285,60.717567443847656,186600
2020-09-08,59.719006046676945,59.73767157921008,58.88840586934067,58.95840072631836,113200
2020-09-09,59.723649454863256,60.66157167528183,59.67232014786967,60.22761154174805,135400
2020-09-10,60.5122583306449,60.71291188316322,59.1497102751858,59.24303436279297,53800
2020-09-11,59.71899852709177,59.87765375360304,58.79507436351307,59.37369155883789,66400
2020-09-14,60.00829605915457,60.55891306129466,59.863635561139766,60.22761154174805,81200
2020-09-15,60.768897201024636,60.92288513011486,60.52158519616868,60.689571380615234,181200
2020-09-16,60.9368856674798,61.170199425716724,60.37693407174534,60.386268615722656,97200
2020-09-17,59.38768306959786,60.19961395983846,59.373684813572496,59.905643463134766,112000
2020-09-18,60.14828896690155,60.14828896690155,58.75774084721665,59.280364990234375,142000
2020-09-21,58.40311689460412,58.62242889404297,57.7265046832938,58.62242889404297,111000
2020-09-22,58.87439781800581,59.18703742574365,58.351777234345136,59.135711669921875,134800
2020-09-23,59.259796825125534,59.259796825125534,57.597430531149996,57.7004508972168,102000
2020-09-24,57.38203414604501,58.40755066256049,57.255598743187356,57.840938568115234,96800
2020-09-25,57.7238689372631,58.82899078064442,57.63489971583057,58.77280044555664,99800
2020-09-28,59.611016535217736,59.80300616365162,59.414339614640255,59.62038040161133,87200
2020-09-29,59.71402703770077,59.80299983586605,59.33472796784803,59.49394226074219,67400
2020-09-30,59.62974006456123,60.472630885815306,59.62974006456123,59.91538619995117,99800
2020-10-01,60.42111507854939,60.58501308102001,60.01840100943935,60.3087272644043,76400
2020-10-02,59.236387884243555,60.06991118957091,59.236387884243555,59.71402359008789,770800
2020-10-05,60.12609810105815,60.767635345458984,60.12609810105815,60.767635345458984,67600
2020-10-06,60.76764411914997,61.23122870929628,59.90602199862472,59.966896057128906,68400
2020-10-07,60.528812138014246,61.072009157410015,60.528812138014246,60.93152618408203,174800
2020-10-08,61.30613563570999,61.49344861975903,61.23589773247894,61.45598602294922,63800
2020-10-09,61.85402539278417,62.08816131188345,61.71354241227236,62.0319709777832,89600
2020-10-12,62.41125952960951,63.13240204052815,62.36442949555921,62.84675598144531,90600
2020-10-13,62.86549705273015,62.87017719902466,62.537708180576416,62.67350387573242,96600
2020-10-14,62.69223684750457,62.921685478413195,62.17245481413859,62.33634567260742,123800
2020-10-15,61.633935110421405,62.266104930126026,61.54496232073221,62.18181228637695,99200
2020-10-16,62.46278458777859,62.71564825420709,62.223968505859375,62.223968505859375,71400
2020-10-19,62.355097233757114,62.37382496863941,61.12821981370221,61.20783233642578,140800
2020-10-20,61.54495937305522,62.01791846501167,61.362333656483514,61.48408889770508,146200
2020-10-21,61.53562122735498,62.03666851918716,61.512206199827155,61.55903625488281,97800
2020-10-22,61.587111441077674,61.8399750786244,61.0954246036281,61.741641998291016,205000
2020-10-23,61.85872256916647,61.9945182800293,61.47005602392135,61.9945182800293,131200
2020-10-26,61.310824245774505,61.39043674077445,59.96220630072197,60.599056243896484,120800
2020-10-27,60.75827184346945,60.767639281035635,60.42111554369981,60.472625732421875,115400
2020-10-28,59.33941505343211,59.35814635793123,58.1827829021862,58.27643585205078,185800
2020-10-29,58.37944893329105,59.428380418164025,58.07975524407894,58.89923095703125,155400
2020-10-30,58.758754115623006,59.10059057013688,57.81284296498004,58.538665771484375,411000
2020-11-02,59.13805825003607,59.67188792634693,58.725980267177285,59.25044250488281,185800
2020-11-03,59.84982197123538,60.67866511823996,59.71402271063489,60.32746124267578,74200
2020-11-04,61.306150247977506,62.46746244484031,61.13289194853846,61.751007080078125,63800
2020-11-05,62.72969160596314,63.25415371987914,62.6828615692519,62.92636489868164,129000
2020-11-06,62.902962293905695,63.14177837963721,62.5470782385537,62.93573760986328,84000
2020-11-09,65.20215662766562,65.27239452730609,63.36184505923206,63.375892639160156,215800
2020-11-10,63.16518199219316,63.305664959412674,62.55642723108231,63.12303924560547,129800
2020-11-11,63.49765217922335,63.694325456857584,63.343121644240775,63.539794921875,124000
2020-11-12,63.380609565220105,63.47894267069599,62.61264387393664,62.85614013671875,74200
2020-11-13,63.226096521163605,63.88167455721182,63.127756243124026,63.792701721191406,155000
2020-11-16,64.45763154281852,64.45763154281852,64.07833240371589,64.43890380859375,139000
2020-11-17,64.23752017717476,64.4482481970943,63.839493446209815,64.22347259521484,123600
2020-11-18,64.34990863747913,64.39205138379069,63.62408593265123,63.633453369140625,93000
2020-11-19,63.549169321224035,63.99870624928797,63.483611554828855,63.9659309387207,63200
2020-11-20,63.923799366914,63.923799366914,63.502357482910156,63.502357482910156,135000
2020-11-23,63.88631973468774,64.1860205531297,63.54917060446211,64.08300018310547,184000
2020-11-24,64.57468431258958,65.18812642913849,64.42016089217927,65.14129638671875,189600
2020-11-25,65.17408244542104,65.17408244542104,64.80883091916435,65.05701446533203,175200
2020-11-27,65.31454695103508,65.39415229751687,65.16001640365499,65.27708435058594,53400
2020-11-30,65.23964561458381,65.23964561458381,64.49508785089476,64.93526458740234,143600
2020-12-01,65.61425766442636,65.77347554403573,65.4784619546038,65.55806732177734,200000
2020-12-02,65.25368650807947,65.49250258423518,65.08042106121056,65.45503997802734,126400
2020-12-03,65.55338021248059,65.74536624456113,65.3239244289307,65.45503997802734,126000
2020-12-04,65.54869934429331,66.0684814453125,65.54869934429331,66.0684814453125,121200
2020-12-07,66.28856549644682,66.28856549644682,65.80156589025408,66.06379699707031,111900
2020-12-08,65.67045353233189,66.36349394053511,65.67045353233189,66.19491577148438,107700
2020-12-09,66.37286680527492,66.37286680527492,65.3988603206062,65.52997589111328,136200
2020-12-10,65.29583832519913,65.57679719286932,65.08979753508348,65.46441650390625,94300
2020-12-11,65.117870747152,65.49248958963933,64.95866006130441,65.41756439208984,82700
2020-12-14,65.72480303504729,66.12877224220185,65.30204772949219,65.30204772949219,131700
2020-12-15,65.78114496092353,65.96904171535263,65.35838980663256,65.92206573486328,517900
2020-12-16,66.05359675576419,66.23209689917267,65.88449324293748,66.08177947998047,453100
2020-12-17,66.37300163061518,66.61726379394531,66.33542228490845,66.61726379394531,258600
2020-12-18,66.7769678368445,66.7769678368445,66.02539528928628,66.41996765136719,153700
2020-12-21,65.81874250039343,66.37302911972243,65.17051822918323,66.1475601196289,327900
2020-12-22,66.16631927570157,66.16631927570157,65.78113635515936,66.05358123779297,157700
2020-12-23,66.27908281566314,66.40121036140935,66.02542392465088,66.03482055664062,102500
2020-12-24,66.21331683341572,66.34484100341797,66.02542004231985,66.34484100341797,54700
2020-12-28,66.758188863317,66.83334756765775,66.62666471448499,66.7394027709961,308000
2020-12-29,67.05882215486253,67.05882215486253,66.40120135537627,66.57030487060547,103600
2020-12-30,66.68303732650482,66.87092691982812,66.65484743673063,66.7394027709961,95600
2020-12-31,66.79577123784127,67.28429567063212,66.63606435953724,67.20913696289062,243900
2021-01-04,67.47218248943031,67.47218248943031,65.67781321316991,66.33543395996094,174100
2021-01-05,66.22269287509265,66.84274140874099,66.21330341308821,66.7300033569336,172600
2021-01-06,66.3260438287483,67.65068924961247,66.31664719786527,67.0870132446289,151100
2021-01-07,67.54735022152343,68.270733139671,67.53795359030529,68.17678833007812,90600
2021-01-08,68.44924387048285,68.6559267840371,67.87617112563902,68.64653015136719,131500
2021-01-11,68.04524993896484,68.46800507752478,67.97009123998991,68.04524993896484,151500
2021-01-12,68.10160801015269,68.24252876359964,67.70703563452304,68.07342529296875,95100
2021-01-13,68.03584621350518,68.35526706706872,67.93250480507527,68.10160827636719,96700
2021-01-14,68.21435726569884,68.35527804232316,67.66007078898407,67.7352294921875,839200
2021-01-15,67.64129132978499,67.66947405436774,67.03063934955195,67.43460845947266,337100
2021-01-19,67.90433247135952,68.13919804142787,67.6412841796875,68.11101531982422,237400
2021-01-20,68.56196893544389,69.1538276656635,68.43043760564359,69.03170013427734,120100
2021-01-21,69.21959129919145,69.21959129919145,68.79683607777189,68.95654296875,172900
2021-01-22,68.61834742088809,68.86260969759135,68.60895078821818,68.64653015136719,149300
2021-01-25,68.84379119506066,68.92834652303178,67.99827375298958,68.8813705444336,131200
2021-01-26,69.05047530784623,69.07865802851431,68.76863376610906,68.77803039550781,99600
2021-01-27,68.10162744866231,68.14860343572893,66.70183047793499,67.11519622802734,142500
2021-01-28,67.56612267113438,68.5713469825803,67.56612267113438,67.85736083984375,180500
2021-01-29,67.60370377544325,67.68825910646567,66.23208972771037,66.51393127441406,459600
2021-02-01,67.24671706726028,67.96070329618624,66.79577198330745,67.72583770751953,142100
2021-02-02,68.3928540775505,69.04107815054448,68.3928540775505,68.72166442871094,140100
2021-02-03,69.09744926737261,69.38868026246676,68.77802838490632,69.04107666015625,90600
2021-02-04,69.30414340981108,69.7269058227539,69.16322977302666,69.7269058227539,121500
2021-02-05,70.13084842619622,70.24357929295238,69.7926414908735,70.0650863647461,159700
2021-02-08,70.43149515828294,70.619384765625,70.19662956534084,70.619384765625,204700
2021-02-09,70.50664546504566,70.64755906999316,70.35632806306401,70.53482818603516,115900
2021-02-10,70.88242337818808,70.88242337818808,70.04630255519236,70.45027160644531,156300
2021-02-11,70.76030272660594,70.854247526522,70.3751268966915,70.79788208007812,170100
2021-02-12,70.6475674537044,71.08911591501352,70.60059863565753,71.0515365600586,156400
2021-02-16,71.33337813845606,71.43671957269986,70.94819512581479,71.0515365600586,150300
2021-02-17,70.6475674537044,71.09851254563453,70.47846394017174,71.0515365600586,146200
2021-02-18,70.5630192707326,70.93880565269977,70.2999709536143,70.80728149414062,193800
2021-02-19,71.04214713343823,71.08911595150921,70.5912020412766,70.619384765625,171900
2021-02-22,70.1590436340829,70.56301270277888,70.03691611751098,70.05570220947266,120100
2021-02-23,69.61415681451287,70.39391226408354,68.77803591907931,70.0932846069336,188200
2021-02-24,69.91478292623464,71.07972134352796,69.67052788787542,71.03274536132812,209900
2021-02-25,70.75092284404363,70.92942302340765,68.87199773084077,69.18202209472656,139200
2021-02-26,69.52959662065946,69.73627944311615,68.47739641884705,68.86257934570312,196600
2021-03-01,69.83960708495597,70.65694166899269,69.83960708495597,70.43147277832031,202600
2021-03-02,70.49724857984872,70.50664520932054,69.84901732932839,69.8865966796875,154500
2021-03-03,69.68932820394947,69.82085237991906,68.74046907657166,68.78744506835938,110600
2021-03-04,68.71226366026353,69.11623268664847,66.98365667970408,67.7634048461914,150900
2021-03-05,68.59015595456863,69.37930097759819,67.11520018459503,69.21019744873047,166200
2021-03-08,69.43566982447204,70.01813192860918,68.8625971837679,68.9001693725586,102300
2021-03-09,69.75507809440066,70.43149211969641,69.75507809440066,69.9053955078125,107600
2021-03-10,70.49726208272368,70.70394496552223,70.21542048481118,70.36573791503906,102700
2021-03-11,70.96698808278055,71.58702951805579,70.79788456997292,71.21125030517578,89100
2021-03-12,70.89181623255969,71.19244384765625,70.70392666094723,71.19244384765625,90100
2021-03-15,71.28639981920126,71.72794826605558,70.89182735638506,71.71855163574219,163600
2021-03-16,71.8500883297477,71.95342260080588,71.41792931336558,71.52127075195312,102900
2021-03-17,71.20182634915932,71.868843513825,71.03272290124927,71.68095397949219,130800
2021-03-18,71.25821431256936,71.47429379616456,70.49725214007013,70.60059356689453,195900
2021-03-19,70.64756008414507,70.76969476689047,70.02751871089062,70.40330505371094,94200
2021-03-22,70.53485396453941,71.25823701524959,70.53485396453941,71.00458526611328,97100
2021-03-23,70.93879598669582,71.17366154748177,70.30935083646813,70.45027160644531,466300
2021-03-24,70.74151335837487,71.02334774507439,70.11206817626953,70.11206817626953,183300
2021-03-25,69.88781378518098,70.69816249753347,69.47322195226388,70.53797912597656,130500
2021-03-26,70.82065924841788,71.91368319412892,70.7170094963789,71.84772491455078,112700
2021-03-29,71.61215756610379,71.8759906805949,71.16929175724519,71.67811584472656,101400
2021-03-30,71.49909273501346,71.68755011985122,71.19756810818723,71.55563354492188,248500
2021-03-31,71.7534954126991,72.26231947624132,71.7534954126991,71.95137023925781,120200
2021-04-01,72.3753746042577,72.87477391958964,72.36595712998054,72.8653564453125,111200
2021-04-05,73.38360985003231,74.04319979135418,73.38360985003231,73.97724151611328,124700
2021-04-06,73.79820778169926,74.1185816775379,73.75109164766299,73.80763244628906,158500
2021-04-07,73.81705218387174,73.9678180662774,73.61917735489902,73.76994323730469,99600
2021-04-08,74.09974197696485,74.137433451309,73.92070927105857,74.11859130859375,234000
2021-04-09,74.17514272462915,74.67454229892547,74.09975975785206,74.62742614746094,247200
2021-04-12,74.60857193325867,74.82529613046165,74.50492216793302,74.73106384277344,116000
2021-04-13,74.78759363155945,75.11738502312346,74.70278602292119,75.00431060791016,471400
2021-04-14,75.11738906556171,75.29642176872245,74.72163937438766,74.78759765625,248800
2021-04-15,75.2775571451145,75.69215608340464,75.23044101524985,75.6261978149414,112300
2021-04-16,75.99368984833511,76.01253198922097,75.6921652717704,75.93714904785156,185200
2021-04-19,75.79583011263058,75.79583011263058,75.26815660687863,75.44718933105469,150200
2021-04-20,75.23044222824433,75.46600850354156,74.76873434155718,75.01372528076172,164800
2021-04-21,74.92893261414672,75.84293109465398,74.92893261414672,75.79582214355469,129100
2021-04-22,75.82408271191403,75.9748414075039,74.95720044276139,75.21160888671875,115200
2021-04-23,75.24931522278413,76.21042276515418,75.24931522278413,75.99370574951172,169500
2021-04-26,76.19157844200554,76.2104205862953,75.99370357684879,76.05966186523438,94100
2021-04-27,76.09733506704237,76.12560187114553,75.81465264818557,76.01252746582031,81400
2021-04-28,76.06907766773979,76.18214489813154,75.8052373560277,75.83351135253906,111900
2021-04-29,76.25754210256078,76.25754210256078,75.49430939905758,76.09735870361328,286600
2021-04-30,75.60737890441317,75.77698697568258,75.4754623144164,75.59796142578125,88000
2021-05-03,76.06907994001969,76.06907994001969,75.71101452931413,75.79582214355469,200500
2021-05-04,75.45662608843175,75.45662608843175,74.69338611337945,75.34355163574219,100300
2021-05-05,75.73928401497963,75.73928401497963,75.33410963885272,75.43775939941406,90600
2021-05-06,75.46603900998574,75.94659641874836,75.02318027209168,75.8806381225586,81400
2021-05-07,76.15387726779318,76.67212603120116,76.15387726779318,76.58731842041016,159100
2021-05-10,76.70981778658157,76.70981778658157,75.79581933988293,75.80523681640625,95600
2021-05-11,74.90067392446996,75.2304653735669,74.42954122892733,75.07028198242188,137500
2021-05-12,74.5425951288914,74.69335381169859,73.1951557032752,73.35533905029297,221600
2021-05-13,73.6191954968191,74.57088559451846,73.6191954968191,74.25051879882812,94900
2021-05-14,74.83471213036837,75.48487752022453,74.78760317636873,75.31526947021484,127400
2021-05-17,75.09852568919085,75.09852568919085,74.70277607203045,75.01372528076172,64500
2021-05-18,75.06087104334588,75.07971318968664,74.40128089877834,74.41070556640625,65200
2021-05-19,73.49668038511349,74.24107070296554,73.2422719622865,74.22222137451172,263900
2021-05-20,74.48606455684504,75.32467998295073,74.44837308737915,75.0796890258789,90600
2021-05-21,75.5508116638908,75.682728195197,75.07025447761148,75.11737060546875,113200
2021-05-24,75.56966139131723,76.15386836642632,75.53197711194085,75.92772674560547,89400
2021-05-25,76.20100683790055,76.20100683790055,75.73929160769077,75.87120819091797,118200
2021-05-26,76.02197048350399,76.13504491612782,75.84293776241148,76.08792877197266,703900
2021-05-27,76.30464448079401,76.30464448079401,75.97484588623047,75.97484588623047,240500
2021-05-28,76.33291779722518,76.45540970436438,76.21041870117188,76.21041870117188,82800
2021-06-01,76.7852142208566,76.7852142208566,76.11620657296116,76.24812316894531,121200
2021-06-02,76.32348622902317,76.54962787902822,76.17272033641085,76.29521942138672,109100
2021-06-03,75.91830238917223,76.24809375189679,75.56966169777051,76.01252746582031,125700
2021-06-04,76.47425026791439,76.91710889167304,76.47425026791439,76.8794174194336,91800
2021-06-07,76.89827418712102,76.93596566300573,76.62501637864221,76.82289123535156,147800
2021-06-08,77.08672738462496,77.08672738462496,76.50252745790817,76.87001037597656,97100
2021-06-09,77.10555268711589,77.10555268711589,76.66268695236064,76.70037841796875,99100
2021-06-10,77.01389992133694,77.24996509491058,76.82505066413299,77.1555404663086,128900
2021-06-11,77.3538219364685,77.37271118164062,77.07054809611286,77.37271118164062,69500
2021-06-14,77.39158999908994,77.46713256835938,77.03277360126405,77.46713256835938,91700
2021-06-15,77.56154647268853,77.56154647268853,77.10830552790098,77.2405014038086,80400
2021-06-16,77.31607312766405,77.31607312766405,76.34348563849926,76.72119140625,74500
2021-06-17,76.60787751468328,76.86283196967382,76.24906099759615,76.72119140625,82100
2021-06-18,76.2207137692933,76.26792247494367,75.80523681640625,75.80523681640625,131900
2021-06-21,76.1829533578739,76.90059350508912,75.96577022764153,76.8344955444336,96100
2021-06-22,76.84389713372543,77.3632431568139,76.76836178829497,77.20272064208984,151200
2021-06-23,77.29718285381213,77.43882340216007,77.17443155411728,77.19331359863281,106200
2021-06-24,77.53324933269522,77.78819656068512,77.53324933269522,77.70321655273438,97500
2021-06-25,77.92982794797379,78.09035052465293,77.83540332664117,77.99592590332031,111900
2021-06-28,78.23199278677677,78.23199278677677,77.93927429293878,78.19422149658203,119200
2021-06-29,78.26031945338858,78.35475128094392,78.13756816335841,78.19422149658203,98900
2021-06-30,78.18477758378764,78.26975757656535,78.10923500967206,78.21310424804688,107400
2021-07-01,78.36417876294226,78.63801517902587,78.36417876294226,78.62857055664062,106400
2021-07-02,78.82685702865639,79.31786923984568,78.82685702865639,79.28009796142578,70300
2021-07-06,79.36510714381238,79.36510714381238,78.4869444884392,78.940185546875,110600
2021-07-07,79.08183021403973,79.27067946423931,78.8457650492217,79.18569946289062,68600
2021-07-08,78.14702815996908,78.67581191844342,77.96761629728455,78.51528930664062,77200
2021-07-09,78.84577644155574,79.34623351061849,78.77967847402176,79.27069091796875,89600
2021-07-12,79.33676171912087,79.6766960655067,79.27066377422005,79.6578140258789,83300
2021-07-13,79.57280215532631,79.8088672001974,79.39339762003503,79.4594955444336,112200
2021-07-14,79.7522534620672,79.78058012884402,79.30844980486485,79.48786163330078,210300
2021-07-15,79.25180392388519,79.32734651181852,78.87409818835626,79.16681671142578,97000
2021-07-16,79.51619690149587,79.51619690149587,78.68525003489674,78.70413208007812,88000
2021-07-19,77.78820632880728,77.88263817723868,77.1649979131638,77.58991241455078,119800
2021-07-20,77.90149218181466,78.96850396608875,77.71264296121011,78.76077270507812,93500
2021-07-21,79.02514303418036,79.45950188691782,78.94015586509367,79.4311752319336,99600
2021-07-22,79.47840743406334,79.63892999588354,79.28955820887914,79.61060333251953,88700
2021-07-23,79.91277448199362,80.46044737610264,79.81834985986994,80.42267608642578,751400
2021-07-26,80.33769285955958,80.5454313423663,80.20549695307105,80.51709747314453,450200
2021-07-27,80.36603262859776,80.36603262859776,79.48786984708707,80.14884948730469,125900
2021-07-28,80.24326476886016,80.3471268016325,79.87499652627923,80.1205062866211,193100
2021-07-29,80.32823485960033,80.75314917339104,80.32823485960033,80.55485534667969,57200
2021-07-30,80.29991277893444,80.56430456296182,80.23381483292759,80.32823944091797,126500
2021-08-02,80.73429218453316,80.7909455228474,80.1960638581351,80.2716064453125,59400
2021-08-03,80.46990289233871,80.82871938663455,79.99777251367362,80.8098373413086,97100
2021-08-04,80.69649271258989,80.70593733372351,80.37544763539795,80.48875427246094,124900
2021-08-05,80.70593695789866,81.00809999555139,80.649283639631,80.96088409423828,123600
2021-08-06,81.01754831997941,81.16862624364406,80.92311651303667,81.03643035888672,100500
2021-08-09,81.05533428595669,81.11199482625001,80.79094244504569,80.85704040527344,79300
2021-08-10,81.0175700565469,81.0175700565469,80.72484434393145,80.84760284423828,112200
2021-08-11,81.08365758854421,81.11198425292969,80.8570298651876,81.11198425292969,138500
2021-08-12,81.07420468134593,81.31026979928507,80.8853554686489,81.26305389404297,91100
2021-08-13,81.47079709249797,81.53689504120274,81.35749043993901,81.51801300048828,178000
2021-08-16,81.35749864618491,81.69742584228516,81.01756424594784,81.69742584228516,66300
2021-08-17,81.17807608742673,81.17807608742673,80.44155405235882,80.98921966552734,209300
2021-08-18,80.86646447924706,81.09308497041862,80.19604042326854,80.26213836669922,81200
2021-08-19,79.70503802481815,80.6776252574642,79.65782211475057,80.46988677978516,115500
2021-08-20,80.72483441972318,81.33860523338907,80.5548672283101,81.28195190429688,89900
2021-08-23,81.6313235938539,82.18844107766304,81.49912769006254,82.0845718383789,69300
2021-08-24,82.23565983837378,82.2639937104817,82.12235316649137,82.13179779052734,86500
2021-08-25,82.2734054786484,82.47169929675461,82.16009884209348,82.39616394042969,71000
2021-08-26,82.34897354198435,82.34897354198435,81.81074523925781,81.81074523925781,51300
2021-08-27,82.06569116847642,82.69834403350077,82.01847525741753,82.59447479248047,82200
2021-08-30,82.84942924365025,83.06661236776725,82.84942924365025,82.90608978271484,70800
2021-08-31,83.00994213890289,83.00994213890289,82.67944520805565,82.71721649169922,115900
2021-09-01,82.91552860338338,82.94385527132569,82.71723472364995,82.77389526367188,198200
2021-09-02,83.0382934825082,83.0382934825082,82.67003236269296,82.91553497314453,70900
2021-09-03,82.75498697319283,83.01937875199926,82.67000698892033,82.85885620117188,72600
2021-09-07,82.83054529594519,82.92496992003261,82.33008830455856,82.3867416381836,86000
2021-09-08,82.38673329857555,82.44338662646587,81.98070097237701,82.36785125732422,220300
2021-09-09,82.38674386983496,82.7077890412559,82.05625407450833,82.11290740966797,138300
2021-09-10,82.43393647520824,82.48114517311289,81.56521142496733,81.62187194824219,75900
2021-09-13,82.13179633914712,82.13179633914712,81.37638492063938,81.78241729736328,91400
2021-09-14,82.10344423930029,82.10344423930029,81.36692223205003,81.56521606445312,48200
2021-09-15,81.67854641149499,82.34897061002931,81.51802382962136,82.23565673828125,150300
2021-09-16,82.2262078538355,82.330077087421,81.57466578936932,82.15066528320312,118300
2021-09-17,81.98069386973592,81.98069386973592,81.19695594918544,81.26305389404297,114800
2021-09-20,80.11106756515184,80.29047938832565,78.98740232585156,79.9222183227539,158800
2021-09-21,80.4321199221925,80.51709992003053,79.79946703560893,79.9222183227539,97400
2021-09-22,80.40379366930301,80.99867526963571,80.16772851302446,80.73428344726562,99800
2021-09-23,81.1686534309804,82.04681621908534,81.1686534309804,81.77297973632812,618400
2021-09-24,81.40834640391003,81.93869163100274,81.33258073563627,81.8250503540039,65200
2021-09-27,81.65459258312066,81.9197652335911,81.50306122547309,81.57882690429688,258900
2021-09-28,81.01059065463926,81.08635632587877,79.70366534011221,79.76995849609375,95000
2021-09-29,80.01617647826512,80.25293875339052,79.67523822405164,79.74153137207031,149300
2021-09-30,80.07302789149253,80.21507951802404,78.74715731569599,78.8039779663086,94900
2021-10-01,79.22067013993116,80.27189537129685,78.68085236372274,79.98777770996094,94500
2021-10-04,79.85517776357607,79.94988122605149,78.51984232422724,78.98389434814453,144400
2021-10-05,79.33431410355968,80.26242556657891,79.20172778390157,79.85519409179688,165600
2021-10-06,79.14490981916155,80.2719007998198,78.8797371708685,80.2624282836914,88900
2021-10-07,80.89694706620631,81.49359273172756,80.8401264220281,81.02953338623047,246000
2021-10-08,81.22839104009881,81.22839104009881,80.73592873025038,80.86851501464844,125700
2021-10-11,80.82118428352923,81.36100932419649,80.43289782539108,80.45183563232422,191000
2021-10-12,80.73593458468358,80.80222773168975,80.18664438068325,80.34764099121094,228600
2021-10-13,80.61284047459071,80.82118525501077,80.16772613947722,80.73595428466797,117500
2021-10-14,81.4746394249871,82.27962977920609,81.4746394249871,82.2701644897461,136800
2021-10-15,82.75315722285126,82.86680572899937,82.57322278654847,82.81945037841797,132400
2021-10-18,82.51640166173983,83.0846370134889,82.39328785574762,83.0278091430664,138700
2021-10-19,83.3214009859426,83.58657363512654,83.19827995209808,83.54869079589844,172400
2021-10-20,83.59601943174246,83.81384390015539,83.54867131280824,83.65284729003906,84800
2021-10-21,83.64339120673256,84.06009519751187,83.51080488701415,84.03168487548828,203900
2021-10-22,83.95590993189188,84.24949286094355,83.60549913965376,84.05061340332031,124600
2021-10-25,84.39157198919709,84.7798584831164,84.05063362968025,84.67568969726562,89700
2021-10-26,85.09237157841399,85.42383736269407,84.81772643560699,84.86508178710938,163900
2021-10-27,85.0450324555598,85.43331892241869,84.79879760742188,84.79879760742188,178000
2021-10-28,85.15866239163138,85.60377667201996,85.15866239163138,85.5848388671875,379100
2021-10-29,85.40490166107412,86.17200924150555,85.40490166107412,86.11518859863281,113000
2021-11-01,86.43716573962892,86.43716573962892,85.96364120298594,86.32352447509766,212500
2021-11-02,86.35194507527893,86.81599715334005,86.35194507527893,86.77811431884766,77000
2021-11-03,86.77811601896916,87.31793377659098,86.49400559282779,87.29899597167969,153100
2021-11-04,87.56415837103951,87.97138977050781,87.38421673103386,87.97138977050781,366800
2021-11-05,88.43545462963444,88.65327913204435,87.87669905128956,88.19869232177734,361600
2021-11-08,88.38811019384539,88.43545832214643,88.17028568234049,88.35022735595703,88500
2021-11-09,88.5301685195434,88.5301685195434,87.41265009721894,87.66835021972656,139900
2021-11-10,87.29900873019207,87.74412307748568,86.61713204713914,86.98648071289062,243600
2021-11-11,87.45052965902633,87.45052965902633,86.97700500488281,86.97700500488281,182400
2021-11-12,87.22322493727512,87.69674951046925,87.04329051274122,87.56416320800781,96500
2021-11-15,87.80094380922813,87.81041632578315,87.17589499944538,87.47895050048828,115300
2021-11-16,87.48840396808399,88.32181190238157,87.48840396808399,88.12293243408203,100400
2021-11-17,88.03769409766552,88.05663912818302,87.55469697523856,87.63046264648438,150400
2021-11-18,88.02821598236208,88.02821598236208,87.43157761643451,87.8009262084961,130900
2021-11-19,87.99980731456534,88.07557298241248,87.68727935375473,87.78199005126953,126700
2021-11-22,88.16081810738872,88.6532878021247,87.38423795068624,87.40318298339844,220100
2021-11-23,87.29899916417945,87.65887527395054,86.58871223473301,87.3084716796875,145900
2021-11-24,86.88228830059421,87.6020476885015,86.57923285706667,87.54522705078125,201100
2021-11-26,86.18148415206264,86.46560182514655,85.23443487566634,85.39543151855469,169600
2021-11-29,86.43717767502774,87.06223361790259,86.10571189869047,86.7591781616211,157900
2021-11-30,86.36141196070086,86.52240857773994,84.76089662843454,84.83666229248047,205400
2021-12-01,85.96365832646326,86.49401082642613,83.794921875,83.794921875,229800
2021-12-02,84.01273558740654,85.6605992099991,84.01273558740654,85.2628402709961,212700
2021-12-03,85.69848865108342,85.77425432875563,83.49186928582859,84.29685974121094,371000
2021-12-06,84.70407394606372,85.54694706832375,84.03166995108162,85.25335693359375,431400
2021-12-07,86.44664504445991,87.2705804040925,86.23829307590375,87.11904907226562,326900
2021-12-08,87.22322865531285,87.35581496342598,86.74023154695102,87.31793212890625,253500
2021-12-09,87.10959564534014,87.10959564534014,86.43718430055641,86.47506713867188,147000
2021-12-10,87.14746144309136,87.31793058270563,86.58870590099623,87.28952026367188,155000
2021-12-13,87.17460386280403,87.17460386280403,86.30076994474994,86.31976318359375,195800
2021-12-14,85.55989472922215,85.8638372208519,84.81903535878467,85.45541381835938,310700
2021-12-15,85.55989662307496,86.94663472474095,85.12297973459616,86.85165405273438,207100
2021-12-16,87.3170624575504,87.39304989207375,85.69286908905711,86.03480529785156,363200
2021-12-17,85.4459375731311,86.01582899915907,84.81905917846913,85.16099548339844,263100
2021-12-20,84.1541764517436,84.1921701781713,83.47030386916992,84.1446762084961,265100
2021-12-21,84.80955809668193,85.78787303023121,84.42962806756385,85.702392578125,211100
2021-12-22,85.73086244876465,86.82315826416016,85.70236897257739,86.82315826416016,295800
2021-12-23,87.09860625122965,87.71599151676222,87.0036255749695,87.45004272460938,252100
2021-12-27,87.744489775759,88.78929901123047,87.69700305832215,88.78929901123047,361200
2021-12-28,88.94127533629707,88.96027582237618,88.4378711536337,88.61833953857422,320600
2021-12-29,88.68480082232935,88.96974281116175,88.48533925617863,88.79877471923828,204300
2021-12-30,88.82728318497985,88.99825130575786,88.36187278541351,88.42835998535156,261400
2021-12-31,88.40936776866269,88.58033589141414,88.20040592457076,88.25739288330078,225000
2022-01-03,88.63732542660915,88.88428099921994,87.93445967778325,88.65631866455078,574800
2022-01-04,88.80828295535584,88.98875130379022,88.00093637780111,88.46634674072266,161200
2022-01-05,88.24790087841953,88.36187479715886,86.39574498672916,86.4337387084961,166300
2022-01-06,86.23430001186637,86.83268498389037,85.8258764525779,86.31028747558594,245900
2022-01-07,86.33875612112277,86.46223027921808,85.44592179571599,85.74036407470703,251100
2022-01-10,85.0659865858606,85.70237231395016,83.85021657739952,85.64537811279297,281600
2022-01-11,85.59791439211904,86.34827423095703,84.97102873692673,86.34827423095703,209200
2022-01-12,86.85166336922913,87.16509889581664,86.3577522273164,86.71868896484375,107800
2022-01-13,87.02263240174867,87.06062612433452,85.09448902496474,85.26545715332031,294900
2022-01-14,84.64807745534995,85.34144295111314,84.38212140238278,85.27495574951172,329600
2022-01-18,84.24914460698587,84.37262601114054,83.5557791309103,83.71724700927734,287300
2022-01-19,84.08766776606647,84.59107183117935,82.9098915338627,82.93838500976562,351200
2022-01-20,83.44180564957419,84.37263377780998,82.00757335623042,82.06456756591797,314600
2022-01-21,81.96006844960857,82.57745365053744,80.69680457251049,80.71580505371094,317700
2022-01-24,79.49054656393804,81.17172706900722,77.40093536525339,81.10523986816406,489200
2022-01-25,79.87046218283082,80.87727759450749,78.71168639211287,79.73748779296875,917300
2022-01-26,81.22871257704583,81.81760437868242,78.92064657962672,79.83248138427734,270600
2022-01-27,80.65881763379225,81.10523477422757,78.82566235818057,79.14860534667969,683700
2022-01-28,79.26260082086799,81.01977638302021,78.25579235555408,80.97228240966797,269200
2022-01-31,81.00076946729415,82.60596998458995,80.72532038614762,82.57747650146484,209400
2022-02-01,82.85292941458289,83.10937802113196,82.0455753736989,83.0523910522461,375200
2022-02-02,83.59378474485128,84.04020196925332,83.16636076025765,83.85973358154297,174000
2022-02-03,82.96689929416341,83.52729769819322,82.04557136057295,82.20704650878906,391500
2022-02-04,81.91258201942169,82.90039698235778,81.34269072257115,82.2450180053711,155900
2022-02-07,82.42549844632481,82.56797310306827,81.58015799529224,81.80811309814453,105900
2022-02-08,81.72263512300471,82.66295629144382,81.51367325300438,82.53948211669922,113600
2022-02-09,83.3943039826628,83.96419525146484,83.30881630673414,83.96419525146484,183400
2022-02-10,82.80541299509015,83.97369626647925,81.92207898400883,82.2640151977539,197700
2022-02-11,82.34952156611665,82.63447091617694,80.09844923757973,80.4308853149414,256200
2022-02-14,80.26940319650619,80.7633071031212,79.57603043220254,80.25990295410156,203400
2022-02-15,81.23821615620996,81.82710798203875,81.22871591399422,81.79861450195312,194700
2022-02-16,81.40917436296678,82.11204002348865,80.99125071514047,81.89358520507812,277400
2022-02-17,81.29518795816377,81.3046881986081,79.78497582272537,79.93695068359375,139000
2022-02-18,79.96543812271389,80.18389291052333,78.93962962895921,79.34805297851562,260000
2022-02-22,78.87316104782256,79.61402049698334,77.82835907473529,78.50273132324219,440800
2022-02-23,79.0536286381503,79.23408975440832,76.87853702868875,76.9355239868164,259500
2022-02-24,74.92190066082931,78.49323073618575,74.66545210130933,78.3792495727539,342000
2022-02-25,78.56922383712906,80.00345611572266,78.21778732615763,80.00345611572266,493200
2022-02-28,79.14860987784951,80.16491836883887,78.74968667500762,79.78498840332031,313400
2022-03-01,79.55703052313434,79.85147279393358,77.98032375801088,78.43624114990234,332700
2022-03-02,78.9016480589186,80.25039244536418,78.76867366851188,79.98444366455078,333100
2022-03-03,80.45937883365197,80.50687280753583,79.12013427957022,79.48106384277344,434600
2022-03-04,78.85417351732524,78.85417351732524,77.85686534368841,78.59772491455078,243300
2022-03-07,78.40774180834559,78.40774180834559,75.93820092732639,75.9856948852539,294000
2022-03-08,75.89072093077465,77.48642095441504,75.12136077432724,75.45380401611328,337700
2022-03-09,77.26794801363224,78.17028244134458,76.95450529937762,77.8283462524414,281400
2022-03-10,76.73607786431597,77.28697605920266,76.17567942563805,77.1824951171875,166900
2022-03-11,77.83785719613817,77.83785719613817,75.9952086938571,76.11868286132812,987600
2022-03-14,76.28013412099173,76.94501327291151,75.30181949743692,75.46328735351562,312500
2022-03-15,76.06170509600551,77.50543054266255,75.90023718519728,77.3914566040039,222900
2022-03-16,78.07532360143243,79.31009443740642,77.2869772718975,79.28160095214844,198400
2022-03-17,78.94914264721629,80.17441289420502,78.84466173298433,80.14591217041016,226600
2022-03-18,79.870468281612,81.32370093303247,79.71850064440596,81.27620697021484,333200
2022-03-21,81.25720644166688,81.53264821229703,80.32637847851997,81.0672378540039,355100
2022-03-22,81.23820592317723,82.26401455641513,81.23820592317723,82.10254669189453,674300
2022-03-23,81.56115396928058,81.72262184383933,80.78230082819363,80.79179382324219,152200
2022-03-24,81.14890331836935,82.09160737588711,80.93941191338185,82.06304168701172,128700
2022-03-25,82.25346448320555,82.43439015538496,81.52977632433624,82.30107879638672,144000
2022-03-28,82.42486696798956,83.16760376826754,82.09158856593204,83.1390380859375,140000
2022-03-29,83.95796787891645,84.56739341270936,83.62468942526804,84.43408203125,263800
2022-03-30,84.18649908976192,84.24363045728505,83.36758225228208,83.71990203857422,168900
2022-03-31,83.64372219744482,83.7770408301264,82.45343693895482,82.48200988769531,369800
2022-04-01,82.79623708380028,82.79623708380028,82.04398321710724,82.66292572021484,230400
2022-04-04,82.75815349227057,83.43423461914062,82.55817918404021,83.43423461914062,155200
2022-04-05,83.10095030813015,83.45327735110395,82.04398370905773,82.21537780761719,203400
2022-04-06,81.41550727809287,81.54881863864084,80.46327912279354,81.03461456298828,247400
2022-04-07,80.92988002107083,81.78688693175356,80.47281451199024,81.44408416748047,204900
2022-04-08,81.22506455300271,81.57738432091193,80.76799184189235,81.03461456298828,220600
2022-04-11,80.32046167857945,80.3395103143669,79.41584763167505,79.53963470458984,137700
2022-04-12,80.20619066502893,80.47281341919283,78.68261961564916,78.99685668945312,156600
2022-04-13,79.02540379173111,80.11094318693844,78.93970675444164,79.94906616210938,102300
2022-04-14,79.94906552032691,80.23473683884554,78.91114044189453,78.91114044189453,160500
2022-04-18,78.7683261714743,79.19682600068413,78.42552340213628,78.81593322753906,523400
2022-04-19,78.77782940747245,80.40613849362495,78.77782940747245,80.2728271484375,188600
2022-04-20,80.71087281223373,80.95844693970234,80.30141435228131,80.42520141601562,173300
2022-04-21,81.22506640029829,81.69165617282779,79.1206357360925,79.32061004638672,191700
2022-04-22,79.16827153914785,79.16827153914785,76.99719186879155,77.07337188720703,172600
2022-04-25,76.73055382530876,77.81609344482422,76.13064538062785,77.81609344482422,575100
2022-04-26,77.31140460457178,77.3209216551763,75.32124402468322,75.36885833740234,457000
2022-04-27,75.71167385116641,76.8162548967948,75.40696108703526,75.79737091064453,256300
2022-04-28,76.53058277750381,77.8732207569734,75.6354859479077,77.4828109741211,210000
2022-04-29,76.93053058872816,77.40664477190019,74.78801676445401,74.86419677734375,368800
2022-05-02,74.86419713569438,75.6926311688266,73.82626443364964,75.53075408935547,413600
2022-05-03,75.5117085128795,76.14969974226872,75.29269280320268,75.692626953125,183600
2022-05-04,75.8259313076203,78.13032914459352,75.06415308289576,77.96844482421875,259100
2022-05-05,77.13047020065193,77.17808450797968,74.29282748312342,75.07365417480469,245300
2022-05-06,74.57851990158136,75.10224837069883,73.44536590381377,74.43568420410156,336400
2022-05-09,73.25491382026154,73.42631518242149,71.76944019149158,72.06462860107422,622400
2022-05-10,73.28348499412012,73.52154205579473,71.531388507359,72.24555969238281,398800
2022-05-11,71.98846106307977,73.07400078966765,70.91244565407268,71.08384704589844,288100
2022-05-12,70.50299402650599,71.6266238676509,69.72216700231554,71.03623962402344,251800
2022-05-13,71.9027440222416,73.1120704816789,71.71229404816872,72.80735778808594,169600
2022-05-16,72.51218638264066,73.04543190501631,71.92180222220665,72.33126068115234,258500
2022-05-17,73.55962826777404,73.8643410004222,72.80736711984663,73.81672668457031,236300
2022-05-18,72.93114270110466,72.99780563878383,70.56009689602502,70.80767822265625,2626300
2022-05-19,70.26490208485824,71.21713004546356,69.96018942806144,70.4077377319336,512600
2022-05-20,71.11239955281661,71.12192386863205,68.63660778028232,70.2839584350586,370900
2022-05-23,70.81721384254746,71.62660635948451,70.37918974238062,71.46472930908203,218200
2022-05-24,70.65533680241583,70.98862251864097,69.61741144480722,70.72199249267578,231800
2022-05-25,70.49345635658649,71.91227441835875,70.49345635658649,71.55043029785156,228700
2022-05-26,71.79801749202598,73.31205704865577,71.79801749202598,73.0168685913086,294200
2022-05-27,73.56914422352799,74.95939636230469,73.56914422352799,74.95939636230469,341100
2022-05-31,74.65470238482418,75.01654653417161,73.8357854413676,74.37855529785156,694200
2022-06-01,74.78800189166871,74.99749325299184,73.28347962846108,73.79768371582031,287100
2022-06-02,73.63580570763104,75.47360635579449,73.4834457141406,75.43551635742188,174400
2022-06-03,74.45473880064836,74.83562433786157,73.9786246142059,74.1690673828125,238800
2022-06-06,74.99747562590142,75.34027827023668,74.16903469127072,74.34996032714844,482000
2022-06-07,73.73104326751695,75.10225445044597,73.64533893612092,75.03559875488281,319500
2022-06-08,74.74991387431427,74.99749524107052,74.08335703872974,74.18810272216797,107900
2022-06-09,73.89508087318019,74.42958913505707,72.64472724588208,72.6542739868164,279000
2022-06-10,71.48027485801137,71.50890779975288,70.43035906265303,70.45899200439453,653000
2022-06-13,68.63595880839883,68.93184225407796,67.45241046162211,67.76738739013672,771400
2022-06-14,68.12053251705841,68.27324394384442,67.08015633883657,67.60511779785156,350500
2022-06-15,68.32097183791727,69.56177860473368,67.4810334853343,68.72184753417969,252000
2022-06-16,67.16606792892998,67.19470086866845,65.95388674511888,66.43112182617188,446700
2022-06-17,66.44066884943102,67.2615137748968,66.03979312732805,66.75564575195312,331400
2022-06-21,67.73874489044773,68.72184793889336,67.73874489044773,68.45459747314453,669400
2022-06-22,67.69101308844137,69.15135107587288,67.69101308844137,68.41641235351562,304000
2022-06-23,68.83638976495749,69.17045286068972,68.20643597126586,69.12272644042969,303900
2022-06-24,69.6858559848766,71.43253053163389,69.6858559848766,71.38481140136719,352800
2022-06-27,71.58526168679629,71.60434788581983,70.8121431908283,71.04121398925781,267100
2022-06-28,71.1939295251591,71.72843779496456,69.32316878591453,69.3422622680664,148600
2022-06-29,69.33271245646199,69.52360357734796,68.84593063156447,69.2945327758789,295400
2022-06-30,68.49277095840695,69.29452228316055,67.80555137603052,68.62639617919922,250200
2022-07-01,68.49277020466077,69.26588858531208,68.02507465500634,69.16089630126953,183900
2022-07-05,68.27323940519338,69.51405334472656,67.71010558843938,69.51405334472656,168500
2022-07-06,69.60949562178664,70.22035582369612,69.17044030679094,69.76220703125,167200
2022-07-07,70.11536027549182,71.00301760283176,70.11536027549182,70.86939239501953,236600
2022-07-08,70.41126313862178,71.1175763265606,70.19173907152893,70.79305267333984,279300
2022-07-11,70.33489902881253,70.40171163980985,69.79085140154052,69.92447662353516,161800
2022-07-12,69.94355351755736,70.12490512987097,68.80773199963947,69.13225555419922,526100
2022-07-13,68.13008439863779,69.33271896275912,67.9487400013873,68.82685089111328,311400
2022-07-14,67.94871992245928,68.69320533862323,67.36649265453043,68.52140045166016,249500
2022-07-15,69.27543510041129,69.78130304078337,69.00818466263193,69.72403717041016,228500
2022-07-18,70.33490778893662,70.51625216592787,68.96046844063173,69.15135955810547,363800
2022-07-19,69.99127590884501,71.184363222379,69.84810397481552,71.06982421875,187900
2022-07-20,71.07938490289658,71.82387036749489,70.89803326540728,71.51844024658203,159300
2022-07-21,71.42300629048925,72.32975006103516,71.06030295664715,72.32975006103516,255200
2022-07-22,72.32973850621097,72.57790275571665,71.14619769492221,71.54707336425781,223300
2022-07-25,71.64251836576932,71.64251836576932,71.04120486634976,71.46117401123047,385100
2022-07-26,71.20346346653298,71.20346346653298,70.4112515863255,70.6021499633789,119900
2022-07-27,71.37525997548559,72.93105061698347,71.27981443919171,72.64470672607422,187300
2022-07-28,72.7688027651934,73.98098394309424,72.34884084769439,73.84735870361328,434900
2022-07-29,73.64691639694124,74.73501172816567,73.561010301303,74.57274627685547,232600
2022-08-01,74.14322914913694,74.88771457656043,73.96187752070318,74.42957305908203,154800
2022-08-02,74.01916705398956,74.79228558711019,73.56101815308455,73.95235443115234,371300
2022-08-03,74.37230599201204,75.35540899747126,74.33412631542748,75.17406463623047,123200
2022-08-04,75.13589075387459,75.34587535026866,74.83046059967305,75.26951599121094,168800
2022-08-05,74.3818637508385,75.12634934945626,74.3818637508385,75.01181030273438,141000
2022-08-08,75.22178654252156,75.74674801236935,74.67773887469245,74.89727020263672,921400
2022-08-09,74.66818984031454,74.74454190447632,74.16231463332792,74.37229919433594,175800
2022-08-10,75.75629726881596,76.13807949735552,75.47950005570429,76.1285400390625,108700
2022-08-11,76.60577183175555,76.95892110625992,75.89945871868895,76.05217742919922,761700
2022-08-12,76.40533486720946,77.40752410888672,76.24306941491304,77.40752410888672,259500
2022-08-15,77.03527749753958,77.92293494264783,77.03527749753958,77.8370361328125,224000
2022-08-16,77.60796167869717,78.32381425533853,77.43615676902208,77.97066497802734,213700
2022-08-17,77.23573320666547,77.75114803102011,76.89212332376238,77.26436614990234,423100
2022-08-18,77.29297802135883,77.636580496186,77.03526706270388,77.49341583251953,140700
2022-08-19,76.97800940803162,76.97800940803162,76.15716459932678,76.33851623535156,111900
2022-08-22,75.4317739309039,75.4317739309039,74.49639727248564,74.62047576904297,190500
2022-08-23,74.57273773202645,74.9449804457382,74.33412023441493,74.42957305908203,179700
2022-08-24,74.36277203556875,74.92590592228576,74.33413181449005,74.62047576904297,133000
2022-08-25,74.78272100630481,75.55584663702189,74.61091611970411,75.52720642089844,227700
2022-08-26,75.52722795328988,75.52722795328988,72.78790300744849,72.81653594970703,288000
2022-08-29,72.29156203322056,72.69244500234355,72.02431157515778,72.2152099609375,157300
2022-08-30,72.51108996005594,72.51108996005594,71.08893164224563,71.51844024658203,332700
2022-08-31,71.84296177124598,72.07203984005525,70.90758514404297,70.90758514404297,189500
2022-09-01,70.40171533905712,71.05075528657554,69.83857420360803,71.0030288696289,385700
2022-09-02,71.65204612370758,71.90021030558026,69.84809882130463,70.17261505126953,228900
2022-09-06,70.33489116852746,70.44942289913567,69.4567733023746,69.89583587646484,186200
2022-09-07,69.91492674342986,71.49935042165788,69.91492674342986,71.38481140136719,106000
2022-09-08,70.90759036925472,71.90024022782336,70.65942608410516,71.862060546875,242300
2022-09-09,72.28201905340885,73.15058299979086,72.27247231407783,73.02650451660156,175000
2022-09-12,73.38920499239886,73.79962742436454,73.15058746874507,73.570556640625,283100
2022-09-13,71.91933790048523,72.10068959341335,70.2203818784135,70.43036651611328,277300
2022-09-14,70.58305540933961,70.7739537834847,69.9244760441171,70.48760986328125,245500
2022-09-15,70.16309380095846,70.68804794716918,69.35179573352124,69.5999526977539,258500
2022-09-16,68.87457014567954,69.24681292500216,68.55004650507325,69.18000030517578,169300
2022-09-19,68.55958386255253,69.62858563347088,68.51185744833863,69.5999526977539,241800
2022-09-20,69.03681127819578,69.03681127819578,68.18733362928899,68.68365478515625,130600
2022-09-21,68.9700103092617,69.67631613245825,67.58602431823529,67.60511779785156,207500
2022-09-22,67.44285076460325,67.44285076460325,66.76517068586743,66.87016296386719,231300
2022-09-23,66.19251261640473,66.2497857851193,65.06623739208939,65.86799621582031,322300
2022-09-26,65.5727173468105,66.2437802270262,65.0166896380393,65.20841979980469,382800
2022-09-27,65.74527728896263,66.30130499664241,64.58529299027423,65.04544830322266,250600
2022-09-28,65.35221833124452,66.73269884284846,65.11255198209308,66.4259262084961,269200
2022-09-29,65.7740408884032,65.86990597610335,64.57570900705791,65.1317367553711,226500
2022-09-30,64.99751437825029,65.67816590663335,64.09636659873983,64.20182037353516,212000
2022-10-03,64.70032246982097,66.01369663331286,64.48941492242442,65.64940643310547,404500
2022-10-04,66.65601517293041,67.7105458254327,66.65601517293041,67.69137573242188,232800
2022-10-05,66.8860837636373,67.88309668748893,66.37799225650951,67.51880645751953,291200
2022-10-06,67.17369085811926,67.74888869159278,66.67518801951881,66.74229431152344,291000
2022-10-07,65.9274318246754,65.9274318246754,64.41274569557793,64.75786590576172,236200
2022-10-10,64.84412658786667,64.93999166434529,63.68414234019154,64.1634750366211,269600
2022-10-11,63.856710272618365,64.68116319719859,63.37737751711998,63.76084518432617,315600
2022-10-12,63.81836907038404,64.12514177160564,63.53076646309711,63.61705017089844,139000
2022-10-13,62.28448320884684,65.5822940488424,62.04481689347589,65.28510284423828,253700
2022-10-14,65.75486068982599,66.01370446106438,63.5786933039014,63.71290588378906,241700
2022-10-17,64.84413000629776,65.59188788190205,64.84413000629776,65.37139892578125,183600
2022-10-18,66.81896576930122,67.01070320993175,65.46725155452464,66.09038543701172,349600
2022-10-19,65.65900152749622,66.10957550662604,65.01669736381817,65.47686004638672,138900
2022-10-20,65.33304304807994,66.20542468634541,64.70032042587856,64.8824691772461,305500
2022-10-21,64.65240258927794,66.36841468353013,64.5469488009022,66.25337219238281,199300
2022-10-24,66.5601421836071,67.30790006096332,65.9945257673781,67.09699249267578,265100
2022-10-25,67.1353401783368,68.44871447564196,67.1353401783368,68.39118957519531,295200
2022-10-26,67.43253193553012,68.72673629191334,67.43253193553012,67.69137573242188,258800
2022-10-27,68.10358643558175,68.41994775224131,67.50921129343675,67.63384246826172,355700
2022-10-28,67.59551159574453,69.44573644407517,67.59551159574453,69.3690414428711,270100
2022-10-31,68.86092548535832,69.18686815404776,68.6404292634532,68.76506042480469,227800
2022-11-01,69.51283122152348,69.53200131162858,68.4199532346164,68.53498840332031,123200
2022-11-02,68.48704244794531,69.1293463598781,66.6751658521738,66.6943359375,167000
2022-11-03,65.97535303025109,66.5217920197879,65.63023289853977,65.94659423828125,216500
2022-11-04,66.99154189363108,67.46129325043732,65.94660001893556,67.0107192993164,214100
2022-11-07,67.31748343551969,67.90226989620251,66.98195201890734,67.75846862792969,264300
2022-11-08,67.98855531097975,68.92805071648021,67.50922256234503,68.199462890625,174300
2022-11-09,67.73929268613128,68.00771779622961,66.7614499975894,66.85731506347656,375700
2022-11-10,69.34986729411573,70.83580192760388,69.292349697529,70.73993682861328,324500
2022-11-11,70.87413797379791,71.7752858495307,70.63447160804235,71.57396697998047,241300
2022-11-14,71.17132587007312,71.80404862146145,70.8549718084164,70.90290069580078,316500
2022-11-15,71.92867400205209,72.15875168278146,70.7974483769128,71.5068588256836,334200
2022-11-16,71.20008394721545,71.39182143693151,70.88372988874934,70.95083618164062,524200
2022-11-17,70.04010443998098,70.78786241685741,69.9538280491281,70.66323852539062,212200
2022-11-18,71.31513006799457,71.31513006799457,70.3852233091812,70.92208099365234,177900
2022-11-21,70.72075323832755,71.0754621190279,70.55778185288585,70.74951934814453,281600
2022-11-22,71.11379731867662,71.79444885253906,70.8837196781966,71.79444885253906,343700
2022-11-23,71.76569520214987,72.47510557763125,71.76569520214987,72.3696517944336,298000
2022-11-25,72.29294414968409,72.54219182836256,72.29294414968409,72.38880920410156,78200
2022-11-28,71.94783547887394,72.16832440749414,71.10420531292264,71.2863540649414,205300
2022-11-29,71.27675800401285,71.48766552372318,70.79742539159307,71.18089294433594,279300
2022-11-30,71.19048243746424,73.60631561279297,70.92205734176497,73.60631561279297,433800
2022-12-01,73.84601150244157,74.25823801140263,73.16535979025717,73.75973510742188,250300
2022-12-02,72.71477458268284,73.81724133820369,72.7051858800332,73.6255111694336,370400
2022-12-05,72.96402133792768,73.01195753167569,71.91907228931865,72.16832733154297,390800
2022-12-06,72.08204875341315,72.21626131495617,70.77826331496438,71.23841857910156,554000
2022-12-07,70.9795758396479,71.45890846364819,70.85495199046055,71.08502960205078,479500
2022-12-08,71.30552160141917,71.85196052388395,71.06585527903925,71.69857788085938,215300
2022-12-09,71.45889648304822,71.88071146193947,71.12336516530934,71.16171264648438,371600
2022-12-12,71.23840924896967,72.13955688476562,71.20965046298217,72.13955688476562,361400
2022-12-13,74.16749089394601,74.27336254623064,72.12707143468431,72.68529510498047,477000
2022-12-14,72.57941749094546,73.33013827460537,71.72281773139063,72.21367645263672,380700
2022-12-15,71.28972544303791,71.38597039773195,70.14439065602664,70.46200561523438,429500
2022-12-16,69.92303637453597,70.20215191671312,69.18193471423311,69.59579467773438,338200
2022-12-19,69.61501966988234,69.672765157452,68.6236829705112,68.93167114257812,482800
2022-12-20,68.66217506687948,69.21078657086022,68.48893860417049,68.93167114257812,518700
2022-12-21,69.31667449264842,70.0866488569441,69.30705513678403,69.85565948486328,379100
2022-12-22,69.19155469622072,69.21080809340936,67.76711171108228,68.82582092285156,445800
2022-12-23,68.66218848340638,69.19154669962185,68.3253275017323,69.16267395019531,204100
2022-12-27,69.02793433032882,69.16267873231509,68.55632892337685,68.80656433105469,465500
2022-12-28,68.78731750838259,69.22042346091995,68.02696990966797,68.02696990966797,245000
2022-12-29,68.57557909348988,69.50917060831246,68.51783358717744,69.36479949951172,285800
2022-12-30,68.80655659926852,69.09529876708984,68.40232343873333,69.09529876708984,272900
2023-01-03,69.58614825230799,69.9037557830115,68.41194102923124,68.94129180908203,453400
2023-01-04,69.28777761883325,69.73051015412408,68.83541838800949,69.46102142333984,153900
2023-01-05,68.98941683451004,68.98941683451004,68.3156950008108,68.40231323242188,197200
2023-01-06,68.88354876847727,70.19250040698182,68.45044290202372,70.01925659179688,262400
2023-01-09,70.41388389293809,71.23197698848197,70.20214059556974,70.25025939941406,370400
2023-01-10,70.0674003991611,70.67375023371022,70.04814700205317,70.66412353515625,147200
2023-01-11,70.93359349059568,71.64582213383119,70.93359349059568,71.6073226928711,694400
2023-01-12,71.79982280123912,72.16556387104634,71.03947525555711,71.96343994140625,263100
2023-01-13,71.40520421404631,72.29066930325386,71.32820533419765,72.22329711914062,312500
2023-01-17,72.22330634746812,72.60829345288577,72.10780801293734,72.2329330444336,333500
2023-01-18,72.4831832723974,72.60830832953039,71.0202407836914,71.0202407836914,340500
2023-01-19,70.5486205021224,70.81810927155293,70.19250614650734,70.34649658203125,739200
2023-01-20,70.68336693715048,71.95381927490234,70.4812503542148,71.95381927490234,685300
2023-01-23,72.1270579184125,73.21463964632412,71.98268684298617,72.88740539550781,1047200
2023-01-24,72.48315436340948,72.8296419567829,72.00192241072608,72.67565155029297,129500
2023-01-25,71.8383174345147,72.69490986743152,71.40521154120371,72.60829162597656,146400
2023-01-26,73.13763262357465,73.46487418100224,72.55052903370444,73.416748046875,125700
2023-01-27,73.27239059154479,74.18673590860348,73.27239059154479,73.74400329589844,170000
2023-01-30,73.19539343299678,73.60925326535246,72.76228020768431,72.79115295410156,250900
2023-01-31,72.8585199644194,74.01348114013672,72.8585199644194,74.01348114013672,123500
2023-02-01,73.79213163323936,75.50531680822067,73.34939896331315,75.01446533203125,171900
2023-02-02,75.7651864969293,76.56403358213632,75.56306988675996,76.22716522216797,147200
2023-02-03,75.26468215471048,76.06352904013306,74.95669396723665,75.283935546875,192100
2023-02-06,74.74495828362463,75.05294647204236,74.48508888973042,74.75457763671875,98000
2023-02-07,74.68720184240846,76.01540680700647,74.38884036451401,75.79403686523438,120100
2023-02-08,75.38018682144119,75.71704778248906,74.77383709155502,74.93745422363281,120900
2023-02-09,75.71704514173778,75.71704514173778,74.00386030557158,74.24447631835938,144100
2023-02-10,73.8883665940492,74.27335370717537,73.68625001183712,74.17710876464844,88400
2023-02-13,74.35034294132369,75.14918981227311,74.25409801129764,75.08181762695312,154400
2023-02-14,74.93746303338818,75.62081173271167,74.39848543234862,75.23582458496094,115600
2023-02-15,74.84121636861846,75.52456505229578,74.75459077442389,75.51493835449219,105100
2023-02-16,74.55246447734979,75.28393921184136,74.38884735107422,74.38884735107422,151500
2023-02-17,74.01348409812888,74.24447340529701,73.5996242786514,74.22522735595703,177900
2023-02-21,73.37826772480386,73.52263882178028,72.56017463262957,72.5698013305664,153800
2023-02-22,72.73340622892543,72.94514948975484,72.2521742154105,72.49279022216797,119900
2023-02-23,73.24351666461725,73.3878877484638,72.33880540234769,73.10877227783203,117100
2023-02-24,72.16557145169833,72.43506026216886,71.81908374023067,72.3003158569336,73600
2023-02-27,72.91629494031346,73.24352926651741,72.48318161425459,72.65642547607422,112300
2023-02-28,72.54092092333399,72.95478077470808,72.3772964477539,72.3772964477539,118200
2023-03-01,72.31954981379913,72.41579475243697,71.83831777759177,72.12705993652344,119900
2023-03-02,71.74208885831594,72.91629646373475,71.69396270674181,72.8104248046875,125300
2023-03-03,73.12802363018936,73.88836378738335,72.97402585358115,73.8691177368164,107500
2023-03-06,73.87874768485135,74.35035304618651,73.70550385005211,73.74400329589844,118400
2023-03-07,73.76323923949361,73.80173868006435,72.57941264976803,72.66603088378906,114200
2023-03-08,72.6756666791252,72.94515545384446,72.40617790440595,72.77191162109375,151100
2023-03-09,72.84890525782312,73.19539289833497,71.24158473649729,71.38595581054688,196700
2023-03-10,71.30896713581504,71.55920987713122,69.94226977089085,70.19251251220703,363800
2023-03-13,69.40327862811549,70.93359284143231,69.12416319097231,70.00962829589844,325400
2023-03-14,71.068337932463,71.65544155740221,70.51011439553547,71.3185806274414,259700
2023-03-15,70.34647815649183,71.09720611572266,70.02887067172006,71.09720611572266,297500
2023-03-16,70.65448930772345,72.56979070772418,70.64486261119579,72.5024185180664,247600
2023-03-17,72.44467367600897,72.60829816296308,71.51108961430909,71.82869720458984,353800
2023-03-20,71.82868316707881,72.4735396052432,71.82868316707881,72.27141571044922,240300
2023-03-21,72.9451564759415,73.40713514107101,72.63716825151566,73.3108901977539,124700
2023-03-22,73.26277388462157,74.04236749787869,72.0693130493164,72.0693130493164,119200
2023-03-23,72.70001168582235,73.52099556272675,71.94664483450293,72.42957305908203,139100
2023-03-24,72.1011880481099,72.82558041154925,71.70518335235764,72.80625915527344,206800
2023-03-27,73.20226980429155,73.40509879828187,72.70002026487676,72.85456085205078,152500
2023-03-28,72.72898283094703,72.76761059857816,72.32331758183197,72.71932220458984,96300
2023-03-29,73.47269493605795,73.8010899388923,73.26020535226502,73.74313354492188,163400
2023-03-30,74.24539926358077,74.27437378246637,73.84939452174154,74.16812896728516,129600
2023-03-31,74.24538632409917,75.39475046335586,74.24538632409917,75.32714080810547,280900
2023-04-03,75.10498854165706,75.42371552279936,74.88283834859539,75.3367919921875,103900
2023-04-04,75.40439856102219,75.53961784905366,74.55444769783892,74.76693725585938,108300
2023-04-05,74.5351367958001,74.64138158956342,74.11981824806156,74.36128234863281,133600
2023-04-06,74.17778885196842,74.77661521999592,73.9749524840032,74.7573013305664,166200
2023-04-10,74.37094212298935,74.87318420410156,74.14879191069582,74.87318420410156,103700
2023-04-11,74.98909181460213,75.17260689234068,74.76694896471834,74.90216827392578,72000
2023-04-12,75.36577236848065,75.37543299560016,74.43855112528985,74.5641098022461,86700
2023-04-13,74.72831846754605,75.46236408631695,74.62207366529498,75.4237289428711,80600
2023-04-14,75.19192312286063,75.67485134763032,74.76695129591525,75.16294860839844,77600
2023-04-17,75.11465744877263,75.49134826660156,74.9311497229487,75.49134826660156,120600
2023-04-18,75.79076517925091,75.83905358574292,75.28851564320915,75.51066589355469,81600
2023-04-19,75.06635931383497,75.52996625138805,75.03738480135031,75.38509368896484,134700
2023-04-20,74.76694896471834,75.29816557406197,74.65104354158352,74.90216827392578,92900
2023-04-21,75.05670736495584,75.0856818807906,74.63172814897881,75.0277328491211,141200
2023-04-24,74.87319024073994,75.15328950104106,74.5930983493389,74.96012115478516,108500
2023-04-25,74.5737838949493,74.6510541880592,73.63690185546875,73.63690185546875,133000
2023-04-26,74.18743796958053,74.25504763215994,73.5210019724123,73.64656066894531,141700
2023-04-27,73.78177869824252,74.931150310806,73.74314355331849,74.86354064941406,155200
2023-04-28,74.71864712028935,75.67484283447266,74.71864712028935,75.67484283447266,136100
2023-05-01,75.61689381206733,76.0128910800022,75.60723318536675,75.67484283447266,166000
2023-05-02,75.56860198479498,75.56860198479498,74.30333247036079,74.87318420410156,190700
2023-05-03,74.82490229246733,75.31749115797771,74.25504314042587,74.2936782836914,81600
2023-05-04,74.14878778352016,74.22605805905174,73.6368851036969,73.83971405029297,138700
2023-05-05,74.36129173906744,75.37544403709494,74.34197785089856,75.17261505126953,168900
2023-05-08,75.22089978522463,75.28850944386696,74.97943566594488,75.26919555664062,85600
2023-05-09,74.9311235148983,75.0566821643254,74.82487874657622,74.88282775878906,92200
2023-05-10,75.39474671834243,75.52031276392728,74.60274478093545,75.30782318115234,170400
2023-05-11,75.15329379420017,75.23056408467666,74.80558485595648,75.17261505126953,82200
2023-05-12,75.36577382719824,75.46235799356471,74.71865180675337,75.14363098144531,80300
2023-05-15,75.13396509207786,75.47201333513483,74.92147551961375,75.40440368652344,75400
2023-05-16,75.2208992703241,75.39475372977147,74.97943515269722,74.9987564086914,136200
2023-05-17,75.28850345089293,76.07085214593637,75.02772546514481,76.00324249267578,160900
2023-05-18,75.9452743900769,76.87249550709569,75.89698599884893,76.80488586425781,131400
2023-05-19,76.8242220786145,76.9691020183129,76.39924288720582,76.61173248291016,117500
2023-05-22,76.61171962942029,77.06567325882685,76.51513547545899,76.79523468017578,102900
2023-05-23,76.49582730206039,76.61173272796982,75.69417205511134,75.79075622558594,104800
2023-05-24,75.29816944518302,75.29816944518302,74.74763155256362,74.96012115478516,151100
2023-05-25,76.27367219854095,76.47650113463652,75.87766758361721,76.28333282470703,114200
2023-05-26,76.40890488352598,77.42305711068039,76.37026974098772,77.26851654052734,118300
2023-05-30,77.77075271918137,77.77075271918137,76.93046238204174,77.14295196533203,101100
2023-05-31,76.80489695806413,76.92080237776992,76.3412900170399,76.55377960205078,114000
2023-06-01,76.56344189827588,77.56793354760279,76.43788320544765,77.32646942138672,114400
2023-06-02,77.8576921788363,78.71730386465612,77.7417867473358,78.54344940185547,70100
2023-06-05,78.53377717180423,78.784901885173,78.23436406245244,78.44685363769531,143100
2023-06-06,78.35994234589272,78.75594708411724,78.23438364223422,78.697998046875,228400
2023-06-07,78.76381846384707,78.87030897564213,78.07647531513295,78.14424133300781,65500
2023-06-08,78.15391268124031,78.66699922398693,78.04742218528072,78.56050872802734,165400
2023-06-09,78.82188587748038,79.2091233539321,78.54113889170141,78.75411987304688,128700
2023-06-12,79.05424052269285,79.5673270901223,78.87030104156106,79.52860260009766,128300
2023-06-13,80.06104905207872,80.35147903912681,79.81902652485243,80.29339599609375,144300
2023-06-14,80.2837126889981,80.86456527470789,79.8480750962011,80.51605224609375,137900
2023-06-15,80.28370718412718,81.80360824905664,80.28370718412718,81.5519027709961,86500
2023-06-16,82.02629281180782,82.04565136762551,81.25181763213162,81.34862518310547,87700
2023-06-20,80.89360555865451,81.1162695291735,80.52573398338538,80.91297149658203,98000
2023-06-21,80.72902998651462,80.72902998651462,80.19657749601198,80.26435089111328,81000
2023-06-22,79.92551313268574,80.51604866121453,79.90615458126524,80.48700714111328,150200
2023-06-23,79.81903759279875,80.12882617516695,79.66414699458586,79.77063751220703,125000
2023-06-26,79.63508726328129,79.98360026201308,79.18976673955528,79.23816680908203,81300
2023-06-27,79.44146864088542,80.351475668585,79.44146864088542,80.20626068115234,56800
2023-06-28,79.93518501333794,80.4482714931311,79.84806046511949,80.23529052734375,142800
2023-06-29,80.19658707481182,80.60319056427963,80.10946250374568,80.52574157714844,47600
2023-06-30,81.12595748981933,81.64871967096795,81.12595748981933,81.48414611816406,121800
2023-07-03,81.46477350935902,81.71647897288715,81.45509054147013,81.69711303710938,57800
2023-07-05,81.28084991569689,81.77457797124305,81.28084991569689,81.5809555053711,147600
2023-07-06,80.85488187365056,81.05818729420716,80.40956131412068,80.96137237548828,94700
2023-07-07,80.8839374908634,81.54223910868063,80.69999799316771,80.74840545654297,330900
2023-07-10,80.6903121423473,81.03882518556856,80.62254612760658,80.99042510986328,78300
2023-07-11,81.14530718375259,81.59062771763091,80.94200916084777,81.49382019042969,89800
2023-07-12,82.25861172584852,82.54903430573782,82.05531370414376,82.16180419921875,113800
2023-07-13,82.58775352305065,83.25573797026651,82.4038214499744,83.13956451416016,61300
2023-07-14,83.37191780664023,83.62361590188866,83.00403886045402,83.14925384521484,82000
2023-07-17,83.1589415705868,83.57522061154438,83.09117555861424,83.39128112792969,59200
2023-07-18,83.36225030149664,84.4174651070117,83.30416725119447,84.25289154052734,73300
2023-07-19,84.4948975249777,84.70787851556737,84.097984449194,84.26255798339844,131800
2023-07-20,83.84628279334422,84.04958082473729,83.11053226120174,83.29447174072266,220700
2023-07-21,83.67204113724438,83.7301241891137,83.29448652820881,83.35256958007812,129800
2023-07-24,83.46873589913125,83.84629047573186,83.37192835901809,83.68171691894531,87900
2023-07-25,83.6623459121182,84.30128893286107,83.6623459121182,84.0495834350586,87600
2023-07-26,83.90436359713169,84.21415212041245,83.6429825311521,84.03022003173828,115300
2023-07-27,84.63043164360808,84.74660511025617,83.16862096447679,83.36223602294922,125800
2023-07-28,84.04959704848832,84.45619318975808,83.95278949855876,84.28193664550781,78700
2023-07-31,84.37874152010205,84.54331507395291,84.14639456484488,84.46586608886719,83200
2023-08-01,84.1173495701015,84.34968912982745,84.04958355743386,84.21415710449219,62600
2023-08-02,83.51712956250833,83.64298600233795,82.79106198850529,82.89755249023438,97700
2023-08-03,82.45222592124563,83.01371991017346,82.36510136396757,82.66520690917969,116900
2023-08-04,83.07180476478715,83.50744971852545,82.26829563720399,82.3747787475586,116500
2023-08-07,82.66521974359878,83.24607237345671,82.66521974359878,83.23639678955078,94100
2023-08-08,82.5490387520818,82.72329526377771,82.00691066500177,82.6264877319336,173700
2023-08-09,82.70393747919088,82.70393747919088,81.91978686225384,81.95851135253906,147900
2023-08-10,82.52967342450712,83.1782919591473,81.9100964084418,82.12307739257812,85200
2023-08-11,81.73584932530503,82.08436236022574,81.55190983855758,81.83265686035156,69600
2023-08-14,81.63904067689035,82.39414978027344,81.58095024790146,82.39414978027344,62400
2023-08-15,82.15212125377403,82.21020429257999,81.46477821278717,81.5519027709961,61200
2023-08-16,81.42604504464224,81.77455801220697,80.9420000770179,80.9516830444336,62500
2023-08-17,81.18403537598712,81.24211841776982,80.2546697777579,80.36116027832031,91100
2023-08-18,79.7028568803907,80.45796594987367,79.68349094295003,80.26435089111328,110200
2023-08-21,80.53541753692521,81.1259530869998,80.1578629899518,81.01946258544922,345500
2023-08-22,81.43572399342203,81.43572399342203,80.64189058112927,80.758056640625,91700
2023-08-23,80.91296961533655,81.92945975466024,80.91296961533655,81.75520324707031,67600
2023-08-24,82.31668195033659,82.32636491727446,80.72901512575106,80.758056640625,99300
2023-08-25,80.93232501110491,81.6003094951433,80.38051398957691,81.28083801269531,108700
2023-08-28,81.73583534904061,81.95849928892098,81.4938128598377,81.82295989990234,110200
2023-08-29,81.83265181983107,83.19766235351562,81.70680277061646,83.19766235351562,136200
2023-08-30,83.187972048108,83.57520951623134,83.06212300999256,83.52680206298828,83900
2023-08-31,83.66235816661866,83.79789021160873,83.32352805414347,83.35256958007812,58200
2023-09-01,83.86563787069247,83.89468677620901,83.19766076262961,83.43000030517578,55800
2023-09-05,83.33319610236978,83.46872812309026,83.05244909203702,83.12989807128906,64000
2023-09-06,83.04277014572824,83.04277014572824,82.27797805693557,82.713623046875,75900
2023-09-07,82.16181160661661,82.65553225272265,82.10372117664888,82.54904174804688,79300
2023-09-08,82.53936594484385,82.8491544887279,82.41350950186686,82.60713195800781,171000
2023-09-11,83.11052809071188,83.21701858551806,82.78138102381338,83.158935546875,127100
2023-09-12,82.78139809060603,82.94597165798493,82.41351907417986,82.48128509521484,83000
2023-09-13,82.48126638954584,82.8781868412646,82.3844588651566,82.6167984008789,70500
2023-09-14,83.14925502706491,83.45904355218543,82.81042498176762,83.36223602294922,66100
2023-09-15,83.07181105814247,83.07181105814247,82.14244542674449,82.21989440917969,92300
2023-09-18,81.88105972734205,82.37478034416424,81.88105972734205,82.14244079589844,76700
2023-09-19,81.842343411852,81.97787544403764,81.37765688297138,81.86170196533203,188700
2023-09-20,82.14245051911671,82.25862399997162,81.05819424157198,81.07755279541016,146600
2023-09-21,80.49669001497215,80.49669001497215,79.67381494066166,79.71253204345703,88700
2023-09-22,79.8964725285686,80.09009497469843,79.33497851370372,79.37370300292969,132800
2023-09-25,79.17040488724616,79.6254084027266,79.08328032603899,79.59636688232422,110300
2023-09-26,79.11629872403641,79.21347976806815,78.35826878593662,78.49432373046875,137400
2023-09-27,78.76642745009501,78.8733288044255,77.92093694250951,78.60121154785156,96500
2023-09-28,78.46516025028279,79.50501286043267,78.44572700970579,79.22318267822266,76800
2023-09-29,79.9423371073791,79.9423371073791,78.88304386232444,79.11628723144531,88200
2023-10-02,79.00939876454073,79.39812294762098,78.66925398268772,79.15516662597656,102800
2023-10-03,78.72756645417006,78.99967634088641,77.7071469645454,77.95982360839844,170300
2023-10-04,78.13474851401503,79.01910560127254,78.0472803894426,78.85389709472656,116800
2023-10-05,78.80529730694413,78.91219866585625,78.13474299992136,78.67896270751953,117000
2023-10-06,78.2222036858031,79.97149190901777,78.0958690864077,79.64106750488281,87300
2023-10-09,79.2134745874116,80.11727232523035,78.97051828600266,79.96177673339844,70500
2023-10-10,80.1172694158951,80.94331932780116,80.10754908814911,80.42825317382812,75800
2023-10-11,80.78782941940078,80.9627582589345,80.29220388608707,80.87529754638672,56600
2023-10-12,81.00162348665226,81.00162348665226,79.81599563612107,80.20472717285156,82000
2023-10-13,80.41854066203507,80.57403626333317,79.32038078201113,79.60221099853516,216800
2023-10-16,80.03952597785964,80.82670203605066,80.03952597785964,80.62261962890625,116100
2023-10-17,79.88402990802282,81.02107104740378,79.88402990802282,80.63233947753906,62900
2023-10-18,80.21445863301163,80.35051357758444,79.15516523376517,79.32038116455078,65800
2023-10-19,79.320379685912,79.6702373695598,78.34855443454329,78.52348327636719,635000
2023-10-20,78.44572670128694,78.53318740519578,77.54192902204184,77.58080291748047,242800
2023-10-23,77.22122754417406,78.25135985743294,76.92968444022941,77.53221130371094,225000
2023-10-24,77.95008809866644,78.32909928341294,77.59051015299856,78.09586334228516,116300
2023-10-25,77.75572347518823,77.75572347518823,76.8227723271356,76.9005126953125,169100
2023-10-26,76.7450343869513,76.97827035026744,75.8995438250786,76.03559875488281,196700
2023-10-27,76.27855915887902,76.35630695565582,75.28730070050783,75.54969024658203,286000
2023-10-30,76.03560982616231,76.62842385567151,75.79265349978768,76.38546752929688,245900
2023-10-31,76.51178861111805,76.92967367462006,76.12305711248696,76.9005126953125,224800
2023-11-01,77.04630094935797,77.85291764775097,77.00742705148433,77.76544952392578,129800
2023-11-02,78.41656657583106,79.2717699606532,78.41656657583106,79.21346282958984,138600
2023-11-03,79.7090959197764,80.53515323275545,79.7090959197764,80.17557525634766,116000
2023-11-06,80.3699378650968,80.45740598511195,79.89374561215351,80.30191040039062,142600
2023-11-07,80.33107432777904,80.70036523337166,80.185299065369,80.52543640136719,150900
2023-11-08,80.67120793918676,80.81698319486635,80.29219672308231,80.7295150756836,100600
2023-11-09,80.84613907409508,80.84613907409508,79.93262103253178,80.00064849853516,91900
2023-11-10,80.35050364141574,81.3126084631888,80.07839378591932,81.28345489501953,122900
2023-11-13,80.99190863436924,81.39036052542389,80.9044479252721,81.2057113647461,100700
2023-11-14,82.40106222568562,83.17851796181769,82.40106222568562,82.94528198242188,115100
2023-11-15,83.16880680859103,83.5089441637519,82.97443730961461,83.18824005126953,90700
2023-11-16,83.14936529624453,83.47978973388672,83.08133782591204,83.47978973388672,130800
2023-11-17,83.45062895129169,83.48950284732773,83.10077130140496,83.3340072631836,114700
2023-11-20,83.2368303538509,84.18921490338323,83.2368303538509,84.08231353759766,203700
2023-11-21,83.84906893091517,84.01427741941419,83.73245466347451,83.96569061279297,141600
2023-11-22,84.27668975800002,84.56823289434047,83.97542629278335,84.2378158569336,126400
2023-11-24,84.23780224912134,84.28639647121406,84.1406212193732,84.20864868164062,74500
2023-11-27,84.1114693015351,84.35442558788911,84.01428085544353,84.17949676513672,296600
2023-11-28,84.06289726906002,84.50993606422632,83.9851494574382,84.32528686523438,116200
2023-11-29,84.76259429997985,85.07357806435596,84.30583527414419,84.38358306884766,191800
2023-11-30,84.59737829116928,84.66540575188964,84.0628715180542,84.65568542480469,135000
2023-12-01,84.40301946381382,85.2290694236976,84.315558752333,85.15132904052734,136300
2023-12-04,84.45161230317014,84.70428893402604,84.17950243045053,84.62654113769531,119700
2023-12-05,84.26695931088872,84.74315156650695,84.18921151809133,84.55850982666016,152400
2023-12-06,84.99581966732597,85.14159491060163,84.1989234071142,84.29610443115234,95600
2023-12-07,84.66541902704836,85.19991846953343,84.60710446983235,85.10273742675781,132900
2023-12-08,84.81117346446712,85.4817351580622,84.81117346446712,85.3456802368164,168600
2023-12-11,85.20963379943277,85.79272743631839,85.20963379943277,85.744140625,168100
2023-12-12,85.57891442390277,86.07454729220298,85.47201307163337,86.06482696533203,129800
2023-12-13,86.12314020918527,87.24073310601523,85.91905783460493,87.19214630126953,189600
2023-12-14,87.50314426989348,87.77525414696017,87.04638522720094,87.48370361328125,144700
2023-12-15,87.40595677935829,87.64891306801388,87.22130762736002,87.46426391601562,213600
2023-12-18,87.69750076187947,88.04735841422831,87.68778784863026,87.86271667480469,146100
2023-12-19,87.94045135528904,88.38749001222928,87.94045135528904,88.37777709960938,161100
2023-12-20,88.2441791163667,88.68301529151991,87.08371809506355,87.12271881103516,144500
2023-12-21,87.71757852195371,88.1856689453125,87.42502851739374,88.1856689453125,195200
2023-12-22,88.36120736484202,88.66351128684826,88.01014138571752,88.41971588134766,190500
2023-12-26,88.5172274286848,89.0048182114451,88.5172274286848,88.84879302978516,82200
2023-12-27,88.89755789835434,89.01457492829253,88.66350895838765,88.9658203125,221900
2023-12-28,89.02431709264759,89.12183375142357,88.93654689171831,88.9560546875,102500
2023-12-29,88.93656212571629,89.0925947585201,88.40021669055547,88.79029083251953,175000
2024-01-02,88.20516261397134,88.35144132518086,87.82484242885322,88.22467041015625,210400
2024-01-03,87.64932338521896,87.70783934302375,87.13247830489053,87.19099426269531,151000
2024-01-04,87.19099852908685,87.77610605544653,87.0544662475586,87.0544662475586,168800
2024-01-05,87.04470419638928,87.68832012808927,86.92767973605994,87.20072937011719,193100
2024-01-08,87.26900588143154,88.66351597218838,87.26900588143154,88.61476135253906,200600
2024-01-09,88.16617681435821,88.77078467755754,88.09790695620802,88.5367431640625,131800
2024-01-10,88.62450303991209,89.24861868216148,88.53674026524202,89.06333923339844,148300
2024-01-11,89.2681197757525,89.4338988532628,88.26368397195564,89.10234069824219,104600
2024-01-12,89.19010737730655,89.4339027749397,88.85854920774712,89.11209106445312,130100
2024-01-16,88.99507943251156,89.47291635763933,88.79029217888537,89.18035888671875,250100
2024-01-17,88.56598220629071,88.73176127319783,88.15640776803397,88.70250701904297,136900
2024-01-18,89.00481849941582,89.40464651379445,88.55623587063037,89.34613800048828,284300
2024-01-19,89.72646860453423,90.60413360595703,89.50217354415283,90.60413360595703,209300
2024-01-22,90.86742342379942,91.09171846946299,90.54561170438681,90.68213653564453,245700
2024-01-23,90.82841400641266,90.98444663428303,90.57486470614589,90.95518493652344,93900
2024-01-24,91.55004781962381,91.76458896646022,90.94543997677066,91.01370239257812,171800
2024-01-25,91.44276672968594,91.6768156484332,91.03319228194492,91.54029083251953,168400
2024-01-26,91.33551322383613,91.66707140023227,91.12097207908792,91.3062515258789,143400
2024-01-29,91.31599691409221,92.24241638183594,91.30624301568226,92.24241638183594,138500
2024-01-30,92.1448958137432,92.34968303140842,92.04737915390893,92.232666015625,139600
2024-01-31,91.53054906826755,91.70608206057585,90.3993347978261,90.42859649658203,160400
2024-02-01,90.89667231237725,91.76458330555059,90.66263082119605,91.75482940673828,153600
2024-02-02,91.47203195176306,92.58373831852482,91.4135159997976,92.3399429321289,198600
2024-02-05,92.23265642825018,92.33017307794782,91.55002500027985,91.98886108398438,93900
2024-02-06,92.19366770921842,92.23267586532671,91.76458543207205,92.16441345214844,132500
2024-02-07,92.62274939142895,93.09083238163198,92.36920009837607,92.95430755615234,93900
2024-02-08,93.04207205519593,93.20785112738082,92.91529369642964,93.1980972290039,75200
2024-02-09,93.35412930301989,94.00749912964883,93.30536725146183,93.98799133300781,99300
2024-02-12,93.88073115078447,94.41708401704278,93.72470596062908,93.77346801757812,154300
2024-02-13,92.30094371219461,92.74952637378033,91.75483693457443,92.3984603881836,150400
2024-02-14,92.98356059970635,93.4126428684976,92.51547761561127,93.39313507080078,96600
2024-02-15,93.32486789770753,93.74419624625709,93.25660548934107,93.67593383789062,104200
2024-02-16,93.76370652491124,93.86122319086684,93.09082888174164,93.12983703613281,122000
2024-02-20,92.6812473779032,92.81777218787553,91.98886943017379,92.5057144165039,114100
2024-02-21,92.09614500217475,92.55448150634766,91.86209608086655,92.55448150634766,92700
2024-02-22,93.95875628695741,94.9534457977575,93.8807399645327,94.80716705322266,70400
2024-02-23,95.22649455897493,95.47028998414382,94.83642039069554,94.9339370727539,94100
2024-02-26,94.93393517723311,95.06071355741898,94.50486029673434,94.52436065673828,78700
2024-02-27,94.73888878290852,94.73888878290852,94.23179021202284,94.62186431884766,107000
2024-02-28,94.30981316729721,94.60237062804318,94.1732883362945,94.41708374023438,68900
2024-02-29,94.93393318337492,95.29475307625886,94.43658845319341,95.0899658203125,87700
2024-03-01,95.1777231606079,96.01637993611695,95.05095223037335,95.99687957763672,104800
2024-03-04,95.98712120718126,96.42594993297487,95.84084248523511,95.96762084960938,84700
2024-03-05,95.58729861708142,95.6165603151659,94.55360848612133,95.06070709228516,99500
2024-03-06,95.62630203256987,96.02613004606644,95.20697366136258,95.67506408691406,115600
2024-03-07,96.28941600352965,96.84526914232087,96.1431372954174,96.71849822998047,304800
2024-03-08,97.03056912865678,97.59617624185174,95.87010064469557,95.97737121582031,230400
2024-03-11,95.74332581728596,96.12364603031905,95.54829248138766,95.96762084960938,80400
2024-03-12,96.53322725213089,97.430400004136,96.06514423721511,97.40113830566406,156000
2024-03-13,97.36213141529,97.41089347333268,96.9915650703202,97.12808990478516,67300
2024-03-14,97.23535126452136,97.36212218735339,96.1626530496614,96.73800659179688,195300
2024-03-15,95.87009208393502,96.46495340158286,95.80182967568254,95.9383544921875,152900
2024-03-18,96.85503421815821,97.2646086961058,96.65024697918442,96.70875549316406,81600
2024-03-19,96.50397204155911,97.25486605397741,96.28943089515388,97.19635009765625,168100
2024-03-20,97.34262249346993,98.07400865950183,97.04031859232443,98.06425476074219,127200
2024-03-21,98.66742731084088,98.8922746251466,98.53056632243374,98.54034423828125,98500
2024-03-22,98.45235629537274,98.69675197899495,98.3448215979098,98.43280792236328,82700
2024-03-25,98.16885807901302,98.34482327255198,98.07110129557238,98.08087921142578,102100
2024-03-26,98.45235114254741,98.50123326005921,97.83647673706439,97.9049072265625,162000
2024-03-27,98.47191247015334,98.5110092163086,97.81692636740469,98.5110092163086,103300
2024-03-28,98.43281995294765,98.81407666932685,98.43281995294765,98.55012512207031,108800
2024-04-01,98.80429952111466,98.96071635898213,98.18842500333353,98.50125122070312,111300
2024-04-02,97.60186894699177,97.70940365802367,97.16195964430871,97.6312026977539,135100
2024-04-03,97.27925713922079,97.9146873896422,97.27925713922079,97.50409698486328,84000
2024-04-04,98.16885138237916,98.2959419047105,96.06704711914062,96.06704711914062,158500
2024-04-05,96.30168094802282,97.44545100113606,96.30168094802282,97.01531219482422,234100
2024-04-08,97.16195322734708,97.48455733913677,97.01531431668225,97.20105743408203,141200
2024-04-09,97.59207590305282,97.59207590305282,96.36031969888974,97.37700653076172,86100
2024-04-10,96.20392176750008,96.68293522546294,95.93019233315682,96.29190063476562,237200
2024-04-11,96.70248194715315,97.2401554324746,96.02795493454408,96.97620391845703,123100
2024-04-12,96.25279706434418,96.32122755878997,95.21656173177536,95.45117950439453,88600
2024-04-15,96.30168293220135,96.33100922262417,94.03369115300316,94.16077423095703,136700
2024-04-16,94.26830019050568,94.73754316883883,93.91636982134685,94.13143920898438,245300
2024-04-17,94.58113194752208,94.60068032102463,93.36893141452124,93.48623657226562,74700
2024-04-18,93.7697422542456,94.06302008343478,93.09521518049455,93.17341613769531,89100
2024-04-19,93.05609712147142,93.3689232788059,91.94165346981964,92.1567153930664,84800
2024-04-22,92.73350170298748,93.5644455617296,92.23493240439636,93.10498046875,61100
2024-04-23,93.48622676488023,94.40515684875311,93.48622676488023,94.21941375732422,102000
2024-04-24,94.72776961877508,94.79620011268919,93.97502672735551,94.37583923339844,69800
2024-04-25,93.07564223000978,94.25851632903267,92.89967705653079,94.11187744140625,103400
2024-04-26,95.19700590001113,95.81288780838767,95.1676796107293,95.45117950439453,68500
2024-04-29,95.70533158420197,95.79331043226063,95.06990144533692,95.68577575683594,130900
2024-04-30,95.18723339324144,95.38274695648752,94.01412963867188,94.01412963867188,94900
2024-05-01,93.77950339988224,94.91349538933042,93.33959419313393,93.39824676513672,92300
2024-05-02,94.1412192596715,94.4247116861358,93.19296282450522,94.31718444824219,71600
2024-05-03,95.31431741345003,95.57826147229923,94.79619975315624,95.4218521118164,142000
2024-05-06,95.86176968262816,96.49720001220703,95.78356872478183,96.49720001220703,77300
2024-05-07,96.48741336333553,96.78069116840372,96.34078191916583,96.46786499023438,99800
2024-05-08,96.00840015504247,96.43853894801192,95.97907386613353,96.34078216552734,81100
2024-05-09,96.38966851021559,96.71227264404297,96.17459908766399,96.71227264404297,93600
2024-05-10,97.03486004896392,97.230373603923,96.70247805549663,96.93710327148438,74600
2024-05-13,97.13261682644347,97.13261682644347,96.7122559707538,96.93710327148438,71400
2024-05-14,96.98597899986592,97.5627566725704,96.90777059367478,97.42589569091797,66100
2024-05-15,97.98312078236223,98.8336129882128,97.98312078236223,98.76518249511719,95600
2024-05-16,98.83360780518585,99.10732976321378,98.65764262383017,98.69674682617188,64400
2024-05-17,98.72609134434872,98.79452184649224,98.27640412192471,98.70654296875,74900
2024-05-20,98.75540536042371,99.18554415377749,98.75540536042371,99.0486831665039,62100
2024-05-21,98.84339085230121,99.24419589497646,98.73585615486934,99.22464752197266,56800
2024-05-22,99.12689106115843,99.21486992750698,98.5110091632611,98.97047424316406,82100
2024-05-23,99.86007337325336,99.86007337325336,98.35459513417102,98.64787292480469,66500
2024-05-24,98.86294818040946,99.15622601058259,98.57944826680611,99.12689971923828,54200
2024-05-28,99.41038979304335,99.47882028552839,98.95092471848771,99.4006118774414,102500
2024-05-29,98.54034974708442,98.94115481886496,98.47191924905532,98.68698120117188,83700
2024-05-30,98.26660894607559,98.26660894607559,97.3379083717574,97.60185241699219,66700
2024-05-31,97.91468679897923,98.45235280888919,96.69270842414191,98.34481811523438,80600
2024-06-03,98.90204508262963,98.9802534926807,97.6018582343973,98.54034423828125,105700
2024-06-04,98.4034816566251,98.92159931268681,98.12975222587829,98.76518249511719,81800
2024-06-05,99.36150874647434,100.2217788696289,99.08778677357809,100.2217788696289,59300
2024-06-06,100.3293143289479,100.46617531643498,99.78187037899959,100.17290496826172,76700
2024-06-07,99.889404296875,100.397744038088,99.67433490154336,99.889404296875,64000
2024-06-10,99.67433736577425,100.2706634463496,99.42016375970167,100.15335083007812,57500
2024-06-11,99.89473343449896,100.09066009521484,99.43429756028132,100.09066009521484,36900
2024-06-12,101.1486842489235,101.61891870886443,100.85478677719503,101.16827392578125,133600
2024-06-13,101.45236065289582,101.45236065289582,100.88417040269691,101.24663543701172,61700
2024-06-14,101.07030797861641,101.51115417480469,100.92335924655366,101.51115417480469,67000
2024-06-17,101.37399559717124,102.35364376404945,101.1486732301754,102.14791107177734,70300
2024-06-18,102.07933431254264,102.73570425383973,102.07933431254264,102.63773345947266,129300
2024-06-20,103.09817483263772,103.09817483263772,102.05975012875723,102.31446075439453,84400
2024-06-21,102.27527392936398,102.52998455500126,101.88341315318105,102.31446075439453,82300
2024-06-24,102.1675097458232,102.56916161369567,101.59931200676218,101.62870025634766,94000
2024-06-25,101.92260550541106,102.40263105835223,101.69728311779693,102.38304138183594,51800
2024-06-26,101.9421846531949,102.33404541015625,101.81483308368443,102.33404541015625,82900
2024-06-27,102.07933599906076,102.44180851148975,101.98137267719741,102.14791107177734,56500
2024-06-28,102.26546871710046,102.99040624780753,101.56991943472822,101.73645782470703,77700
2024-07-01,102.00097778206559,102.00097778206559,101.29562985103694,101.8148422241211,70200
2024-07-02,101.4621524567143,102.46139022063325,101.4621524567143,102.45159912109375,47500
2024-07-03,102.43200537975909,103.33328733352107,102.43200537975909,103.31369018554688,47800
2024-07-05,103.24512724475011,103.75454851421561,103.10797708930698,103.5978012084961,119200
2024-07-08,103.86229756930459,104.16599358988896,103.75454314485242,103.92108154296875,70600
2024-07-09,104.15618718802271,104.25415050460444,103.82311041682044,103.89168548583984,59500
2024-07-10,104.28353633141201,105.11624318833182,104.1659833438915,105.01827239990234,56300
2024-07-11,105.18482704333273,105.40034336316604,103.98965507621273,104.07781982421875,149500
2024-07-12,104.27375415941655,105.62566595050082,104.2443659100203,104.8321533203125,455900
2024-07-15,105.16523898021214,105.75302644006868,104.68521342664364,105.00849914550781,113500
2024-07-16,105.21421503738557,105.5864786516007,105.00848981841492,105.4983139038086,107100
2024-07-17,104.31293727551032,104.75377594902922,103.94066619873047,103.94066619873047,124900
2024-07-18,104.39132054169895,104.57745611057074,102.97083349518599,103.45085906982422,105700
2024-07-19,103.11778265130187,103.44106091153733,102.2654859354803,102.39283752441406,150100
2024-07-22,103.33329277105489,104.10720825195312,103.17654547550123,104.10720825195312,74400
2024-07-23,103.97006711347677,104.18559092647502,103.49984013431974,103.5586166381836,53400
2024-07-24,102.2752752848283,102.2752752848283,100.54129375632812,100.6784439086914,112300
2024-07-25,100.64904709889561,102.09892962445348,99.97309496948009,100.16902160644531,143500
2024-07-26,100.9821394373633,101.89321257304265,100.95275118687731,101.3446044921875,47300
2024-07-29,101.92260047332216,102.12832570013995,101.315215893582,101.64830017089844,168900
2024-07-30,101.68748995021863,101.85402835665359,100.02208346350051,100.60987091064453,53900
2024-07-31,102.35364897487129,103.0981762382345,102.09893834576138,102.52018737792969,58900
2024-08-01,102.47118711973964,103.33328220892145,100.08085089985235,100.7666015625,70100
2024-08-02,99.31673882444989,99.5126729627315,97.92564007620462,98.84651184082031,76000
2024-08-05,94.6633966153461,97.13211410160163,94.56543329664882,95.81938171386719,129400
2024-08-06,96.53454293797621,98.26851711447983,96.28963086663188,96.84803009033203,89200
2024-08-07,98.26850223597985,98.44483919961412,95.73121714859347,95.84877014160156,88500
2024-08-08,96.7598608848382,98.25872908661498,96.63250929443986,98.04320526123047,214100
2024-08-09,97.97462704497103,98.49383943999896,97.57296766066744,98.32730102539062,52200
2024-08-12,98.49382433523019,98.79751286519287,98.10196358662286,98.35667419433594,67600
2024-08-13,99.0816201566456,100.31597900390625,99.0816201566456,100.31597900390625,47300
2024-08-14,100.55108122764473,100.73721675992161,99.91430846249081,100.5412826538086,42500
2024-08-15,101.51115005441558,102.40262603759766,101.51115005441558,102.40262603759766,90700
2024-08-16,102.03035173512993,102.79447606195346,102.03035173512993,102.68671417236328,70600
2024-08-19,102.7650970856809,104.05823240330257,102.7650970856809,104.03863525390625,60500
2024-08-20,103.85250785693776,104.1757860828604,103.63698405690758,103.76433563232422,42000
2024-08-21,103.86229671871918,104.38151653220075,103.7447437205986,104.1659927368164,47400
2024-08-22,104.54806154216183,104.63622629632914,102.78469171758627,102.90225219726562,51700
2024-08-23,103.63698115521922,104.4598820332515,103.4998310088805,104.44029235839844,45900
2024-08-26,104.49906778465152,104.76357697424908,103.70555516410352,103.93087005615234,53600
2024-08-27,103.62718360272052,104.27375499108456,103.62718360272052,104.22476959228516,54200
2024-08-28,104.15618626416482,104.15618626416482,102.84346139054512,103.41165161132812,68900
2024-08-29,103.5096242565957,104.165986705171,102.87285148186535,102.95121765136719,99100
2024-08-30,103.49984132493024,104.1072184695053,102.86306845396204,104.09742736816406,64500
2024-09-03,103.40186589107849,103.40186589107849,101.2074486395143,101.6091079711914,86900
2024-09-04,101.14868595825112,102.15772250124853,101.08990945256143,101.40339660644531,77200
2024-09-05,101.20744789767387,101.91279576092636,100.67843700023451,101.12908172607422,564500
2024-09-06,101.28582262750143,101.54053324176272,99.33632488256724,99.46367645263672,105400
2024-09-09,100.30618217299913,100.8449916918407,99.9828964616942,100.58048248291016,75400
2024-09-10,101.13888219933212,101.47196648745788,100.33557094154082,101.39359283447266,61800
2024-09-11,101.44257258432752,102.93163453747037,99.85553983335004,102.77489471435547,76300
2024-09-12,102.97081746787998,103.76433007630035,102.63773321090751,103.69575500488281,315200
2024-09-13,103.881887491187,104.48927201597562,103.881887491187,104.34232330322266,63500
2024-09-16,104.35211480077022,104.77336379273581,104.22476323543069,104.7635726928711,126700
2024-09-17,105.35137036823176,105.48852052096203,104.45009580054055,104.78317260742188,53500
2024-09-18,104.85174032815239,105.63546183802187,104.08761596679688,104.08761596679688,83600
2024-09-19,106.01752141329622,106.32120994069936,105.53749592421207,105.90975952148438,142100
2024-09-20,105.55708520144739,105.64524994489555,105.08685081402447,105.48851013183594,58300
2024-09-23,105.7334263445334,105.87057648918102,105.47871572984967,105.71383666992188,63300
2024-09-24,105.91957040945871,106.24284864835573,105.439537390445,106.22325897216797,46000
2024-09-25,106.21048147495415,106.49549245814389,105.99426572921583,106.16133880615234,51400
2024-09-26,107.2129320888252,107.2719047935711,106.30876392932258,106.82964324951172,86800
2024-09-27,107.0655126483654,107.14413041977814,106.41686542191114,106.67239379882812,137700
2024-09-30,106.31858626925862,106.99671608887131,105.84684215602407,106.9180908203125,118700
2024-10-01,106.92792487402025,106.92792487402025,105.31614429855148,105.71908569335938,88400
2024-10-02,105.32596706928594,105.82719380366729,104.88371303773208,105.6306381225586,116500
2024-10-03,105.44390596343042,105.98443784059623,105.24734278236394,105.56184387207031,88300
2024-10-04,106.4168634723545,106.4365235384363,105.58149061871582,106.34806823730469,86200
2024-10-07,106.1711640715359,106.31858457320234,105.44389909426444,105.58148956298828,67100
2024-10-08,106.07289249009264,106.85913021325499,105.98443718463052,106.75102233886719,55400
2024-10-09,106.90826935166325,107.37018346880242,106.83947411069266,107.31121826171875,51700
2024-10-10,106.87878546649718,107.41932485201205,106.85913289707791,107.09500122070312,65500
2024-10-11,106.92790943616978,107.7043095114033,106.92790943616978,107.56671905517578,101900
2024-10-14,107.85173569618759,108.81487643876888,107.85173569618759,108.62814331054688,67000
2024-10-15,108.82472276492405,109.02127845702611,107.48812306389668,107.72399139404297,89400
2024-10-16,107.84192303511662,108.46108017752951,107.57656461828354,108.31365966796875,89600
2024-10-17,109.06058409930826,109.06058409930826,108.20555114746094,108.20555114746094,84200
2024-10-18,108.52986832681313,108.60849359319252,108.28416999296616,108.51021575927734,42600
2024-10-21,108.28417346055659,108.61831960619217,107.79277677712659,108.41193389892578,79200
2024-10-22,107.9696841217473,108.60850133490857,107.95002405469204,108.42176818847656,79300
2024-10-23,108.06795700327046,108.06795700327046,106.83946530284481,107.46845245361328,82900
2024-10-24,107.98933171832681,108.09743958779714,107.46845243712517,107.93036651611328,126700
2024-10-25,108.34313595322871,109.00161319112462,107.8222566815204,108.06795501708984,170100
2024-10-28,108.7657430819489,108.7657430819489,108.19572111405068,108.20555114746094,72800
2024-10-29,108.1269145617394,108.66745387096196,107.8615636723778,108.39227294921875,98700
2024-10-30,108.60850157210164,109.0507556062691,108.21538270944242,108.33332061767578,107300
2024-10-31,107.40948003572399,107.40948003572399,105.90580749511719,105.90580749511719,91800
2024-11-01,106.49550366195446,107.29156399308697,106.48567362753623,106.52498626708984,81000
2024-11-04,106.65273079176464,106.94757179531786,106.17116415087135,106.41686248779297,82600
2024-11-05,106.60359569083046,107.7632921417604,106.60359569083046,107.71414947509766,82000
2024-11-06,110.10234965708204,110.8885874209947,109.66991813711819,110.69202423095703,77300
2024-11-07,111.06548249243227,111.91068540303252,111.06548249243227,111.7927474975586,116300
2024-11-08,111.8222260619883,112.4217306047946,111.81239602902411,112.15637969970703,432400
2024-11-11,112.66742640830074,112.86398207445505,112.23499494501964,112.55931854248047,74400
2024-11-12,112.41190371806726,112.68709216193933,111.82222919172106,112.23500061035156,104800
2024-11-13,112.32345788914525,112.529843602091,111.8124011253684,112.097412109375,105000
2024-11-14,112.26448824837483,112.26448824837483,111.20306962535506,111.34066009521484,86400
2024-11-15,110.56425470519754,110.6232199083091,109.43404082414295,109.7288818359375,121800
2024-11-18,109.75834833249029,110.4659606584735,109.6207578800066,110.1711196899414,139100
2024-11-19,109.5028338358239,110.90822863367165,109.4733512348671,110.87874603271484,161200
2024-11-20,110.87875237129504,110.87875237129504,109.80751115199429,110.66253662109375,90300
2024-11-21,111.34065410397842,111.64531762825715,110.07284984438944,111.37996673583984,101300
2024-11-22,111.28169259928363,111.72394660069921,111.21289736577192,111.6551513671875,146000
2024-11-25,112.30379850539104,112.54949685536164,111.54705088665376,111.74360656738281,88900
2024-11-26,111.94017059169707,112.33328945424292,111.72395484239092,112.22518157958984,137800
2024-11-27,111.95981063285923,112.14654375875058,111.33082352241422,111.64531707763672,116700
2024-11-29,111.89101747608463,112.56914726321394,111.81239221129208,112.34310150146484,46300
2024-12-02,112.38242458720897,112.76571341607715,112.36277201824181,112.68709564208984,102300
2024-12-03,112.45121765136719,112.5298429219528,112.1563841338489,112.45121765136719,90600
2024-12-04,112.83450109981327,113.5224609375,112.62811539794268,113.5224609375,125500
2024-12-05,113.46349119255366,113.64039429849419,113.25710548530942,113.31607818603516,72900
2024-12-06,113.50279857942138,113.78780954237746,113.14899238389785,113.37503814697266,73400
2024-12-09,113.27677597295707,113.27677597295707,112.62812869212733,112.73623657226562,78800
2024-12-10,112.83449980345232,113.02123293552619,112.24482530515144,112.38241577148438,124600
2024-12-11,113.00158966730147,113.76816732798814,112.9131343613122,113.71902465820312,64500
2024-12-12,113.43399808470001,113.57158854345218,112.97208404541016,112.97208404541016,114300
2024-12-13,113.05071388836187,113.14899172029358,112.12688577234432,112.34310150146484,92600
2024-12-16,112.5396744857546,112.87382064310982,112.30379867079004,112.57898712158203,180500
2024-12-17,112.18769774416512,112.50308058228936,111.99057877076248,112.30596160888672,127200
2024-12-18,112.35525534841847,112.90717349482453,108.80719615706941,108.826904296875,161000
2024-12-19,109.93074314538124,110.196844377006,108.7184858207518,108.7874755859375,165900
2024-12-20,108.15670840770062,110.80790045558412,108.03844453716448,109.91102600097656,167700
2024-12-23,109.98002005449274,110.70934904140465,109.41824408957557,110.62064361572266,144200
2024-12-24,110.75861691260658,111.84275250255571,110.75861691260658,111.81317901611328,87600
2024-12-26,111.48796042238433,112.00045479786482,111.24156730508538,111.82305145263672,110400
2024-12-27,111.10358352596516,111.10358352596516,109.71392278809515,110.4531021118164,86400
2024-12-30,109.11271409609664,110.00958854493824,108.65935171687528,109.26055145263672,131500
2024-12-31,109.67450121506339,109.7533488158314,108.52138325128527,108.65936279296875,121000
2025-01-02,109.29012061936274,109.64492727771717,107.72306414439775,108.4425277709961,164900
2025-01-03,109.02402073634701,110.32497599332864,109.02402073634701,110.18699645996094,138100
2025-01-06,111.24155877880267,111.8427585404779,110.56151142099806,110.95574188232422,165500
2025-01-07,111.39924165004628,111.5175130391424,108.9353107721126,109.26055145263672,105400
2025-01-08,109.39854650008743,109.64493962283538,108.72835690544017,109.4773941040039,85000
2025-01-10,108.49180909314842,108.49180909314842,107.29926741898524,107.56536865234375,130000
2025-01-13,106.44182722743322,107.78220639406511,106.26442388128132,107.74278259277344,172800
2025-01-14,108.49180196435418,108.61992365802365,107.30911067776526,107.99901580810547,65900
2025-01-15,109.61535493949302,110.3052525576909,109.35910403016804,110.07857513427734,88200
2025-01-16,110.2954104142398,110.48266405628846,109.79276638701309,109.96031188964844,143600
2025-01-17,111.22184403509112,111.71463023597262,111.01487473303938,111.16271209716797,108000
2025-01-21,111.9215954490267,112.53265302275054,111.56678879580903,112.43409729003906,201500
2025-01-22,113.30140220920758,113.735056471419,113.27183624029692,113.47880554199219,103100
2025-01-23,113.08457020655139,113.99130249023438,113.01558044229164,113.99130249023438,163300
2025-01-24,114.04058487830329,114.04058487830329,113.15356818817553,113.32112121582031,97100
2025-01-27,110.07858651744579,110.91632157455012,109.8814675209195,110.35454559326172,136900
2025-01-28,110.72905412296942,111.71462649169958,109.78290555130691,111.54708099365234,91200
2025-01-29,111.38939174727608,111.4682393456174,110.27569761815808,110.68963623046875,183200
2025-01-30,110.65020185714549,111.22183561151132,110.02929399801579,111.06414794921875,166800
2025-01-31,111.33025810472672,112.09900337849,110.38410949707031,110.38410949707031,948900
2025-02-03,108.42281390252478,109.98001246599294,108.1468548537917,109.40838623046875,160100
2025-02-04,109.36897253102917,109.99973827759453,109.36897253102917,109.8124771118164,109600
2025-02-05,109.61536061422183,110.2756923000134,109.17184853443129,110.21656036376953,152900
2025-02-06,110.46295437621067,110.4826625153491,109.83218865329337,110.42353057861328,91100
2025-02-07,110.62064866234559,110.74877789202934,109.23099543070919,109.44782257080078,130900
2025-02-10,109.94060246983199,110.43338866195258,109.90117867214387,110.08843231201172,92800
2025-02-11,109.60550238523211,110.0292988051817,109.51680448118987,109.89131927490234,98500
2025-02-12,108.65935171687528,109.54636833679545,108.65935171687528,109.26055145263672,65900
2025-02-13,109.58579646608894,110.70934838930535,109.50694887024062,110.63050079345703,83700
2025-02-14,110.80789985428322,110.80789985428322,110.43338506741719,110.58121490478516,90100
2025-02-18,110.92617541595233,111.2021344818464,110.73891425581539,111.18241882324219,165400
2025-02-19,110.97544311015996,111.75404615497463,110.91631117640598,111.60620880126953,79000
2025-02-20,111.6949244481464,111.6949244481464,110.83747373360373,111.45838165283203,68100
2025-02-21,111.56679994922943,111.56679994922943,109.25070616202608,109.29998779296875,111300
2025-02-24,109.8716083295293,110.07857761966167,108.6396428982745,108.7184829711914,93200
2025-02-25,108.61992559365356,108.66920721788465,107.28940445193587,107.86103820800781,92600
2025-02-26,108.40309861694183,109.01415616931811,107.52593984360888,107.96945190429688,91500
2025-02-27,108.39325220599034,108.39325220599034,105.87018183391834,105.9293212890625,616800
2025-02-28,105.9194597468419,107.6146453613526,105.42667358073157,107.52593994140625,162300
2025-03-03,107.81176057842174,107.9990217342541,104.7860537138001,105.37739562988281,306400
2025-03-04,104.54951669787144,106.01801739403528,103.3865410240404,104.41153717041016,140700
2025-03-05,104.47067267465513,106.0377291555011,104.03701841963436,105.79133605957031,123800
2025-03-06,104.25383923096358,105.29854348823453,103.56394161188278,103.89903259277344,132600
2025-03-07,103.48511007192135,104.88462118444738,102.64737497044148,104.65794372558594,103000
2025-03-10,103.0218817089949,103.56394953640792,101.0014628017623,101.69136047363281,141700
2025-03-11,101.49424037876568,102.06586660718551,100.12428794217527,100.82405090332031,183600
2025-03-12,101.98703378394099,102.22356905110665,100.76491861172379,101.71106719970703,131600
2025-03-13,101.68149292223082,101.74063237368003,100.2129922929013,100.5086669921875,147100
2025-03-14,101.34640312383384,102.87403570302034,101.34640312383384,102.6966323852539,116900
2025-03-17,102.61781240685701,103.82020455234304,102.61781240685701,103.28800201416016,95900
2025-03-18,102.80872056656787,102.80872056656787,101.74150021398027,102.08735656738281,220300
2025-03-19,102.4035706490882,103.8067711503563,102.23558435201983,103.07552337646484,131200
2025-03-20,102.37392828517739,103.47079242180206,102.17629823172025,102.80872344970703,127800
2025-03-21,101.94901135027419,102.7197790716569,101.56362748958283,102.62096405029297,85800
2025-03-24,103.83642052228426,104.74553086759931,103.83642052228426,104.51824951171875,174100
2025-03-25,104.62694624306963,104.74552880107261,104.35026114683278,104.70600128173828,149600
2025-03-26,104.42931089666493,104.59729719100055,102.99647420410312,103.30280303955078,88100
2025-03-27,102.87790272858317,103.6289105605518,102.62097760781161,102.84825897216797,208100
2025-03-28,102.55179898902186,102.72966905388479,100.61499580446059,100.80274963378906,184000
2025-03-31,99.44896397758953,101.35612347669725,99.01416879465194,101.1980209350586,147400
2025-04-01,100.97073259367666,101.98854166595682,100.37783491011669,101.68221282958984,196300
2025-04-02,100.60511844639292,102.73955936066652,100.56559092511706,102.34429168701172,95700
2025-04-03,99.03393694383067,99.6960059480975,97.81849019260774,97.93707275390625,186300
2025-04-04,95.79276313471486,95.96074945533577,92.37371151105151,92.47252655029297,289400
2025-04-07,89.45860374912266,95.3184243023757,88.10482210790677,92.02783203125,330000
2025-04-08,94.7749355175567,95.60499073305888,89.29061520405018,90.53570556640625,311300
2025-04-09,90.15032880865508,99.52801593275882,90.03174625177425,99.20191955566406,270700
2025-04-10,97.10700177401496,97.11688553807168,93.1642242949163,95.81250762939453,188800
2025-04-11,95.65441615729483,97.8184933114916,95.0516346449061,97.4429931640625,153300
2025-04-14,99.02405302467204,99.07346430991201,97.46274989597376,98.34221649169922,120400
2025-04-15,98.33233403212037,98.99440299338363,97.84812759259664,98.07540893554688,83400
2025-04-16,96.60304123039779,97.20582266272879,94.49824432963108,95.63463592529297,132900
2025-04-17,95.80263253556826,96.2374277241777,95.00222097390424,95.50618743896484,152100
2025-04-21,94.35992087952086,94.44885969428539,92.13654851876521,93.13459777832031,229300
2025-04-22,94.24133582926986,95.64452887176266,93.9942944821083,95.38760375976562,172900
2025-04-23,97.84813228550652,98.64855136723929,96.66233684908518,96.92913818359375,119300
2025-04-24,97.186062839959,99.08333854504023,97.02796030075399,98.95487976074219,137100
2025-04-25,99.12286771944912,100.10115688233249,98.65842878054353,99.96281433105469,126200
2025-04-28,100.02209359830111,100.2790186891149,98.73747568333509,99.90351104736328,123600
2025-04-29,99.66637036375168,100.75335087790867,99.62684284007815,100.50630950927734,113500
2025-04-30,99.18216072185325,100.98062139044107,98.29281038263873,100.57546997070312,117800
2025-05-01,102.23558784184348,103.00635562091749,101.67233388489684,101.7909164428711,161500
2025-05-02,103.18423467230639,103.98465381489191,103.13483092317658,103.60914611816406,114900
2025-05-05,103.09530178447116,103.99452841122161,103.006362974865,103.4312744140625,157900
2025-05-06,102.32452584761799,103.26327992217827,102.19605952603793,102.54191589355469,102800
2025-05-07,102.79884169576135,103.36209565214348,101.99843016277185,103.026123046875,96100
2025-05-08,103.74748711189578,104.74553631414,103.34234320309025,103.85618591308594,125500
2025-05-09,104.1328664315286,104.37003155407443,103.52020871271098,103.76725006103516,129500
2025-05-12,106.66257093167127,107.09735856169048,106.0993169803549,107.07759857177734,207600
2025-05-13,107.20606599626245,108.41162903393948,107.20606599626245,108.0262451171875,125600
2025-05-14,108.33256414064518,108.7871192949984,108.1052903330202,108.61913299560547,113100
2025-05-15,108.37208768004116,109.51836305779423,108.33256016297005,109.41954803466797,85500
2025-05-16,109.67646949311245,110.25949096679688,109.32072936590579,110.25949096679688,122800
2025-05-19,108.98475362450485,110.4571178346415,108.98475362450485,110.32865905761719,147400
2025-05-20,110.00256295825955,110.21996053459475,109.37013775752249,109.94327545166016,187900
2025-05-21,109.14286007812167,110.16067672320547,108.0756472280189,108.27327728271484,107100
2025-05-22,108.32267888959001,109.11320657686012,108.2732676107782,108.46102142333984,81900
2025-05-23,107.22582712120035,108.21399249775783,107.17641583673107,107.73966979980469,250200
2025-05-27,108.98475588568152,110.18043503835604,108.80688582351735,110.16067504882812,248400
2025-05-28,110.1804320057535,110.46700085019177,109.33060923648223,109.41954803466797,95100
2025-05-29,110.6942802853789,110.6942802853789,109.49860110473719,110.03221130371094,177300
2025-05-30,109.82468490277068,109.98279496099414,108.69817712478745,109.49858856201172,96500
2025-06-02,109.11321801030114,109.75552700664561,108.50056030781236,109.70611572265625,137100
2025-06-03,109.71598767411064,110.77332420134948,109.56776137720557,110.48675537109375,99900
2025-06-04,110.73380456592342,110.8523871197062,110.24960566474101,110.50653076171875,73700
2025-06-05,110.61523075989194,111.05990214800552,109.3997840724232,109.81481170654297,273500
2025-06-06,110.9610865318083,111.35635417419878,110.7733327053746,110.99073028564453,94000
2025-06-09,111.13895225659482,111.60339115284559,111.09942473998807,111.34646606445312,151800
2025-06-10,111.43540048725669,112.1864082459079,111.36622921600613,112.10735321044922,66500
2025-06-11,112.35439989106416,112.51250996950905,111.44528955731646,111.8504409790039,77600
2025-06-12,111.65280067548055,112.41369221612831,111.60339693149125,112.38404846191406,58900
2025-06-13,111.0401404416517,111.79114066156149,110.60534528552267,110.87214660644531,83600
2025-06-16,111.40008638206717,112.29152629172059,111.40008638206717,111.99437713623047,147400
2025-06-17,111.45951776943625,111.74675994972604,110.91475437108024,111.01380157470703,69400
2025-06-18,111.24161128663609,111.6180012463883,110.74636770322937,110.93456268310547,60400
2025-06-20,111.38026976408123,111.55855774177965,110.23130867421557,110.36006927490234,84300
2025-06-23,110.241215485666,111.5783715378693,110.08273392493422,111.47932434082031,109000
2025-06-24,112.3608645879492,112.99477575869165,112.21229000425267,112.91553497314453,67600
2025-06-25,113.09382226071062,113.23248985614933,112.80658008249699,113.10372924804688,68400
2025-06-26,113.49989991116131,113.95553057396745,113.37113932364755,113.85647583007812,128500
2025-06-27,114.09421110246203,114.90641021959303,113.82677535449947,114.5894546508789,97400
2025-06-30,114.97574426483118,115.27288586043919,114.68850209930497,115.05498504638672,92400
2025-07-01,114.4111564276514,115.15402168376609,114.4111564276514,114.85687255859375,90300
2025-07-02,114.84696588907549,115.66907192174368,114.6983988828961,115.63935852050781,66800
2025-07-03,116.0751838346436,116.69918797733806,116.06527684789128,116.55061340332031,43200
2025-07-07,115.91670467470932,116.0355658477487,114.97574494780257,115.50070190429688,106000
2025-07-08,115.70869779595625,115.92660615777426,115.49078943413825,115.57003021240234,71000
2025-07-09,116.14451933193855,116.60014249061068,115.86718415333961,116.32280731201172,51000
2025-07-10,116.51098685400083,117.02604434245929,116.21384527848988,116.80813598632812,63400
2025-07-11,116.20393801122063,116.59022734822206,116.0751774178256,116.34260559082031,65900
2025-07-14,116.273272497942,116.56051464506767,116.02565073905605,116.47136688232422,163600
2025-07-15,117.27367090627004,117.45195888160929,116.27327684704333,116.2930908203125,154400
2025-07-16,116.55061246348677,116.96661522192855,115.60965276365658,116.90718841552734,105100
2025-07-17,116.96661880386586,117.91749307630434,116.96661880386586,117.86796569824219,130500
2025-07-18,118.25425386326123,118.25425386326123,117.50148155390639,117.7590103149414,63700
2025-07-21,117.91748783981463,118.28396321665926,117.6896724903892,117.76891326904297,201000
2025-07-22,117.89767216687073,118.10567354022542,117.2835750331997,117.99671936035156,112500
2025-07-23,118.37310768256914,118.85844421386719,118.09577252182741,118.85844421386719,86400
2025-07-24,118.9872062601969,119.0664470376092,118.69996410968969,118.79901885986328,57300
2025-07-25,118.97730635195086,119.58150405285993,118.92777897706333,119.4527359008789,55500
2025-07-28,119.52207278214934,119.63102696426603,119.28435800153865,119.48245239257812,65600
2025-07-29,119.80932164061956,119.9876096252545,119.29427166101698,119.52207946777344,67100
2025-07-30,119.57160161206849,119.93807699562878,118.85844970474932,119.42302703857422,86800
2025-07-31,120.61160728781833,120.61160728781833,118.39291836510736,118.68016052246094,73700
2025-08-01,117.64014483744126,117.64014483744126,116.40203601195459,116.9864273071289,90400
2025-08-04,117.67976977476796,119.20512081353736,117.67976977476796,119.17540740966797,67100
2025-08-05,119.19521624641345,119.28436401664827,118.17501572316334,118.44245147705078,122500
2025-08-06,118.35330344812743,118.72969338880308,117.9670140771939,118.61083221435547,63400
2025-08-07,119.34378789650611,119.5517892795263,117.84815782476797,118.5613021850586,68400
2025-08-08,118.88816549624964,119.46264982833189,118.88816549624964,119.32398223876953,58100
2025-08-11,119.29426119060373,119.62111616973232,118.84853748972887,119.00701904296875,66400
2025-08-12,119.44283772212287,120.23523043785502,119.03674193400246,120.19561004638672,52900
2025-08-13,120.5323782051801,120.8790471805079,120.2451360379608,120.5719985961914,46600
2025-08-14,119.95788840534604,120.58189253250586,119.92817500264556,120.32437133789062,50800
2025-08-15,120.5125570123233,120.5125570123233,119.91826629638672,119.91826629638672,76500
2025-08-18,119.91827725981958,120.31447362560472,119.88856385482869,120.09656524658203,59300
2025-08-19,120.11636230342526,120.43331785998905,119.26455038507353,119.37349700927734,64300
2025-08-20,119.35369633639364,119.35369633639364,118.22454163949925,119.13578796386719,49200
2025-08-21,118.86835308638517,119.25464243166475,118.51177714353994,118.77920532226562,63600
2025-08-22,118.9872004391604,121.05732219608839,118.9872004391604,120.78988647460938,75900
2025-08-25,120.67104288480226,120.96818447499484,120.37389373779297,120.37389373779297,118400
2025-08-26,120.2847518991588,120.66113426436665,120.13617732766582,120.6017074584961,80400
2025-08-27,120.47293384939164,121.09694551004907,120.47293384939164,120.98799133300781,111400
2025-08-28,120.9582969497351,121.31487293851355,120.5918139732635,121.146484375,125600
2025-08-29,120.77008938707904,120.8097097769069,119.86874252133272,120.24513244628906,105100
2025-09-02,118.6999729172682,119.23483686926357,118.08587573879785,119.22493743896484,91400
2025-09-03,119.73007442337283,120.13617774975938,119.4428322659616,119.94798278808594,66500
2025-09-04,119.84893560418645,120.63142129718054,119.43293284795668,120.58189392089844,76100
2025-09-05,120.59179899901186,120.87904115190551,119.30416280422187,120.0272216796875,68900
2025-09-08,120.31446529502337,120.48284628285778,120.04702955498838,120.28475189208984,79100
2025-09-09,120.30455875007858,120.6512277136034,119.89846298046855,120.58189392089844,85200
2025-09-10,121.73086642781018,121.91905383867937,121.09695528665556,121.3742904663086,176700
2025-09-11,121.85962300734533,122.74115589505902,121.651621629473,122.65201568603516,164100
2025-09-12,122.62230511653331,122.88973330660117,122.46382355440656,122.53315734863281,61500
2025-09-15,122.91944746837981,123.29583740234375,122.91944746837981,123.29583740234375,153100
2025-09-16,123.40900421185853,123.41893385304938,122.77364350938981,122.85306549072266,119500
2025-09-17,122.72401042802527,123.30973049852403,121.98936846198329,122.73393249511719,131200
2025-09-18,123.47848894697414,124.14363853204894,123.15088654882294,123.62740325927734,163000
2025-09-19,124.03443904978538,124.31240840184299,123.51820376102403,124.11385345458984,82200
2025-09-22,123.74654390641189,125.06690594385677,123.74654390641189,124.97755432128906,91500
2025-09-23,124.91798778282316,124.91798778282316,123.81603244097239,124.07415008544922,244400
2025-09-24,124.20320506683778,124.20320506683778,123.23030476059846,123.59762573242188,87800
2025-09-25,122.73392872380829,123.21045302297426,122.29712298817766,122.86299133300781,183100
2025-09-26,123.19059000400661,123.78624725341797,122.86298760574621,123.78624725341797,132100
2025-09-29,124.33226014091044,124.79885479945212,124.05429078878267,124.3719711303711,57500
2025-09-30,124.09399801968898,125.11653135151577,124.04435739084248,125.037109375,147500
2025-10-01,124.47124493529468,125.85116963045274,124.47124493529468,125.74197387695312,80900
2025-10-02,126.17878344107213,126.30784605438144,125.36472706690122,125.81147003173828,73800
2025-10-03,125.92066575695334,126.35747908048077,125.51364135701854,125.79161071777344,87800
2025-10-06,126.3078460768996,126.68508912750072,125.86110311198289,126.48654174804688,73800
2025-10-07,126.6553077398542,126.83400341094766,125.55335236379398,125.59306335449219,73400
2025-10-08,125.92065816478485,126.34754182137652,125.68239980908847,126.28797912597656,69300
2025-10-09,126.47661588138072,126.51632687327603,125.7419814665608,126.00009155273438,105800
2025-10-10,126.2582052815898,126.55603392448216,122.73393249511719,122.73393249511719,114600
2025-10-13,124.18334202564746,124.84849161114794,123.94508367026778,124.67971801757812,89500
2025-10-14,123.34943774956255,124.97755044672763,122.82328039395512,124.29254913330078,88600
2025-10-15,125.33494567948895,125.68240738041466,123.80610662131879,124.77900695800781,95900
2025-10-16,125.20589062509886,125.56328196717816,123.73661426609537,124.28263092041016,382500
2025-10-17,124.01457986059275,125.32501221705456,123.89545446624872,125.12646484375,301200
2025-10-20,125.44414525068669,126.13906863171061,125.44414525068669,126.01994323730469,92600
2025-10-21,125.89087681097256,126.22841642444791,125.56327441219214,126.04972076416016,58900
2025-10-22,126.0993576120907,126.40711588712503,124.72936255807214,125.52356719970703,76600
2025-10-23,125.44414902402075,126.43690106911487,125.34487533433074,126.24827575683594,91700
2025-10-24,127.15167999267578,127.48921204245804,127.09211729544286,127.15167999267578,85100
2025-10-27,128.46209728128085,128.92869191330678,128.3528939599941,128.8592071533203,135300
2025-10-28,129.56407171603055,130.05052570062736,129.08755494732438,129.60379028320312,117800
2025-10-29,130.35826107707894,130.58658979274867,129.10739902596578,129.8023223876953,254300
2025-10-30,129.58393105117057,130.1994325088357,128.76988220214844,128.76988220214844,95900
2025-10-31,129.2166137030518,129.3258170372173,128.18414306217883,128.8195037841797,181100
2025-11-03,129.44492715287365,129.44492715287365,128.50181582273873,129.1768798828125,105700
2025-11-04,127.6579819209237,128.02531047860444,127.02262121760383,127.20132446289062,121700
2025-11-05,127.161602103196,128.3727607746603,127.1318207545693,127.58849334716797,154700
2025-11-06,127.4792899075303,127.70761862953233,125.4540748876286,125.8809585571289,83100
2025-11-07,125.17609791613549,125.68240356445312,123.84581385181076,125.68240356445312,187100
2025-11-10,127.04248045116091,128.24370194300664,126.64537811821442,128.07493591308594,134700
2025-11-11,127.48921211570703,128.15435414884607,127.24102411163156,128.08486938476562,94300
2025-11-12,128.47204591472718,128.5713120304156,127.67784124824942,128.27349853515625,114500
2025-11-13,127.48921196113677,127.56863394012787,125.4540748746434,125.70226287841797,152500
2025-11-14,124.2528496079064,126.44683071882037,124.09400564511408,125.87103271484375,239200
2025-11-17,125.64269638952794,126.50639339533939,124.33226399311228,124.9179916381836,160800
2025-11-18,123.98479842103347,124.52088541747861,122.73392876266149,123.63733673095703,277700
2025-11-19,123.96495815403483,125.49379730556394,123.57778543877524,124.302490234375,177600
2025-11-20,126.5957373332178,126.83400327715577,122.07872007694291,122.1382827758789,191500
2025-11-21,122.82328035535201,124.84849537233231,121.88016139781342,123.51820373535156,129900
2025-11-24,124.38189702246112,125.52356331923114,123.95501336624612,125.21580505371094,174300
2025-11-25,124.81871044360636,126.23834608554053,124.00465411862922,126.12914276123047,113300
2025-11-26,126.71487046841027,127.16160585919964,126.43690110755493,126.86378479003906,183600
2025-11-28,126.94320294615548,127.23110193953642,126.90349195664464,127.13182067871094,125200
2025-12-01,126.26813503860522,127.31052771558768,126.26813503860522,126.66522979736328,198600
2025-12-02,127.18146514134965,127.47929378460664,126.56595614653045,127.00276947021484,153900
2025-12-03,126.65531161508825,127.92603305992301,126.62553026467764,127.66792297363281,175700
2025-12-04,128.03522109455437,128.10470585447786,127.37007910120771,128.06500244140625,382900
2025-12-05,128.28342435975037,128.76987832991256,128.1245803921634,128.34298706054688,317600
2025-12-08,128.45219043912402,128.58125305635735,127.60834511569678,127.94589233398438,148500
2025-12-09,127.76720041868403,128.26357650045685,127.76720041868403,127.99552917480469,178400
2025-12-10,127.75725941678282,128.9286995250253,127.50907141267786,128.64080810546875,201200
2025-12-11,127.90616617782817,128.80957414846284,127.53885277912349,128.72023010253906,152600
2025-12-12,128.78972627328136,129.12727350143425,127.14176929246523,127.4991455078125,185200
2025-12-15,128.21392449662383,128.2238617122237,127.24103170408976,127.66792297363281,164600
2025-12-16,127.40807775204397,127.76646197227285,126.68133668297203,127.43793487548828,267300
2025-12-17,127.36825632949424,127.37820617226645,125.60616196043752,125.68580627441406,228400
2025-12-18,126.81074741156414,127.54743829090907,126.58177951440938,126.72115325927734,187700
2025-12-19,127.29856888022177,128.15471866806394,127.27865400416742,128.06512451171875,170500
2025-12-22,128.79185387976634,129.19007543515775,128.57283582195083,129.08056640625,198600
2025-12-23,128.7819171812762,129.71771894370826,128.7819171812762,129.65798950195312,122300
2025-12-24,129.6081957610333,129.98650243833654,129.4986867328981,129.9267578125,85400
2025-12-26,129.95662041022058,130.3150122063988,129.9068560087337,130.08604431152344,140300
2025-12-29,129.40909901228108,129.6679316413754,129.1203864734838,129.44891357421875,129800
2025-12-30,129.32945025920125,129.55841816133417,129.16021179322482,129.20997619628906,115400
2025-12-31,129.3294632503422,129.33941309383468,128.23437284214089,128.25428771972656,127700
2026-01-02,129.02084225927717,129.19008073078112,127.8461076109679,128.33392333984375,167500
2026-01-05,128.96110536516719,129.55843016326492,128.96110536516719,129.10047912597656,277200
2026-01-06,129.27967088963385,129.98650466344228,129.23985632899357,129.9068603515625,121000
2026-01-07,130.12588171345257,130.67341168679548,129.9566280522888,130.01637268066406,136600
2026-01-08,129.9068712270422,130.1856187466578,129.54847938887917,129.94668579101562,142800
2026-01-09,130.06614700373478,131.01191380930365,129.9466881190738,130.76303100585938,147900
2026-01-12,130.04622892920133,131.09152440339025,130.04622892920133,130.9322509765625,150400
2026-01-13,131.07163995314986,131.09153963969206,130.25529708690794,130.6535186767578,59700
2026-01-14,130.12588062911092,130.20550975174845,129.42899668593685,130.1656951904297,92000
2026-01-15,131.14131264779968,131.26078671405165,130.4543937315996,130.57386779785156,128100
2026-01-16,131.01190058813447,131.07163002443733,130.27520209566765,130.32498168945312,107600
2026-01-20,128.29408795051066,128.8416330934363,127.48771019029247,127.61713409423828,136700
2026-01-21,128.00540727234886,130.1557583731473,128.00540727234886,129.48875427246094,101300
2026-01-22,130.43450162355788,130.7032841093903,129.95663571198804,130.50418090820312,159300
2026-01-23,130.63360053064252,130.9521626039503,130.44444717902226,130.68338012695312,161900
2026-01-26,130.6634544103524,131.35037328689117,130.6634544103524,131.06166076660156,93300
2026-01-27,131.4300264884935,131.85809759089366,131.20104338708893,131.53953552246094,57400
2026-01-28,132.0472608384543,132.29614364425586,131.7087838683084,131.86807250976562,67200
2026-01-29,131.26078890745205,131.37029794216312,128.6823516702727,130.69332885742188,152500
2026-01-30,130.26526094629898,130.82275597646196,129.55842712481362,130.24534606933594,73900
2026-02-02,129.5683683521961,130.94220614988586,129.5484686671566,130.46435546875,73300
2026-02-03,130.39466167929794,130.39466167929794,127.81623972750319,128.7819061279297,87400
2026-02-04,128.66244595363935,128.85158410418407,127.21892128888234,127.95561218261719,108200
2026-02-05,126.70124701575226,127.35830122514888,125.85504705132021,126.29308319091797,123500
2026-02-06,127.39812716701267,129.63807233690773,127.39812716701267,129.259765625,96600
2026-02-09,128.91132496487137,130.5738600449167,128.91132496487137,130.2254180908203,137600
2026-02-10,130.40463026410794,130.7032774553845,129.91681453402327,130.00640869140625,69600
2026-02-11,130.80283876752569,130.88248308335767,129.26972746191004,129.70774841308594,87600
2026-02-12,130.21547427675407,130.5539512137406,127.9356994922166,128.0750732421875,82900
2026-02-13,128.28415244080472,129.02085100546748,127.41803755303648,128.25428771972656,87100
2026-02-17,127.64700540324539,128.27419488940063,126.42249874551841,127.8361587524414,97000
2026-02-18,128.31400737953527,129.0905204495692,128.0949893145924,128.48324584960938,76400
2026-02-19,128.1049445241395,128.3040629119564,127.53749965254207,128.15472412109375,76400
2026-02-20,127.76646345595404,129.2498103300673,127.76646345595404,129.170166015625,99400
2026-02-23,129.06066104786117,129.32945871874682,127.22888732978161,127.59722900390625,107600
2026-02-24,127.62709072673233,128.80182538592638,127.42798753432992,128.74209594726562,888200
2026-02-25,129.18012138996647,129.96659953463643,129.18012138996647,129.8172607421875,215200
2026-02-26,129.8670346710137,129.8670346710137,127.90583710247331,128.6126708984375,80300
2026-02-27,127.03973185294592,127.89588925761542,127.01981697639081,127.75651550292969,180700
2026-03-02,126.25325924767002,128.40360256692975,126.25325924767002,128.05517578125,319200
2026-03-03,125.5862484251813,127.15918936903351,124.76991323582625,126.72115325927734,192100
2026-03-04,126.9799980500819,127.98547901786031,126.8008021437442,127.58727264404297,104500
2026-03-05,126.8107583409048,127.4279904037309,125.77540500743847,126.83067321777344,128800
2026-03-06,125.16813544636126,125.78535990140163,124.8296509041424,124.96902465820312,84700
2026-03-09,123.73456945445044,126.41255071977395,122.99787851876555,126.14375305175781,170500
2026-03-10,126.20347482592608,127.0596321837619,125.4369192170868,126.0043716430664,104800
2026-03-11,126.25325549937472,126.64151202598228,125.47674244615959,125.99441528320312,70600
2026-03-12,125.04866658621403,125.10839602387122,123.96353369854282,124.01331329345703,622500
2026-03-13,124.73009787607529,125.26768560498198,123.15715684652976,123.30648803710938,143500
2026-03-16,124.42148809393127,125.3473323793352,124.38166593597518,124.61063385009766,149700
2026-03-17,125.16951369599879,125.49885645883525,124.82021422669831,124.9998550415039,112900
2026-03-18,124.63059091136076,124.80025717954985,123.17350769042969,123.17350769042969,136500
2026-03-19,122.23538795932275,123.47290931621632,122.01582612206674,122.8940658569336,101500
2026-03-20,122.68449149146984,122.68449149146984,120.219423216899,120.91802978515625,113600
2026-03-23,122.60464632420516,123.56272812872488,121.98588944174968,122.15554809570312,210900
2026-03-24,121.39706443532648,122.1954697502723,121.0377828050166,121.52680206298828,156200
2026-03-25,122.52480022464437,123.09366151523714,121.76632357995872,122.19546508789062,117800
2026-03-26,121.26732740552697,121.8661275876098,119.83020087720226,119.8801040649414,107000
2026-03-27,119.17152260745397,119.17152260745397,117.61463300167061,117.71443176269531,207900
2026-03-30,118.80225925085568,118.85215482447194,116.8461745938151,117.29527282714844,141700
2026-03-31,118.7124356686251,121.04776629121889,118.62261906714254,120.94796752929688,153000
2026-04-01,121.58668341369965,122.62460724334494,121.50684136199837,121.90604400634766,148400
2026-04-02,120.20943557173345,122.49486292323918,119.92002145692365,122.08568572998047,134300
2026-04-06,122.14556551064071,122.61462805806916,121.83618707048889,122.57470703125,289000
2026-04-07,122.04576921092904,122.64456939697266,121.1176262576063,122.64456939697266,188000
2026-04-08,126.1375740960882,126.2373728539002,125.00983366591412,125.6385726928711,126200
2026-04-09,125.21941515809054,126.18747911264032,124.78029148035895,125.99785614013672,87400
2026-04-10,126.2772930002337,126.30723186595303,125.68847500333453,125.79825592041016,87800
2026-04-13,125.40903669296465,127.51481561592458,125.40903669296465,127.46492004394531,115000
2026-04-14,128.11361926766892,129.41102600097656,128.11361926766892,129.41102600097656,82900
2026-04-15,129.61062447535033,130.70843369506045,129.4210014984627,130.60862731933594,255600
2026-04-16,131.02778673602364,131.53677793277055,130.5986528225385,131.2872772216797,152300
2026-04-17,132.27528166524175,133.4728971830282,132.1355618852752,133.01380920410156,170000
2026-04-20,132.79425522061325,132.8541329543777,132.20543720084308,132.8042449951172,158000
2026-04-21,133.06372380033181,133.6126284216726,131.96591455765025,132.16551208496094,218800
2026-04-22,133.00383714798429,133.1834703420262,132.67449439725996,133.08367919921875,210400
2026-04-23,132.53478261317835,133.11362609832585,131.0776917397636,132.3251953125,144800
2026-04-24,132.87409623934775,134.29125843121423,132.87409623934775,134.19146728515625,200300
2026-04-27,134.12160360148582,135.13957078151518,134.02179722426752,135.03976440429688,412100
2026-04-28,133.941970149249,134.42100725671946,133.60263760432213,134.23138427734375,193800
2026-04-29,134.30125536609182,134.48088857556237,133.66251890135527,134.27130126953125,191800
2026-04-30,134.83018052208507,135.78825465487725,133.9419586645753,135.62857055664062,119100
2026-05-01,135.95791825811978,136.28726101212894,135.70841755614143,135.76829528808594,183200
2026-05-04,135.61860925673744,135.9279877095912,134.5108254630356,135.1395721435547,150100
2026-05-05,135.91800038842783,136.1275724433601,135.70841310518173,135.8880615234375,80600
2026-05-06,137.39504947879917,139.1615187736852,137.21541627676746,139.04176330566406,154700
2026-05-07,139.49085791693344,139.80023635349772,138.67248829786647,139.0018310546875,158400
2026-05-08,139.58066858209258,140.3790738469629,139.46091312227188,140.24932861328125,86200
2026-05-11,139.70042921355102,140.91799386118123,139.70042921355102,140.518798828125,168800
2026-05-12,140.16948721679515,140.16948721679515,138.72238623340442,139.9599151611328,80400
2026-05-13,140.16950071960827,141.3072233877445,139.73037701816705,140.9579315185547,124700
2026-05-14,141.45692050772962,142.9139960488542,141.45692050772962,142.51480102539062,113100
2026-05-15,141.22736866612618,141.63655346289602,140.2493302004565,140.47886657714844,141300
2026-05-18,140.90802378864052,141.247341100342,139.44095839169694,140.39903259277344,133200
2026-05-19,139.7503403920341,140.16949976920907,138.9120216376842,139.08168029785156,86200
2026-05-20,139.5806764306398,140.76830223502083,139.2712979898309,140.71839904785156,104400
2026-05-21,140.13955533733346,141.0677058864744,139.6505284692214,140.58865356445312,157500
2026-05-22,141.387064318106,141.75632050577667,140.93796607369018,140.9878692626953,145000
2026-05-26,141.77627945681263,142.06570880509025,141.2972423628018,141.94593811035156,75100
2026-05-27,141.98586605204218,141.98586605204218,141.35711939978344,141.5567169189453,79300
2026-05-28,141.3571245788773,142.7044345321337,141.33716025773526,142.50482177734375,182300
2026-05-29,142.84415480066028,143.38306964677398,142.65453181996548,142.76431274414062,147500
2026-06-01,142.73436703839954,144.42099423432614,142.73436703839954,144.17149353027344,110300
2026-06-02,143.6624994051868,144.2413428541301,143.5527184885197,143.84214782714844,76800
2026-06-03,143.58265834888704,143.58265834888704,142.36509371134912,142.45492553710938,127200
2026-06-04,142.4948486246724,144.25132819447194,142.4948486246724,143.9619140625,58900
2026-06-05,142.6644984876824,142.71440167379066,139.40102503862647,139.71041870117188,71800
2026-06-08,140.8281839874039,140.9878680995769,140.08965638984,140.3391571044922,79900
2026-06-09,141.16749746033784,141.90602503779053,137.0856695345781,140.16949462890625,83700
2026-06-10,139.2712909614504,140.33914601707252,137.49484723173913,137.50482177734375,107000
2026-06-11,138.0936519791589,140.0497443009976,137.0257968290682,139.76031494140625,110900
2026-06-12,140.36909465483097,141.43696501311314,139.4808727281365,140.91799926757812,126200
2026-06-15,143.00999450683594,143.88999938964844,143.00999450683594,143.42999267578125,134800
2026-06-16,143.19000244140625,143.44000244140625,142.22000122070312,142.22000122070312,58600
2026-06-17,142.25999450683594,142.4600067138672,139.8699951171875,140.27000427246094,182400
2026-06-18,141.88999938964844,142.00999450683594,141.1699981689453,141.8000030517578,147900
2026-06-22,141.67999267578125,142.3699951171875,140.8300018310547,141.27999877929688,99200
2026-06-23,138.8300018310547,140.02000427246094,138.6300048828125,139.1199951171875,94000
2026-06-24,139.1699981689453,140.39999389648438,138.3699951171875,138.88999938964844,117500
2026-06-25,139.8300018310547,139.86000061035156,138.6199951171875,139.25,173300
2026-06-26,138.38999938964844,139.5800018310547,137.86000061035156,138.47999572753906,418800
2026-06-29,139.42999267578125,141.11000061035156,138.88999938964844,141.00999450683594,80300
2026-06-30,141.08999633789062,142.72999572753906,141.08999633789062,142.38999938964844,105500
2026-07-01,141.60000610351562,142.83999633789062,141.38999938964844,142.10000610351562,106600
2026-07-02,142.4600067138672,142.83999633789062,140.22999572753906,141.41000366210938,73700
2026-07-06,141.97000122070312,142.66000366210938,141.5500030517578,142.52000427246094,130500
2026-07-07,141.88999938964844,141.97000122070312,141.05999755859375,141.52999877929688,61300
2026-07-08,140.49000549316406,141.08999633789062,139.63999938964844,141.0,57200
2026-07-09,141.2100067138672,142.0,140.97000122070312,141.92999267578125,54600
2026-07-10,141.82000732421875,142.89999389648438,141.44000244140625,142.89999389648438,68800
2026-07-13,142.32000732421875,142.5,141.25999450683594,141.4499969482422,87500
2026-07-14,142.0500030517578,142.0,141.4698944091797,141.4698944091797,6504
