date,open,high,low,close,volume
2010-08-09,100.0,102.30116341344193,98.68087361314059,100.0,0.0
2010-08-10,100.0,101.15959679873939,97.14284808605744,99.68973358825457,0.0
2010-08-11,99.68973358825457,99.17340607803938,92.67707170464774,96.70092559334303,0.0
2010-08-12,96.70092559334303,99.65168121810117,93.2097579291752,96.14450965427817,0.0
2010-08-13,96.14450965427817,97.70884074171838,93.11815306999938,95.63317048158845,0.0
2010-08-16,95.63317048158845,97.99559753785579,93.87990752155652,95.68045658499518,0.0
2010-08-17,95.68045658499518,101.16910846988871,95.18596969404928,97.23018584323219,0.0
2010-08-18,97.23018584323219,103.40007521152138,95.47969354674694,97.68467190841889,0.0
2010-08-19,97.68467190841889,97.49667410074849,91.95901996548687,95.88594629562954,0.0
2010-08-20,95.88594629562954,100.27613047009987,92.5651932250041,95.54499538030394,0.0
2010-08-23,95.54499538030394,96.64403803108193,92.84598675626196,95.10711648477844,0.0
2010-08-24,95.10711648477844,95.74128339310107,80.44277431084015,93.32545782379384,0.0
2010-08-25,93.32545782379384,95.97753501812986,92.22686447292817,93.85793888142653,0.0
2010-08-26,93.85793888142653,96.04066604198616,90.75274767959594,93.2958776299507,0.0
2010-08-27,93.2958776299507,98.98178665301612,92.94743476521226,94.96374904801831,0.0
2010-08-30,94.96374904801831,95.6128635604822,91.1471554702766,93.62843511823077,0.0
2010-08-31,93.62843511823077,95.81600148850885,91.92454478491038,93.8036260034117,0.0
2010-09-01,93.8036260034117,99.98515472896123,92.27388182487589,96.58982300668396,0.0
2010-09-02,96.58982300668396,100.82039499460383,96.22125503994127,97.87623718290695,0.0
2010-09-03,97.87623718290695,101.68582022011199,97.06298340870846,99.10344374092979,0.0
2010-09-07,99.10344374092979,101.05719970336501,94.14826906846275,97.95063804781829,0.0
2010-09-08,97.95063804781829,99.97502538437081,96.10361254491188,98.50192320359857,0.0
2010-09-09,98.50192320359857,100.55690202930488,96.34213435727679,98.78810933957165,0.0
2010-09-10,98.78810933957165,101.67979405800273,97.95656284789777,99.47816803146691,0.0
2010-09-13,99.47816803146691,104.73361467974364,98.16369884162393,100.7138838388544,0.0
2010-09-14,100.7138838388544,105.52485318669437,97.22965941560723,100.85006342007799,0.0
2010-09-15,100.85006342007799,102.74513858142939,96.05796151176314,100.97204727696267,0.0
2010-09-16,100.97204727696267,104.44166740961457,97.32830475062025,100.8613914683125,0.0
2010-09-17,100.8613914683125,103.68399573149253,98.11656293741956,101.03987961671754,0.0
2010-09-20,101.03987961671754,106.1420454105715,96.75509633649901,102.68541379526084,0.0
2010-09-21,102.68541379526084,106.40996998202507,99.61709797238234,102.49477700186154,0.0
2010-09-22,102.49477700186154,106.05843110811612,96.56300142680757,101.92091633208322,0.0
2010-09-23,101.92091633208322,103.38115553013196,98.25140639724687,101.03606593437502,0.0
2010-09-24,101.03606593437502,107.73405646343873,99.69186424380216,103.24116881710724,0.0
2010-09-27,103.24116881710724,103.86949994537191,100.25848843651531,102.331466656362,0.0
2010-09-28,102.331466656362,106.14169333105764,100.86959308775042,103.23730846789833,0.0
2010-09-29,103.23730846789833,105.2220367130588,100.82378825658445,102.93232644822,0.0
2010-09-30,102.93232644822,105.36897329103617,99.51750561543095,102.71532861653596,0.0
2010-10-01,102.71532861653596,107.44389758288514,99.746400607298,103.22433534067956,0.0
2010-10-04,103.22433534067956,104.61821096229978,101.02388702290746,102.57980527051096,0.0
2010-10-05,102.57980527051096,107.34659778819461,102.57980527051096,104.72882616693593,0.0
2010-10-06,104.72882616693593,108.71962913054446,102.29954522431589,105.14739297074387,0.0
2010-10-07,105.14739297074387,107.19897458908666,99.91953760234246,104.64234109853805,0.0
2010-10-08,104.64234109853805,109.3478321279637,103.46232303222055,105.35218645615785,0.0
2010-10-11,105.35218645615785,106.99258590868935,103.84381335870462,105.30782723214922,0.0
2010-10-12,105.30782723214922,108.28800372650599,101.68692266865699,105.85791048495632,0.0
2010-10-13,105.85791048495632,110.25335305850429,103.8784091124311,106.78999303937829,0.0
2010-10-14,106.78999303937829,109.46979601591313,101.24555541609395,106.12724806753194,0.0
2010-10-15,106.12724806753194,108.83883259119065,100.9051384149065,105.9285220889061,0.0
2010-10-18,105.9285220889061,111.82831979037475,100.81249634331405,106.38335546449808,0.0
2010-10-19,106.38335546449808,105.91078593713252,101.72800400794148,104.45821521893053,0.0
2010-10-20,104.45821521893053,109.17919675374137,99.89333817024057,105.52995330963147,0.0
2010-10-21,105.52995330963147,109.99516325653573,96.877835341544,105.38396146014588,0.0
2010-10-22,105.38396146014588,107.74580114865381,102.7829662810531,105.71817435639817,0.0
2010-10-25,105.71817435639817,108.86326164314332,101.66168749810811,106.17881070127773,0.0
2010-10-26,106.17881070127773,112.94277252349089,100.41352719256155,106.34593645547187,0.0
2010-10-27,106.34593645547187,110.76002458992419,103.33778686781795,105.86003155975648,0.0
2010-10-28,105.86003155975648,110.30903356277406,97.43310795430932,105.81041655599518,0.0
2010-10-29,105.81041655599518,107.82071702622633,103.92124172161877,105.89493664298202,0.0
2010-11-01,105.89493664298202,109.03463739826658,101.69911791313154,105.81083648897076,0.0
2010-11-02,105.81083648897076,110.64694864282666,103.49523363024946,106.47931833425397,0.0
2010-11-03,106.47931833425397,110.37923596859115,104.44836004776326,106.75444550664461,0.0
2010-11-04,106.75444550664461,114.23135910825215,105.1349101554387,109.26008572841522,0.0
2010-11-05,109.26008572841522,116.14550248732009,106.16687458220754,109.64872359077769,0.0
2010-11-08,109.64872359077769,114.83575137793632,107.29588532723109,109.47384833440248,0.0
2010-11-09,109.47384833440248,112.23769164249332,103.57929956653254,108.0851899064434,0.0
2010-11-10,108.0851899064434,113.48619631460822,104.04769856117308,108.83857598476187,0.0
2010-11-11,108.83857598476187,113.30071306153576,104.67224076969914,108.41309311123466,0.0
2010-11-12,108.41309311123466,113.90465657321519,104.30782485490928,107.00787105911367,0.0
2010-11-15,107.00787105911367,110.11909748953313,105.03081430786479,106.86593433761993,0.0
2010-11-16,106.86593433761993,106.71179799761238,102.26651892847512,105.09657506612314,0.0
2010-11-17,105.09657506612314,109.17951450047622,102.27994496782009,105.27744399795225,0.0
2010-11-18,105.27744399795225,111.70916588295523,104.30768315472707,106.83754933015454,0.0
2010-11-19,106.83754933015454,108.92405985892526,105.21707168349317,107.05056725794597,0.0
2010-11-22,107.05056725794597,108.26326320972652,103.74538058388018,106.66744162032819,0.0
2010-11-23,106.66744162032819,106.92884312305544,102.26766385314359,104.98618352209147,0.0
2010-11-24,104.98618352209147,108.96102149596118,103.83789221537091,106.66120909515952,0.0
2010-11-26,106.66120909515952,108.09344421249877,103.69609061658403,105.72144145680396,0.0
2010-11-29,105.72144145680396,109.50966121187687,101.70740446920324,105.55525043995158,0.0
2010-11-30,105.55525043995158,106.89992078202603,101.68367670272367,105.01055827953812,0.0
2010-12-01,105.01055827953812,110.68681737119299,104.8562756345956,107.31651189799992,0.0
2010-12-02,107.31651189799992,117.35331250366401,105.67365459006196,109.41649676302791,0.0
2010-12-03,109.41649676302791,126.3220584188674,107.57064418807481,110.3966998689623,0.0
2010-12-06,110.3966998689623,112.59719273365644,108.34886226117442,110.17023863986186,0.0
2010-12-07,110.17023863986186,114.3790370800963,106.75913574867351,110.45622503093608,0.0
2010-12-08,110.45622503093608,124.42354124590074,107.47044273046758,110.79038319630565,0.0
2010-12-09,110.79038319630565,116.7915524559216,109.03762615119248,111.33344872966042,0.0
2010-12-10,111.33344872966042,116.10570710533561,110.47143968115638,112.06725377667766,0.0
2010-12-13,112.06725377667766,114.70831705246032,105.94428758490092,112.17842282033041,0.0
2010-12-14,112.17842282033041,116.34552387689341,109.37982022101923,112.67545581506653,0.0
2010-12-15,112.67545581506653,116.36750057271081,108.586021562685,111.83519658982554,0.0
2010-12-16,111.83519658982554,114.98405431921553,108.85925214029265,112.65101051322424,0.0
2010-12-17,112.65101051322424,115.83233950562342,110.63501285615347,112.9776658853596,0.0
2010-12-20,112.9776658853596,116.03445749778028,111.17448190579424,113.38849213126845,0.0
2010-12-21,113.38849213126845,119.4964468846376,111.46770079977301,114.29437753936342,0.0
2010-12-22,114.29437753936342,120.23173177638392,112.90474047594682,114.99701157373603,0.0
2010-12-23,114.99701157373603,116.75571105437609,112.24672436735985,114.75139446922691,0.0
2010-12-27,114.75139446922691,117.0796406998548,113.44221489731181,114.94799434503162,0.0
2010-12-28,114.94799434503162,118.56177778852773,114.12892034908472,115.12333833933918,0.0
2010-12-29,115.12333833933918,118.20261121953695,114.37397312927843,115.29605714328801,0.0
2010-12-30,115.29605714328801,116.60682941293217,113.9179208845222,115.23396725906447,0.0
2010-12-31,115.23396725906447,117.28064438631918,113.88529928287183,115.38753793550394,0.0
2011-01-03,115.38753793550394,122.73983932451561,113.7936912512729,116.4367411590923,0.0
2011-01-04,116.4367411590923,120.03885657704578,111.21659112781266,115.59148160004227,0.0
2011-01-05,115.59148160004227,122.78645512701061,109.53779790436664,116.16128687894822,0.0
2011-01-06,116.16128687894822,119.56314939441566,108.25823203074785,115.389201562361,0.0
2011-01-07,115.389201562361,118.04722591106255,112.79032757066665,115.07236448850978,0.0
2011-01-10,115.07236448850978,117.58270646223207,112.4947231387536,115.18734713729744,0.0
2011-01-11,115.18734713729744,118.83884052682748,113.09125973855242,115.65213546711021,0.0
2011-01-12,115.65213546711021,119.83979833770933,113.72464038616862,116.62773541321454,0.0
2011-01-13,116.62773541321454,123.42084842540348,113.01901650268738,116.44303956374551,0.0
2011-01-14,116.44303956374551,121.87271318875013,114.20889601772436,117.11334788462307,0.0
2011-01-18,117.11334788462307,121.7607081854254,109.57972137064401,117.31656223331026,0.0
2011-01-19,117.31656223331026,119.03325851219061,112.38924376450447,116.08076099371888,0.0
2011-01-20,116.08076099371888,120.53192718798026,109.55878223125805,115.88532580851508,0.0
2011-01-21,115.88532580851508,118.05821695694463,112.49873440742607,115.88085639640184,0.0
2011-01-24,115.88085639640184,120.51901332554972,113.19729569083313,116.51780593769263,0.0
2011-01-25,116.51780593769263,124.90296432530538,113.89118636267135,116.81682605254007,0.0
2011-01-26,116.81682605254007,126.1156709211021,113.8696561729322,118.09584406954943,0.0
2011-01-27,118.09584406954943,128.94469786164703,114.61814758600407,117.95862141479915,0.0
2011-01-28,117.95862141479915,119.89861283223378,110.98539502033758,115.61407736739442,0.0
2011-01-31,115.61407736739442,121.11948439940551,114.25339003632254,116.9740780312433,0.0
2011-02-01,116.9740780312433,126.0997023883209,110.79222366412552,118.80802821167869,0.0
2011-02-02,118.80802821167869,122.51297091362375,116.2423305642505,118.88205828503595,0.0
2011-02-03,118.88205828503595,127.22938140718777,116.68276566388363,119.76701319555107,0.0
2011-02-04,119.76701319555107,121.76406599919952,117.56525185289578,119.72732141838036,0.0
2011-02-07,119.72732141838036,122.97156439392765,115.1745793124055,120.24813959266902,0.0
2011-02-08,120.24813959266902,123.96411279376866,113.77517241183601,120.6817187524031,0.0
2011-02-09,120.6817187524031,127.07040500157333,113.92922805294162,120.21292727855666,0.0
2011-02-10,120.21292727855666,123.06039567570751,117.45602529358062,119.84693187910767,0.0
2011-02-11,119.84693187910767,123.89216811991331,115.72532815900419,120.33239928512228,0.0
2011-02-14,120.33239928512228,126.22311148621057,118.16851567101155,120.87333284936823,0.0
2011-02-15,120.87333284936823,123.12610519823899,116.01625701768418,120.40294320350542,0.0
2011-02-16,120.40294320350542,129.64619664245006,119.14095205531649,121.75361265895914,0.0
2011-02-17,121.75361265895914,125.3287156697846,115.3403491651938,121.9936917291607,0.0
2011-02-18,121.9936917291607,130.8830142978446,116.93639140167672,122.50046327957911,0.0
2011-02-22,122.50046327957911,125.15347373971746,112.8237237095511,119.8121364803313,0.0
2011-02-23,119.8121364803313,121.76920396107838,115.55004633708435,118.95748798254193,0.0
2011-02-24,118.95748798254193,123.19921898166479,110.20320920355029,118.83942269240899,0.0
2011-02-25,118.83942269240899,124.67528428105736,117.86281793091786,120.31835195615115,0.0
2011-02-28,120.31835195615115,125.83215501481834,118.76999818135046,121.27385732072989,0.0
2011-03-01,121.27385732072989,124.42981219172283,113.7961915912758,119.07875869672664,0.0
2011-03-02,119.07875869672664,122.04333239226078,116.17926943139695,119.46972990359292,0.0
2011-03-03,119.46972990359292,127.31185833971271,117.00308119596609,121.4695430492861,0.0
2011-03-04,121.4695430492861,123.65651424808776,117.83586197989902,120.45223298776327,0.0
2011-03-07,120.45223298776327,121.48780190259573,114.22398096317742,119.34106465808263,0.0
2011-03-08,119.34106465808263,124.95506163776975,117.49080494148212,120.59976554162222,0.0
2011-03-09,120.59976554162222,122.26767690366158,116.60466234485183,120.35557050569794,0.0
2011-03-10,120.35557050569794,121.23977490708229,114.84134640686067,117.79540090449277,0.0
2011-03-11,117.79540090449277,122.01662921247433,116.31019566326255,118.87165226287752,0.0
2011-03-14,118.87165226287752,121.84088338644241,111.81557503703193,118.13676593509632,0.0
2011-03-15,118.13676593509632,124.1728353678273,115.32542262112062,117.12432433209166,0.0
2011-03-16,117.12432433209166,118.3159981758325,111.32655323318195,115.2165222217083,0.0
2011-03-17,115.2165222217083,123.36372419670255,114.45066549357878,116.78192233080784,0.0
2011-03-18,116.78192233080784,119.51685893139582,115.87791352855056,117.67635695933522,0.0
2011-03-21,117.67635695933522,121.77735134584474,115.84582664815069,119.25001952749194,0.0
2011-03-22,119.25001952749194,124.1026815356136,113.8705453323274,118.93273162559723,0.0
2011-03-23,118.93273162559723,124.84749465119121,116.96192218415091,119.7644978371819,0.0
2011-03-24,119.7644978371819,125.2063495534625,116.82444587675391,120.4425571832987,0.0
2011-03-25,120.4425571832987,122.2734118130928,118.6550487479006,120.54674773475251,0.0
2011-03-28,120.54674773475251,125.41677735892902,117.07529697757404,120.44281549026792,0.0
2011-03-29,120.44281549026792,131.3578436598916,119.49490733600442,121.37590510931197,0.0
2011-03-30,121.37590510931197,124.8309309632841,120.4846425412114,122.38867199340078,0.0
2011-03-31,122.38867199340078,125.06113616032322,116.88940928232995,122.4216628292237,0.0
2011-04-01,122.4216628292237,125.56067982484481,121.10080872932183,122.86659850234301,0.0
2011-04-04,122.86659850234301,125.05668608833587,120.6095592535705,123.24015017639832,0.0
2011-04-05,123.24015017639832,128.6357445383197,120.44776064981359,123.9539861303483,0.0
2011-04-06,123.9539861303483,130.67234421930058,117.40090767982673,124.38227314243645,0.0
2011-04-07,124.38227314243645,128.4365490824602,121.11164456359718,124.11602408600567,0.0
2011-04-08,124.11602408600567,128.15455828304437,119.556551337381,123.54705489521815,0.0
2011-04-11,123.54705489521815,132.41399123791032,119.09752907541255,123.44688289973462,0.0
2011-04-12,123.44688289973462,126.40399895555039,118.88611774215046,122.75976553113783,0.0
2011-04-13,122.75976553113783,127.10871204357326,119.61323993690725,122.68177350979339,0.0
2011-04-14,122.68177350979339,125.31750691243555,120.68120342811092,122.99798141937974,0.0
2011-04-15,122.99798141937974,125.46368240791024,120.09397982420559,123.40280766376654,0.0
2011-04-18,123.40280766376654,124.24627138693634,117.51145771839988,121.706228301666,0.0
2011-04-19,121.706228301666,126.53421295290372,118.16339679649293,122.65793445165598,0.0
2011-04-20,122.65793445165598,130.88716034313003,121.17349440474803,124.11870280397856,0.0
2011-04-21,124.11870280397856,142.9436795009748,118.88372555872623,125.42983682604671,0.0
2011-04-25,125.42983682604671,126.79500044500746,122.38036430914663,125.24628695290241,0.0
2011-04-26,125.24628695290241,128.08280273752038,123.13199991645884,126.12507326839477,0.0
2011-04-27,126.12507326839477,130.69757897630984,123.26309326003206,127.09643747431636,0.0
2011-04-28,127.09643747431636,130.73802954482173,124.26803911446416,127.01631085256857,0.0
2011-04-29,127.01631085256857,131.1584364858461,123.25951687662362,127.15073366043259,0.0
2011-05-02,127.15073366043259,133.14159470751443,122.4445166313606,126.73609541953215,0.0
2011-05-03,126.73609541953215,129.8211940537299,121.17772934223909,125.99842196772374,0.0
2011-05-04,125.99842196772374,127.89672129480682,121.11955774777093,125.1487909808641,0.0
2011-05-05,125.1487909808641,131.71185519964126,119.35947238990738,124.24999664561258,0.0
2011-05-06,124.24999664561258,128.70703210703934,121.94344751698982,124.70031288891448,0.0
2011-05-09,124.70031288891448,128.95059215572527,121.83109644527873,125.34251665767904,0.0
2011-05-10,125.34251665767904,128.664855150173,121.7058992869873,125.85454263016686,0.0
2011-05-11,125.85454263016686,127.47940604868052,118.86129651590787,124.0947505442374,0.0
2011-05-12,124.0947505442374,127.74996693527471,122.64907593816105,125.16819249206665,0.0
2011-05-13,125.16819249206665,126.91147757358209,122.39803779652543,123.98705026817242,0.0
2011-05-16,123.98705026817242,126.06251476039857,116.80794035410105,122.92600152771811,0.0
2011-05-17,122.92600152771811,125.11612996453509,118.5474815892379,122.77682113058195,0.0
2011-05-18,122.77682113058195,127.46975740840969,119.33528025729574,123.93971020482999,0.0
2011-05-19,123.93971020482999,126.44421484205188,122.21351093215337,123.92548052113423,0.0
2011-05-20,123.92548052113423,126.36141077579111,119.45143506611272,123.34056606328497,0.0
2011-05-23,123.34056606328497,126.6034263246377,116.97266713855699,121.6555655390962,0.0
2011-05-24,121.6555655390962,125.24727312164066,119.33475701791949,121.68981725998789,0.0
2011-05-25,121.68981725998789,127.76150081017863,120.00370323372623,122.16966030585328,0.0
2011-05-26,122.16966030585328,128.13900332356738,119.91418616300923,122.76504668796333,0.0
2011-05-27,122.76504668796333,127.02207619893399,121.37586949070409,123.82362255808685,0.0
2011-05-31,123.82362255808685,127.83946140057301,123.6081600123333,124.99307515293442,0.0
2011-06-01,124.99307515293442,124.52490835109366,117.61572375628607,122.04085422021743,0.0
2011-06-02,122.04085422021743,124.82866122020194,118.98217901751411,121.81998113801384,0.0
2011-06-03,121.81998113801384,123.01111007052735,117.13614485151646,120.92853784199468,0.0
2011-06-06,120.92853784199468,122.6724057522795,115.52697365008297,119.5261927156007,0.0
2011-06-07,119.5261927156007,122.36525276452862,116.62181533079728,119.47522951070366,0.0
2011-06-08,119.47522951070366,120.64264091531973,114.3959704457364,118.52666941883909,0.0
2011-06-09,118.52666941883909,121.73284308919804,116.87403529564918,119.34984409192302,0.0
2011-06-10,119.34984409192302,121.03084011541542,113.87147848128707,117.3500258753196,0.0
2011-06-13,117.3500258753196,121.21837792863963,114.56296161289598,117.85190210632834,0.0
2011-06-14,117.85190210632834,124.00580456236912,116.02559817032376,119.8611917857782,0.0
2011-06-15,119.8611917857782,119.90795165549743,113.34646782807425,117.64223760021835,0.0
2011-06-16,117.64223760021835,120.32010255769423,115.38780606033647,117.87538271065915,0.0
2011-06-17,117.87538271065915,120.06467957851275,109.87150343140858,118.07086244128439,0.0
2011-06-20,118.07086244128439,122.9534239054851,116.78981451442078,118.92753076816535,0.0
2011-06-21,118.92753076816535,124.15560656459603,118.24981269006973,120.72398760493637,0.0
2011-06-22,120.72398760493637,122.60443152912374,117.87119430823343,120.03742953036314,0.0
2011-06-23,120.03742953036314,124.26312941346411,116.43568001548564,119.58083039506677,0.0
2011-06-24,119.58083039506677,122.8474171594229,115.71596243933148,118.43863522676304,0.0
2011-06-27,118.43863522676304,122.82528626937872,117.81865975201322,119.31010301012157,0.0
2011-06-28,119.31010301012157,126.92138357952477,117.48274176948259,121.02220778710627,0.0
2011-06-29,121.02220778710627,125.76819253249866,119.64585383350655,122.18549581696942,0.0
2011-06-30,122.18549581696942,129.04062990105376,119.8758725142843,123.51240708040012,0.0
2011-07-01,123.51240708040012,129.06932755633852,120.84201256385835,125.27760282480497,0.0
2011-07-05,125.27760282480497,132.1112503791933,121.16833089250117,125.24679762367421,0.0
2011-07-06,125.24679762367421,127.59110424844778,121.86441509856189,125.3378905160681,0.0
2011-07-07,125.3378905160681,133.69549147934055,123.74633193576203,126.7008074620532,0.0
2011-07-08,126.7008074620532,127.73563710869236,120.78456690081049,125.58773156221339,0.0
2011-07-11,125.58773156221339,125.77454820139826,118.89452858422625,122.97845097647364,0.0
2011-07-12,122.97845097647364,126.50312433018424,114.12755433552363,122.42226201155324,0.0
2011-07-13,122.42226201155324,125.63110157296464,120.04870154056532,123.08082249029933,0.0
2011-07-14,123.08082249029933,123.99674938136928,118.79729919030899,121.96152634937032,0.0
2011-07-15,121.96152634937032,124.90290202447709,119.69889512488012,122.26726152544303,0.0
2011-07-18,122.26726152544303,126.11422204308744,117.12534046410097,121.03769426127676,0.0
2011-07-19,121.03769426127676,126.35490815181736,118.81706967274782,122.81884326653787,0.0
2011-07-20,122.81884326653787,128.43580476184738,113.77210375579999,122.64896903004829,0.0
2011-07-21,122.64896903004829,128.58443772449533,109.6223075771043,123.95112906207908,0.0
2011-07-22,123.95112906207908,129.77206440863463,121.42950908670014,124.37223871336631,0.0
2011-07-25,124.37223871336631,126.08892344896867,119.34045960738882,123.32724914813427,0.0
2011-07-26,123.32724914813427,125.69115786235959,116.65949620741316,122.75146350517983,0.0
2011-07-27,122.75146350517983,125.10983950932757,114.38966961574555,119.99859967461846,0.0
2011-07-28,119.99859967461846,121.71096770896007,116.22395321973802,119.41448900969172,0.0
2011-07-29,119.41448900969172,131.08944552201646,114.99605400619618,119.0365297743529,0.0
2011-08-01,119.0365297743529,120.26249637025681,112.26319807805335,117.97681931153434,0.0
2011-08-02,117.97681931153434,126.58082007938809,108.36837507749753,115.32104430075319,0.0
2011-08-03,115.32104430075319,119.61602600329505,104.29946264260352,115.87842287153549,0.0
2011-08-04,115.87842287153549,113.21786706914814,103.68387180618863,109.99873308409343,0.0
2011-08-05,109.99873308409343,113.75880949523011,96.03169828264691,109.32522960231256,0.0
2011-08-08,109.32522960231256,109.84817483732436,87.11227105015774,102.04676279516627,0.0
2011-08-09,102.04676279516627,120.81230084379042,100.54765596042364,107.29381424663387,0.0
2011-08-10,107.29381424663387,110.97370106799352,95.5761364483801,102.49595893509371,0.0
2011-08-11,102.49595893509371,115.97402558602006,103.52252276178089,106.90027922755456,0.0
2011-08-12,106.90027922755456,111.51274613649846,102.27881539559495,107.37281719700896,0.0
2011-08-15,107.37281719700896,115.88500014836745,106.9138562848246,110.10168722209168,0.0
2011-08-16,110.10168722209168,114.76923763412465,102.96370064930693,108.90468719011992,0.0
2011-08-17,108.90468719011992,112.38427311587678,106.76668969331729,109.00018776995206,0.0
2011-08-18,109.00018776995206,109.19421309802165,97.47264037124835,104.22000601227295,0.0
2011-08-19,104.22000601227295,107.18139023468137,97.05087725860382,102.67767956133078,0.0
2011-08-22,102.67767956133078,107.42872760942464,94.57546951178469,102.91804737737928,0.0
2011-08-23,102.91804737737928,110.9494580299449,98.05962057590398,105.94458035656065,0.0
2011-08-24,105.94458035656065,117.54803756632434,103.52937706309753,107.75526510048434,0.0
2011-08-25,107.75526510048434,117.92956789630648,103.34943694895804,106.44598230238272,0.0
2011-08-26,106.44598230238272,111.60044909702964,106.44598230238272,108.25085924961522,0.0
2011-08-29,108.25085924961522,119.15929397680834,107.09232473922054,111.5251756869623,0.0
2011-08-30,111.5251756869623,116.47100202237462,107.93611923622403,111.99547196121607,0.0
2011-08-31,111.99547196121607,115.32714290245367,108.98485201258666,112.63919890751059,0.0
2011-09-01,112.63919890751059,114.42192904808869,107.13514587329973,111.11927578860374,0.0
2011-09-02,111.11927578860374,114.6767887362245,101.84761337293683,108.09642531576793,0.0
2011-09-06,108.09642531576793,109.42683230410229,103.47003457075054,107.05355660732778,0.0
2011-09-07,107.05355660732778,117.69159862595475,105.89192731017992,110.51878966615149,0.0
2011-09-08,110.51878966615149,113.72298621506074,106.38175899687941,109.15506827927626,0.0
2011-09-09,109.15506827927626,111.2349869007522,100.90955674810364,106.23523653411276,0.0
2011-09-12,106.23523653411276,110.60546536136373,101.3320578789111,106.6793189852516,0.0
2011-09-13,106.6793189852516,112.2581527212953,105.69458270242122,107.77870949123638,0.0
2011-09-14,107.77870949123638,113.67050774920263,105.4875192406902,109.58445564738064,0.0
2011-09-15,109.58445564738064,116.41200241349912,109.78936240208564,111.7124004709328,0.0
2011-09-16,111.7124004709328,115.0961584883749,107.36098405008161,112.24778906393071,0.0
2011-09-19,112.24778906393071,113.40549408124541,105.69153839724206,110.47606313650537,0.0
2011-09-20,110.47606313650537,116.52741836136904,103.68882824275678,109.92909391191306,0.0
2011-09-21,109.92909391191306,109.23988940443412,101.48841834090955,105.79126669281615,0.0
2011-09-22,105.79126669281615,106.50482776533343,95.53610508168242,101.89144359934079,0.0
2011-09-23,101.89144359934079,106.22912397285064,98.1744057179891,102.36566649953633,0.0
2011-09-26,102.36566649953633,109.4959805109432,101.02677331305709,104.78397258133319,0.0
2011-09-27,104.78397258133319,110.43514922514316,102.8787821535714,106.24041014094378,0.0
2011-09-28,106.24041014094378,105.8678940779321,98.55157042379409,103.08299593461996,0.0
2011-09-29,103.08299593461996,106.98049704724886,93.9910996075488,103.67328269146803,0.0
2011-09-30,103.67328269146803,105.12404912252212,96.26139512828384,101.01796058357864,0.0
2011-10-03,101.01796058357864,101.53143978151742,91.12119563832282,97.51225535010882,0.0
2011-10-04,97.51225535010882,105.4268951127397,94.44522394669895,100.51310074201551,0.0
2011-10-05,100.51310074201551,108.24402886559444,97.62911742528973,102.44120043869545,0.0
2011-10-06,102.44120043869545,111.4957962288032,101.36864966780813,104.95540242513349,0.0
2011-10-07,104.95540242513349,106.82470276244783,98.60454638288398,103.63937951468272,0.0
2011-10-10,103.63937951468272,111.4659796255774,103.17853819653428,107.26106392304224,0.0
2011-10-11,107.26106392304224,112.72734189380249,104.15896597106219,107.0739450746993,0.0
2011-10-12,107.0739450746993,112.87434809483145,105.836588331256,108.55137556569471,0.0
2011-10-13,108.55137556569471,111.36517923539132,102.61237879187715,108.32883286590096,0.0
2011-10-14,108.32883286590096,115.78377783599521,107.73337045825747,110.12634481908697,0.0
2011-10-17,110.12634481908697,111.15542528226067,101.44684477808171,107.64882535194546,0.0
2011-10-18,107.64882535194546,118.53866810579788,106.47662745936339,110.32090131476406,0.0
2011-10-19,110.32090131476406,112.06845269035432,104.96487882502552,108.88713525842559,0.0
2011-10-20,108.88713525842559,117.69272624270047,105.24875065680374,109.5036443814774,0.0
2011-10-21,109.5036443814774,117.22608899491549,106.42218643135459,111.85099955621713,0.0
2011-10-24,111.85099955621713,125.98988986652465,110.99958271353123,114.65070024457333,0.0
2011-10-25,114.65070024457333,117.01077509525139,106.43945861276234,112.2741473598441,0.0
2011-10-26,112.2741473598441,123.02282611909345,108.65923111772561,114.27198495588,0.0
2011-10-27,114.27198495588,135.61197515795507,109.65377644006708,119.16202667819398,0.0
2011-10-28,119.16202667819398,123.54537068327234,115.18186074355722,119.04386444481203,0.0
2011-10-31,119.04386444481203,119.7856217964272,110.087668477179,115.75121543190383,0.0
2011-11-01,115.75121543190383,116.00726183248653,106.88390627767482,112.02756619689589,0.0
2011-11-02,112.02756619689589,118.63854750288601,106.86112310309439,113.75784434274084,0.0
2011-11-03,113.75784434274084,121.60324962269715,112.2960846062821,115.86946988002175,0.0
2011-11-04,115.86946988002175,121.0555391988083,108.82673887816232,115.22971893388572,0.0
2011-11-07,115.22971893388572,119.79708904452797,111.65316232905792,115.98648730717045,0.0
2011-11-08,115.98648730717045,122.04252542354739,113.75725960936302,117.17292824154273,0.0
2011-11-09,117.17292824154273,115.91180109876152,106.18582921938768,112.33339975242538,0.0
2011-11-10,112.33339975242538,117.91761501763982,109.96270352008771,113.25621737478373,0.0
2011-11-11,113.25621737478373,120.73881330762349,113.31592487216703,116.18669992795547,0.0
2011-11-14,116.18669992795547,116.76056794975005,111.00121597192151,114.96228487578021,0.0
2011-11-15,114.96228487578021,121.63886379216073,111.29787527922005,115.7670106561626,0.0
2011-11-16,115.7670106561626,116.04439830962767,110.97441782926151,113.89485099250798,0.0
2011-11-17,113.89485099250798,114.62635740868924,106.3345061436809,111.64974206426467,0.0
2011-11-18,111.64974206426467,115.85685267054627,108.39429358911077,111.66310460882059,0.0
2011-11-21,111.66310460882059,112.41334909453363,101.52714790328307,109.27885817284681,0.0
2011-11-22,109.27885817284681,116.81325950146791,105.64246226516832,109.04366688047931,0.0
2011-11-23,109.04366688047931,111.51935318658624,101.23829220494221,106.42687092872,0.0
2011-11-25,106.42687092872,108.49924844377563,102.53335477039869,106.01306762756994,0.0
2011-11-28,106.01306762756994,115.21705242674811,106.51096005291781,109.07917771506177,0.0
2011-11-29,109.07917771506177,111.94181126540933,105.54707881920855,109.1939960165043,0.0
2011-11-30,109.1939960165043,122.00312936376379,110.15553088262327,114.7495868069945,0.0
2011-12-01,114.7495868069945,121.14522543269861,111.93217422444874,114.54658510649655,0.0
2011-12-02,114.54658510649655,119.5545899787561,111.23462761692895,114.5644548003838,0.0
2011-12-05,114.5644548003838,121.31553568914127,113.09749866322959,115.7370993514918,0.0
2011-12-06,115.7370993514918,117.95178810316203,111.20390986249778,115.6129100762419,0.0
2011-12-07,115.6129100762419,121.30197994872834,108.55977993162472,115.8768012630399,0.0
2011-12-08,115.8768012630399,116.85246826518748,107.78910755928314,112.95861185852975,0.0
2011-12-09,112.95861185852975,117.19637131479459,111.94323244908712,114.85684018574854,0.0
2011-12-12,114.85684018574854,115.44169157431294,107.48137242812287,112.70181620301034,0.0
2011-12-13,112.70181620301034,113.80632009324285,104.27807663934497,110.90687475987522,0.0
2011-12-14,110.90687475987522,111.92195663644341,102.1198059704265,109.2640131664807,0.0
2011-12-15,109.2640131664807,111.78246637570952,105.60227451818393,109.68344098859862,0.0
2011-12-16,109.68344098859862,112.58806997865231,105.89333222482485,110.2823673760314,0.0
2011-12-19,110.2823673760314,111.2024369053069,103.15110873320701,108.56973028184808,0.0
2011-12-20,108.56973028184808,119.14467338213144,108.40424523876521,112.0238760780814,0.0
2011-12-21,112.0238760780814,114.99902614580041,108.85272161177132,112.56002672253744,0.0
2011-12-22,112.56002672253744,120.49108958726495,109.212593392187,113.71548512403366,0.0
2011-12-23,113.71548512403366,116.41804924802847,109.72694820424358,114.33140207935884,0.0
2011-12-27,114.33140207935884,116.08754670262688,111.88145884182052,114.33224355087003,0.0
2011-12-28,114.33224355087003,114.51812291846252,108.9001986094902,112.27589091956345,0.0
2011-12-29,112.27589091956345,120.32824480307393,111.7278372850679,113.99334848797851,0.0
2011-12-30,113.99334848797851,117.65095447912626,112.07614897953206,114.00754884251398,0.0
2012-01-03,114.00754884251398,122.76076526198332,109.81638014664006,115.93864518547825,0.0
2012-01-04,115.93864518547825,119.31314803442964,111.73074654545533,115.78180304900403,0.0
2012-01-05,115.78180304900403,125.74582550478856,112.3314807296925,116.56994921914017,0.0
2012-01-06,116.56994921914017,119.3958732930575,111.73276070784273,116.25300203260993,0.0
2012-01-09,116.25300203260993,121.61852440150307,114.65581361263241,116.68705673266102,0.0
2012-01-10,116.68705673266102,123.38680692889811,115.10309009573605,118.39418771238554,0.0
2012-01-11,118.39418771238554,125.06535758414509,114.92298142341988,118.98637822934204,0.0
2012-01-12,118.98637822934204,130.84747114983136,116.80037930183505,119.94695621314868,0.0
2012-01-13,119.94695621314868,121.31194011279368,116.68253524113776,119.10272554802357,0.0
2012-01-17,119.10272554802357,122.73766919317967,102.84250602450683,118.58894576274179,0.0
2012-01-18,118.58894576274179,130.9376298396894,113.18077949797762,120.45402845636839,0.0
2012-01-19,120.45402845636839,125.81634692828065,117.58737224586493,121.51766425460306,0.0
2012-01-20,121.51766425460306,129.85465971316938,117.86673276107668,121.8448294223135,0.0
2012-01-23,121.8448294223135,124.9469633147863,119.28682257443742,121.94154070662135,0.0
2012-01-24,121.94154070662135,129.06223168155276,118.27877476767908,122.38956642264505,0.0
2012-01-25,122.38956642264505,132.97980417537454,118.39432658041866,123.62234012432165,0.0
2012-01-26,123.62234012432165,125.65522452082085,119.84941567047657,123.45974614016232,0.0
2012-01-27,123.45974614016232,126.86046840250823,121.04684404552319,123.6020003307662,0.0
2012-01-30,123.6020003307662,125.20890454831685,118.49216459678166,122.51192953953853,0.0
2012-01-31,122.51192953953853,124.62519781089654,118.8503526475682,122.65365427490549,0.0
2012-02-01,122.65365427490549,133.3703943192673,121.93542370439184,124.3324053773266,0.0
2012-02-02,124.3324053773266,134.00270515918868,121.41375057561278,124.86467505990768,0.0
2012-02-03,124.86467505990768,138.5134606470248,122.2988199458021,127.22127564450952,0.0
2012-02-06,127.22127564450952,130.31462010033468,121.57320595264655,127.30510920387606,0.0
2012-02-07,127.30510920387606,132.00632523811248,120.23258580080899,127.1621455196765,0.0
2012-02-08,127.1621455196765,131.69784666565357,124.72591495682236,127.53959982258432,0.0
2012-02-09,127.53959982258432,134.47807680303126,125.41582826017651,127.92655450776284,0.0
2012-02-10,127.92655450776284,128.92164630779732,123.61097499634086,126.43458546873056,0.0
2012-02-13,126.43458546873056,133.5243349012183,124.31717300202,127.52565165482459,0.0
2012-02-14,127.52565165482459,133.33251790852503,121.25385719092972,126.72187366143817,0.0
2012-02-15,126.72187366143817,133.68756469452222,118.72372420295942,126.16063760384071,0.0
2012-02-16,126.16063760384071,134.6321471657865,124.78549242251616,127.80968298185304,0.0
2012-02-17,127.80968298185304,133.2926101712982,109.59779055915935,127.5284388238984,0.0
2012-02-21,127.5284388238984,132.01176278372307,121.2605432529532,127.4875125578327,0.0
2012-02-22,127.4875125578327,131.6533488305683,123.66596361376797,127.11286892108672,0.0
2012-02-23,127.11286892108672,131.9501622621917,125.79087285925179,128.17497072445047,0.0
2012-02-24,128.17497072445047,130.4199900810687,125.58332700995251,128.1500387986322,0.0
2012-02-27,128.1500387986322,133.20966647693774,125.62103356871506,128.3540694197143,0.0
2012-02-28,128.3540694197143,131.00492543431605,126.57081463517287,128.7886754253735,0.0
2012-02-29,128.7886754253735,131.20965555012828,123.45021722505908,127.89531877596659,0.0
2012-03-01,127.89531877596659,131.00434763116365,125.26524671060893,128.6610959128192,0.0
2012-03-02,128.6610959128192,129.7100256014401,124.34532730099228,127.70910616480799,0.0
2012-03-05,127.70910616480799,129.95468706957905,121.55571813777857,126.86304962498636,0.0
2012-03-06,126.86304962498636,126.73486620415346,119.18921338963199,124.35146378963124,0.0
2012-03-07,124.35146378963124,129.74194436497976,122.93265025344265,125.55285112447953,0.0
2012-03-08,125.55285112447953,133.57709742651534,124.33974011205028,127.30070283289805,0.0
2012-03-09,127.30070283289805,130.90431567173394,124.9802507579116,127.72566011755491,0.0
2012-03-12,127.72566011755491,131.73860536940754,122.4452429509809,127.71101776978932,0.0
2012-03-13,127.71101776978932,135.75582781218216,126.46613984205398,130.3749460693641,0.0
2012-03-14,130.3749460693641,135.74963140099226,125.29067894836956,129.78918458864482,0.0
2012-03-15,129.78918458864482,135.83111353392567,128.6896989817568,130.97720467053128,0.0
2012-03-16,130.97720467053128,138.9151607212745,128.77120078962082,131.2194711551912,0.0
2012-03-19,131.2194711551912,135.40468295848092,127.60424043191935,131.4545172106786,0.0
2012-03-20,131.4545172106786,135.31682442450935,126.40846439045932,130.9932390673698,0.0
2012-03-21,130.9932390673698,133.16810413188801,128.61912423312333,130.76206582090205,0.0
2012-03-22,130.76206582090205,131.866420791225,125.63419669867515,129.61453718301078,0.0
2012-03-23,129.61453718301078,133.06824890320755,126.79012200477965,130.26006046674198,0.0
2012-03-26,130.26006046674198,137.6480921631363,129.77710761932693,132.18137771428488,0.0
2012-03-27,132.18137771428488,136.12464608279393,127.78861638071385,131.6463799022643,0.0
2012-03-28,131.6463799022643,133.70333835539293,125.7502428909973,130.61720013315673,0.0
2012-03-29,130.61720013315673,131.78337351610512,127.66992407689959,130.18606249978336,0.0
2012-03-30,130.18606249978336,133.43663025262762,129.0959186120777,131.05928126705479,0.0
2012-04-02,131.05928126705479,134.74569230506276,127.45816919709846,131.84401506685782,0.0
2012-04-03,131.84401506685782,133.32232122658,127.3657236859573,130.99853633139006,0.0
2012-04-04,130.99853633139006,131.74932628534765,124.8903791549823,129.17017006735963,0.0
2012-04-05,129.17017006735963,131.80047027272627,125.81516126276142,129.06481391001608,0.0
2012-04-09,129.06481391001608,130.49513599646855,124.58538990016208,127.47415962160153,0.0
2012-04-10,127.47415962160153,130.0502466926712,120.12767523188437,125.0305967032497,0.0
2012-04-11,125.0305967032497,131.0240484244201,122.55394085794003,126.46157112403272,0.0
2012-04-12,126.46157112403272,134.2026980689976,126.08595570056056,129.0497977083045,0.0
2012-04-13,129.0497977083045,129.90751985559166,122.15402584896721,127.43143074398779,0.0
2012-04-16,127.43143074398779,130.54467450829276,125.3331513466767,127.705453790404,0.0
2012-04-17,127.705453790404,135.30210164948602,127.91386553902335,129.57845426841632,0.0
2012-04-18,129.57845426841632,136.96408329310492,125.65845081528444,129.55233604930692,0.0
2012-04-19,129.55233604930692,145.22868417566565,124.736805160999,129.11904606884286,0.0
2012-04-20,129.11904606884286,134.989971635516,123.08267938201983,129.1356649373775,0.0
2012-04-23,129.1356649373775,130.47215212396858,123.72217710017982,127.94356840087644,0.0
2012-04-24,127.94356840087644,135.56392617014183,124.2954641902603,129.11794677679188,0.0
2012-04-25,129.11794677679188,133.58213514240757,124.63335194011475,130.14955777681962,0.0
2012-04-26,130.14955777681962,135.28635925534323,126.77235776331703,130.97899776794745,0.0
2012-04-27,130.97899776794745,137.78444336262854,128.60625311462704,131.82643464149416,0.0
2012-04-30,131.82643464149416,135.7130202548553,126.66392313558211,131.22246379876913,0.0
2012-05-01,131.22246379876913,134.5345401762279,129.0878169686426,131.98531894687267,0.0
2012-05-02,131.98531894687267,136.82520784800926,128.45001654813547,131.84897177229672,0.0
2012-05-03,131.84897177229672,132.69080435425937,126.47183583016852,130.46081826961586,0.0
2012-05-04,130.46081826961586,132.33198165142974,123.668931690848,128.34480236936608,0.0
2012-05-07,128.34480236936608,131.99283457854875,126.08021553103958,128.36035409948647,0.0
2012-05-08,128.36035409948647,130.15459026563963,124.04181704837066,127.5995471559445,0.0
2012-05-09,127.5995471559445,132.67389742789956,123.80565064328576,126.91236713177084,0.0
2012-05-10,126.91236713177084,132.92048627478073,123.94765516744815,127.45127640781403,0.0
2012-05-11,127.45127640781403,130.4845547385261,122.04551843055053,127.2119915460123,0.0
2012-05-14,127.2119915460123,128.7334078168549,121.76104409354743,125.53962781562029,0.0
2012-05-15,125.53962781562029,126.69063562580985,119.50055174747503,124.30379948379644,0.0
2012-05-16,124.30379948379644,127.73315881661196,116.50435298540593,123.31606243241204,0.0
2012-05-17,123.31606243241204,128.27586530634338,110.83177326851518,120.99989619090658,0.0
2012-05-18,120.99989619090658,127.50924787655913,116.20956807116697,120.17425355279494,0.0
2012-05-21,120.17425355279494,128.9197942044823,116.92170869174991,122.33362304508087,0.0
2012-05-22,122.33362304508087,126.11261193393253,120.71803725597657,122.86586860537088,0.0
2012-05-23,122.86586860537088,127.54043518540193,120.18225704945647,123.42423155312407,0.0
2012-05-24,123.42423155312407,125.63773443144655,120.25515269138013,123.78510815772728,0.0
2012-05-25,123.78510815772728,127.22196575901799,121.98383886942916,123.51707697787143,0.0
2012-05-29,123.51707697787143,137.16008571626918,114.65186438660447,125.02607906511716,0.0
2012-05-30,125.02607906511716,125.23784447412505,117.84377038876774,122.59708369218087,0.0
2012-05-31,122.59708369218087,125.15113963472724,115.0558183222707,122.23583880819024,0.0
2012-06-01,122.23583880819024,130.37454660301722,112.0957194695778,119.31476178184151,0.0
2012-06-04,119.31476178184151,123.13719307993536,113.72119410698899,118.94535091171726,0.0
2012-06-05,118.94535091171726,124.2655994988875,117.25335355059391,120.00246411352235,0.0
2012-06-06,120.00246411352235,133.21376999391882,115.79907839873465,123.10869153957478,0.0
2012-06-07,123.10869153957478,126.29329319003389,118.70147300001041,122.64017580356727,0.0
2012-06-08,122.64017580356727,126.66255848518433,121.24996120805487,123.72662149100687,0.0
2012-06-11,123.72662149100687,124.33072068829277,113.41026863263026,121.58252006570616,0.0
2012-06-12,121.58252006570616,129.2794467029292,120.46405761182952,123.48419849596092,0.0
2012-06-13,123.48419849596092,126.16609808810539,118.07686821144297,122.72158374269053,0.0
2012-06-14,122.72158374269053,129.35322816490117,122.3472897621184,124.5330352735825,0.0
2012-06-15,124.5330352735825,129.28125875481143,123.52576419944661,125.90564291205561,0.0
2012-06-18,125.90564291205561,128.78441014431573,122.52570658951423,126.25387542738385,0.0
2012-06-19,126.25387542738385,131.9483291876064,123.27263933643097,127.88212302196682,0.0
2012-06-20,127.88212302196682,132.06323566382414,125.87769378660985,128.05917829097206,0.0
2012-06-21,128.05917829097206,127.98361838403721,119.29077179648378,124.62892017891572,0.0
2012-06-22,124.62892017891572,131.5390418579193,121.31318569041426,124.97713033737503,0.0
2012-06-25,124.97713033737503,127.13995527298931,115.25352846381922,123.06123971844933,0.0
2012-06-26,123.06123971844933,125.92142413163896,120.91732769905525,123.62594978627477,0.0
2012-06-27,123.62594978627477,127.12751266182339,118.42318345090509,124.52533115973704,0.0
2012-06-28,124.52533115973704,126.79769112662159,121.2628562894898,124.43762312570567,0.0
2012-06-29,124.43762312570567,134.57573712701046,125.59015382863343,128.43476219905216,0.0
2012-07-02,128.43476219905216,131.23952236041222,124.11278364261523,128.80030736410257,0.0
2012-07-03,128.80030736410257,139.19109878119855,127.7171951579394,130.2366142705304,0.0
2012-07-05,130.2366142705304,132.38460915583147,126.1063611779186,129.31044325423932,0.0
2012-07-06,129.31044325423932,131.39207565708742,123.84560601158593,127.9188700872404,0.0
2012-07-09,127.9188700872404,130.45897435239087,124.8799837409052,127.55765580762693,0.0
2012-07-10,127.55765580762693,130.17299688538773,119.0297421765324,126.2423115426592,0.0
2012-07-11,126.2423115426592,128.77392200895451,120.77581110977324,125.79050256877846,0.0
2012-07-12,125.79050256877846,130.3200768362745,121.23373494757939,125.09045177598853,0.0
2012-07-13,125.09045177598853,131.86946868962653,122.29758815994082,127.24781585787406,0.0
2012-07-16,127.24781585787406,129.7736713498665,123.18266214279612,127.12148793921199,0.0
2012-07-17,127.12148793921199,131.07908094669685,123.93514335758819,127.82421809489244,0.0
2012-07-18,127.82421809489244,139.50265573218016,121.52982766218535,128.4649911263727,0.0
2012-07-19,128.4649911263727,134.81180058881165,122.21016543479429,128.43143683371693,0.0
2012-07-20,128.43143683371693,131.62153640806568,123.18674854340769,127.0177727396574,0.0
2012-07-23,127.0177727396574,131.44820474912052,122.35044989374349,125.62840451708541,0.0
2012-07-24,125.62840451708541,129.28638906408707,121.850061287466,124.71607671858702,0.0
2012-07-25,124.71607671858702,129.16045674686586,117.77485400887726,124.89747220063347,0.0
2012-07-26,124.89747220063347,161.3664742551713,122.64900648328882,128.77047580563539,0.0
2012-07-27,128.77047580563539,138.2887028602975,124.41201760602276,131.48676125646742,0.0
2012-07-30,131.48676125646742,133.6421899714232,127.62271628604796,131.35668418333978,0.0
2012-07-31,131.35668418333978,134.67170321410535,125.25822459924119,130.30910369248053,0.0
2012-08-01,130.30910369248053,133.36550590021946,126.33689238202216,129.69447392161527,0.0
2012-08-02,129.69447392161527,140.0548609357456,125.18513673600546,129.32340343861813,0.0
2012-08-03,129.32340343861813,136.0804834413232,128.37531632485403,131.7817850896406,0.0
2012-08-06,131.7817850896406,137.36094487148858,130.7930266911229,132.68069979148117,0.0
2012-08-07,132.68069979148117,141.27729907073507,129.56663054350554,133.7937879201754,0.0
2012-08-08,133.7937879201754,135.8356491584171,130.70031689983077,133.69267780182562,0.0
2012-08-09,133.69267780182562,137.40461569906122,131.8861383976661,133.8327528973977,0.0
2012-08-10,133.8327528973977,136.82188166476337,130.33957737054084,134.28339057952724,0.0
2012-08-13,134.28339057952724,135.24368065385968,131.2137852702188,133.9895263205947,0.0
2012-08-14,133.9895263205947,137.06141776348633,127.72834785052456,133.70093320775533,0.0
2012-08-15,133.70093320775533,136.7328114665377,128.96750858772612,133.84529119295894,0.0
2012-08-16,133.84529119295894,139.52573007875182,130.88993538713493,135.19409703985,0.0
2012-08-17,135.19409703985,137.62942338840668,132.17450056230467,135.452307978383,0.0
2012-08-20,135.452307978383,139.88493566848683,129.83447244787683,135.38592867791394,0.0
2012-08-21,135.38592867791394,139.71243593862084,131.80601892776448,135.51174625058584,0.0
2012-08-22,135.51174625058584,138.65213233725044,132.33305427229112,135.47928791799185,0.0
2012-08-23,135.47928791799185,137.45521391787483,130.8620811931273,134.18371254120075,0.0
2012-08-24,134.18371254120075,139.1316980218282,131.8481624340458,134.8637204535837,0.0
2012-08-27,134.8637204535837,139.2379523672719,129.64266505346012,134.72917369618762,0.0
2012-08-28,134.72917369618762,138.77583085876933,130.93634016594874,134.77677534470703,0.0
2012-08-29,134.77677534470703,143.4486299997998,132.52252882056857,134.98102792354123,0.0
2012-08-30,134.98102792354123,137.0124580565107,131.01941287165135,134.0452086700094,0.0
2012-08-31,134.0452086700094,139.92605289921326,132.17695512439425,135.06588083676846,0.0
2012-09-04,135.06588083676846,140.58282495139173,132.55089958935258,135.12103499231563,0.0
2012-09-05,135.12103499231563,138.60442632262684,128.7601287679155,135.15138484730616,0.0
2012-09-06,135.15138484730616,142.80022923667008,134.292413762396,138.25843359607026,0.0
2012-09-07,138.25843359607026,150.01458143763796,136.42520472245891,139.8327465756564,0.0
2012-09-10,139.8327465756564,141.5806279285955,132.67775346248501,139.18752722793576,0.0
2012-09-11,139.18752722793576,146.48754424164554,137.5560265876056,140.05713928483837,0.0
2012-09-12,140.05713928483837,148.04473202740556,137.34724701117437,140.6106394241082,0.0
2012-09-13,140.6106394241082,148.59414353497232,138.78934976973133,143.24256741260416,0.0
2012-09-14,143.24256741260416,148.53999038673106,139.38456227408705,143.93377621320582,0.0
2012-09-17,143.93377621320582,152.70627942624793,137.28635669405193,143.49750901958862,0.0
2012-09-18,143.49750901958862,145.98938041676794,140.09564824878518,143.24072518571336,0.0
2012-09-19,143.24072518571336,146.75329175788093,141.21516253264122,143.42372792492398,0.0
2012-09-20,143.42372792492398,148.71690216632942,137.66350543903812,143.11666512064826,0.0
2012-09-21,143.11666512064826,145.35792156227365,141.59207196718407,143.12026418857332,0.0
2012-09-24,143.12026418857332,144.02288505280308,140.451557107579,142.55961103232312,0.0
2012-09-25,142.55961103232312,143.97605651382918,134.8289740642804,140.61351601548648,0.0
2012-09-26,140.61351601548648,141.78216107473588,136.14769726451706,139.71402970771732,0.0
2012-09-27,139.71402970771732,149.18115815794152,138.6100799209619,141.23465905560755,0.0
2012-09-28,141.23465905560755,142.6399482053366,138.2817249487883,140.25794005465713,0.0
2012-10-01,140.25794005465713,142.60506948175214,137.71113064248004,140.33476922643464,0.0
2012-10-02,140.33476922643464,143.95552517084212,137.55036787746542,140.8020171767184,0.0
2012-10-03,140.8020171767184,144.1887015438578,134.40930566788748,141.1084608786647,0.0
2012-10-04,141.1084608786647,148.27703340199105,140.04444115813692,142.50892967904926,0.0
2012-10-05,142.50892967904926,146.8817236763596,140.2016381141219,142.96473177951881,0.0
2012-10-08,142.96473177951881,144.89259055678198,140.3159124446568,142.60515383449913,0.0
2012-10-09,142.60515383449913,143.62280637849076,130.717847481168,140.5974751006228,0.0
2012-10-10,140.5974751006228,142.79177946412992,133.3549708314208,139.56454530860057,0.0
2012-10-11,139.56454530860057,142.51266489731537,136.42404264158705,139.58961390101203,0.0
2012-10-12,139.58961390101203,145.22409555637822,135.0391231800124,139.20615781805466,0.0
2012-10-15,139.20615781805466,146.85753487494884,137.93582383431527,140.6530233986051,0.0
2012-10-16,140.6530233986051,145.24440207733605,139.07087247345964,142.3981828202609,0.0
2012-10-17,142.3981828202609,150.25540694764777,136.29798698746822,143.36228311992588,0.0
2012-10-18,143.36228311992588,146.4313762523681,133.63794694390504,142.83421955452,0.0
2012-10-19,142.83421955452,145.64091817007198,136.73911136915888,140.88360616867737,0.0
2012-10-22,140.88360616867737,143.00673670582665,137.73532493069305,140.81438113087327,0.0
2012-10-23,140.81438113087327,146.64926711751633,135.0314405486477,138.9464933606749,0.0
2012-10-24,138.9464933606749,146.2886842150865,128.56545987774243,138.63388846209023,0.0
2012-10-25,138.63388846209023,155.5904894913017,132.80948149924973,139.0803242290564,0.0
2012-10-26,139.0803242290564,142.21836834058695,136.06897557687253,138.75537156940808,0.0
2012-10-31,138.75537156940808,148.24412984530176,134.1732443777179,139.7497268507508,0.0
2012-11-01,139.7497268507508,150.86749262826788,131.02030211553003,141.3625668679539,0.0
2012-11-02,141.3625668679539,142.9590121345048,129.46286151841053,139.99068801000288,0.0
2012-11-05,139.99068801000288,143.30067316246902,134.35812215588075,140.18976376621762,0.0
2012-11-06,140.18976376621762,145.84533226715288,139.12358324920064,141.5288286584079,0.0
2012-11-07,141.5288286584079,145.31238399067882,131.41970595988926,138.57304646690187,0.0
2012-11-08,138.57304646690187,140.97509834991797,133.19789198450718,137.21716979173002,0.0
2012-11-09,137.21716979173002,140.40828176818283,129.04561436966483,137.1322042992869,0.0
2012-11-12,137.1322042992869,155.94806584814555,134.230697161361,137.56943630536503,0.0
2012-11-13,137.56943630536503,139.048050952003,133.1459575494304,136.96395269222276,0.0
2012-11-14,136.96395269222276,136.50663213680758,130.6099731981159,134.313276971913,0.0
2012-11-15,134.313276971913,136.8889657240815,128.02080088811766,134.02323544057148,0.0
2012-11-16,134.02323544057148,137.31998507400127,132.26163071966008,134.75889377115175,0.0
2012-11-19,134.75889377115175,143.2759913324307,134.41157691538342,137.37794243157714,0.0
2012-11-20,137.37794243157714,141.7999129509185,135.7429892447188,138.08044907836668,0.0
2012-11-21,138.08044907836668,142.89157450523962,136.86294643284353,138.56052408791055,0.0
2012-11-23,138.56052408791055,142.41764044259293,138.20132624694463,140.33927628372277,0.0
2012-11-26,140.33927628372277,142.57056779781328,136.63928732648364,139.85465298132806,0.0
2012-11-27,139.85465298132806,140.64952066456866,134.55946843516864,138.7939663848687,0.0
2012-11-28,138.7939663848687,140.94144227513664,137.82879206749544,139.69647454789765,0.0
2012-11-29,139.69647454789765,144.20091097931186,137.60309554334586,140.54949005895224,0.0
2012-11-30,140.54949005895224,145.33679972751312,137.74739441707396,140.63588921019982,0.0
2012-12-03,140.63588921019982,142.0131066459842,136.3673380150734,139.46343666587399,0.0
2012-12-04,139.46343666587399,141.98000607041772,131.01115687434,139.25499294704343,0.0
2012-12-05,139.25499294704343,148.06752175165715,116.99163240304651,139.04431798140976,0.0
2012-12-06,139.04431798140976,142.3707335152903,133.20757903953202,139.34364275773333,0.0
2012-12-07,139.34364275773333,145.1464220444881,135.33752149666105,140.37529438858866,0.0
2012-12-10,140.37529438858866,146.58657222284086,138.62631029147528,140.91030972560935,0.0
2012-12-11,140.91030972560935,148.1273716686612,138.97083702390034,141.64413746704312,0.0
2012-12-12,141.64413746704312,145.11773395368687,137.38949333755394,141.62585889865696,0.0
2012-12-13,141.62585889865696,143.63604294652583,137.48599824303864,140.81711636182058,0.0
2012-12-14,140.81711636182058,146.4532546854813,138.0560358988753,140.7173531860547,0.0
2012-12-17,140.7173531860547,146.51821989491697,139.99592944316774,142.43351526669238,0.0
2012-12-18,142.43351526669238,148.32283288675404,140.70652056997793,144.0886874008426,0.0
2012-12-19,144.0886874008426,150.2217601692883,140.99078338802573,143.5310566604012,0.0
2012-12-20,143.5310566604012,147.76387678547948,135.92461132781156,144.18696364196379,0.0
2012-12-21,144.18696364196379,145.75631936163657,140.25863357242372,143.03938677706245,0.0
2012-12-24,143.03938677706245,144.80722708158365,139.40575572277424,142.6521756816325,0.0
2012-12-26,142.6521756816325,146.32937720188266,140.33947255677882,142.2629295603109,0.0
2012-12-27,142.2629295603109,144.83677908190882,141.18384418053597,142.45815423798663,0.0
2012-12-28,142.45815423798663,142.56422112238067,139.80243232180143,141.05177333051444,0.0
2012-12-31,141.05177333051444,150.6445553116426,141.29772012663352,143.40927495491937,0.0
2013-01-02,143.40927495491937,151.63675517149602,142.5610292983712,147.10104191642628,0.0
2013-01-03,147.10104191642628,152.70052035849295,142.73305585907278,146.51263359320396,0.0
2013-01-04,146.51263359320396,152.67264680625073,143.7705716405471,147.4504564426404,0.0
2013-01-07,147.4504564426404,149.70931367390483,144.00365853764953,147.11695906574118,0.0
2013-01-08,147.11695906574118,150.07905054557182,142.9305012382388,146.55675280940855,0.0
2013-01-09,146.55675280940855,149.26437717651913,139.8283477779515,146.75028348419502,0.0
2013-01-10,146.75028348419502,154.38496834805463,145.43119503296427,147.9188320349032,0.0
2013-01-11,147.9188320349032,151.206305384883,145.454640911121,147.81607167505715,0.0
2013-01-14,147.81607167505715,149.79165474612356,144.100572109994,147.757523761905,0.0
2013-01-15,147.757523761905,149.9394004227407,146.25157856470886,148.07478248775544,0.0
2013-01-16,148.07478248775544,153.36130242627337,143.9830923831595,148.0388414434396,0.0
2013-01-17,148.0388414434396,151.4745186013508,141.75541739992528,148.70048432893202,0.0
2013-01-18,148.70048432893202,153.6162346072603,146.5029398322593,149.22226712491977,0.0
2013-01-22,149.22226712491977,156.09786626661537,147.10708575185296,150.07387213940382,0.0
2013-01-23,150.07387213940382,153.97229157472302,147.26545854313036,149.80143655689642,0.0
2013-01-24,149.80143655689642,156.1854492452078,144.70161214762132,150.28359309203333,0.0
2013-01-25,150.28359309203333,169.41923478318736,146.11052177676677,151.71059989782336,0.0
2013-01-28,151.71059989782336,156.20750596039392,146.66942439238863,151.50776736830315,0.0
2013-01-29,151.50776736830315,155.477527980843,146.58996249811497,151.8797160819941,0.0
2013-01-30,151.8797160819941,154.298646729811,148.4448305593118,151.30961458852963,0.0
2013-01-31,151.30961458852963,166.09771110357875,149.01095926682626,151.98571898126173,0.0
2013-02-01,151.98571898126173,158.92864870062368,151.01139781233152,153.71158303975454,0.0
2013-02-04,153.71158303975454,155.08305538366494,132.52811451363547,151.30432425637338,0.0
2013-02-05,151.30432425637338,156.57622267643882,135.12105857711623,152.19018437631783,0.0
2013-02-06,152.19018437631783,155.69125022652918,149.82508262691502,152.72668693071765,0.0
2013-02-07,152.72668693071765,156.43644350010723,138.75853398729532,152.33496547480178,0.0
2013-02-08,152.33496547480178,159.7318069488677,148.3709951284594,153.33510969965488,0.0
2013-02-11,153.33510969965488,159.12062553162878,150.70617864146743,153.31008798734237,0.0
2013-02-12,153.31008798734237,160.4964602295396,151.01365576650832,154.5581517682445,0.0
2013-02-13,154.5581517682445,159.8023422735308,148.37904327108012,154.85055700759094,0.0
2013-02-14,154.85055700759094,164.25377283900127,151.86755048013495,154.9640423029131,0.0
2013-02-15,154.9640423029131,158.87134048994892,147.42616177380896,154.68382351788043,0.0
2013-02-19,154.68382351788043,158.36592483935055,151.2404215826606,155.35121563301536,0.0
2013-02-20,155.35121563301536,157.30975575643373,143.05638377095468,152.3392856923601,0.0
2013-02-21,152.3392856923601,154.16294485521226,145.9378916569786,151.0516895804704,0.0
2013-02-22,151.0516895804704,158.57072406899567,149.47111073577688,152.52156757025946,0.0
2013-02-25,152.52156757025946,153.67383086515704,145.4177363497371,150.08958138855792,0.0
2013-02-26,150.08958138855792,156.3570102108178,148.18570343817274,151.36382152667173,0.0
2013-02-27,151.36382152667173,155.9008750570696,147.94251058172034,153.0524664251989,0.0
2013-02-28,153.0524664251989,154.4236497119953,147.92631396915638,152.56109095096022,0.0
2013-03-01,152.56109095096022,155.39618334791416,149.3268332000608,152.5944005052835,0.0
2013-03-04,152.5944005052835,158.09096030864706,148.53369347191344,153.4225757943571,0.0
2013-03-05,153.4225757943571,161.20664322680125,151.8490472316451,155.07519466336086,0.0
2013-03-06,155.07519466336086,161.55596065420121,152.72346325824657,155.46509056325985,0.0
2013-03-07,155.46509056325985,159.89952716251005,153.68324843813824,155.6152377466776,0.0
2013-03-08,155.6152377466776,161.42487137843545,152.70019907643513,156.4477894130926,0.0
2013-03-11,156.4477894130926,159.83593637488806,153.58456766451687,157.0739943600722,0.0
2013-03-12,157.0739943600722,160.62368906478488,151.3641743667127,156.67959318068776,0.0
2013-03-13,156.67959318068776,160.02572425589548,152.379038324755,156.93388577614203,0.0
2013-03-14,156.93388577614203,163.3104363053438,155.40751073987872,157.9087823199837,0.0
2013-03-15,157.9087823199837,163.90701053918647,153.4150326775637,157.4173321827463,0.0
2013-03-18,157.4173321827463,162.69518549305104,149.90209113068866,156.01461825788942,0.0
2013-03-19,156.01461825788942,158.2931331384863,151.76280232718588,155.3873199664965,0.0
2013-03-20,155.3873199664965,161.7863877154902,153.78343958456986,156.60189581207348,0.0
2013-03-21,156.60189581207348,160.75158960252503,152.67193093002194,155.59511912745444,0.0
2013-03-22,155.59511912745444,158.9836460321593,151.5135837504299,156.1264295267678,0.0
2013-03-25,156.1264295267678,161.48455478497638,150.89410247548938,155.5132875852807,0.0
2013-03-26,155.5132875852807,159.85473427741465,153.8554344328217,156.6804650624488,0.0
2013-03-27,156.6804650624488,163.3914476948204,154.4113230856502,157.32131937962563,0.0
2013-03-28,157.32131937962563,165.88150309659187,154.89133517542226,158.70803266197873,0.0
2013-04-01,158.70803266197873,159.98127732147884,151.21541458880594,157.3193752921177,0.0
2013-04-02,157.3193752921177,161.7426294661319,151.3899266441953,157.45693807122086,0.0
2013-04-03,157.45693807122086,158.32872200231145,151.1558502253328,155.2478273359151,0.0
2013-04-04,155.2478273359151,160.6408713561896,152.80114286113357,156.27135206132513,0.0
2013-04-05,156.27135206132513,159.96767358884193,152.68845127595895,155.83411845981132,0.0
2013-04-08,155.83411845981132,159.68471997080047,154.0675667574028,156.80822722578645,0.0
2013-04-09,156.80822722578645,164.82399658893357,154.4614282787828,158.06813653498287,0.0
2013-04-10,158.06813653498287,164.16791716732325,153.46955033610203,159.656538119164,0.0
2013-04-11,159.656538119164,165.82065406721787,152.5911543905695,159.64689904864895,0.0
2013-04-12,159.64689904864895,165.02798662548696,150.22913694646456,158.7278843713546,0.0
2013-04-15,158.7278843713546,159.0468818972064,142.248783361264,153.768599752094,0.0
2013-04-16,153.768599752094,160.10091832809636,152.36002261616525,156.15968753553415,0.0
2013-04-17,156.15968753553415,159.93504277556525,145.17330332851188,153.83338778738505,0.0
2013-04-18,153.83338778738505,157.3375839640641,147.23059294196935,152.80101611537233,0.0
2013-04-19,152.80101611537233,159.7410130812559,150.77497782375465,154.65282364607523,0.0
2013-04-22,154.65282364607523,163.72945578366077,153.3640181788244,156.22631217804468,0.0
2013-04-23,156.22631217804468,163.1972153096877,151.68920555449344,157.62336019572882,0.0
2013-04-24,157.62336019572882,166.94094633834243,149.46582199231838,158.71407586872374,0.0
2013-04-25,158.71407586872374,171.191597294578,154.31480266574331,160.15539083324717,0.0
2013-04-26,160.15539083324717,161.5535290251794,153.66934699770994,159.06053131841148,0.0
2013-04-29,159.06053131841148,166.5224313639037,157.79974210392353,160.64742688135135,0.0
2013-04-30,160.64742688135135,165.3972857913007,153.2227757971338,160.79407652001817,0.0
2013-05-01,160.79407652001817,161.74083705835127,154.9470212059876,159.1915997452197,0.0
2013-05-02,159.1915997452197,165.66845275121906,156.1449307396928,160.7557441141576,0.0
2013-05-03,160.7557441141576,171.31966453684242,159.31821552773258,162.9563918281133,0.0
2013-05-06,162.9563918281133,171.47702664172934,158.749735196586,163.22012060860115,0.0
2013-05-07,163.22012060860115,166.70066597374324,157.39696497387658,163.87652363381713,0.0
2013-05-08,163.87652363381713,171.633394324881,158.57108055420616,164.3984216614591,0.0
2013-05-09,164.3984216614591,167.0117929616374,159.786733888069,163.440511200372,0.0
2013-05-10,163.440511200372,168.97618039091992,162.2050799252138,164.45930859290104,0.0
2013-05-13,164.45930859290104,171.8022094065531,160.04019386766086,164.77006896941757,0.0
2013-05-14,164.77006896941757,171.23055293256405,161.64774428421453,166.7279610777652,0.0
2013-05-15,166.7279610777652,170.88872674904104,161.90719013184145,167.54332199248492,0.0
2013-05-16,167.54332199248492,170.02983117681146,163.38153731853902,166.47234573068084,0.0
2013-05-17,166.47234573068084,171.78734792804678,162.2350655875871,167.91394445578172,0.0
2013-05-20,167.91394445578172,176.9592485106055,165.49126361990147,168.16974296574745,0.0
2013-05-21,168.16974296574745,173.56711870751434,160.9801848567115,167.89848836534196,0.0
2013-05-22,167.89848836534196,170.07287730608203,159.90477819513816,166.02580909085376,0.0
2013-05-23,166.02580909085376,167.4276598916903,158.97785062333978,165.14080028287088,0.0
2013-05-24,165.14080028287088,167.97338388773326,161.38765561782728,164.90014046181994,0.0
2013-05-28,164.90014046181994,170.72426519723624,160.7800750911759,166.40287816065035,0.0
2013-05-29,166.40287816065035,171.85440839840697,160.7284877091869,165.66800776282352,0.0
2013-05-30,165.66800776282352,177.43087359040857,161.6425615132908,167.1825184072083,0.0
2013-05-31,167.1825184072083,170.07473255704656,161.03044712267143,164.94188936852646,0.0
2013-06-03,164.94188936852646,169.58916278324085,157.9272190631882,165.31117661822125,0.0
2013-06-04,165.31117661822125,170.516135393318,159.00766641074108,163.6340011069145,0.0
2013-06-05,163.6340011069145,165.69791021585186,152.8537829895955,161.20599947849036,0.0
2013-06-06,161.20599947849036,167.3990716639156,158.7275693059435,162.82901516919202,0.0
2013-06-07,162.82901516919202,167.71230678707573,153.2562318230017,164.33147037336877,0.0
2013-06-10,164.33147037336877,166.6118375196212,161.15261307465354,163.74491495505245,0.0
2013-06-11,163.74491495505245,164.60855407151422,157.3626875934529,161.65407804310342,0.0
2013-06-12,161.65407804310342,164.90312993376097,149.7092341652811,160.36986711763026,0.0
2013-06-13,160.36986711763026,166.25136470942687,159.086893580095,162.78695539898715,0.0
2013-06-14,162.78695539898715,165.85076897921581,159.32335821374744,162.2895562644062,0.0
2013-06-17,162.2895562644062,173.14909488447148,149.76248267262673,163.1678219411606,0.0
2013-06-18,163.1678219411606,167.2966633197064,155.20840983362345,163.90526926688992,0.0
2013-06-19,163.90526926688992,163.24454054631443,157.41742738124051,160.95003873682558,0.0
2013-06-20,160.95003873682558,160.4359694811757,150.10231102362695,156.0985890943401,0.0
2013-06-21,156.0985890943401,161.18640793032347,149.21678816188535,156.307963225382,0.0
2013-06-24,156.307963225382,159.00991865179066,147.45563512679482,154.2246214441975,0.0
2013-06-25,154.2246214441975,161.97759881409473,153.2167584087727,155.961848832498,0.0
2013-06-26,155.961848832498,163.22936483119173,146.7089261525542,157.10409495096374,0.0
2013-06-27,157.10409495096374,162.35687468689846,154.89072117107722,158.6234121357524,0.0
2013-06-28,158.6234121357524,171.44607816975403,150.79058874572007,158.34404881787358,0.0
2013-07-01,158.34404881787358,165.76296828291714,156.63648286484144,159.88447298522814,0.0
2013-07-02,159.88447298522814,165.1565924082487,153.90349852362135,159.3912086845852,0.0
2013-07-03,159.3912086845852,160.86560984744162,153.19697166143638,158.98497877423387,0.0
2013-07-05,158.98497877423387,164.65133307551156,147.9651007011991,160.06827948517213,0.0
2013-07-08,160.06827948517213,163.3878765227514,155.31819338502305,160.5068398538442,0.0
2013-07-09,160.5068398538442,164.71410447782148,157.46988510278,161.8654751662965,0.0
2013-07-10,161.8654751662965,164.7461958347371,157.9456113331143,161.9257334108081,0.0
2013-07-11,161.9257334108081,171.11437426782857,162.10923347895726,165.10843398325298,0.0
2013-07-12,165.10843398325298,169.51331466167835,158.16174666712715,165.5036039072127,0.0
2013-07-15,165.5036039072127,169.42228110998738,161.4795812065558,165.83424017758205,0.0
2013-07-16,165.83424017758205,172.63289598480213,161.93230068912086,165.54694019743,0.0
2013-07-17,165.54694019743,171.4097102598875,162.0953687727679,166.00391293935968,0.0
2013-07-18,166.00391293935968,171.22417822445905,163.14434358386598,167.04175727216892,0.0
2013-07-19,167.04175727216892,176.11009331581445,147.99975943320922,167.608072836367,0.0
2013-07-22,167.608072836367,177.30588776196808,164.865176377883,168.6266609659359,0.0
2013-07-23,168.6266609659359,173.4858660574231,162.06123076614645,168.951191759765,0.0
2013-07-24,168.951191759765,173.68150350111932,160.6501353441693,167.56121514208502,0.0
2013-07-25,167.56121514208502,170.3035368856952,161.90330923709712,167.54259117087716,0.0
2013-07-26,167.54259117087716,173.7394801938708,163.03875166673959,167.76743684287823,0.0
2013-07-29,167.76743684287823,168.67326467939387,162.30371133088087,166.7750541685479,0.0
2013-07-30,166.7750541685479,170.62868359313404,163.8035163005811,166.99485397075654,0.0
2013-07-31,166.99485397075654,171.37200289916214,164.00415065431034,166.94903616382712,0.0
2013-08-01,166.94903616382712,178.09601410795534,161.11789412100694,168.85496169000157,0.0
2013-08-02,168.85496169000157,174.65216021781492,164.28982488834023,169.52469566268496,0.0
2013-08-05,169.52469566268496,170.84064343804542,165.58443624062875,168.8687311478937,0.0
2013-08-06,168.8687311478937,171.50335825408487,157.899340644596,167.24295714512633,0.0
2013-08-07,167.24295714512633,169.78504791979609,154.93984343337095,166.13645696091973,0.0
2013-08-08,166.13645696091973,180.56676481832704,163.59832076601379,167.86077191001866,0.0
2013-08-09,167.86077191001866,175.32124075649259,164.34707012745076,167.7663221594546,0.0
2013-08-12,167.7663221594546,175.66858772937718,163.45266442918407,167.5384849267338,0.0
2013-08-13,167.5384849267338,171.0691915761267,159.95698555020692,167.47481428175072,0.0
2013-08-14,167.47481428175072,180.09726654588707,162.1004393473581,167.58549468670387,0.0
2013-08-15,167.58549468670387,182.60036337371542,162.41975233849567,166.1438018709588,0.0
2013-08-16,166.1438018709588,169.04751709034986,161.35777056336502,165.52334573387435,0.0
2013-08-19,165.52334573387435,167.52358650444708,156.20915940182306,164.117209861921,0.0
2013-08-20,164.117209861921,175.5535367517427,161.26616056102196,165.43567065327719,0.0
2013-08-21,165.43567065327719,167.8312852402501,152.8807938868656,163.94484212024182,0.0
2013-08-22,163.94484212024182,170.02562334939523,160.7910398120724,165.88807608265915,0.0
2013-08-23,165.88807608265915,177.9750402194478,163.08723286905075,167.1120226156194,0.0
2013-08-26,167.1120226156194,169.29762451034696,163.41861690484726,166.48250200533715,0.0
2013-08-27,166.48250200533715,168.04303887589265,159.49867397329342,163.38226963924015,0.0
2013-08-28,163.38226963924015,171.53521981334742,154.99173351785896,163.2301825823843,0.0
2013-08-29,163.2301825823843,168.65304955727015,160.11645863016838,164.16063349429405,0.0
2013-08-30,164.16063349429405,165.29495982064668,160.87136456404986,163.40876629242223,0.0
2013-09-03,163.40876629242223,170.1362710167637,155.97217239081246,164.08657511563086,0.0
2013-09-04,164.08657511563086,170.59706885060822,160.58662543233348,165.27065451515668,0.0
2013-09-05,165.27065451515668,169.7638848914081,158.37135413044646,165.15763117334248,0.0
2013-09-06,165.15763117334248,171.77376492542615,161.30293770449447,165.50344447807964,0.0
2013-09-09,165.50344447807964,171.43461288334964,163.85077664905396,167.62922523232803,0.0
2013-09-10,167.62922523232803,171.49433963254174,161.11825069356337,168.53517109047903,0.0
2013-09-11,168.53517109047903,174.1213221763371,167.2423855956585,169.89588370011873,0.0
2013-09-12,169.89588370011873,174.67813964449547,161.08646836865844,168.86565632445678,0.0
2013-09-13,168.86565632445678,172.64824117769953,165.9632681533923,169.21792953762701,0.0
2013-09-16,169.21792953762701,175.14984219598637,167.8594709510577,170.46806515011716,0.0
2013-09-17,170.46806515011716,174.47207398643238,168.61077952609236,171.18501434607737,0.0
2013-09-18,171.18501434607737,186.43909221816656,170.31912223195056,174.43361860918208,0.0
2013-09-19,174.43361860918208,177.1655686386437,168.27447072294905,173.8676398198841,0.0
2013-09-20,173.8676398198841,176.18097376063216,163.5438677848638,171.55189809522315,0.0
2013-09-23,171.55189809522315,173.12433220811477,166.05798654792855,170.0900393883965,0.0
2013-09-24,170.0900393883965,172.06572355732183,157.0831019544036,169.2672477700998,0.0
2013-09-25,169.2672477700998,178.12657842785313,160.25014452302483,168.9426351248321,0.0
2013-09-26,168.9426351248321,171.89126199839683,166.77831619430418,169.57034495318234,0.0
2013-09-27,169.57034495318234,172.1575754665293,166.88441506674639,169.0063965293516,0.0
2013-09-30,169.0063965293516,170.9662516966328,166.20365118337935,168.17163348636504,0.0
2013-10-01,168.17163348636504,172.11408241627896,162.84515934693283,169.31358918972322,0.0
2013-10-02,169.31358918972322,173.0064189956187,166.09997285354993,169.4456698437458,0.0
2013-10-03,169.4456698437458,169.6248681659905,160.9193660530993,167.2094850913283,0.0
2013-10-04,167.2094850913283,172.46423409648986,163.9760690138902,168.4968750302709,0.0
2013-10-07,168.4968750302709,171.99195881282884,164.21870509848785,167.43196648521996,0.0
2013-10-08,167.43196648521996,168.69217548523653,159.58370610266743,165.16779866785816,0.0
2013-10-09,165.16779866785816,169.46633698269127,161.74685329454599,165.31740483499527,0.0
2013-10-10,165.31740483499527,176.09530046076375,164.0696984932571,169.25246573051967,0.0
2013-10-11,169.25246573051967,174.0842885665131,164.8763995159785,170.16388258751795,0.0
2013-10-14,170.16388258751795,175.6006554871658,169.27578022075699,171.35270059812046,0.0
2013-10-15,171.35270059812046,175.9803987692667,167.60705409591034,170.2227657047295,0.0
2013-10-16,170.2227657047295,181.28152371355904,168.78790097934632,172.6778663812397,0.0
2013-10-17,172.6778663812397,189.33528176046215,169.43917210888176,175.0449382788888,0.0
2013-10-18,175.0449382788888,181.0461330291787,173.1702487999325,175.52411698110123,0.0
2013-10-21,175.52411698110123,179.86064020467228,169.4691616334544,175.38111937741456,0.0
2013-10-22,175.38111937741456,191.26072036306243,170.80087283191486,177.6722910273413,0.0
2013-10-23,177.6722910273413,180.30902709218842,170.36810048761527,176.27504831688628,0.0
2013-10-24,176.27504831688628,193.6433089692425,158.0522662145799,177.48882549372826,0.0
2013-10-25,177.48882549372826,188.06868204726698,174.4874735862498,178.4795908561007,0.0
2013-10-28,178.4795908561007,184.04853935063338,175.14012176465974,178.9432537528599,0.0
2013-10-29,178.9432537528599,186.25624009865624,175.5525576303575,179.48186742185467,0.0
2013-10-30,179.48186742185467,187.66837417919626,175.41246073697042,178.76924487760817,0.0
2013-10-31,178.76924487760817,184.16498218409615,166.73351513334424,177.37544131826726,0.0
2013-11-01,177.37544131826726,180.93925253719294,169.0467563899645,177.50447197901704,0.0
2013-11-04,177.50447197901704,187.28902737845613,173.4276592016278,178.90489581720865,0.0
2013-11-05,178.90489581720865,182.38937002392362,173.45117701435865,178.2512751889962,0.0
2013-11-06,178.2512751889962,189.46055181416668,172.66329490955417,179.55770624694708,0.0
2013-11-07,179.55770624694708,179.9401617189177,163.5851312982329,176.1669500698431,0.0
2013-11-08,176.1669500698431,182.80514480083434,170.58861827096743,178.1210519805838,0.0
2013-11-11,178.1210519805838,181.23324509236662,176.69120016589284,178.12216639587945,0.0
2013-11-12,178.12216639587945,181.75006820068373,174.179362049262,177.38298635043648,0.0
2013-11-13,177.38298635043648,182.4393991435462,175.9335503570379,179.08875831336076,0.0
2013-11-14,179.08875831336076,188.3844187572719,178.43170094173104,180.4992371678617,0.0
2013-11-15,180.4992371678617,186.20488692445468,174.86213570896874,180.80004800513785,0.0
2013-11-18,180.80004800513785,182.79784347799261,174.69094763881176,179.43760545530574,0.0
2013-11-19,179.43760545530574,183.0793785944486,175.73290570172472,178.8931731830622,0.0
2013-11-20,178.8931731830622,182.7296360471607,171.4747526251767,178.1161896051113,0.0
2013-11-21,178.1161896051113,183.66112592220884,171.95482713834176,178.95888090906084,0.0
2013-11-22,178.95888090906084,202.4887540090133,175.97015520679932,180.27297427601655,0.0
2013-11-25,180.27297427601655,186.74872005071737,174.3189550705667,180.0695781519228,0.0
2013-11-26,180.0695781519228,189.10637964222772,174.35637524088406,180.13874299204394,0.0
2013-11-27,180.13874299204394,183.15871356135796,176.87458364774548,180.63814084177397,0.0
2013-11-29,180.63814084177397,186.82440352704765,177.73792046738512,180.38855093581532,0.0
2013-12-02,180.38855093581532,182.9215449337666,168.30953309871853,179.09358266933384,0.0
2013-12-03,179.09358266933384,180.7859468093902,173.20186139366396,177.69008771832168,0.0
2013-12-04,177.69008771832168,182.8613304680598,173.40803085206676,177.983639334849,0.0
2013-12-05,177.983639334849,179.75190357340688,167.91699974783165,176.57186488557537,0.0
2013-12-06,176.57186488557537,182.96260480304198,175.20186550022333,178.50697779351384,0.0
2013-12-09,178.50697779351384,183.00454113219237,175.6106107575309,179.16074009941516,0.0
2013-12-10,179.16074009941516,195.0992687007087,173.4897571931024,178.94737441320655,0.0
2013-12-11,178.94737441320655,180.62557354705245,165.81731958287372,176.08334732410714,0.0
2013-12-12,176.08334732410714,178.23990942413226,169.6150031539349,175.31529518049967,0.0
2013-12-13,175.31529518049967,180.36060484158003,171.70562087238142,175.77197908647318,0.0
2013-12-16,175.77197908647318,182.3015476428597,174.67388228801525,176.90450903352212,0.0
2013-12-17,176.90450903352212,182.07329803796947,173.58536614140291,176.85881387880923,0.0
2013-12-18,176.85881387880923,185.71683649897736,173.72984736055352,180.0854192421557,0.0
2013-12-19,180.0854192421557,184.6469612995378,172.424981896298,178.895851573382,0.0
2013-12-20,178.895851573382,184.17885813063754,177.014852150326,180.06593343133866,0.0
2013-12-23,180.06593343133866,187.0169853458233,178.30820820588352,181.1579189183365,0.0
2013-12-24,181.1579189183365,186.4742794590766,179.97974187253823,182.08536108866954,0.0
2013-12-26,182.08536108866954,185.44940916325783,181.20439313822922,182.84682750493232,0.0
2013-12-27,182.84682750493232,187.31431103967964,180.1366968594619,183.24903641399607,0.0
2013-12-30,183.24903641399607,187.8826242886802,178.12209287816674,183.30345016921407,0.0
2013-12-31,183.30345016921407,186.5496761147447,181.89341178601475,184.02408064022592,0.0
2014-01-02,184.02408064022592,191.4554150840613,175.9707896701359,183.33239415003507,0.0
2014-01-03,183.33239415003507,187.29578718190032,180.21484289120372,183.49701419045022,0.0
2014-01-06,183.49701419045022,186.69218554594076,176.7848040904209,182.8038253075781,0.0
2014-01-07,182.8038253075781,186.68435307111298,180.37658756901718,183.36053098263378,0.0
2014-01-08,183.36053098263378,194.41500262068885,179.149781938123,183.66863985054624,0.0
2014-01-09,183.66863985054624,187.7441977542158,178.64951082037607,183.97164748710756,0.0
2014-01-10,183.97164748710756,191.24005263133014,181.47986007025605,185.27129420363624,0.0
2014-01-13,185.27129420363624,197.16369841722917,175.59022733355482,183.24880393228386,0.0
2014-01-14,183.24880393228386,192.1634975468272,179.61290810731427,185.1125997676364,0.0
2014-01-15,185.1125997676364,190.44108787816867,183.85290559909492,186.46526018660185,0.0
2014-01-16,186.46526018660185,193.08310779269863,178.36099285108753,186.4079949653513,0.0
2014-01-17,186.4079949653513,197.04736644595843,179.70341100540472,186.02931858223408,0.0
2014-01-21,186.02931858223408,194.1713771902421,181.24871083384048,186.24460306533658,0.0
2014-01-22,186.24460306533658,190.99454211429978,180.05933377828873,186.15237918051824,0.0
2014-01-23,186.15237918051824,197.662561792464,178.83223780354538,184.68001329223995,0.0
2014-01-24,184.68001329223995,188.52111887144324,173.600965605499,180.749973459193,0.0
2014-01-27,180.749973459193,182.41552654849954,175.66463600140935,179.2729872454198,0.0
2014-01-28,179.2729872454198,185.6140317194317,178.68149082351357,181.5801321681109,0.0
2014-01-29,181.5801321681109,188.49992426079874,176.01552788663204,180.2584583161837,0.0
2014-01-30,180.2584583161837,187.8238181685744,174.67740750266339,181.45334887413046,0.0
2014-01-31,181.45334887413046,186.87736256887513,162.6304020758135,180.41368035325368,0.0
2014-02-03,180.41368035325368,183.00154403933524,170.97323971623652,175.95578975934927,0.0
2014-02-04,175.95578975934927,184.68007839569705,173.4675615803775,177.85806321169332,0.0
2014-02-05,177.85806321169332,180.5107161919915,169.46608020196663,177.16898733082377,0.0
2014-02-06,177.16898733082377,186.96983555361973,173.42831407642788,179.90315806088134,0.0
2014-02-07,179.90315806088134,188.78947072181225,149.1014251174818,182.01461808135718,0.0
2014-02-10,182.01461808135718,187.76599401624992,178.74857381936556,182.8168675085576,0.0
2014-02-11,182.8168675085576,192.1950304954734,178.0134011755183,185.2875693140001,0.0
2014-02-12,185.2875693140001,201.41974072829078,182.13202856851743,185.91848336966893,0.0
2014-02-13,185.91848336966893,194.34313297745865,185.10635768911385,187.4388680533278,0.0
2014-02-14,187.4388680533278,194.36030343830583,184.39633582579947,188.6509658656482,0.0
2014-02-18,188.6509658656482,194.69069757370738,184.02264990771536,189.33246631433542,0.0
2014-02-19,189.33246631433542,193.24760147966262,181.6195888918115,188.01782603956127,0.0
2014-02-20,188.01782603956127,197.03909668790962,185.75410255868567,189.59422316649318,0.0
2014-02-21,189.59422316649318,196.3834290315798,181.22288566421562,189.5075796694864,0.0
2014-02-24,189.5075796694864,195.6207559817606,187.4825244472649,190.8242506083959,0.0
2014-02-25,190.8242506083959,202.32952611433907,187.91834552826555,191.27263690570138,0.0
2014-02-26,191.27263690570138,204.74406249708653,183.18322842717987,191.43056903372272,0.0
2014-02-27,191.43056903372272,195.65738822187888,190.1151464092607,192.7968169921475,0.0
2014-02-28,192.7968169921475,198.77206124538986,187.90060093780906,193.2067301804776,0.0
2014-03-03,193.2067301804776,197.38299408894125,187.6532209432715,191.9149018267866,0.0
2014-03-04,191.9149018267866,198.53978192876923,187.21320975358483,194.93607145349867,0.0
2014-03-05,194.93607145349867,201.11523956415735,191.1453891193834,194.76982195601994,0.0
2014-03-06,194.76982195601994,202.65122562552003,187.83629700262858,195.89066854045595,0.0
2014-03-07,195.89066854045595,200.375294936806,186.3943127545275,194.6990528637772,0.0
2014-03-10,194.6990528637772,200.1772771648873,189.79984009472506,194.17623538510134,0.0
2014-03-11,194.17623538510134,196.1911102303833,189.71070190867974,193.2180007676472,0.0
2014-03-12,193.2180007676472,198.45512509595147,189.83287416277713,193.46757523331564,0.0
2014-03-13,193.46757523331564,197.10323844825453,187.83881264507002,191.51107076985673,0.0
2014-03-14,191.51107076985673,196.77240956935532,184.2443698521682,191.50781132363997,0.0
2014-03-17,191.50781132363997,199.0589272045948,188.4413015265538,193.24837770771367,0.0
2014-03-18,193.24837770771367,200.8666407606727,189.4989197247829,194.65063513075378,0.0
2014-03-19,194.65063513075378,198.71919273136226,183.48381194733517,192.59612632532216,0.0
2014-03-20,192.59612632532216,198.39818468459237,189.17571988251885,193.4245152375329,0.0
2014-03-21,193.4245152375329,202.25068209767736,177.53431617531288,192.97441523919724,0.0
2014-03-24,192.97441523919724,198.7941515045229,182.998529737034,191.56044044807146,0.0
2014-03-25,191.56044044807146,196.95018739554692,182.07815135729976,192.21171871577766,0.0
2014-03-26,192.21171871577766,196.05933945811063,183.88328114638736,190.48967311415578,0.0
2014-03-27,190.48967311415578,194.81758851335758,180.19808450976603,189.87323245395936,0.0
2014-03-28,189.87323245395936,197.98451087448683,180.28639088853902,191.13503336637493,0.0
2014-03-31,191.13503336637493,198.77081698985856,186.01631706523082,193.11949660716297,0.0
2014-04-01,193.11949660716297,200.69592567162627,191.55979931613194,194.57773388817935,0.0
2014-04-02,194.57773388817935,201.13266968012513,192.32724479830307,195.0336336566914,0.0
2014-04-03,195.0336336566914,197.6922522915858,190.09637545417655,194.41267164066062,0.0
2014-04-04,194.41267164066062,199.34147457167782,180.03039777784437,192.1165583960464,0.0
2014-04-07,192.1165583960464,196.06193130595682,183.34544306135967,190.64829002719276,0.0
2014-04-08,190.64829002719276,202.88472536746457,184.78867504031678,191.79340349501203,0.0
2014-04-09,191.79340349501203,201.69430767293574,186.4951754229467,193.4933587445131,0.0
2014-04-10,193.4933587445131,192.90648550103296,179.333936585637,189.2630768921503,0.0
2014-04-11,189.2630768921503,190.85279889230048,180.47009558707896,187.38065922931065,0.0
2014-04-14,187.38065922931065,195.543730725571,184.59757255630677,188.98782027885508,0.0
2014-04-15,188.98782027885508,194.18805176352586,184.51284082849182,190.26119047138815,0.0
2014-04-16,190.26119047138815,196.97407460373864,187.14919800750496,191.84492373355067,0.0
2014-04-17,191.84492373355067,195.94017890874045,187.8535790976148,192.23656815156954,0.0
2014-04-21,192.23656815156954,204.5678097054788,190.12171013643444,193.2673032874742,0.0
2014-04-22,193.2673032874742,198.59872623657236,187.5228518800772,194.18562758393512,0.0
2014-04-23,194.18562758393512,201.04574486084744,186.3067612260295,194.8275018252771,0.0
2014-04-24,194.8275018252771,199.5919182330007,186.79321108943464,194.18167006680324,0.0
2014-04-25,194.18167006680324,201.49490678764516,184.37865221935823,193.06834785650994,0.0
2014-04-28,193.06834785650994,197.7124277720765,180.07546993928202,192.7813586078743,0.0
2014-04-29,192.7813586078743,201.24238534686674,190.16197685899067,194.34188625604023,0.0
2014-04-30,194.34188625604023,200.0772951162882,191.85614817596436,194.88060369013942,0.0
2014-05-01,194.88060369013942,197.62629869241036,184.33528078536557,194.15211153272105,0.0
2014-05-02,194.15211153272105,198.68991313646143,185.3105794550451,194.7361983119847,0.0
2014-05-05,194.7361983119847,200.29495142349114,188.015691507921,194.71860282353876,0.0
2014-05-06,194.71860282353876,196.17703124049112,184.26461541380465,192.73606563512368,0.0
2014-05-07,192.73606563512368,197.90293904328652,186.99630947734815,193.5086404244969,0.0
2014-05-08,193.5086404244969,197.3243665186708,189.59302699034788,193.6851635036871,0.0
2014-05-09,193.6851635036871,196.72140871447573,188.56232103845917,193.78410525487502,0.0
2014-05-12,193.78410525487502,203.17417718209293,192.90987716070111,196.41999200615416,0.0
2014-05-13,196.41999200615416,200.1918844610631,190.42890082553714,195.88846282861297,0.0
2014-05-14,195.88846282861297,197.9564448687946,191.74860877698697,194.83837262485844,0.0
2014-05-15,194.83837262485844,195.73094842868394,187.5786133367317,192.77675418264695,0.0
2014-05-16,192.77675418264695,199.15678847892434,190.39580002213313,193.72140387481357,0.0
2014-05-19,193.72140387481357,197.3450170614354,188.47258651758523,194.3868755588115,0.0
2014-05-20,194.3868755588115,199.6571531756862,188.78428834305652,193.51141719932966,0.0
2014-05-21,193.51141719932966,197.2308487664582,191.40755232379166,194.5605175560432,0.0
2014-05-22,194.5605175560432,197.41280089775506,190.44489276481428,194.75071331378086,0.0
2014-05-23,194.75071331378086,198.35366337056848,190.14630285290343,195.3877802499139,0.0
2014-05-27,195.3877802499139,202.02461831814077,182.87927232980513,195.7408670535191,0.0
2014-05-28,195.7408670535191,197.4434482128853,191.65004125827437,194.8010245729014,0.0
2014-05-29,194.8010245729014,201.7651934561848,193.61998604042995,195.99340822125654,0.0
2014-05-30,195.99340822125654,200.30631551332309,190.9297556250181,196.55600968744105,0.0
2014-06-02,196.55600968744105,199.82684371078005,193.89407595652898,196.77156319628125,0.0
2014-06-03,196.77156319628125,199.18440354866718,194.35953065784543,196.76818160391844,0.0
2014-06-04,196.76818160391844,199.30937350105603,192.52317307402976,196.85690456533945,0.0
2014-06-05,196.85690456533945,202.8570679955191,196.0087867083827,198.77045893400873,0.0
2014-06-06,198.77045893400873,204.6483998619823,197.16851230862585,199.88050710549516,0.0
2014-06-09,199.88050710549516,203.60574899553092,191.68046940101803,199.82929378416668,0.0
2014-06-10,199.82929378416668,203.38304043681882,197.0391628261449,199.5865532637696,0.0
2014-06-11,199.5865532637696,202.79840616557286,194.70151443299687,198.84737201693528,0.0
2014-06-12,198.84737201693528,201.348627766003,192.58561116933652,197.33461443577465,0.0
2014-06-13,197.33461443577465,200.49542089444066,193.49502713199487,197.39891031322367,0.0
2014-06-16,197.39891031322367,199.60120461308023,194.60762100150095,197.10598207941763,0.0
2014-06-17,197.10598207941763,201.34668928134315,193.9415527223891,197.38719834775918,0.0
2014-06-18,197.38719834775918,201.67693597050766,196.2022122912885,198.59511327302215,0.0
2014-06-19,198.59511327302215,208.1908719225051,196.300505035735,199.92354311796106,0.0
2014-06-20,199.92354311796106,206.18238410935433,187.87006763787824,200.40106357653576,0.0
2014-06-23,200.40106357653576,207.18455971627947,194.21940703149235,200.4443197988236,0.0
2014-06-24,200.4443197988236,201.4051305268236,194.1493057928484,198.74928168967287,0.0
2014-06-25,198.74928168967287,202.4816947982246,195.46290475153396,199.0128465356724,0.0
2014-06-26,199.0128465356724,201.5178751935128,193.63949229118123,198.7156575603767,0.0
2014-06-27,198.7156575603767,204.48565673404897,194.94772526160043,199.40842479862212,0.0
2014-06-30,199.40842479862212,206.28829139317057,196.8126738460057,199.8701247215725,0.0
2014-07-01,199.8701247215725,205.84765105066285,197.0418499010956,201.34111171815317,0.0
2014-07-02,201.34111171815317,206.69558589946092,199.26044146704982,201.89959414421185,0.0
2014-07-03,201.89959414421185,206.2133460779155,199.45722836871855,202.89080143372948,0.0
2014-07-07,202.89080143372948,204.91163050441347,197.6638604008269,201.9914990667809,0.0
2014-07-08,201.9914990667809,210.48260209185182,196.9739649090653,201.08187764116838,0.0
2014-07-09,201.08187764116838,207.9369725075984,198.20658241611383,201.99137472839416,0.0
2014-07-10,201.99137472839416,204.068197298423,194.36452958008863,200.71525528543023,0.0
2014-07-11,200.71525528543023,208.82954820704765,198.9357062524621,201.35817752484257,0.0
2014-07-14,201.35817752484257,207.44177909170898,195.27282528011244,201.93263619687863,0.0
2014-07-15,201.93263619687863,205.5609178578322,194.52612776026083,200.99455662993756,0.0
2014-07-16,200.99455662993756,208.71237105008058,195.67334829467873,201.44612337601177,0.0
2014-07-17,201.44612337601177,205.6173758089141,195.1349799830696,199.78250822586682,0.0
2014-07-18,199.78250822586682,209.4580639299638,199.0041402409714,201.9796916413627,0.0
2014-07-21,201.9796916413627,205.1905640353043,198.9662902945678,201.6837418744719,0.0
2014-07-22,201.6837418744719,208.18874861245777,196.2671007204281,202.523117910903,0.0
2014-07-23,202.523117910903,225.1516541625688,197.29579872486983,203.11602088693706,0.0
2014-07-24,203.11602088693706,216.5528062898143,187.76183093536577,202.6343769013939,0.0
2014-07-25,202.6343769013939,209.12233510187943,195.40743092769105,201.9520440585072,0.0
2014-07-28,201.9520440585072,205.88663739651525,198.91945728445373,201.79320507870906,0.0
2014-07-29,201.79320507870906,205.16893483812842,196.75809631188037,200.9672214901505,0.0
2014-07-30,200.9672214901505,206.47271253234277,196.67957380211755,201.0735564757264,0.0
2014-07-31,201.0735564757264,215.24295015806445,193.41595139265917,197.58786547299388,0.0
2014-08-01,197.58786547299388,202.4999105634297,194.0895673057672,197.20150107623968,0.0
2014-08-04,197.20150107623968,201.4974791659595,195.2404280715453,198.4180173728848,0.0
2014-08-05,198.4180173728848,200.91050785133564,189.69024630971697,196.80517948843226,0.0
2014-08-06,196.80517948843226,201.6883742721994,192.23075552948072,197.4149303625292,0.0
2014-08-07,197.4149303625292,199.6781241096356,189.76175002566245,196.0757027580443,0.0
2014-08-08,196.0757027580443,199.62208710413952,194.9161731749763,197.8896956437169,0.0
2014-08-11,197.8896956437169,202.69578364367158,195.62409123840132,198.86142830732103,0.0
2014-08-12,198.86142830732103,202.83412703145513,196.21436520562597,199.0103718506434,0.0
2014-08-13,199.0103718506434,204.93856321539363,196.3663590657666,200.2863847821462,0.0
2014-08-14,200.2863847821462,205.3584567788291,193.95006262737905,201.3586899633041,0.0
2014-08-15,201.3586899633041,207.89940275186046,198.95338963344875,201.32172917865455,0.0
2014-08-18,201.32172917865455,205.6412076856088,199.2420146379262,203.1505671643802,0.0
2014-08-19,203.1505671643802,208.52409113876092,199.55276791530588,203.77824027722517,0.0
2014-08-20,203.77824027722517,207.6527588296885,197.02826429235037,203.8341606034357,0.0
2014-08-21,203.8341606034357,212.239674299138,201.0014761407664,204.83221347873223,0.0
2014-08-22,204.83221347873223,209.3108451792751,200.55764939499707,204.37686650969647,0.0
2014-08-25,204.37686650969647,211.23794455642968,201.20161797151638,205.17392048876422,0.0
2014-08-26,205.17392048876422,209.92049989942623,202.6695206414963,205.73691562491487,0.0
2014-08-27,205.73691562491487,208.27921946240133,201.81723410462837,205.56912227940165,0.0
2014-08-28,205.56912227940165,210.0230508294189,202.2586722048023,205.39287139469806,0.0
2014-08-29,205.39287139469806,210.17798272421544,200.81313167682902,206.18186469352239,0.0
2014-09-02,206.18186469352239,209.632272851431,198.3809885215031,206.10993563940588,0.0
2014-09-03,206.10993563940588,212.1746257370953,204.2893981061263,206.36489845998454,0.0
2014-09-04,206.36489845998454,211.11763019529567,199.3439728045635,205.6693230411427,0.0
2014-09-05,205.6693230411427,210.29047901222765,200.2601825020349,206.23736897561494,0.0
2014-09-08,206.23736897561494,210.48567012801018,200.8373183109088,205.54302778827002,0.0
2014-09-09,205.54302778827002,207.78021088082073,196.9227814769643,204.1931944872044,0.0
2014-09-10,204.1931944872044,208.68617098711925,172.29208607790582,203.7204786453049,0.0
2014-09-11,203.7204786453049,206.33550099982378,200.27559330411898,204.103158797601,0.0
2014-09-12,204.103158797601,209.7164442621798,194.96787502023034,202.84930830376865,0.0
2014-09-15,202.84930830376865,208.0662653934249,189.81319014977552,202.07251484447082,0.0
2014-09-16,202.07251484447082,209.6159704367193,199.0017170579608,203.64519333062412,0.0
2014-09-17,203.64519333062412,205.9236951689129,198.27825905319472,203.42648374248188,0.0
2014-09-18,203.42648374248188,209.98407242988708,199.69645621047766,204.56123193819923,0.0
2014-09-19,204.56123193819923,208.24226205191903,201.11744885376686,204.13732970333535,0.0
2014-09-22,204.13732970333535,205.77086686458497,198.520556966495,202.47114898016872,0.0
2014-09-23,202.47114898016872,207.52104057319963,198.27233905512108,201.3506626611501,0.0
2014-09-24,201.3506626611501,209.87158099924636,197.0633443155555,203.08064067240582,0.0
2014-09-25,203.08064067240582,204.366963841751,195.51569953029306,200.2544732154116,0.0
2014-09-26,200.2544732154116,207.2379049462057,198.03117749130107,201.69433456753106,0.0
2014-09-29,201.69433456753106,204.4856591961972,196.84201241000903,200.9196672514763,0.0
2014-09-30,200.9196672514763,202.89702055802942,195.2019756750814,199.8608365151409,0.0
2014-10-01,199.8608365151409,201.3203927348517,192.7928738035127,197.17313562822667,0.0
2014-10-02,197.17313562822667,201.77910989988354,193.9221048045861,197.1476823170296,0.0
2014-10-03,197.1476823170296,202.25779839802246,183.99349586139851,198.72510343222442,0.0
2014-10-06,198.72510343222442,214.4048943401092,195.30336809947602,199.33273821348402,0.0
2014-10-07,199.33273821348402,204.14939061309295,188.03663294904143,195.7050166806042,0.0
2014-10-08,195.7050166806042,205.1915903363826,193.14722229503477,199.55902532611398,0.0
2014-10-09,199.55902532611398,202.35098051019207,188.96388910544343,194.7366958181062,0.0
2014-10-10,194.7366958181062,198.38158094038226,170.52324226817953,191.14371067651055,0.0
2014-10-13,191.14371067651055,195.74961744996412,176.95492016341024,188.53462973430086,0.0
2014-10-14,188.53462973430086,197.9088945303223,180.61704555898766,189.6174146464063,0.0
2014-10-15,189.6174146464063,196.42057994229828,177.42902643465064,187.93522658844526,0.0
2014-10-16,187.93522658844526,196.35233680029387,182.2759407617001,188.7239091432679,0.0
2014-10-17,188.7239091432679,196.45378038657685,180.95823660598262,190.57056183154674,0.0
2014-10-20,190.57056183154674,196.02781141877213,189.0678336503054,192.55064568103944,0.0
2014-10-21,192.55064568103944,203.70069963377793,189.347534755339,196.58280100332473,0.0
2014-10-22,196.58280100332473,202.28173152452246,185.93460167289396,195.14307949110488,0.0
2014-10-23,195.14307949110488,226.0221560299841,190.04634524172917,198.1321374159859,0.0
2014-10-24,198.1321374159859,204.65768648308563,195.67085473899417,199.80290118578944,0.0
2014-10-27,199.80290118578944,203.19581198245072,187.65992660246758,199.02777949834473,0.0
2014-10-28,199.02777949834473,207.0404053808479,190.74869384938387,200.6575006054061,0.0
2014-10-29,200.6575006054061,205.02787521537692,191.1067452165748,200.29870558487954,0.0
2014-10-30,200.29870558487954,206.63037033649283,179.33873501274374,200.12696396166464,0.0
2014-10-31,200.12696396166464,210.2868055335118,184.6720994237531,202.03639012742744,0.0
2014-11-03,202.03639012742744,247.23194974641106,197.00322059204314,203.18391149194167,0.0
2014-11-04,203.18391149194167,206.21448805306989,182.1026029176442,201.70823739121877,0.0
2014-11-05,201.70823739121877,212.39150559408185,192.73614348367258,202.19099402291434,0.0
2014-11-06,202.19099402291434,209.72554681880612,196.79324301856866,203.54998473785605,0.0
2014-11-07,203.54998473785605,221.35778428924377,199.12499041584837,204.50312449567306,0.0
2014-11-10,204.50312449567306,209.042676320642,184.30275266375455,204.42702905738113,0.0
2014-11-11,204.42702905738113,212.0497160719408,201.74189595266523,204.8714867561364,0.0
2014-11-12,204.8714867561364,207.98889152279722,200.854370508913,204.4806030107528,0.0
2014-11-13,204.4806030107528,207.95984958450768,196.75250826390257,204.04774815467403,0.0
2014-11-14,204.04774815467403,223.70372599958498,195.99440238736062,204.62373163213044,0.0
2014-11-17,204.62373163213044,207.39397011169194,182.89078426438726,204.03747524311444,0.0
2014-11-18,204.03747524311444,216.92185831767836,201.17777441527195,205.69707667308842,0.0
2014-11-19,205.69707667308842,220.90110455318492,187.0702138042463,204.44509500110314,0.0
2014-11-20,204.44509500110314,210.0219749782266,200.75097479113964,205.11810107535453,0.0
2014-11-21,205.11810107535453,212.44116546793686,202.08560603162425,207.14637626429462,0.0
2014-11-24,207.14637626429462,210.91854151263382,200.23453933448732,207.37744425176584,0.0
2014-11-25,207.37744425176584,216.2712224707537,200.64220659237162,207.83887888246454,0.0
2014-11-26,207.83887888246454,217.9122537409759,203.0442985484907,208.15716010743043,0.0
2014-11-28,208.15716010743043,218.2388552141901,182.93891874884758,206.38829525882437,0.0
2014-12-01,206.38829525882437,225.19471547960674,197.57958707536287,205.91542164250805,0.0
2014-12-02,205.91542164250805,219.15397699808014,195.1125666265355,206.72698059163838,0.0
2014-12-03,206.72698059163838,218.7362569980539,204.076886957539,208.7817622631437,0.0
2014-12-04,208.7817622631437,212.5528932930669,202.12824107073288,208.48942995106765,0.0
2014-12-05,208.48942995106765,214.18320280864663,201.62659733836765,208.85892290212144,0.0
2014-12-08,208.85892290212144,212.29077967450166,198.91782731706056,207.49468672543992,0.0
2014-12-09,207.49468672543992,217.60843941045542,205.25428148494638,208.20885086369037,0.0
2014-12-10,208.20885086369037,209.27230128490766,193.9918859113744,204.38200051129698,0.0
2014-12-11,204.38200051129698,210.03795467409418,196.02248629887438,205.02116465979037,0.0
2014-12-12,205.02116465979037,206.31478918538124,194.31516966215585,201.8495499358812,0.0
2014-12-15,201.8495499358812,204.0799098899936,183.90195226233456,199.4587311211623,0.0
2014-12-16,199.4587311211623,207.19586022254498,193.00527414023293,198.38793444717385,0.0
2014-12-17,198.38793444717385,215.27201170806242,198.1311357919105,202.97313250614872,0.0
2014-12-18,202.97313250614872,215.90770492988946,201.67053567049462,207.99945437542598,0.0
2014-12-19,207.99945437542598,215.31255431772695,204.44457419419584,208.63866359478877,0.0
2014-12-22,208.63866359478877,212.67807633375847,178.72324502102774,207.48487406936178,0.0
2014-12-23,207.48487406936178,213.95361878384207,197.7493589201952,207.63863079638244,0.0
2014-12-24,207.63863079638244,213.75314716771513,205.53661476035546,208.18402979588492,0.0
2014-12-26,208.18402979588492,216.86867375333264,206.3936600658993,209.19008215607627,0.0
2014-12-29,209.19008215607627,217.0188912458874,201.05228731118,209.45258885298617,0.0
2014-12-30,209.45258885298617,218.17973570547719,205.10419810214117,209.00577475931388,0.0
2014-12-31,209.00577475931388,212.56569467435918,203.67277703701595,207.08564596111657,0.0
2015-01-02,207.08564596111657,211.9067067975778,205.0157018778101,207.58339151466063,0.0
2015-01-05,207.58339151466063,216.80405107550504,194.1579945197193,204.97359150777152,0.0
2015-01-06,204.97359150777152,217.71464256212303,195.2104031549905,204.1460074985721,0.0
2015-01-07,204.1460074985721,215.48643361842844,200.3732145668418,207.2252200769894,0.0
2015-01-08,207.2252200769894,217.01075535137042,201.7494727363264,210.47681516490556,0.0
2015-01-09,210.47681516490556,223.01311909721608,203.01258827773708,209.74867205942428,0.0
2015-01-12,209.74867205942428,222.78037112937093,202.20618039357953,209.49983214797845,0.0
2015-01-13,209.49983214797845,222.03167260570876,193.69322810894923,208.31367953099593,0.0
2015-01-14,208.31367953099593,212.70665325342992,185.54183527811534,206.39356898776177,0.0
2015-01-15,206.39356898776177,224.67239714635824,195.5849024876055,205.25441784324516,0.0
2015-01-16,205.25441784324516,215.44440378778518,203.2742593217133,208.22690146627883,0.0
2015-01-20,208.22690146627883,220.18437712262465,202.7230026075091,209.18690637736984,0.0
2015-01-21,209.18690637736984,215.8432293952626,206.19046115520575,210.26201549915643,0.0
2015-01-22,210.26201549915643,219.54030769172954,205.5085627434253,213.2266202118112,0.0
2015-01-23,213.2266202118112,216.38214469570858,203.20396472426003,211.5925229688683,0.0
2015-01-26,211.5925229688683,220.5321958198741,208.66512982130243,213.10581920082927,0.0
2015-01-27,213.10581920082927,227.15671621243052,193.38639893428416,210.88362872992025,0.0
2015-01-28,210.88362872992025,213.85642097435826,199.86913814279603,207.66292773740895,0.0
2015-01-29,207.66292773740895,216.58209106558184,199.19673695004903,209.24469957798425,0.0
2015-01-30,209.24469957798425,230.51569158965415,201.22564964964332,207.79376842533054,0.0
2015-02-02,207.79376842533054,222.082734188637,203.94381639009958,210.21657071831044,0.0
2015-02-03,210.21657071831044,228.6481981840328,206.1144660662284,213.8033287473961,0.0
2015-02-04,213.8033287473961,230.11693914013023,196.34880919358523,212.2943819056464,0.0
2015-02-05,212.2943819056464,227.38366135034596,201.85558238856734,214.68309994456632,0.0
2015-02-06,214.68309994456632,225.70937168435185,202.61852306776308,213.71983887995012,0.0
2015-02-09,213.71983887995012,221.2028864749247,208.3693374484484,213.0364731001464,0.0
2015-02-10,213.0364731001464,217.53188503750152,204.3009972571986,213.82383005911225,0.0
2015-02-11,213.82383005911225,218.7807215144208,207.6996201141555,214.141543705973,0.0
2015-02-12,214.141543705973,224.15781655745693,189.00094707606138,215.8767792916671,0.0
2015-02-13,215.8767792916671,224.96868520077754,211.5466539975281,217.02534125055647,0.0
2015-02-17,217.02534125055647,224.0848323239739,208.0486420065665,217.77496489220266,0.0
2015-02-18,217.77496489220266,229.41701129375642,213.45346603740882,219.2553563766888,0.0
2015-02-19,219.2553563766888,222.72245652960413,203.7007276938172,217.8462007851608,0.0
2015-02-20,217.8462007851608,234.4121125870195,213.5128959119716,219.66558379719484,0.0
2015-02-23,219.66558379719484,223.7330132606048,212.54295128369705,219.48180135240366,0.0
2015-02-24,219.48180135240366,226.1974314414264,211.60188989071133,219.8577498203982,0.0
2015-02-25,219.8577498203982,225.01369073604977,214.99451155197116,220.35330491659738,0.0
2015-02-26,220.35330491659738,223.8150511980635,214.3400233996598,219.31095052663662,0.0
2015-02-27,219.31095052663662,224.71326765307288,216.166215892077,219.13206785144678,0.0
2015-03-02,219.13206785144678,256.97039016688905,211.9378805260968,221.15964262121207,0.0
2015-03-03,221.15964262121207,223.39432177123382,214.39925562289824,219.7946569302168,0.0
2015-03-04,219.7946569302168,222.95047776151685,214.50139373752566,218.65397112754317,0.0
2015-03-05,218.65397112754317,224.7152158776528,211.5296274656389,219.13671108635927,0.0
2015-03-06,219.13671108635927,222.14978749221984,201.81373440925475,214.70420950108044,0.0
2015-03-09,214.70420950108044,220.91346255930608,205.04698478517093,215.13508169587996,0.0
2015-03-10,215.13508169587996,216.6614751164517,206.58222057037355,211.9084326500767,0.0
2015-03-11,211.9084326500767,220.41313828063005,208.00481287523374,212.13411005741506,0.0
2015-03-12,212.13411005741506,220.95845059696697,205.76780933887912,214.7858573672988,0.0
2015-03-13,214.7858573672988,228.0547048091114,205.0551872464082,213.84413401540962,0.0
2015-03-16,213.84413401540962,223.9507037957378,205.1823075959909,215.67639622206363,0.0
2015-03-17,215.67639622206363,218.13354055677536,209.07531842131957,214.71574591928436,0.0
2015-03-18,214.71574591928436,231.92209430581735,213.0978207975317,218.30695539295974,0.0
2015-03-19,218.30695539295974,221.54201916789654,206.69104419771708,216.98851863647715,0.0
2015-03-20,216.98851863647715,238.16948907683303,216.67399803462436,221.24706871844242,0.0
2015-03-23,221.24706871844242,232.30346744837675,214.81629612993504,220.7298773028448,0.0
2015-03-24,220.7298773028448,223.26174809341038,215.48448127200763,219.1211653595525,0.0
2015-03-25,219.1211653595525,223.9126595339808,208.918008127188,216.06540786183066,0.0
2015-03-26,216.06540786183066,220.7058778714746,210.348314383277,215.53393244864614,0.0
2015-03-27,215.53393244864614,228.63484196442727,207.79677359458907,216.27896863840007,0.0
2015-03-30,216.27896863840007,224.7967989152475,207.94368001479862,218.53621364219813,0.0
2015-03-31,218.53621364219813,220.0323579562702,212.9800221469778,216.37194143104793,0.0
2015-04-01,216.37194143104793,226.43805648133886,210.7382295879744,216.1405091225414,0.0
2015-04-02,216.1405091225414,219.96487588937566,210.7705540959676,216.79081411012166,0.0
2015-04-06,216.79081411012166,231.5197010446975,210.5849108085599,218.2430302350221,0.0
2015-04-07,218.2430302350221,222.58412958170433,211.77379668727215,217.53928685368118,0.0
2015-04-08,217.53928685368118,222.43829591235678,213.81123638349655,218.10419672661467,0.0
2015-04-09,218.10419672661467,227.08095524746673,212.64161619434313,218.6058942063993,0.0
2015-04-10,218.6058942063993,235.13909662178816,213.0185577667218,219.41336826523207,0.0
2015-04-13,219.41336826523207,222.71610719043804,215.5241374326223,218.54577500514242,0.0
2015-04-14,218.54577500514242,230.40485734775908,213.73249531742476,219.45252979581485,0.0
2015-04-15,219.45252979581485,239.37116331774354,216.5461604025698,221.87716064086422,0.0
2015-04-16,221.87716064086422,241.27329263670137,216.0949159790849,222.43703904569045,0.0
2015-04-17,222.43703904569045,226.39348930591981,216.8322073425299,220.44046310485763,0.0
2015-04-20,220.44046310485763,227.27299019579164,215.91169563886686,221.81588499217088,0.0
2015-04-21,221.81588499217088,231.8202508182765,215.45067722192167,221.91394126431274,0.0
2015-04-22,221.91394126431274,229.43006901978077,213.06819864073813,222.38501881604208,0.0
2015-04-23,222.38501881604208,229.02630614376466,213.48444918133612,222.32835832971256,0.0
2015-04-24,222.32835832971256,245.56654491599892,207.56605740036002,222.53159007367645,0.0
2015-04-27,222.53159007367645,233.21997697991517,211.41566779857203,222.03449389886686,0.0
2015-04-28,222.03449389886686,232.19153013355617,213.71255143143435,223.07768855243708,0.0
2015-04-29,223.07768855243708,228.4956675400206,215.8524764372443,221.97451572900562,0.0
2015-04-30,221.97451572900562,225.65943121111493,215.6907238646035,219.72418554089944,0.0
2015-05-01,219.72418554089944,230.85668293753028,219.51365315742788,222.67346492134737,0.0
2015-05-04,222.67346492134737,227.29367636881162,218.97484041731175,223.24552708930088,0.0
2015-05-05,223.24552708930088,223.6348072136574,216.67132725687412,220.65119220219023,0.0
2015-05-06,220.65119220219023,223.47564337490158,214.31394122475635,219.64843440620768,0.0
2015-05-07,219.64843440620768,225.95549968988743,213.5662624866044,220.99922200538157,0.0
2015-05-08,220.99922200538157,230.38155904280103,219.7766019003979,224.67149323634712,0.0
2015-05-11,224.67149323634712,227.4324428916925,220.37526276210062,223.64475198906754,0.0
2015-05-12,223.64475198906754,226.1052083664086,219.5632651163814,222.9912695070781,0.0
2015-05-13,222.9912695070781,228.5137285815096,219.2983890766558,223.06462634995071,0.0
2015-05-14,223.06462634995071,230.8624123967441,215.93751540275682,225.8276433848075,0.0
2015-05-15,225.8276433848075,229.89587361475327,217.8899345942057,226.13346263663945,0.0
2015-05-18,226.13346263663945,230.3670654490628,219.1998783582788,226.48966844236313,0.0
2015-05-19,226.48966844236313,230.05645476007192,216.11921991122975,225.6542647458124,0.0
2015-05-20,225.6542647458124,230.742927855388,220.01144847106508,225.49651620679745,0.0
2015-05-21,225.49651620679745,234.0665987415521,220.11595013211146,226.01615542783114,0.0
2015-05-22,226.01615542783114,227.0119350583164,219.8360220000983,224.84276619449145,0.0
2015-05-26,224.84276619449145,238.88506882104966,215.0949154110826,222.5960156169388,0.0
2015-05-27,222.5960156169388,230.33559726000735,218.422310563629,224.79900283440946,0.0
2015-05-28,224.79900283440946,229.09455639616732,207.8571953766556,224.12655318575406,0.0
2015-05-29,224.12655318575406,227.08007446166727,213.09682965246415,222.10233706862783,0.0
2015-06-01,222.10233706862783,226.00477932286233,217.23372200536346,222.4662855091165,0.0
2015-06-02,222.4662855091165,235.2278926182523,219.22557306402916,222.8938869981752,0.0
2015-06-03,222.8938869981752,227.82194129529816,213.5435855291624,222.55104391936294,0.0
2015-06-04,222.55104391936294,226.09436825566772,213.8520426533031,220.46007639844098,0.0
2015-06-05,220.46007639844098,225.84679914518236,213.0789451604835,219.8521397701206,0.0
2015-06-08,219.8521397701206,221.64974098530857,213.3786236629197,218.605652005736,0.0
2015-06-09,218.605652005736,233.14597666402688,206.70785978702554,218.6266639314594,0.0
2015-06-10,218.6266639314594,226.086128436188,212.26756718805535,221.47350370784048,0.0
2015-06-11,221.47350370784048,226.75965401150285,210.9271064743286,221.70656063143812,0.0
2015-06-12,221.70656063143812,224.06872496689232,217.2222336735684,220.61068002441075,0.0
2015-06-15,220.61068002441075,225.107260352075,216.35452209446808,219.596918004887,0.0
2015-06-16,219.596918004887,222.59372323025283,212.93694773798623,220.45714758075604,0.0
2015-06-17,220.45714758075604,227.38511328807078,215.05913219225044,221.31730419605216,0.0
2015-06-18,221.31730419605216,231.19107601591338,215.84612975262243,224.045485974211,0.0
2015-06-19,224.045485974211,229.3460268320341,216.2260495305335,222.88140881414068,0.0
2015-06-22,222.88140881414068,230.6667108053061,215.90886707126947,223.96679525810148,0.0
2015-06-23,223.96679525810148,232.1635156159095,220.77309771694735,224.11767452650116,0.0
2015-06-24,224.11767452650116,229.13267598635645,219.63956867745569,222.7980037179683,0.0
2015-06-25,222.7980037179683,224.78636883388953,213.91218906538205,221.56647493448966,0.0
2015-06-26,221.56647493448966,227.950636204522,217.0112418086155,222.01107122873606,0.0
2015-06-29,222.01107122873606,222.4984584024786,214.18258330672288,217.43533975738677,0.0
2015-06-30,217.43533975738677,221.67747802090693,208.9085315268171,217.60720792390944,0.0
2015-07-01,217.60720792390944,223.8621506467998,205.45042618926905,218.3142044776227,0.0
2015-07-02,218.3142044776227,227.6151557968156,215.90543806688325,218.5656363461876,0.0
2015-07-06,218.5656363461876,222.49173596179463,210.26436020018303,217.89139045582021,0.0
2015-07-07,217.89139045582021,225.79960430124078,204.6498780791524,218.39678272721605,0.0
2015-07-08,218.39678272721605,219.46886360595525,208.82051304116933,214.60082518805262,0.0
2015-07-09,214.60082518805262,218.7631599478671,210.57589326154243,215.36218727757208,0.0
2015-07-10,215.36218727757208,225.36996094876685,209.39683574227217,217.5767367279239,0.0
2015-07-13,217.5767367279239,225.85880994467135,215.39466262013684,219.67079490185083,0.0
2015-07-14,219.67079490185083,226.7059850829637,216.25366029023115,221.06890975901425,0.0
2015-07-15,221.06890975901425,228.16683575362973,212.02457267850474,220.2537676097691,0.0
2015-07-16,220.2537676097691,228.56294529117716,215.64164934678908,221.9616720295188,0.0
2015-07-17,221.9616720295188,223.8164871418398,208.59388038264316,220.70387860828586,0.0
2015-07-20,220.70387860828586,225.22186546166998,193.7158800463342,219.39554564589275,0.0
2015-07-21,219.39554564589275,229.16273774838686,214.31627767965685,219.92777638950028,0.0
2015-07-22,219.92777638950028,232.51693177126376,210.38951153868288,219.98544925051985,0.0
2015-07-23,219.98544925051985,226.61331417270696,199.24313466233318,217.72452162918432,0.0
2015-07-24,217.72452162918432,225.36986450832012,169.6504091145436,213.83162911446746,0.0
2015-07-27,213.83162911446746,220.53101256521992,197.8247513176761,210.9595612871256,0.0
2015-07-28,210.9595612871256,231.1992425435166,208.4387615606302,214.68649366779226,0.0
2015-07-29,214.68649366779226,221.70275718517604,210.26432869591017,217.0137853568378,0.0
2015-07-30,217.0137853568378,231.36317623293314,203.5971772049241,216.27212223964293,0.0
2015-07-31,216.27212223964293,222.150004009997,212.54569219003582,216.23764334861937,0.0
2015-08-03,216.23764334861937,220.03628858106532,206.1159103016801,214.99217093437082,0.0
2015-08-04,214.99217093437082,218.96884337468427,209.08904534861202,214.67765470946807,0.0
2015-08-05,214.67765470946807,228.0890173787771,194.98990030662853,215.05318431207291,0.0
2015-08-06,215.05318431207291,220.73239942272042,202.99287058346698,213.15546312343682,0.0
2015-08-07,213.15546312343682,216.01505607440433,200.22542695510535,211.9109639115476,0.0
2015-08-10,211.9109639115476,234.45039131240173,210.7964122910747,216.3257763839793,0.0
2015-08-11,216.3257763839793,265.3781836835103,189.77249099588332,215.7809124947049,0.0
2015-08-12,215.7809124947049,235.05908840527266,210.2900494743431,216.4166787079325,0.0
2015-08-13,216.4166787079325,220.43540599113453,196.17629717492423,215.11664918252413,0.0
2015-08-14,215.11664918252413,218.12332786704928,210.4536851076704,215.72398146245231,0.0
2015-08-17,215.72398146245231,232.29159623634942,211.20358609728373,217.53883363428463,0.0
2015-08-18,217.53883363428463,221.17461909267027,209.842490512492,216.5918428289229,0.0
2015-08-19,216.5918428289229,239.69491547362205,207.56052171938796,215.56753222924695,0.0
2015-08-20,215.56753222924695,239.23094205609894,202.5464319211652,211.68182748613359,0.0
2015-08-21,211.68182748613359,209.82126344808648,198.38455804167185,205.67181771545222,0.0
2015-08-24,205.67181771545222,209.97241025324797,186.34982579327865,197.43956604069004,0.0
2015-08-25,197.43956604069004,201.37537762160608,183.1668545977075,195.30704619179417,0.0
2015-08-26,195.30704619179417,206.7447259155372,182.11748418649674,200.7952454379517,0.0
2015-08-27,200.7952454379517,258.34638315894483,202.45547233931788,207.71693792979238,0.0
2015-08-28,207.71693792979238,221.63750650632494,203.59208119632174,208.62442979394245,0.0
2015-08-31,208.62442979394245,213.729942350337,202.34745400619062,206.87689475525053,0.0
2015-09-01,206.87689475525053,204.47654298581477,189.96122115568323,200.17686631937076,0.0
2015-09-02,200.17686631937076,208.1907787778465,193.9550248255496,203.38710714609033,0.0
2015-09-03,203.38710714609033,209.40810174785355,198.78381266209377,203.84841502757857,0.0
2015-09-04,203.84841502757857,204.2741866508985,195.39667498004815,200.5302503932774,0.0
2015-09-08,200.5302503932774,215.37471256460003,202.3340310142442,206.36118073460386,0.0
2015-09-09,206.36118073460386,212.90912970472596,198.68880977333748,203.62064894648472,0.0
2015-09-10,203.62064894648472,213.86805343512373,199.0610982227128,204.81626307206415,0.0
2015-09-11,204.81626307206415,213.76709691461824,198.3653522650514,206.0583809103369,0.0
2015-09-14,206.0583809103369,210.37016057697525,201.61747147234865,205.16878586242703,0.0
2015-09-15,205.16878586242703,211.6622241021213,200.41088856538707,207.66655649927114,0.0
2015-09-16,207.66655649927114,220.28003855992134,207.1413595950069,210.57071380763696,0.0
2015-09-17,210.57071380763696,218.51680038912764,202.12762257386566,210.66602110642015,0.0
2015-09-18,210.66602110642015,217.04986670975254,190.21138871319127,206.8978586767549,0.0
2015-09-21,206.8978586767549,211.32636821801944,195.38489788823392,206.79937926316296,0.0
2015-09-22,206.79937926316296,208.30530446842576,193.86668501674876,203.58974970985386,0.0
2015-09-23,203.58974970985386,210.58186111753943,192.24719470114232,202.9425653029759,0.0
2015-09-24,202.9425653029759,218.9953183248869,191.8833585421259,202.38257220920593,0.0
2015-09-25,202.38257220920593,208.23194728945757,194.65442216888243,202.25895898784967,0.0
2015-09-28,202.25895898784967,203.08138641566856,183.89054294501682,195.94360833814088,0.0
2015-09-29,195.94360833814088,205.24324434202828,187.38986818772722,197.03208205772788,0.0
2015-09-30,197.03208205772788,209.57645579284934,195.9445115916243,201.3013075763109,0.0
2015-10-01,201.3013075763109,206.08981287867758,195.89395624332602,201.43608483993117,0.0
2015-10-02,201.43608483993117,217.8462391169098,195.69302878362862,204.60425154102765,0.0
2015-10-05,204.60425154102765,216.13280748068811,201.9264492819347,208.24613752674077,0.0
2015-10-06,208.24613752674077,220.94113353890575,198.0388822100572,207.77411847631262,0.0
2015-10-07,207.77411847631262,228.4987874234161,200.88652149218964,210.57349746287267,0.0
2015-10-08,210.57349746287267,221.22592451672244,207.46045929456847,212.70844923961087,0.0
2015-10-09,212.70844923961087,224.21252205816236,204.56126188888445,212.82468058238223,0.0
2015-10-12,212.82468058238223,218.3854418777014,203.56540596409698,212.42793441090012,0.0
2015-10-13,212.42793441090012,213.36424634207148,205.5013691855109,210.53363920699923,0.0
2015-10-14,210.53363920699923,226.74610609333402,203.1744693777827,210.53269034378778,0.0
2015-10-15,210.53269034378778,220.32795876262668,200.1680045516949,213.2361367628305,0.0
2015-10-16,213.2361367628305,217.47251550896243,204.05048120688963,213.32254797750699,0.0
2015-10-19,213.32254797750699,217.7285789012878,200.53231147352355,212.80650277379482,0.0
2015-10-20,212.80650277379482,223.71373974259782,207.18664661554376,213.2876918188035,0.0
2015-10-21,213.2876918188035,221.7370321563353,201.30787645480606,213.00868456556498,0.0
2015-10-22,213.00868456556498,228.4735495725851,203.73823460609194,216.99167775315144,0.0
2015-10-23,216.99167775315144,238.85802393305238,204.27102837130232,218.52858086597732,0.0
2015-10-26,218.52858086597732,224.23252338749413,207.88534092587975,217.49982821326714,0.0
2015-10-27,217.49982821326714,230.1965576497612,204.74524799842956,216.7722902662153,0.0
2015-10-28,216.7722902662153,228.40407937043318,202.77735884554332,218.87628369098687,0.0
2015-10-29,218.87628369098687,227.86393993438045,175.73657439490455,216.8517554838066,0.0
2015-10-30,216.8517554838066,232.74428395064558,210.95414029462052,216.82865579054146,0.0
2015-11-02,216.82865579054146,227.20530521509855,212.06861795726329,218.7581407700109,0.0
2015-11-03,218.7581407700109,231.7058606793469,209.1762056629375,219.3873105789978,0.0
2015-11-04,219.3873105789978,225.94069130938604,203.5498656653159,218.31986807882186,0.0
2015-11-05,218.31986807882186,225.32682517443482,200.978273032331,217.74453697884132,0.0
2015-11-06,217.74453697884132,225.79523839423234,203.07482456336484,217.02157651115428,0.0
2015-11-09,217.02157651115428,220.98090612124432,203.9443897434062,214.5797277485971,0.0
2015-11-10,214.5797277485971,225.1879101449136,201.0790207575503,214.73630471361616,0.0
2015-11-11,214.73630471361616,219.57803388173673,203.37693365890325,214.216028926508,0.0
2015-11-12,214.216028926508,214.53977264863343,193.7417258231902,210.20245420589387,0.0
2015-11-13,210.20245420589387,215.06519968239957,199.50159410665674,208.53981813340482,0.0
2015-11-16,208.53981813340482,215.88690322593197,205.34458674069992,211.1986126163976,0.0
2015-11-17,211.1986126163976,212.95110618353334,199.99515316992506,209.46610707953312,0.0
2015-11-18,209.46610707953312,218.95329253223176,200.4737806565421,213.17660443346233,0.0
2015-11-19,213.17660443346233,223.41936996596425,204.4258311260676,213.53813122674404,0.0
2015-11-20,213.53813122674404,217.29495506740227,198.21287060787103,212.95580772717298,0.0
2015-11-23,212.95580772717298,222.2189991657298,205.31240433288627,213.0322147661938,0.0
2015-11-24,213.0322147661938,225.99418104056053,208.88676582353872,213.9006438909188,0.0
2015-11-25,213.9006438909188,218.40265236447203,206.67636130162208,214.20062153767785,0.0
2015-11-27,214.20062153767785,224.03840902761206,204.10908554232688,214.33465411814046,0.0
2015-11-30,214.33465411814046,226.9063629696423,207.93049224048272,214.225083325004,0.0
2015-12-01,214.225083325004,220.58486610891103,211.97391398995268,216.34910898519277,0.0
2015-12-02,216.34910898519277,223.40512111691572,203.3629294552426,213.99358825763937,0.0
2015-12-03,213.99358825763937,224.54341024653692,204.36291342098326,210.80396713515634,0.0
2015-12-04,210.80396713515634,230.2749433118668,210.1938670258697,216.05063326086898,0.0
2015-12-07,216.05063326086898,218.2244726647491,198.98672736881278,213.8417276284779,0.0
2015-12-08,213.8417276284779,219.02773800723824,199.34903441793475,212.26009008249292,0.0
2015-12-09,212.26009008249292,224.14009381313608,203.2053399507532,211.1165587313736,0.0
2015-12-10,211.1165587313736,230.2799134335277,206.7121775241372,212.64452010064332,0.0
2015-12-11,212.64452010064332,215.0005011283217,199.35426811364658,208.63720510656157,0.0
2015-12-14,208.63720510656157,214.55545714881495,187.02422777771673,208.3707989746329,0.0
2015-12-15,208.3707989746329,219.28699699867607,195.81276721959685,210.223685782631,0.0
2015-12-16,210.223685782631,218.5341360425897,203.19742928671695,213.76992471868107,0.0
2015-12-17,213.76992471868107,216.71401415997494,194.19945039469744,209.3100586180058,0.0
2015-12-18,209.3100586180058,220.6680231927306,201.29345775441408,206.86907829057182,0.0
2015-12-21,206.86907829057182,215.9955889493718,204.57614881203014,208.32447156747466,0.0
2015-12-22,208.32447156747466,215.90608493588428,204.80350893429724,210.23597311151235,0.0
2015-12-23,210.23597311151235,243.9654206457252,207.91187339790346,213.8443057068195,0.0
2015-12-24,213.8443057068195,218.62569317182792,212.03461555882578,214.32879239767763,0.0
2015-12-28,214.32879239767763,217.1430590391293,193.9434747038468,212.46635187139407,0.0
2015-12-29,212.46635187139407,220.23814138765493,212.1295949014959,215.13015295581388,0.0
2015-12-30,215.13015295581388,215.53979557836135,208.9571025027352,213.43509251404868,0.0
2015-12-31,213.43509251404868,216.07755864552567,207.74715522469245,211.38853668077044,0.0
2016-01-04,211.38853668077044,222.10680216968436,202.06881526055017,208.4744485188219,0.0
2016-01-05,208.4744485188219,213.56689158631843,201.7386355238202,208.901007107693,0.0
2016-01-06,208.901007107693,219.11894763814487,192.08935312822982,206.69545605000064,0.0
2016-01-07,206.69545605000064,210.9793337889306,187.93538804615724,201.61879985232937,0.0
2016-01-08,201.61879985232937,203.90466989345168,192.53207215755728,199.22260150066398,0.0
2016-01-11,199.22260150066398,206.45662952513575,158.7152852536272,198.8085295516841,0.0
2016-01-12,198.8085295516841,203.64336805589872,189.58309722407637,199.2106883167717,0.0
2016-01-13,199.2106883167717,204.71501028086138,181.27683358082962,193.95332859896587,0.0
2016-01-14,193.95332859896587,217.80851231114352,183.095910060359,196.22198746021132,0.0
2016-01-15,196.22198746021132,203.22996317232477,180.78960069777747,192.01167674555072,0.0
2016-01-19,192.01167674555072,196.653485551338,174.796840459462,190.3865334952647,0.0
2016-01-20,190.3865334952647,202.92546339857162,182.01434048253475,189.11571806514448,0.0
2016-01-21,189.11571806514448,201.196842878749,182.93096159773862,190.24792095990003,0.0
2016-01-22,190.24792095990003,198.9262442595767,173.1123970190712,193.5507016167887,0.0
2016-01-25,193.5507016167887,205.0384306814357,184.98652553134727,191.32763703770365,0.0
2016-01-26,191.32763703770365,261.30697958936275,189.10589485088406,196.94768859465924,0.0
2016-01-27,196.94768859465924,219.52463226341936,187.16679024700662,197.28759813019303,0.0
2016-01-28,197.28759813019303,206.7243116180866,178.9579069106024,195.88552965050144,0.0
2016-01-29,195.88552965050144,208.42804016791266,185.74770927680075,201.48112421765254,0.0
2016-02-01,201.48112421765254,207.61319202709967,196.24680937105063,201.66342889956616,0.0
2016-02-02,201.66342889956616,203.69241658862157,185.07087156495942,197.11314597701067,0.0
2016-02-03,197.11314597701067,219.7698503295032,190.16162437764015,199.64851243719812,0.0
2016-02-04,199.64851243719812,235.46172125376143,192.68825627863754,202.87480724090838,0.0
2016-02-05,202.87480724090838,225.3464722244758,187.96026897191797,200.53490071475392,0.0
2016-02-08,200.53490071475392,206.94284075540287,181.53092172151986,196.66756889510035,0.0
2016-02-09,196.66756889510035,203.46223133331642,163.9185317480699,195.4096329077338,0.0
2016-02-10,195.4096329077338,202.16736385469696,187.68433021397652,195.9962960756107,0.0
2016-02-11,195.9962960756107,207.6432512057686,160.30572027458646,192.63224324559542,0.0
2016-02-12,192.63224324559542,217.84382905553903,189.31509539606034,197.58264888472092,0.0
2016-02-16,197.58264888472092,227.5951895300055,177.14884829508546,200.8088316505133,0.0
2016-02-17,200.8088316505133,225.71289451307499,194.0330155151735,204.36622263577271,0.0
2016-02-18,204.36622263577271,215.06201040275468,196.37746565531845,204.40578860955475,0.0
2016-02-19,204.40578860955475,212.1785296487715,197.25286120231206,204.10364935318105,0.0
2016-02-22,204.10364935318105,233.89335027802358,202.40888927009823,208.17149460363004,0.0
2016-02-23,208.17149460363004,220.1037363157069,190.05823038177883,205.44694582321176,0.0
2016-02-24,205.44694582321176,213.63817448451596,203.19985664733505,206.510708119712,0.0
2016-02-25,206.510708119712,216.45064105963564,200.96187934693202,209.10518023342672,0.0
2016-02-26,209.10518023342672,218.20949732891106,201.15820239691863,209.12711829267917,0.0
2016-02-29,209.12711829267917,224.101719028234,201.78759346364936,208.40762780147705,0.0
2016-03-01,208.40762780147705,221.3895324302787,195.12202137233695,212.92447325365598,0.0
2016-03-02,212.92447325365598,246.12533053332857,209.44532891499577,215.2896212764043,0.0
2016-03-03,215.2896212764043,225.8242112624168,210.43415687947208,216.65234057314424,0.0
2016-03-04,216.65234057314424,231.63489929600323,209.57834971507475,217.52144701287563,0.0
2016-03-07,217.52144701287563,225.60272551120056,213.3408112179485,218.0065799460516,0.0
2016-03-08,218.0065799460516,221.3663268839354,191.47436221613947,214.67574618219746,0.0
2016-03-09,214.67574618219746,226.82246539483464,210.05818398471123,215.99440476184756,0.0
2016-03-10,215.99440476184756,226.6171646145789,212.0491027474436,216.96835958089702,0.0
2016-03-11,216.96835958089702,227.0905872382168,211.6532681259225,220.0254819902304,0.0
2016-03-14,220.0254819902304,229.70200963071994,206.79455691991407,219.4619183345632,0.0
2016-03-15,219.4619183345632,235.77806489311465,204.0533830693162,218.77346972079667,0.0
2016-03-16,218.77346972079667,241.19353361071603,214.58183430574945,221.43335044265618,0.0
2016-03-17,221.43335044265618,236.16667658366248,211.2378859208099,222.99076310662537,0.0
2016-03-18,222.99076310662537,229.48080292121656,218.21763915600283,224.4524896010648,0.0
2016-03-21,224.4524896010648,230.41992628515396,219.51124859568395,223.9714929089902,0.0
2016-03-22,223.9714929089902,227.91171779564337,219.3373131848427,223.5424656670149,0.0
2016-03-23,223.5424656670149,225.87408272421425,198.32015156608307,220.19495954659462,0.0
2016-03-24,220.19495954659462,232.34551828352272,216.95061777930096,221.45369349193498,0.0
2016-03-28,221.45369349193498,224.87783162805795,218.71668190786139,222.34436643477196,0.0
2016-03-29,222.34436643477196,237.6783827228621,219.07938503800813,224.87078868193268,0.0
2016-03-30,224.87078868193268,237.23779146316278,221.45741965000428,225.54912135158332,0.0
2016-03-31,225.54912135158332,230.9975238574698,221.9877690164169,225.51672845604904,0.0
2016-04-01,225.51672845604904,231.06507582977477,215.70225555434538,226.09787138905716,0.0
2016-04-04,226.09787138905716,229.10915512279178,215.35291938991972,224.66894759074268,0.0
2016-04-05,224.66894759074268,233.21154826266232,218.1868928302884,223.67175786061404,0.0
2016-04-06,223.67175786061404,236.9359284564371,223.291031260953,226.65990087096515,0.0
2016-04-07,226.65990087096515,231.88174986237465,208.73479978955135,224.02502191697096,0.0
2016-04-08,224.02502191697096,236.17544583299141,222.12995820274685,225.59081902562136,0.0
2016-04-11,225.59081902562136,241.2396113460351,220.89293215026024,226.7146889685507,0.0
2016-04-12,226.7146889685507,242.27815825094834,223.2166856659329,229.14052337978026,0.0
2016-04-13,229.14052337978026,241.99206974204412,220.53745474924608,231.40082679249008,0.0
2016-04-14,231.40082679249008,237.2739274184201,221.98068584538186,231.19567001095018,0.0
2016-04-15,231.19567001095018,236.75792071781092,226.75977871959654,231.82816907100658,0.0
2016-04-18,231.82816907100658,238.62385959242386,226.82264992832287,233.27835286237251,0.0
2016-04-19,233.27835286237251,254.23531536283474,229.8400776048547,235.21721831965158,0.0
2016-04-20,235.21721831965158,243.0306816061629,227.8293775436996,234.8536832553529,0.0
2016-04-21,234.8536832553529,248.27391683741354,218.89277008399623,234.62392932504326,0.0
2016-04-22,234.62392932504326,239.7367884954601,217.79897270531438,234.67296964855257,0.0
2016-04-25,234.67296964855257,238.42793339281567,228.23812078219672,234.58992293961452,0.0
2016-04-26,234.58992293961452,244.0196731601977,229.46702201996624,235.25639286440034,0.0
2016-04-27,235.25639286440034,259.23284383226684,220.83436175951968,236.82010175810495,0.0
2016-04-28,236.82010175810495,252.4669028683537,218.39534640831602,235.22926988991472,0.0
2016-04-29,235.22926988991472,260.12720967103246,213.91312279376103,235.18085392824224,0.0
2016-05-02,235.18085392824224,239.39373791875445,227.62150032778112,236.18379631618433,0.0
2016-05-03,236.18379631618433,239.73785938435068,209.3407322397992,233.31694649173266,0.0
2016-05-04,233.31694649173266,239.73474243085286,223.1097750909892,231.8538984225515,0.0
2016-05-05,231.8538984225515,244.31078165761997,221.83308044264155,231.71926779505833,0.0
2016-05-06,231.71926779505833,241.98140280382867,228.52936216261557,233.40898678098543,0.0
2016-05-09,233.40898678098543,243.13712224049098,201.1851321212934,232.18308197409084,0.0
2016-05-10,232.18308197409084,244.1840207787337,223.9253876184562,235.2411698506747,0.0
2016-05-11,235.2411698506747,251.48713436418709,222.45781665430772,234.15373805079446,0.0
2016-05-12,234.15373805079446,237.73965623740446,219.39429201873395,233.38389622622677,0.0
2016-05-13,233.38389622622677,239.42758410286777,220.26526199773144,230.98271779108052,0.0
2016-05-16,230.98271779108052,253.99955115083023,230.61506167785302,234.28423456559432,0.0
2016-05-17,234.28423456559432,244.2583780914924,228.96571377701682,232.79207251878938,0.0
2016-05-18,232.79207251878938,244.35187519435505,213.17364644632102,231.15234810886176,0.0
2016-05-19,231.15234810886176,240.8018322240799,224.24092548941056,230.46670743856973,0.0
2016-05-20,230.46670743856973,238.02933878096587,227.69891378853995,232.3221762699912,0.0
2016-05-23,232.3221762699912,238.6125073319732,229.61444378081893,232.61175812624205,0.0
2016-05-24,232.61175812624205,240.6791109554906,218.24106822255663,234.95278191374686,0.0
2016-05-25,234.95278191374686,246.37266024545661,230.99651361931254,237.04018279742618,0.0
2016-05-26,237.04018279742618,239.11596876703572,227.29684053335262,235.87847832645332,0.0
2016-05-27,235.87847832645332,240.8845277241058,202.52782836629464,235.57066383182894,0.0
2016-05-31,235.57066383182894,241.6312677422276,231.40215111471358,235.75296478623335,0.0
2016-06-01,235.75296478623335,241.01921970551658,225.53983987680874,236.1092871600946,0.0
2016-06-02,236.1092871600946,241.15562619227967,233.28381048550597,236.6504858468126,0.0
2016-06-03,236.6504858468126,269.9480461749463,228.41361564442158,237.86691828478882,0.0
2016-06-06,237.86691828478882,249.42843819455626,233.1906940988562,239.11737105724455,0.0
2016-06-07,239.11737105724455,245.45623004234645,208.60895444186218,238.17604240478065,0.0
2016-06-08,238.17604240478065,250.37862306928335,233.42779757303595,239.2816409792949,0.0
2016-06-09,239.2816409792949,246.17522577236969,225.23054662821028,238.3601970242284,0.0
2016-06-10,238.3601970242284,239.55227911291294,226.55149356811555,235.62958854886037,0.0
2016-06-13,235.62958854886037,236.72455468925094,224.92896846752672,233.27115605887144,0.0
2016-06-14,233.27115605887144,236.77261222457793,226.78538065438846,232.43281412407032,0.0
2016-06-15,232.43281412407032,250.4173803514529,228.7615697552097,233.35381247893073,0.0
2016-06-16,233.35381247893073,239.2273284217099,220.1346760360842,233.37688568399685,0.0
2016-06-17,233.37688568399685,241.17050786297847,229.54171908518813,233.66774084893015,0.0
2016-06-20,233.66774084893015,243.80971094265377,231.04387187362593,235.33507970022302,0.0
2016-06-21,235.33507970022302,240.59925140570707,230.9830814740842,235.7398087983912,0.0
2016-06-22,235.7398087983912,242.05037175401003,229.2756131092569,236.11149965934294,0.0
2016-06-23,236.11149965934294,245.95866329754935,233.93004942593575,239.2454552896884,0.0
2016-06-24,239.2454552896884,254.25508723953726,215.05655736605084,230.7689739162213,0.0
2016-06-27,230.7689739162213,240.1263889084278,213.99746044925658,225.39817986188632,0.0
2016-06-28,225.39817986188632,237.85853805252106,222.03984643441692,229.3361950674351,0.0
2016-06-29,229.3361950674351,242.9600711109754,229.06608900288109,234.01769191789126,0.0
2016-06-30,234.01769191789126,273.40617286834976,224.20655811289052,238.18126204737894,0.0
2016-07-01,238.18126204737894,251.1058589726133,233.21534321894245,239.5329047153191,0.0
2016-07-05,239.5329047153191,245.82742445814563,221.5942001732446,236.8727765368646,0.0
2016-07-06,236.8727765368646,250.79918937077804,233.7866359349345,238.76562453418325,0.0
2016-07-07,238.76562453418325,242.30451300035944,231.82496271625124,238.3778453167431,0.0
2016-07-08,238.3778453167431,250.21862026096554,237.62639839465294,242.63177213897126,0.0
2016-07-11,242.63177213897126,252.380352861705,239.66824585434205,244.38004118872715,0.0
2016-07-12,244.38004118872715,270.60106547530256,234.04443229550313,246.64679346816288,0.0
2016-07-13,246.64679346816288,257.29682290504974,236.87294874753718,246.77003782094525,0.0
2016-07-14,246.77003782094525,253.1486255101935,243.40556790410045,247.78512106480898,0.0
2016-07-15,247.78512106480898,255.06570662351044,242.43569887639742,248.11131500455605,0.0
2016-07-18,248.11131500455605,256.2847528698842,240.95605658455653,248.73542226550666,0.0
2016-07-19,248.73542226550666,253.79405807770092,235.67393913986555,247.89405481733863,0.0
2016-07-20,247.89405481733863,261.0616008351311,233.91991690980439,248.3878843922178,0.0
2016-07-21,248.3878843922178,267.3570366966575,239.34640403962487,249.05279833085925,0.0
2016-07-22,249.05279833085925,254.74219158049277,245.18252310723545,250.658020241655,0.0
2016-07-25,250.658020241655,256.4502829228763,240.7745767801871,250.00585619381238,0.0
2016-07-26,250.00585619381238,261.76921639639903,228.83095074138626,249.8451793393382,0.0
2016-07-27,249.8451793393382,259.4131315469145,239.3062422500229,249.70538861512122,0.0
2016-07-28,249.70538861512122,266.50728202465854,240.88116092663864,251.28426014829185,0.0
2016-07-29,251.28426014829185,259.11666682311744,245.71155671944038,252.260453178239,0.0
2016-08-01,252.260453178239,262.61432455746655,241.494247697851,251.88750888990268,0.0
2016-08-02,251.88750888990268,275.48814090404835,244.06831018866214,251.18003531772368,0.0
2016-08-03,251.18003531772368,257.4017471084036,244.50696801306717,251.51013461089997,0.0
2016-08-04,251.51013461089997,261.3166393295362,234.51748830127045,250.71873059070109,0.0
2016-08-05,250.71873059070109,261.470363521178,239.87088993894886,252.968285425111,0.0
2016-08-08,252.968285425111,258.64020817145325,247.30285067006255,252.81318464640879,0.0
2016-08-09,252.81318464640879,256.1673930544577,244.75681311235934,252.5811529990509,0.0
2016-08-10,252.5811529990509,258.6422406874463,246.26253379078943,252.59947352604195,0.0
2016-08-11,252.59947352604195,257.19560727248074,246.5881754156619,253.2332364137675,0.0
2016-08-12,253.2332364137675,259.3922196317902,247.16905096374938,252.88192482331505,0.0
2016-08-15,252.88192482331505,260.3699688370214,239.6088044640131,253.64875076587404,0.0
2016-08-16,253.64875076587404,259.16637143306036,244.38800177596855,252.20568687437273,0.0
2016-08-17,252.20568687437273,256.8202405140017,236.00008975728795,252.27867602695412,0.0
2016-08-18,252.27867602695412,259.8861554375309,248.31738271072416,252.77054817083967,0.0
2016-08-19,252.77054817083967,255.53716095841497,244.97534694743507,252.49753331913482,0.0
2016-08-22,252.49753331913482,255.0642634922828,242.95816125887194,251.91391126758234,0.0
2016-08-23,251.91391126758234,256.63957195908387,247.2941823621845,252.55938936491106,0.0
2016-08-24,252.55938936491106,254.9764844088848,233.24426852633684,249.72955664930257,0.0
2016-08-25,249.72955664930257,254.42999600058405,246.5265273601676,249.96304883552466,0.0
2016-08-26,249.96304883552466,254.14789826702136,244.65822873095968,249.49183253566298,0.0
2016-08-29,249.49183253566298,255.61502563388152,244.487715262448,250.82049841737194,0.0
2016-08-30,250.82049841737194,256.36252737231007,223.82255108440103,248.73191230913716,0.0
2016-08-31,248.73191230913716,254.22225906585172,240.5106025826531,247.82369596228455,0.0
2016-09-01,247.82369596228455,255.98698451601732,244.17796566564007,248.20043669124158,0.0
2016-09-02,248.20043669124158,255.06165954911194,236.4274699121582,249.4847267218046,0.0
2016-09-06,249.4847267218046,260.0262723232281,244.61255705383792,250.21369605015136,0.0
2016-09-07,250.21369605015136,255.3118815581398,246.73815566955633,249.9318601725447,0.0
2016-09-08,249.9318601725447,253.08675649383835,207.59333645999814,247.55520299407462,0.0
2016-09-09,247.55520299407462,245.9157588939443,232.9931508206158,240.34537494213134,0.0
2016-09-12,240.34537494213134,259.3015491821035,240.1562935316304,244.05887470813,0.0
2016-09-13,244.05887470813,246.27165786258803,223.57378122021217,239.51337100716822,0.0
2016-09-14,239.51337100716822,242.66285422647184,231.25436316836334,239.14763373933187,0.0
2016-09-15,239.14763373933187,248.85663735085512,236.25719212286236,241.15245966326455,0.0
2016-09-16,241.15245966326455,245.55082814442022,231.84684918008256,239.3738766868705,0.0
2016-09-19,239.3738766868705,243.4079893689763,235.23655057153044,239.93110171035298,0.0
2016-09-20,239.93110171035298,248.4057323595665,236.9444424585222,240.24976447128387,0.0
2016-09-21,240.24976447128387,265.212790838372,238.32527023980347,244.1064747126044,0.0
2016-09-22,244.1064747126044,254.296730487345,240.908911853531,246.06369680407713,0.0
2016-09-23,246.06369680407713,251.24605248504207,229.99220767983587,244.2053992357971,0.0
2016-09-26,244.2053992357971,246.46614783787228,237.43933361158528,242.04147176309232,0.0
2016-09-27,242.04147176309232,251.8335376929051,235.1324901415526,242.777958244177,0.0
2016-09-28,242.777958244177,259.422846372243,239.70588580339162,244.76470408704705,0.0
2016-09-29,244.76470408704705,286.0746328630793,238.90255078897093,243.619186495232,0.0
2016-09-30,243.619186495232,258.54758710015125,239.88977863344698,246.24697760303454,0.0
2016-10-03,246.24697760303454,248.05743470553367,238.78868985717224,244.9477211407276,0.0
2016-10-04,244.9477211407276,250.0646964677356,220.19585225662667,242.37172252374197,0.0
2016-10-05,242.37172252374197,248.90338172878316,235.63603229832142,243.118356551237,0.0
2016-10-06,243.118356551237,249.43489296341298,233.8271933626465,243.1154808000274,0.0
2016-10-07,243.1154808000274,245.35436483046382,235.36441506905823,241.782582148404,0.0
2016-10-10,241.782582148404,248.6013556872151,240.56733318948116,243.23679855656545,0.0
2016-10-11,243.23679855656545,244.1822025362157,230.15241302437673,239.38784771898995,0.0
2016-10-12,239.38784771898995,245.48346815722616,234.2357660758568,239.86010435952795,0.0
2016-10-13,239.86010435952795,246.17693955962415,230.0748317152952,239.39688568986256,0.0
2016-10-14,239.39688568986256,251.92291163898383,234.83360898162738,239.20073049080227,0.0
2016-10-17,239.20073049080227,244.79110526353898,233.08375505630943,238.68558997931913,0.0
2016-10-18,238.68558997931913,252.44222789711392,232.48129271674577,240.76659876849,0.0
2016-10-19,240.76659876849,250.99678813046245,233.98268367820808,241.56124099013084,0.0
2016-10-20,241.56124099013084,252.4354032987758,233.02761186543964,241.7772333011133,0.0
2016-10-21,241.7772333011133,251.95515143635916,234.50761037337298,241.63176763919898,0.0
2016-10-24,241.63176763919898,247.05901526272643,234.11744817769392,242.27402563574162,0.0
2016-10-25,242.27402563574162,260.1189976004989,230.99354677252208,241.74918430817814,0.0
2016-10-26,241.74918430817814,250.59077312683425,235.6270014681667,241.39445971680783,0.0
2016-10-27,241.39445971680783,243.90429312387727,232.12039865112155,239.59494999628532,0.0
2016-10-28,239.59494999628532,256.8790785618324,233.43364331548443,240.36832879016941,0.0
2016-10-31,240.36832879016941,251.64626078936823,237.37545097328453,241.02942478335652,0.0
2016-11-01,241.02942478335652,250.3267659060491,227.70618754453596,239.81593465418362,0.0
2016-11-02,239.81593465418362,263.69027039745936,228.41656184979627,238.65989250494584,0.0
2016-11-03,238.65989250494584,247.68460060924784,232.23916087561682,238.92992225569105,0.0
2016-11-04,238.92992225569105,246.05556739438555,232.37491312100286,239.46130284938744,0.0
2016-11-07,239.46130284938744,255.55793927469773,226.2892236161321,243.48883430205825,0.0
2016-11-08,243.48883430205825,260.7422811856636,238.76440994157292,244.45346435137506,0.0
2016-11-09,244.45346435137506,280.5730486474483,230.68378474910475,248.36552528164714,0.0
2016-11-10,248.36552528164714,262.2375212891071,229.06247001607943,248.37705019736873,0.0
2016-11-11,248.37705019736873,257.1663092975722,223.4595656230634,247.03814541944732,0.0
2016-11-14,247.03814541944732,260.8057097772505,236.0754277301731,249.3775276705415,0.0
2016-11-15,249.3775276705415,259.3985872416313,245.64691071686906,250.93517197223952,0.0
2016-11-16,250.93517197223952,267.0577136341403,244.90863798166117,250.80924516149122,0.0
2016-11-17,250.80924516149122,258.7831854640829,242.93431039550282,251.9045031539915,0.0
2016-11-18,251.9045031539915,255.5845590189039,247.495116461085,251.06422403891008,0.0
2016-11-21,251.06422403891008,265.3272351696541,247.69108636933913,252.2528830080458,0.0
2016-11-22,252.2528830080458,262.85749310718614,241.721229457674,252.9243619389598,0.0
2016-11-23,252.9243619389598,271.15773930543685,238.72272511309345,252.9912321525597,0.0
2016-11-25,252.9912321525597,259.9191819639434,249.71374273101316,254.31579873574148,0.0
2016-11-28,254.31579873574148,266.5056532052408,246.10721450935154,253.0883478212195,0.0
2016-11-29,253.0883478212195,258.7276596320934,240.09716007239882,253.36372925317073,0.0
2016-11-30,253.36372925317073,281.4622226731336,244.74683637105937,252.87119699105816,0.0
2016-12-01,252.87119699105816,259.2411270229079,242.28678276407453,251.58238408230739,0.0
2016-12-02,251.58238408230739,264.5195985621857,246.03480706844334,252.47677683179984,0.0
2016-12-05,252.47677683179984,260.0198455834982,242.5541445176467,253.70475890415486,0.0
2016-12-06,253.70475890415486,264.33241092599224,249.78383103566648,254.7944422556796,0.0
2016-12-07,254.7944422556796,263.0717827989875,247.41840050868728,257.6623440702102,0.0
2016-12-08,257.6623440702102,263.1867257223448,250.76568438023182,258.4150353916967,0.0
2016-12-09,258.4150353916967,263.29774311547686,248.85275938679916,258.9291897875995,0.0
2016-12-12,258.9291897875995,266.0794074889474,246.15353932975557,257.9204933540453,0.0
2016-12-13,257.9204933540453,281.7942036159211,252.54716156751255,259.70683452700337,0.0
2016-12-14,259.70683452700337,262.72587408991996,242.16879561043984,255.93034272881897,0.0
2016-12-15,255.93034272881897,261.4623087629193,242.21976302319538,255.60597081354425,0.0
2016-12-16,255.60597081354425,262.36972543937253,241.9597127305986,254.68526375281994,0.0
2016-12-19,254.68526375281994,264.82377832891257,247.9001735034229,255.4192336648383,0.0
2016-12-20,255.4192336648383,266.9177085814171,252.87948166486575,256.87712795102146,0.0
2016-12-21,256.87712795102146,264.72835819651823,251.31518019581046,256.73030921920355,0.0
2016-12-22,256.73030921920355,259.89062221401764,245.44660217669298,255.34394388065843,0.0
2016-12-23,255.34394388065843,263.627986618328,252.10169539416657,256.17777869718725,0.0
2016-12-27,256.17777869718725,261.8821917246092,254.29375852711829,256.9569272146404,0.0
2016-12-28,256.9569272146404,261.5363164501803,252.09182522061582,255.06662179971605,0.0
2016-12-29,255.06662179971605,274.4418106053936,251.29718707669616,256.37658573860875,0.0
2016-12-30,256.37658573860875,261.48029828717944,244.28989294953914,255.34766191569017,0.0
2017-01-03,255.34766191569017,269.439242745669,250.00011288866992,258.19743887133114,0.0
2017-01-04,258.19743887133114,277.8714137447046,254.77786534146645,260.91427486941836,0.0
2017-01-05,260.91427486941836,278.076661319543,249.58189330408467,261.40314834076537,0.0
2017-01-06,261.40314834076537,268.5142866942804,248.3220821750205,261.3710805115097,0.0
2017-01-09,261.3710805115097,264.9328055018413,257.51190982215036,260.5450286620315,0.0
2017-01-10,260.5450286620315,275.9859522672734,253.90006674947978,260.8333384562444,0.0
2017-01-11,260.8333384562444,266.2010656874703,251.4787394959713,261.39475306371105,0.0
2017-01-12,261.39475306371105,271.202785774245,251.51212436624706,260.36137049000234,0.0
2017-01-13,260.36137049000234,268.4338501975665,256.4879490182984,260.7956548745334,0.0
2017-01-17,260.7956548745334,269.03353152054575,249.91491445694174,260.530449580627,0.0
2017-01-18,260.530449580627,267.3834009934788,245.5097481538626,260.560322303971,0.0
2017-01-19,260.560322303971,265.7912227860336,252.72606572497938,258.96396260722554,0.0
2017-01-20,258.96396260722554,264.7485347056169,253.8551431994152,259.6782570357877,0.0
2017-01-23,259.6782570357877,268.7217716276001,252.08802865311915,259.50953932074214,0.0
2017-01-24,259.50953932074214,280.9702464244527,254.61141909112732,261.85247001539994,0.0
2017-01-25,261.85247001539994,269.71335554894847,253.8522464103319,263.2101796622947,0.0
2017-01-26,263.2101796622947,268.6528088317882,252.68180348101603,262.3291384481016,0.0
2017-01-27,262.3291384481016,271.106549900858,259.3800517087453,263.10310557348794,0.0
2017-01-30,263.10310557348794,267.642470595691,252.61404470201882,261.9114690973417,0.0
2017-01-31,261.9114690973417,277.40787514890854,257.21721742858654,262.8877915996134,0.0
2017-02-01,262.8877915996134,270.6556134955632,257.0682226210149,262.74205490088536,0.0
2017-02-02,262.74205490088536,294.389148656296,246.4565140804817,264.1493004866363,0.0
2017-02-03,264.1493004866363,272.54848246093457,248.74981379264557,265.76877740649934,0.0
2017-02-06,265.76877740649934,274.3000345057088,258.19858941141257,265.62247527591404,0.0
2017-02-07,265.62247527591404,272.020978738,257.6537843579614,265.2462854060872,0.0
2017-02-08,265.2462854060872,272.91702509553437,242.39582923887687,264.83767307493,0.0
2017-02-09,264.83767307493,275.62168569333073,257.3940156138187,266.27550838280524,0.0
2017-02-10,266.27550838280524,276.7326649955991,258.45631423882213,267.43790954974696,0.0
2017-02-13,267.43790954974696,273.5634523677691,260.6591038127923,268.5925434691844,0.0
2017-02-14,268.5925434691844,276.16818488990214,264.5767827381362,269.3569903477147,0.0
2017-02-15,269.3569903477147,296.37548098038735,260.3784043184033,271.1394265703097,0.0
2017-02-16,271.1394265703097,276.13091788233163,264.0412229348778,270.85198301985315,0.0
2017-02-17,270.85198301985315,279.5126361559564,262.9037084046025,270.81269461864133,0.0
2017-02-21,270.81269461864133,278.568240299194,256.64539763955355,271.9613277212106,0.0
2017-02-22,271.9613277212106,275.92120410534835,256.12950316701676,270.52144719207905,0.0
2017-02-23,270.52144719207905,278.1317689160731,257.6025055954038,270.3682540301744,0.0
2017-02-24,270.3682540301744,276.73422986926147,264.88315354235857,271.14411763529824,0.0
2017-02-27,271.14411763529824,277.84456132860123,255.2873365310771,271.37278076241273,0.0
2017-02-28,271.37278076241273,274.03127102375976,238.35867647492316,269.6968666241535,0.0
2017-03-01,269.6968666241535,281.5715691431205,264.8441003768924,273.2872299500525,0.0
2017-03-02,273.2872299500525,276.55652485432074,260.0038194456814,271.36635622608776,0.0
2017-03-03,271.36635622608776,276.8264797265335,267.28888191391707,271.7405557565797,0.0
2017-03-06,271.7405557565797,273.51467441869994,261.99889098166017,269.9089152425292,0.0
2017-03-07,269.9089152425292,271.9259653159836,265.2402596988408,268.9826177441396,0.0
2017-03-08,268.9826177441396,273.7650355326284,259.3631774295047,268.43359982687434,0.0
2017-03-09,268.43359982687434,272.43532218445176,256.36528023299513,267.6989325261649,0.0
2017-03-10,267.6989325261649,275.1197082644466,266.64642381710087,268.8236832060485,0.0
2017-03-13,268.8236832060485,272.9527767078708,265.8207836363226,268.97508152858336,0.0
2017-03-14,268.97508152858336,270.8804723049297,262.7646780613325,267.49562317363177,0.0
2017-03-15,267.49562317363177,293.320925351,263.8121369269506,271.2580558668669,0.0
2017-03-16,271.2580558668669,274.1507394284204,258.57757367067006,270.10233062585667,0.0
2017-03-17,270.10233062585667,277.039398217645,266.246808693518,270.3781593095688,0.0
2017-03-20,270.3781593095688,277.3815127860737,262.8456769645633,269.9138975180648,0.0
2017-03-21,269.9138975180648,275.02493515864154,254.23150259689865,267.34225971606304,0.0
2017-03-22,267.34225971606304,274.6560071860988,264.21561726179254,267.90821208225856,0.0
2017-03-23,267.90821208225856,271.51925105066215,264.1610093048874,267.8395825029243,0.0
2017-03-24,267.8395825029243,269.2952845796852,264.76387135916343,267.4298316716579,0.0
2017-03-27,267.4298316716579,274.4167290918405,254.90389134027245,266.8684325628772,0.0
2017-03-28,266.8684325628772,274.7368182841117,258.90223908950406,267.63920198495555,0.0
2017-03-29,267.63920198495555,275.37878581613626,262.19093948779573,268.4812276959043,0.0
2017-03-30,268.4812276959043,280.9344008273523,256.40927494034446,269.29235635838984,0.0
2017-03-31,269.29235635838984,273.65613751432016,266.1335615319333,269.55046280312047,0.0
2017-04-03,269.55046280312047,284.8174305910234,261.2766709652764,268.81763237059306,0.0
2017-04-04,268.81763237059306,275.1955122834957,265.83245403868267,269.07080039412836,0.0
2017-04-05,269.07080039412836,273.6901189136281,265.3424391289891,268.4572496882545,0.0
2017-04-06,268.4572496882545,279.59619786973485,266.4054292056827,269.4698286441563,0.0
2017-04-07,269.4698286441563,274.77389756918717,265.69410593352467,269.56119307715375,0.0
2017-04-10,269.56119307715375,274.07640210087493,266.607562465387,270.05224898428463,0.0
2017-04-11,270.05224898428463,278.28283534236374,267.00237700172073,270.77477232166507,0.0
2017-04-12,270.77477232166507,277.9175707065332,248.25823900510375,268.8430035334155,0.0
2017-04-13,268.8430035334155,271.9836852744392,262.8348301073885,267.1672478210048,0.0
2017-04-17,267.1672478210048,272.7879584178102,265.5975903778326,269.4545435455528,0.0
2017-04-18,269.4545435455528,276.1522725004999,261.09569799314,269.2015220879884,0.0
2017-04-19,269.2015220879884,274.8430712222989,260.7503368955372,268.76650147874307,0.0
2017-04-20,268.76650147874307,273.2406016494672,259.4938639638321,270.11040348610015,0.0
2017-04-21,270.11040348610015,274.4543308140215,264.064757804971,269.4905596558278,0.0
2017-04-24,269.4905596558278,282.44161252340837,254.09724728077862,271.1803959215076,0.0
2017-04-25,271.1803959215076,292.2421218647983,258.62575397015837,272.6605033292601,0.0
2017-04-26,272.6605033292601,280.9859730908487,266.09323022696486,272.43878620377666,0.0
2017-04-27,272.43878620377666,276.590232585245,259.38015005393726,271.73469648420274,0.0
2017-04-28,271.73469648420274,279.1658482106919,253.51546373341446,271.04689714689647,0.0
2017-05-01,271.04689714689647,274.80814218123567,261.98795488024683,270.3709438681058,0.0
2017-05-02,270.3709438681058,278.20062403519506,261.9456348222687,270.73270412047094,0.0
2017-05-03,270.73270412047094,276.42116667939734,240.23719202270564,268.35811267294986,0.0
2017-05-04,268.35811267294986,279.3662693305153,256.9790492148525,268.2984566048326,0.0
2017-05-05,268.2984566048326,279.0070703466583,261.8556856409262,269.747499659944,0.0
2017-05-08,269.747499659944,275.2437854534126,261.79244312614577,268.5567492808617,0.0
2017-05-09,268.5567492808617,272.21246292677483,262.1272751982201,268.2373775361694,0.0
2017-05-10,268.2373775361694,276.5881144576066,262.4690783674016,268.55995957900893,0.0
2017-05-11,268.55995957900893,276.6683669784523,257.7549279760648,268.0106667133922,0.0
2017-05-12,268.0106667133922,270.8672535739842,263.5084725387443,267.4992975812616,0.0
2017-05-15,267.4992975812616,278.4857981135836,263.84779221648387,269.3609995498784,0.0
2017-05-16,269.3609995498784,274.78462657359466,263.4951777446095,268.99702021012877,0.0
2017-05-17,268.99702021012877,280.01545280515467,253.07472649201776,265.9305583866138,0.0
2017-05-18,265.9305583866138,271.80996789305544,257.0587184152229,266.48655435331983,0.0
2017-05-19,266.48655435331983,276.8721652790206,263.61940605957403,268.80568863171413,0.0
2017-05-22,268.80568863171413,274.9559105347459,262.87586940903134,270.12112928586856,0.0
2017-05-23,270.12112928586856,314.95503613408135,260.4773491987976,271.64884231382945,0.0
2017-05-24,271.64884231382945,277.37525202661067,265.7944901241336,272.61315257123505,0.0
2017-05-25,272.61315257123505,279.07955535065383,259.4709358686068,272.6969411510628,0.0
2017-05-26,272.6969411510628,278.92721436650555,269.25625287116196,273.4492634287268,0.0
2017-05-30,273.4492634287268,280.8441484441249,266.1666784984677,273.19995342985385,0.0
2017-05-31,273.19995342985385,279.69939552801804,264.9554745141972,273.68902868051896,0.0
2017-06-01,273.68902868051896,282.62277768297565,271.53287154699655,275.3005589695668,0.0
2017-06-02,275.3005589695668,281.8824950666361,271.45352242444926,276.28993976946316,0.0
2017-06-05,276.28993976946316,285.2025833157116,270.3811257156817,276.1905044689865,0.0
2017-06-06,276.1905044689865,297.0485897603518,270.9774060735426,276.32676927726897,0.0
2017-06-07,276.32676927726897,283.4361490359298,266.71542457923795,276.84579795024797,0.0
2017-06-08,276.84579795024797,284.87713011661543,272.6637939770165,276.91928107487746,0.0
2017-06-09,276.91928107487746,290.04297524940506,270.6457346211324,278.691402625933,0.0
2017-06-12,278.691402625933,283.7880168645275,267.9634879636619,278.78975827907243,0.0
2017-06-13,278.78975827907243,284.4996556659432,276.03665047110405,279.79847304425857,0.0
2017-06-14,279.79847304425857,283.1293247763086,271.1825189643236,279.0248644568869,0.0
2017-06-15,279.0248644568869,282.21320544963044,265.40820624839023,277.509415824684,0.0
2017-06-16,277.509415824684,280.669032080058,263.24872305535655,276.6441323915375,0.0
2017-06-19,276.6441323915375,287.4135113329415,271.003797355988,278.6989922619411,0.0
2017-06-20,278.6989922619411,284.5395313975139,268.7293207979548,276.7812726999563,0.0
2017-06-21,276.7812726999563,289.89197091558884,267.2796274777325,276.48214112558526,0.0
2017-06-22,276.48214112558526,288.6883913444268,272.9885861013894,276.9292143653418,0.0
2017-06-23,276.9292143653418,284.4267862681474,274.28548253821594,277.84743097536864,0.0
2017-06-26,277.84743097536864,284.60684214642765,273.26065424330244,278.54919403952835,0.0
2017-06-27,278.54919403952835,283.3454400360592,270.02776720799665,276.5352708043177,0.0
2017-06-28,276.5352708043177,283.9334833154444,268.3081818808434,278.5675417479084,0.0
2017-06-29,278.5675417479084,286.2605869088323,268.9237696155465,276.27736751144243,0.0
2017-06-30,276.27736751144243,284.47002094037884,273.13786630912784,277.0374233927627,0.0
2017-07-03,277.0374233927627,285.2257287519245,269.9118578932,278.21794908036674,0.0
2017-07-05,278.21794908036674,289.0881823261474,268.29611548037707,279.2828385195141,0.0
2017-07-06,279.2828385195141,279.598113824074,270.595877031282,275.45811167873825,0.0
2017-07-07,275.45811167873825,280.68150260686747,268.4023622127117,276.3773412833187,0.0
2017-07-10,276.3773412833187,290.7768643092994,270.86915115156904,276.5096248117997,0.0
2017-07-11,276.5096248117997,281.4193184769762,273.0382494424083,276.3123481154077,0.0
2017-07-12,276.3123481154077,281.658800260429,269.5034002341918,278.0695806520484,0.0
2017-07-13,278.0695806520484,291.4073039784206,271.964221560079,279.20822787187944,0.0
2017-07-14,279.20822787187944,285.69629804078954,274.55847259123163,280.75373113313543,0.0
2017-07-17,280.75373113313543,289.6665984311648,278.5504204965688,281.8417289185482,0.0
2017-07-18,281.8417289185482,286.76849805078484,277.8383355068489,281.8828059621237,0.0
2017-07-19,281.8828059621237,292.0049664169949,277.85597217225734,283.6305651363167,0.0
2017-07-20,283.6305651363167,291.7784837691641,275.0957483604897,283.7020173580763,0.0
2017-07-21,283.7020173580763,288.8270895894583,277.450238801832,283.5124482459206,0.0
2017-07-24,283.5124482459206,286.5372345402465,271.5663304714426,282.2525398925463,0.0
2017-07-25,282.2525398925463,323.84999105389886,267.99204446202094,285.5272950137245,0.0
2017-07-26,285.5272950137245,303.2140109946052,278.378149380737,286.37096642001126,0.0
2017-07-27,286.37096642001126,308.51903432940503,275.72232270294387,286.81459738763755,0.0
2017-07-28,286.81459738763755,298.298865348075,259.5913308994697,286.2930933403578,0.0
2017-07-31,286.2930933403578,291.32478348409245,277.8677437057666,285.9653587884917,0.0
2017-08-01,285.9653587884917,290.7696558006565,273.31596155458624,286.2454572245452,0.0
2017-08-02,286.2454572245452,289.44697813088004,275.6012213082108,284.7507173529263,0.0
2017-08-03,284.7507173529263,295.7974536908714,277.61708829383116,284.3679239160388,0.0
2017-08-04,284.3679239160388,291.949693946948,278.2786088031989,285.0797403790355,0.0
2017-08-07,285.0797403790355,290.8168752337582,281.41361544320847,285.35030398831253,0.0
2017-08-08,285.35030398831253,289.59011652086656,277.2800510977405,284.38181321092117,0.0
2017-08-09,284.38181321092117,289.233717114395,273.34994758747564,284.21659484778127,0.0
2017-08-10,284.21659484778127,294.99411481691044,272.4360817595469,280.82420619588186,0.0
2017-08-11,280.82420619588186,285.11077477148865,277.0534348542941,281.0688569849671,0.0
2017-08-14,281.0688569849671,289.0402348239952,277.14486200900626,283.56534829814393,0.0
2017-08-15,283.56534829814393,288.6555136788595,275.0863225186834,282.70297475178336,0.0
2017-08-16,282.70297475178336,298.8921284274979,279.46813739385317,284.9147649854496,0.0
2017-08-17,284.9147649854496,292.6958057587307,273.9194279290147,281.43256634413785,0.0
2017-08-18,281.43256634413785,283.6147500196058,273.73722956847814,280.23597563722046,0.0
2017-08-21,280.23597563722046,291.72275028402345,277.38848878165015,281.5852022160395,0.0
2017-08-22,281.5852022160395,291.6041100295504,262.9277177742555,283.4697989936228,0.0
2017-08-23,283.4697989936228,288.4634990226669,278.05076441450825,282.89064959583663,0.0
2017-08-24,282.89064959583663,293.3681061973399,271.61701481321995,282.7703511325795,0.0
2017-08-25,282.7703511325795,292.0342903450563,279.02498630203115,283.4635057814492,0.0
2017-08-28,283.4635057814492,300.5854241776127,279.40987029598983,284.38014704875656,0.0
2017-08-29,284.38014704875656,295.4794917055113,278.52040837243146,284.6893532597164,0.0
2017-08-30,284.6893532597164,305.3249521369035,272.52312434523816,286.37094615630565,0.0
2017-08-31,286.37094615630565,298.4480198060652,281.7219912276148,288.93994167157507,0.0
2017-09-01,288.93994167157507,297.894797660837,284.52750536986264,289.9567803085506,0.0
2017-09-05,289.9567803085506,297.39156283923285,280.56846755211745,288.1494032524013,0.0
2017-09-06,288.1494032524013,296.6859997407544,283.08844883717273,288.783743745684,0.0
2017-09-07,288.783743745684,302.82965517903136,276.15120327182154,290.13231268285307,0.0
2017-09-08,290.13231268285307,300.77940213366173,271.6294591297961,289.4524135124735,0.0
2017-09-11,289.4524135124735,298.6344354523288,267.0819153967385,290.2590988444243,0.0
2017-09-12,290.2590988444243,302.43484763354746,273.7440886548015,290.9288115413127,0.0
2017-09-13,290.9288115413127,299.07015837792915,282.00458366688673,290.5422696682051,0.0
2017-09-14,290.5422696682051,299.43024664523693,287.5025810442794,291.1925476960353,0.0
2017-09-15,291.1925476960353,296.25932285315486,279.3313679927657,291.78696040496817,0.0
2017-09-18,291.78696040496817,298.3800177682042,278.87083865876366,291.9331148355314,0.0
2017-09-19,291.9331148355314,299.1642960394011,287.948767111634,291.8910954816732,0.0
2017-09-20,291.8910954816732,297.3457485243001,285.84358847586793,291.0025433680412,0.0
2017-09-21,291.0025433680412,298.28969047761706,286.2928116718046,290.01753569904287,0.0
2017-09-22,290.01753569904287,298.8537289380173,282.9117679723445,290.79764494079154,0.0
2017-09-25,290.79764494079154,298.9810678372455,286.30337453425466,291.2739806982143,0.0
2017-09-26,291.2739806982143,299.6223377471115,282.81366919314206,291.45701612457265,0.0
2017-09-27,291.45701612457265,298.5055851935563,284.13940362936376,291.64197916187345,0.0
2017-09-28,291.64197916187345,300.3911850647392,281.38273557526287,292.3385796440831,0.0
2017-09-29,292.3385796440831,296.88680149277053,284.63473075230195,292.6780201291256,0.0
2017-10-02,292.6780201291256,301.70900682835025,280.89943924475494,293.72817001788127,0.0
2017-10-03,293.72817001788127,299.8730636466615,289.8573694269471,294.33465734794817,0.0
2017-10-04,294.33465734794817,299.3397505198766,289.67674439452185,294.89006015968516,0.0
2017-10-05,294.89006015968516,305.95824739128574,290.7179214982454,296.4839609402977,0.0
2017-10-06,296.4839609402977,298.7457342473975,288.04171496540516,295.32348075488653,0.0
2017-10-09,295.32348075488653,300.89710620540984,288.7053026517449,295.26507694189263,0.0
2017-10-10,295.26507694189263,302.3513304880421,288.23492610103887,296.40219054060674,0.0
2017-10-11,296.40219054060674,304.37835187067844,291.2658960592758,296.9474043687857,0.0
2017-10-12,296.9474043687857,308.5580616084229,286.76385294100265,297.13377651723096,0.0
2017-10-13,297.13377651723096,317.4534686297407,295.50558708797917,298.6952046656715,0.0
2017-10-16,298.6952046656715,309.22543019890105,291.6491388861344,298.77835411348207,0.0
2017-10-17,298.77835411348207,309.0288194602395,292.12579516873853,298.75661983769726,0.0
2017-10-18,298.75661983769726,306.6349885636432,294.1201603270394,298.5663452102837,0.0
2017-10-19,298.5663452102837,304.6791514748686,286.99632425831675,298.22947853992747,0.0
2017-10-20,298.22947853992747,304.84925827397893,292.6649160355623,299.6217410361815,0.0
2017-10-23,299.6217410361815,305.6141682826257,291.15858498330226,298.8880342212689,0.0
2017-10-24,298.8880342212689,316.56091639700577,287.22546289616025,298.8352891437934,0.0
2017-10-25,298.8352891437934,303.59889486087366,283.45545803978825,296.8044943980726,0.0
2017-10-26,296.8044943980726,306.6372099004324,281.1443396453772,296.4859853528256,0.0
2017-10-27,296.4859853528256,315.4963239825875,285.18359652441796,297.0477593575791,0.0
2017-10-30,297.0477593575791,308.4177513654794,286.2216095064629,296.1612532070887,0.0
2017-10-31,296.1612532070887,300.5224985781699,288.7106557537718,295.94455208690374,0.0
2017-11-01,295.94455208690374,304.412280499187,281.747260844408,295.7506212034294,0.0
2017-11-02,295.7506212034294,318.43710670884906,289.82116748852525,297.0443702984109,0.0
2017-11-03,297.0443702984109,303.30269106682414,290.87380845982625,297.21855865141947,0.0
2017-11-06,297.21855865141947,309.93792170393726,292.84882531007906,298.3077508451715,0.0
2017-11-07,298.3077508451715,304.60786141691125,290.2763873376091,298.19778435762265,0.0
2017-11-08,298.19778435762265,308.07184040384084,287.78953361755777,299.31643704114737,0.0
2017-11-09,299.31643704114737,307.1622159667025,294.06982216753096,298.55616801591844,0.0
2017-11-10,298.55616801591844,306.03252440396295,291.57363192468836,298.3344290540937,0.0
2017-11-13,298.3344290540937,304.42476313286,291.95545115036106,298.6790275684605,0.0
2017-11-14,298.6790275684605,303.5379651849747,285.6390644572452,297.50358559565325,0.0
2017-11-15,297.50358559565325,303.7393653015428,268.14445155307146,295.33922035859877,0.0
2017-11-16,295.33922035859877,305.542437516686,294.0640868816774,297.62432799526516,0.0
2017-11-17,297.62432799526516,314.0451001115764,294.7624544415227,298.8409043366076,0.0
2017-11-20,298.8409043366076,304.5397457360972,293.755489612327,299.26364702618883,0.0
2017-11-21,299.26364702618883,306.4649463786697,291.9121772077743,300.16258781011396,0.0
2017-11-22,300.16258781011396,310.84998629708383,296.7220285420608,300.2168300379076,0.0
2017-11-24,300.2168300379076,304.21971092520124,291.8092945370327,300.319256420143,0.0
2017-11-27,300.319256420143,310.6547491713748,294.87793277628737,300.16449920612354,0.0
2017-11-28,300.16449920612354,314.2173483916505,298.02045928402384,303.0166487307811,0.0
2017-11-29,303.0166487307811,330.0965320422976,289.4047114498945,304.5432356856156,0.0
2017-11-30,304.5432356856156,311.107258667951,295.75454336556555,305.3201859173238,0.0
2017-12-01,305.3201859173238,314.67407313175477,299.11718038270374,305.2436214626195,0.0
2017-12-04,305.2436214626195,320.88792356751674,291.97212446644284,306.3103937067,0.0
2017-12-05,306.3103937067,308.7993125985008,297.9731151019927,304.9929238214791,0.0
2017-12-06,304.9929238214791,315.4734757333699,285.91128250797726,303.98463770586017,0.0
2017-12-07,303.98463770586017,314.3646285608361,301.44193282514436,305.3663485908139,0.0
2017-12-08,305.3663485908139,311.6651444172551,300.94562423681333,307.1502117651471,0.0
2017-12-11,307.1502117651471,315.31934570628556,300.8162661574823,307.5543001628864,0.0
2017-12-12,307.5543001628864,321.6829761310477,301.4777892833477,308.16128333456425,0.0
2017-12-13,308.16128333456425,323.6036477985019,297.1235224615078,309.03203223583205,0.0
2017-12-14,309.03203223583205,317.53242924763276,297.3885855192583,306.83134943115203,0.0
2017-12-15,306.83134943115203,321.8033387455167,304.8402475951015,310.13938381784317,0.0
2017-12-18,310.13938381784317,318.98515631033126,305.304104407051,312.5385731072285,0.0
2017-12-19,312.5385731072285,319.71845788564514,302.34457291477065,312.15813479499707,0.0
2017-12-20,312.15813479499707,324.6445358285077,304.34328098854786,312.49478878598023,0.0
2017-12-21,312.49478878598023,321.6962359384808,302.23353068385956,312.56059369556795,0.0
2017-12-22,312.56059369556795,318.4027967899605,309.6338617371734,312.6041228809021,0.0
2017-12-26,312.6041228809021,322.4486015807775,309.4945695575348,313.50291350317644,0.0
2017-12-27,313.50291350317644,318.6094479984479,310.26401776168154,314.14109179957654,0.0
2017-12-28,314.14109179957654,323.88959758179124,309.10995099978527,314.6203435637985,0.0
2017-12-29,314.6203435637985,317.14195295130924,309.55905503696937,313.48461021869406,0.0
2018-01-02,313.48461021869406,328.83559028692366,309.6180301140723,316.7774496429932,0.0
2018-01-03,316.7774496429932,323.5798897922907,311.97039223606174,318.179175566,0.0
2018-01-04,318.179175566,326.2594782763616,310.3168191328663,319.3697877969484,0.0
2018-01-05,319.3697877969484,326.8581934805033,315.27355640360446,320.71894889145966,0.0
2018-01-08,320.71894889145966,329.2778181406625,308.6951518559889,320.5817180598498,0.0
2018-01-09,320.5817180598498,336.52464780354296,306.17915213868844,321.59044958354303,0.0
2018-01-10,321.59044958354303,331.66182019691564,313.2242297251576,322.1054477767529,0.0
2018-01-11,322.1054477767529,336.99699136680414,318.61387342967714,323.8721611002506,0.0
2018-01-12,323.8721611002506,337.2780579933469,316.77023476362126,325.80933774963705,0.0
2018-01-16,325.80933774963705,330.8807375645713,317.8272193272432,324.076895112541,0.0
2018-01-17,324.076895112541,333.80558699120894,319.6208157687241,327.1847322133046,0.0
2018-01-18,327.1847322133046,333.27270467941247,312.82910840410125,325.8107729982941,0.0
2018-01-19,325.8107729982941,362.8644483139967,323.63934977753723,329.8296729222123,0.0
2018-01-22,329.8296729222123,350.9224468153867,326.649942109654,332.67835672807996,0.0
2018-01-23,332.67835672807996,341.540316815629,318.50799775343324,332.54568631634106,0.0
2018-01-24,332.54568631634106,346.5257450495584,323.8269165793,333.562637808279,0.0
2018-01-25,333.562637808279,341.6692968509714,323.1026939547924,333.4760049640241,0.0
2018-01-26,333.4760049640241,351.01436477635986,328.7649690123723,337.39527372968246,0.0
2018-01-29,337.39527372968246,350.5814614677252,324.1302328989826,334.50229590459674,0.0
2018-01-30,334.50229590459674,334.69677016747124,325.9819822205141,331.15735014840527,0.0
2018-01-31,331.15735014840527,339.26301651753306,317.9171269232291,330.8517567266414,0.0
2018-02-01,330.8517567266414,336.3928220639607,309.98092849673475,328.6906159687414,0.0
2018-02-02,328.6906159687414,332.7347974632096,303.6798146378122,321.4439763450871,0.0
2018-02-05,321.4439763450871,330.80914921744755,301.5588110382677,309.8354659982605,0.0
2018-02-06,309.8354659982605,335.16468739650435,305.7004537444533,314.6420364644601,0.0
2018-02-07,314.6420364644601,323.9584682186194,299.86695343688274,312.46953866896877,0.0
2018-02-08,312.46953866896877,317.24144488295656,295.328302487808,301.74634583419083,0.0
2018-02-09,301.74634583419083,314.1380931905049,292.6576213489139,305.7421344675877,0.0
2018-02-12,305.7421344675877,323.46628627550865,300.99989767602773,309.1981543709164,0.0
2018-02-13,309.1981543709164,317.80140413885596,290.24425009182545,309.36772924966675,0.0
2018-02-14,309.36772924966675,332.30957650859636,288.9605222373379,311.6714798253688,0.0
2018-02-15,311.6714798253688,322.49220661548725,305.29092866271714,315.38142880473225,0.0
2018-02-16,315.38142880473225,323.18527000193194,299.2622595124311,314.9762238081651,0.0
2018-02-20,314.9762238081651,333.74201081832956,298.39854233169564,312.91376814487353,0.0
2018-02-21,312.91376814487353,322.3219020862969,297.8474888175201,310.90523078361804,0.0
2018-02-22,310.90523078361804,319.7261465695519,305.9347164918244,310.9973882056929,0.0
2018-02-23,310.9973882056929,320.4499993234061,308.8094836580721,315.2975376156913,0.0
2018-02-26,315.2975376156913,324.7689365487436,306.78377228373836,316.8173314261466,0.0
2018-02-27,316.8173314261466,319.2761907424424,301.97660869805776,312.4470405990473,0.0
2018-02-28,312.4470405990473,314.9522156156955,302.74915042859527,309.420826484291,0.0
2018-03-01,309.420826484291,313.5676138043625,298.2271894482853,305.9939546475667,0.0
2018-03-02,305.9939546475667,314.4782344286016,298.80856116435774,306.85817629693884,0.0
2018-03-05,306.85817629693884,318.3698605619316,301.53312649974697,309.1002071758493,0.0
2018-03-06,309.1002071758493,320.256651995361,295.31943431144646,310.2186084036505,0.0
2018-03-07,310.2186084036505,316.0138589103822,300.56258614138835,309.82155534395054,0.0
2018-03-08,309.82155534395054,317.0725166870131,302.5345709720978,311.15946914187987,0.0
2018-03-09,311.15946914187987,320.91042559739884,302.87635488414725,314.4355721653013,0.0
2018-03-12,314.4355721653013,321.67031304368453,305.62887945416196,313.90815549161397,0.0
2018-03-13,313.90815549161397,317.9790720137605,305.4329316879693,312.77555244621107,0.0
2018-03-14,312.77555244621107,316.4552845093905,305.079298395645,310.68709988984455,0.0
2018-03-15,310.68709988984455,312.8465752929681,303.52801556051725,309.8563210648112,0.0
2018-03-16,309.8563210648112,316.7441356897096,304.76006945931266,310.4188787215722,0.0
2018-03-19,310.4188787215722,314.02521079828927,300.43565545156054,306.9605491798937,0.0
2018-03-20,306.9605491798937,315.3418264302933,301.77139547846787,307.4599770652119,0.0
2018-03-21,307.4599770652119,318.93358386151283,299.86332652551414,307.19674417254777,0.0
2018-03-22,307.19674417254777,309.1936631551269,289.09810124369943,300.51363305929175,0.0
2018-03-23,300.51363305929175,318.326691307524,286.9388937699706,296.1664756679908,0.0
2018-03-26,296.1664756679908,318.58786374840076,296.43234650604467,303.1166707444724,0.0
2018-03-27,303.1166707444724,309.63826491062645,289.1859712134959,299.7218024991754,0.0
2018-03-28,299.7218024991754,309.20336140470687,286.7483363078578,299.9722256580509,0.0
2018-03-29,299.9722256580509,315.0707023887903,295.5608382267498,303.51191271961113,0.0
2018-04-02,303.51191271961113,311.82716871151524,290.77432989441945,297.7914251578903,0.0
2018-04-03,297.7914251578903,308.3724060233898,289.8504495764051,301.2885699294428,0.0
2018-04-04,301.2885699294428,311.3849446648303,296.2088934587114,304.4868028038527,0.0
2018-04-05,304.4868028038527,318.00787328624045,296.19279794410494,306.02113242371394,0.0
2018-04-06,306.02113242371394,307.8539698056514,292.8406422219039,300.8271787262936,0.0
2018-04-09,300.8271787262936,304.5108680660306,295.3909291983336,300.8125145477902,0.0
2018-04-10,300.8125145477902,315.41376124557087,290.21626490468435,304.90908510545603,0.0
2018-04-11,304.90908510545603,313.94741333943085,299.1069365763173,304.36784623224486,0.0
2018-04-12,304.36784623224486,316.7204650602179,295.36856623903276,305.6836649448738,0.0
2018-04-13,305.6836649448738,314.76334928312644,296.1374608269796,305.22713851711035,0.0
2018-04-16,305.22713851711035,317.7233026537505,299.03137253814253,307.28400976355914,0.0
2018-04-17,307.28400976355914,313.48385488171493,301.5259638947896,308.8227336917847,0.0
2018-04-18,308.8227336917847,323.673206259277,296.85207435162425,309.5609252701048,0.0
2018-04-19,309.5609252701048,327.21273867718406,261.3446321371609,306.43866139257045,0.0
2018-04-20,306.43866139257045,314.26410271022706,298.4639911524832,304.3305498678528,0.0
2018-04-23,304.3305498678528,310.9388039402338,295.6847365254328,303.88478747169137,0.0
2018-04-24,303.88478747169137,331.59337559991224,259.78030186155587,299.3846140872426,0.0
2018-04-25,299.3846140872426,307.7874445614965,266.6554329474712,298.6325377619807,0.0
2018-04-26,298.6325377619807,320.0972138280995,290.6773904093356,300.1404480912751,0.0
2018-04-27,300.1404480912751,313.01519198785553,292.536921616894,301.5395556620145,0.0
2018-04-30,301.5395556620145,304.882246939873,291.3795140266425,298.895549035332,0.0
2018-05-01,298.895549035332,303.8723791078375,287.36226908591277,298.71206728368395,0.0
2018-05-02,298.71206728368395,309.1831052594874,275.3290125944902,296.78723592143035,0.0
2018-05-03,296.78723592143035,301.4826395237713,266.8543158721342,295.2302320865145,0.0
2018-05-04,295.2302320865145,320.5465869542268,272.6051405221011,297.8984908580132,0.0
2018-05-07,297.8984908580132,309.6556744958233,286.51811163491084,298.4624258264378,0.0
2018-05-08,298.4624258264378,309.35521239052326,293.31134511473573,299.03601463348093,0.0
2018-05-09,299.03601463348093,307.69509409963007,293.6892182145143,302.2983377813262,0.0
2018-05-10,302.2983377813262,312.7090988008859,300.33690718401476,304.8479500056283,0.0
2018-05-11,304.8479500056283,314.1825440424654,298.2367315171309,305.10025465512865,0.0
2018-05-14,305.10025465512865,341.2463606688525,300.4301489747217,306.5746181399966,0.0
2018-05-15,306.5746181399966,309.9677278991053,295.62547534731704,304.1083581288886,0.0
2018-05-16,304.1083581288886,317.0653239502728,299.8846836976197,305.3429528408779,0.0
2018-05-17,305.3429528408779,313.4131946401706,297.81687242296346,305.10509679903987,0.0
2018-05-18,305.10509679903987,317.4282337467908,298.2833721088386,305.47354835182585,0.0
2018-05-21,305.47354835182585,315.4615583411241,302.2141994933781,307.53233960807313,0.0
2018-05-22,307.53233960807313,316.37688480564196,300.68680445415913,306.40136045690707,0.0
2018-05-23,306.40136045690707,314.3142744569043,288.9437924760969,306.5365376347437,0.0
2018-05-24,306.5365376347437,314.6714245620244,302.47782344689847,306.31017385119884,0.0
2018-05-25,306.31017385119884,320.81398521958533,294.12095441309185,305.2151619517541,0.0
2018-05-29,305.2151619517541,308.7206026945759,293.04046215324377,301.96469505396334,0.0
2018-05-30,301.96469505396334,310.48867929581024,300.1469271407121,305.57067687511955,0.0
2018-05-31,305.57067687511955,314.1484677191917,294.62807227071335,303.0310078380275,0.0
2018-06-01,303.0310078380275,309.00953489326247,297.8497017381089,304.99837074578164,0.0
2018-06-04,304.99837074578164,319.8711657855243,296.169452311216,306.3453709457712,0.0
2018-06-05,306.3453709457712,322.0085786019413,293.0449454739668,306.85061309073717,0.0
2018-06-06,306.85061309073717,320.51452083546184,301.99841183927424,309.9098376032683,0.0
2018-06-07,309.9098376032683,324.92899878402716,305.04142324628896,310.71989351076985,0.0
2018-06-08,310.71989351076985,319.74401919373275,305.4490963471843,311.80888415954024,0.0
2018-06-11,311.80888415954024,315.96530208577525,304.46884226936857,311.62033079893854,0.0
2018-06-12,311.62033079893854,316.8700323790852,303.6118342137684,311.51079322192015,0.0
2018-06-13,311.51079322192015,319.8284739512556,301.2397532055354,309.88356512910985,0.0
2018-06-14,309.88356512910985,316.99596214790165,296.89133187062487,310.05230421583707,0.0
2018-06-15,310.05230421583707,316.3111538362437,291.12048362091764,309.331441729936,0.0
2018-06-18,309.331441729936,314.3622481077479,293.19707989528325,307.54872000641524,0.0
2018-06-19,307.54872000641524,315.9211462576482,297.6632658619676,306.564535893377,0.0
2018-06-20,306.564535893377,317.61869144644936,299.78146667833835,307.51742727738974,0.0
2018-06-21,307.51742727738974,311.686933219602,298.36244396629974,306.33596824517525,0.0
2018-06-22,306.33596824517525,318.2781025616792,299.3086446103558,307.4479629068498,0.0
2018-06-25,307.4479629068498,312.523988605135,283.2993303386244,303.5302086553583,0.0
2018-06-26,303.5302086553583,313.3650992605883,298.37125955454906,304.10932758718616,0.0
2018-06-27,304.10932758718616,316.27375904282,295.50915232151164,302.28213787964233,0.0
2018-06-28,302.28213787964233,309.8783146323055,296.48807977624034,303.5017779687239,0.0
2018-06-29,303.5017779687239,317.01646945746364,297.8172423821985,304.06507781944055,0.0
2018-07-02,304.06507781944055,309.85848867164765,299.1390649347476,303.7806167019103,0.0
2018-07-03,303.7806167019103,308.74100479396697,297.95295360036505,303.38486040537157,0.0
2018-07-05,303.38486040537157,312.514540944729,301.60763089827424,306.72310814800016,0.0
2018-07-06,306.72310814800016,366.9468256295776,301.93435019368656,310.4822583214541,0.0
2018-07-09,310.4822583214541,322.7620771927024,305.185662282764,313.0104832884025,0.0
2018-07-10,313.0104832884025,321.7270813793428,304.8934382487689,313.92447841992913,0.0
2018-07-11,313.92447841992913,319.8754991740363,301.7904527630373,311.12304039732845,0.0
2018-07-12,311.12304039732845,317.95269619304656,306.79185241668984,312.4597947373965,0.0
2018-07-13,312.4597947373965,322.67983571125006,303.60460452145395,312.79640828766094,0.0
2018-07-16,312.79640828766094,326.27245119311686,302.70154850318005,312.04544175140285,0.0
2018-07-17,312.04544175140285,323.10677821542043,308.7645951278525,313.51639161732413,0.0
2018-07-18,313.51639161732413,323.251397477928,306.3119511639555,314.51717002126776,0.0
2018-07-19,314.51717002126776,322.7684431402349,290.94684495566446,312.6214311950206,0.0
2018-07-20,312.6214311950206,325.798589568291,306.28062473360916,312.7235739495179,0.0
2018-07-23,312.7235739495179,319.1585630814191,287.40119119623654,312.38450010464,0.0
2018-07-24,312.38450010464,325.215520305647,299.2162497964694,313.2828414493345,0.0
2018-07-25,313.2828414493345,322.51729966718403,286.1617067148961,314.3159895373082,0.0
2018-07-26,314.3159895373082,337.44176737016016,282.3054345786466,314.4473863955787,0.0
2018-07-27,314.4473863955787,324.5364686109867,298.36502857744335,312.92757382403295,0.0
2018-07-30,312.92757382403295,319.92237077824336,302.67006991601636,312.53454646471897,0.0
2018-07-31,312.53454646471897,324.523946711701,308.2423144989058,314.8419914627846,0.0
2018-08-01,314.8419914627846,323.9660746953796,283.0865689101898,311.90688799636075,0.0
2018-08-02,311.90688799636075,322.8357867305431,305.7936375896153,313.01937980201257,0.0
2018-08-03,313.01937980201257,322.6526534600256,307.6067555104028,314.6708604792331,0.0
2018-08-06,314.6708604792331,319.7733448213299,304.96099028442484,314.4227269106255,0.0
2018-08-07,314.4227269106255,322.6526197438238,309.7409816968189,314.8805937986374,0.0
2018-08-08,314.8805937986374,319.95929688974826,302.6566154389527,313.0353971544318,0.0
2018-08-09,313.0353971544318,317.63469975905406,304.9010162137012,312.369855510318,0.0
2018-08-10,312.369855510318,315.6055602145275,302.7958156991572,309.4634405615753,0.0
2018-08-13,309.4634405615753,311.23800365688965,300.7767938826396,306.8239731647027,0.0
2018-08-14,306.8239731647027,314.5052109741114,300.33563689632354,308.1408926597551,0.0
2018-08-15,308.1408926597551,315.7343298745002,281.8041387604863,305.08612846212355,0.0
2018-08-16,305.08612846212355,312.92202478364993,291.64436159836924,306.79692779278656,0.0
2018-08-17,306.79692779278656,311.83836336070243,295.9602407518929,308.458519298835,0.0
2018-08-20,308.458519298835,313.9868313719565,306.0896814345656,309.41181661507306,0.0
2018-08-21,309.41181661507306,317.7153373429734,304.0343384241225,310.8272680283997,0.0
2018-08-22,310.8272680283997,321.7511478241745,305.70599696323495,311.42882627238475,0.0
2018-08-23,311.42882627238475,320.667144725896,303.92707581855916,310.2581795148509,0.0
2018-08-24,310.2581795148509,317.98409892888503,300.345791244719,311.8804545806691,0.0
2018-08-27,311.8804545806691,319.8569427633244,304.6978717994928,313.92663067116774,0.0
2018-08-28,313.92663067116774,320.97604001016094,306.30345445022874,313.4595619197044,0.0
2018-08-29,313.4595619197044,320.7908870036512,310.5409573911646,315.08117668991065,0.0
2018-08-30,315.08117668991065,317.8727980567896,303.91264652386343,313.15424033002006,0.0
2018-08-31,313.15424033002006,319.635375561632,307.8560395806283,313.36589309312666,0.0
2018-09-04,313.36589309312666,322.381876047545,300.65278740653764,312.00432768816154,0.0
2018-09-05,312.00432768816154,320.13299854203905,293.432660833102,311.4735300998356,0.0
2018-09-06,311.4735300998356,318.8210324563537,304.57795620787624,311.7545097678184,0.0
2018-09-07,311.7545097678184,318.7926660635189,302.79474932488216,310.9587255187105,0.0
2018-09-10,310.9587255187105,322.826591141022,305.67730218086905,311.2744164673434,0.0
2018-09-11,311.2744164673434,316.8737948762505,297.61787875498663,310.6767782473263,0.0
2018-09-12,310.6767782473263,331.3642298336595,303.2391195069061,313.24734743257756,0.0
2018-09-13,313.24734743257756,324.21808480336426,306.5219912057802,314.3902348603273,0.0
2018-09-14,314.3902348603273,320.6579891850535,308.2946930394795,314.7169335040004,0.0
2018-09-17,314.7169335040004,326.4601234079641,305.86170378959156,314.5047166966408,0.0
2018-09-18,314.5047166966408,322.5241566680394,309.09442567076184,316.3736583996266,0.0
2018-09-19,316.3736583996266,326.8367025656047,311.22092075483266,318.0355489904801,0.0
2018-09-20,318.0355489904801,325.56822841386327,312.2522046049914,320.9109192384149,0.0
2018-09-21,320.9109192384149,325.8171729805451,316.8315285522047,321.5095788609478,0.0
2018-09-24,321.5095788609478,332.6377047207589,310.5239362831126,319.17953280372456,0.0
2018-09-25,319.17953280372456,324.81469517069706,303.1311655590499,318.5864216214911,0.0
2018-09-26,318.5864216214911,325.7852731003603,304.5176527547611,317.3352426527621,0.0
2018-09-27,317.3352426527621,322.99400578556254,301.9848745467219,317.26684907990915,0.0
2018-09-28,317.26684907990915,325.55416261450443,303.83162916064293,316.7905029093405,0.0
2018-10-01,316.7905029093405,323.3081810418995,310.4113892910203,317.04770491158575,0.0
2018-10-02,317.04770491158575,328.1722475034255,310.41781102558275,317.6246871128327,0.0
2018-10-03,317.6246871128327,326.8954807743549,308.293332493929,317.3923666336238,0.0
2018-10-04,317.3923666336238,322.1903233807108,305.70944713136373,314.65787621726736,0.0
2018-10-05,314.65787621726736,319.7423368834948,306.34704109815254,313.7067791692135,0.0
2018-10-08,313.7067791692135,322.08071528009054,302.8111239038734,314.7409329958029,0.0
2018-10-09,314.7409329958029,318.7443761458094,303.9218725839548,312.9569263384075,0.0
2018-10-10,312.9569263384075,325.12131755254813,295.9514511619403,305.87358731578354,0.0
2018-10-11,305.87358731578354,335.6980375128289,294.13674164963317,301.97956513047745,0.0
2018-10-12,301.97956513047745,312.7818781152188,291.89836832849386,303.35387201668965,0.0
2018-10-15,303.35387201668965,310.3239633049866,297.59805345720224,303.65227573383805,0.0
2018-10-16,303.65227573383805,318.38024012092427,300.10208376312266,309.0011014565094,0.0
2018-10-17,309.0011014565094,315.5631890115638,300.11608442822114,307.8203313242969,0.0
2018-10-18,307.8203313242969,318.59547067059617,288.1848400511965,303.3224347790275,0.0
2018-10-19,303.3224347790275,310.4237880052909,291.80146954959037,302.7662522435288,0.0
2018-10-22,302.7662522435288,307.2329131625828,292.716873174018,300.3999518954033,0.0
2018-10-23,300.3999518954033,346.5584111401928,287.25661733804867,300.1956964553396,0.0
2018-10-24,300.1956964553396,307.893016095749,271.2687577788254,291.47764231665366,0.0
2018-10-25,291.47764231665366,308.5128436576259,271.6541393979082,295.23692415546645,0.0
2018-10-26,295.23692415546645,302.73460948717,284.02794300319727,293.04074617127674,0.0
2018-10-29,293.04074617127674,303.10546961164135,275.3845046426593,293.8024513068081,0.0
2018-10-30,293.8024513068081,313.61914803911856,292.0514494067892,299.263668209341,0.0
2018-10-31,299.263668209341,311.5814443634656,271.8978823976333,299.2592290592384,0.0
2018-11-01,299.2592290592384,335.57408778662716,292.9555976222661,305.241070881701,0.0
2018-11-02,305.241070881701,309.83186337907813,264.37261338808867,303.5650214053307,0.0
2018-11-05,303.5650214053307,317.5710610551287,299.16031631071974,305.99783114555294,0.0
2018-11-06,305.99783114555294,312.5620107998172,289.8617421276462,306.22417535376417,0.0
2018-11-07,306.22417535376417,328.6880681563094,301.3513886744904,311.69800531917593,0.0
2018-11-08,311.69800531917593,321.7256069878152,301.5862054053889,310.6365226173487,0.0
2018-11-09,310.6365226173487,322.4111366183108,295.5342899764147,308.4165637106424,0.0
2018-11-12,308.4165637106424,309.05549480380836,292.1647125677757,303.4324724786151,0.0
2018-11-13,303.4324724786151,313.34212329950043,286.6441308084525,302.85587089203784,0.0
2018-11-14,302.85587089203784,312.4014469492087,294.8098074981615,301.9062955880274,0.0
2018-11-15,301.9062955880274,312.8942344935652,292.60901898264973,304.26748581863393,0.0
2018-11-16,304.26748581863393,311.91103422429956,297.95749430450064,305.45074332701347,0.0
2018-11-19,305.45074332701347,310.4380898260447,285.4923276029286,302.1383898430063,0.0
2018-11-20,302.1383898430063,306.38521083404993,270.338428524722,297.4177363506305,0.0
2018-11-21,297.4177363506305,311.9058459838356,288.36009105296773,298.89895646876124,0.0
2018-11-23,298.89895646876124,303.1802976079718,282.1333509138114,296.79282375477425,0.0
2018-11-26,296.79282375477425,307.42700491882476,293.49823431540557,299.7011845812478,0.0
2018-11-27,299.7011845812478,308.91951136097026,290.93581012908845,300.4026705584142,0.0
2018-11-28,300.4026705584142,319.9128666612004,298.74869763970963,307.24510254893033,0.0
2018-11-29,307.24510254893033,312.78058279235046,301.24304287281853,306.098306081466,0.0
2018-11-30,306.098306081466,315.9809385958815,299.1759404149988,307.34902007986886,0.0
2018-12-03,307.34902007986886,319.5202761743833,299.63269506966833,309.89149711504933,0.0
2018-12-04,309.89149711504933,319.31898848873794,287.4885382230074,300.6734778730084,0.0
2018-12-06,300.6734778730084,312.5639056017763,286.5343957213247,299.7841040340094,0.0
2018-12-07,299.7841040340094,311.6649332599486,279.5062383905277,294.6807178866015,0.0
2018-12-10,294.6807178866015,308.103501289825,286.0225393394635,294.01746518736195,0.0
2018-12-11,294.01746518736195,305.1591376665046,284.25191347162075,293.74726058758023,0.0
2018-12-12,293.74726058758023,303.00728932342975,286.89976217309777,295.6055801141384,0.0
2018-12-13,295.6055801141384,300.8217271405702,286.93253075280086,295.5681674263471,0.0
2018-12-14,295.5681674263471,299.1329307637211,265.89945942916984,290.62308638055214,0.0
2018-12-17,290.62308638055214,296.9995483696059,278.29207430103503,286.5535798521022,0.0
2018-12-18,286.5535798521022,295.30878042300077,264.6220535213266,286.09230791727,0.0
2018-12-19,286.09230791727,294.2343211667917,264.9167868969435,280.846013494528,0.0
2018-12-20,280.846013494528,298.34962513378457,254.19603543093544,277.56330063576223,0.0
2018-12-21,277.56330063576223,280.6819371641073,264.37034432960064,272.12871708690216,0.0
2018-12-24,272.12871708690216,282.35577465226146,257.11219957222465,265.9035823419494,0.0
2018-12-26,265.9035823419494,285.7347398591994,258.78495789163134,276.6917738942589,0.0
2018-12-27,276.6917738942589,285.67573669479503,274.9919625319402,279.22451201630406,0.0
2018-12-28,279.22451201630406,284.8566593963304,273.9907048214193,278.78291865836474,0.0
2018-12-31,278.78291865836474,285.8114021740118,274.5225728240852,281.2024999720409,0.0
2019-01-02,281.2024999720409,289.1426054612905,270.2001024521419,280.93472582976426,0.0
2019-01-03,280.93472582976426,291.52772693662047,266.95847413611096,276.8368618349045,0.0
2019-01-04,276.8368618349045,297.4553529285315,268.24468154150065,285.39910340153364,0.0
2019-01-07,285.39910340153364,299.36186124361893,276.6585431328762,286.4621281944141,0.0
2019-01-08,286.4621281944141,293.5897430842333,283.02280857253896,288.6988930365213,0.0
2019-01-09,288.6988930365213,301.91771849213694,286.11230047805583,291.6932069392391,0.0
2019-01-10,291.6932069392391,300.1523900494015,282.21822557169946,292.8697204874727,0.0
2019-01-11,292.8697204874727,298.6711547327992,287.9600525354585,293.4096968351456,0.0
2019-01-14,293.4096968351456,305.0032751463503,267.33257602566607,291.7883925484123,0.0
2019-01-15,291.7883925484123,303.9193983042203,284.6755341199701,293.7513851585375,0.0
2019-01-16,293.7513851585375,314.7732462690481,288.8897471575286,294.55801102189923,0.0
2019-01-17,294.55801102189923,306.8868080885182,293.6843438014937,298.0148338356501,0.0
2019-01-18,298.0148338356501,311.0348909766969,287.53301607143,302.12366787894973,0.0
2019-01-22,302.12366787894973,306.87961392179744,281.23579267966085,298.6937286217364,0.0
2019-01-23,298.6937286217364,304.5409245597467,284.9063428317229,297.95409309753313,0.0
2019-01-24,297.95409309753313,318.15754617018945,258.9852985682551,297.5210484599096,0.0
2019-01-25,297.5210484599096,312.5361888129057,294.4998351225234,302.2626869143906,0.0
2019-01-28,302.2626869143906,316.65318800956874,276.4466310902749,301.77391031306405,0.0
2019-01-29,301.77391031306405,309.2393000694203,295.6281499560485,302.70242327917475,0.0
2019-01-30,302.70242327917475,326.4551469482032,296.7113393997386,306.65380242064356,0.0
2019-01-31,306.65380242064356,316.85347036263045,292.21429852856033,308.88399233391556,0.0
2019-02-01,308.88399233391556,316.369640057032,301.14074593233516,308.6021491982268,0.0
2019-02-04,308.6021491982268,317.98625638736115,293.71158611096337,310.9159128109569,0.0
2019-02-05,310.9159128109569,316.31402455707604,300.39666726466186,311.51012636869103,0.0
2019-02-06,311.51012636869103,319.13924527941464,308.0436644329221,311.57905701513624,0.0
2019-02-07,311.57905701513624,316.6132164405542,288.66225097335274,308.794332912189,0.0
2019-02-08,308.794332912189,329.0992128685533,297.83520880630226,309.19938677875365,0.0
2019-02-11,309.19938677875365,315.46238347366403,303.4596268326277,309.38116030888216,0.0
2019-02-12,309.38116030888216,323.17761543308126,299.22402710492906,312.3915189068927,0.0
2019-02-13,312.3915189068927,334.14198600771226,307.43747087110006,313.94442008397493,0.0
2019-02-14,313.94442008397493,319.78844930894957,308.8947879040383,313.38988697537616,0.0
2019-02-15,313.38988697537616,323.5056248149534,310.83900300338684,317.59948954373493,0.0
2019-02-19,317.59948954373493,350.34176906150736,313.6994627552221,320.8770113445524,0.0
2019-02-20,320.8770113445524,340.97513745415404,304.49752126038766,323.44693421651783,0.0
2019-02-21,323.44693421651783,330.26899200869696,309.94586188812184,322.2670728517771,0.0
2019-02-22,322.2670728517771,332.00514592693617,311.9627241170965,323.84748766996904,0.0
2019-02-25,323.84748766996904,334.23155729012285,313.58466224472045,324.0614732048198,0.0
2019-02-26,324.0614732048198,328.90603169999264,313.7381731932999,323.08963111305485,0.0
2019-02-27,323.08963111305485,326.3523004014601,314.49243460936805,322.37728335538736,0.0
2019-02-28,322.37728335538736,326.6315849105312,314.0560117885158,321.48217481314697,0.0
2019-03-01,321.48217481314697,331.79695401959384,309.2309070389973,323.33845693631486,0.0
2019-03-04,323.33845693631486,329.3614224241715,316.1829824397915,321.79396029441324,0.0
2019-03-05,321.79396029441324,336.53963330561464,311.13128113035776,321.61952729276527,0.0
2019-03-06,321.61952729276527,332.5065220969371,306.2234416209606,318.60725229591145,0.0
2019-03-07,318.60725229591145,326.236037306257,308.55407528849247,316.6295469472545,0.0
2019-03-08,316.6295469472545,326.3720026345098,309.238261378373,316.3445953596472,0.0
2019-03-11,316.3445953596472,326.12356827410775,302.4160304551321,319.38803732494335,0.0
2019-03-12,319.38803732494335,329.6046717105514,314.7878429197261,320.12237396337304,0.0
2019-03-13,320.12237396337304,328.14795029284625,317.5706128607866,322.1024385263768,0.0
2019-03-14,322.1024385263768,325.18592251937224,312.8353363236219,321.6242102435516,0.0
2019-03-15,321.6242102435516,332.8835001108912,315.97570903693065,323.23289219554374,0.0
2019-03-18,323.23289219554374,333.6336255553813,311.45788674084,323.6565695891169,0.0
2019-03-19,323.6565695891169,328.4120064366831,314.72963499126877,323.20545461204784,0.0
2019-03-20,323.20545461204784,333.85000159181163,312.19572770841876,322.19599834679127,0.0
2019-03-21,322.19599834679127,333.76381378181094,228.01656481226567,323.10307166932677,0.0
2019-03-22,323.10307166932677,333.2577737048035,304.5972463498372,316.9769472516519,0.0
2019-03-25,316.9769472516519,322.1817405539995,310.7802836799254,317.27633001898516,0.0
2019-03-26,317.27633001898516,335.498197718919,289.6091596269965,319.35037532304733,0.0
2019-03-27,319.35037532304733,325.47957012424035,307.24863379097707,317.61345118342643,0.0
2019-03-28,317.61345118342643,324.6196001278716,298.61691644844893,318.8754026713875,0.0
2019-03-29,318.8754026713875,328.04235410108225,314.95115219766336,321.71813460261103,0.0
2019-04-01,321.71813460261103,343.5566270798842,311.4034382068065,325.1846508830476,0.0
2019-04-02,325.1846508830476,329.2879722347559,319.32649395042864,324.951290493266,0.0
2019-04-03,324.951290493266,336.823082393658,309.41741965574704,325.5291101852518,0.0
2019-04-04,325.5291101852518,335.42355968664015,318.0364958075126,327.5970422953417,0.0
2019-04-05,327.5970422953417,336.90758902944833,322.04053038065973,328.882821588479,0.0
2019-04-08,328.882821588479,338.9985213956935,325.4123813195933,329.5364019833079,0.0
2019-04-09,329.5364019833079,336.32091131402234,320.64866231660005,327.24591719195024,0.0
2019-04-10,327.24591719195024,336.64112520770857,317.34367427497943,328.4029853296439,0.0
2019-04-11,328.4029853296439,335.5062437109758,319.5874440281166,328.44208810887915,0.0
2019-04-12,328.44208810887915,366.35655648475074,321.89224128458414,332.03250628587193,0.0
2019-04-15,332.03250628587193,337.17330744721244,326.8523567655751,331.86170530284625,0.0
2019-04-16,331.86170530284625,343.25497365743854,321.30602041907775,332.0980046625875,0.0
2019-04-17,332.0980046625875,337.08116097529756,300.4666647963887,329.31830583969054,0.0
2019-04-18,329.31830583969054,337.00055060268204,318.3344867001755,328.7721256027701,0.0
2019-04-22,328.7721256027701,333.13016000907993,320.552803571238,327.33677314912353,0.0
2019-04-23,327.33677314912353,345.8601606140879,319.06282582327333,330.0169070360165,0.0
2019-04-24,330.0169070360165,336.4713457706152,311.37595934367425,329.6855774418727,0.0
2019-04-25,329.6855774418727,344.80822054193357,287.00758038219334,326.1635437256508,0.0
2019-04-26,326.1635437256508,334.9188340005646,307.72854632657385,328.2305152823967,0.0
2019-04-29,328.2305152823967,335.93867377756095,315.5043903412896,328.02846656268747,0.0
2019-04-30,328.02846656268747,353.8953616031179,322.54161558943895,330.1675960647681,0.0
2019-05-01,330.1675960647681,335.94520793801104,314.07497718869234,326.56595397800515,0.0
2019-05-02,326.56595397800515,333.2286636481063,317.8489923851081,326.5387922956667,0.0
2019-05-03,326.5387922956667,339.02163936914354,324.4878126459376,329.4559610395765,0.0
2019-05-06,329.4559610395765,336.42474954437586,323.1149450408344,328.5953905694538,0.0
2019-05-07,328.5953905694538,346.1473221895502,312.95476757932335,323.10906523914366,0.0
2019-05-08,323.10906523914366,345.47712314095924,313.97714429144327,322.610320274464,0.0
2019-05-09,322.610320274464,327.6109566561109,316.4016444242235,321.46010621696644,0.0
2019-05-10,321.46010621696644,325.65982771953117,311.31167283238284,321.691538739863,0.0
2019-05-13,321.691538739863,337.56352384840585,299.05077794353826,315.24884245942326,0.0
2019-05-14,315.24884245942326,332.3451846990627,311.01380509639836,318.43560889190695,0.0
2019-05-15,318.43560889190695,324.9229876880155,314.0067494820625,319.2639092871586,0.0
2019-05-16,319.2639092871586,326.6361773164729,311.2321338241059,320.571837434706,0.0
2019-05-17,320.571837434706,325.4454677641739,307.5975771957813,318.4508022713033,0.0
2019-05-20,318.4508022713033,323.79641335543823,299.71294232218605,316.50812834400693,0.0
2019-05-21,316.50812834400693,330.45355417075893,313.7258755716764,319.75979997970495,0.0
2019-05-22,319.75979997970495,344.6437925089473,309.13862055040664,319.55897186845334,0.0
2019-05-23,319.55897186845334,327.1400666168364,303.671481241126,317.3689899488948,0.0
2019-05-24,317.3689899488948,326.04264716175237,310.0793492086166,317.7536300259142,0.0
2019-05-28,317.7536300259142,319.6678062851766,302.4117530795268,314.3068127612704,0.0
2019-05-29,314.3068127612704,321.6956714018811,301.14474016281093,313.12946950512173,0.0
2019-05-30,313.12946950512173,326.57190307405904,301.6983177264653,313.75428359594713,0.0
2019-05-31,313.75428359594713,336.5451307882315,301.30033725875734,311.7028837736189,0.0
2019-06-03,311.7028837736189,331.4042273932162,302.02514901020237,314.45014131468866,0.0
2019-06-04,314.45014131468866,331.99178217617253,306.14655089206,320.93919120741754,0.0
2019-06-05,320.93919120741754,330.42155082530934,309.6859020505329,321.8550028783363,0.0
2019-06-06,321.8550028783363,329.818224173839,317.859661065943,324.1286722607008,0.0
2019-06-07,324.1286722607008,333.2069565269841,320.0595491878155,326.8776835360593,0.0
2019-06-10,326.8776835360593,336.580950570815,319.01501702960667,328.28778127599384,0.0
2019-06-11,328.28778127599384,334.3137632293059,321.22914725434225,328.2822915598691,0.0
2019-06-12,328.2822915598691,342.3775534431848,311.23999532062174,328.2383061879992,0.0
2019-06-13,328.2383061879992,342.7976465674051,322.32197032985056,330.65874344088627,0.0
2019-06-14,330.65874344088627,337.2804932270605,318.22922664885715,329.24747313126545,0.0
2019-06-17,329.24747313126545,338.33332053779554,316.0218431298844,328.66176737082407,0.0
2019-06-18,328.66176737082407,347.27506379347943,323.35236217984516,331.30558625928137,0.0
2019-06-19,331.30558625928137,341.98052599779095,325.19229973232,332.1976638689308,0.0
2019-06-20,332.1976638689308,355.19438336011825,306.79874575949134,336.372723223487,0.0
2019-06-21,336.372723223487,351.48834141053305,321.2473204838507,335.24340392324285,0.0
2019-06-24,335.24340392324285,348.59030014230547,329.36118664096773,334.93154312655247,0.0
2019-06-25,334.93154312655247,341.1500021188791,324.3571343011965,332.9272640602853,0.0
2019-06-26,332.9272640602853,357.26871313942786,323.8959741468658,332.7172202515862,0.0
2019-06-27,332.7172202515862,347.09835428547007,325.9768125754323,334.8674046630791,0.0
2019-06-28,334.8674046630791,344.24510445918685,326.6273382740002,336.9621018654756,0.0
2019-07-01,336.9621018654756,349.04915280101756,320.6910125897772,337.95860310612784,0.0
2019-07-02,337.95860310612784,352.71324475532106,326.5173327036152,339.46216185338534,0.0
2019-07-03,339.46216185338534,347.1259409834372,335.3115597306986,341.64003324909487,0.0
2019-07-05,341.64003324909487,347.0405463281913,335.8218032879673,340.4341243831996,0.0
2019-07-08,340.4341243831996,351.18066631010475,328.9664979811423,339.10399575417307,0.0
2019-07-09,339.10399575417307,344.06922352931406,328.525985524019,338.5411697135684,0.0
2019-07-10,338.5411697135684,348.39804305345353,331.02227002985643,339.27971198837935,0.0
2019-07-11,339.27971198837935,346.1185282579381,332.1856941476828,339.6813081056033,0.0
2019-07-12,339.6813081056033,355.0950146362228,325.5954823732357,341.1601290539186,0.0
2019-07-15,341.1601290539186,350.4794860982307,336.6000285936579,341.3021587580756,0.0
2019-07-16,341.3021587580756,348.5097899331057,332.86416225987745,339.9970291727751,0.0
2019-07-17,339.9970291727751,353.36775029872064,323.65103159611533,338.7544515897983,0.0
2019-07-18,338.7544515897983,366.59049586399743,335.63197644677115,341.93724228323185,0.0
2019-07-19,341.93724228323185,352.3639161695308,330.89720296632686,340.301808791878,0.0
2019-07-22,340.301808791878,371.43735200377597,333.4751166345677,341.4569741215745,0.0
2019-07-23,341.4569741215745,358.2008346801404,337.21714421530646,345.539683751101,0.0
2019-07-24,345.539683751101,365.7184994177521,338.6487205717317,348.21359963493245,0.0
2019-07-25,348.21359963493245,355.6168785516727,333.04862702419325,346.304055355846,0.0
2019-07-26,346.304055355846,353.8444443849369,337.52196261944755,346.95161198571947,0.0
2019-07-29,346.95161198571947,356.9399817955595,334.14611514495704,347.6756506281027,0.0
2019-07-30,347.6756506281027,363.6644041524885,335.16741644627166,347.53244224450077,0.0
2019-07-31,347.53244224450077,360.29671426284455,316.3769553893882,342.10432230750394,0.0
2019-08-01,342.10432230750394,376.39489035871435,322.17300270194346,339.8528001894568,0.0
2019-08-02,339.8528001894568,350.5355427108064,327.1479097348004,337.97498523925077,0.0
2019-08-05,337.97498523925077,351.0678937459164,320.0969914156555,329.20647697312717,0.0
2019-08-06,329.20647697312717,340.6557057354315,323.37114028811226,333.2629608694801,0.0
2019-08-07,333.2629608694801,345.1934244566681,316.7960571673333,333.71063167698304,0.0
2019-08-08,333.71063167698304,361.5774701950242,326.7186128086548,339.4097407420763,0.0
2019-08-09,339.4097407420763,343.61466877532956,326.04711079351097,337.0468753331424,0.0
2019-08-12,337.0468753331424,337.9358557645775,314.3100170138751,331.8872453913515,0.0
2019-08-13,331.8872453913515,345.1287882439559,322.97538361318846,335.2446093006513,0.0
2019-08-14,335.2446093006513,345.0089811752308,315.4534575281208,326.0744229990478,0.0
2019-08-15,326.0744229990478,333.96095047241477,313.18472942747496,326.48885648458787,0.0
2019-08-16,326.48885648458787,342.155856260544,326.3627933808999,332.16899591925755,0.0
2019-08-19,332.16899591925755,343.1453783058412,320.17049077311333,335.2520145744846,0.0
2019-08-20,335.2520145744846,356.08129325342986,327.3250691597163,332.45596666545276,0.0
2019-08-21,332.45596666545276,400.3621002054255,324.43242382265817,336.5582053759251,0.0
2019-08-22,336.5582053759251,347.406442937158,333.5165097067948,337.1239326852603,0.0
2019-08-23,337.1239326852603,351.96489265747806,316.3737363229821,329.04729658090463,0.0
2019-08-26,329.04729658090463,336.39455188569985,314.90828104471177,330.880259093851,0.0
2019-08-27,330.880259093851,345.2792171583238,305.2117318371823,329.6754071929465,0.0
2019-08-28,329.6754071929465,342.8166465632268,326.8695812970773,332.5633261529401,0.0
2019-08-29,332.5633261529401,348.26498166401393,320.95806062429693,335.52398830651344,0.0
2019-08-30,335.52398830651344,341.1371815305775,328.305661725735,335.87173700228794,0.0
2019-09-03,335.87173700228794,343.9032613746873,321.3979913787587,333.7143372693212,0.0
2019-09-04,333.7143372693212,342.7328033765184,333.7143372693212,337.117837613683,0.0
2019-09-05,337.117837613683,352.08532356976224,319.1812903342232,340.42594005292915,0.0
2019-09-06,340.42594005292915,346.7269111330619,326.4701745609126,340.578291191311,0.0
2019-09-09,340.578291191311,359.96986862258274,330.83999413269316,342.31896590120994,0.0
2019-09-10,342.31896590120994,357.14092917982765,329.1085518630175,343.4603960409447,0.0
2019-09-11,343.4603960409447,352.3994438344428,335.2604679534269,344.96523075797023,0.0
2019-09-12,344.96523075797023,354.8897927480329,329.98397604445995,344.5438699328581,0.0
2019-09-13,344.5438699328581,357.5016073593272,331.35297426764936,344.30327258168586,0.0
2019-09-16,344.30327258168586,382.0117620128403,333.20111103784006,343.4157725653852,0.0
2019-09-17,343.4157725653852,354.20277272907623,321.1221014255937,344.7277020014388,0.0
2019-09-18,344.7277020014388,350.8141768020108,333.38221304495215,343.85546348228786,0.0
2019-09-19,343.85546348228786,353.9370782132568,335.0579929924619,343.74835402273527,0.0
2019-09-20,343.74835402273527,353.5397906251401,332.4550292534048,342.38787384974756,0.0
2019-09-23,342.38787384974756,349.16048504262335,337.80959468941717,342.74812467301064,0.0
2019-09-24,342.74812467301064,352.26427426419025,324.1224558267042,339.831342615429,0.0
2019-09-25,339.831342615429,357.49727433077794,328.39622010244034,341.3910157306961,0.0
2019-09-26,341.3910157306961,347.1113779649143,312.19592928655806,339.5903542279175,0.0
2019-09-27,339.5903542279175,347.9276344488241,322.3316440153845,336.4282032854729,0.0
2019-09-30,336.4282032854729,344.60764600638595,322.6532085057102,338.37224246260377,0.0
2019-10-01,338.37224246260377,351.70706656110485,321.30380099610613,334.5728644338745,0.0
2019-10-02,334.5728644338745,344.6153423603999,323.62731335375605,329.6915067326906,0.0
2019-10-03,329.6915067326906,339.1194927050946,326.19094402425236,331.7447431453028,0.0
2019-10-04,331.7447431453028,344.3728206824003,330.1428988243389,335.5059682783431,0.0
2019-10-07,335.5059682783431,339.98438206468944,328.9247428913619,333.8076600729813,0.0
2019-10-08,333.8076600729813,347.4358561866584,320.7013379482525,329.480862236212,0.0
2019-10-09,329.480862236212,338.9354762458032,322.93322415508646,332.30877447422534,0.0
2019-10-10,332.30877447422534,348.2440450469745,329.65539750859165,335.30130068055996,0.0
2019-10-11,335.30130068055996,359.3857325955046,310.8521715973835,338.3079269085762,0.0
2019-10-14,338.3079269085762,349.71160308458917,331.20070417160946,338.9157855513544,0.0
2019-10-15,338.9157855513544,349.86653271822894,327.6967592263039,341.5372516117029,0.0
2019-10-16,341.5372516117029,349.3906112996713,331.1948258822704,340.74509114608105,0.0
2019-10-17,340.74509114608105,356.0427667739289,335.6005827403162,342.38977029390736,0.0
2019-10-18,342.38977029390736,350.85185232988823,321.09253085662186,342.1339685469178,0.0
2019-10-21,342.1339685469178,364.03938123759474,332.7760627163735,344.82044899156136,0.0
2019-10-22,344.82044899156136,434.85544567263264,325.13855559535654,346.40886439802665,0.0
2019-10-23,346.40886439802665,360.59338876000106,331.72083276603655,348.204859921492,0.0
2019-10-24,348.204859921492,364.2124229107236,329.64297525517736,348.3776022681985,0.0
2019-10-25,348.3776022681985,368.3575825840684,334.23129043139545,349.5079499075025,0.0
2019-10-28,349.5079499075025,358.71943046240693,326.1442497596657,350.1742169473184,0.0
2019-10-29,350.1742169473184,368.73840181162086,339.15713596824503,351.1981945626461,0.0
2019-10-30,351.1981945626461,362.7819816042934,329.76006301632077,351.30946162281225,0.0
2019-10-31,351.30946162281225,375.2739557211481,335.24681731134956,350.0179624910785,0.0
2019-11-01,350.0179624910785,374.96826793450765,340.96186648144743,353.71633496934317,0.0
2019-11-04,353.71633496934317,370.9707028684261,341.9312273138219,356.2805310404437,0.0
2019-11-05,356.2805310404437,362.15469185576745,337.12040464027706,355.0322072062015,0.0
2019-11-06,355.0322072062015,360.9473754450171,342.6289473790642,353.81269174102147,0.0
2019-11-07,353.81269174102147,374.76206561653925,339.4546283334066,353.5298713499908,0.0
2019-11-08,353.5298713499908,374.4202861074838,344.5998354870259,355.5461988813483,0.0
2019-11-11,355.5461988813483,367.16691332459095,342.27495423323074,355.07377552713257,0.0
2019-11-12,355.07377552713257,361.9171245755071,344.17636439189545,354.9407751684069,0.0
2019-11-13,354.9407751684069,380.91207315891086,343.35711189854317,355.5812611720496,0.0
2019-11-14,355.5812611720496,363.8666498985465,347.0792747420079,355.99603181528914,0.0
2019-11-15,355.99603181528914,367.5222085545641,346.7770095538225,359.1140026328295,0.0
2019-11-18,359.1140026328295,370.3019300530001,349.46354769089425,358.5261634531137,0.0
2019-11-19,358.5261634531137,367.31828398117244,348.0685385954767,358.47638905064406,0.0
2019-11-20,358.47638905064406,408.8603680132206,350.5314180444686,359.3210156595111,0.0
2019-11-21,359.3210156595111,369.82234111380086,350.0045864982385,358.2519111458347,0.0
2019-11-22,358.2519111458347,371.4413781769476,352.22194989810566,359.9344824825502,0.0
2019-11-25,359.9344824825502,373.65970301587674,344.5220515082077,362.16951834899,0.0
2019-11-26,362.16951834899,372.3340001420393,353.51415714214727,364.2080768469166,0.0
2019-11-27,364.2080768469166,374.34924321853924,358.2025564383799,365.54091676543663,0.0
2019-11-29,365.54091676543663,376.4142385680337,358.2993615415141,363.5928110729199,0.0
2019-12-02,363.5928110729199,370.1768879635453,349.25614393960933,361.48026234151723,0.0
2019-12-03,361.48026234151723,381.33962597084707,344.7480342008814,359.35552773793677,0.0
2019-12-04,359.35552773793677,374.3504271050789,355.5874251637993,361.8361681424873,0.0
2019-12-05,361.8361681424873,374.171524562327,355.83940015646994,363.5741966289669,0.0
2019-12-06,363.5741966289669,379.2789717660678,343.96611838799555,366.62149689665637,0.0
2019-12-09,366.62149689665637,381.109915127044,358.8444580704285,365.82285124439846,0.0
2019-12-10,365.82285124439846,376.16891504672645,360.0449423856728,366.4517622737266,0.0
2019-12-11,366.4517622737266,389.8423496944684,360.32368141563927,369.36403694352595,0.0
2019-12-12,369.36403694352595,383.8984744464981,359.5708293260276,371.93591742112386,0.0
2019-12-13,371.93591742112386,377.7196152458976,359.29467047781395,371.2044044690527,0.0
2019-12-16,371.2044044690527,378.13143112054183,365.9918694642916,372.6761596089636,0.0
2019-12-17,372.6761596089636,382.7895342997379,365.9922524445088,373.00032288396244,0.0
2019-12-18,373.00032288396244,380.6594212171275,366.90721565975804,373.3596064413142,0.0
2019-12-19,373.3596064413142,385.6045085715324,368.14686046967955,374.349227311891,0.0
2019-12-20,374.349227311891,402.9169287431485,365.9983547438301,377.02977895015465,0.0
2019-12-23,377.02977895015465,388.9839045160789,371.3825002817685,378.54854609874104,0.0
2019-12-24,378.54854609874104,402.7386574887885,374.7519595188042,379.52061469109685,0.0
2019-12-26,379.52061469109685,385.5087707369932,374.6354521522924,380.45868746273663,0.0
2019-12-27,380.45868746273663,383.91763674145795,376.41428305325064,380.43119621532725,0.0
2019-12-30,380.43119621532725,389.69474281572917,374.5472763988659,379.0186084959892,0.0
2019-12-31,379.0186084959892,383.58102256667985,375.6069684097651,379.6741713849985,0.0
2020-01-02,379.6741713849985,391.0600272779569,370.97267146685846,381.21198441452117,0.0
2020-01-03,381.21198441452117,394.928689345808,369.6601591551895,378.6074023797271,0.0
2020-01-06,378.6074023797271,388.2408173861167,367.14826354741285,378.8146640435417,0.0
2020-01-07,378.8146640435417,384.71063015586685,368.07238298296045,378.0147328061863,0.0
2020-01-08,378.0147328061863,385.19009811309394,362.04704388433066,378.86511660213546,0.0
2020-01-09,378.86511660213546,384.9398951611797,372.4083945971512,379.690048960181,0.0
2020-01-10,379.690048960181,385.8654588852352,369.93752696893847,378.90459058877315,0.0
2020-01-13,378.90459058877315,397.40914838443274,357.7676093089323,380.7826771614397,0.0
2020-01-14,380.7826771614397,387.351479482763,373.15574689065016,380.88589027977486,0.0
2020-01-15,380.88589027977486,388.1712704616295,355.7692037354153,380.4847454442342,0.0
2020-01-16,380.4847454442342,389.46496811797476,350.68548885671686,381.3836646869163,0.0
2020-01-17,381.3836646869163,388.5013332426593,376.76412572974493,381.8594674307445,0.0
2020-01-21,381.8594674307445,388.7115677436721,364.0571934024208,380.9634457475801,0.0
2020-01-22,380.9634457475801,390.0067649778879,374.8758586482937,381.03519379623214,0.0
2020-01-23,381.03519379623214,386.4880944260756,370.2103037103902,380.4186316239952,0.0
2020-01-24,380.4186316239952,396.0884885295059,365.57113724536765,377.4464573804702,0.0
2020-01-27,377.4464573804702,382.26702921832015,347.4802461626167,371.25856211906915,0.0
2020-01-28,371.25856211906915,384.8827400931592,350.01422107262454,373.2464172160595,0.0
2020-01-29,373.2464172160595,380.2852427407763,365.17640612756196,371.98375185032324,0.0
2020-01-30,371.98375185032324,389.1864303255886,356.32061988644494,373.24922374142517,0.0
2020-01-31,373.24922374142517,375.46225057738894,358.9481538301346,367.0048446443688,0.0
2020-02-03,367.0048446443688,385.355112322898,357.1985910998881,369.24810165901596,0.0
2020-02-04,369.24810165901596,388.6141524624882,356.30236708796724,373.673638247011,0.0
2020-02-05,373.673638247011,439.0721112177181,364.998594425898,379.9019019331992,0.0
2020-02-06,379.9019019331992,393.3978224782571,335.082563076363,379.96913279553286,0.0
2020-02-07,379.96913279553286,385.56853034699,359.93071797664663,376.02628532211827,0.0
2020-02-10,376.02628532211827,388.83643007196093,369.1266568890025,378.2604914968215,0.0
2020-02-11,378.2604914968215,388.8532686904077,365.9905059132766,379.04759598498185,0.0
2020-02-12,379.04759598498185,391.56140592058733,372.5209566499024,381.3381461080811,0.0
2020-02-13,381.3381461080811,391.9720969801217,373.894877595941,381.7936176916253,0.0
2020-02-14,381.7936176916253,390.60479333436786,365.5773955347137,381.07503499231586,0.0
2020-02-18,381.07503499231586,399.2867147887291,365.0609590818383,379.52028425796044,0.0
2020-02-19,379.52028425796044,395.547196790454,373.508334784357,381.895817809802,0.0
2020-02-20,381.895817809802,397.85990002137976,367.339700026704,381.25355615566195,0.0
2020-02-21,381.25355615566195,417.26715815298013,368.4870348857901,380.66108833589783,0.0
2020-02-24,380.66108833589783,398.13754365857915,344.7772195561681,369.03081757046823,0.0
2020-02-25,369.03081757046823,366.91382552918554,342.27276192897887,356.6090264915158,0.0
2020-02-26,356.6090264915158,380.0099311867783,329.74395363549183,354.2211600193074,0.0
2020-02-27,354.2211600193074,357.0747800607479,323.7110045729612,339.4698364011529,0.0
2020-02-28,339.4698364011529,356.6298547157832,305.03342518711315,333.9258420422289,0.0
2020-03-02,333.9258420422289,363.3111560101578,329.9338907321245,348.37928186514193,0.0
2020-03-03,348.37928186514193,382.1237625343814,326.09438867714533,341.18227009457433,0.0
2020-03-04,341.18227009457433,363.4485802738597,329.2035284150631,353.5106700992647,0.0
2020-03-05,353.5106700992647,360.99680640439595,303.5225938021548,341.9075682959891,0.0
2020-03-06,341.9075682959891,360.2763375024424,303.1704022581346,335.5256467268124,0.0
2020-03-09,335.5256467268124,329.4453943895978,209.22218391340868,304.81365788749235,0.0
2020-03-10,304.81365788749235,336.7812395775385,298.80908447162585,318.80556002765394,0.0
2020-03-11,318.80556002765394,324.7992072336638,284.7312356786383,301.3814744532925,0.0
2020-03-12,301.3814744532925,291.03417283905577,207.4335981020271,270.3171653519755,0.0
2020-03-13,270.3171653519755,318.93180356384505,240.26834412654404,291.6723470352646,0.0
2020-03-16,291.6723470352646,359.39292783513986,218.9570452463939,259.05010257452136,0.0
2020-03-17,259.05010257452136,291.29620913334446,225.9798898414976,271.0760907462631,0.0
2020-03-18,271.0760907462631,288.90052330028476,198.34837161856635,245.9118614186151,0.0
2020-03-19,245.9118614186151,289.94444789047145,231.1434415866895,254.56914470664006,0.0
2020-03-20,254.56914470664006,305.4829883714979,226.333219904633,247.00979473065524,0.0
2020-03-23,247.00979473065524,270.74381072071293,216.45912683133605,239.72708049616483,0.0
2020-03-24,239.72708049616483,310.88915642244507,242.44008723973928,265.841809472833,0.0
2020-03-25,265.841809472833,302.181300228844,240.67461041581757,273.41210665017684,0.0
2020-03-26,273.41210665017684,313.3249871382758,262.5175786104374,291.23503831515023,0.0
2020-03-27,291.23503831515023,299.73732095541317,235.5048834695353,277.94669188114284,0.0
2020-03-30,277.94669188114284,304.05932146302854,246.89228301985105,284.5221518518802,0.0
2020-03-31,284.5221518518802,307.77639928823027,263.7460016437554,282.9123244155696,0.0
2020-04-01,282.9123244155696,290.34759895940294,189.0378488812592,270.004855491017,0.0
2020-04-02,270.004855491017,307.64191756087735,244.53846585348737,274.6054741572079,0.0
2020-04-03,274.6054741572079,292.5220491633167,257.08173113043205,270.1718313976937,0.0
2020-04-06,270.1718313976937,324.90627914242083,268.5138114519175,289.47827035010044,0.0
2020-04-07,289.47827035010044,320.3824144906755,278.08228488185796,290.87083124379024,0.0
2020-04-08,290.87083124379024,324.70433365616134,290.3823630051897,303.62701909994803,0.0
2020-04-09,303.62701909994803,344.36704196429594,284.888918980281,313.2805177587239,0.0
2020-04-13,313.2805177587239,331.21977530686087,290.07454087274215,308.2399959064291,0.0
2020-04-14,308.2399959064291,335.31150369254357,297.73182929930437,315.3659137610793,0.0
2020-04-15,315.3659137610793,321.73408845913207,287.25985928926184,304.3203496009033,0.0
2020-04-16,304.3203496009033,321.2530553553728,287.70547083948935,304.93118635919757,0.0
2020-04-17,304.93118635919757,346.53348172757336,289.87781025371476,316.5501854687079,0.0
2020-04-20,316.5501854687079,332.6977334961311,297.19202204696575,309.643118263762,0.0
2020-04-21,309.643118263762,308.83078847143105,286.0916519477718,300.18939606659046,0.0
2020-04-22,300.18939606659046,331.17408077725935,271.90493358262694,307.1928147503006,0.0
2020-04-23,307.1928147503006,332.94778027621277,293.53556526792073,308.4933268063392,0.0
2020-04-24,308.4933268063392,334.9581591907496,294.83905166449193,313.67030951495656,0.0
2020-04-27,313.67030951495656,341.85059671213,311.04119026539274,322.06154495122956,0.0
2020-04-28,322.06154495122956,358.78351098018703,306.93111724323336,326.4961854340251,0.0
2020-04-29,326.4961854340251,377.9398896944131,320.7236897714607,337.81382202291013,0.0
2020-04-30,337.81382202291013,341.3081772797342,315.03339616068604,329.0803432678565,0.0
2020-05-01,329.0803432678565,338.7949400234469,288.30752412618125,318.46026142555695,0.0
2020-05-04,318.46026142555695,328.699867116259,309.27401953976477,319.84745277566986,0.0
2020-05-05,319.84745277566986,332.63204632575747,291.96673874725457,320.96341036124227,0.0
2020-05-06,320.96341036124227,326.28124158333117,289.32385347849373,315.7408862196658,0.0
2020-05-07,315.7408862196658,335.7747270175864,309.73513521778466,321.0011579925782,0.0
2020-05-08,321.0011579925782,355.2804696957402,318.78384974322717,327.7734159843877,0.0
2020-05-11,327.7734159843877,342.37617075157067,301.3974021143428,323.9573468942153,0.0
2020-05-12,323.9573468942153,325.2434278522766,299.39442684495435,316.1342206703688,0.0
2020-05-13,316.1342206703688,323.2685024373221,287.50435780929956,309.1029462059739,0.0
2020-05-14,309.1029462059739,328.4014412181473,302.3978138283351,313.0816749852987,0.0
2020-05-15,313.0816749852987,333.5131115719854,302.5776210708951,315.48579663853565,0.0
2020-05-18,315.48579663853565,369.78015539413326,303.2074715341177,331.6982512322019,0.0
2020-05-19,331.6982512322019,340.65291627663134,316.2756805439882,327.0960475160932,0.0
2020-05-20,327.0960475160932,350.56480642710125,301.97966371683646,330.2333487453734,0.0
2020-05-21,330.2333487453734,342.51543347377793,315.2198642789335,327.8907624735386,0.0
2020-05-22,327.8907624735386,337.70347570029406,317.2165067046073,327.18946829289206,0.0
2020-05-26,327.18946829289206,368.37101453033375,307.2623766315758,335.43864601165694,0.0
2020-05-27,335.43864601165694,366.4186805837531,332.71936855294126,345.4280570630196,0.0
2020-05-28,345.4280570630196,357.0234149200503,319.1803595951008,341.9099184681134,0.0
2020-05-29,341.9099184681134,354.45102924529766,325.1556495424823,342.0719872684512,0.0
2020-06-01,342.0719872684512,365.10857968353406,330.3369896246266,346.06167986269776,0.0
2020-06-02,346.06167986269776,366.11277401673925,334.5053519672022,349.6541602276333,0.0
2020-06-03,349.6541602276333,374.1248457728829,336.44152692573,356.5746190557335,0.0
2020-06-04,356.5746190557335,381.99988552060785,344.2856438562286,359.6349739648186,0.0
2020-06-05,359.6349739648186,418.60114532813094,344.0363995707433,370.7840039740421,0.0
2020-06-08,370.7840039740421,429.39234037939735,364.18359485393,378.74916818853825,0.0
2020-06-09,378.74916818853825,395.13269134273025,350.31638546390275,372.6097731811424,0.0
2020-06-10,372.6097731811424,388.2108946126189,332.9876309396643,367.02680922884764,0.0
2020-06-11,367.02680922884764,360.94028313679314,310.6194764259428,341.70341273666,0.0
2020-06-12,341.70341273666,391.4698688556131,330.1731260171159,348.99243249366714,0.0
2020-06-15,348.99243249366714,362.8937505731053,339.56018001490844,352.95914814858054,0.0
2020-06-16,352.95914814858054,371.3644890614285,341.1749852746784,360.1777540071476,0.0
2020-06-17,360.1777540071476,371.27620599205375,336.718582096737,357.467674697819,0.0
2020-06-18,357.467674697819,364.5445154407172,330.59345621089483,357.07317540594875,0.0
2020-06-19,357.07317540594875,380.6342308418682,335.6486921536731,355.2649072891962,0.0
2020-06-22,355.2649072891962,376.982335923069,337.45726791057905,355.4593601579206,0.0
2020-06-23,355.4593601579206,373.87627460458333,351.4318571704887,358.23504654966524,0.0
2020-06-24,358.23504654966524,363.9996461247773,318.4311610150358,347.1559989805004,0.0
2020-06-25,347.1559989805004,363.90612997852486,341.3852475348738,351.5377197701096,0.0
2020-06-26,351.5377197701096,358.64699846019926,329.21107934160887,344.6351960538635,0.0
2020-06-29,344.6351960538635,366.4752124004605,343.74991176597985,350.5368867677421,0.0
2020-06-30,350.5368867677421,367.36517693264557,343.01644952662843,355.49697481872994,0.0
2020-07-01,355.49697481872994,371.74971606385486,336.36805317114374,354.1809497494167,0.0
2020-07-02,354.1809497494167,363.15505438107493,343.7893057012462,354.9817298099315,0.0
2020-07-06,354.9817298099315,393.5667107462468,345.25618811631995,359.9755290223917,0.0
2020-07-07,359.9755290223917,372.09588511354673,335.9925149110347,356.1810308689822,0.0
2020-07-08,356.1810308689822,374.5157017291275,345.3519775688951,358.7181920716914,0.0
2020-07-09,358.7181920716914,367.06412539138154,338.8692452403312,354.3753117244777,0.0
2020-07-10,354.3753117244777,392.7781076956482,349.5735089120553,360.38580487721606,0.0
2020-07-13,360.38580487721606,367.5748584370183,340.7608471174944,357.75980524608246,0.0
2020-07-14,357.75980524608246,378.69734925986546,343.7098401696052,363.98451059484626,0.0
2020-07-15,363.98451059484626,423.03518104758547,344.27676813445015,370.8988638781999,0.0
2020-07-16,370.8988638781999,385.5058941119511,334.8274504061999,369.15988687317684,0.0
2020-07-17,369.15988687317684,381.90172705265275,358.2069992928212,370.47080949225113,0.0
2020-07-20,370.47080949225113,386.3940363277538,351.0659415890844,369.54873220279364,0.0
2020-07-21,369.54873220279364,394.6261744196258,359.8178924196376,372.77949156894994,0.0
2020-07-22,372.77949156894994,391.621107604266,366.17542037423516,376.385386248934,0.0
2020-07-23,376.385386248934,397.7789027526091,360.0146530509818,375.23739097083245,0.0
2020-07-24,375.23739097083245,400.0913667958081,364.43803518145035,374.147159173041,0.0
2020-07-27,374.147159173041,409.8214858949171,347.6029146253489,378.27342033633727,0.0
2020-07-28,378.27342033633727,394.22967044550353,345.5910100140501,374.89811994682213,0.0
2020-07-29,374.89811994682213,392.71648683092207,367.051004729938,379.28882483984466,0.0
2020-07-30,379.28882483984466,385.3018977297241,337.0647373654632,373.5145552321635,0.0
2020-07-31,373.5145552321635,393.6523468354962,359.0552904140601,371.29538863710945,0.0
2020-08-03,371.29538863710945,392.1773979360859,349.62759284127833,372.9619178126428,0.0
2020-08-04,372.9619178126428,394.666844240662,364.18595960438427,376.0286190131108,0.0
2020-08-05,376.0286190131108,409.1142560699632,366.0550000587658,380.48290572849794,0.0
2020-08-06,380.48290572849794,396.5519419625321,348.50638197893915,380.19716529930696,0.0
2020-08-07,380.19716529930696,418.6057430739611,364.5297289996448,383.6596843935313,0.0
2020-08-10,383.6596843935313,416.57561780343013,376.021858557738,386.9318682228121,0.0
2020-08-11,386.9318682228121,401.0672392265535,357.4342051645537,384.77152734849113,0.0
2020-08-12,384.77152734849113,398.36015281384744,369.4487732192301,387.8838779438893,0.0
2020-08-13,387.8838779438893,398.40524173735093,376.3584335807709,386.08891044890134,0.0
2020-08-14,386.08891044890134,392.43072939542094,379.9662291732495,385.5465950876287,0.0
2020-08-17,385.5465950876287,412.71906490653765,365.8580453828771,387.4085929674074,0.0
2020-08-18,387.4085929674074,395.9261023360489,379.271622374773,386.8810857362727,0.0
2020-08-19,386.8810857362727,435.82771013500195,368.05792876283834,386.2676948621596,0.0
2020-08-20,386.2676948621596,395.98401399520515,374.5720518861447,385.0994311317579,0.0
2020-08-21,385.0994311317579,394.59090736704786,372.2893790335743,384.34280813502824,0.0
2020-08-24,384.34280813502824,423.43294305679154,380.21175204524445,389.84902697397735,0.0
2020-08-25,389.84902697397735,400.96694808098533,379.7063526724999,389.8397270863838,0.0
2020-08-26,389.8397270863838,404.66772662451905,374.8741840998653,390.3444526549102,0.0
2020-08-27,390.3444526549102,420.9849585378943,378.87698832282604,392.0719609807994,0.0
2020-08-28,392.0719609807994,418.5829812450313,381.40178859778143,396.4545357413047,0.0
2020-08-31,396.4545357413047,405.50629618028586,379.6380438843157,392.070872656526,0.0
2020-09-01,392.070872656526,406.3873525973543,381.31630176601004,392.7492877562673,0.0
2020-09-02,392.7492877562673,408.4822048318793,388.5725414306091,398.67654716811825,0.0
2020-09-03,398.67654716811825,419.4335063448756,367.93054967168297,389.3837549692186,0.0
2020-09-04,389.3837549692186,410.4255969136544,380.0150384277923,390.85652707507563,0.0
2020-09-08,390.85652707507563,397.400967154898,362.01291092038844,381.9783655108289,0.0
2020-09-09,381.9783655108289,402.24107894389556,368.8210273221815,388.41433063752294,0.0
2020-09-10,388.41433063752294,393.25302746385034,368.29733175937685,382.62894381523006,0.0
2020-09-11,382.62894381523006,394.76051635168284,373.56664727359305,384.7601910709651,0.0
2020-09-14,384.7601910709651,412.0702475387903,363.25885720122466,389.3038564919527,0.0
2020-09-15,389.3038564919527,398.9747446381813,347.4291525343626,387.9884578242253,0.0
2020-09-16,387.9884578242253,410.9498721114306,378.1071582689394,389.7009734850198,0.0
2020-09-17,389.7009734850198,403.472708560412,370.2225861317723,386.81636322654964,0.0
2020-09-18,386.81636322654964,393.77840505807796,364.6649649170855,381.68129233667395,0.0
2020-09-21,381.68129233667395,390.6341071640988,342.96261295997994,370.5923838010752,0.0
2020-09-22,370.5923838010752,382.80429526761316,362.56564457414004,372.1350616865144,0.0
2020-09-23,372.1350616865144,375.11147268444245,350.53792715778263,363.29767641874923,0.0
2020-09-24,363.29767641874923,381.17681991704836,353.27035012219744,364.338916437822,0.0
2020-09-25,364.338916437822,399.60606679326224,359.01594283357935,368.92070545595243,0.0
2020-09-28,368.92070545595243,383.38815699578333,370.43540886892845,375.7299999431769,0.0
2020-09-29,375.7299999431769,385.0431833287101,355.41234787150523,372.6735246847205,0.0
2020-09-30,372.6735246847205,385.5694739313878,367.43921252867125,375.9481574438198,0.0
2020-10-01,375.9481574438198,394.78435023785306,348.4930672925234,376.9890740490641,0.0
2020-10-02,376.9890740490641,400.3539156380072,365.5020727946324,377.5160727081456,0.0
2020-10-05,377.5160727081456,420.3560590615278,372.5356602891634,384.55985538293675,0.0
2020-10-06,384.55985538293675,390.4721969410322,370.4216513029975,379.7410830020028,0.0
2020-10-07,379.7410830020028,407.7624780734915,378.5336842495997,387.6963152996323,0.0
2020-10-08,387.6963152996323,416.29418109076863,378.4827910947114,391.51004482677195,0.0
2020-10-09,391.51004482677195,412.31776394504016,382.58945240616157,394.8290191326337,0.0
2020-10-12,394.8290191326337,407.633702873485,382.7501364901147,396.9988723792634,0.0
2020-10-13,396.9988723792634,409.67415610401633,366.1994561211692,391.4721139718303,0.0
2020-10-14,391.4721139718303,400.77095847602044,370.604026242585,390.0601402102334,0.0
2020-10-15,390.0601402102334,405.4679445603368,378.0668633753895,390.7418211998292,0.0
2020-10-16,390.7418211998292,399.2979196639906,366.2270109787256,390.4471027400523,0.0
2020-10-19,390.4471027400523,392.38822432558675,374.7739718365837,384.80138144415133,0.0
2020-10-20,384.80138144415133,402.8242300132621,362.50623775946605,385.67192708399955,0.0
2020-10-21,385.67192708399955,406.53561891007877,377.0231168004437,385.51490916024846,0.0
2020-10-22,385.51490916024846,404.4179182163142,354.2332714025696,387.92243859740046,0.0
2020-10-23,387.92243859740046,397.6098659899831,381.93424999018464,389.34469314307734,0.0
2020-10-26,389.34469314307734,393.71536699530225,355.6318884004556,380.3441038798796,0.0
2020-10-27,380.3441038798796,388.7304084867948,364.22207626728704,375.76561292093,0.0
2020-10-28,375.76561292093,391.75708943009454,335.8951591253223,363.8549993051524,0.0
2020-10-29,363.8549993051524,383.97052671946983,357.14014402517995,368.02509101172336,0.0
2020-10-30,368.02509101172336,388.7229862307251,358.0178525143848,368.0680912604181,0.0
2020-11-02,368.0680912604181,402.1073182094606,363.5707279799991,376.70033223919927,0.0
2020-11-03,376.70033223919927,398.6552864479495,366.38592632698635,383.06810703684386,0.0
2020-11-04,383.06810703684386,551.5182211470895,346.14928783765464,386.4867853977339,0.0
2020-11-05,386.4867853977339,414.1703059966425,357.43750418436645,392.9005170875017,0.0
2020-11-06,392.9005170875017,405.94289791721945,377.08394989942764,392.6736313614688,0.0
2020-11-09,392.6736313614688,546.9585930486818,282.07075618748314,404.93612489637263,0.0
2020-11-10,404.93612489637263,425.12965082058525,351.92628854060644,405.4569596855183,0.0
2020-11-11,405.4569596855183,420.9335211029394,388.48722304163385,406.0664841411401,0.0
2020-11-12,406.0664841411401,407.4403305361695,374.00204463747536,400.13921820519005,0.0
2020-11-13,400.13921820519005,434.2216321032997,400.3735105029807,408.71560335917997,0.0
2020-11-16,408.71560335917997,448.54049120673335,398.049043177539,417.03342613036654,0.0
2020-11-17,417.03342613036654,429.4866492687422,406.36032960565285,415.45438182381736,0.0
2020-11-18,415.45438182381736,432.20200359839595,396.33317649133045,410.47644395160575,0.0
2020-11-19,410.47644395160575,426.74613044125954,404.2579241956258,413.17122323871797,0.0
2020-11-20,413.17122323871797,419.49347654955744,394.54557704782434,410.72725437664496,0.0
2020-11-23,410.72725437664496,447.4085934958003,390.94034812964486,415.6937742871503,0.0
2020-11-24,415.6937742871503,462.5679267765778,401.39282613701977,424.08974189033034,0.0
2020-11-25,424.08974189033034,432.8978303803344,403.49548065384215,423.34752233424746,0.0
2020-11-27,423.34752233424746,442.4135487537684,403.5062092339774,424.2715455766232,0.0
2020-11-30,424.2715455766232,436.9535622444148,392.814926558049,418.9850534231714,0.0
2020-12-01,418.9850534231714,444.12013659303375,398.1894436667821,423.31383934589394,0.0
2020-12-02,423.31383934589394,444.532067981997,414.0924174536579,425.37872136859136,0.0
2020-12-03,425.37872136859136,459.9557947932149,415.71570949865605,427.3430166624454,0.0
2020-12-04,427.3430166624454,460.78100449018945,417.5321413671417,434.7247577775411,0.0
2020-12-07,434.7247577775411,449.35212659527264,421.3913534459097,432.96996301583295,0.0
2020-12-08,432.96996301583295,451.000964186238,422.49798093016005,435.1649487976913,0.0
2020-12-09,435.1649487976913,450.41529228114155,411.4934405853964,433.3458799734255,0.0
2020-12-10,433.3458799734255,444.7400122209545,419.84386358257706,432.3945521830183,0.0
2020-12-11,432.3945521830183,491.1782771126243,413.022021879867,432.8702755875748,0.0
2020-12-14,432.8702755875748,443.0601886773552,413.8790184302923,428.41603645906946,0.0
2020-12-15,428.41603645906946,461.8544782488935,421.22586101965953,435.9008044901266,0.0
2020-12-16,435.9008044901266,446.3845788958494,424.3923906209642,436.946023275826,0.0
2020-12-17,436.946023275826,453.63220718340875,432.6868204206627,440.20429612764957,0.0
2020-12-18,440.20429612764957,456.5260931839818,429.312608437461,439.52651194487834,0.0
2020-12-21,439.52651194487834,455.9302039947051,428.2196120724481,438.19729542326434,0.0
2020-12-22,438.19729542326434,446.97920258172,412.1884830229392,434.76246277895393,0.0
2020-12-23,434.76246277895393,459.56216170207614,426.4311648050945,437.71960823264317,0.0
2020-12-24,437.71960823264317,444.42206953530984,431.65262063223526,438.91238199859686,0.0
2020-12-28,438.91238199859686,457.2354676228195,423.6286767340905,439.2855726857435,0.0
2020-12-29,439.2855726857435,444.0506311819457,431.34281679829303,437.29170116806716,0.0
2020-12-30,437.29170116806716,468.9309200852804,432.47290763051814,441.06411233381505,0.0
2020-12-31,441.06411233381505,453.5991687358261,423.2868190249841,442.5495833369097,0.0
2021-01-04,442.5495833369097,498.6996879197558,416.397077664178,440.7526956204522,0.0
2021-01-05,440.7526956204522,477.7356038088612,429.68628461688365,445.39386439960316,0.0
2021-01-06,445.39386439960316,485.84970875244153,427.40013540606475,455.0698021233311,0.0
2021-01-07,455.0698021233311,477.39833176015134,442.91375239934507,457.6994633115177,0.0
2021-01-08,457.6994633115177,464.51261659245404,441.1873965670046,456.22631705279406,0.0
2021-01-11,456.22631705279406,483.2884397340851,441.66181731643263,454.9507540974286,0.0
2021-01-12,454.9507540974286,489.45355808171485,442.62374676333906,457.5178476121356,0.0
2021-01-13,457.5178476121356,471.43178155514335,436.2680404014483,456.42562509530995,0.0
2021-01-14,456.42562509530995,479.73726297034233,446.89565713247197,460.1774256127017,0.0
2021-01-15,460.1774256127017,467.2648121598238,428.3031305672824,454.9828219654412,0.0
2021-01-19,454.9828219654412,481.8520385777824,439.4742763449439,458.00219303677494,0.0
2021-01-20,458.00219303677494,482.49756638703457,424.71672072316034,460.6206580459684,0.0
2021-01-21,460.6206580459684,467.8858755450602,445.2513833218865,456.36594475693994,0.0
2021-01-22,456.36594475693994,463.2022822933796,444.9238014991747,454.88265513748127,0.0
2021-01-25,454.88265513748127,469.38563589151084,432.35484317499424,452.7261086847683,0.0
2021-01-26,452.7261086847683,467.4990555173454,421.95076051401946,448.35820251817296,0.0
2021-01-27,448.35820251817296,475.6239517537492,423.6758198593198,438.18930220715583,0.0
2021-01-28,438.18930220715583,472.1706813770978,425.98893898750623,448.83883321707395,0.0
2021-01-29,448.83883321707395,473.5369335606142,424.5096562850003,440.0107252723065,0.0
2021-02-01,440.0107252723065,470.33733499243925,433.54937599621434,445.71314856709773,0.0
2021-02-02,445.71314856709773,463.685429014784,437.34740676619697,450.7893991383783,0.0
2021-02-03,450.7893991383783,473.73448039476636,427.3019904996731,452.63385747573534,0.0
2021-02-04,452.63385747573534,471.8155632795711,427.4233541329099,457.621912636682,0.0
2021-02-05,457.621912636682,487.2598052968741,451.4496386480988,461.57947860850726,0.0
2021-02-08,461.57947860850726,487.35781773705685,457.9473187846752,468.8129403607232,0.0
2021-02-09,468.8129403607232,485.8748506784701,454.71562232588815,469.33787148547907,0.0
2021-02-10,469.33787148547907,485.93561443537,455.3342546935103,469.67375009504167,0.0
2021-02-11,469.67375009504167,490.48984531513213,450.43236993982345,470.8776663243119,0.0
2021-02-12,470.8776663243119,488.8113310656142,462.8862293583632,473.9818883091192,0.0
2021-02-16,473.9818883091192,517.0083792019027,451.6559679914645,474.7993781647979,0.0
2021-02-17,474.7993781647979,499.16395668790875,446.7599770152165,474.4150404454545,0.0
2021-02-18,474.4150404454545,485.6241871614279,451.79091407869157,470.37559150692374,0.0
2021-02-19,470.37559150692374,516.5313922213634,455.86822156615483,474.37773824704743,0.0
2021-02-22,474.37773824704743,500.99995170162543,452.2994393944578,476.5436090655375,0.0
2021-02-23,476.5436090655375,489.7892120105042,464.91309613963284,476.77458602374213,0.0
2021-02-24,476.77458602374213,507.0569897345262,464.8840294546801,483.30468888033226,0.0
2021-02-25,483.30468888033226,486.3792798314709,455.1150785741122,473.88379198563956,0.0
2021-02-26,473.88379198563956,497.6989091235125,450.37556392988034,468.305570540175,0.0
2021-03-01,468.305570540175,494.32258094919837,460.60257986695,477.192323245409,0.0
2021-03-02,477.192323245409,500.40812825445596,444.88201762947983,476.15147553296504,0.0
2021-03-03,476.15147553296504,494.7901913431587,447.98103192132356,472.910134320471,0.0
2021-03-04,472.910134320471,489.58176559285374,441.8331771034549,466.98296304313294,0.0
2021-03-05,466.98296304313294,505.00491418792865,444.6564113408876,476.66915662910776,0.0
2021-03-08,476.66915662910776,506.57547998911576,450.2941330135653,480.8351898207473,0.0
2021-03-09,480.8351898207473,516.8838549402393,463.2124932742288,482.8993662951799,0.0
2021-03-10,482.8993662951799,503.61666076406044,467.4914363036758,487.0668435384096,0.0
2021-03-11,487.0668435384096,529.6111249915504,480.81750937892616,491.7257443459175,0.0
2021-03-12,491.7257443459175,509.4472163947845,475.13710692085414,494.27152944731193,0.0
2021-03-15,494.27152944731193,538.561197297499,483.1279938734492,500.116796002023,0.0
2021-03-16,500.116796002023,507.57053717688365,473.46013495502564,496.2642814910598,0.0
2021-03-17,496.2642814910598,515.8683524345086,487.4786973415877,500.0636976105568,0.0
2021-03-18,500.0636976105568,513.1087740467574,474.79274751298243,496.3703473505602,0.0
2021-03-19,496.3703473505602,518.3133892133611,484.90525267868594,496.1324904311871,0.0
2021-03-22,496.1324904311871,508.2801124633645,470.77765175321167,495.37751764762345,0.0
2021-03-23,495.37751764762345,499.2638158749863,455.6172882767583,485.9229684629462,0.0
2021-03-24,485.9229684629462,497.36474931636616,468.24447666308623,485.3167319296587,0.0
2021-03-25,485.3167319296587,504.84659416072765,477.6400972595828,490.04114570361645,0.0
2021-03-26,490.04114570361645,519.1821528817825,487.4455560496895,502.2339463460074,0.0
2021-03-29,502.2339463460074,532.3250443795978,484.81108941216837,500.49540435551825,0.0
2021-03-30,500.49540435551825,520.4136926876942,482.1375536277976,500.9113605859425,0.0
2021-03-31,500.9113605859425,524.3360021279967,487.1457528727149,500.27335807456234,0.0
2021-04-01,500.27335807456234,523.2718928952934,495.64660817305696,506.7182040480415,0.0
2021-04-05,506.7182040480415,530.7333745288707,492.8482008753662,511.94307355906795,0.0
2021-04-06,511.94307355906795,520.8670428589285,497.3130081421709,511.04659235048723,0.0
2021-04-07,511.04659235048723,518.1940814798709,495.28737022420717,509.1174358090793,0.0
2021-04-08,509.1174358090793,519.474094410654,497.8119843295527,509.2629226849426,0.0
2021-04-09,509.2629226849426,522.4580764416338,502.584102493416,511.7645909078525,0.0
2021-04-12,511.7645909078525,525.1837747140148,484.6917480423641,510.53095569042426,0.0
2021-04-13,510.53095569042426,524.3449587809777,495.94723569889555,509.38969334195684,0.0
2021-04-14,509.38969334195684,549.5748900186335,501.2184820462904,511.4553258764749,0.0
2021-04-15,511.4553258764749,535.6843689076765,496.83490756861437,515.545600691017,0.0
2021-04-16,515.545600691017,532.8133609082538,494.7133745319655,518.5610920261947,0.0
2021-04-19,518.5610920261947,526.8904601178158,486.54149663079755,515.072828312841,0.0
2021-04-20,515.072828312841,528.1645624574631,492.6617508884589,510.11835743405953,0.0
2021-04-21,510.11835743405953,542.0503458949058,491.8353729917211,515.3499252797476,0.0
2021-04-22,515.3499252797476,538.0910747079591,494.6289702741485,510.64475743102145,0.0
2021-04-23,510.64475743102145,537.103227021209,506.39402731247606,515.6484606146192,0.0
2021-04-26,515.6484606146192,551.0691359849206,507.98215008912166,518.0342768966634,0.0
2021-04-27,518.0342768966634,533.4891498796774,476.80130551998207,515.7033442056991,0.0
2021-04-28,515.7033442056991,545.9377589282888,500.00001602159335,516.5487684352842,0.0
2021-04-29,516.5487684352842,535.3779070552474,501.34189707224914,519.1670272337477,0.0
2021-04-30,519.1670272337477,533.4770352409938,497.83252885763983,515.3978337864895,0.0
2021-05-03,515.3978337864895,545.7007025488932,506.9884080801823,522.4604960710968,0.0
2021-05-04,522.4604960710968,537.932991903797,499.07795556178496,521.7010988286717,0.0
2021-05-05,521.7010988286717,552.5617161567167,506.82998250100223,525.2702938569279,0.0
2021-05-06,525.2702938569279,546.4958670908372,506.42738123615595,528.5258754577388,0.0
2021-05-07,528.5258754577388,552.3954900334236,525.4092568478935,534.6602426521522,0.0
2021-05-10,534.6602426521522,550.830107094386,510.64473258669364,532.6994783248664,0.0
2021-05-11,532.6994783248664,558.3747531059975,514.6907426479405,528.5034651992937,0.0
2021-05-12,528.5034651992937,532.6851179707494,499.62320084108273,517.1869944597887,0.0
2021-05-13,517.1869944597887,538.0672650578955,507.75049621292914,524.655600372804,0.0
2021-05-14,524.655600372804,568.0984133481516,511.00519333579035,531.8302265148385,0.0
2021-05-17,531.8302265148385,562.1116629149526,520.746672656682,533.8680348614365,0.0
2021-05-18,533.8680348614365,543.4546150655092,509.03244700472726,530.294906085624,0.0
2021-05-19,530.294906085624,562.6114333719777,494.92578546552403,527.3159170835345,0.0
2021-05-20,527.3159170835345,540.1107625500566,510.7226503883565,530.5523772375935,0.0
2021-05-21,530.5523772375935,540.6480785459976,522.9700280081285,530.7646264313549,0.0
2021-05-24,530.7646264313549,545.0251406481034,520.5738400584197,534.0779247352659,0.0
2021-05-25,534.0779247352659,547.0948381096713,520.5541483142481,531.8534048318495,0.0
2021-05-26,531.8534048318495,546.5547807425039,511.12904159441746,532.8972965447753,0.0
2021-05-27,532.8972965447753,549.5273391713383,525.4011037346133,534.9814379604393,0.0
2021-05-28,534.9814379604393,542.1276105984095,527.135022863347,535.1028810527135,0.0
2021-06-01,535.1028810527135,557.433691666758,485.2854059290559,536.6987814836062,0.0
2021-06-02,536.6987814836062,559.9235144780208,517.6585484785721,537.5665853293289,0.0
2021-06-03,537.5665853293289,549.1324138033781,514.331355793608,535.7214878101211,0.0
2021-06-04,535.7214878101211,562.4339065680391,533.0315271171023,539.1890061048568,0.0
2021-06-07,539.1890061048568,745.9214385649422,524.4727800901182,544.0951481138441,0.0
2021-06-08,544.0951481138441,554.0161357838406,527.4095369149203,542.529906890222,0.0
2021-06-09,542.529906890222,558.406364572518,525.011927664769,540.5459626189331,0.0
2021-06-10,540.5459626189331,556.7972935163839,519.4487082854305,541.1001345160198,0.0
2021-06-11,541.1001345160198,554.1884873027582,517.5230153671224,540.7378973398228,0.0
2021-06-14,540.7378973398228,553.689212978719,519.4191081152478,537.6621763848016,0.0
2021-06-15,537.6621763848016,551.1035862184228,512.059228853304,534.8564969908421,0.0
2021-06-16,534.8564969908421,547.3819693292079,517.7572210598646,530.2544289005317,0.0
2021-06-17,530.2544289005317,541.4634234136782,491.91300114210156,522.1161711316524,0.0
2021-06-18,522.1161711316524,528.8141755287933,502.756793516448,513.9884810287455,0.0
2021-06-21,513.9884810287455,545.7766971934614,504.0246961188663,523.6431519016096,0.0
2021-06-22,523.6431519016096,538.7518923772127,512.5018134884926,524.3881504752809,0.0
2021-06-23,524.3881504752809,537.1224644672897,516.917523900874,523.7814574968186,0.0
2021-06-24,523.7814574968186,544.8686012135245,491.7546077417749,527.1361041996136,0.0
2021-06-25,527.1361041996136,539.9977617304139,519.3888592699158,529.6502544012419,0.0
2021-06-28,529.6502544012419,543.6525575928221,492.36947713289845,526.5755586885805,0.0
2021-06-29,526.5755586885805,536.8514383381795,513.1000515866032,526.3239128265815,0.0
2021-06-30,526.3239128265815,539.0009899978817,517.1260844784413,528.2008243077479,0.0
2021-07-01,528.2008243077479,543.7360383569853,518.2900330726297,531.0783239453536,0.0
2021-07-02,531.0783239453536,543.0317875407424,525.0341692915673,532.4727698169405,0.0
2021-07-06,532.4727698169405,541.4031922280805,497.7657331470613,526.1691157447308,0.0
2021-07-07,526.1691157447308,542.0964855213244,506.40099928263317,527.7075110726228,0.0
2021-07-08,527.7075110726228,548.083353162207,505.5556327291343,522.5678087938035,0.0
2021-07-09,522.5678087938035,551.7235508145033,507.1477970520475,530.8875759801286,0.0
2021-07-12,530.8875759801286,552.8979837025016,517.3693381780039,531.1668305664283,0.0
2021-07-13,531.1668305664283,541.6360442722716,508.682385387748,527.0352633533887,0.0
2021-07-14,527.0352633533887,537.0138863782199,510.258211869846,526.7657030361163,0.0
2021-07-15,526.7657030361163,533.8842477891734,491.0056133504224,523.6549778331155,0.0
2021-07-16,523.6549778331155,531.1848590316654,499.0825387074149,518.1830029486664,0.0
2021-07-19,518.1830029486664,523.8274535675887,488.4593286010163,509.22983232751335,0.0
2021-07-20,509.22983232751335,547.1896632589282,493.6300845200166,518.2139093556053,0.0
2021-07-21,518.2139093556053,567.1250729279042,511.1873055868796,524.5776008374405,0.0
2021-07-22,524.5776008374405,533.4136270851776,509.8368683592834,522.2382994071249,0.0
2021-07-23,522.2382994071249,537.3540353834052,504.9913253099805,525.3920261949917,0.0
2021-07-26,525.3920261949917,554.1020049918268,507.84064838625045,528.6961593448976,0.0
2021-07-27,528.6961593448976,541.2453329981417,518.2641514857056,528.8667837096331,0.0
2021-07-28,528.8667837096331,552.1454360224732,520.7820732604621,530.6041225486706,0.0
2021-07-29,530.6041225486706,556.4978413560117,522.6493804900218,535.5943218851108,0.0
2021-07-30,535.5943218851108,545.0344562210696,510.59522640652284,532.7721107315954,0.0
2021-08-02,532.7721107315954,540.8762883450911,512.0764016950302,529.954165562133,0.0
2021-08-03,529.954165562133,563.9726704685971,522.2260162129888,535.8435145484137,0.0
2021-08-04,535.8435145484137,540.6794971570451,505.06616822594685,530.1468031077641,0.0
2021-08-05,530.1468031077641,568.1943630097294,505.8808764169009,533.2471293632058,0.0
2021-08-06,533.2471293632058,549.6448063044613,450.6743763782474,533.8867715891255,0.0
2021-08-09,533.8867715891255,542.2791617688463,524.4558488557939,532.2790810767888,0.0
2021-08-10,532.2790810767888,557.9733400329409,515.6453815092259,536.1611596320864,0.0
2021-08-11,536.1611596320864,556.5698396307217,530.7427366810416,541.7073439259386,0.0
2021-08-12,541.7073439259386,553.9523148524252,526.2203474824171,540.9945880075737,0.0
2021-08-13,540.9945880075737,550.677158282743,526.4002950201046,541.1095315488072,0.0
2021-08-16,541.1095315488072,549.062130868294,523.2146708849006,540.9468410781523,0.0
2021-08-17,540.9468410781523,550.9043208094253,509.6705003975298,536.3656341001365,0.0
2021-08-18,536.3656341001365,547.0734591570307,518.596174193005,529.7553391394877,0.0
2021-08-19,529.7553391394877,548.5447963088235,506.9263337859061,526.3814732255559,0.0
2021-08-20,526.3814732255559,543.5192263024173,520.3736754881835,530.7633412743751,0.0
2021-08-23,530.7633412743751,559.9100480368768,522.45783126977,535.7847810798329,0.0
2021-08-24,535.7847810798329,559.4879373770071,527.9615026631116,539.0851451181896,0.0
2021-08-25,539.0851451181896,549.3665167038997,524.0743467550338,540.2631113735677,0.0
2021-08-26,540.2631113735677,557.0453221074753,525.9218313193026,538.3704845938563,0.0
2021-08-27,538.3704845938563,570.0117208901518,534.5943818780291,546.242484459647,0.0
2021-08-30,546.242484459647,553.4334237589628,530.0907137657609,545.7005860427552,0.0
2021-08-31,545.7005860427552,562.1571962538973,515.7115297349103,545.0652957925522,0.0
2021-09-01,545.0652957925522,553.089714954183,530.8403592924182,543.1391619942739,0.0
2021-09-02,543.1391619942739,564.37938933418,534.7980898162313,546.7202383188576,0.0
2021-09-03,546.7202383188576,555.6646555885623,522.5935133582273,544.9062435792863,0.0
2021-09-07,544.9062435792863,559.1459462844367,520.2103055032375,539.8359336925826,0.0
2021-09-08,539.8359336925826,552.1871823336515,510.2903642218591,537.9823330438209,0.0
2021-09-09,537.9823330438209,549.7905347585854,502.1781996878378,534.4938184765289,0.0
2021-09-10,534.4938184765289,544.7815189082573,521.0681419929392,532.46882903686,0.0
2021-09-13,532.46882903686,557.2790941286379,523.4566985566986,535.1185877286586,0.0
2021-09-14,535.1185877286586,543.5393164451912,507.279359604801,530.8921215698824,0.0
2021-09-15,530.8921215698824,560.649056511167,528.0190888000187,537.577624947068,0.0
2021-09-16,537.577624947068,548.9807911451472,501.87562979063927,534.3264925504913,0.0
2021-09-17,534.3264925504913,544.9713969803764,514.0774217508309,529.3446201024077,0.0
2021-09-20,529.3446201024077,535.4332382393577,499.23380332339536,520.8658063553377,0.0
2021-09-21,520.8658063553377,534.4535834510795,494.11271939093314,518.5655316289422,0.0
2021-09-22,518.5655316289422,536.9397922996776,507.6516852917674,523.0657202788556,0.0
2021-09-23,523.0657202788556,551.1390219071234,514.6073766812468,529.6200243990229,0.0
2021-09-24,529.6200243990229,545.708118841989,519.3058780286392,529.799684927323,0.0
2021-09-27,529.799684927323,558.5602659574372,512.3394591547163,531.7022205992272,0.0
2021-09-28,531.7022205992272,538.4101766996,505.9378155112571,524.1214171101522,0.0
2021-09-29,524.1214171101522,534.1268607540239,505.20941853947124,523.372019261569,0.0
2021-09-30,523.372019261569,554.2197270218703,488.7956607053989,515.1399915022035,0.0
2021-10-01,515.1399915022035,537.3851199581628,505.62634481241724,520.6676719606958,0.0
2021-10-04,520.6676719606958,537.960838075474,503.7896424425319,518.2258868726801,0.0
2021-10-05,518.2258868726801,533.6206847986457,509.5686678570483,521.3547644790458,0.0
2021-10-06,521.3547644790458,538.4636540338747,510.6897687258462,522.9998655898745,0.0
2021-10-07,522.9998655898745,566.047218212262,514.3881985467584,527.2432965893669,0.0
2021-10-08,527.2432965893669,539.9095530383686,501.3816196468624,524.5794431259279,0.0
2021-10-11,524.5794431259279,541.4863139964131,512.5337242638433,523.5436214487196,0.0
2021-10-12,523.5436214487196,535.5891627712962,510.724623750309,523.6536120566891,0.0
2021-10-13,523.6536120566891,542.6120931711455,509.01796111845255,526.5842805818562,0.0
2021-10-14,526.5842805818562,550.1425670571434,527.0353048051026,535.8470977946705,0.0
2021-10-15,535.8470977946705,561.9913085054287,527.7027076614604,539.343819920141,0.0
2021-10-18,539.343819920141,559.1110689480912,517.3626843393268,537.973898056999,0.0
2021-10-19,537.973898056999,551.0973515620233,519.5995600236544,540.1412228305815,0.0
2021-10-20,540.1412228305815,561.7130054456557,527.5324184241017,544.1450777806159,0.0
2021-10-21,544.1450777806159,565.9861184649615,521.3180929331021,544.9838977625514,0.0
2021-10-22,544.9838977625514,558.4299028677931,534.0725141130825,545.9934269264647,0.0
2021-10-25,545.9934269264647,570.1984528379352,540.1145657736445,548.8756760870069,0.0
2021-10-26,548.8756760870069,570.4778252663784,484.0892728964922,547.5682843643912,0.0
2021-10-27,547.5682843643912,570.628709728929,521.493680620107,541.0601984231758,0.0
2021-10-28,541.0601984231758,569.784622831705,507.79942443558815,545.0716714864727,0.0
2021-10-29,545.0716714864727,563.440459827345,525.1596781057187,542.9101468806123,0.0
2021-11-01,542.9101468806123,567.3896515809492,530.3379695922688,546.2049097205938,0.0
2021-11-02,546.2049097205938,557.342774650515,538.2798281078669,547.7614601272021,0.0
2021-11-03,547.7614601272021,572.2113494284833,533.5170439737708,550.5497519707905,0.0
2021-11-04,550.5497519707905,571.5251859981324,532.836538944757,549.4027759054105,0.0
2021-11-05,549.4027759054105,595.2664128392855,529.314590491599,553.1900415172352,0.0
2021-11-08,553.1900415172352,588.8843497496555,541.3195602099219,555.7879418283451,0.0
2021-11-09,555.7879418283451,567.0517355717712,544.058160375903,555.163813564136,0.0
2021-11-10,555.163813564136,581.8627473300578,527.4942336890728,552.1384964730156,0.0
2021-11-11,552.1384964730156,601.8779339578864,513.0821217809835,554.4696806436237,0.0
2021-11-12,554.4696806436237,567.6408205997183,538.5726388974958,556.4136784024865,0.0
2021-11-15,556.4136784024865,565.6365422055982,546.1180975468538,556.719645314775,0.0
2021-11-16,556.719645314775,572.180782732673,535.685426063969,555.1499847057318,0.0
2021-11-17,555.1499847057318,568.3058129379651,528.9127286873868,552.5090120436183,0.0
2021-11-18,552.5090120436183,559.5884152030795,540.4658187082783,549.4989520477602,0.0
2021-11-19,549.4989520477602,558.9712627447097,532.1159641033433,546.0949911028861,0.0
2021-11-22,546.0949911028861,560.3580269137403,532.7421169833945,545.5241070251469,0.0
2021-11-23,545.5241070251469,567.8155782882807,534.4480283641757,547.5085244414793,0.0
2021-11-24,547.5085244414793,555.0283498263582,538.8483697847654,547.4839081678826,0.0
2021-11-26,547.4839081678826,553.6419701953611,487.4670731161597,534.016474215007,0.0
2021-11-29,534.016474215007,562.8978620456135,519.088650560349,536.7951165964863,0.0
2021-11-30,536.7951165964863,557.8408406519491,510.25584524849626,525.1008031364016,0.0
2021-12-01,525.1008031364016,535.1315168357553,488.1470180408881,519.5605296081756,0.0
2021-12-02,519.5605296081756,567.4565320609728,502.82422101905024,529.8525596604734,0.0
2021-12-03,529.8525596604734,543.7775701833353,509.4167179545741,528.6453427403794,0.0
2021-12-06,528.6453427403794,571.3672545090341,518.8227001650869,536.8880788166564,0.0
2021-12-07,536.8880788166564,571.8859631020958,509.6843551652985,543.6040661454003,0.0
2021-12-08,543.6040661454003,573.5757743506493,519.0065231901967,545.3781280076114,0.0
2021-12-09,545.3781280076114,552.7376193255504,531.7887906160834,541.4958234195923,0.0
2021-12-10,541.4958234195923,556.8416537328636,529.0345527970652,543.1189714750178,0.0
2021-12-13,543.1189714750178,560.5009229384777,515.4295810273992,541.2315354511921,0.0
2021-12-14,541.2315354511921,548.0620736879324,517.5105647274414,537.7269430067839,0.0
2021-12-15,537.7269430067839,562.802155284029,519.154915309155,541.0320149593432,0.0
2021-12-16,541.0320149593432,588.6205626877176,513.894707414024,543.3976026412796,0.0
2021-12-17,543.3976026412796,565.3561835333616,525.9310304055734,539.6748118266777,0.0
2021-12-20,539.6748118266777,557.9788722809282,521.4373578948215,533.8669755894931,0.0
2021-12-21,533.8669755894931,581.084455371495,528.6625549216701,544.2082364194075,0.0
2021-12-22,544.2082364194075,563.0197171470162,535.5856878364807,548.6848164013454,0.0
2021-12-23,548.6848164013454,562.2174094155542,545.1220134499318,551.5884918154062,0.0
2021-12-27,551.5884918154062,565.2946048916232,545.0838939814797,557.5427718442536,0.0
2021-12-28,557.5427718442536,566.3000401689009,548.125813204042,558.2229375446673,0.0
2021-12-29,558.2229375446673,611.0197986265606,555.2849657172582,562.0696110903084,0.0
2021-12-30,562.0696110903084,583.3856712578479,522.2279738943311,560.0441531041197,0.0
2021-12-31,560.0441531041197,567.9528844031072,548.8596608091024,560.0190545405031,0.0
2022-01-03,560.0190545405031,595.9247807029758,535.7285111969952,562.3910634113026,0.0
2022-01-04,562.3910634113026,596.1486486876863,547.4684773838563,567.7582639803047,0.0
2022-01-05,567.7582639803047,573.9935543620559,545.9631310981594,560.6749854532128,0.0
2022-01-06,560.6749854532128,579.0519493562573,545.1247687717783,561.2823373041706,0.0
2022-01-07,561.2823373041706,589.1037639846223,538.2630468203142,563.5447029295224,0.0
2022-01-10,563.5447029295224,575.4589421782302,549.2148259288169,562.7786197280723,0.0
2022-01-11,562.7786197280723,599.8654861227279,550.9751304149186,569.5912007031594,0.0
2022-01-12,569.5912007031594,598.209954705242,531.4329116015995,570.9707458877838,0.0
2022-01-13,570.9707458877838,599.6789188775757,546.8056992355394,569.9839385282967,0.0
2022-01-14,569.9839385282967,586.5140899190195,548.2011007852169,567.608675882223,0.0
2022-01-18,567.608675882223,573.5800993501409,524.5566121043752,559.2641696106643,0.0
2022-01-19,559.2641696106643,627.5114719871384,526.5546176285859,556.9549463586153,0.0
2022-01-20,556.9549463586153,563.3479900650293,527.014961603797,550.0689543599182,0.0
2022-01-21,550.0689543599182,555.7473821926725,503.41480581980284,541.368515410017,0.0
2022-01-24,541.368515410017,562.2352549283685,527.7648851259698,542.1184237375351,0.0
2022-01-25,542.1184237375351,580.0420581425096,508.98219808226503,540.5265942447137,0.0
2022-01-26,540.5265942447137,555.9279298015366,507.0918534730475,535.990818810176,0.0
2022-01-27,535.990818810176,545.4170950025687,504.81931780289256,531.7679286811805,0.0
2022-01-28,531.7679286811805,556.4087896989201,509.7046942980424,538.3664836650702,0.0
2022-01-31,538.3664836650702,583.805811830559,527.7226968760294,546.5068117506922,0.0
2022-02-01,546.5068117506922,577.4046981857061,538.9360274340096,551.6676397814396,0.0
2022-02-02,551.6676397814396,563.9848518123705,530.3162866077441,552.6721433286608,0.0
2022-02-03,552.6721433286608,582.6236328468543,521.1171643607705,545.8578241397311,0.0
2022-02-04,545.8578241397311,567.6075764837084,530.1243724560984,545.3214810843889,0.0
2022-02-07,545.3214810843889,587.9418598350599,533.2936518447237,548.0072075971295,0.0
2022-02-08,548.0072075971295,574.2361470607156,535.3648787145123,554.4492995227234,0.0
2022-02-09,554.4492995227234,594.4330849757825,545.4496653208264,562.3280860453219,0.0
2022-02-10,562.3280860453219,581.15768190431,533.6165160573564,553.5294970033596,0.0
2022-02-11,553.5294970033596,586.1068666340909,513.4600777716424,549.1015715240229,0.0
2022-02-14,549.1015715240229,575.8739820197785,530.0992899400122,544.9956973463902,0.0
2022-02-15,544.9956973463902,581.2266811703272,535.1143439915339,551.8463076634225,0.0
2022-02-16,551.8463076634225,602.4054887729358,540.6339090670116,556.7570169413618,0.0
2022-02-17,556.7570169413618,586.8122640683271,510.88022473568,546.3394594461901,0.0
2022-02-18,546.3394594461901,550.2746431780819,529.1673398565641,542.6120986020705,0.0
2022-02-22,542.6120986020705,545.9571516835489,507.59997224743717,535.9827533079772,0.0
2022-02-23,535.9827533079772,558.4590574196523,503.58952424920653,530.8977364058966,0.0
2022-02-24,530.8977364058966,561.6481567797791,502.54156390509945,530.4891309497914,0.0
2022-02-25,530.4891309497914,562.2795567356644,523.0646748087224,544.0409121144186,0.0
2022-02-28,544.0409121144186,580.3068007157572,519.9023202696268,540.4109392859472,0.0
2022-03-01,540.4109392859472,593.5943014044393,501.33553030833684,536.704596985869,0.0
2022-03-02,536.704596985869,561.4130746700126,521.0787735416053,545.5601704028022,0.0
2022-03-03,545.5601704028022,563.8417837994749,524.0475439913613,545.1557036268467,0.0
2022-03-04,545.1557036268467,573.0421072779325,499.0048631512256,541.5665949070933,0.0
2022-03-07,541.5665949070933,575.0474883700947,488.13287038685183,527.9783769783116,0.0
2022-03-08,527.9783769783116,555.6996371674118,504.79367918350613,525.5480963127482,0.0
2022-03-09,525.5480963127482,571.5500974831624,498.0983151165038,536.4607223151902,0.0
2022-03-10,536.4607223151902,584.3482152321197,514.0483718928007,535.5490909327498,0.0
2022-03-11,535.5490909327498,548.6533797688321,516.0751652113149,530.2974936715938,0.0
2022-03-14,530.2974936715938,552.7030049936106,502.6713148539438,528.2101028247475,0.0
2022-03-15,528.2101028247475,556.5952392095196,505.5477071011763,535.8937644156958,0.0
2022-03-16,535.8937644156958,574.2143111381984,503.25050205633084,543.4426810888169,0.0
2022-03-17,543.4426810888169,573.6519304504853,538.3821025083511,550.5905346115277,0.0
2022-03-18,550.5905346115277,570.5212064093461,539.9889149777117,553.4720406465958,0.0
2022-03-21,553.4720406465958,580.7473135232544,536.6032220223241,554.1455811680781,0.0
2022-03-22,554.1455811680781,572.4201745863559,544.315427091295,556.5501309445053,0.0
2022-03-23,556.5501309445053,577.9926232228488,533.8571419948473,550.8747253033778,0.0
2022-03-24,550.8747253033778,573.3490425356445,545.2314803302766,555.7976719564912,0.0
2022-03-25,555.7976719564912,573.793283741852,544.5528178949328,559.7177947043916,0.0
2022-03-28,559.7177947043916,590.4581663435501,536.9836257694063,557.8593872712548,0.0
2022-03-29,557.8593872712548,578.8885754514013,529.5400867630462,564.7645518288969,0.0
2022-03-30,564.7645518288969,576.1334560115698,539.3091613738671,561.4633978828028,0.0
2022-03-31,561.4633978828028,579.2239666959938,536.8254381941196,553.5587203852372,0.0
2022-04-01,553.5587203852372,576.7600666827836,537.7610691659391,556.9390375382119,0.0
2022-04-04,556.9390375382119,567.1764112365711,546.6453679452882,557.0716117147723,0.0
2022-04-05,557.0716117147723,570.6174072947484,514.8106116559293,549.9473083574933,0.0
2022-04-06,549.9473083574933,569.2638962331727,514.8616604217808,548.6745478509592,0.0
2022-04-07,548.6745478509592,579.8002576239978,537.5933248025331,551.7586096857142,0.0
2022-04-08,551.7586096857142,583.7678216642394,534.4642186733803,554.2725780527209,0.0
2022-04-11,554.2725780527209,562.9251896924059,532.4169389066737,549.6110974164991,0.0
2022-04-12,549.6110974164991,561.0036207116951,538.3643569287548,549.5141408802496,0.0
2022-04-13,549.5141408802496,594.1509118822704,544.6041743421789,557.2373715236769,0.0
2022-04-14,557.2373715236769,572.195560970248,535.7580845495222,554.0610595539425,0.0
2022-04-18,554.0610595539425,572.937749906973,528.0853371639442,553.570418729382,0.0
2022-04-19,553.570418729382,581.7614176888007,514.159766228609,561.8478315937318,0.0
2022-04-20,561.8478315937318,601.3427552082678,530.6246704703123,563.6497162323533,0.0
2022-04-21,563.6497162323533,575.4581564366265,507.7366478720663,555.5544911219687,0.0
2022-04-22,555.5544911219687,563.4541025142315,517.9819032251269,540.2339805972983,0.0
2022-04-25,540.2339805972983,556.3557334647336,506.40666777640774,541.1740571189855,0.0
2022-04-26,541.1740571189855,545.0841163013037,501.61790398372995,530.3366989982723,0.0
2022-04-27,530.3366989982723,555.8505196479198,517.9361182282322,533.2615842794482,0.0
2022-04-28,533.2615842794482,553.5290819912689,523.7135199568679,540.7774413193292,0.0
2022-04-29,540.7774413193292,544.4022704529624,513.0261187459972,526.2584135504449,0.0
2022-05-02,526.2584135504449,545.0423572992462,507.0513774005249,526.4793217170553,0.0
2022-05-03,526.4793217170553,541.5031088939057,515.4571591198192,530.142732247338,0.0
2022-05-04,530.142732247338,563.546071160691,517.9480444503072,543.8004755514675,0.0
2022-05-05,543.8004755514675,556.8838515229513,507.30170475080604,527.6996129746817,0.0
2022-05-06,527.6996129746817,556.6729477590907,504.2700862115483,524.6108391378724,0.0
2022-05-09,524.6108391378724,534.60982765132,465.954604652559,507.72331231293697,0.0
2022-05-10,507.72331231293697,527.9196408521119,473.8198888163037,506.6065843414241,0.0
2022-05-11,506.6065843414241,530.8916147759668,483.75752893054226,501.15667995617497,0.0
2022-05-12,501.15667995617497,523.2179380452721,476.5527937404556,501.7411349931223,0.0
2022-05-13,501.7411349931223,540.3365984984442,498.8638846215324,511.9343981712079,0.0
2022-05-16,511.9343981712079,532.7806282564832,497.86939989960297,513.2670971456071,0.0
2022-05-17,513.2670971456071,552.0920042887402,504.51559529673096,524.8871150353477,0.0
2022-05-18,524.8871150353477,525.2194659524993,394.03118527878206,502.3498042224075,0.0
2022-05-19,502.3498042224075,532.714781559411,475.4770635851971,501.1147337009247,0.0
2022-05-20,501.1147337009247,518.1394967233493,479.47269391118454,501.4109830638732,0.0
2022-05-23,501.4109830638732,531.8483328224352,492.71786840038436,510.0166768640136,0.0
2022-05-24,510.0166768640136,528.4032501016998,457.4978080795245,508.03952110933216,0.0
2022-05-25,508.03952110933216,530.8479768451716,497.6004064202698,513.268474647515,0.0
2022-05-26,513.268474647515,556.6729430631975,505.03303978623313,522.284674173694,0.0
2022-05-27,522.284674173694,552.3328489047381,516.9686568397847,531.3372587943436,0.0
2022-05-31,531.3372587943436,548.0109668720953,512.5420914652167,525.526584938054,0.0
2022-06-01,525.526584938054,537.2049175813323,499.2562303210037,520.8333055224638,0.0
2022-06-02,520.8333055224638,553.6432728773887,510.2992475406593,529.8894892405909,0.0
2022-06-03,529.8894892405909,541.6389563085226,509.16121985413986,524.0290269127565,0.0
2022-06-06,524.0290269127565,542.413757700025,512.3013899449087,525.3546059186825,0.0
2022-06-07,525.3546059186825,540.7387885135274,513.213717445204,529.7688831312537,0.0
2022-06-08,529.7688831312537,544.65445568438,485.43354068688575,520.6881644922494,0.0
2022-06-09,520.6881644922494,541.7131154263524,472.364427292192,509.079187655603,0.0
2022-06-10,509.079187655603,533.912304281364,474.372286890774,497.43765451457983,0.0
2022-06-13,497.43765451457983,492.811957496013,446.1182905588796,476.0378110180575,0.0
2022-06-14,476.0378110180575,484.9134905546383,457.30372675914737,471.77453648144325,0.0
2022-06-15,471.77453648144325,490.49252297671467,458.1373260671839,477.41087901318167,0.0
2022-06-16,477.41087901318167,492.8725863626291,424.5269040014079,463.9604337541801,0.0
2022-06-17,463.9604337541801,509.03094890827896,439.286026982881,464.3847585999527,0.0
2022-06-21,464.3847585999527,491.6411814372448,453.70029151182507,472.39530664936433,0.0
2022-06-22,472.39530664936433,480.82005057092164,428.98039291231566,467.2651859122093,0.0
2022-06-23,467.2651859122093,487.17574102275995,437.4149454841583,467.3152846655994,0.0
2022-06-24,467.3152846655994,525.4270465979541,468.53118823309285,481.27707452050686,0.0
2022-06-27,481.27707452050686,501.18126134180784,467.96988159393436,480.48652310681257,0.0
2022-06-28,480.48652310681257,494.79821292582363,455.60387609695584,473.36405312751265,0.0
2022-06-29,473.36405312751265,482.7897573776388,406.46070727834507,469.3882810355466,0.0
2022-06-30,469.3882810355466,481.792789535176,449.04608230899333,464.38853195216757,0.0
2022-07-01,464.38853195216757,484.2614551182807,458.3024796491073,470.9248426407764,0.0
2022-07-05,470.9248426407764,500.8248081411081,432.8673284218216,466.85434723110257,0.0
2022-07-06,466.85434723110257,480.4006165969165,435.000756557694,465.7457875911774,0.0
2022-07-07,465.7457875911774,497.18627319039166,460.98806616466385,474.0311984931334,0.0
2022-07-08,474.0311984931334,481.14490986766896,454.23936286148955,471.4765014824634,0.0
2022-07-11,471.4765014824634,476.3593147305812,444.26589909031287,466.9818683310434,0.0
2022-07-12,466.9818683310434,502.1842565412436,447.844319717253,465.92473513153874,0.0
2022-07-13,465.92473513153874,485.5257365766596,450.27798062420186,463.4321921445439,0.0
2022-07-14,463.4321921445439,477.8127999648531,422.02688389912623,458.1323356817014,0.0
2022-07-15,458.1323356817014,518.7461657352242,455.88236091055364,468.01231083375774,0.0
2022-07-18,468.01231083375774,497.0137915503769,454.9721622881021,467.6965154281154,0.0
2022-07-19,467.6965154281154,502.1073932226241,460.8782182703539,480.4298150128741,0.0
2022-07-20,480.4298150128741,514.282493820103,452.57598947686915,481.20260697369696,0.0
2022-07-21,481.20260697369696,501.3441928656589,427.3981527784355,483.5888760686827,0.0
2022-07-22,483.5888760686827,495.6799480748481,454.622656935334,479.2828393996495,0.0
2022-07-25,479.2828393996495,496.038676005797,415.8635205942164,479.30855778157337,0.0
2022-07-26,479.30855778157337,503.0024384629315,443.8042276244278,476.7428731446639,0.0
2022-07-27,476.7428731446639,508.614020719604,457.68902446833994,484.0522648806351,0.0
2022-07-28,484.0522648806351,515.4937780927677,472.4164504550652,490.9586162162954,0.0
2022-07-29,490.9586162162954,519.2672731298258,484.19657653282354,495.94375060526266,0.0
2022-08-01,495.94375060526266,504.0545911350817,471.2644885181156,494.730185898521,0.0
2022-08-02,494.730185898521,518.5793512203195,475.2986498237156,489.69469737520546,0.0
2022-08-03,489.69469737520546,515.1824246072041,479.009242131538,494.9925524024239,0.0
2022-08-04,494.9925524024239,510.96449741629635,474.795953033894,496.27302198640865,0.0
2022-08-05,496.27302198640865,522.7781099525811,480.99838348252604,497.3454493587585,0.0
2022-08-08,497.3454493587585,534.5053330234763,490.4624018341759,499.9767748130896,0.0
2022-08-09,499.9767748130896,507.1622125982128,473.00507246294944,498.52270662070515,0.0
2022-08-10,498.52270662070515,544.3214834740296,493.88959390110415,509.39220523627984,0.0
2022-08-11,509.39220523627984,533.223970975825,498.85639960426516,511.97017145430914,0.0
2022-08-12,511.97017145430914,532.0937822238318,506.33416246995415,518.4022712753004,0.0
2022-08-15,518.4022712753004,545.1622871062698,499.4555277653808,519.2415426972323,0.0
2022-08-16,519.2415426972323,542.987303445313,511.9476800237358,522.5701506503365,0.0
2022-08-17,522.5701506503365,525.6155469039107,493.1493675510161,516.1882775952115,0.0
2022-08-18,516.1882775952115,546.0246809858527,509.4467517354064,517.019571681119,0.0
2022-08-19,517.019571681119,524.8941409061249,488.32376718430993,510.52919811205913,0.0
2022-08-22,510.52919811205913,513.9303294000829,485.70106467353116,501.0971214193533,0.0
2022-08-23,501.0971214193533,535.9456109156522,485.2407138145142,501.9776177433543,0.0
2022-08-24,501.9776177433543,528.8128682518244,493.92161151251645,503.1853078382715,0.0
2022-08-25,503.1853078382715,533.8713829402851,502.94798137082284,511.01650842220437,0.0
2022-08-26,511.01650842220437,507.93869769077514,462.26304886692816,493.4807369860451,0.0
2022-08-29,493.4807369860451,506.1747107431871,482.902765126965,490.72091882597266,0.0
2022-08-30,490.72091882597266,497.1838092371738,463.6144768525094,485.34187923233515,0.0
2022-08-31,485.34187923233515,492.87430235873126,469.9420925873308,482.0571440884644,0.0
2022-09-01,482.0571440884644,495.58630177820964,457.4656503223783,481.2146512194471,0.0
2022-09-02,481.2146512194471,500.52258074349805,465.9696851363942,478.63375435794705,0.0
2022-09-06,478.63375435794705,491.24559606447536,454.8978491617074,475.7275502445615,0.0
2022-09-07,475.7275502445615,498.7509569496093,462.19061966505535,485.8926650823947,0.0
2022-09-08,485.8926650823947,524.243682801152,472.29887229411014,490.4278621766905,0.0
2022-09-09,490.4278621766905,515.2534720168967,490.5290850214483,499.3034098085156,0.0
2022-09-12,499.3034098085156,520.1841791077812,489.0999479974067,503.2921353405628,0.0
2022-09-13,503.2921353405628,501.3598189641722,462.77764837786344,484.43591622387316,0.0
2022-09-14,484.43591622387316,505.20942029864204,468.52212050552595,484.06432333752633,0.0
2022-09-15,484.06432333752633,500.0929871683917,468.14108550501226,480.7991182702177,0.0
2022-09-16,480.7991182702177,495.65382855018476,461.01118029166076,478.47064821565317,0.0
2022-09-19,478.47064821565317,497.3941583508871,472.70382644630894,482.4915586356697,0.0
2022-09-20,482.4915586356697,487.1947074142461,461.8973304295733,474.64674832580573,0.0
2022-09-21,474.64674832580573,477.61789870598074,442.30522022620903,466.7313087740488,0.0
2022-09-22,466.7313087740488,475.0208570011519,448.91661966895043,462.41113070090927,0.0
2022-09-23,462.41113070090927,463.9137390940762,422.2164002458546,450.9587129692722,0.0
2022-09-26,450.9587129692722,454.90884921779593,427.65848196543953,445.42795845843057,0.0
2022-09-27,445.42795845843057,461.77731802951456,433.26610168988196,444.15607340253695,0.0
2022-09-28,444.15607340253695,621.1537950757236,444.44505025485387,461.0833867425092,0.0
2022-09-29,461.0833867425092,466.21397087223,429.6565055022302,452.3103657272868,0.0
2022-09-30,452.3103657272868,459.12100353950177,347.13343745374954,444.9840669850308,0.0
2022-10-03,444.9840669850308,477.7106954911908,433.59041965470857,457.595816183588,0.0
2022-10-04,457.595816183588,518.3859510597998,459.85768915849326,474.01309434813766,0.0
2022-10-05,474.01309434813766,492.89274054951784,453.8552978629083,471.2223702853614,0.0
2022-10-06,471.2223702853614,481.84902165107906,442.6826426452183,465.21217305979974,0.0
2022-10-07,465.21217305979974,474.5757284050391,438.9419265620751,455.0139968809878,0.0
2022-10-10,455.0139968809878,461.8681474953163,429.4362844056524,452.1147927599309,0.0
2022-10-11,452.1147927599309,470.53951393715164,432.62276504537334,452.3211144533846,0.0
2022-10-12,452.3211144533846,497.96194104529354,437.31191784561474,451.41015591277994,0.0
2022-10-13,451.41015591277994,480.3629103510157,438.44217316788854,461.50250853430094,0.0
2022-10-14,461.50250853430094,464.51116429410274,433.16151817546523,450.2346742593108,0.0
2022-10-17,450.2346742593108,477.50443062087714,443.8638981997019,461.6641972535442,0.0
2022-10-18,461.6641972535442,513.1013195202365,456.3779675764603,470.19772843868645,0.0
2022-10-19,470.19772843868645,493.3525152268581,439.42753240915,463.66429007352,0.0
2022-10-20,463.66429007352,482.9836282186797,447.6278516582279,460.37807950194025,0.0
2022-10-21,460.37807950194025,506.38425869981427,459.65261665881957,474.0368513553502,0.0
2022-10-24,474.0368513553502,499.15934168281797,459.53305842792435,478.93341466583223,0.0
2022-10-25,478.93341466583223,502.2391247355656,452.3293425470415,485.92840689861845,0.0
2022-10-26,485.92840689861845,519.9543994521696,448.4359854837181,489.71978638056066,0.0
2022-10-27,489.71978638056066,505.4371073124319,479.7723799108452,489.2212326015156,0.0
2022-10-28,489.2212326015156,552.4297806036277,481.1522473149355,500.23826728640836,0.0
2022-10-31,500.23826728640836,528.5291009499681,481.83312115436337,498.7856840956962,0.0
2022-11-01,498.7856840956962,518.487080900125,454.0420081519503,498.4114201929434,0.0
2022-11-02,498.4114201929434,496.8969523116,469.7792376570086,485.33815364886755,0.0
2022-11-03,485.33815364886755,499.84817842700636,458.1052552262769,482.08892197367925,0.0
2022-11-04,482.08892197367925,548.4933423283164,471.25200737606,494.1153339732079,0.0
2022-11-07,494.1153339732079,516.4889554504182,480.9389427081049,498.9467865611095,0.0
2022-11-08,498.9467865611095,545.2512370724062,494.5361360468221,504.73642347845555,0.0
2022-11-09,504.73642347845555,507.5318875841233,438.297182716955,492.91064148783903,0.0
2022-11-10,492.91064148783903,563.1618844295067,482.11698552060636,518.4604202675032,0.0
2022-11-11,518.4604202675032,548.6774679393419,490.03202245910336,524.5434945759539,0.0
2022-11-14,524.5434945759539,541.9587824893874,510.8498090218654,520.0915618878017,0.0
2022-11-15,520.0915618878017,547.5680253064751,513.3500900577138,524.6981927756464,0.0
2022-11-16,524.6981927756464,538.79897305684,452.76379711173394,516.5530471562771,0.0
2022-11-17,516.5530471562771,538.2822692941263,502.457772779728,514.2411775783459,0.0
2022-11-18,514.2411775783459,528.4216411608902,503.810809841816,517.8074525158936,0.0
2022-11-21,517.8074525158936,550.410129668654,502.3571942385055,519.6655031236517,0.0
2022-11-22,519.6655031236517,548.7545403874734,512.3695704667817,526.1009758298442,0.0
2022-11-23,526.1009758298442,544.597599266059,513.5982017060015,528.2849145830509,0.0
2022-11-25,528.2849145830509,534.1210907836042,515.9249097570789,528.7578661031781,0.0
2022-11-28,528.7578661031781,535.1981282919139,502.45636121240165,518.4502621590336,0.0
2022-11-29,518.4502621590336,542.370188389293,511.74403989269337,523.0743893682666,0.0
2022-11-30,523.0743893682666,558.4880193806694,518.4639879359422,536.2220448894677,0.0
2022-12-01,536.2220448894677,551.2322436855378,506.04562980978744,536.1756732758082,0.0
2022-12-02,536.1756732758082,550.0763735704543,513.9027262628304,536.6210568495009,0.0
2022-12-05,536.6210568495009,536.3211492419972,506.4492102503236,524.4142648358509,0.0
2022-12-06,524.4142648358509,536.4961521661173,502.05007225969456,518.3267791743165,0.0
2022-12-07,518.3267791743165,539.7422133382275,495.47580815279815,518.7164309133191,0.0
2022-12-08,518.7164309133191,542.5088598485102,513.3011346088513,523.0644001344332,0.0
2022-12-09,523.0644001344332,527.9652410309427,495.1636767435895,519.0966617923094,0.0
2022-12-12,519.0966617923094,539.3824960366535,509.9425411052524,524.2125071216726,0.0
2022-12-13,524.2125071216726,565.4771131320953,517.6371666399212,528.6859027132629,0.0
2022-12-14,528.6859027132629,538.5356102315902,514.349669929619,526.8107766557268,0.0
2022-12-15,526.8107766557268,529.6573269321271,503.15863511167277,515.520136509147,0.0
2022-12-16,515.520136509147,522.7220850496501,503.71761812802254,512.7762493431975,0.0
2022-12-19,512.7762493431975,525.9811888534017,488.29856985897504,508.88303905442757,0.0
2022-12-20,508.88303905442757,531.4257534768939,499.16706047826204,511.0107789560868,0.0
2022-12-21,511.0107789560868,534.9840016137729,479.8846936939887,516.8141786856256,0.0
2022-12-22,516.8141786856256,522.3468629426351,480.2471848501791,510.81703215233347,0.0
2022-12-23,510.81703215233347,531.9082973454738,504.72538865779325,514.4395426725778,0.0
2022-12-27,514.4395426725778,528.7308272415388,501.7474288737552,515.4101545389468,0.0
2022-12-28,515.4101545389468,519.2127864270883,497.2372454707755,508.95032870533345,0.0
2022-12-29,508.95032870533345,536.1562543368452,508.84282911680356,517.8408873230137,0.0
2022-12-30,517.8408873230137,525.7018041961761,507.7222538317208,516.0804285909328,0.0
2023-01-03,516.0804285909328,542.1031146543475,493.9159116426139,517.4043758809338,0.0
2023-01-04,517.4043758809338,567.3920428164514,494.77153371293304,525.4910554979698,0.0
2023-01-05,525.4910554979698,538.117246254519,508.1923220902018,521.3832599377272,0.0
2023-01-06,521.3832599377272,553.3153105827867,517.1974720480558,533.5388991443955,0.0
2023-01-09,533.5388991443955,554.4580429576174,515.4877229557354,532.408012698314,0.0
2023-01-10,532.408012698314,555.7778019682896,527.2739242498017,537.734062397677,0.0
2023-01-11,537.734062397677,564.2121297506202,530.7530554560132,544.0265840566665,0.0
2023-01-12,544.0265840566665,567.2001382168309,534.8544960766111,547.0977681456228,0.0
2023-01-13,547.0977681456228,563.7076419274699,532.9861194428591,550.6391438580179,0.0
2023-01-17,550.6391438580179,570.0241575914317,524.7462956175343,548.3917368855597,0.0
2023-01-18,548.3917368855597,552.358833768,523.5059310283225,539.6975152643073,0.0
2023-01-19,539.6975152643073,550.1913161810185,514.3620758537928,535.3604481445889,0.0
2023-01-20,535.3604481445889,559.1350616549138,530.1369106148654,544.5698388912533,0.0
2023-01-23,544.5698388912533,560.3026995576895,534.620776392953,549.1856327374935,0.0
2023-01-24,549.1856327374935,564.227127701064,515.0574998474285,547.4028121900778,0.0
2023-01-25,547.4028121900778,572.5692014410514,537.5494608706719,550.5810079423176,0.0
2023-01-26,550.5810079423176,583.7981116459137,536.533233134187,554.658831859731,0.0
2023-01-27,554.658831859731,575.008500592345,533.833806811323,554.2675366543081,0.0
2023-01-30,554.2675366543081,565.491858625314,533.7416049102831,549.5180460640217,0.0
2023-01-31,549.5180460640217,579.8768538847559,546.9161916449814,557.5082554388936,0.0
2023-02-01,557.5082554388936,588.4534862705492,552.3686868364967,564.5512457973432,0.0
2023-02-02,564.5512457973432,599.4000839832814,533.0338821945298,567.6206822189386,0.0
2023-02-03,567.6206822189386,589.310115673916,539.6888568879749,560.4598182157422,0.0
2023-02-06,560.4598182157422,572.796373234223,535.1632866932416,558.6785683416299,0.0
2023-02-07,558.6785683416299,582.1554017101856,550.7349857445894,563.3505208557725,0.0
2023-02-08,563.3505208557725,567.184357351654,547.9285538906114,558.6142215918103,0.0
2023-02-09,558.6142215918103,564.7018109856475,535.5756309725124,553.3782410008664,0.0
2023-02-10,553.3782410008664,584.0199502220573,535.6202216155838,555.2264857456433,0.0
2023-02-13,555.2264857456433,587.4239775139342,551.5769484461877,561.7234465590077,0.0
2023-02-14,561.7234465590077,602.2268215196045,546.7209003433217,562.0138348767688,0.0
2023-02-15,562.0138348767688,581.7056409303722,525.0765068700505,561.916203886932,0.0
2023-02-16,561.916203886932,571.2444616563416,528.9879128032082,554.1217564429727,0.0
2023-02-17,554.1217564429727,568.1008284821193,524.2467374602306,554.2647998692751,0.0
2023-02-21,554.2647998692751,566.4813702232285,531.8663442463105,545.5371351545683,0.0
2023-02-22,545.5371351545683,555.0672288611029,506.86972409564527,541.9841530333625,0.0
2023-02-23,541.9841530333625,559.7749148195162,526.421004258091,543.9462241929684,0.0
2023-02-24,543.9462241929684,555.3568103325478,528.9614880811984,538.7461461702642,0.0
2023-02-27,538.7461461702642,550.9556737499311,531.550736268478,539.1458004117756,0.0
2023-02-28,539.1458004117756,553.5429137827052,527.6405628173512,538.0236964493128,0.0
2023-03-01,538.0236964493128,564.68184077803,518.5463141959269,538.055750313246,0.0
2023-03-02,538.055750313246,587.4853157143693,531.2166615329699,542.9653267985096,0.0
2023-03-03,542.9653267985096,560.6267869579663,540.0088794710487,549.7174645987583,0.0
2023-03-06,549.7174645987583,558.0569036808402,537.1467117231931,547.5976024602079,0.0
2023-03-07,547.5976024602079,547.388928223819,514.4059980338519,538.045985324744,0.0
2023-03-08,538.045985324744,553.5444381740131,521.2165353070787,538.7545468766465,0.0
2023-03-09,538.7545468766465,538.0638520769066,505.33058513546797,527.6775467658822,0.0
2023-03-10,527.6775467658822,550.8241419235769,487.64376409758245,519.9669871457079,0.0
2023-03-13,519.9669871457079,569.2767343200076,481.24374276521036,517.5925891559276,0.0
2023-03-14,517.5925891559276,592.5214970705099,508.069809947038,526.1365025501774,0.0
2023-03-15,526.1365025501774,540.6764878968422,478.749580854726,517.867600821821,0.0
2023-03-16,517.867600821821,538.8602118319577,510.1332650042565,523.5173916949017,0.0
2023-03-17,523.5173916949017,552.7059020972281,477.467268805758,514.4243549954595,0.0
2023-03-20,514.4243549954595,534.0658104444517,501.1693445300024,521.4962335112864,0.0
2023-03-21,521.4962335112864,552.3862205417558,508.1916861643961,526.998121949231,0.0
2023-03-22,526.998121949231,532.8227719976963,501.39631591928736,516.8489815681886,0.0
2023-03-23,516.8489815681886,533.7988103784382,499.2021432536933,516.310227527623,0.0
2023-03-24,516.310227527623,531.8250590561728,500.73919856514965,519.125332009495,0.0
2023-03-27,519.125332009495,544.9475824368564,494.3782309848637,521.8635197039397,0.0
2023-03-28,521.8635197039397,553.9234253004097,514.7082269634261,524.7045583843446,0.0
2023-03-29,524.7045583843446,556.1981099619672,519.2294155816735,531.2106857666516,0.0
2023-03-30,531.2106857666516,563.6528406755777,522.119952508596,535.2108131200856,0.0
2023-03-31,535.2108131200856,558.9375985554173,534.6840294242801,543.0319250579718,0.0
2023-04-03,543.0319250579718,585.2524605410542,529.9279076620606,545.0439700702348,0.0
2023-04-04,545.0439700702348,565.757173524394,503.7061620928803,540.7493458401186,0.0
2023-04-05,540.7493458401186,568.6604292814537,506.9524387642298,540.0805972056736,0.0
2023-04-06,540.0805972056736,553.8703784492211,530.9657362442894,540.9062861246395,0.0
2023-04-10,540.9062861246395,556.4664802855824,530.9299681814373,543.1576309618221,0.0
2023-04-11,543.1576309618221,558.1263428235067,530.7188230802446,545.5000725223002,0.0
2023-04-12,545.5000725223002,564.2583439801335,522.6802892174345,542.7509868442305,0.0
2023-04-13,542.7509868442305,568.9811180199072,535.6888291237811,549.0738593010109,0.0
2023-04-14,549.0738593010109,575.3085674721402,532.930991095698,547.833580460859,0.0
2023-04-17,547.833580460859,563.6080147143452,522.6636236377394,550.0361155417773,0.0
2023-04-18,550.0361155417773,563.257786531008,534.5646550522739,552.692523842625,0.0
2023-04-19,552.692523842625,595.889073799104,532.3279332901199,552.4886857348641,0.0
2023-04-20,552.4886857348641,561.7885763807471,525.9917633522344,548.6153251942218,0.0
2023-04-21,548.6153251942218,560.7937905262231,526.0659240164388,547.961662452588,0.0
2023-04-24,547.961662452588,565.5160551357479,540.3104018633558,549.1461865039938,0.0
2023-04-25,549.1461865039938,554.1785412183322,524.4187021505356,539.7905472625138,0.0
2023-04-26,539.7905472625138,578.8901112967342,514.9519725511778,534.4858967857755,0.0
2023-04-27,534.4858967857755,563.50152642213,521.0389397213759,541.9272320230486,0.0
2023-04-28,541.9272320230486,561.3458281516308,532.1597970609374,547.9428799209271,0.0
2023-05-01,547.9428799209271,565.2695589383904,539.7124269427698,548.4378188156625,0.0
2023-05-02,548.4378188156625,575.2635061754359,503.11384222530046,544.4950900840947,0.0
2023-05-03,544.4950900840947,560.6324880254751,524.7562639775069,541.5818327385671,0.0
2023-05-04,541.5818327385671,576.2004574229883,499.06630812354757,537.2243374347331,0.0
2023-05-05,537.2243374347331,572.6959445124684,522.6549598302094,545.6577117656899,0.0
2023-05-08,545.6577117656899,578.3644508127144,535.2116193612699,545.2017201671564,0.0
2023-05-09,545.2017201671564,549.6432807954818,535.5985492351838,543.8539790966682,0.0
2023-05-10,543.8539790966682,554.4320851019154,534.0970968048438,542.9099087548078,0.0
2023-05-11,542.9099087548078,547.0107720375051,495.5112764516861,535.4043143198073,0.0
2023-05-12,535.4043143198073,547.2823562108018,513.2968945616526,533.5220242661223,0.0
2023-05-15,533.5220242661223,559.5739810722324,514.8647562864925,537.3587348053196,0.0
2023-05-16,537.3587348053196,541.3177676217666,514.8303535659757,529.64203253207,0.0
2023-05-17,529.64203253207,564.4061733940484,523.4958016001274,537.359792339504,0.0
2023-05-18,537.359792339504,570.7621792147127,514.7249372966462,539.2755945151646,0.0
2023-05-19,539.2755945151646,549.1721277211965,523.0207906261858,537.4799452010357,0.0
2023-05-22,537.4799452010357,552.0254755469705,524.8806234291458,538.066380624371,0.0
2023-05-23,538.066380624371,546.0358331255833,521.0835771671242,532.204329527497,0.0
2023-05-24,532.204329527497,536.3812888354543,506.2417409170206,525.356221452072,0.0
2023-05-25,525.356221452072,579.060353021725,510.65479671904654,525.3829552062514,0.0
2023-05-26,525.3829552062514,555.5556531767913,518.5894547380436,528.7892638963016,0.0
2023-05-30,528.7892638963016,543.6573323881685,509.415848260292,527.0861097882464,0.0
2023-05-31,527.0861097882464,540.4865880750039,507.93861722229906,523.9897438471512,0.0
2023-06-01,523.9897438471512,552.9188623295764,514.8267281994878,530.7549583641858,0.0
2023-06-02,530.7549583641858,577.7204540564086,524.5884418548203,543.0495264844863,0.0
2023-06-05,543.0495264844863,549.2912018000395,518.9506588030974,540.1019408756624,0.0
2023-06-06,540.1019408756624,575.8050017300386,529.5390277972647,544.9872182314361,0.0
2023-06-07,544.9872182314361,568.0221599304856,528.1645589760683,548.4392684097886,0.0
2023-06-08,548.4392684097886,565.163449471544,530.9128959872494,549.5323174352042,0.0
2023-06-09,549.5323174352042,564.2380080041519,531.6150777839599,549.0220637970682,0.0
2023-06-12,549.0220637970682,617.3877031788556,538.666338875841,553.6216153882688,0.0
2023-06-13,553.6216153882688,582.8982266849596,538.0592369607641,559.7961199524331,0.0
2023-06-14,559.7961199524331,582.2776446388855,548.6686378125582,559.8105360114118,0.0
2023-06-15,559.8105360114118,579.1810059871493,548.5888890361633,565.7848075831552,0.0
2023-06-16,565.7848075831552,580.7576628313707,549.2431534415643,564.666040919407,0.0
2023-06-20,564.666040919407,576.7765563363007,541.9953056305799,558.1083162172766,0.0
2023-06-21,558.1083162172766,568.0349148563016,547.2595999783348,556.850372054935,0.0
2023-06-22,556.850372054935,567.3323129673449,544.9609478998309,554.8062468600473,0.0
2023-06-23,554.8062468600473,559.3866048700056,535.9494640848676,550.0925186260328,0.0
2023-06-26,550.0925186260328,567.2203800332295,508.3133646358527,551.3536194297114,0.0
2023-06-27,551.3536194297114,600.0690902904921,534.5561709015993,556.8073472317255,0.0
2023-06-28,556.8073472317255,605.8652899230234,534.6987124008115,555.0502624306971,0.0
2023-06-29,555.0502624306971,569.9782759388253,550.8769414840334,559.1933065566318,0.0
2023-06-30,559.1933065566318,613.613586325419,554.943877563266,565.1864131577254,0.0
2023-07-03,565.1864131577254,581.7797149163841,555.8548356010342,569.6843672562152,0.0
2023-07-05,569.6843672562152,577.5445677963153,547.6014855659433,565.2510650843136,0.0
2023-07-06,565.2510650843136,570.4663466173932,544.437565751375,558.9492236008153,0.0
2023-07-07,558.9492236008153,602.4663671695982,539.4932183523321,560.0989673818868,0.0
2023-07-10,560.0989673818868,578.6874664431789,547.5522878708449,563.4105450485921,0.0
2023-07-11,563.4105450485921,590.8303344355655,551.7336673469811,569.8673950596102,0.0
2023-07-12,569.8673950596102,609.2552601862977,549.3642332753514,573.4319731258064,0.0
2023-07-13,573.4319731258064,594.7748620137257,558.6397810119439,577.6825537659404,0.0
2023-07-14,577.6825537659404,584.2862613893237,539.2632714238307,572.9330493619235,0.0
2023-07-17,572.9330493619235,592.0181570799703,553.1499220621605,574.3670663975157,0.0
2023-07-18,574.3670663975157,601.7967964038705,556.9271417616762,580.1096559487239,0.0
2023-07-19,580.1096559487239,595.7934741794401,563.3654146085343,580.3671451961163,0.0
2023-07-20,580.3671451961163,615.6118019142785,545.2984761706024,580.1427582300838,0.0
2023-07-21,580.1427582300838,592.9045176198601,562.4157719851876,581.5028468911592,0.0
2023-07-24,581.5028468911592,614.7234945870232,560.0136804894092,584.0141203713058,0.0
2023-07-25,584.0141203713058,615.1554893073903,564.6171083232408,584.6017848005937,0.0
2023-07-26,584.6017848005937,619.2031486435195,562.598996308464,585.7811344459002,0.0
2023-07-27,585.7811344459002,610.5481943129553,541.0282510789799,580.5549700150925,0.0
2023-07-28,580.5549700150925,602.0814050052624,573.8335644159404,583.3481242231716,0.0
2023-07-31,583.3481242231716,602.0412756203126,560.1118827238263,584.6372754470062,0.0
2023-08-01,584.6372754470062,618.5408689601175,525.3835291771965,581.5678643322991,0.0
2023-08-02,581.5678643322991,605.5451018697937,563.1433862818604,577.4097471044182,0.0
2023-08-03,577.4097471044182,587.1738353079418,534.7799990294686,573.0253816681654,0.0
2023-08-04,573.0253816681654,596.9236760676831,559.9724402167486,572.2681052269894,0.0
2023-08-07,572.2681052269894,601.6151990861829,552.9549436414828,577.3630942789897,0.0
2023-08-08,577.3630942789897,589.6982937650865,562.0838783981288,573.5298373235827,0.0
2023-08-09,573.5298373235827,583.3339100328712,552.7265844654848,570.8874876474517,0.0
2023-08-10,570.8874876474517,599.7526677508475,562.1679845497072,570.7877840605394,0.0
2023-08-11,570.7877840605394,581.2469111285845,549.8390221489086,569.2895855966989,0.0
2023-08-14,569.2895855966989,577.7927246911263,558.9491566858057,567.531088046293,0.0
2023-08-15,567.531088046293,566.5359775731681,548.8015491898714,559.1914478795759,0.0
2023-08-16,559.1914478795759,575.7369592319731,544.7151151625992,554.7339506130376,0.0
2023-08-17,554.7339506130376,563.4083829892136,536.1667692400246,551.5711205108427,0.0
2023-08-18,551.5711205108427,562.037369190158,540.7122516195898,551.0376778026197,0.0
2023-08-21,551.0376778026197,565.1942200242227,534.617363956064,549.9778169209083,0.0
2023-08-22,549.9778169209083,557.3305338264032,536.2511831395655,548.0921080938157,0.0
2023-08-23,548.0921080938157,578.7288532606051,540.5028370260909,553.7158112940051,0.0
2023-08-24,553.7158112940051,558.4610003771207,532.0394387404547,547.9810225780086,0.0
2023-08-25,547.9810225780086,559.0062985272222,537.4590891717829,550.4042432562798,0.0
2023-08-28,550.4042432562798,579.1620376571469,542.9042489178436,555.3255738752054,0.0
2023-08-29,555.3255738752054,572.8576214920153,550.5127814708219,561.3091766403146,0.0
2023-08-30,561.3091766403146,575.920721167322,555.3541889572695,562.1529277015061,0.0
2023-08-31,562.1529277015061,574.101083155315,544.8460242751742,559.532447693599,0.0
2023-09-01,559.532447693599,581.683850916529,545.8918096872179,562.2946580146785,0.0
2023-09-05,562.2946580146785,577.1852173258221,543.3663651955326,556.8443254978773,0.0
2023-09-06,556.8443254978773,563.5817375767308,530.2648376936077,553.9186272543652,0.0
2023-09-07,553.9186272543652,562.2887602404082,539.0822137584332,551.5452828941064,0.0
2023-09-08,551.5452828941064,566.9116000764085,543.6190725416668,552.2464778744561,0.0
2023-09-11,552.2464778744561,565.7804701470228,545.0741978902798,555.6817100148686,0.0
2023-09-12,555.6817100148686,573.5126809885571,540.1928051041002,555.0704025069086,0.0
2023-09-13,555.0704025069086,566.0328388164014,523.4217012423914,553.1822161334453,0.0
2023-09-14,553.1822161334453,575.6483262044303,545.2944246267115,559.7103941590138,0.0
2023-09-15,559.7103941590138,577.3718196815951,539.564311579422,554.7544854244201,0.0
2023-09-18,554.7544854244201,564.8115866703783,538.0284366368298,553.7024835795037,0.0
2023-09-19,553.7024835795037,561.069175614188,533.6436981958042,551.1106827454404,0.0
2023-09-20,551.1106827454404,573.3154954862956,535.041144275832,550.5610445149864,0.0
2023-09-21,550.5610445149864,553.690644139694,527.3212397466275,541.6990614360425,0.0
2023-09-22,541.6990614360425,552.9443648680676,519.9054781515257,538.2436381078031,0.0
2023-09-25,538.2436381078031,555.6985797887523,525.7636980640928,538.6144484858215,0.0
2023-09-26,538.6144484858215,545.0139186272927,524.2443356328776,531.7083280910206,0.0
2023-09-27,531.7083280910206,548.8814610467066,486.08314259339176,530.2652190157868,0.0
2023-09-28,530.2652190157868,548.988417217249,521.0126390846514,534.453310588552,0.0
2023-09-29,534.453310588552,543.3313010631878,507.8046692610217,530.5756810881476,0.0
2023-10-02,530.5756810881476,540.7418403199318,510.32906879510927,523.9323611355509,0.0
2023-10-03,523.9323611355509,527.7528401955857,489.3620622937524,516.0594645225867,0.0
2023-10-04,516.0594645225867,531.1769945204837,493.0004306889603,519.665802279007,0.0
2023-10-05,519.665802279007,533.1596648573178,509.732080015116,520.3055542046629,0.0
2023-10-06,520.3055542046629,541.0605073151113,516.6979044453238,525.577961532313,0.0
2023-10-09,525.577961532313,572.5313865170588,502.98522280985446,531.1510865672295,0.0
2023-10-10,531.1510865672295,559.1063102023786,526.1159865998704,536.6173276569078,0.0
2023-10-11,536.6173276569078,564.3425921541581,509.55546331658667,537.6989540401327,0.0
2023-10-12,537.6989540401327,546.6286686533106,508.7980901239288,530.8165036336197,0.0
2023-10-13,530.8165036336197,552.93387043255,507.56264714498934,530.6759011220126,0.0
2023-10-16,530.6759011220126,545.0818850643872,510.2653625168258,535.7124043593988,0.0
2023-10-17,535.7124043593988,556.198602010505,530.1884593057598,538.4196876440401,0.0
2023-10-18,538.4196876440401,558.4043785574243,487.3875071199499,529.9473186164511,0.0
2023-10-19,529.9473186164511,533.6420968460895,513.77800398968,523.2769444723214,0.0
2023-10-20,523.2769444723214,540.4973721206926,503.22505130946655,519.2973987752324,0.0
2023-10-23,519.2973987752324,535.7755566539583,504.69154491261077,516.0571632076278,0.0
2023-10-24,516.0571632076278,543.3068905170734,498.4629520969694,517.2649476739745,0.0
2023-10-25,517.2649476739745,533.1336242248912,463.7981130300568,512.1374857683179,0.0
2023-10-26,512.1374857683179,533.1883574371477,469.5589250771416,511.04802410813693,0.0
2023-10-27,511.04802410813693,531.3645100335712,477.5814408064988,504.11553683495214,0.0
2023-10-30,504.11553683495214,527.1292017781708,475.51467098945636,508.0579953936791,0.0
2023-10-31,508.0579953936791,535.4800404143733,481.85831061747234,511.20082519580006,0.0
2023-11-01,511.20082519580006,541.3556477107618,497.4465430392768,513.174914242018,0.0
2023-11-02,513.174914242018,554.3475461364455,510.3201838904549,526.1777783189328,0.0
2023-11-03,526.1777783189328,568.2123817863179,520.7786411727141,535.5228128092226,0.0
2023-11-06,535.5228128092226,543.1488919394272,510.7014172654646,532.5083440127183,0.0
2023-11-07,532.5083440127183,545.5387195749838,511.35363286033856,530.6792221138099,0.0
2023-11-08,530.6792221138099,540.3970180122877,500.602866176493,527.495057701837,0.0
2023-11-09,527.495057701837,563.9515568918682,477.29846043299864,518.7923613503788,0.0
2023-11-10,518.7923613503788,537.7571610315808,495.7210713431369,524.344901216971,0.0
2023-11-13,524.344901216971,534.5003220941018,512.1738655501421,523.74814106072,0.0
2023-11-14,523.74814106072,569.832598183005,518.1521472123959,540.3798020834847,0.0
2023-11-15,540.3798020834847,636.3204545271001,526.8415919072016,546.4340091446214,0.0
2023-11-16,546.4340091446214,559.035465059336,528.5229559517181,546.0455188613154,0.0
2023-11-17,546.0455188613154,561.3409351862066,536.8714869392595,548.2745011879556,0.0
2023-11-20,548.2745011879556,559.5260561676341,534.402199724492,549.5709764119528,0.0
2023-11-21,549.5709764119528,572.8468383934758,535.6148505829395,549.3812812153674,0.0
2023-11-22,549.3812812153674,559.8272909784155,541.3203876370764,551.7750519171274,0.0
2023-11-24,551.7750519171274,557.9851576826849,544.0680927581003,553.2615407065231,0.0
2023-11-27,553.2615407065231,580.2342215468311,543.7941963112655,553.2264139063011,0.0
2023-11-28,553.2264139063011,597.6192622965391,537.7056819344574,555.7786732250701,0.0
2023-11-29,555.7786732250701,570.4588107751814,546.1623542824374,558.5905871316778,0.0
2023-11-30,558.5905871316778,569.1821628396674,540.8887225838307,561.8609551620796,0.0
2023-12-01,561.8609551620796,590.7669966454986,555.3364484477565,571.2359455571741,0.0
2023-12-04,571.2359455571741,592.621068884929,541.6058338614469,569.8230302821377,0.0
2023-12-05,569.8230302821377,575.0507108758878,553.965017161924,564.5253281361139,0.0
2023-12-06,564.5253281361139,598.0547354073407,544.07936502294,564.1454954751865,0.0
2023-12-07,564.1454954751865,579.980605077879,543.9002454065451,566.6399244774984,0.0
2023-12-08,566.6399244774984,594.3721819560869,546.8076022762212,568.7966184968436,0.0
2023-12-11,568.7966184968436,588.0971628068287,553.7207983149513,571.6483422134644,0.0
2023-12-12,571.6483422134644,583.3046741042405,555.471074950744,571.1492235632772,0.0
2023-12-13,571.1492235632772,604.8707825053955,570.9089146692753,583.4543748118509,0.0
2023-12-14,583.4543748118509,646.0819621403011,569.8052067267811,594.459031570912,0.0
2023-12-15,594.459031570912,602.2566232415587,574.9712227848999,589.1582428577996,0.0
2023-12-18,589.1582428577996,595.9592571427715,575.4757886765063,588.0911961806052,0.0
2023-12-19,588.0911961806052,621.0745305944062,583.3782489937095,593.8686837510273,0.0
2023-12-20,593.8686837510273,591.8943189209424,573.0520768921639,583.1477682158559,0.0
2023-12-21,583.1477682158559,619.2919916918557,581.1385278798916,590.5989810243416,0.0
2023-12-22,590.5989810243416,600.1607952788402,582.59709795174,592.6097110933496,0.0
2023-12-26,592.6097110933496,603.7736371823212,582.5920424616346,595.8612766747452,0.0
2023-12-27,595.8612766747452,609.9516687457124,589.588996518525,597.2504894100875,0.0
2023-12-28,597.2504894100875,606.4070570222922,576.4017204237346,597.2803308891017,0.0
2023-12-29,597.2803308891017,604.8392732568387,585.6608687553264,595.182947085415,0.0
2024-01-02,595.182947085415,615.7453663223145,555.0546664471307,596.4965505743368,0.0
2024-01-03,596.4965505743368,603.9279898360085,564.0669932848411,588.9152431971304,0.0
2024-01-04,588.9152431971304,606.9248609393834,566.2395447273736,589.1698623244324,0.0
2024-01-05,589.1698623244324,605.9533803139968,580.3245351911897,590.2188122809515,0.0
2024-01-08,590.2188122809515,611.7059363659429,577.7482019334273,596.2907981376294,0.0
2024-01-09,596.2907981376294,610.9867729002697,572.485462931732,592.5759915050521,0.0
2024-01-10,592.5759915050521,606.2141403907035,581.2511480999563,590.6161333585839,0.0
2024-01-11,590.6161333585839,600.0801771757868,574.3075984211171,590.1144959087115,0.0
2024-01-12,590.1144959087115,613.8399665981904,570.9264667878409,592.6687954106296,0.0
2024-01-16,592.6687954106296,612.6672231181715,559.4224067054378,588.6420378691884,0.0
2024-01-17,588.6420378691884,597.1986372220927,567.7183403313647,583.6303139047376,0.0
2024-01-18,583.6303139047376,601.0415151053191,570.8159675106774,585.9171590401853,0.0
2024-01-19,585.9171590401853,613.4899875762785,577.0753955040813,590.288126440588,0.0
2024-01-22,590.288126440588,605.4119819628421,530.3734399524122,589.3523155311959,0.0
2024-01-23,589.3523155311959,615.2779318741933,524.3173841299988,587.7985796008492,0.0
2024-01-24,587.7985796008492,613.2754608331536,570.3053171882872,584.4307211926858,0.0
2024-01-25,584.4307211926858,630.0261895435102,577.0586993241292,590.0034890831565,0.0
2024-01-26,590.0034890831565,598.4548464691766,567.0768277502578,588.5184895856767,0.0
2024-01-29,588.5184895856767,615.2862288919579,582.4573988727807,593.2732457296995,0.0
2024-01-30,593.2732457296995,625.9465156628406,574.7530493213532,594.5608931963889,0.0
2024-01-31,594.5608931963889,601.1054335419329,575.8245841751058,587.7752128528901,0.0
2024-02-01,587.7752128528901,623.8023634871266,579.825302809218,597.1642141468337,0.0
2024-02-02,597.1642141468337,609.5588844570261,575.5087802797773,592.502968969888,0.0
2024-02-05,592.502968969888,609.1213568763302,570.5183130378431,584.7373694630188,0.0
2024-02-06,584.7373694630188,607.2621239191144,577.1484852974864,590.599547338375,0.0
2024-02-07,590.599547338375,611.0619967170447,565.5225557692754,590.2327579663984,0.0
2024-02-08,590.2327579663984,658.1030188119132,560.5876448681379,591.3728746848441,0.0
2024-02-09,591.3728746848441,618.283977188289,540.8281600853923,587.4172988521217,0.0
2024-02-12,587.4172988521217,601.6150653976908,576.2025233094109,590.8166103191086,0.0
2024-02-13,590.8166103191086,643.7916610377467,547.14626998939,579.454037863878,0.0
2024-02-14,579.454037863878,598.0970368935716,563.6514993637652,581.066476088896,0.0
2024-02-15,581.066476088896,601.7447637905232,571.2706602594441,587.6624894395351,0.0
2024-02-16,587.6624894395351,600.834918158169,571.4458160389088,585.9386217545195,0.0
2024-02-20,585.9386217545195,600.4772317760837,574.5979151512438,586.6770402372902,0.0
2024-02-21,586.6770402372902,603.0896120769033,577.1885799182139,588.9626095401799,0.0
2024-02-22,588.9626095401799,618.961696472472,544.2133882713647,591.7289281191121,0.0
2024-02-23,591.7289281191121,637.2733088296175,580.5588181749658,595.498521946726,0.0
2024-02-26,595.498521946726,607.8147975749654,571.3206133482627,590.5247643338453,0.0
2024-02-27,590.5247643338453,635.6731446004286,582.7173879808222,593.6649985481205,0.0
2024-02-28,593.6649985481205,605.4032945513734,577.2468872225587,593.5245309743417,0.0
2024-02-29,593.5245309743417,630.8632548059467,579.7137366960756,597.9043245192403,0.0
2024-03-01,597.9043245192403,626.4982276658181,589.9213017402672,601.4637460769026,0.0
2024-03-04,601.4637460769026,651.1231592483758,581.9554378707459,603.6148144878692,0.0
2024-03-05,603.6148144878692,676.1736694479104,584.7125846255609,602.4772698145623,0.0
2024-03-06,602.4772698145623,625.2548568508408,587.4780525119277,607.408399967335,0.0
2024-03-07,607.408399967335,634.0045715997192,594.1296052645407,611.9542952732066,0.0
2024-03-08,611.9542952732066,639.699349336455,593.7903854310518,613.6123432002154,0.0
2024-03-11,613.6123432002154,637.6791586326984,605.2215152885715,617.0033295718009,0.0
2024-03-12,617.0033295718009,647.6403471710571,593.1916234802057,617.9867278604123,0.0
2024-03-13,617.9867278604123,664.6878732688625,602.4326080902651,621.7118680632669,0.0
2024-03-14,621.7118680632669,640.0925626274206,602.6675445785157,617.1527102821104,0.0
2024-03-15,617.1527102821104,635.530447312383,599.7051668666886,616.5595894240282,0.0
2024-03-18,616.5595894240282,629.2122574322275,593.0288172835436,618.0116209993744,0.0
2024-03-19,618.0116209993744,640.4377512092668,591.7381412223643,620.3368773241625,0.0
2024-03-20,620.3368773241625,650.9405977597273,607.4835047107315,626.3867628996416,0.0
2024-03-21,626.3867628996416,648.6863961472955,610.1387589833371,631.6434391763912,0.0
2024-03-22,631.6434391763912,643.7471045753713,616.0708899113205,626.6843938990942,0.0
2024-03-25,626.6843938990942,645.5600304401262,608.5475697627312,625.8796133802995,0.0
2024-03-26,625.8796133802995,634.3566515242394,612.390958548351,624.9892727434855,0.0
2024-03-27,624.9892727434855,651.6829920881106,615.7531466534709,635.2433067836758,0.0
2024-03-28,635.2433067836758,651.0273843718486,603.8322646211941,637.8156566932435,0.0
2024-04-01,637.8156566932435,676.1669284389507,624.9404110172644,637.0224097967017,0.0
2024-04-02,637.0224097967017,655.6992296336863,606.4640972704624,633.6240695373069,0.0
2024-04-03,633.6240695373069,652.3958849044361,613.8136668199336,633.7258635606922,0.0
2024-04-04,633.7258635606922,644.2930228169262,615.7048228145051,628.7969834429286,0.0
2024-04-05,628.7969834429286,660.9703912267145,621.7051377761651,634.1466335954764,0.0
2024-04-08,634.1466335954764,656.794707437966,622.683183025877,635.1266038377538,0.0
2024-04-09,635.1266038377538,653.0456152229443,622.4521323142004,638.7536061720886,0.0
2024-04-10,638.7536061720886,644.662028096595,611.4867968794777,628.3444308024775,0.0
2024-04-11,628.3444308024775,661.6161136741259,618.3039524396924,629.3331190021188,0.0
2024-04-12,629.3331190021188,632.0129070469275,601.7210561954367,618.9567801062091,0.0
2024-04-15,618.9567801062091,625.838271198784,602.9646189481998,613.6361717871694,0.0
2024-04-16,613.6361717871694,620.9144083301644,591.9582386522792,608.8306933160378,0.0
2024-04-17,608.8306933160378,623.46977297312,590.3780009149966,609.1671800101677,0.0
2024-04-18,609.1671800101677,618.9354934450137,588.8455318545392,608.7791700785841,0.0
2024-04-19,608.7791700785841,629.202351716649,596.7483947421698,613.7244633870871,0.0
2024-04-22,613.7244633870871,632.5077170128369,567.1288023347524,615.3007841087087,0.0
2024-04-23,615.3007841087087,638.8505148875612,603.2337222319932,619.853809256227,0.0
2024-04-24,619.853809256227,648.122368172761,598.1968317796112,621.161611719745,0.0
2024-04-25,621.161611719745,698.5655411996593,600.234604435079,621.171835729666,0.0
2024-04-26,621.171835729666,650.3487872994464,611.441320062298,625.2066889065985,0.0
2024-04-29,625.2066889065985,650.1101475986455,618.3299354085088,629.9146191481583,0.0
2024-04-30,629.9146191481583,659.6468709005713,583.9409878869101,621.5130074535579,0.0
2024-05-01,621.5130074535579,649.8399559234722,602.6038562154012,621.2097168617449,0.0
2024-05-02,621.2097168617449,640.5344956116935,607.1450070815523,624.6710248268348,0.0
2024-05-03,624.6710248268348,646.0568621644682,609.9345428933016,628.1952011469639,0.0
2024-05-06,628.1952011469639,647.7584205675507,623.6564158367906,633.9726542597555,0.0
2024-05-07,633.9726542597555,646.9299333024064,573.6616616537948,632.3840300568969,0.0
2024-05-08,632.3840300568969,640.4456043116379,614.7870972055697,630.8326580001872,0.0
2024-05-09,630.8326580001872,650.5747709940428,624.4034557286028,637.1127495695271,0.0
2024-05-10,637.1127495695271,664.4787992467433,630.1433952522866,640.8285177296534,0.0
2024-05-13,640.8285177296534,656.1789060520014,628.2061847042379,642.1226615692682,0.0
2024-05-14,642.1226615692682,659.8908134025885,617.2397484797904,643.9781721028207,0.0
2024-05-15,643.9781721028207,668.0833882421027,628.2073080328998,648.9296154799989,0.0
2024-05-16,648.9296154799989,672.1332180632288,620.6392088310616,647.945894452008,0.0
2024-05-17,647.945894452008,675.2133354533606,636.542114511174,650.540984976976,0.0
2024-05-20,650.540984976976,697.8136290213129,636.6469870077461,652.1163871902517,0.0
2024-05-21,652.1163871902517,668.4295969384983,639.2860548237529,651.7091858155402,0.0
2024-05-22,651.7091858155402,663.4824875144586,599.3733217121895,646.0276920695705,0.0
2024-05-23,646.0276920695705,651.1681762444993,610.1143160167036,636.4356480834156,0.0
2024-05-24,636.4356480834156,653.2950103507234,623.6461251452691,639.6698177814653,0.0
2024-05-28,639.6698177814653,665.7383548417703,618.6701444807578,637.7286205583603,0.0
2024-05-29,637.7286205583603,640.5032495870091,619.2287940257062,629.8634531229421,0.0
2024-05-30,629.8634531229421,646.4906131920351,608.5828595408184,633.0023961332713,0.0
2024-05-31,633.0023961332713,659.5692992077438,620.6862339017085,641.8596024783166,0.0
2024-06-03,641.8596024783166,681.4437628620603,601.9698319125605,639.6076514227024,0.0
2024-06-04,639.6076514227024,676.7616463361963,610.8473666195104,637.8902876791822,0.0
2024-06-05,637.8902876791822,660.4069099691816,619.4942024357889,640.1636232226666,0.0
2024-06-06,640.1636232226666,670.4139806769633,627.3722613303268,641.0856593523475,0.0
2024-06-07,641.0856593523475,661.4365434291249,596.0011713202312,638.2505756327669,0.0
2024-06-10,638.2505756327669,653.1156029893294,622.1689472160134,640.0878114867268,0.0
2024-06-11,640.0878114867268,651.0358810868903,616.2265004650259,635.7514585484994,0.0
2024-06-12,635.7514585484994,661.590410780458,624.4446773816434,639.8979360774395,0.0
2024-06-13,639.8979360774395,648.8042659713942,620.166296417981,635.3056994244614,0.0
2024-06-14,635.3056994244614,658.2734428640448,590.2839942117917,630.7809979329609,0.0
2024-06-17,630.7809979329609,651.7131408206529,616.5422224595284,633.7015247960585,0.0
2024-06-18,633.7015247960585,647.3329527299919,622.6584067350196,634.5302681565987,0.0
2024-06-20,634.5302681565987,688.1864124667752,613.1954168109312,638.4939662680955,0.0
2024-06-21,638.4939662680955,658.8169192634242,630.2909091120197,641.3755753152966,0.0
2024-06-24,641.3755753152966,659.7268408333736,622.7420635884375,644.9963512733045,0.0
2024-06-25,644.9963512733045,701.2712012224438,615.2080111118808,641.9287612981875,0.0
2024-06-26,641.9287612981875,661.7414309745902,630.988905495281,640.6206562383121,0.0
2024-06-27,640.6206562383121,656.301513989352,625.728479493297,641.1968774846995,0.0
2024-06-28,641.1968774846995,661.211650235827,623.1226025660819,643.890093000701,0.0
2024-07-01,643.890093000701,657.9794416640415,609.1502696074491,639.2531705129719,0.0
2024-07-02,639.2531705129719,657.4801099035321,631.1166780100399,641.8882970447748,0.0
2024-07-03,641.8882970447748,668.6657342412601,624.902469175123,642.6493963374547,0.0
2024-07-05,642.6493963374547,710.6858896219635,626.9010956771738,645.0098348754268,0.0
2024-07-08,645.0098348754268,658.6054239185794,632.4810648916048,646.4221883794413,0.0
2024-07-09,646.4221883794413,664.4948968662991,628.0710751394256,645.1938979180492,0.0
2024-07-10,645.1938979180492,668.2732506553468,638.6806551162363,652.2201918754271,0.0
2024-07-11,652.2201918754271,683.3953385022068,634.2267479511199,659.3515652707141,0.0
2024-07-12,659.3515652707141,693.8905564657907,640.5845335368522,664.3969417534835,0.0
2024-07-15,664.3969417534835,689.6495138140036,639.9073160591051,664.4504095335383,0.0
2024-07-16,664.4504095335383,721.0045771285572,656.240313846788,676.9471367656273,0.0
2024-07-17,676.9471367656273,701.9162770272563,625.6760621872264,675.0532732793883,0.0
2024-07-18,675.0532732793883,682.3340699045033,639.1432154730861,666.0911545597336,0.0
2024-07-19,666.0911545597336,679.137421274492,628.8019420343934,661.6828435819073,0.0
2024-07-22,661.6828435819073,734.2264972811316,642.2553667569092,667.7144169606595,0.0
2024-07-23,667.7144169606595,705.2794354610005,617.1082428021044,667.7461829674811,0.0
2024-07-24,667.7461829674811,689.6072340653642,628.4586807431045,661.5177097889805,0.0
2024-07-25,661.5177097889805,688.8886006434853,621.8775262328154,660.9925818642095,0.0
2024-07-26,660.9925818642095,812.9587721144505,613.708234275591,671.8168631270952,0.0
2024-07-29,671.8168631270952,688.3265534129587,661.2504705734789,672.3742878975035,0.0
2024-07-30,672.3742878975035,688.7915065676933,620.6824644876148,672.9710979892693,0.0
2024-07-31,672.9710979892693,711.6567742007063,618.163094590111,673.1528678957341,0.0
2024-08-01,673.1528678957341,701.0197197935178,623.1703040847798,665.0286550374814,0.0
2024-08-02,665.0286550374814,681.5409472748287,615.884771727361,650.5936459766601,0.0
2024-08-05,650.5936459766601,659.2933251013322,624.0702223042,635.6728983059556,0.0
2024-08-06,635.6728983059556,669.0480216753175,609.4492557361726,641.5173373386785,0.0
2024-08-07,641.5173373386785,650.1683169318667,612.9246281671906,634.4412598648489,0.0
2024-08-08,634.4412598648489,681.6745563629443,633.4024943379128,648.8430100903194,0.0
2024-08-09,648.8430100903194,750.975548424494,632.2763265392487,652.1017133983238,0.0
2024-08-12,652.1017133983238,666.8632908592973,635.5817352889874,649.4027644322633,0.0
2024-08-13,649.4027644322633,674.6074006222849,643.3506085199806,656.2277354533438,0.0
2024-08-14,656.2277354533438,668.9797752169486,644.6648146633838,656.2716522290817,0.0
2024-08-15,656.2716522290817,699.8451867034772,643.3497545730837,664.1934426770512,0.0
2024-08-16,664.1934426770512,687.5712955170037,652.3780662580194,665.6068702615082,0.0
2024-08-19,665.6068702615082,680.9825719100711,663.5391489889865,671.5704778104725,0.0
2024-08-20,671.5704778104725,683.4981571054509,654.9801163238953,668.6384136871831,0.0
2024-08-21,668.6384136871831,743.528146909502,660.1318717053248,675.3633224027487,0.0
2024-08-22,675.3633224027487,683.9034778298833,642.805608488825,672.0224143237994,0.0
2024-08-23,672.0224143237994,722.4784306467612,667.9256264979941,682.4171673998056,0.0
2024-08-26,682.4171673998056,696.1845177430183,668.3403038854449,684.5522056747714,0.0
2024-08-27,684.5522056747714,702.6969297914192,666.1496526223688,683.4491456550061,0.0
2024-08-28,683.4491456550061,697.2956693250504,662.8987792448762,680.1535726008968,0.0
2024-08-29,680.1535726008968,697.8693301595822,665.237577404087,683.5731829942521,0.0
2024-08-30,683.5731829942521,704.4006975263073,668.1890047404107,687.7291174679771,0.0
2024-09-03,687.7291174679771,702.9756773030455,633.4855777969263,677.0460602495963,0.0
2024-09-04,677.0460602495963,687.970700093364,654.8289448202722,675.7006714417989,0.0
2024-09-05,675.7006714417989,683.98997569416,657.0759746865696,671.0364616382254,0.0
2024-09-06,671.0364616382254,677.8682909443634,642.6867917087623,664.1793455577305,0.0
2024-09-09,664.1793455577305,679.9439945730365,656.1622516582336,670.5352176607962,0.0
2024-09-10,670.5352176607962,689.7611665502733,639.1038695799564,669.5651877018995,0.0
2024-09-11,669.5651877018995,692.7781632886645,655.6676012778357,669.6324148663306,0.0
2024-09-12,669.6324148663306,697.8746475011591,655.8934178230966,674.7596150065522,0.0
2024-09-13,674.7596150065522,690.9911123018128,667.0535508898563,680.1689615161307,0.0
2024-09-16,680.1689615161307,702.7884015303465,672.8240133724472,685.5364130606515,0.0
2024-09-17,685.5364130606515,715.9874830441187,667.8965513689392,685.7167491697106,0.0
2024-09-18,685.7167491697106,698.2767527728251,666.85126979129,685.1404799829004,0.0
2024-09-19,685.1404799829004,720.8272697635332,660.3600624532397,692.2338643131924,0.0
2024-09-20,692.2338643131924,704.5213620837412,666.900505849749,690.4204000602414,0.0
2024-09-23,690.4204000602414,707.9868538852826,678.1260856556173,692.7118526074084,0.0
2024-09-24,692.7118526074084,747.650053584717,679.3180418664723,694.278242767561,0.0
2024-09-25,694.278242767561,702.5074277771777,668.7015960748953,688.2358260707921,0.0
2024-09-26,688.2358260707921,739.5222611074556,662.9662625295839,694.4702317552358,0.0
2024-09-27,694.4702317552358,715.446621503276,659.436908314276,694.3838264024648,0.0
2024-09-30,694.3838264024648,706.0078047108976,668.2848283080746,694.4239255266831,0.0
2024-10-01,694.4239255266831,719.7270280653522,671.8849755326523,691.2773784505207,0.0
2024-10-02,691.2773784505207,700.9645087225117,679.3852274798983,689.3527738815694,0.0
2024-10-03,689.3527738815694,709.2001210476951,672.2148183348021,684.1332598053151,0.0
2024-10-04,684.1332598053151,710.9620106174723,679.8573466346927,689.6384796964475,0.0
2024-10-07,689.6384796964475,727.3660046397574,669.634223854876,686.8872435764843,0.0
2024-10-08,686.8872435764843,719.68698183805,657.1342417332942,689.0266429594805,0.0
2024-10-09,689.0266429594805,737.5908475731483,675.9109666593932,695.075307506902,0.0
2024-10-10,695.075307506902,719.544188740512,671.8934411697064,693.5607763303825,0.0
2024-10-11,693.5607763303825,727.9176951037438,687.6814980616505,701.0907735134168,0.0
2024-10-14,701.0907735134168,728.4039580455634,684.6950956148854,704.9542504304889,0.0
2024-10-15,704.9542504304889,751.6953934565938,668.9642061296302,703.6863725004256,0.0
2024-10-16,703.6863725004256,722.58179590909,686.6602568029841,707.381246527695,0.0
2024-10-17,707.381246527695,745.781927733092,688.7658068077088,705.9992011793556,0.0
2024-10-18,705.9992011793556,725.3711661175437,661.3204239718252,706.4903942533286,0.0
2024-10-21,706.4903942533286,714.410169604692,678.6788243401826,698.8560585791967,0.0
2024-10-22,698.8560585791967,771.9962742298803,656.068160153936,701.3319959626932,0.0
2024-10-23,701.3319959626932,722.9067117526431,671.8961079500082,697.5685569935787,0.0
2024-10-24,697.5685569935787,709.963742975591,594.9991666479578,692.9018803776141,0.0
2024-10-25,692.9018803776141,709.5019350086613,671.0127834454328,688.7655865152683,0.0
2024-10-28,688.7655865152683,722.0345379521625,669.8537313015631,693.8896514681021,0.0
2024-10-29,693.8896514681021,780.8557838915158,678.215943323379,693.3835399076238,0.0
2024-10-30,693.3835399076238,706.9123499522227,658.4971367481903,690.566317250968,0.0
2024-10-31,690.566317250968,744.7177191222858,648.7679588644255,682.9577785359177,0.0
2024-11-01,682.9577785359177,714.46398055758,668.6597564133218,683.9630682589759,0.0
2024-11-04,683.9630682589759,701.5416152094248,674.3247279420226,684.5059453642175,0.0
2024-11-05,684.5059453642175,702.3343368012225,649.1104376566344,690.8174081930215,0.0
2024-11-06,690.8174081930215,773.7206655400001,654.8629176421341,702.5442265753707,0.0
2024-11-07,702.5442265753707,750.1263213847494,664.6456364905873,704.107294748166,0.0
2024-11-08,704.107294748166,773.65911675971,671.9311093755928,708.0607368115615,0.0
2024-11-11,708.0607368115615,729.8621077594587,642.7839978335932,707.4360679214345,0.0
2024-11-12,707.4360679214345,719.2854425202371,677.5246742956439,700.8560836948468,0.0
2024-11-13,700.8560836948468,721.3331522661773,679.3945474587906,700.0352040307498,0.0
2024-11-14,700.0352040307498,743.6512249301762,676.5136128569075,697.6179542956943,0.0
2024-11-15,697.6179542956943,735.7209138597051,666.3510449879581,693.0708321176047,0.0
2024-11-18,693.0708321176047,721.8639082396938,683.7961545218222,698.6905900915322,0.0
2024-11-19,698.6905900915322,716.4336961047826,684.7643146661393,697.3300854405697,0.0
2024-11-20,697.3300854405697,713.5790897882803,548.0308373531172,693.4691002597607,0.0
2024-11-21,693.4691002597607,712.1790556481978,690.4755429070458,700.9263478424084,0.0
2024-11-22,700.9263478424084,721.7873019257975,688.4838884819479,706.1707814367204,0.0
2024-11-25,706.1707814367204,737.3528079872351,679.6936130515063,712.1518097357801,0.0
2024-11-26,712.1518097357801,727.7963835237205,690.2864428916173,710.7322465631964,0.0
2024-11-27,710.7322465631964,730.6136048371567,696.4051999461102,711.1781653435886,0.0
2024-11-29,711.1781653435886,723.31449429133,703.183819005076,713.5979612146584,0.0
2024-12-02,713.5979612146584,730.2008883929896,696.072803470576,712.779891703446,0.0
2024-12-03,712.779891703446,743.1664923848246,696.7613406419971,710.5694110288968,0.0
2024-12-04,710.5694110288968,736.1794181231548,689.1735059786731,709.543953108409,0.0
2024-12-05,709.543953108409,725.208867579752,664.178091768199,706.3741735885391,0.0
2024-12-06,706.3741735885391,723.9829920562787,677.1968835810954,704.2317728766891,0.0
2024-12-09,704.2317728766891,780.6210274994495,671.9445257479175,706.0299709846754,0.0
2024-12-10,706.0299709846754,719.668933918678,680.2290665483248,702.2894711010068,0.0
2024-12-11,702.2894711010068,740.1846934084992,664.0591864699662,702.7401814565582,0.0
2024-12-12,702.7401814565582,730.3335483631264,666.5030637408482,699.3930957855349,0.0
2024-12-13,699.3930957855349,703.3002565799686,675.5291577288459,693.574557352917,0.0
2024-12-16,693.574557352917,708.8139566793054,671.325115283542,688.2358791523931,0.0
2024-12-17,688.2358791523931,700.4837639134789,671.4435752660168,685.6901360003186,0.0
2024-12-18,685.6901360003186,681.000686523787,642.8345370657894,665.0051187427198,0.0
2024-12-19,665.0051187427198,674.650614026114,646.1727323799507,661.5705780773836,0.0
2024-12-20,661.5705780773836,704.1338577510295,657.441100344975,670.9844770529501,0.0
2024-12-23,670.9844770529501,684.3153111430001,644.1952430133344,671.9006582092654,0.0
2024-12-24,671.9006582092654,686.7407957020365,667.1781343232318,675.7689493700847,0.0
2024-12-26,675.7689493700847,696.1338821909793,666.8839810265819,677.2779699377083,0.0
2024-12-27,677.2779699377083,683.6486467673394,661.969331059881,672.677917952201,0.0
2024-12-30,672.677917952201,676.9463456408264,648.3894679851285,665.2648996961213,0.0
2024-12-31,665.2648996961213,680.1271796777723,660.0502273429353,668.0628507257918,0.0
2025-01-02,668.0628507257918,704.5342497350755,643.4910877794398,667.4128222092153,0.0
2025-01-03,667.4128222092153,685.8520661263558,650.6006998581164,670.2844268197824,0.0
2025-01-06,670.2844268197824,692.485251639043,648.2763587063383,670.8529936881446,0.0
2025-01-07,670.8529936881446,697.0827146619467,656.7671253109827,670.798799238084,0.0
2025-01-08,670.798799238084,690.826678866081,652.6332511353453,672.0484062091022,0.0
2025-01-10,672.0484062091022,705.3989638884225,646.0731476123914,665.8613332570376,0.0
2025-01-13,665.8613332570376,687.3572395578527,651.3860868818846,669.7497971527084,0.0
2025-01-14,669.7497971527084,695.0232791355871,637.997130232825,673.4645593884447,0.0
2025-01-15,673.4645593884447,727.5616505985032,658.0275368290606,681.610478881431,0.0
2025-01-16,681.610478881431,699.6858873651832,670.7732306144258,684.3532133708596,0.0
2025-01-17,684.3532133708596,706.2088638873042,679.2433357407236,689.0619093096758,0.0
2025-01-21,689.0619093096758,730.4107677598645,680.5350952351605,699.0484401852949,0.0
2025-01-22,699.0484401852949,727.924062873861,674.1922877151405,696.2849405693472,0.0
2025-01-23,696.2849405693472,728.4448429486215,683.816360724697,700.6371404452273,0.0
2025-01-24,700.6371404452273,712.9752147310779,680.0844629708106,701.0713977047891,0.0
2025-01-27,701.0713977047891,730.0559273870529,634.1099465269193,705.8591943367448,0.0
2025-01-28,705.8591943367448,763.306449400064,641.0595404466197,701.0335599941627,0.0
2025-01-29,701.0335599941627,714.0308488122232,678.9696628210064,699.1874186800197,0.0
2025-01-30,699.1874186800197,734.7850890373867,655.9713499160149,704.7293055605568,0.0
2025-01-31,704.7293055605568,714.1640445655306,681.5732363707555,699.8815205488869,0.0
2025-02-03,699.8815205488869,722.8171215280925,669.3190733240255,695.4366746672907,0.0
2025-02-04,695.4366746672907,718.0635815927802,680.8600648494406,695.7514928423158,0.0
2025-02-05,695.7514928423158,733.0140705048365,647.9892434933145,700.2577694327055,0.0
2025-02-06,700.2577694327055,776.9235723897706,649.2515094628199,702.3308462234904,0.0
2025-02-07,702.3308462234904,781.236508286803,675.6084394218592,700.0117407378616,0.0
2025-02-10,700.0117407378616,748.3421692483704,683.0021147467231,701.919627557269,0.0
2025-02-11,701.919627557269,745.5576104663728,686.0416231594521,705.4071501455109,0.0
2025-02-12,705.4071501455109,758.0155543283335,675.245507493338,703.8014688229188,0.0
2025-02-13,703.8014688229188,745.7031942052513,692.2565191083083,711.7562929823166,0.0
2025-02-14,711.7562929823166,733.5163473293508,689.2729710657682,710.7534741999702,0.0
2025-02-18,710.7534741999702,742.6062491456798,697.2050577676594,715.5885246612702,0.0
2025-02-19,715.5885246612702,767.8678269493877,652.7307199466269,715.7900232999148,0.0
2025-02-20,715.7900232999148,738.1512709347317,673.8138297760374,714.285433212141,0.0
2025-02-21,714.285433212141,743.3556920439095,673.2909509606922,705.1104825374817,0.0
2025-02-24,705.1104825374817,725.4243436471955,684.3720268317703,705.5332434874565,0.0
2025-02-25,705.5332434874565,719.0533230042994,681.8457005307753,704.1850835211541,0.0
2025-02-26,704.1850835211541,726.9810587360925,675.1740756902533,701.7119867000017,0.0
2025-02-27,701.7119867000017,716.4192472221775,663.0545190121584,696.8232904057309,0.0
2025-02-28,696.8232904057309,728.0950761732112,685.8696550396357,704.652524235612,0.0
2025-03-03,704.652524235612,728.2755141767534,662.9274304770565,698.7870286985926,0.0
2025-03-04,698.7870286985926,718.9010460066065,654.4608494485495,685.811059611707,0.0
2025-03-05,685.811059611707,749.8723487794115,679.7036629125627,695.6298123155011,0.0
2025-03-06,695.6298123155011,724.149731473929,649.8565003510669,690.1894103182169,0.0
2025-03-07,690.1894103182169,719.2686177797641,667.0895202162953,696.2664104497335,0.0
2025-03-10,696.2664104497335,710.7242516669949,643.6416160511462,684.7891744003905,0.0
2025-03-11,684.7891744003905,717.1960639407645,645.4087311016999,676.4291071599057,0.0
2025-03-12,676.4291071599057,703.2347153981834,643.5554464724447,673.3796107231539,0.0
2025-03-13,673.3796107231539,704.5560606342648,647.0861445940801,669.3663915193722,0.0
2025-03-14,669.3663915193722,699.185040567696,652.9788477498289,679.5783745726468,0.0
2025-03-17,679.5783745726468,712.6702515484421,667.7771497866206,687.834042074309,0.0
2025-03-18,687.834042074309,712.8535965787047,662.4807773288524,685.7977363640241,0.0
2025-03-19,685.7977363640241,717.4970852992661,668.8751836429482,690.588094181647,0.0
2025-03-20,690.588094181647,709.6414995922045,668.0233812788664,687.0298983886104,0.0
2025-03-21,687.0298983886104,698.3501147488445,647.2276798182116,683.0719638464441,0.0
2025-03-24,683.0719638464441,718.750739934081,671.3247791805409,692.5859151965225,0.0
2025-03-25,692.5859151965225,715.8884486418368,673.7292293038238,692.963237543246,0.0
2025-03-26,692.963237543246,709.2465237893923,664.6431393260614,691.8626178292789,0.0
2025-03-27,691.8626178292789,717.7644575717248,666.6828403547454,690.7200766549547,0.0
2025-03-28,690.7200766549547,705.9930709540316,655.952770387929,679.981744506862,0.0
2025-03-31,679.981744506862,701.8487725369428,667.6120166134662,684.2655322794645,0.0
2025-04-01,684.2655322794645,697.0697007103832,632.3185414772292,682.6893439293386,0.0
2025-04-02,682.6893439293386,717.4782911592786,659.8686502957986,687.0651345937107,0.0
2025-04-03,687.0651345937107,713.0220063267426,593.0312561482932,656.7318166670564,0.0
2025-04-04,656.7318166670564,666.762419491013,571.2841419471677,618.818320282247,0.0
2025-04-07,618.818320282247,644.7174531294824,582.7992653156127,614.3401904202439,0.0
2025-04-08,614.3401904202439,632.2219799159099,577.5077579430438,604.2110403151545,0.0
2025-04-09,604.2110403151545,731.6266510831092,608.1183290047409,653.9096750071616,0.0
2025-04-10,653.9096750071616,697.5395215775419,582.5624901313963,632.3225597575786,0.0
2025-04-11,632.3225597575786,696.4501047432817,629.8000869191919,645.9272226260304,0.0
2025-04-14,645.9272226260304,668.8658780494902,642.6061850055759,653.8064667554187,0.0
2025-04-15,653.8064667554187,677.3413571061769,636.0539130000199,652.6870718138989,0.0
2025-04-16,652.6870718138989,679.3425178415786,628.7947903291417,647.1700405723036,0.0
2025-04-17,647.1700405723036,680.3892435625531,613.5490052107679,652.1321412066529,0.0
2025-04-21,652.1321412066529,666.0040399134899,624.9448616614474,643.4985841964111,0.0
2025-04-22,643.4985841964111,695.7584374253289,607.6834239771842,654.9224465300626,0.0
2025-04-23,654.9224465300626,678.2081016070755,615.9063763900704,658.0878940669184,0.0
2025-04-24,658.0878940669184,704.2963572372678,635.6457115776246,670.4360894716353,0.0
2025-04-25,670.4360894716353,689.1135237010664,635.5063256516603,668.4340849549642,0.0
2025-04-28,668.4340849549642,696.1167033066504,656.1152315869498,669.870459132316,0.0
2025-04-29,669.870459132316,708.505137172524,623.3782484213195,672.3254457989098,0.0
2025-04-30,672.3254457989098,696.7856421389242,649.706912963889,674.3000445922988,0.0
2025-05-01,674.3000445922988,725.7178085437005,552.0346253082772,670.8222141820518,0.0
2025-05-02,670.8222141820518,734.0343439959538,655.6501543774705,682.1748889575126,0.0
2025-05-05,682.1748889575126,715.4517462421451,657.6696828868079,680.8511614926983,0.0
2025-05-06,680.8511614926983,712.0338841748314,648.2026016265705,677.0347606407902,0.0
2025-05-07,677.0347606407902,749.9020649729405,618.9814526126569,678.4431165401813,0.0
2025-05-08,678.4431165401813,709.2813929977567,575.6155264282357,681.0594363637747,0.0
2025-05-09,681.0594363637747,728.7190162606466,670.121909440217,683.600518515577,0.0
2025-05-12,683.600518515577,749.2857388200655,612.7990017017329,699.749616904301,0.0
2025-05-13,699.749616904301,731.9327688725776,673.8734027658182,699.5462271724003,0.0
2025-05-14,699.5462271724003,709.3441490622606,676.7995113534585,693.0395098164481,0.0
2025-05-15,693.0395098164481,718.8614159373486,676.8003011916647,700.1897185738616,0.0
2025-05-16,700.1897185738616,720.761433018598,683.668468114933,707.613272136226,0.0
2025-05-19,707.613272136226,732.8802258641549,694.393704288511,710.7495737992269,0.0
2025-05-20,710.7495737992269,730.8015162607502,693.1520409171884,710.1311533161299,0.0
2025-05-21,710.1311533161299,714.7476684440627,670.9657021224049,695.0949090782948,0.0
2025-05-22,695.0949090782948,710.4151931136441,665.1721154385151,694.6000511756572,0.0
2025-05-23,694.6000511756572,718.9202214147381,675.9622105033267,694.3116167843026,0.0
2025-05-27,694.3116167843026,736.4383782233135,679.4920105079977,707.4368130437164,0.0
2025-05-28,707.4368130437164,722.8658907555114,631.9590712377169,699.1482189330073,0.0
2025-05-29,699.1482189330073,727.7654430466735,688.533396743224,702.4075264312742,0.0
2025-05-30,702.4075264312742,715.7518890243541,685.2672151450529,700.1150355391578,0.0
2025-06-02,700.1150355391578,757.8053708136752,685.3382304589517,703.9324229239072,0.0
2025-06-03,703.9324229239072,729.3352608131144,685.0697461735248,707.8270592753116,0.0
2025-06-04,707.8270592753116,747.1744927265618,692.2357844790465,706.4885946712619,0.0
2025-06-05,706.4885946712619,736.701255835221,695.993097596322,707.9567312378848,0.0
2025-06-06,707.9567312378848,736.7232148427717,680.0332896782178,712.7822598749646,0.0
2025-06-09,712.7822598749646,735.5207640662838,706.5606782620382,717.0611157385363,0.0
2025-06-10,717.0611157385363,742.6703889414696,697.4261353819535,721.7153445101864,0.0
2025-06-11,721.7153445101864,739.2110973186122,690.9944139984298,719.8623359587624,0.0
2025-06-12,719.8623359587624,766.1583187789537,704.9676173652854,724.2587035281871,0.0
2025-06-13,724.2587035281871,765.4408114771336,688.6142584190889,719.0588905935521,0.0
2025-06-16,719.0588905935521,764.9426113984404,690.3970832088911,725.6192596889947,0.0
2025-06-17,725.6192596889947,744.6972336012371,694.3665487256685,717.2339159259133,0.0
2025-06-18,717.2339159259133,732.0062493128793,694.4793578894568,716.7900713458943,0.0
2025-06-20,716.7900713458943,724.4352514636248,692.1025876711795,716.4704222269801,0.0
2025-06-23,716.4704222269801,735.9785198353574,667.9125448530011,721.0795231235921,0.0
2025-06-24,721.0795231235921,770.8711583009971,692.714069698651,727.364367444135,0.0
2025-06-25,727.364367444135,740.721137142979,704.7137692679516,721.5334034043865,0.0
2025-06-26,721.5334034043865,770.9533876932366,701.9459723947815,727.3892794973366,0.0
2025-06-27,727.3892794973366,757.6856117486111,688.4780116868895,728.6652178830208,0.0
2025-06-30,728.6652178830208,756.7291081515317,715.7874259893186,732.6798291290878,0.0
2025-07-01,732.6798291290878,776.2122478588797,714.1747800351035,744.250619444892,0.0
2025-07-02,744.250619444892,777.6931491594228,732.5073128069541,752.1874294262115,0.0
2025-07-03,752.1874294262115,790.5527008332001,724.9242364509238,754.3181703943628,0.0
2025-07-07,754.3181703943628,783.7286496162995,719.7948693218638,749.2683813296775,0.0
2025-07-08,749.2683813296775,794.8199073076058,706.9041412635198,748.9735007013554,0.0
2025-07-09,748.9735007013554,770.6708832743087,713.8013352129798,749.3370640324529,0.0
2025-07-10,749.3370640324529,781.9933651559825,742.9409017422427,756.9296691848858,0.0
2025-07-11,756.9296691848858,788.3545637527153,724.54828088539,752.3115475022528,0.0
2025-07-14,752.3115475022528,772.5803438394506,717.760023380696,753.7411005210123,0.0
2025-07-15,753.7411005210123,781.4788032382423,710.7374439001602,743.6175891930664,0.0
2025-07-16,743.6175891930664,789.6713465682903,731.4928280443769,745.4263575869483,0.0
2025-07-17,745.4263575869483,777.0095180808146,681.883457226268,749.3483053881624,0.0
2025-07-18,749.3483053881624,768.9975984040949,721.9734463795093,748.0525070916085,0.0
2025-07-21,748.0525070916085,794.5114788886003,733.3298863223638,749.7004286536127,0.0
2025-07-22,749.7004286536127,785.3022738125014,668.6468881670386,757.6403033424485,0.0
2025-07-23,757.6403033424485,782.3677530090307,741.7596940782621,764.3660825362831,0.0
2025-07-24,764.3660825362831,780.0222009007911,740.4951684672022,762.2314119362557,0.0
2025-07-25,762.2314119362557,814.773409411996,710.9312359986995,766.4660179747168,0.0
2025-07-28,766.4660179747168,784.3155131630224,742.1023469747773,759.6969610627933,0.0
2025-07-29,759.6969610627933,833.6727236230798,729.870758790369,761.4327527007508,0.0
2025-07-30,761.4327527007508,800.9308193810522,689.3934430955544,756.0934361660936,0.0
2025-07-31,756.0934361660936,787.1897361132895,731.5565593978617,752.2841015519572,0.0
2025-08-01,752.2841015519572,793.1107433284847,724.1806679066161,746.5659786482848,0.0
2025-08-04,746.5659786482848,814.0877499422288,746.7033907532758,759.3799319270811,0.0
2025-08-05,759.3799319270811,806.3679917544259,745.3442776286722,761.2328303269201,0.0
2025-08-06,761.2328303269201,798.4728605744857,740.8973733085546,760.8972144312515,0.0
2025-08-07,760.8972144312515,833.5566727425625,745.7677811445988,764.1427210888148,0.0
2025-08-08,764.1427210888148,827.4055153773046,747.060285247986,769.9700323553935,0.0
2025-08-11,769.9700323553935,787.7228659011009,732.9903335794825,766.3029199658974,0.0
2025-08-12,766.3029199658974,821.9193660933493,758.5643209444435,778.2189068935936,0.0
2025-08-13,778.2189068935936,816.0042030519405,758.3726903735053,785.5023551287021,0.0
2025-08-14,785.5023551287021,796.6015472220467,767.4581309231686,781.8013576921971,0.0
2025-08-15,781.8013576921971,803.0063064133001,758.8515722999892,779.1582649836822,0.0
2025-08-18,779.1582649836822,795.4252959440183,764.0360604905412,780.1230362653865,0.0
2025-08-19,780.1230362653865,797.0560103969876,757.6055286953615,782.1918258738525,0.0
2025-08-20,782.1918258738525,806.6749963614178,732.6738321516425,782.5148150810268,0.0
2025-08-21,782.5148150810268,798.6836519405227,761.4168597376568,781.4274654948962,0.0
2025-08-22,781.4274654948962,835.6227991040709,769.1567567319566,796.5619689034721,0.0
2025-08-25,796.5619689034721,806.0721545159392,776.2478406332599,791.9891218314722,0.0
2025-08-26,791.9891218314722,807.702227692113,763.0588491374443,793.8341016118853,0.0
2025-08-27,793.8341016118853,814.4654098595415,781.9751866307435,796.7666455477198,0.0
2025-08-28,796.7666455477198,813.7870666681293,775.0886637998738,795.9849141719845,0.0
2025-08-29,795.9849141719845,817.038109606344,762.5452225491615,795.6395802563957,0.0
2025-09-02,795.6395802563957,840.2295980221488,766.2942640110929,791.998186740484,0.0
2025-09-03,791.998186740484,814.3800163728498,759.291335716601,790.0144044508548,0.0
2025-09-04,790.0144044508548,827.6952087965104,771.638904360721,795.6708345070149,0.0
2025-09-05,795.6708345070149,827.0545148035848,775.3549812844183,798.6205515330545,0.0
2025-09-08,798.6205515330545,830.9555434285437,784.3058483239254,799.0969276773072,0.0
2025-09-09,799.0969276773072,812.5068046563014,751.6580739698497,795.2228395133674,0.0
2025-09-10,795.2228395133674,829.6414059497622,744.1379745835012,794.7240594763919,0.0
2025-09-11,794.7240594763919,832.6843547513012,784.5262487313938,808.0544731820561,0.0
2025-09-12,808.0544731820561,822.3927077043193,780.3319490291491,801.4567139477057,0.0
2025-09-15,801.4567139477057,820.2167412095632,779.8896319039083,799.4139785799047,0.0
2025-09-16,799.4139785799047,833.4049914793609,781.5434389659412,799.060978477438,0.0
2025-09-17,799.060978477438,815.4384007965891,767.7439911872349,798.8501623916053,0.0
2025-09-18,798.8501623916053,839.3597499800333,745.5543444364714,799.246994770524,0.0
2025-09-19,799.246994770524,839.0856197697428,775.6126506195662,800.881342357728,0.0
2025-09-22,800.881342357728,820.4819812723453,780.3459636626235,799.2975665672516,0.0
2025-09-23,799.2975665672516,857.9809614844875,784.1623395169713,802.9336533263613,0.0
2025-09-24,802.9336533263613,834.8084007422063,666.8101738325291,795.9472835045068,0.0
2025-09-25,795.9472835045068,803.1121176370283,746.715602632608,789.0029372916575,0.0
2025-09-26,789.0029372916575,818.980163409829,786.3242881305787,798.0784917205413,0.0
2025-09-29,798.0784917205413,828.6621134260884,766.2804252271244,798.9179065663283,0.0
2025-09-30,798.9179065663283,844.1153692311,785.6026247133922,802.0306841224314,0.0
2025-10-01,802.0306841224314,882.9895164734482,779.9847638366178,803.2030092286611,0.0
2025-10-02,803.2030092286611,817.6195874791108,786.4293061702082,802.9826976531455,0.0
2025-10-03,802.9826976531455,828.9388311209225,786.7115766954913,806.4795427646814,0.0
2025-10-06,806.4795427646814,823.9701624057691,777.0713799711381,806.9371759859669,0.0
2025-10-07,806.9371759859669,829.6718528280239,765.6523240130492,802.6371234773895,0.0
2025-10-08,802.6371234773895,845.2444386620925,787.5436129501888,806.2720006229395,0.0
2025-10-09,806.2720006229395,814.9292049287579,751.8546573094279,797.593310006212,0.0
2025-10-10,797.593310006212,816.0013473758047,739.7783923181612,782.277062200036,0.0
2025-10-13,782.277062200036,825.4343101501992,763.5842696447673,790.398610070555,0.0
2025-10-14,790.398610070555,821.1591471702311,774.982207254837,797.1381969638719,0.0
2025-10-15,797.1381969638719,900.4440265238854,777.7323753202845,802.4754758111874,0.0
2025-10-16,802.4754758111874,842.693487604612,774.1660889332144,796.3800982229378,0.0
2025-10-17,796.3800982229378,829.8976013564951,735.6000835803875,798.7450908996027,0.0
2025-10-20,798.7450908996027,834.9997284293173,790.7637656893309,808.7946785579318,0.0
2025-10-21,808.7946785579318,902.4745825713687,717.3769169217006,807.3977016420966,0.0
2025-10-22,807.3977016420966,841.6257656320229,776.1236865541729,805.2451546822505,0.0
2025-10-23,805.2451546822505,865.5700180246473,790.2139239383285,811.4441790230545,0.0
2025-10-24,811.4441790230545,830.2825636886619,760.8830008377505,810.4702059267399,0.0
2025-10-27,810.4702059267399,840.6499661490909,764.3908298687556,812.3587190088441,0.0
2025-10-28,812.3587190088441,828.4828814308778,768.4591681768678,802.7902500360423,0.0
2025-10-29,802.7902500360423,828.7256060875893,769.2431590536296,793.5350228121977,0.0
2025-10-30,793.5350228121977,824.602051422956,668.933837302626,789.0440747740174,0.0
2025-10-31,789.0440747740174,813.6209631037553,769.4810793987234,789.756306821471,0.0
2025-11-03,789.756306821471,805.6581268879936,755.676099376632,786.1535014488525,0.0
2025-11-04,786.1535014488525,803.7839732495119,714.9588469203383,780.0817441724387,0.0
2025-11-05,780.0817441724387,822.1456674797594,705.7730968466168,783.3229565591167,0.0
2025-11-06,783.3229565591167,836.9619352611029,740.3576715451709,779.3224845702202,0.0
2025-11-07,779.3224845702202,903.1534234895104,750.5241661302996,787.3465198612529,0.0
2025-11-10,787.3465198612529,840.5472069944022,776.610378229946,793.7435936418633,0.0
2025-11-11,793.7435936418633,849.9803671666647,768.5756608678383,801.5786333934286,0.0
2025-11-12,801.5786333934286,859.9671030848777,769.2983595403875,808.2876998537239,0.0
2025-11-13,808.2876998537239,824.5555664256116,745.6480716533108,800.0761023076058,0.0
2025-11-14,800.0761023076058,817.487009468057,782.9544643980871,797.3847463697018,0.0
2025-11-17,797.3847463697018,812.2392918761167,767.0579511229422,786.433868222226,0.0
2025-11-18,786.433868222226,810.099507947559,765.2036269379738,791.1509036343626,0.0
2025-11-19,791.1509036343626,815.8743409462179,766.545751138581,790.3330411179037,0.0
2025-11-20,790.3330411179037,792.5185251939916,740.5702792428905,778.1029290647999,0.0
2025-11-21,778.1029290647999,825.0519751596609,765.6734701115982,791.1589053789338,0.0
2025-11-24,791.1589053789338,832.1987935243054,737.5412367596099,791.5997748146781,0.0
2025-11-25,791.5997748146781,824.8757188168884,789.2211780875912,803.6971357740331,0.0
2025-11-26,803.6971357740331,847.0450105639767,794.6352080586141,811.2639076378488,0.0
2025-11-28,811.2639076378488,827.2389099430565,789.8760020897079,815.2086982426479,0.0
2025-12-01,815.2086982426479,834.236164732834,787.9041492769628,812.0452810683158,0.0
2025-12-02,812.0452810683158,876.6050516555849,797.2905139697591,812.1036735403329,0.0
2025-12-03,812.1036735403329,867.641074731033,778.3409228994409,819.9914332432548,0.0
2025-12-04,819.9914332432548,834.6859016814652,796.7753399572925,819.0058032157879,0.0
2025-12-05,819.0058032157879,837.2517110689365,804.3551841203663,818.667840486079,0.0
2025-12-08,818.667840486079,866.9698476151962,782.5253358135384,815.6434492263173,0.0
2025-12-09,815.6434492263173,862.2909241343522,794.8500287321452,814.3391294588923,0.0
2025-12-10,814.3391294588923,866.7858801930124,792.0615610943643,826.3036668839154,0.0
2025-12-11,826.3036668839154,875.3536039284444,802.8013522248388,837.0346369958879,0.0
2025-12-12,837.0346369958879,852.0064050126489,806.5657284650911,834.9227858445014,0.0
2025-12-15,834.9227858445014,864.547148290762,819.1042517018941,839.9754453906941,0.0
2025-12-16,839.9754453906941,852.8363328070566,803.904747369562,833.1241135447584,0.0
2025-12-17,833.1241135447584,851.2203337609423,807.720808270719,834.1128751957916,0.0
2025-12-18,834.1128751957916,862.0408552375604,816.0240354920102,834.0765818456904,0.0
2025-12-19,834.0765818456904,915.895008989377,816.0400208083079,839.3761834979646,0.0
2025-12-22,839.3761834979646,876.3788613135998,815.3107850002823,846.9368176625105,0.0
2025-12-23,846.9368176625105,868.0099194554633,829.8507921327692,844.9180006856103,0.0
2025-12-24,844.9180006856103,864.8985215413031,833.9762546487514,848.8988603327382,0.0
2025-12-26,848.8988603327382,875.4572091555574,833.9582531275082,850.0885747195816,0.0
2025-12-29,850.0885747195816,860.3664522569736,791.3043304086859,843.3052109469809,0.0
2025-12-30,843.3052109469809,860.6258616637039,830.8026389318966,843.0006754638669,0.0
2025-12-31,843.0006754638669,845.7693578353491,826.3657793884972,836.7885647140718,0.0
2026-01-02,836.7885647140718,876.4664399117559,818.3093657445975,844.3871927365311,0.0
2026-01-05,844.3871927365311,910.5688959301627,819.4146785700847,854.338834430696,0.0
2026-01-06,854.338834430696,938.5592445740821,825.1650072536783,868.7637976665767,0.0
2026-01-07,868.7637976665767,891.9308149511922,826.8766417210495,861.3915314080625,0.0
2026-01-08,861.3915314080625,912.144994463252,835.8995331925439,869.8246984342516,0.0
2026-01-09,869.8246984342516,916.787617352786,852.9795252230617,880.3300276796057,0.0
2026-01-12,880.3300276796057,921.746112379073,854.0623464287595,883.6714642383248,0.0
2026-01-13,883.6714642383248,907.9747440690013,848.7777871358177,885.6975910403444,0.0
2026-01-14,885.6975910403444,913.6275291134859,841.0401256872815,888.2403562861045,0.0
2026-01-15,888.2403562861045,928.1443932238994,865.3976957406883,890.6963918935696,0.0
2026-01-16,890.6963918935696,917.506885687241,868.7684211969921,888.1797526123256,0.0
2026-01-20,888.1797526123256,958.2259747287296,826.3564590084659,878.5668091811488,0.0
2026-01-21,878.5668091811488,917.0286239768658,833.5037251533466,887.3524735067285,0.0
2026-01-22,887.3524735067285,914.3920247743257,798.2717573674016,890.6438987457964,0.0
2026-01-23,890.6438987457964,923.175460066725,861.8621262476257,892.3448317376196,0.0
2026-01-26,892.3448317376196,907.7673818238366,858.1699271140136,894.6384221950539,0.0
2026-01-27,894.6384221950539,919.5016974765446,880.3303488967407,898.6288725210699,0.0
2026-01-28,898.6288725210699,950.1949403148791,870.2137743832382,896.7249905744648,0.0
2026-01-29,896.7249905744648,972.5968748563738,807.1139641180919,891.7736403798039,0.0
2026-01-30,891.7736403798039,925.0511466020882,773.8649272530829,884.4556749258585,0.0
2026-02-02,884.4556749258585,956.0488171145538,818.9839305356084,890.143221408516,0.0
2026-02-03,890.143221408516,953.2182504524737,786.0612254610132,889.5250168646044,0.0
2026-02-04,889.5250168646044,945.5474685720321,850.8739976624187,900.7585981199478,0.0
2026-02-05,900.7585981199478,982.1284972934646,836.6223855373355,892.1272202087065,0.0
2026-02-06,892.1272202087065,968.2679490530255,867.5780527205801,918.3917125189541,0.0
2026-02-09,918.3917125189541,962.8960009941031,884.747499956335,920.3121596155332,0.0
2026-02-10,920.3121596155332,969.0677674635779,830.9930992815258,920.8527288958742,0.0
2026-02-11,920.8527288958742,1073.4477093922183,874.7395484489587,931.3756909795641,0.0
2026-02-12,931.3756909795641,952.3219168031413,868.8249692271921,913.2354733687405,0.0
2026-02-13,913.2354733687405,972.6127506077685,894.0984146483155,925.1968937470136,0.0
2026-02-17,925.1968937470136,954.0054081361897,875.764078939187,921.198157784105,0.0
2026-02-18,921.198157784105,991.2321582297573,892.031291545069,928.2839348000695,0.0
2026-02-19,928.2839348000695,952.1405624503293,900.0417020110906,924.9784651405317,0.0
2026-02-20,924.9784651405317,981.8711238621861,900.8582327699348,927.992999582381,0.0
2026-02-23,927.992999582381,983.7944495873821,876.3751553425967,922.9265455341944,0.0
2026-02-24,922.9265455341944,959.0305318775622,903.3794271114316,930.0947368974357,0.0
2026-02-25,930.0947368974357,970.6739375712943,903.9046656881743,931.1771689555885,0.0
2026-02-26,931.1771689555885,973.5368550705634,909.0504111133032,933.8817908570958,0.0
2026-02-27,933.8817908570958,967.5292925226876,885.6565750966527,933.3335073178262,0.0
2026-03-02,933.3335073178262,964.7995362384828,862.0392556464727,929.0842448256841,0.0
2026-03-03,929.0842448256841,991.7238136405122,832.4525049843589,913.6036463705907,0.0
2026-03-04,913.6036463705907,942.9946461971518,895.7211678773776,914.373578946804,0.0
2026-03-05,914.373578946804,934.5534883857758,866.6733410353954,898.107018629661,0.0
2026-03-06,898.107018629661,925.6373106051853,850.8080266371362,886.9188445476857,0.0
2026-03-09,886.9188445476857,911.9332948990877,869.0529031110738,890.0085110283783,0.0
2026-03-10,890.0085110283783,923.132523841609,847.7515673131645,890.0873385652533,0.0
2026-03-11,890.0873385652533,912.1630455333948,859.0395711036564,884.2917382023833,0.0
2026-03-12,884.2917382023833,911.6409875753241,814.48822079211,868.4176389809506,0.0
2026-03-13,868.4176389809506,897.1541806206174,800.2734340484973,862.399887029915,0.0
2026-03-16,862.399887029915,890.5136526337038,854.7251625463172,870.0792456973318,0.0
2026-03-17,870.0792456973318,907.7759299938376,848.1399982893086,872.9521098454437,0.0
2026-03-18,872.9521098454437,887.1584545886375,833.2793339905851,857.5447765330482,0.0
2026-03-19,857.5447765330482,885.2304022476304,795.3567822930528,851.3022630948026,0.0
2026-03-20,851.3022630948026,859.968603047661,794.6746092538647,838.3001961606956,0.0
2026-03-23,838.3001961606956,897.0933078399122,823.3627406216111,853.308941532042,0.0
2026-03-24,853.308941532042,877.2276998982496,818.1514782775773,853.7116452987409,0.0
2026-03-25,853.7116452987409,890.9204585155893,844.9139215947523,861.5552164213899,0.0
2026-03-26,861.5552164213899,872.9021647106487,824.8031860985859,853.5330122962245,0.0
2026-03-27,853.5330122962245,889.3993891534282,815.340000726898,845.8189147727851,0.0
2026-03-30,845.8189147727851,869.4504050130843,821.5450305252942,845.8520718064374,0.0
2026-03-31,845.8520718064374,913.6332150430259,823.4333169973848,864.7876559393976,0.0
2026-04-01,864.7876559393976,919.5030066425743,822.8925589888659,869.152433719438,0.0
2026-04-02,869.152433719438,883.2891840672498,838.4148842627862,866.6485285426834,0.0
2026-04-06,866.6485285426834,897.6991148383825,842.2138678220573,871.1225061618118,0.0
2026-04-07,871.1225061618118,891.8525366372826,837.5366221076413,866.9322987043977,0.0
2026-04-08,866.9322987043977,964.2902012473402,846.3336850141841,892.489841028668,0.0
2026-04-09,892.489841028668,910.9976516403342,858.8976850622605,892.901240602117,0.0
2026-04-10,892.901240602117,911.3777272492188,844.1270367774539,886.1749263999658,0.0
2026-04-13,886.1749263999658,961.3627233509739,853.9236923718188,893.944961265592,0.0
2026-04-14,893.944961265592,924.2263064500811,868.4763432754737,898.601628406313,0.0
2026-04-15,898.601628406313,939.9988879463749,827.1139709841755,896.1568927343201,0.0
2026-04-16,896.1568927343201,918.6355185427964,842.4192762896291,894.0429615203741,0.0
2026-04-17,894.0429615203741,956.5703202100826,866.7877777038232,906.9956192585316,0.0
2026-04-20,906.9956192585316,937.6293644798791,884.8920289907562,907.4166738870364,0.0
2026-04-21,907.4166738870364,943.7825852361185,801.3049215803618,895.2683698052188,0.0
2026-04-22,895.2683698052188,957.7764725972571,869.4096912833962,895.9295110117592,0.0
2026-04-23,895.9295110117592,957.0868941697413,782.8559614704607,891.7901188447609,0.0
2026-04-24,891.7901188447609,969.1974627205819,858.3801889643072,890.8943089989868,0.0
2026-04-27,890.8943089989868,907.2204223159766,856.7938527556611,884.0243239061468,0.0
2026-04-28,884.0243239061468,911.4406409727043,836.9596254071049,880.2370189177797,0.0
2026-04-29,880.2370189177797,1105.1198750213273,846.1103082066328,880.8408905876298,0.0
2026-04-30,880.8408905876298,938.3150931970201,846.2265567217656,892.8454446755375,0.0
2026-05-01,892.8454446755375,923.5921340749769,860.5402702788097,887.730772585692,0.0
2026-05-04,887.730772585692,910.0451363110259,845.4888505456184,877.8020349062584,0.0
2026-05-05,877.8020349062584,922.9349986544067,862.1822560455525,884.8564877267326,0.0
2026-05-06,884.8564877267326,1045.1061358444927,853.006973387354,902.4161056740863,0.0
2026-05-07,902.4161056740863,955.4040309744505,862.7876663828304,896.2965601216915,0.0
2026-05-08,896.2965601216915,957.1048294991796,846.38683411152,893.4823423284852,0.0
2026-05-11,893.4823423284852,951.5882018133279,844.9025815720523,894.0714806357079,0.0
2026-05-12,894.0714806357079,926.0502591302123,859.7100455885161,898.0609472091862,0.0
2026-05-13,898.0609472091862,922.7290335995734,846.0452464381985,893.0524625934029,0.0
2026-05-14,893.0524625934029,912.1999896641131,835.5910938537155,891.5807754345498,0.0
2026-05-15,891.5807754345498,918.7791962640897,805.715805421171,878.0842986499999,0.0
2026-05-18,878.0842986499999,947.6056199127431,843.1058797563915,888.1815109419133,0.0
2026-05-19,888.1815109419133,916.8828258325932,846.5171430316632,879.0502982620035,0.0
2026-05-20,879.0502982620035,957.7932378378605,845.1290977787692,890.7653877531759,0.0
2026-05-21,890.7653877531759,918.5813238150137,859.8334646671998,893.2114025633174,0.0
2026-05-22,893.2114025633174,944.2000629283483,881.4445391077,898.7845163630516,0.0
2026-05-26,898.7845163630516,966.7089706072826,847.0517293523355,904.1480940145062,0.0
2026-05-27,904.1480940145062,947.1383048959473,870.6942477316084,906.581452778734,0.0
2026-05-28,906.581452778734,938.4963347809729,889.3005090359474,910.2878427045407,0.0
2026-05-29,910.2878427045407,959.8538578967554,880.0586827450013,908.1209849053579,0.0
2026-06-01,908.1209849053579,1003.1403136085682,863.4839437740312,906.7680347423153,0.0
2026-06-02,906.7680347423153,970.0686705025214,856.2652090059457,907.7978280466971,0.0
2026-06-03,907.7978280466971,942.0752356822196,879.0608022912808,905.0393400671425,0.0
2026-06-04,905.0393400671425,944.4703092782744,891.3338898877623,914.3976870007397,0.0
2026-06-05,914.3976870007397,934.9910878862627,831.4733594287633,901.5672878106766,0.0
2026-06-08,901.5672878106766,944.8254244807422,859.1704347707223,899.5778291351181,0.0
2026-06-09,899.5778291351181,932.7943724685053,880.0314229501382,908.2045504199866,0.0
2026-06-10,908.2045504199866,932.7588546773123,844.0934729658604,893.6698099391182,0.0
2026-06-11,893.6698099391182,966.9101972602438,866.3386852295035,911.5016905847076,0.0
2026-06-12,911.5016905847076,945.8612665587356,896.5556942096189,920.1012464793959,0.0
2026-06-15,920.1012464793959,983.9645640456517,887.1077582069436,923.8419555881317,0.0
2026-06-16,923.8419555881317,961.0501285369148,885.8506383309967,928.0363859231283,0.0
2026-06-17,928.0363859231283,942.5539927241614,889.1479283811805,910.3965426798804,0.0
2026-06-18,910.3965426798804,956.4048122347314,848.5220318002731,909.6875694298596,0.0
2026-06-22,909.6875694298596,938.6388606150074,863.2371497165832,907.5362564012468,0.0
2026-06-23,907.5362564012468,952.0394940812424,842.1186469512744,906.6957500258127,0.0
2026-06-24,906.6957500258127,980.1108961392106,850.42624293497,907.2522016922953,0.0
2026-06-25,907.2522016922953,965.233556865468,875.72835571244,913.881138086492,0.0
2026-06-26,913.881138086492,977.5486956927867,847.7207688679924,921.4307309496494,0.0
2026-06-29,921.4307309496494,1062.0375878934376,878.9657549545203,921.6469011754265,0.0
2026-06-30,921.6469011754265,940.6422274766023,890.5327919813371,914.0351090029119,0.0
2026-07-01,914.0351090029119,984.4254219148654,865.8492864501109,913.2437553335409,0.0
2026-07-02,913.2437553335409,968.0863863159246,893.7108226823576,928.2599560861539,0.0
2026-07-06,928.2599560861539,954.0578458562379,883.2498436202203,924.7327780804385,0.0
2026-07-07,924.7327780804385,972.8922273717645,885.2608406350832,923.5416766791808,0.0
2026-07-08,923.5416766791808,959.5839899703964,887.5415200716984,911.8295026874652,0.0
2026-07-09,911.8295026874652,959.8789336452024,883.0712720611066,916.098101010373,0.0
2026-07-10,916.098101010373,956.3537462503125,882.0603779427768,920.1329861393816,0.0
2026-07-13,920.1329861393816,965.7815860616055,876.4655680921745,918.9788830223506,0.0
