date,open,high,low,close,volume
2016-08-25,43.35293197631836,43.35293197631836,43.35293197631836,43.35293197631836,100
2016-08-26,43.35293197631836,43.35293197631836,43.35293197631836,43.35293197631836,0
2016-08-29,43.14590629450077,43.14590629450077,43.13747065500862,43.13823699951172,2600
2016-08-30,43.13823699951172,43.13823699951172,43.13823699951172,43.13823699951172,900
2016-08-31,43.00021743774414,43.00021743774414,43.00021743774414,43.00021743774414,300
2016-09-01,43.291587839655925,43.329925537109375,43.13823412486331,43.329925537109375,1800
2016-09-02,43.667301177978516,43.667301177978516,43.667301177978516,43.667301177978516,300
2016-09-06,43.667301177978516,43.667301177978516,43.667301177978516,43.667301177978516,100
2016-09-07,43.667301177978516,43.667301177978516,43.667301177978516,43.667301177978516,100
2016-09-08,43.667301177978516,43.667301177978516,43.667301177978516,43.667301177978516,0
2016-09-09,43.667305457342025,43.667305457342025,43.26091766357422,43.26091766357422,1800
2016-09-12,42.793190002441406,42.793190002441406,42.793190002441406,42.793190002441406,100
2016-09-13,42.67051315307617,42.67051315307617,42.67051315307617,42.67051315307617,100
2016-09-14,42.67051315307617,42.67051315307617,42.67051315307617,42.67051315307617,0
2016-09-15,42.67051315307617,42.67051315307617,42.67051315307617,42.67051315307617,0
2016-09-16,42.67051315307617,42.67051315307617,42.67051315307617,42.67051315307617,0
2016-09-19,42.67051315307617,42.67051315307617,42.67051315307617,42.67051315307617,0
2016-09-20,42.93887446335599,42.94654083251953,42.93887446335599,42.94654083251953,400
2016-09-21,42.94654083251953,42.94654083251953,42.94654083251953,42.94654083251953,0
2016-09-22,42.94654083251953,42.94654083251953,42.94654083251953,42.94654083251953,0
2016-09-23,43.674968151666825,43.728641510009766,43.674968151666825,43.728641510009766,3800
2016-09-26,43.30691677791898,43.30691677791898,43.244041442871094,43.244041442871094,2100
2016-09-27,43.10755157470703,43.10755157470703,43.10755157470703,43.10755157470703,100
2016-09-28,43.736305292921635,43.736305292921635,43.73093795776367,43.73093795776367,400
2016-09-29,43.567625101325895,43.567625101325895,43.26091766357422,43.26091766357422,2000
2016-09-30,43.27625458944077,43.58296203613281,43.27625458944077,43.58296203613281,2000
2016-10-03,43.39893661889725,43.39893661889725,43.299259185791016,43.299259185791016,1100
2016-10-04,43.299259185791016,43.299259185791016,43.299259185791016,43.299259185791016,0
2016-10-05,43.299259185791016,43.299259185791016,43.299259185791016,43.299259185791016,0
2016-10-06,43.299259185791016,43.299259185791016,43.299259185791016,43.299259185791016,0
2016-10-07,43.299259185791016,43.299259185791016,43.299259185791016,43.299259185791016,0
2016-10-10,43.299259185791016,43.299259185791016,43.299259185791016,43.299259185791016,0
2016-10-11,43.299259185791016,43.299259185791016,43.299259185791016,43.299259185791016,0
2016-10-12,42.46347427368164,42.46347427368164,42.46347427368164,42.46347427368164,200
2016-10-13,42.14143615299312,42.35613250732422,42.14143615299312,42.35613250732422,1500
2016-10-14,42.39446258544922,42.39446258544922,42.39446258544922,42.39446258544922,500
2016-10-17,42.30936225709848,42.31012860154791,42.301692962646484,42.301692962646484,900
2016-10-18,42.301692962646484,42.301692962646484,42.301692962646484,42.301692962646484,0
2016-10-19,42.301692962646484,42.301692962646484,42.301692962646484,42.301692962646484,0
2016-10-20,42.808536529541016,42.808536529541016,42.808536529541016,42.808536529541016,200
2016-10-21,42.55549000869434,42.75484777399675,42.55549000869434,42.74258041381836,2000
2016-10-24,42.83919308182125,42.83919308182125,42.65517097654464,42.68354034423828,1100
2016-10-25,42.59382630842866,42.632164001464844,42.59382630842866,42.632164001464844,200
2016-10-26,42.53248272502755,42.53248272502755,42.517147064208984,42.517147064208984,1000
2016-10-27,42.47880554199219,42.47880554199219,42.47880554199219,42.47880554199219,200
2016-10-28,42.40213394165039,42.40213394165039,42.40213394165039,42.40213394165039,300
2016-10-31,42.46347051456484,42.46347051456484,42.45810317993164,42.45810317993164,700
2016-11-01,42.47113624978576,42.47880554199219,42.47113624978576,42.47880554199219,1300
2016-11-02,42.47880554199219,42.47880554199219,42.47880554199219,42.47880554199219,0
2016-11-03,41.98808171301835,41.98808171301835,41.98041534423828,41.98041534423828,11100
2016-11-04,41.80406536271309,41.80406536271309,41.574036242948885,41.6353759765625,17800
2016-11-07,42.06245422363281,42.06245422363281,42.06245422363281,42.06245422363281,200
2016-11-08,42.04790023654271,42.37914242488888,42.04790023654271,42.172115325927734,6000
2016-11-09,42.05709492200453,42.30245969711176,42.05709492200453,42.22578430175781,4700
2016-11-10,42.22578430175781,42.22578430175781,42.22578430175781,42.22578430175781,0
2016-11-11,41.66604385578557,41.85773526054627,41.66604385578557,41.84239959716797,900
2016-11-14,41.742722704120524,41.742722704120524,41.52036287916987,41.6353759765625,2700
2016-11-15,41.68137628161199,41.78872299194336,41.66604061942486,41.78872299194336,800
2016-11-16,41.54335634833765,41.54335634833765,41.48201370239258,41.48201370239258,500
2016-11-17,41.72431685976893,41.72431685976893,41.68827819824219,41.68827819824219,300
2016-11-18,41.36700764269633,41.36700764269633,41.25812530517578,41.25812530517578,700
2016-11-21,41.4666862487793,41.4666862487793,41.4666862487793,41.4666862487793,400
2016-11-22,41.562535054099264,41.6514778137207,41.562535054099264,41.6514778137207,500
2016-11-23,41.6514778137207,41.6514778137207,41.6514778137207,41.6514778137207,0
2016-11-25,41.6514778137207,41.6514778137207,41.6514778137207,41.6514778137207,0
2016-11-28,41.558692916672435,41.558692916672435,41.482014607567905,41.520355224609375,1100
2016-11-29,41.53568895332357,41.78872299194336,41.53568895332357,41.78872299194336,400
2016-11-30,41.78872299194336,41.78872299194336,41.78872299194336,41.78872299194336,0
2016-12-01,41.47434997558594,41.47434997558594,41.47434997558594,41.47434997558594,100
2016-12-02,41.47434997558594,41.47434997558594,41.47434997558594,41.47434997558594,100
2016-12-05,41.47434997558594,41.47434997558594,41.47434997558594,41.47434997558594,0
2016-12-06,41.47434997558594,41.47434997558594,41.47434997558594,41.47434997558594,0
2016-12-07,42.86909866333008,42.86909866333008,42.86909866333008,42.86909866333008,100
2016-12-08,42.877532958984375,42.877532958984375,42.877532958984375,42.877532958984375,800
2016-12-09,42.938875250068655,42.9956169128418,42.938875250068655,42.9956169128418,2600
2016-12-12,42.91817085989111,42.931207489757895,42.86986483739841,42.88520050048828,2200
2016-12-13,43.290813295151885,43.345252990722656,43.289280606538135,43.345252990722656,1100
2016-12-14,43.22257052378924,43.22257052378924,42.78474807739258,42.78474807739258,1100
2016-12-15,42.53248977661133,42.53248977661133,42.53248977661133,42.53248977661133,100
2016-12-16,42.53248977661133,42.53248977661133,42.53248977661133,42.53248977661133,100
2016-12-19,42.578488311667435,42.662832986709574,42.530948638916016,42.530948638916016,1500
2016-12-20,42.530948638916016,42.530948638916016,42.530948638916016,42.530948638916016,0
2016-12-21,42.663722424855195,42.663722424855195,42.61767310072907,42.648372650146484,6800
2016-12-22,42.66373043326894,42.66373043326894,42.58698447298957,42.59465789794922,2100
2016-12-23,42.61767192149992,42.67139466765882,42.61767192149992,42.65604782104492,1500
2016-12-27,42.67139434814453,42.67139434814453,42.67139434814453,42.67139434814453,100
2016-12-28,42.49488392608036,42.49488392608036,42.468789598099676,42.47953414916992,3700
2016-12-29,42.56856413247135,42.64070779533263,42.563958906366295,42.610008239746094,6600
2016-12-30,42.794192996876085,42.794192996876085,42.778076171875,42.778076171875,2100
2017-01-03,42.84714474091331,42.90163746317415,42.83870426821798,42.886287689208984,1200
2017-01-04,43.2086256302065,43.3314208984375,43.2086256302065,43.3314208984375,3500
2017-01-05,43.592363743488214,43.84563064575195,43.592363743488214,43.84563064575195,1400
2017-01-06,43.73819125487108,43.73819125487108,43.584696407302566,43.67679214477539,2400
2017-01-09,43.46956711227899,43.60003873510394,43.46956711227899,43.55398941040039,1300
2017-01-10,43.676791956110655,43.676791956110655,43.60771942138672,43.60771942138672,1000
2017-01-11,43.55399436716889,43.79958493819743,43.55399436716889,43.77656173706055,3600
2017-01-12,43.81493777902965,43.884010314941406,43.81493777902965,43.884010314941406,9700
2017-01-13,43.907033891661705,44.098901723309595,43.902428665538935,44.02215576171875,5200
2017-01-17,43.937728662527874,43.96075186296374,43.8609827092947,43.88784408569336,4300
2017-01-18,43.79959124681184,43.8686637878418,43.79959124681184,43.8686637878418,800
2017-01-19,43.76120893333603,43.76120893333603,43.602341830071495,43.6307373046875,3100
2017-01-20,43.860984802246094,43.860984802246094,43.860984802246094,43.860984802246094,500
2017-01-23,43.83719320820767,43.974571228027344,43.83719320820767,43.974571228027344,900
2017-01-24,43.974571228027344,43.974571228027344,43.974571228027344,43.974571228027344,0
2017-01-25,44.47495380848933,44.52100020386377,44.47495380848933,44.520233154296875,1100
2017-01-26,44.35983411991769,44.451929842811104,44.35983411991769,44.4404182434082,5300
2017-01-27,44.32145459188556,44.32145459188556,44.298431396484375,44.298431396484375,1300
2017-01-30,43.94540630929941,44.006805419921875,43.845637146044,44.006805419921875,1100
2017-01-31,43.99068536961877,44.00296401977539,43.99068536961877,44.00296401977539,500
2017-02-01,44.00296401977539,44.00296401977539,44.00296401977539,44.00296401977539,0
2017-02-02,44.34448867748351,44.34448867748351,44.184854514113816,44.2830924987793,2500
2017-02-03,44.49797475782928,44.49797475782928,44.444252014160156,44.444252014160156,2100
2017-02-06,44.20634454443537,44.20634454443537,44.045176278321875,44.052852630615234,2200
2017-02-07,44.09122373338247,44.137270134501414,44.09122373338247,44.12959671020508,500
2017-02-08,44.25239026502027,44.31378936767578,44.24855208918671,44.31378936767578,4200
2017-02-09,44.32914370923004,44.41356602581725,44.32914370923004,44.398216247558594,2200
2017-02-10,44.428912367809055,44.551707656710136,44.428912367809055,44.53635787963867,1100
2017-02-13,44.812637121914236,44.812637121914236,44.70519163619435,44.74356460571289,1000
2017-02-14,44.51332838568321,44.63612365722656,44.51332838568321,44.63612365722656,900
2017-02-15,44.75892370741704,44.78962326049805,44.75892370741704,44.78962326049805,800
2017-02-16,44.82569579414945,44.912419251680554,44.82569579414945,44.907814025878906,2100
2017-02-17,44.78963375787527,44.828006744384766,44.78963375787527,44.828006744384766,600
2017-02-21,44.92009434301323,44.97381709990825,44.91548911704071,44.96844482421875,1300
2017-02-22,44.95079040527344,44.95079040527344,44.95079040527344,44.95079040527344,500
2017-02-23,45.05823516845703,45.05823516845703,45.05746811881229,45.05823516845703,500
2017-02-24,44.67450714111328,44.728229902073345,44.65148393717923,44.67450714111328,1000
2017-02-27,44.682176994727406,44.728223395897594,44.574731488436335,44.7052001953125,400
2017-02-28,44.70519832438356,44.781944274902344,44.70519832438356,44.781944274902344,900
2017-03-01,44.966138875764386,45.042884826660156,44.966138875764386,45.042884826660156,200
2017-03-02,45.058233887428074,45.058233887428074,44.912415411971686,44.9246940612793,9900
2017-03-03,44.88939138189236,45.111955802908064,44.884019106960906,45.10428237915039,3100
2017-03-06,44.935447692871094,44.935447692871094,44.935447692871094,44.935447692871094,600
2017-03-07,44.89706250679273,44.89706250679273,44.80342976125584,44.85101318359375,1900
2017-03-08,44.71286392211914,44.71286392211914,44.71286392211914,44.71286392211914,200
2017-03-09,44.83566454282421,44.8817138671875,44.83566454282421,44.8817138671875,1200
2017-03-10,45.11195386721183,45.23398208618164,45.096604092684856,45.23398208618164,2000
2017-03-13,45.357549161992466,45.40666961669922,45.31917618548505,45.40666961669922,800
2017-03-14,45.173352312538576,45.173352312538576,45.01985749715708,45.06513977050781,1900
2017-03-15,45.24242751745036,45.72593518990554,45.24242751745036,45.67988586425781,9800
2017-03-16,45.91780442195829,45.940827621665704,45.89477829458051,45.91626739501953,2900
2017-03-17,46.05595129383502,46.14037360502222,46.05595129383502,46.08665084838867,11700
2017-03-20,46.05594553780928,46.10199486388455,45.948500037970604,46.0098991394043,5400
2017-03-21,46.43968965814235,46.43968965814235,45.84643522367442,45.86408615112305,3900
2017-03-22,45.67220728291135,46.45502821468057,45.63383431058024,45.81035232543945,5800
2017-03-23,45.76431143531921,45.96845789770956,45.76431143531921,45.856407165527344,1000
2017-03-24,46.00990201693567,46.117347523494146,45.994552240617246,46.048274993896484,8700
2017-03-27,45.990715115747655,46.1296272277832,45.990715115747655,46.1296272277832,200
2017-03-28,46.21711571302352,46.31688485918435,46.201765937997955,46.30997848510742,2300
2017-03-29,46.17873418630185,46.26008827679412,46.1250114440918,46.1250114440918,5200
2017-03-30,46.27775445272188,46.27852150248202,46.15572620442994,46.16340255737305,2600
2017-03-31,45.94850310474347,46.17874389514636,45.94082968038726,46.117347717285156,6700
2017-04-03,46.02524989923771,46.02524989923771,45.864078718361974,45.93315124511719,1000
2017-04-04,45.95617752028457,46.04059982299805,45.848732017802085,46.04059982299805,5700
2017-04-05,45.95617196567933,46.04826768129431,45.802677154541016,45.802677154541016,2800
2017-04-06,45.85640351891899,45.85640351891899,45.73360824584961,45.73360824584961,2000
2017-04-07,45.71825906085003,45.77965816201233,45.69523586174931,45.72977066040039,4600
2017-04-10,45.679885225833544,45.74128139816883,45.679885225833544,45.717491149902344,4900
2017-04-11,45.85640241765054,45.894775390625,45.61848530093661,45.894775390625,5100
2017-04-12,45.7865577122672,46.055938470142536,45.77888136193084,46.02524185180664,3200
2017-04-13,45.718262758696504,45.72593911079782,45.60314089854089,45.60774612426758,3800
2017-04-17,45.84105832683775,45.902457433346,45.81803512573242,45.81803512573242,2700
2017-04-18,45.69524063723404,45.69524063723404,45.49569646527304,45.67221450805664,2900
2017-04-19,45.74895032547244,45.787323292913705,45.54173278808594,45.54173278808594,2700
2017-04-20,45.97152690260696,45.97152690260696,45.9024543762207,45.9024543762207,3400
2017-04-21,45.99454953466106,45.99454953466106,45.856404483593096,45.88710403442383,2400
2017-04-24,47.045988860469826,47.045988860469826,47.015289306640625,47.015289306640625,1300
2017-04-25,47.31459968742382,47.45274473482388,47.31459968742382,47.428184509277344,1400
2017-04-26,47.299247944262014,47.42971663489416,47.299247944262014,47.36832046508789,8600
2017-04-27,47.43740501105178,47.43740501105178,47.260886952565926,47.38368225097656,13800
2017-04-28,47.437389527128154,47.437389527128154,47.29156814508902,47.31459426879883,4500
2017-05-01,47.42972639958262,47.5141487121582,47.42972639958262,47.5141487121582,2000
2017-05-02,47.66764186746418,47.67531529212103,47.65996551513672,47.65996551513672,1600
2017-05-03,47.55251275672818,47.72903077363976,47.53716298208323,47.60623550415039,3500
2017-05-04,47.74438703662701,47.99765396118164,47.74438703662701,47.99765396118164,3500
2017-05-05,48.15114720072586,48.519533047014974,48.05137511912554,48.49113464355469,5300
2017-05-08,48.27394089216369,48.27394089216369,48.120446062683364,48.1664924621582,8000
2017-05-09,48.082073630917755,48.11277025502463,47.98997497558594,47.98997497558594,5100
2017-05-10,47.99765302373397,48.043699425356884,47.99765302373397,48.03602600097656,34300
2017-05-11,47.97462239201591,47.97462239201591,47.851827119763726,47.90094757080078,10800
2017-05-12,47.989974188546356,48.13579559326172,47.92857801366912,48.13579559326172,35500
2017-05-15,48.2493798787295,48.327662855298755,48.2493798787295,48.312313079833984,5000
2017-05-16,48.626975645050194,48.68069839477539,48.61853224394897,48.68069839477539,4000
2017-05-17,48.473486100070865,48.473486100070865,48.266268502413496,48.27394485473633,9700
2017-05-18,48.020666995871906,48.37370300292969,48.020666995871906,48.37370300292969,13800
2017-05-19,48.80350094108144,48.80350094108144,48.72675498080207,48.73442840576172,2600
2017-05-22,49.018382577546,49.018382577546,48.88023753338229,48.91861343383789,9200
2017-05-23,49.102809396456735,49.102809396456735,48.83880086013579,48.84263610839844,28900
2017-05-24,48.87257237541884,48.88101577758789,48.719077530647255,48.88101577758789,6000
2017-05-25,49.01071184118946,49.01071184118946,48.838799039976244,48.887916564941406,4800
2017-05-26,48.68069839477539,48.69834931892216,48.62927679389401,48.68069839477539,5400
2017-05-30,48.71139796920587,48.7244436680011,48.642325444143935,48.6615104675293,8100
2017-05-31,49.133509019310175,49.133509019310175,48.77279950669038,48.81117248535156,30900
2017-06-01,48.956997906409384,49.07365387900162,48.92629834990177,49.07211685180664,6200
2017-06-02,49.56329657591158,49.63236618041992,49.40212831005094,49.63236618041992,3900
2017-06-05,49.44049476136903,49.44049476136903,49.25630330741526,49.28623580932617,7300
2017-06-06,49.095136995822614,49.1941391011306,49.095136995822614,49.15192794799805,3900
2017-06-07,49.371434156915356,49.371434156915356,49.041421236813264,49.17265701293945,6600
2017-06-08,49.11049595845232,49.11049595845232,49.04909684143992,49.09514617919922,5300
2017-06-09,48.972339532450576,49.00303615617741,48.788145151737815,48.83342742919922,5500
2017-06-12,48.887925922456944,48.887925922456944,48.662287400005376,48.72061538696289,9800
2017-06-13,49.1718784944761,49.210254395788716,49.0797827722003,49.187225341796875,7200
2017-06-14,49.54793649981364,49.54793649981364,49.2332763671875,49.2332763671875,3900
2017-06-15,48.46581269073168,48.65768051147461,48.38906380583215,48.65768051147461,9300
2017-06-16,48.941638752232635,49.08669017658743,48.84109962691691,49.08131790161133,13200
2017-06-19,49.34840317047059,49.34840317047059,49.263980865478516,49.263980865478516,1600
2017-06-20,49.52150787654682,49.52150787654682,48.86522724184111,48.881614685058594,3900
2017-06-21,48.81605555070926,48.85819553285269,48.75674819946289,48.75674819946289,1100
2017-06-22,48.77235356212532,48.862875931477774,48.77235356212532,48.811370849609375,3000
2017-06-23,48.91281922843823,48.99085380508135,48.66310501098633,48.66310501098633,67400
2017-06-26,49.232760376023926,49.232760376023926,48.88940410875255,48.920616149902344,105000
2017-06-27,49.02988458002247,49.02988458002247,48.811382360293834,48.881614685058594,11700
2017-06-28,49.14692063910343,49.27958297729492,49.13131313009102,49.27958297729492,1700
2017-06-29,49.27958891101228,49.27958891101228,48.77235522593127,48.865997314453125,8600
2017-06-30,49.06888810976971,49.06888810976971,48.7762540014905,48.88472366333008,7300
2017-07-03,48.807474270945775,48.912824234707756,48.807474270945775,48.82698440551758,1000
2017-07-05,48.77235160779305,48.834781646728516,48.702119302404704,48.834781646728516,4200
2017-07-06,48.46801607473772,48.66310549511465,48.46801607473772,48.553855895996094,7000
2017-07-07,48.475813412766534,48.655295304044344,48.39777884328158,48.63188552856445,4000
2017-07-10,48.66310611001065,48.75674819946289,48.608481309761146,48.75674819946289,8700
2017-07-11,48.624082596699104,48.91281407203441,48.61627735376065,48.889404296875,24800
2017-07-12,49.193745204672425,49.381029366926235,49.193745204672425,49.3264045715332,15700
2017-07-13,49.427850694547026,49.45126047005275,49.302213668196686,49.441898345947266,6400
2017-07-14,49.607336532502266,49.77901617141014,49.5917290219808,49.76340866088867,6100
2017-07-17,49.708778291050976,49.708778291050976,49.62293848121808,49.638545989990234,1700
2017-07-18,49.708782676697645,49.734535217285156,49.63855036944053,49.734535217285156,10000
2017-07-19,49.877347655398545,49.974112447817944,49.855497733034724,49.95070266723633,47300
2017-07-20,50.15357933965035,50.1847943574712,50.0521349969745,50.16138458251953,7300
2017-07-21,49.79463051742531,49.95850195832532,49.67757566085989,49.95070266723633,7200
2017-07-24,49.79462032483296,49.82583236694336,49.638548206968764,49.82583236694336,5900
2017-07-25,50.1379773417236,50.1379773417236,49.89840817033716,49.92728042602539,3300
2017-07-26,49.942886333641695,50.35725483744294,49.942886333641695,50.23162078857422,10300
2017-07-27,50.34086944657545,50.34866873578875,50.038870251656014,50.16138458251953,5600
2017-07-28,49.96629275788578,50.216006934659916,49.94288298407189,50.18635177612305,6400
2017-07-31,50.30966219191506,50.347896575927734,50.18480210136481,50.347896575927734,3300
2017-08-01,50.76226127526121,50.76226127526121,50.645206451416016,50.645206451416016,7500
2017-08-02,50.62179667737811,50.69202599949183,50.55156140160873,50.645206451416016,8400
2017-08-03,50.6998371038185,50.77006643405193,50.69203186035156,50.69203186035156,42700
2017-08-04,50.746655911010755,50.746655911010755,50.63116688694892,50.7076416015625,3900
2017-08-07,50.66862133845799,50.7076416015625,50.66862133845799,50.7076416015625,1300
2017-08-08,50.70764255221758,50.70764255221758,50.49694265335308,50.54376220703125,9400
2017-08-09,50.23162754522102,50.40330123901367,50.161392255965886,50.40330123901367,1500
2017-08-10,50.122379863228154,50.122379863228154,49.724395751953125,49.724395751953125,5600
2017-08-11,49.68537548379903,49.724395751953125,49.68537548379903,49.724395751953125,700
2017-08-14,50.11456652650164,50.11456652650164,50.07554626464844,50.07554626464844,2700
2017-08-15,50.02873065360553,50.02873065360553,49.888266034989506,49.96474075317383,3700
2017-08-16,50.23161688160292,50.33306121826172,50.18323152307096,50.33306121826172,3500
2017-08-17,50.20820761113048,50.20820761113048,49.88045883178711,49.88045883178711,4800
2017-08-18,49.77121348202828,49.94289312974687,49.76341121478125,49.92494583129883,2500
2017-08-21,49.77900775918456,49.91166711095635,49.77900775918456,49.852359771728516,1700
2017-08-22,50.03653287988521,50.145782470703125,50.03653287988521,50.145782470703125,2300
2017-08-23,50.098956316688685,50.15358111139089,50.01311650306292,50.114566802978516,6300
2017-08-24,50.17700041114351,50.17700041114351,50.013120061719974,50.038875579833984,6900
2017-08-25,50.17699626623453,50.34866993786409,50.17699626623453,50.325260162353516,44500
2017-08-28,50.3190172897159,50.34086720585235,50.24722215655803,50.26283264160156,2900
2017-08-29,50.067747899212634,50.23942157502924,50.067747899212634,50.145782470703125,18900
2017-08-30,50.02873365703562,50.08257852996523,49.98191409923835,50.03575897216797,3800
2017-08-31,50.26283866587194,50.45402247815242,50.26283866587194,50.45012283325195,7300
2017-09-01,50.489132206006026,50.57497201467285,50.489132206006026,50.52815246582031,5900
2017-09-05,50.395495169917766,50.41109970228839,50.0833509396013,50.23162078857422,4800
2017-09-06,50.48133356656794,50.59838244020549,50.401733188107414,50.55936813354492,37000
2017-09-07,50.90272903442383,50.92535888097626,50.79425937529761,50.90272903442383,10900
2017-09-08,51.03539808692691,51.03539808692691,50.924588619945816,50.94955825805664,4400
2017-09-11,51.2694937512096,51.33972903359395,51.24608397496689,51.30070877075195,5000
2017-09-12,51.3865546153174,51.45678990594253,51.3865546153174,51.433380126953125,3400
2017-09-13,51.308515896608036,51.31632114019406,51.11342648255249,51.15244674682617,4700
2017-09-14,51.08221414115994,51.23048400878906,51.08221414115994,51.23048400878906,1700
2017-09-15,51.26169176958192,51.285101544595285,51.19926173377571,51.22267150878906,3200
2017-09-18,51.48800465774396,51.48800465774396,51.19927015986382,51.39435958862305,2900
2017-09-19,51.64406754894124,51.66201782226563,51.57383226721393,51.662017822265625,22700
2017-09-20,51.75331666614068,51.83915647987996,51.427907684343744,51.51920700073242,3200
2017-09-21,51.59725581064629,51.59725581064629,51.41933076934046,51.55043029785156,4900
2017-09-22,51.620655806506136,51.6300209072901,51.558225770383636,51.577735900878906,1300
2017-09-25,51.44116881068399,51.50359884422102,51.28431975160208,51.316314697265625,7800
2017-09-26,51.18366484816645,51.19927533809387,51.01199113456725,51.140750885009766,4200
2017-09-27,51.10560935059307,51.26168441772461,51.10560935059307,51.26168441772461,4500
2017-09-28,51.26948742972594,51.40215273483747,51.26948742972594,51.36313247680664,4500
2017-09-29,51.53481413342085,51.714293038718985,51.45677956791489,51.69868850708008,8500
2017-10-02,51.55041458027004,51.69009923967546,51.55041458027004,51.659664154052734,25700
2017-10-03,51.56603489222592,51.79233932495118,51.56603489222592,51.79233932495117,2600
2017-10-04,51.74550070389913,51.77671571639778,51.6986811619786,51.737701416015625,7300
2017-10-05,51.65186895850765,51.72209828136629,51.628459184221434,51.69868850708008,8200
2017-10-06,51.44117270573128,51.66747712919667,51.44117270573128,51.5582275390625,23800
2017-10-09,51.776718969864255,51.776718969864255,51.65966415405273,51.659664154052734,1700
2017-10-10,52.00304261315614,52.13570200848613,51.94607801866204,52.08888244628906,3200
2017-10-11,52.17938285335818,52.330772399902344,52.16689803822906,52.330772399902344,3900
2017-10-12,52.26835808927215,52.29878722711009,52.251187744227224,52.27615737915039,12200
2017-10-13,52.557075871822754,52.60780101394959,52.53756574380049,52.54927062988281,6800
2017-10-16,52.59609966647434,52.59609966647434,52.4322252966414,52.48294448852539,5500
2017-10-17,52.36200021795075,52.376830776887815,52.27148082088968,52.36511993408203,8400
2017-10-18,52.41974908439714,52.51026847868852,52.38150874833205,52.49778366088867,21300
2017-10-19,52.315180606355064,52.37839057988749,52.315180606355064,52.36590576171875,8500
2017-10-20,52.33079211470309,52.36200714111328,52.275387377763685,52.36200714111328,23700
2017-10-23,52.40883559234768,52.40883559234768,52.127906292581955,52.23715591430664,60600
2017-10-24,52.12789476320444,52.377608979581495,52.12789476320444,52.33858871459961,14600
2017-10-25,52.315176450998656,52.33858622741271,51.939822238434935,52.112281799316406,7700
2017-10-26,52.205925459436685,52.29098534414262,52.123985290527344,52.123985290527344,1500
2017-10-27,52.042059597508654,52.22153854370117,52.042059597508654,52.22153854370117,4100
2017-10-30,52.307382226009416,52.42443708639315,52.280072798992464,52.40883255004883,11000
2017-10-31,52.549283366083706,52.67414345276396,52.43223447689175,52.61171340942383,17500
2017-11-01,52.86924348800067,52.87704873339948,52.70536905657274,52.72877883911133,16800
2017-11-02,52.81460431927447,52.83801409544884,52.611709669669565,52.79899978637695,56300
2017-11-03,52.7443670908354,52.7443670908354,52.57269342067266,52.705352783203125,10700
2017-11-06,52.440032435889975,52.838016510009766,52.440032435889975,52.838016510009766,3400
2017-11-07,52.75998327394247,52.75998327394247,52.51260884129111,52.61171340942383,8400
2017-11-08,52.658538702885416,52.88405726115227,52.65775282021451,52.78729248046875,21800
2017-11-09,52.338596860369,52.47906150104598,52.11385224455434,52.471256256103516,15200
2017-11-10,52.28395703904579,52.315172056194356,52.21372771570333,52.29566192626953,9500
2017-11-13,51.761130563258575,52.076394567759635,51.761130563258575,52.04595947265625,12400
2017-11-14,51.964013713650864,52.08887379698676,51.88207949341109,52.06546401977539,10700
2017-11-15,51.65966090794157,51.7993455585697,51.57382111198401,51.737701416015625,23300
2017-11-16,52.08263479260631,52.25197466412288,52.08263479260631,52.2176399230957,5000
2017-11-17,52.04985809326172,52.10448289609341,51.98352840079873,52.04985809326172,10100
2017-11-20,52.21373796422671,52.21373796422671,52.12867806769104,52.15910720825195,28600
2017-11-21,52.5141578266347,52.548492557266016,52.40100860595703,52.40100860595703,21900
2017-11-22,52.70535111023543,52.70535111023543,52.48529208491412,52.650726318359375,18100
2017-11-24,53.11893853970724,53.11893853970724,52.98627918421211,53.044803619384766,8400
2017-11-27,53.048718196125556,53.048718196125556,52.783393486572784,52.79119873046875,27300
2017-11-28,52.84580976273188,53.03309389184601,52.79899021886713,52.99407958984375,33600
2017-11-29,53.087727264929185,53.087727264929185,52.83020782470703,52.83020782470703,36700
2017-11-30,53.11894704328971,53.11894704328971,52.900447845458984,52.900447845458984,19200
2017-12-01,52.77558689013196,52.80836176926705,52.518073384731444,52.75686264038086,42100
2017-12-04,52.83802212808658,52.83802212808658,52.50246806004388,52.54850769042969,11300
2017-12-05,52.58050027889987,52.65854081271019,52.43925572411529,52.46345138549805,8700
2017-12-06,52.299562967221654,52.33077798520368,52.166903606039966,52.283958435058594,16300
2017-12-07,52.32298759366444,52.49856689022232,52.283967326137386,52.38307189941406,10000
2017-12-08,52.62731732935473,52.62731732935473,52.51026250111425,52.561767578125,25100
2017-12-11,52.658536671328754,52.71316146850586,52.64682582925275,52.71316146850586,24700
2017-12-12,52.5649008716288,52.79901058858169,52.5649008716288,52.76779556274414,15900
2017-12-13,52.85362084895598,53.079919305095615,52.791190814462944,53.0409049987793,18100
2017-12-14,52.96286875928575,52.96286875928575,52.62418910737129,52.69754409790039,39500
2017-12-15,52.54927853569247,52.666333367781235,52.44783418983212,52.58829879760742,5600
2017-12-18,53.204780108560435,53.44434926673747,53.204780108560435,53.314029693603516,35500
2017-12-19,53.247773712039795,53.263548182039806,53.07185918184896,53.12944412231445,49000
2017-12-20,53.35032279623036,53.35032279623036,52.96378508717779,52.985084533691406,21300
2017-12-21,53.097889504004684,53.350323155072644,53.097889504004684,53.22883987426758,21200
2017-12-22,53.27144048138032,53.32666015625,53.192556091351214,53.32666015625,7400
2017-12-26,53.279330725931175,53.389770075670555,53.279330725931175,53.32666015625,7800
2017-12-27,53.41343482175961,53.55542913129148,53.39766035114192,53.44104766845703,50800
2017-12-28,53.60275848124364,53.60275848124364,53.42921523073668,53.43709945678711,39400
2017-12-29,53.65008983989003,53.681644797165596,53.47654058412078,53.5159797668457,13100
2018-01-02,53.69742434042642,53.83941865233715,53.63431441991204,53.81575393676758,15200
2018-01-03,53.839415615745224,54.16284942626953,53.839415615745224,54.16284942626953,15000
2018-01-04,54.67559810539089,54.88070231557446,54.644043148555525,54.78603744506836,198100
2018-01-05,54.9280361209983,55.13314034753484,54.84757488667314,55.101585388183594,121300
2018-01-08,54.99114204280142,55.03058724374677,54.92803212868592,54.999820709228516,19500
2018-01-09,54.99903195373338,55.085018157958984,54.86492790091929,55.085018157958984,14000
2018-01-10,55.085809512971544,55.21202332866475,54.87281504740564,54.9990348815918,10200
2018-01-11,55.12525444654758,55.28224083307641,55.0463700512005,55.27277374267578,32100
2018-01-12,55.47234249301022,55.835215457615995,55.47234249301022,55.832061767578125,48700
2018-01-16,56.11131403936032,56.11131403936032,55.76422156043727,55.78314971923828,71600
2018-01-17,56.00088939383757,56.35587822800143,55.92200499241028,56.20599365234375,34200
2018-01-18,55.95354338814533,56.0955376760658,55.858878523367586,55.99298858642578,77000
2018-01-19,56.296690836303526,56.30852319147831,56.146812331259035,56.25330352783203,47000
2018-01-22,56.29275975844371,56.52941894531251,56.29275975844371,56.5294189453125,27800
2018-01-23,56.6398448660552,56.78972336494526,56.60828991405421,56.7652702331543,13100
2018-01-24,57.0658309670531,57.106853013185464,56.742403188721674,56.93961715698242,20800
2018-01-25,57.08950394078089,57.09738816650621,56.560965911031055,56.69507598876953,65700
2018-01-26,56.9711736963924,57.18416213989258,56.91358875679507,57.18416213989258,61900
2018-01-29,56.671395426167344,56.813389705001505,56.513626680125775,56.64457702636719,30600
2018-01-30,56.442643723730576,56.442643723730576,56.20598453932566,56.284080505371094,20700
2018-01-31,56.37163863114253,56.44263878765205,56.07660610827626,56.166534423828125,55900
2018-02-01,56.12709017661025,56.37163354347711,56.04820580199114,56.31641387939453,35400
2018-02-02,55.74057196920298,55.74057196920298,55.058207145447355,55.09370422363281,13000
2018-02-05,54.423157164133535,54.5738301067879,52.72711607746635,52.790225982666016,44400
2018-02-06,52.75867631865123,53.93407585147399,52.75867631865123,53.926185607910156,30800
2018-02-07,53.44498166154255,53.84335168291602,53.216212752137544,53.26354217529297,30900
2018-02-08,53.366096742797694,53.366096742797694,51.922489166259766,51.922489166259766,25400
2018-02-09,52.38791589904805,52.45891003126682,51.11706917330056,52.293251037597656,25800
2018-02-12,52.54568729757209,53.03478007864125,52.45891267482607,52.91645050048828,19600
2018-02-13,52.56146939407442,52.85334826007869,52.49836549259486,52.8060188293457,14300
2018-02-14,52.47469202999328,53.762107849121094,52.47469202999328,53.762107849121094,20300
2018-02-15,54.06029408957578,54.31272773788919,53.79760492933603,54.13129425048828,16000
2018-02-16,54.202286301890936,54.58093976899982,54.202286301890936,54.4034423828125,15900
2018-02-20,54.162841410011396,54.19439034532658,53.77866300711657,53.87885284423828,27500
2018-02-21,53.989305205502966,54.29695855627127,53.65009689331055,53.65009689331055,21300
2018-02-22,53.70530508369843,54.071331724637396,53.70530508369843,53.76052474975586,48800
2018-02-23,53.989294410659575,54.3285026550293,53.93407474383159,54.3285026550293,9000
2018-02-26,54.58093755448934,54.87281036376953,54.43105301880982,54.87281036376953,18800
2018-02-27,55.82732234000976,55.82732234000976,53.98140265615371,53.99717712402344,14900
2018-02-28,54.01296246055163,54.01296246055163,53.456817626953125,53.456817626953125,76400
2018-03-01,53.05846001041202,53.20203118667705,52.32482363761059,52.664031982421875,34800
2018-03-02,52.34059426197772,52.77446746826172,52.206490186760355,52.77446746826172,23500
2018-03-05,52.387920762088335,53.12076251455312,52.387920762088335,53.03083419799805,10000
2018-03-06,53.40634220633893,53.49232843318577,53.24778497625003,53.46077346801758,8000
2018-03-07,53.105777875169785,53.397656718934826,52.999280645641726,53.358211517333984,23600
2018-03-08,53.47653939260765,53.56331401855884,53.34558903115348,53.444984436035156,16800
2018-03-09,53.53176082568766,53.83152389526367,53.53176082568766,53.83152389526367,14200
2018-03-12,53.96169052619511,53.96563865779759,53.88595982504576,53.95774841308594,16200
2018-03-13,54.123401138912406,54.123401138912406,53.547533711881535,53.586978912353516,16100
2018-03-14,53.98930471895777,54.064246999352996,53.53176681017155,53.697425842285156,34800
2018-03-15,53.697419961488244,53.88674368909908,53.665865003804306,53.725032806396484,13700
2018-03-16,53.594872708442665,53.752641483802385,53.571207993988004,53.66586685180664,21600
2018-03-19,53.45287788787597,53.45287788787597,52.99534001785377,53.23988342285156,16800
2018-03-20,53.220957360638415,53.36610536051114,53.1688913761918,53.32666015625,22000
2018-03-21,53.17677506458509,53.508093072955056,53.11366515294535,53.37004089355469,24000
2018-03-22,52.80601161921015,52.80601161921015,52.41946792602539,52.41946792602539,30200
2018-03-23,52.41947059820177,52.41947059820177,51.79864501953125,51.79864501953125,16100
2018-03-26,52.4904727262845,52.67979645861438,52.025044611961256,52.656131744384766,11000
2018-03-27,53.042665770971155,53.042665770971155,52.174137115478516,52.174137115478516,55700
2018-03-28,52.5141405490769,52.916458770274346,52.43604458009911,52.67190933227539,24600
2018-03-29,52.92434204112879,53.22411114968528,52.853347895519,53.10578155517578,21000
2018-04-02,53.121554913825484,53.121554913825484,51.99349672279557,52.474693298339844,64600
2018-04-03,52.58513256459282,52.7113463678918,52.35241552047657,52.69557189941406,23900
2018-04-04,52.04082272395959,52.79812363718932,52.04082272395959,52.7586784362793,17400
2018-04-05,53.08210870753565,53.318761841805056,53.08210870753565,53.26354217529297,9100
2018-04-06,53.15310173758659,53.255656843614965,52.766564080035394,52.861228942871094,19400
2018-04-09,53.38187288990902,53.657971228356566,53.302988510137205,53.31087875366211,11800
2018-04-10,53.81101072720459,53.95774157517751,53.76841785554321,53.855186462402344,18100
2018-04-11,53.768421972434155,53.90016076559235,53.66586685180664,53.66586685180664,15800
2018-04-12,53.68164628144397,53.886744481666966,53.646143191969365,53.84730529785156,32200
2018-04-13,54.01296528774794,54.01296528774794,53.7557950825281,53.88674545288086,8700
2018-04-16,54.07606751884843,54.07606751884843,53.91040250450964,53.99717712402344,9300
2018-04-17,54.12339657046117,54.391604651855396,54.10761608420734,54.27328109741211,21900
2018-04-18,54.49417087544636,54.61250047252445,54.4776019633485,54.573055267333984,13800
2018-04-19,54.54148914945007,54.569890413596426,54.285113423638165,54.38372039794922,30900
2018-04-20,54.202275770938,54.25749543056977,54.095778563615475,54.19438552856445,18300
2018-04-23,54.15495256060579,54.15495256060579,53.965628851382185,54.09184265136719,20400
2018-04-24,54.210174302064985,54.24724821545368,53.751059625288555,53.80943298339844,23300
2018-04-25,53.6658651412779,53.79602708512277,53.586980756112375,53.75263977050781,11600
2018-04-26,53.99717818011718,54.10761751284163,53.92224193315521,54.040565490722656,17900
2018-04-27,54.044516563831856,54.154955902568645,53.973516406933875,54.13917541503906,10700
2018-04-30,54.052402756623636,54.18651283153644,53.97351837158203,53.97351837158203,9100
2018-05-01,53.902522163667314,53.902522163667314,53.53964919159628,53.776302337646484,21800
2018-05-02,53.95773580662476,54.027941514525395,53.69583511352539,53.69583511352539,17500
2018-05-03,53.83152288285631,53.973517180193994,53.55542453205877,53.902523040771484,171300
2018-05-04,53.539653328645585,54.13129526722656,53.43709820745601,54.06029510498047,80700
2018-05-07,54.00506255199785,54.18650201802883,53.993230197527524,54.068172454833984,11000
2018-05-08,53.870959742934,54.04293212558691,53.7841851291911,54.02872848510742,208200
2018-05-09,53.86307562598157,54.241729076149454,53.86307562598157,54.147064208984375,18300
2018-05-10,54.35216874515974,54.56515717447145,54.304833302040784,54.5414924621582,15100
2018-05-11,54.69926758784324,54.73634752414194,54.6314271330536,54.691383361816406,22100
2018-05-14,54.85703380610104,54.8885887607526,54.65192961011205,54.71582794189453,11300
2018-05-15,54.3048319248239,54.39160654676678,54.17072787945484,54.3285026550293,32300
2018-05-16,54.27328396150866,54.38372329714519,54.158896494854275,54.367942810058594,71300
2018-05-17,54.431050796242744,54.540701705495934,54.37583113037755,54.423160552978516,15400
2018-05-18,54.32061287093445,54.39160700667402,54.265393203639555,54.3111457824707,18900
2018-05-21,54.65193960744727,54.69926903883635,54.573843638257976,54.683494567871094,24700
2018-05-22,54.75448735090159,54.778152063405415,54.588822326389824,54.6046028137207,23900
2018-05-23,53.91828916188768,54.03583030534717,53.7841851291911,54.02872848510742,93500
2018-05-24,53.91829492385857,53.92618516735795,53.654028942306894,53.863075256347656,12100
2018-05-25,53.547533053896444,53.563313541288366,53.39765453462832,53.492313385009766,14200
2018-05-29,52.7981222163587,52.80206432894655,52.261699998278175,52.43130111694336,44700
2018-05-30,52.67188991425715,53.178339919712656,52.67188991425715,53.16887283325195,28600
2018-05-31,52.94800501435721,53.09788352817492,52.67979090488099,52.85334014892578,26400
2018-06-01,53.27143951240602,53.31876894186395,53.14127756290364,53.2872200012207,26400
2018-06-04,53.665859505332335,53.72107917099836,53.35031597931556,53.47653579711914,99900
2018-06-05,53.437091041245274,53.53964614868164,53.31087724089035,53.53964614868164,15600
2018-06-06,53.547526487143074,53.88673470256062,53.50335075745118,53.8709602355957,13700
2018-06-07,53.918291633430094,53.918291633430094,53.525440586329935,53.59486389160156,23400
2018-06-08,53.56332225401759,53.69979159414575,53.47654761472463,53.65009689331055,16800
2018-06-11,53.80784983866794,54.099728632029674,53.80784983866794,54.02872848510742,16400
2018-06-12,53.910404051068966,53.910404051068966,53.60275076160046,53.6579704284668,12400
2018-06-13,53.86307696341267,53.890689807289434,53.594868860857254,53.776302337646484,11900
2018-06-14,53.71319373594845,53.799968363833074,53.5159797668457,53.5159797668457,21600
2018-06-15,53.27932568490951,53.37399055508362,53.12786430002797,53.3661003112793,86500
2018-06-18,52.77446548060239,52.979569717529344,52.72713002993099,52.94012451171875,29900
2018-06-19,52.219197947380735,52.49955749511719,52.17113194535464,52.49955749511719,15900
2018-06-20,52.475521237783205,52.55482249236279,52.42906253422941,52.527584075927734,8400
2018-06-21,52.34735622084324,52.35696942061084,52.130280025200996,52.147098541259766,17000
2018-06-22,52.79592213176639,52.89605094226234,52.59566451077449,52.73183822631836,16200
2018-06-25,52.23520560370468,52.23520560370468,51.88194958732143,52.05097198486328,25000
2018-06-26,52.13907722898591,52.28326297703976,51.89075970620695,52.079002380371094,98200
2018-06-27,52.18714448864291,52.3313302402039,51.682491302490234,51.682491302490234,30500
2018-06-28,51.61842145985718,51.83469706486233,51.522295573533015,51.72255325317383,68600
2018-06-29,52.195167190362355,52.38741286133774,52.1070533179612,52.1711311340332,27500
2018-07-02,51.42616061822886,51.682490158510326,51.410142695689274,51.67448425292969,36200
2018-07-03,52.07500173123542,52.07500173123542,51.81867218017578,51.81867218017578,19500
2018-07-05,52.28326750039478,52.43146232542975,52.171123699026,52.38740539550781,41800
2018-07-06,52.35536016043793,52.7318455177814,52.235204348952806,52.67577362060547,28900
2018-07-09,53.06828308105469,53.124354984760636,52.980169216462606,53.06828308105469,21900
2018-07-10,52.94813403896032,53.13237380981445,52.94813403896032,53.13237380981445,14600
2018-07-11,52.48353531683255,52.586072050534625,52.147103847628884,52.17914581298828,21200
2018-07-12,52.48352915027061,52.647741911675816,52.37859676793614,52.61970901489258,23000
2018-07-13,52.59567740714489,52.77991104125976,52.51396826868155,52.779911041259766,15800
2018-07-16,52.75587081143282,52.77990074933777,52.67977193381522,52.771888732910156,10600
2018-07-17,52.5956762472233,52.8760357568972,52.57164019378358,52.80393981933594,23500
2018-07-18,52.79594072510766,52.92810542349496,52.75508615150556,52.852012634277344,12000
2018-07-19,52.57164184221543,52.827971417866,52.5684394795413,52.65975570678711,35200
2018-07-20,52.70782104562311,53.01221050310122,52.67577908514451,52.9721565246582,18200
2018-07-23,52.88404350436924,52.980169387337675,52.83598361857461,52.87603759765625,13300
2018-07-24,53.33261953900743,53.47680529342067,53.15238887383553,53.25251770019531,42600
2018-07-25,53.260539949030246,53.781211228144066,53.084312182741215,53.65304946899414,32600
2018-07-26,53.48482217432485,53.54890610307587,53.356660428202616,53.388702392578125,51500
2018-07-27,53.65303336438982,53.74835253645867,53.44476369298285,53.5208625793457,19100
2018-07-30,53.70910658356375,53.73313652482101,53.49282488949093,53.54889678955078,11600
2018-07-31,53.71711514838278,53.73554095623539,53.50885157292634,53.57292938232422,134700
2018-08-01,53.46878746117439,53.48480538264337,53.22847585949435,53.35664367675781,32200
2018-08-02,52.72383334390399,52.940108914831505,52.69179138684465,52.884037017822266,29300
2018-08-03,52.77189885520124,52.99138292322118,52.71582695220846,52.9721565246582,24900
2018-08-06,52.62770762918435,52.815950307856085,52.591662719152346,52.67577362060547,20100
2018-08-07,53.228478298615016,53.300574226973886,53.14837646484375,53.14837646484375,162900
2018-08-08,53.10832977294922,53.22047356497373,53.004191886513375,53.10832977294922,44900
2018-08-09,53.13876738764091,53.15559201306799,52.932105007168005,52.96253967285156,18500
2018-08-10,52.02693524931532,52.1070431987628,51.83629079684247,51.9548454284668,49500
2018-08-13,51.86273108193771,51.9067880116736,51.63523500627972,51.746578216552734,12800
2018-08-14,51.8346970532949,51.8346970532949,51.69051127953052,51.73857116699219,37600
2018-08-15,51.097748460809775,51.105757423208296,50.777334962456536,51.08893585205078,54200
2018-08-16,51.37810283876557,51.58637250856079,51.360477623011306,51.42616271972656,22700
2018-08-17,51.37810979973646,51.80265510275428,51.36129128367287,51.72255325317383,32300
2018-08-20,51.88274834505458,52.02373173266519,51.88274834505458,51.96285629272461,10700
2018-08-21,52.29127767650884,52.43546343195938,52.18073506028414,52.3153076171875,30300
2018-08-22,52.57164002502619,52.65575093334784,52.46750823930414,52.55562210083008,46000
2018-08-23,52.267258207519056,52.32333011746274,52.098241886930246,52.13108444213867,32500
2018-08-24,52.40342364340251,52.53959738713815,52.24321995799339,52.459495544433594,39300
2018-08-27,52.88403756168277,53.16440316099066,52.86801963867758,53.15639114379883,30500
2018-08-28,53.29256703833081,53.324608997017855,53.08830642700195,53.08830642700195,63600
2018-08-29,53.124359271683396,53.38870088679095,53.06027534473981,53.372676849365234,20700
2018-08-30,52.964148796831566,53.01220868020733,52.78792107594861,52.86802291870117,12500
2018-08-31,52.70781921183253,52.73985505981748,52.27526192748938,52.443477630615234,27600
2018-09-04,51.786638828865556,51.98689651489258,51.73056692123317,51.98689651489258,41200
2018-09-05,51.690507632487794,51.706531668097355,51.44539244552047,51.546321868896484,34300
2018-09-06,51.490247809414925,51.57034964996936,51.19466792314534,51.38611602783203,20400
2018-09-07,50.97759130408013,51.15301843849242,50.89428404113844,51.00162124633789,33900
2018-09-10,51.45020493101598,51.53350914207981,51.318834721858316,51.362091064453125,38500
2018-09-11,51.15382053062398,51.4526058590741,51.09614438954711,51.41255187988281,24000
2018-09-12,51.56234046101769,51.76259810534316,51.48864335002767,51.67448425292969,13400
2018-09-13,52.17113197576675,52.191959558093565,51.928424638757576,52.09103012084961,28000
2018-09-14,52.18634894587852,52.24242084849931,51.994903886314624,52.066993713378906,19300
2018-09-17,52.36338558595982,52.42746340529861,52.17193438458391,52.17914581298828,9800
2018-09-18,52.53959377485382,52.747863440669484,52.53959377485382,52.67577362060547,14600
2018-09-19,52.76389643293755,52.93851687871543,52.76389643293755,52.90007019042969,25900
2018-09-20,53.39670743572985,53.54889910740632,53.29256953726914,53.5168571472168,24300
2018-09-21,53.49283366428939,53.58815896571738,53.44477377389128,53.5408935546875,12900
2018-09-24,53.51685348572626,53.51685348572626,53.31259287879443,53.324607849121094,33900
2018-09-25,53.717118146138546,53.77319005210276,53.5889564088115,53.63701629638672,40300
2018-09-26,53.62100482984729,53.93660872266455,53.61299281049321,53.66105270385742,23400
2018-09-27,53.63701413744205,53.7651819809896,53.492828369140625,53.492828369140625,51700
2018-09-28,53.02022336857132,53.268540927025896,53.02022336857132,53.04265213012695,36100
2018-10-01,53.26053555839913,53.29097634184771,53.1003318448233,53.13237380981445,20400
2018-10-02,52.66776308318405,52.84879434038412,52.65174515984594,52.73985290527344,25900
2018-10-03,52.8439908063377,52.900863295697235,52.67096545508614,52.72383499145508,27700
2018-10-04,52.36337843154145,52.36337843154145,51.86673720339698,52.088623046875,54500
2018-10-05,51.95484591731215,51.970863840525254,51.60239049283819,51.81867218017578,20200
2018-10-08,51.233921557123,51.52229309082031,51.07371480999232,51.52229309082031,36100
2018-10-09,51.01764191676756,51.45820817105985,51.01764191676756,51.39973449707031,26000
2018-10-10,51.13780436576014,51.13780436576014,50.19098663330078,50.19098663330078,148700
2018-10-11,50.12849735495167,50.25345671305563,49.373124849400384,49.607826232910156,91300
2018-10-12,49.936252345217035,49.936252345217035,49.31144939724474,49.7840576171875,63500
2018-10-15,49.559765873154134,49.88338172065122,49.5533580923655,49.71196365356445,77000
2018-10-16,50.29670737251072,50.584275204079816,50.232623463812644,50.52900695800781,60600
2018-10-17,50.28070118542941,50.43289592982207,49.984320659742714,50.160545349121094,35300
2018-10-18,49.960283025071355,49.975503414805836,49.20731528035731,49.39155197143555,175700
2018-10-19,49.61583817887498,49.90981689673605,49.61583817887498,49.687931060791016,78100
2018-10-22,49.679922681308014,49.70795863262142,49.33547924763504,49.45563507080078,19600
2018-10-23,48.574504086885376,49.05111835993367,48.33419547353886,48.967010498046875,32200
2018-10-24,48.63858216334189,48.63858216334189,47.60124588012695,47.60124588012695,49100
2018-10-25,47.98173582270237,48.41429003934725,47.85597281632011,48.19000244140625,28200
2018-10-26,47.509134768113675,48.09949403831339,47.14867032034396,47.80551528930664,39900
2018-10-29,48.342197545983005,48.43752283155716,47.36494225024323,47.725406646728516,36300
2018-10-30,47.84556158649285,48.29413986206055,47.829540606398695,48.29413986206055,83800
2018-10-31,48.6866455078125,48.90292416589244,48.646594583506506,48.6866455078125,38500
2018-11-01,49.03909328361775,49.25537190777457,48.90291649550901,49.191287994384766,27500
2018-11-02,49.61583448757952,49.74399926192961,49.07113343266931,49.2994270324707,269800
2018-11-05,49.27940327393185,49.43961000635465,49.18247681047744,49.319454193115234,44900
2018-11-06,49.27139070539377,49.54374123075847,49.27139070539377,49.53573226928711,79900
2018-11-07,49.93624978504919,50.10446548461914,49.79446579849069,50.10446548461914,30500
2018-11-08,49.96829821386145,50.07243000954191,49.591812789769705,49.703956604003906,58600
2018-11-09,49.29543030769842,49.41158012657939,49.15124453637649,49.367523193359375,63900
2018-11-12,49.08716095092195,49.08716095092195,48.55047184173495,48.59052276611328,60000
2018-11-13,48.73470373469837,49.16726100900291,48.662610855647614,48.84684753417969,32400
2018-11-14,49.096767737626095,49.22333133113695,48.66821648580648,48.8949089050293,85900
2018-11-15,48.502410042395915,49.03910221992382,48.361429685212606,48.99103927612305,122900
2018-11-16,48.72669207341977,49.1031743714371,48.70265907794138,49.039894104003906,50100
2018-11-19,49.087161194524384,49.087161194524384,48.583314635306515,48.74271774291992,60200
2018-11-20,48.02179395796847,48.17398870005355,47.709392455131315,47.80551528930664,34600
2018-11-21,48.34219544082949,48.66260890279437,48.34219544082949,48.4303092956543,47900
2018-11-23,48.11790541374584,48.32617507018114,48.11790541374584,48.13392639160156,8600
2018-11-26,48.79077407069586,48.94296878572991,48.76674413034556,48.8949089050293,74100
2018-11-27,48.606548128926875,48.78277587890625,48.51843425393718,48.78277587890625,50000
2018-11-28,48.79878489055607,49.44762080592602,48.65460218727435,49.407569885253906,73400
2018-11-29,49.14322165663215,49.29541941255006,49.031077871654084,49.1512336730957,77600
2018-11-30,48.95098718634562,49.03910105337277,48.83083135754684,49.01506805419922,58700
2018-12-03,49.752011574181815,49.752011574181815,49.45563110468142,49.64787673950195,105200
2018-12-04,49.37553547192919,49.37553547192919,48.286133151306586,48.32618713378906,46200
2018-12-06,47.61325848884954,47.925662994384766,47.00447656808428,47.925662994384766,190500
2018-12-07,47.99775325991431,48.133930054205365,47.2768275356847,47.38096237182617,86900
2018-12-10,47.19672525633281,47.21274623629561,46.57993433405716,46.99646759033203,87900
2018-12-11,47.40498903910605,47.410596228610565,46.83625807182591,47.16468048095703,183400
2018-12-12,47.805515381969066,48.08908034067224,47.70939254760742,47.70939254760742,156300
2018-12-13,47.82953842906587,47.91765228772776,47.6212718087018,47.725406646728516,46900
2018-12-14,47.108618942916536,47.30887662801629,47.072570970639894,47.09259796142578,61600
2018-12-17,47.076576252858075,47.08458521563487,46.539884076121,46.65203094482422,155200
2018-12-18,46.85895674535403,47.04487253583454,46.57603899881003,46.70537185668945,123800
2018-12-19,46.94787836029578,47.214626057311236,46.038505745106015,46.293128967285156,248900
2018-12-20,46.36587887823933,46.45479580504934,45.938272209198836,45.96979522705078,312000
2018-12-21,45.880881610309515,46.01829952989504,45.121051325227796,45.22613525390625,186700
2018-12-24,45.3312168364111,45.529257124273705,44.6198844909668,44.6198844909668,235600
2018-12-26,45.04021165612144,45.92129271323244,44.757293909833805,45.76770782470703,601400
2018-12-27,45.19379318704589,45.94554138183594,44.93512747309002,45.94554138183594,200600
2018-12-28,46.35778635495052,46.35778635495052,45.953620813639574,46.20420455932617,324300
2018-12-31,46.54370877674735,46.54370877674735,45.97787635893414,46.382041931152344,273800
2019-01-02,45.55754281090213,46.10720822394299,45.53814118640924,45.94554138183594,64000
2019-01-03,45.937459705895044,46.002124593006876,45.67313261357704,45.76770782470703,58800
2019-01-04,46.47904696007942,47.27525373615311,46.47096500432179,47.14996337890625,38300
2019-01-07,47.1499606577578,47.497540238978424,47.081250161857845,47.33587646484375,46600
2019-01-08,47.7562077390987,47.812790675186925,47.513705917533436,47.6915397644043,50700
2019-01-09,48.05528354350165,48.257366314430136,47.97444858500723,48.16844940185547,38800
2019-01-10,48.022957945524055,48.377814687192696,48.022957945524055,48.370540618896484,34900
2019-01-11,48.02295272769373,48.176534533655804,47.88553791449691,48.039119720458984,51000
2019-01-14,47.715786006315604,47.97445172334208,47.691537058950175,47.8774528503418,79100
2019-01-15,47.861288138935116,48.11995386829112,47.861288138935116,47.958290100097656,67600
2019-01-16,48.09570407990134,48.26545288366347,48.09570407990134,48.17896270751953,44900
2019-01-17,47.89362384415697,48.39074889144835,47.89362384415697,48.27354049682617,192200
2019-01-18,48.80703509329784,48.912115921342966,48.65345020324351,48.88786697387695,44100
2019-01-22,48.41904221209795,48.451373118009805,48.119149547781,48.17654037475586,64200
2019-01-23,48.524122907962024,48.604957881348255,48.2331231708495,48.4271240234375,70800
2019-01-24,48.45945755542217,48.604957422605175,48.322847530927426,48.53220748901367,90000
2019-01-25,48.88786822007202,49.13036695152945,48.88786822007202,48.984867095947266,641700
2019-01-28,48.66962144688791,48.84745529994033,48.62112354772006,48.78278732299805,90200
2019-01-29,49.04144864001187,49.161891656963974,48.952534805044806,48.976783752441406,67300
2019-01-30,49.0737892412006,49.63153977482142,49.00023141844781,49.47795486450195,72400
2019-01-31,49.30012223953782,49.49412000467058,49.22737230672831,49.41328811645508,72600
2019-02-01,49.38095123412618,49.47795011100861,49.24353333196559,49.364784240722656,113900
2019-02-04,49.25970262081778,49.47795241662749,49.17887073357219,49.46582794189453,88400
2019-02-05,49.74470187015874,49.96295166015625,49.74470187015874,49.96295166015625,108600
2019-02-06,49.82553615810751,49.82553615810751,49.57495545211172,49.63153839111328,41500
2019-02-07,49.292038106923286,49.310628763176126,48.90242371158164,49.04145431518555,86400
2019-02-08,48.67770875568362,48.863624572753906,48.559692467445664,48.863624572753906,73300
2019-02-11,48.863613870168116,48.867656388914796,48.67769809381892,48.74236297607422,54200
2019-02-12,49.21928299892224,49.36478285192183,49.196649825501794,49.3567008972168,103800
2019-02-13,49.46178311760509,49.58303402636216,49.364784240722656,49.364784240722656,47600
2019-02-14,49.44561720762302,49.54261917016961,49.22817838789721,49.389034271240234,53200
2019-02-15,49.793198591258715,50.068031311035156,49.793198591258715,50.068031311035156,36900
2019-02-19,49.94678668829485,50.359034252618905,49.94678668829485,50.26203536987305,37700
2019-02-20,50.31860936741049,50.60556652871811,50.31860936741049,50.456024169921875,67000
2019-02-21,50.359036107872704,50.415619048520576,50.22566071197173,50.32670211791992,28200
2019-02-22,50.504530471683076,50.617696340638254,50.423698589154704,50.4964485168457,53900
2019-02-25,50.82786449780048,50.844031491118514,50.64194869995117,50.64194869995117,48600
2019-02-26,50.72278292216952,51.02186460349901,50.72278292216952,50.92486572265625,115800
2019-02-27,50.78744902679578,50.8521139171283,50.6096151821886,50.69853210449219,49200
2019-02-28,50.60153410148937,50.755119009676854,50.561118156428066,50.609619140625,59600
2019-03-01,50.8763534344081,50.98143733069968,50.72115587625641,50.8359375,55800
2019-03-04,50.91677671332564,50.91677671332564,50.49240165768138,50.730857849121094,76000
2019-03-05,50.6904496934666,50.87636550267505,50.658115704854985,50.80361557006836,57700
2019-03-06,50.844038107241005,50.844038107241005,50.617703254875266,50.658119201660156,60200
2019-03-07,50.42370221025443,50.447951160046614,49.93870162963867,49.93870162963867,46300
2019-03-08,49.70428653826088,49.962952273982744,49.67195255041095,49.93061828613281,34900
2019-03-11,50.02761996338981,50.431785583496094,50.02761996338981,50.431785583496094,45500
2019-03-12,50.36712068771936,50.504535518456784,50.36712068771936,50.431785583496094,74100
2019-03-13,50.60962206532229,50.90547222729658,50.60962206532229,50.86020278930664,99600
2019-03-14,50.80360594255913,50.965272771441725,50.77531447877005,50.827857971191406,92900
2019-03-15,51.207781980522746,51.385615837137856,51.192425956699346,51.32903289794922,41200
2019-03-18,51.48261307702245,51.59578203532496,51.38804094135481,51.5391960144043,95600
2019-03-19,51.870607539538334,51.894856486896515,51.6240693798068,51.69681930541992,75700
2019-03-20,51.49070023944813,51.93528180158661,51.34924289015938,51.70895004272461,85300
2019-03-21,51.34519309813203,51.69277572631836,51.34519309813203,51.69277572631836,41400
2019-03-22,51.0137778147989,51.11562709256464,50.637903718165234,50.65972900390625,82600
2019-03-25,50.61769694388214,50.73086281418599,50.520698066984366,50.68559646606445,42900
2019-03-26,51.02994459539828,51.102694519720025,50.890910927032934,50.98952865600586,52900
2019-03-27,50.99761534678009,51.11886625975681,50.651648459689866,50.94103240966797,66200
2019-03-28,50.86018978428125,50.88039929458167,50.641943107436084,50.77935791015625,57800
2019-03-29,51.062277052816476,51.10269607697911,50.8601942661578,51.07036209106445,44500
2019-04-01,51.51494327730553,51.725111100875246,51.48260929159656,51.70085906982422,40800
2019-04-02,51.636192961630314,51.765525817871094,51.523027097861956,51.765525817871094,87000
2019-04-03,52.10501631580414,52.25051614470956,52.06460346543255,52.14543533325195,40900
2019-04-04,51.975695996455,52.06461291732132,51.94012429444661,52.04844284057617,77300
2019-04-05,52.00801437417513,52.14543533325195,52.00801437417513,52.14543533325195,47800
2019-04-08,52.145447901099075,52.21010971069336,52.03228202546197,52.21010971069336,114800
2019-04-09,52.032275817071316,52.032275817071316,51.82210800150307,51.886775970458984,68900
2019-04-10,51.951439189892014,52.12119415480249,51.919111371608906,52.05652618408203,45000
2019-04-11,52.048443453346366,52.10179483990973,51.89081912215077,52.016109466552734,44100
2019-04-12,52.30711303230979,52.339447021484375,52.236789843570946,52.339447021484375,55100
2019-04-15,52.38793898145412,52.404109057746815,52.290943192006544,52.331356048583984,54400
2019-04-16,52.53344402334581,52.56577801204885,52.42027814642402,52.460697174072266,80700
2019-04-17,52.646603667199706,52.682175367516,52.48493990990232,52.63043975830078,50300
2019-04-18,52.63044588303527,52.64660979381524,52.444526990138115,52.59002685546875,100700
2019-04-22,52.48494597541349,52.622360801704545,52.41219295926792,52.54961395263672,70600
2019-04-23,52.4041238423621,52.6385406781243,52.4041238423621,52.598121643066406,52000
2019-04-24,52.3151960993867,52.39602798573733,52.16969623712451,52.2424430847168,46100
2019-04-25,52.13736418584341,52.202032164157096,52.01611326827472,52.15757369995117,61600
2019-04-26,52.3232846128002,52.42836545532641,52.27801826007162,52.37986755371094,51300
2019-04-29,52.420287756137924,52.62237059726959,52.40007823860898,52.598121643066406,74600
2019-04-30,52.60619231892442,52.731482659481834,52.48494141393824,52.670860290527344,60100
2019-05-01,52.75170027614958,52.87295119976449,52.387947505304844,52.404117584228516,148000
2019-05-02,52.37986294642736,52.50110768980147,52.113112176849334,52.17778015136719,112900
2019-05-03,52.484948442801944,52.784033226211456,52.45261445267026,52.743614196777344,399400
2019-05-06,51.692779030006115,52.28286041512936,51.692779030006115,52.250526428222656,81300
2019-05-07,51.78977392251947,51.78977392251947,51.191610628461156,51.40177536010742,80900
2019-05-08,51.31286286494311,51.539194608295645,51.26436188413669,51.36944580078125,93200
2019-05-09,50.82786245116982,51.183527039229254,50.65002861537083,51.11886215209961,124300
2019-05-10,51.14877902551072,51.490703430144485,50.90062196258977,51.41795349121094,61500
2019-05-13,50.617697552243094,50.698532520245024,50.24586595005043,50.27011489868164,95700
2019-05-14,50.69852270630482,51.01377131164142,50.69852270630482,50.8359375,93100
2019-05-15,50.496451792629514,51.10270020153655,50.45603276520462,51.05419921875,105400
2019-05-16,51.110782326484696,51.59578290534289,51.110782326484696,51.28861618041992,189600
2019-05-17,51.06228787644947,51.32095673505794,51.021871927258516,51.10270690917969,115400
2019-05-20,50.84402908398221,50.96931942184189,50.738945174159404,50.81169509887695,183200
2019-05-21,51.09460327822716,51.21585416522162,50.98952246527265,51.159271240234375,67500
2019-05-22,50.94102767861185,51.1107764741831,50.93779304670351,50.98952865600586,56700
2019-05-23,50.407530655361974,50.59344644853906,50.27819779560667,50.38328170776367,221800
2019-05-24,50.981444395401574,51.038027328121466,50.83432877032985,51.029945373535156,61100
2019-05-28,50.96528024136814,51.0525813901634,50.544947658081014,50.593448638916016,42300
2019-05-29,50.18524518563532,50.24587064641861,49.99124741137563,50.18120574951172,46700
2019-05-30,50.31862001045754,50.415618896484375,50.22162112443071,50.415618896484375,63300
2019-05-31,49.760871016440355,50.035703754599396,49.723686620907365,50.011451721191406,146900
2019-06-03,50.148867233482484,50.35095002882998,50.04378331651094,50.342864990234375,198700
2019-06-04,50.60961231727693,50.8844450235945,50.489169301998345,50.81169509887695,48700
2019-06-05,51.078450902392426,51.078450902392426,50.799578716174736,50.8682861328125,66000
2019-06-06,50.98144088862789,51.18352365830963,50.950725763066366,51.01377487182617,148200
2019-06-07,51.514942972657835,51.831002593255235,51.514942972657835,51.71702575683594,58100
2019-06-10,51.87060697776591,51.99670520290907,51.8188775351826,51.91102600097656,57100
2019-06-11,52.355608020189024,52.355608020189024,52.04844439073361,52.129276275634766,120800
2019-06-12,51.92719080270983,51.99185877412777,51.70085906982422,51.70085906982422,46600
2019-06-13,51.90294402763611,51.90294402763611,51.69277927880837,51.749359130859375,62600
2019-06-14,51.44219789069998,51.45594122343143,51.272449076056446,51.36783218383789,300200
2019-06-17,51.38760147410902,51.52430596857712,51.35877842656915,51.42053985595703,75200
2019-06-18,51.87345886492031,52.12462924880984,51.87345886492031,52.120513916015625,73800
2019-06-19,52.18640521508711,52.50757716592945,52.178171406221765,52.458168029785156,81800
2019-06-20,53.00993406353684,53.04287558604902,52.74640816639239,52.8946418762207,93900
2019-06-21,52.63934055046611,52.85345728051843,52.59816522283332,52.65581130981445,46200
2019-06-24,52.836991375728125,52.869926612540375,52.771108336198694,52.82875442504883,89100
2019-06-25,52.804055881846296,52.82052350213167,52.45817616779823,52.499351501464844,77100
2019-06-26,52.64758521584593,52.688760549512544,52.499351501464844,52.499351501464844,71300
2019-06-27,52.680522328357256,52.72993146802946,52.64675774079387,52.70522689819336,75400
2019-06-28,52.90287560100957,52.99181708863561,52.8452295040211,52.96052169799805,48600
2019-07-01,53.46285523880028,53.48673673835978,53.115332612219134,53.2899169921875,67800
2019-07-02,53.33109809868365,53.43815331866355,53.288273497510865,53.33932876586914,89500
2019-07-03,53.70168465856826,53.80873988947677,53.65227551860321,53.75933074951172,41700
2019-07-05,53.26521242595021,53.331095457884146,53.00086351448841,53.2899169921875,40100
2019-07-08,53.02639990925398,53.10051990316486,52.92757534502373,53.05934143066406,56400
2019-07-09,52.57346016255528,52.79581069946289,52.55698940336107,52.79581069946289,52400
2019-07-10,52.96050702544562,53.06756852087268,52.81227334812105,52.9358024597168,74400
2019-07-11,53.03463039572379,53.042867345810464,52.78757215673957,52.91933822631836,31700
2019-07-12,52.9440496729139,53.00169576510686,52.855931259507216,52.98522186279297,45900
2019-07-15,53.092278704556975,53.092278704556975,52.99345414823294,53.042869567871094,75500
2019-07-16,52.91110346246869,52.976986499980306,52.753809752369186,52.7711067199707,108300
2019-07-17,52.944049104771416,52.944049104771416,52.758758544921875,52.758758544921875,39700
2019-07-18,52.524046715004594,52.850986408439056,52.44334219578395,52.845218658447266,50300
2019-07-19,52.828755438876215,52.89463847966999,52.688755547927585,52.72993087768555,115600
2019-07-22,52.81228492866724,52.8518172688632,52.69534660766799,52.804054260253906,55000
2019-07-23,53.125213623046875,53.17379968694846,52.996739830901554,53.125213623046875,75300
2019-07-24,53.042870436292276,53.19933479934329,53.042870436292276,53.1663932800293,69300
2019-07-25,53.051103873674904,53.051103873674904,52.6228766661402,52.72169494628906,57800
2019-07-26,52.79581128829949,52.878985010460354,52.75051748537929,52.7711067199707,58300
2019-07-29,52.94405101851248,52.94405101851248,52.77934340595158,52.8946418762207,50900
2019-07-30,52.35934828894604,52.35934828894604,52.194643833091696,52.268760681152344,151000
2019-07-31,52.34287536780311,52.44169678064458,51.6099407265904,51.98876190185547,56100
2019-08-01,52.03817322951595,52.507578887130514,51.675825939516905,51.84053039550781,184200
2019-08-02,51.62641480495715,51.62641480495715,51.20642141727046,51.33818435668945,74600
2019-08-05,50.679365970530576,50.679365970530576,49.971139044653334,50.14407730102539,103900
2019-08-06,50.473486161990266,50.59701214153939,50.11937269929259,50.481719970703125,121000
2019-08-07,50.308786041361415,50.80289628500696,50.135847770233106,50.79466247558594,152100
2019-08-08,50.868778173255144,51.33488842794194,50.868778173255144,51.2064208984375,125700
2019-08-09,51.06641716400116,51.074654114091494,50.753482173040545,50.934654235839844,49100
2019-08-12,50.646433690739634,50.75843361518643,50.34996625918197,50.448787689208984,84300
2019-08-13,50.33348675872275,50.95936303701243,50.31701599966502,50.860538482666016,72300
2019-08-14,49.96290705017505,50.01231933181504,49.54291365140235,49.5511474609375,346200
2019-08-15,49.740553619711655,49.80231503744535,49.4523200572252,49.69937515258789,255100
2019-08-16,49.962910282028595,50.308789992929086,49.962910282028595,50.30055618286133,138800
2019-08-19,50.73700770668587,50.73700770668587,50.59700783866484,50.6217155456543,320000
2019-08-20,50.62995756290192,50.62995756290192,50.402665470599956,50.41584396362305,93500
2019-08-21,51.0087711510351,51.01700810113702,50.844069846708756,50.8687744140625,64900
2019-08-22,50.86053634401771,50.914067094073445,50.54101368445676,50.761714935302734,62600
2019-08-23,50.597015430065014,50.942895106530095,50.1276097660223,50.168785095214844,120100
2019-08-26,50.53936768560569,50.760895158984134,50.40760475161939,50.62995529174805,84500
2019-08-27,50.728780016257744,50.82760457930159,50.54760793363006,50.588783264160156,70600
2019-08-28,50.40760313908688,50.6628951899144,50.292310968221564,50.57230758666992,93400
2019-08-29,51.017010239680566,51.091127086324676,50.91818882464714,50.96759796142578,118600
2019-08-30,51.28053833827777,51.31183058350047,50.943718675990574,51.18171691894531,136300
2019-09-03,50.88524680254064,51.08288963065276,50.84407147514029,51.01700973510742,159100
2019-09-04,51.64288170676456,51.791115395220736,51.58523562141784,51.76641082763672,104500
2019-09-05,52.18640193745895,52.276989536668836,52.00522988051508,52.071109771728516,164900
2019-09-06,52.24405568202455,52.362643273370935,52.220174178688964,52.25229263305664,47200
2019-09-09,52.40052354176663,52.40052354176663,52.267111330564674,52.33464050292969,123000
2019-09-10,52.26876872631093,52.49111930471685,52.19053339090607,52.46641159057617,190200
2019-09-11,52.57346674414425,52.804054260253906,52.5569959828881,52.804054260253906,97100
2019-09-12,52.71346066307661,53.13345089081111,52.71346066307661,53.042869567871094,195400
2019-09-13,53.35580855340379,53.50239612385669,53.306399413030825,53.34345626831055,46200
2019-09-16,53.06757454771829,53.08404216575718,52.8781623840332,52.8781623840332,136300
2019-09-17,52.861692611026776,53.20756912231445,52.861692611026776,53.20756912231445,158100
2019-09-18,53.0511032992016,53.14169091032558,52.82875588832169,53.10874938964844,68200
2019-09-19,53.32286893874558,53.44227645990061,53.26522284526506,53.29816436767578,183300
2019-09-20,53.331102059860335,53.38215733201075,53.11698532104492,53.11698532104492,65500
2019-09-23,52.836989787743576,53.042869567871094,52.762869799762484,53.042869567871094,164500
2019-09-24,53.12522004376481,53.17874451400951,52.82298490857868,52.90286636352539,124100
2019-09-25,52.54051431347716,52.73816026604041,52.40051758407991,52.66404342651367,63400
2019-09-26,52.94404220581055,52.97780678954384,52.795808520656195,52.94404220581055,341800
2019-09-27,52.911103156662705,52.95886615954928,52.606401963622865,52.69287109375,104300
2019-09-30,52.70522969271698,52.88640492505817,52.68546666409549,52.804054260253906,256200
2019-10-01,52.746410983008985,52.746410983008985,52.2522975433705,52.35935592651367,124800
2019-10-02,51.70877022750957,51.70877022750957,51.1932476715935,51.30524444580078,74900
2019-10-03,51.3299482968045,51.64288330078125,51.16277150266284,51.64288330078125,59200
2019-10-04,51.708772280359604,52.11229493661196,51.692301519077155,52.104061126708984,76800
2019-10-07,52.05464180849919,52.30993386166378,52.0513495415735,52.079349517822266,63400
2019-10-08,51.76641330294412,51.778765587326774,51.494650480620955,51.51523971557617,119100
2019-10-09,51.881700231204405,51.98546317929429,51.74993730865721,51.93934631347656,110700
2019-10-10,51.90641345143296,52.30170228497806,51.8677104622232,52.2934684753418,107700
2019-10-11,53.07580889110478,53.405217821267314,53.07580889110478,53.19110107421875,201400
2019-10-14,52.960515254338596,53.08322131833929,52.944047635611206,53.00169372558594,107800
2019-10-15,53.19933223691804,53.77579937271802,53.19933223691804,53.66050720214844,90700
2019-10-16,53.5781502663541,53.80050394027548,53.479331996124216,53.66050720214844,1544700
2019-10-17,53.95697197732263,53.99815044802944,53.66874153123246,53.79227066040039,193600
2019-10-18,53.77580567151919,53.90756547490951,53.61109806359026,53.751094818115234,232900
2019-10-21,54.228731012116015,54.228731012116015,54.068968107035296,54.15461730957031,111700
2019-10-22,54.15461788571037,54.335793093352336,54.00638419608987,54.03932571411133,76000
2019-10-23,54.129916568418125,54.33579635620117,54.105205716204054,54.33579635620117,347400
2019-10-24,54.50049870084691,54.50049870084691,54.29132664200574,54.418148040771484,176600
2019-10-25,54.25343647702697,54.49225777187799,54.25343647702697,54.45931625366211,109600
2019-10-28,54.56637574737196,54.71460943240368,54.55813879738354,54.65696334838867,65600
2019-10-29,54.50873271222366,54.72284316028282,54.50873271222366,54.63225555419922,178800
2019-10-30,54.65697141118556,54.9452018737793,54.4346177093612,54.9452018737793,76900
2019-10-31,54.780491035341036,54.780491035341036,54.5581436295762,54.73931884765625,134900
2019-11-01,55.15108049808312,55.26637268066406,55.108255892280845,55.26637268066406,202300
2019-11-04,55.61225408047189,55.61225408047189,55.42284817097191,55.529903411865234,274400
2019-11-05,55.47225731554525,55.529903411865234,55.32402359887195,55.529903411865234,102900
2019-11-06,55.48048060778537,55.52988974019399,55.343776144033235,55.4063606262207,114500
2019-11-07,55.71930515611472,55.7868280423252,55.596599101616654,55.61224365234375,57000
2019-11-08,55.398131903980065,55.56283950805664,55.36519666611741,55.56283950805664,298500
2019-11-11,55.291083096987236,55.52166748652992,55.291083096987236,55.43107986450195,55400
2019-11-12,55.464003791418996,55.58753289889571,55.356948582513255,55.45988845825195,188700
2019-11-13,55.13460440265275,55.33225352174522,55.13460440265275,55.32401657104492,99500
2019-11-14,54.99461525019187,55.17249822535,54.982262963911815,55.14284896850586,95300
2019-11-15,55.27460583590489,55.47966255004648,55.27460583590489,55.44754409790039,100600
2019-11-18,55.42283352673663,55.625414735731766,55.365187445648324,55.505184173583984,142200
2019-11-19,55.72753012958376,55.72753012958376,55.398950617221615,55.48212432861328,93600
2019-11-20,55.175782851791276,55.296019713340165,54.92872459449779,55.05225372314453,258300
2019-11-21,55.06872632547741,55.10166784453629,54.88260642864712,55.02013397216797,84100
2019-11-22,55.216970157934895,55.216970157934895,55.011090338230375,55.093441009521484,185600
2019-11-25,55.37343274344529,55.5710818876452,55.37343274344529,55.529903411865234,80600
2019-11-26,55.48871994394891,55.595781458163536,55.47225232489042,55.579307556152344,88300
2019-11-27,55.62048984329922,55.727545081904175,55.57108069978203,55.669898986816406,223600
2019-11-29,55.35695547675907,55.46401069899764,55.28695710649321,55.31248474121094,82100
2019-12-02,55.24166588427073,55.28449048834715,54.80931707553965,54.961666107177734,102200
2019-12-03,54.47579539044096,54.88755498328941,54.40991234767654,54.844730377197266,138900
2019-12-04,55.151078892129,55.34048477958833,55.13460499055273,55.299312591552734,168100
2019-12-05,55.38166074557455,55.38166074557455,55.1922485837301,55.27872085571289,112100
2019-12-06,55.73578465769954,55.818135328423246,55.6616646559808,55.809898376464844,105800
2019-12-09,55.694607392344416,55.776964347813006,55.48872756958008,55.48872756958008,95600
2019-12-10,55.48871994394891,55.66165821735018,55.373427761681384,55.579307556152344,70200
2019-12-11,55.562842728577536,55.90048234133754,55.562842728577536,55.859310150146484,189400
2019-12-12,55.76872834969911,56.22413568150783,55.76872834969911,56.11460494995117,65000
2019-12-13,56.51811997638289,56.8063567204107,56.41930169427309,56.567535400390625,139000
2019-12-16,57.130776741651474,57.25539073182474,57.10585521124298,57.15819549560547,171300
2019-12-17,56.90647628502035,57.00616874418104,56.823402404785156,56.823402404785156,231400
2019-12-18,56.78186909277879,56.83171849739184,56.648952136117586,56.723716735839844,87500
2019-12-19,56.66555216682694,56.84831848871297,56.624018399753865,56.78850555419922,157800
2019-12-20,57.0310928992944,57.0310928992944,56.823405020082205,56.85247802734375,137800
2019-12-23,56.87324021434886,56.972932664305226,56.825888043605396,56.95631408691406,194900
2019-12-24,56.923092117615084,56.923092117615084,56.815096700308004,56.87324905395508,50000
2019-12-26,56.96463453928813,57.11417007446289,56.96463453928813,57.11417007446289,148700
2019-12-27,57.31354351028978,57.38000515062944,57.16400798859099,57.22216033935547,67200
2019-12-30,57.296930494069585,57.330161313789816,56.823402404785156,56.823402404785156,164400
2019-12-31,56.889870817118734,57.122480244722354,56.715407408284484,57.10586166381836,138400
2020-01-02,57.53785867018727,57.65416338931881,57.38832312585645,57.600162506103516,116600
2020-01-03,56.90647201948368,57.261204496823424,56.90647201948368,56.9230842590332,219000
2020-01-06,56.85663713831334,57.20139978624584,56.85663713831334,57.18062973022461,62400
2020-01-07,57.10584959278351,57.13575922920948,56.94884143140523,56.95631408691406,104400
2020-01-08,56.93970170763305,57.28030648575186,56.93970170763305,57.089237213134766,112300
2020-01-09,57.18061620475814,57.27199935913086,57.10584528839422,57.27199935913086,214000
2020-01-10,57.230467290874145,57.28031035002719,56.95631778927113,56.981239318847656,166900
2020-01-13,57.072618929877024,57.34676841439789,57.03191545760642,57.31353759765625,97500
2020-01-14,57.23877656232776,57.4879981961462,57.23877656232776,57.47138595581055,77600
2020-01-15,57.36338109289875,57.48798872020316,57.33015027957438,57.40491485595703,746300
2020-01-16,57.504620206732945,57.67907726225738,57.457268030099954,57.65415573120117,109800
2020-01-17,57.80368324631923,57.911678645309145,57.69651180424396,57.8369140625,302300
2020-01-21,57.57938618075296,57.620926292263505,57.39661983111641,57.43815994262695,132600
2020-01-22,57.65416265339322,57.67576300640362,57.47139628619605,57.52954864501953,97000
2020-01-23,57.34676926153103,57.44646171322862,57.02443730631884,57.413230895996094,138000
2020-01-24,57.6375343141745,57.6375343141745,57.09755093285811,57.23877716064453,140200
2020-01-27,56.175411584584715,56.30001922327062,55.992645263671875,55.992645263671875,251300
2020-01-28,56.22526301441917,56.51602477821011,56.164619776142295,56.499412536621094,155000
2020-01-29,56.55755431207346,56.68216828414477,56.43709181509022,56.491092681884766,106500
2020-01-30,56.06740858330144,56.532633663721285,55.976025424904506,56.482784271240234,143400
2020-01-31,55.96773248218278,55.96773248218278,55.3920210165912,55.5523567199707,221300
2020-02-03,55.67697078984427,55.95942963650441,55.63543701171875,55.63543701171875,120100
2020-02-04,56.50771796261567,56.69048431875296,56.49941501052316,56.6074104309082,141200
2020-02-05,57.147398908216886,57.21386055223233,56.96795373700142,57.18062973022461,197200
2020-02-06,57.32184883300876,57.37086159566179,57.213853428528594,57.355079650878906,118600
2020-02-07,56.98123520776545,56.99785378503788,56.756935119628906,56.756935119628906,124500
2020-02-10,56.698798487235656,56.9314079284668,56.698798487235656,56.9314079284668,551900
2020-02-11,57.205545275107525,57.353420199219485,57.12247139784828,57.188926696777344,119700
2020-02-12,57.43814457608765,57.47968467648489,57.34676142571729,57.46306610107422,115200
2020-02-13,56.906480592915486,57.180630122762786,56.7569450619198,56.99786376953125,155900
2020-02-14,57.03108500891389,57.03108500891389,56.8150878697402,56.95631408691406,160600
2020-02-18,56.61571414809404,56.75777067246901,56.54925250910793,56.6240234375,126200
2020-02-19,56.88155475476287,56.93970710474058,56.798480874527684,56.823402404785156,214900
2020-02-20,56.66556686795281,56.77439892951788,56.20865728282882,56.503570556640625,288100
2020-02-21,56.32494738646478,56.37479044220225,56.11725953671842,56.21694564819336,98300
2020-02-24,54.08192531811339,54.40591791964104,53.99885142969399,54.07361602783203,254900
2020-02-25,54.24807697093161,54.33032056040324,53.093329692291825,53.20132827758789,215900
2020-02-26,53.66654762182901,53.965618679966255,53.22625032460785,53.29437255859375,142800
2020-02-27,52.36226666666394,52.91471718144732,51.573055267333984,51.573055267333984,244300
2020-02-28,50.55953741092724,51.573055267333984,50.130037130888255,51.573055267333984,248600
2020-03-02,51.415216975361304,52.129663871729576,50.90845798286446,52.06985092163086,293700
2020-03-03,52.4951855406529,52.93548598555574,51.236597539672076,51.6561279296875,374100
2020-03-04,52.478576624602304,53.13902578915219,52.07234041383327,53.09333419799805,177900
2020-03-05,51.780740813771075,52.21272879079111,51.44012966766639,51.71427917480469,409600
2020-03-06,50.79215170503493,51.16516025909979,50.40169744363782,50.900150299072266,215100
2020-03-09,47.85959668349041,48.47850569289648,45.6913346589862,46.912540435791016,389200
2020-03-10,48.81495818994875,48.906341364703074,47.1002877277332,48.8066520690918,323500
2020-03-11,47.42760315234053,47.55221714467922,45.89985056425722,46.28947448730469,442900
2020-03-12,42.82523883328978,42.999695886256106,40.590518457829255,41.18035125732422,676400
2020-03-13,43.96337000161291,43.96337000161291,41.17703242781538,43.53968811035156,846000
2020-03-16,37.40042919826649,40.48667084121725,37.40042919826649,39.111778259277344,872300
2020-03-17,39.585314691206605,41.02251456743065,38.8708678138669,40.74005889892578,1010300
2020-03-18,38.497027240539325,39.44325321233301,37.55827709470789,38.555179595947266,466200
2020-03-19,38.55517396972057,40.607131028172084,38.24530277178979,39.36100387573242,826500
2020-03-20,40.63206152014336,40.7400601178498,38.75456425736599,38.94563674926758,763900
2020-03-23,39.10347212756236,39.319469288240334,38.181337472583124,38.34748840332031,1222300
2020-03-24,41.07234865790406,41.952946295262116,40.789893051133745,41.7203369140625,379400
2020-03-25,42.12740447190269,44.02151989703172,41.61233946998565,43.06615447998047,339100
2020-03-26,43.4233818944037,44.99350174437787,43.34030484179906,44.899627685546875,372800
2020-03-27,43.39015010785089,44.46182029461268,43.057851412023155,43.81383514404297,364400
2020-03-30,43.930138649997,44.719353180832115,43.63106761354871,44.661197662353516,296700
2020-03-31,44.104597891835105,44.53658905829433,43.63937590432543,44.162750244140625,532600
2020-04-01,42.7006323324544,43.1824665992795,42.16894866107164,42.22710418701172,295300
2020-04-02,42.22710017980105,43.066157798696445,42.098331542599844,42.891700744628906,268900
2020-04-03,42.33509728861498,42.368328110453824,41.69541822901242,41.986183166503906,308600
2020-04-06,43.506455789189175,44.3953596533627,43.39846037437351,44.162750244140625,201100
2020-04-07,45.683026517180856,45.78271581014321,44.37043762207031,44.37043762207031,289800
2020-04-08,44.63628065923729,45.01842561387057,44.32640941660514,44.78581619262695,1092100
2020-04-09,45.69133665571655,45.99871385133477,45.309191691535425,45.849178314208984,709500
2020-04-13,45.832559208374875,45.98209473344833,45.04833275050069,45.442108154296875,477100
2020-04-14,46.098400086249725,46.5470034678773,46.015323038492525,46.24793243408203,972300
2020-04-15,45.00180820607897,45.11811608060671,44.65289408969237,44.85227584838867,818600
2020-04-16,44.89380943029617,44.91873095986833,44.329728481958846,44.79411697387695,776000
2020-04-17,45.890718428239516,46.02446884879633,45.4504179382288,45.849178314208984,1404700
2020-04-20,45.342414321751015,45.982090130563634,45.28425880643013,45.31748962402344,397800
2020-04-21,44.67782013480032,44.92704815061587,44.24998356688462,44.44355010986328,245800
2020-04-22,45.176272816935196,45.25934670916468,44.9353540927775,45.15134811401367,302200
2020-04-23,45.18457048559591,45.8234191820075,44.84396252066915,44.90211486816406,208300
2020-04-24,45.251030482148714,45.51271603639147,44.977711289763356,45.42548751831055,187000
2020-04-27,45.75779301494024,46.22301181528816,45.724562195182415,46.090091705322266,240600
2020-04-28,46.995610756831034,47.09945469135984,46.3725471496582,46.3725471496582,260100
2020-04-29,47.444215477001954,47.8014388514706,47.32791078188477,47.56052017211914,229400
2020-04-30,47.08699527899709,47.16176304076839,46.45728612362186,46.646697998046875,209100
2020-05-01,46.08178557689066,46.18147486708137,45.53348972724366,45.70794677734375,379700
2020-05-04,45.36733959232975,45.633179816872435,45.14054542322647,45.57502746582031,264200
2020-05-05,45.923945716758986,46.09009666435961,45.633183935257186,45.64979934692383,253400
2020-05-06,46.09009789587717,46.13163484162075,45.33411407470703,45.33411407470703,306200
2020-05-07,46.03194568402811,46.258739880378755,45.832563907134364,46.048561096191406,328500
2020-05-08,46.671622534960754,46.862695012001645,46.56362394565393,46.77962112426758,263400
2020-05-11,46.52208180407732,46.92084212496729,46.51377568385819,46.76300048828125,167300
2020-05-12,46.920846363136455,46.963213601304986,46.19809341430664,46.19809341430664,225500
2020-05-13,46.47223948519013,46.47223948519013,45.59995101179273,45.741180419921875,284500
2020-05-14,44.84397497197202,45.53017603200672,44.536597740000865,45.45873260498047,305200
2020-05-15,45.309188342166316,45.608259394309805,45.17626822666538,45.516876220703125,228500
2020-05-18,46.53039189037544,47.39686829843642,46.53039189037544,47.24483871459961,161100
2020-05-19,46.978992316677946,47.17837405250107,46.621768951416016,46.621768951416016,119500
2020-05-20,47.518990714602644,47.83384373608474,47.452529067463956,47.63945007324219,173200
2020-05-21,47.386069166008106,47.5854477633037,46.912541036098986,47.062076568603516,128200
2020-05-22,46.82115855113132,46.96238479554922,46.605161370289494,46.954078674316406,103100
2020-05-26,48.28328593037462,48.52420467403955,48.20851815368778,48.34143829345703,170700
2020-05-27,48.95618507288537,48.95618507288537,48.41619534212355,48.84818649291992,137800
2020-05-28,49.51279672753394,49.8783294791904,49.321724229652624,49.39649200439453,214000
2020-05-29,49.28018269718951,49.28018269718951,48.65711902198661,49.14726257324219,173300
2020-06-01,49.58755527830057,50.30200206647822,49.47955986636892,50.27708053588867,572800
2020-06-02,50.45985357112621,50.8170738435342,50.45985357112621,50.74895477294922,201300
2020-06-03,51.415214221242884,52.10473954631242,51.415214221242884,51.955204010009766,144200
2020-06-04,51.697667879589076,52.07815223647723,51.63536088036553,51.7890510559082,382900
2020-06-05,52.80256319778003,53.00692671038965,52.5533352280238,52.59487533569336,327000
2020-06-08,52.95210026905903,53.350860595703125,52.65302923180962,53.350860595703125,337700
2020-06-09,52.42872658239469,52.78594997349555,52.33734341224348,52.62810516357422,124500
2020-06-10,52.77763918447589,52.91886858044208,52.28749569682613,52.48687744140625,267200
2020-06-11,51.07461317785617,51.24076414855342,49.52110841532922,49.612491607666016,640600
2020-06-12,51.0081484017204,51.02476064458227,49.76617250492022,50.493080139160156,177700
2020-06-15,49.59972688028543,50.81602386183214,49.40679749974355,50.648258209228516,154300
2020-06-16,51.66323631437191,51.79073808370532,50.91919760511765,51.34029006958008,133800
2020-06-17,51.71356643281063,51.82261138713867,51.4535295112346,51.470306396484375,147700
2020-06-18,51.08445219551976,51.40320344412868,51.000567761782705,51.24382781982422,118600
2020-06-19,51.81423167444774,51.81423167444774,50.90829894547911,50.9586296081543,192600
2020-06-22,51.29415450923986,51.64645950407066,51.176716311099206,51.60451889038086,150200
2020-06-23,52.13298065540391,52.25880249906278,51.81422622504665,51.85616683959961,111800
2020-06-24,51.277382258241865,51.36126349320266,50.40500333524798,50.62309646606445,168500
2020-06-25,50.589538160626915,51.294151306152344,50.35298825039504,51.294151306152344,92000
2020-06-26,51.168334254791404,51.168334254791404,50.46372099935381,50.57276916503906,280400
2020-06-29,50.77408309222317,51.00895629989221,50.51572608363748,50.94184875488281,112500
2020-06-30,50.59792846798778,51.126389163288245,50.564374696887874,50.81602478027344,184100
2020-07-01,50.832801648790564,51.252214214209175,50.807637918821904,51.12639236450195,240900
2020-07-02,51.81422530985489,52.05748534977463,51.617939269382966,51.68840026855469,265500
2020-07-06,52.43495072181681,52.518835143942184,52.25041139286804,52.49367141723633,194500
2020-07-07,52.00715300619936,52.18750051961863,51.67162170685908,51.68001174926758,162000
2020-07-08,51.7051777611271,52.13298034667969,51.596129604044165,52.13298034667969,846100
2020-07-09,52.0910376196642,52.0910376196642,51.19349501538628,51.56258010864258,356800
2020-07-10,51.797448119378195,52.12458938499607,51.60451873708723,52.032318115234375,107800
2020-07-13,52.367850351371985,52.67318135139508,51.69008080854144,51.75550842285156,131500
2020-07-14,51.831006265070386,52.56078324226723,51.77228876115018,52.47690200805664,220700
2020-07-15,53.33249708650951,53.45831892142916,52.94747350402924,53.07246017456055,122400
2020-07-16,52.778877561062906,53.005360738374456,52.690801303196864,52.81243133544922,554600
2020-07-17,52.904694528137455,53.11440078620043,52.79984139910597,53.07246017456055,113000
2020-07-20,53.16474072522414,53.39961075131801,52.98019816194232,53.3912239074707,119000
2020-07-21,53.6680290252997,53.85256836971184,53.50026336685467,53.51704025268555,196400
2020-07-22,53.525423289720074,53.73093451448789,53.39121142050346,53.6512451171875,143100
2020-07-23,53.542212946926064,53.70997542357241,53.10182844606908,53.22765350341797,184900
2020-07-24,52.921480410703055,53.10602297313152,52.812432242007674,52.91309356689453,110600
2020-07-27,53.475104205706614,53.73933618028311,53.4415504311788,53.600929260253906,95600
2020-07-28,53.399606173633295,53.6428662225851,53.29642976393082,53.307334899902344,198200
2020-07-29,53.59253281167683,53.944837802521654,53.47425945044517,53.869346618652344,193400
2020-07-30,52.585944202135295,53.15634552433558,52.21602394692676,53.10601806640625,1054300
2020-07-31,52.686605393236675,52.686605393236675,51.60368188790455,51.956825256347656,1140500
2020-08-03,52.40979427316595,52.904701232910156,52.34268992601051,52.904701232910156,133500
2020-08-04,52.70338466991901,53.198288426778745,52.68660778326655,53.181514739990234,128800
2020-08-05,53.642866523792684,53.76029832756804,53.34927581483078,53.40799331665039,161700
2020-08-06,53.164738746348874,53.517043772376326,53.03891369427393,53.416385650634766,224600
2020-08-07,52.96341445964481,53.24022826895024,52.88792007527639,53.23183822631836,353100
2020-08-10,53.257011403563226,53.38283325903214,53.097632573492895,53.32411575317383,161300
2020-08-11,54.25520012859392,54.33069130515636,53.58414078251088,53.6512451171875,116900
2020-08-12,54.67461776455144,54.99756720515255,54.57395645326961,54.8088264465332,153000
2020-08-13,54.708175821322314,54.85916460021124,54.3743212191819,54.481689453125,611400
2020-08-14,54.15454376851989,54.284560628726275,54.03710877222205,54.14616012573242,149200
2020-08-17,54.498469988177895,54.63267868177969,54.48588812314422,54.599124908447266,870100
2020-08-18,54.808835487350805,54.84742584955776,54.44311020890292,54.58235549926758,278000
2020-08-19,54.867560350885306,54.92627785990963,54.34748641400659,54.372650146484375,309300
2020-08-20,53.894516266798,54.33909257547035,53.84251207660581,54.23843765258789,299300
2020-08-21,53.6177019960563,53.96162337906648,53.59169990117036,53.94484329223633,261400
2020-08-24,54.76689332078415,54.76689332078415,54.448142076362224,54.6578483581543,252800
2020-08-25,54.959817826104754,54.96820786904223,54.431360316141465,54.7165641784668,193500
2020-08-26,54.76689298850692,55.135978090134586,54.73753103736481,55.068870544433594,132800
2020-08-27,55.07725784502593,55.07725784502593,54.263596493168805,54.49846649169922,190200
2020-08-28,54.78366820741193,54.926273345947266,54.56977009920088,54.926273345947266,993000
2020-08-31,54.708175821322314,54.93465578979178,54.45652572326482,54.481689453125,219900
2020-09-01,54.48168411534084,54.60750915204201,54.301339802526684,54.490074157714844,224100
2020-09-02,54.87593142477431,55.278570251371725,54.70816898019949,55.2534065246582,164900
2020-09-03,55.043707034470636,55.06048072109895,53.76029921679481,53.95323181152344,220200
2020-09-04,54.17970511753174,54.31224346448248,53.156340766251,54.074851989746094,240100
2020-09-08,53.35766006325296,53.83998189012497,53.22344818797436,53.36604690551758,197200
2020-09-09,54.280378860913494,54.59913013851293,54.162943842864834,54.372650146484375,249800
2020-09-10,54.649454029757855,54.73333525595178,53.785465240478516,53.785465240478516,138600
2020-09-11,54.41458465615735,54.569765246369556,54.087443390466674,54.297149658203125,135100
2020-09-14,54.783666091377064,54.85496545802679,54.557186126708984,54.557186126708984,164200
2020-09-15,55.110802912676675,55.15274672482978,54.81721542678652,54.93465042114258,218000
2020-09-16,55.07725554262684,55.30373548896289,54.842379154187505,54.93465042114258,166500
2020-09-17,54.57395237044537,55.01014495363988,54.523624918433256,54.9514274597168,194800
2020-09-18,54.85916567760779,54.85916567760779,54.33909178461474,54.53202438354492,240700
2020-09-21,53.29894974669349,53.29894974669349,52.53561900325838,53.181514739990234,411700
2020-09-22,53.198288426778745,53.198288426778745,52.67821774000836,53.181514739990234,236900
2020-09-23,53.416377977864954,53.433154862389365,52.63627044672913,52.661434173583984,355600
2020-09-24,52.527229764076864,52.94328887975328,52.24202908634718,52.57756042480469,335000
2020-09-25,52.17491612208318,52.7771912233019,51.98785850373942,52.77048110961914,184200
2020-09-28,53.49188276488722,53.6109945083606,53.38031950096612,53.609317779541016,124200
2020-09-29,53.592534638992625,53.76029709757388,53.39121840874961,53.51704025268555,146800
2020-09-30,53.38283479723967,53.70158606683688,53.1521597889678,53.24862289428711,373700
2020-10-01,53.58414672798906,53.6764179982879,53.332499845269126,53.64286422729492,193400
2020-10-02,52.98019633190889,53.62609208122072,52.98019633190889,53.500267028808594,378000
2020-10-05,53.94484508358904,54.30554016567902,53.94484508358904,54.28037643432617,131200
2020-10-06,54.41458048973261,54.44813425796858,53.6848004299858,53.81901550292969,235500
2020-10-07,54.17132704973832,54.280372009955194,54.00355818818042,54.21326446533203,894800
2020-10-08,54.448142528043206,54.61590499497742,54.39780866818063,54.599124908447266,199600
2020-10-09,54.81722334175143,54.984992214860526,54.72495206147346,54.96821212768555,340500
2020-10-12,55.10241730535868,55.3205072015427,55.04201668207724,55.270179748535156,121800
2020-10-13,54.80044709383822,54.842384510359935,54.599124455513795,54.6578483581543,106200
2020-10-14,54.85916935115805,54.94808077771547,54.536219857285836,54.58235549926758,198300
2020-10-15,53.45831896074104,53.928062131098415,53.449932118352315,53.894508361816406,187200
2020-10-16,54.070671220288816,54.33909502629537,54.01195371271639,54.1545524597168,187100
2020-10-19,54.439751920206206,54.48672592243887,53.86935057892623,53.95323181152344,204800
2020-10-20,54.23842909848297,54.4900727657297,54.13776779174805,54.13776779174805,201000
2020-10-21,54.12938279126731,54.406196610775844,53.95323028786942,53.96162033081055,265800
2020-10-22,53.89451003726712,54.09582625949046,53.642863159556114,53.970001220703125,170900
2020-10-23,54.29630244944162,54.381028436793834,54.04549714357764,54.33908462524414,187000
2020-10-26,53.70158512778264,53.76869267801753,53.097633174989255,53.3912239074707,358100
2020-10-27,53.340885151664516,53.340885151664516,52.93405448971811,52.96341323852539,198600
2020-10-28,51.75551011597123,51.91488573550224,51.36293801754042,51.38642501831055,308300
2020-10-29,51.40320311333394,51.76389817642219,51.12639248344292,51.587745666503906,324600
2020-10-30,51.327701875090874,51.42920154573754,50.98378374452867,51.294151306152344,316000
2020-11-02,51.889719696975746,52.04070846659723,51.64897794979496,51.9987678527832,236200
2020-11-03,53.05569255602451,53.60931704600585,53.01123364400069,53.3912239074707,159600
2020-11-04,53.67642360380615,54.44814441791825,53.44994042574708,54.04550552368164,207700
2020-11-05,55.18629700669896,55.39600325475615,54.95478048967878,55.278568267822266,200800
2020-11-06,55.54699232771597,55.65603727342906,55.36244980441163,55.44633102416992,186500
2020-11-09,58.08024550406489,58.08024550406489,56.97299667815472,57.07365798950195,278200
2020-11-10,57.501459198813784,57.90744509224248,57.459515386815745,57.610504150390625,379500
2020-11-11,58.04669647604085,58.13812938803239,57.811826463435736,58.0634765625,197800
2020-11-12,57.57695819337889,57.75730892976971,57.11560179770757,57.24981689453125,201500
2020-11-13,57.585350576440824,58.13561841637247,57.58031399025488,58.0970344543457,160100
2020-11-16,58.74291793719143,58.76808166503906,58.38977458359016,58.76808166503906,149900
2020-11-17,58.541609173802314,58.82261483678428,58.39901043134487,58.684207916259766,146600
2020-11-18,58.768085344235175,58.93585420660149,58.373836517333984,58.373836517333984,171600
2020-11-19,58.36544967843737,58.782347118939214,58.29834213716506,58.75130844116211,515800
2020-11-20,58.793247981909026,58.98618057011574,58.680849565924866,58.944236755371094,347700
2020-11-23,59.128785447207,59.17072926631177,58.63388166035779,58.818424224853516,173000
2020-11-24,59.36364246294083,59.757891237088536,59.29905641936089,59.7159538269043,123800
2020-11-25,59.37202763566755,59.76627637748224,59.25459265721973,59.66561508178711,136900
2020-11-27,59.79144852800298,60.12697982788086,59.79144852800298,60.12697982788086,130500
2020-11-30,59.808233539434646,59.84178091243131,58.78486587038643,58.801639556884766,360000
2020-12-01,59.78306030467319,60.19408919940092,59.74951293341914,60.15214538574219,497000
2020-12-02,59.7998476744272,60.2351955864678,59.7998476744272,60.11859893798828,290900
2020-12-03,60.35347382910087,60.53130949127434,60.15215756218741,60.30314636230469,233100
2020-12-04,60.62188858285014,60.77287736038029,60.563171080462176,60.70577621459961,340700
2020-12-07,60.27798080444336,60.47510524306691,60.11021832038135,60.27798080444336,245300
2020-12-08,60.11860025759211,60.508657301566245,60.11860025759211,60.47090530395508,215700
2020-12-09,60.789664045820615,60.82321782221738,60.16893518180172,60.521240234375,222500
2020-12-10,60.26958250391353,60.72254882850276,60.26958250391353,60.65544128417969,245700
2020-12-11,60.24442915004981,60.4021312663958,60.022140970958766,60.336700439453125,253500
2020-12-14,60.89334579652151,60.90180090811422,60.42805648757617,60.521114349365234,240000
2020-12-15,60.7495368625416,61.13022994995117,60.64802386932699,61.13022994995117,521800
2020-12-16,61.206347603054716,61.42630311740557,61.00331521903714,61.35862350463867,429600
2020-12-17,61.84082587568765,61.96772352871905,61.69701154758401,61.71392822265625,253400
2020-12-18,61.79006812520464,61.83236303915663,61.40092006372023,61.55319595336914,271300
2020-12-21,59.99659727374708,60.83411789424493,59.77664823084295,60.715675354003906,306800
2020-12-22,60.60569706639056,60.648843942980825,60.42804294849273,60.614158630371094,312600
2020-12-23,61.02024549194989,61.307880683160086,61.00755636851403,61.164066314697266,197800
2020-12-24,61.24018897082994,61.30786858532241,61.05407325811729,61.27402877807617,120100
2020-12-28,61.91696817611566,61.959263091707406,61.69954920364146,61.81544876098633,187300
2020-12-29,62.58530000372812,62.58530000372812,62.1369273545433,62.25536346435547,227300
2020-12-30,62.55144944760887,62.72910358180835,62.28919257440533,62.32303237915039,299600
2020-12-31,62.280744754287625,62.280744754287625,61.69701934910142,61.790077209472656,239600
2021-01-04,63.05903810242078,63.05903810242078,61.916972041618266,62.21306228637695,348200
2021-01-05,62.33149532240226,62.89998856441314,62.28919395196471,62.77986145019531,183500
2021-01-06,62.9321358010288,63.762885901625,62.88983443163093,63.48202133178711,248000
2021-01-07,63.47779546451934,63.69351696390608,63.31705800167257,63.57508087158203,246400
2021-01-08,64.0403678697962,64.10804748535156,63.439725803879924,64.10804748535156,254800
2021-01-11,63.05057382295361,63.47779572240662,62.98289421155549,63.31282424926758,215300
2021-01-12,63.31283482340271,63.625848237684416,63.109802409582066,63.583553314208984,273100
2021-01-13,63.50741195678711,63.66137890274048,63.346674466867896,63.50741195678711,392100
2021-01-14,63.70198731929113,64.07844633347332,63.70198731929113,63.95577621459961,787700
2021-01-15,63.1521054026344,63.2620799516243,62.58530307015034,62.982906341552734,516900
2021-01-19,63.48203183909682,63.48203183909682,63.14364019075293,63.4566535949707,627000
2021-01-20,63.52431843578836,63.83733179898296,63.38134961280707,63.78657531738281,218000
2021-01-21,63.88809528829222,63.96423647332717,63.48203048238489,63.89655685424805,440500
2021-01-22,63.34666909851338,63.664755552270414,63.30437417873435,63.592002868652344,337700
2021-01-25,63.32975798762241,63.46934478915708,62.687659991419714,63.465110778808594,839900
2021-01-26,63.532769008452746,63.64274997193497,63.35004183373765,63.60044860839844,901800
2021-01-27,62.36534304728688,62.74856614595452,61.87467548674943,62.018489837646484,442200
2021-01-28,62.246911124373135,62.831482098731776,62.20460974572051,62.44994354248047,300000
2021-01-29,61.73086401122063,61.900056613770495,60.87388998985186,61.19789505004883,533600
2021-02-01,61.959272219948595,61.993112029977205,61.654720383974905,61.9508171081543,423600
2021-02-02,62.28074157441939,62.636049866268465,62.15046186740806,62.57683181762695,248500
2021-02-03,62.576820148321595,62.762935824854765,62.41608270871894,62.72063446044922,263800
2021-02-04,62.52608491982106,62.805252075195305,62.46686040781694,62.80525207519531,270000
2021-02-05,63.075950239573096,63.19438632895327,62.822161385593915,63.160552978515625,314400
2021-02-08,63.63430060491816,63.78149698601663,63.431268220448516,63.66814041137695,261900
2021-02-09,63.71890076175936,63.99807434127833,63.634304467618804,63.94731140136719,262800
2021-02-10,64.13343299998472,64.14274007767855,63.520101743388935,63.676605224609375,355600
2021-02-11,64.05729117682931,64.18418884277344,63.8508702851033,64.18418884277344,1373700
2021-02-12,64.04037225733516,64.54796295449312,63.91348103732949,64.49720001220703,793500
2021-02-16,65.1570507646024,65.23319193989472,64.8694221017451,65.02169799804688,306800
2021-02-17,64.61563659313363,64.7848356448521,64.31108475432426,64.70869445800781,316900
2021-02-18,64.1757428123902,64.37031368689243,63.879652489700966,64.3195571899414,325800
2021-02-19,64.59025254816412,64.81697215739315,64.40837084497073,64.48027801513672,284800
2021-02-22,64.3872209796548,64.74252927945864,64.24340663748897,64.3280029296875,535800
2021-02-23,64.28570947567417,64.63256270698466,63.76120852686107,64.46336364746094,381500
2021-02-24,64.04037225733516,64.68331574059377,63.85002897304283,64.49720001220703,384000
2021-02-25,64.74252511918323,64.90326258203,63.461717845664886,63.57508087158203,482300
2021-02-26,63.329752246639345,63.329752246639345,62.6191291809082,62.6191291809082,399500
2021-03-01,63.38897853331312,63.84580632328936,63.33822204141053,63.803504943847656,748900
2021-03-02,63.75274182974095,63.92193442136453,63.54801195233575,63.72736358642578,440600
2021-03-03,63.55816546038411,63.803499239787534,63.26207519361575,63.355133056640625,283700
2021-03-04,63.40588272086401,63.65967803894512,62.382252792027494,62.70372772216797,369100
2021-03-05,63.09287336907472,63.2113094584549,62.27227585388149,63.160552978515625,297600
2021-03-08,62.881379114893974,63.32974523019621,62.80523794108416,62.90675735473633,511200
2021-03-09,63.58353857003397,63.92192369650668,63.53277563763701,63.7950325012207,1048500
2021-03-10,64.07420767757388,64.17572710090693,63.74427761959569,64.10804748535156,629000
2021-03-11,64.24340320083463,64.5225703047276,64.0699766158208,64.3618392944336,374100
2021-03-12,64.09114165131629,64.54373544155884,64.00654534470208,64.51412963867188,319900
2021-03-15,64.42953736091403,64.62410823286503,64.06914945614628,64.61988067626953,361300
2021-03-16,64.80174354793444,64.8178211668838,64.6156278433884,64.7256088256836,368400
2021-03-17,64.52257707293656,65.14860386680839,64.41344804401946,65.01324462890625,623200
2021-03-18,64.76791566797587,65.21628188187705,64.53104343831369,64.53950500488281,490000
2021-03-19,64.49718569517232,64.74251942319734,64.11649921109216,64.64100646972656,375000
2021-03-22,64.55641192154616,64.86857978332779,64.48196821899087,64.63255310058594,293600
2021-03-23,64.24341605461781,64.3364739259621,63.74005932896942,63.803504943847656,318900
2021-03-24,63.66813703028526,63.93038744856022,63.48202133178711,63.48202133178711,370200
2021-03-25,63.431271139931155,64.03191321008282,63.344977370490376,63.921932220458984,389500
2021-03-26,64.20111111106895,64.8525161743164,64.20111111106895,64.8525161743164,333900
2021-03-29,64.49718550733303,64.69176275805597,64.27723647259867,64.56486511230469,336700
2021-03-30,64.25185619067838,64.54287334860791,64.20109971060657,64.45489501953125,212500
2021-03-31,64.27724382169414,64.52257112277161,64.19264107866537,64.20956420898438,449700
2021-04-01,64.57332771180285,65.12321321601979,64.50564810574606,64.98785400390625,430900
2021-04-05,65.6054355469189,66.05380175435671,65.48276542342948,65.98612213134766,517400
2021-04-06,65.1993581307045,65.37616677254381,65.13167851406116,65.32625579833984,258600
2021-04-07,65.34317509001576,65.50391257240457,65.25096273814904,65.44469451904297,325500
2021-04-08,65.77461774789329,65.88882628687345,65.60542517141258,65.79153442382812,377300
2021-04-09,65.80000639521481,66.03687862146239,65.76616658371029,65.98612213134766,276500
2021-04-12,65.74923499209709,65.76615166687031,65.55465773365039,65.6223373413086,260000
2021-04-13,65.76616558107952,66.062255859375,65.69849241338628,66.062255859375,253400
2021-04-14,66.01994855919416,66.269509857379,65.97764718981787,66.036865234375,327900
2021-04-15,66.4429366419613,66.62059077618385,66.43447507720323,66.61212921142578,199700
2021-04-16,66.84056193857344,67.094350852225,66.72550786632827,67.04359436035156,204000
2021-04-19,67.16203393334536,67.16203393334536,66.79826399620475,67.00975799560547,697200
2021-04-20,66.2314462003317,66.28220268299468,65.63925926737004,65.85921478271484,302100
2021-04-21,65.6477119331659,66.5190658569336,65.6477119331659,66.5190658569336,384800
2021-04-22,66.68827087346156,66.70518754881861,66.1722251422527,66.32450103759766,314400
2021-04-23,66.56137585164771,67.11041589852138,66.49369623897617,66.94206237792969,245100
2021-04-26,66.96746306829611,67.08589919161774,66.90823855235065,67.00975799560547,241600
2021-04-27,66.72210062829664,66.86591493715929,66.62650625936365,66.78131866455078,814400
2021-04-28,66.78134731613795,67.15357236616963,66.71366768730141,67.00975799560547,417900
2021-04-29,67.2297101029333,67.27454801608752,66.64598462925137,67.04359436035156,406300
2021-04-30,66.67135954860225,66.72719555944768,65.94381974805681,66.062255859375,385300
2021-05-03,66.73902525239606,66.9758974256336,66.60705453506124,66.91667938232422,439000
2021-05-04,66.20608113900715,66.33297882520995,65.5885158417719,65.95228576660156,345300
2021-05-05,66.67136011374339,66.95899528244286,66.52754575653569,66.84901428222656,305900
2021-05-06,66.94207510212539,67.3989028930664,66.747504246565,67.3989028930664,266700
2021-05-07,67.54271877910612,68.17720076066765,67.46658403937529,68.10952758789062,368200
2021-05-10,68.40561089026578,68.40561089026578,67.77112897361424,67.881103515625,236400
2021-05-11,66.56983741680243,67.08588316842749,66.48523467382145,66.94206237792969,401100
2021-05-12,66.45140809512331,66.71365855310269,65.67310537863484,65.80000305175781,363300
2021-05-13,65.85075265063719,66.47677938474611,65.85075265063719,66.3667984008789,1231300
2021-05-14,66.98438007032674,67.53426576226856,66.9505402557458,67.44120788574219,391400
2021-05-17,67.06896145601445,67.3396734581406,67.00974340724571,67.29737854003906,239000
2021-05-18,67.84726349614587,67.88110330611023,67.47503849510552,67.52579498291016,214900
2021-05-19,66.62058100765871,67.14508822294302,66.31602926385258,66.92513275146484,752100
2021-05-20,67.33967531032212,67.88109932946631,67.28891882549092,67.84725952148438,371100
2021-05-21,67.97416584230984,68.00800565460027,67.63577417368988,67.77113342285156,357700
2021-05-24,68.0333790757708,68.3506200324271,67.99953926588007,68.244873046875,227600
2021-05-25,68.51557759268029,68.56295203049923,68.19410911523498,68.32100677490234,307600
2021-05-26,68.25332929167323,68.38868206639981,68.16027143529975,68.22795104980469,473200
2021-05-27,68.33792476312479,68.48173910151064,68.18564885945649,68.3802261352539,302600
2021-05-28,68.55788609069508,68.82013654812803,68.54096295869593,68.608642578125,293900
2021-06-01,69.07391516269857,69.09083183631638,68.70168380028466,68.76936340332031,334000
2021-06-02,68.88781598465056,69.08239327642157,68.83197997605564,69.04855346679688,269400
2021-06-03,68.64249018442261,68.73554805813639,68.44791932431889,68.6847915649414,236900
2021-06-04,69.12468349874425,69.30233764648438,69.03162564217324,69.30233764648438,302600
2021-06-07,69.37847588187414,69.54766845703125,69.32771294590059,69.54766845703125,377100
2021-06-08,69.62381251268206,69.65764586568602,69.37424474072402,69.52229309082031,383900
2021-06-09,69.43768389737579,69.46898071123161,69.2261899818411,69.28540802001953,202600
2021-06-10,69.38998449657204,69.56997255710361,69.28713137380724,69.50140380859375,249400
2021-06-11,69.57854344535528,69.62996673583984,69.33855937099315,69.62996673583984,285500
2021-06-14,69.53569490546586,69.72425571255991,69.50141052789637,69.71568298339844,490000
2021-06-15,69.7585436515912,69.86139678955078,69.66426324323076,69.86139678955078,368700
2021-06-16,69.88709951954175,69.95566826943,69.1414290774278,69.31285095214844,413700
2021-06-17,68.9357348996032,69.05572695200023,68.5671860132191,68.92716217041016,308900
2021-06-18,67.70153139253387,67.77010015596072,67.35869411447675,67.48725891113281,525900
2021-06-21,67.83865150682223,68.45575714111328,67.72722566008464,68.45575714111328,789900
2021-06-22,68.19005650044552,68.58431698967243,68.05292554462017,68.46432495117188,303100
2021-06-23,68.31862857730725,68.3486298596804,67.84723310106548,68.00150299072266,298300
2021-06-24,68.45575904717683,68.6271743774414,68.4077622315767,68.6271743774414,478700
2021-06-25,68.74715973674782,68.7728713798817,68.58431061146642,68.71287536621094,274300
2021-06-28,68.50718720393695,68.53289885139516,68.19349464242504,68.3186264038086,285900
2021-06-29,68.46433222496978,68.46433222496978,68.22434812247225,68.35291290283203,248200
2021-06-30,67.7186551515571,67.9243548368412,67.48723728392177,67.73579406738281,398400
2021-07-01,67.81293408873219,67.97577667236328,67.62437332329888,67.97577667236328,390100
2021-07-02,67.99293589465759,68.21577453613281,67.78123330008748,68.21577453613281,382500
2021-07-06,68.19006367374251,68.19863640284456,67.50439574433516,67.7529525756836,600500
2021-07-07,68.0015011410085,68.18149575219856,67.72723266839554,68.13006591796875,312000
2021-07-08,66.98156108102796,67.26440225021618,66.75871592902433,67.1786880493164,408800
2021-07-09,67.89865903808587,68.36148834228516,67.83009028063191,68.36148834228516,212900
2021-07-12,68.32718938387293,68.6357421875,68.26719336867185,68.6357421875,293900
2021-07-13,68.39576575907508,68.52432399236966,68.16863749482003,68.28433990478516,296300
2021-07-14,68.48146607321547,68.62716974801911,68.3271896707542,68.44718170166016,343400
2021-07-15,67.78722440229723,67.89865025351304,67.49581702943445,67.76151275634766,310300
2021-07-16,67.74438176413861,67.74438176413861,67.1358487621956,67.27297973632812,502700
2021-07-19,66.24447334103624,66.3216082865087,65.70450910549968,66.07305145263672,425600
2021-07-20,65.9273425938254,66.66444030858376,65.82449600790855,66.57015991210938,399800
2021-07-21,66.99013533451073,67.59866824811984,66.99013533451073,67.59009552001953,483900
2021-07-22,67.77865299840491,67.81293737005855,67.40153144929015,67.60723114013672,174700
2021-07-23,68.06150216975998,68.19006040474584,67.89008029131875,68.070068359375,1181800
2021-07-26,67.94149202368918,68.16433715820312,67.91578038106736,68.16433715820312,504500
2021-07-27,67.80437681603857,67.88151176180169,67.53010833264231,67.83866119384766,288300
2021-07-28,67.89865995206605,68.25863612493002,67.75295624482254,68.147216796875,370000
2021-07-29,68.69575406550064,68.76432282415684,68.59290092751633,68.61004638671875,244300
2021-07-30,68.3786242818041,68.49861633258031,68.08721688394078,68.1900634765625,357400
2021-08-02,68.73003088657829,68.85002293149275,68.43004423521614,68.55860900878906,322300
2021-08-03,68.86715785484486,69.04714591177569,68.55860503179899,69.0042953491211,317900
2021-08-04,69.0900070727821,69.19286019953225,68.82431133585592,68.85858917236328,337200
2021-08-05,69.24428770485095,69.32999537948419,69.18429167870005,69.27857208251953,204400
2021-08-06,69.09857795204209,69.14142851606742,68.88430551468791,68.98715209960938,281500
2021-08-09,68.98714013552578,69.04627952722971,68.88257379179096,68.97000122070312,332300
2021-08-10,68.94430240135996,69.1242904663086,68.93572967281692,69.1242904663086,281100
2021-08-11,69.53568414073129,69.64710998535156,69.41569210735206,69.64710998535156,202500
2021-08-12,69.53567555746451,69.59567156674841,69.36426025638899,69.56139373779297,234500
2021-08-13,69.8185317466539,70.0499496459961,69.77568118168104,70.0499496459961,271000
2021-08-16,69.49285253279722,69.68997955322266,69.27858005202692,69.68997955322266,279800
2021-08-17,68.98715913971999,69.14143557192187,68.70432446324696,69.01287078857422,334800
2021-08-18,69.00429564919321,69.2785640998627,68.76431157224187,68.81573486328125,244600
2021-08-19,67.90721909215176,68.29290683745472,67.86436199197348,68.15576934814453,315400
2021-08-20,67.89865786753984,68.41291046142578,67.86437348940392,68.41291046142578,251800
2021-08-23,68.75574987286349,69.1071533164592,68.73432131846792,69.04715728759766,294000
2021-08-24,69.0043020725483,69.2879998967369,68.94430604772565,69.21857452392578,432000
2021-08-25,69.05571995887489,69.25285347589322,68.96572265915275,69.20142364501953,800500
2021-08-26,68.9528719265773,69.02830017106855,68.71717746238637,68.75574493408203,400800
2021-08-27,68.85860220863356,69.51856512017442,68.82432436563674,69.4757080078125,271000
2021-08-30,69.44142362573841,69.53570404167283,69.3300042883056,69.4757080078125,301600
2021-08-31,69.53569876879371,69.55284422806923,69.26143027207604,69.37285614013672,339400
2021-09-01,69.92137945989487,70.21278681982427,69.90423400397225,70.03279876708984,348900
2021-09-02,70.30705803752522,70.42533681947305,70.19992183875073,70.32420349121094,293100
2021-09-03,70.38420663635748,70.71847108729493,70.27707042672175,70.64990234375,303900
2021-09-07,70.73560721154973,70.8213148680602,70.64132682766574,70.69275665283203,248800
2021-09-08,70.42706079369297,70.46991789536622,69.98994974418879,70.0927963256836,381300
2021-09-09,70.11851289155435,70.35849698398371,69.93852482223232,70.084228515625,302900
2021-09-10,70.49562769788533,70.52991207051255,69.80138713464129,69.86994934082031,315800
2021-09-13,70.54705833387801,70.54705833387801,70.16137054503912,70.40992736816406,620700
2021-09-14,70.6327740430593,70.6327740430593,70.06794825140042,70.1699447631836,372700
2021-09-15,70.10138059430756,70.34993743896484,69.92139250798539,70.34993743896484,568500
2021-09-16,70.10137212833989,70.3070718394267,69.8870996887273,70.2127914428711,350600
2021-09-17,69.83567017332261,69.96422839437481,69.09857252360514,69.3214111328125,446400
2021-09-20,67.84723310106548,68.18578070182933,67.47011148881097,68.00150299072266,447500
2021-09-21,68.94430573669577,69.09000943359683,68.6443190748596,68.75574493408203,726700
2021-09-22,69.03858338457908,69.58712031262776,69.02143792734732,69.09857940673828,460500
2021-09-23,69.62997346082987,69.96423795941463,69.59568908417037,69.84424591064453,327100
2021-09-24,69.0900005912034,69.31884207420113,69.03000457432994,69.1585693359375,601300
2021-09-27,68.93572939358997,69.14142910425865,68.84144899722601,68.96144104003906,387000
2021-09-28,68.01006114671604,68.0186338739966,67.33724918437835,67.53866577148438,563700
2021-09-29,67.71865999623611,67.74437164135168,67.33039584557942,67.42724609375,431200
2021-09-30,67.45295649059956,67.55580960823403,66.95155980289796,67.1786880493164,553600
2021-10-01,67.1615543286169,67.44010588586535,66.7072978006359,67.33296966552734,392300
2021-10-04,67.11013551551899,67.1786977314147,66.3558922889788,66.61302185058594,599700
2021-10-05,66.76730347785895,67.29012883184166,66.69016198774044,67.0672836303711,333000
2021-10-06,65.97877931504165,66.68159272818677,65.80050446988515,66.64730834960938,474200
2021-10-07,66.9815735039399,67.41011843161823,66.97300077444486,67.2215576171875,318800
2021-10-08,67.31582399355928,67.33296290990037,66.99869845910916,67.11869049072266,285600
2021-10-11,67.23012546909474,67.4529641071852,66.87871551513672,66.87871551513672,298000
2021-10-12,67.02441582251902,67.1701260496909,66.82643222299996,66.94728088378906,385500
2021-10-13,67.29868431561033,67.68437862668652,67.1306954569299,67.59867095947266,345800
2021-10-14,68.22434988720106,68.3272030219646,68.1043578328485,68.2757797241211,250800
2021-10-15,68.63574680556773,68.83287378060248,68.56717805813145,68.81573486328125,379400
2021-10-18,68.32719949117052,68.58346588719648,68.19863471412877,68.43004608154297,479500
2021-10-19,68.79003119870346,69.00430365499477,68.75574682100768,68.92716217041016,362800
2021-10-20,68.99572510879311,69.20142481854889,68.91859016978813,69.1500015258789,308800
2021-10-21,68.72145447032526,68.93572690175692,68.67859736840866,68.81573486328125,417000
2021-10-22,69.12428100990604,69.38997670670952,68.98286043413403,69.25284576416016,399500
2021-10-25,69.05571629833028,69.20999270462187,68.86715551963219,69.10713958740234,397900
2021-10-26,69.53569673217933,69.55284219095269,69.199718977879,69.28713989257812,634000
2021-10-27,69.304284733434,69.39856513861719,69.00430459834048,69.01287078857422,891900
2021-10-28,69.38998083314756,69.81852568009566,69.38998083314756,69.75852966308594,290500
2021-10-29,69.2271398960684,69.4328461550957,69.12857640054044,69.38141632080078,443400
2021-11-01,69.80139385759101,70.1270856203057,69.68140181137633,70.084228515625,679900
2021-11-02,69.88709625602445,70.06708431176929,69.87852352791977,69.98137664794922,352500
2021-11-03,69.96423947809194,70.59849065144557,69.82710850755358,70.55563354492188,341100
2021-11-04,70.37563902765719,70.50420379638672,70.2213626129969,70.50420379638672,1081000
2021-11-05,70.444212103368,70.52134704589844,70.22993965534859,70.52134704589844,490400
2021-11-08,70.53677543744368,70.67562618622614,70.44592804868816,70.52992248535156,396300
2021-11-09,70.57276513366715,70.6070495075097,70.16993845393742,70.3670654296875,546900
2021-11-10,70.09279782110875,70.21964935194441,69.42855196545543,69.50140380859375,484400
2021-11-11,69.8699615380265,69.92995756582881,69.7156851038096,69.74996948242188,339400
2021-11-12,69.97280919816167,70.11851289155435,69.82710550476901,70.084228515625,408500
2021-11-15,70.24707244889889,70.24707244889889,69.88709633699217,69.92994689941406,409100
2021-11-16,69.91281150335453,69.99509269580231,69.7671078134458,69.77568054199219,405000
2021-11-17,69.60425992285954,69.71567923966991,69.5442639001038,69.6728286743164,548500
2021-11-18,69.63853330262948,69.76709805654166,69.38997652215264,69.74138641357422,491000
2021-11-19,69.34713019424791,69.37284183878394,69.06428902620077,69.10713958740234,655500
2021-11-22,69.01287466807618,69.19286929832705,68.64432575593602,68.6700439453125,601900
2021-11-23,68.53290769690867,68.74718017215127,68.21578207948187,68.56719207763672,525900
2021-11-24,67.64152499678077,68.14721137573741,67.59010170162715,68.13006591796875,600800
2021-11-26,66.81871703566618,66.91299743257674,66.09019204605573,66.38159942626953,390800
2021-11-29,66.74158663138951,66.8581456679504,66.31475495944137,66.61302185058594,521800
2021-11-30,66.4416015241836,66.63873506459085,65.41309633174335,66.0216293334961,1849200
2021-12-01,66.90442863460356,67.23012694818404,65.66165102278973,65.68736267089844,908200
2021-12-02,66.00449003082487,66.68159178523106,66.00449003082487,66.56159973144531,978600
2021-12-03,66.76729610788918,66.79300775539826,65.84335080106263,66.27875518798828,595500
2021-12-06,66.7073056676224,67.03299746179239,66.52731758091714,66.84443664550781,476300
2021-12-07,67.77008247351363,68.29290771484375,67.77008247351363,68.29290771484375,782400
2021-12-08,68.35291231436702,68.48147709361996,68.18149696808064,68.37862396240234,447200
2021-12-09,68.00150593982741,68.03579031870798,67.81295166459925,67.8729476928711,304300
2021-12-10,67.96722235814725,68.07092556599272,67.74437718378786,68.04435729980469,336700
2021-12-13,67.76396915541129,67.81605972465516,67.34728433997466,67.39936828613281,487200
2021-12-14,67.13891976028161,67.39935267692942,66.78300183881942,67.03475189208984,729600
2021-12-15,67.28650950479928,67.99835205078125,66.93058492026583,67.99835205078125,733400
2021-12-16,68.35426306347834,68.38898789427483,67.84208671116959,68.06779479980469,668000
2021-12-17,67.52088761027572,67.65978693473028,67.06079518841761,67.09552001953125,728700
2021-12-20,66.75695976691856,67.01738606007312,66.55902889611353,66.95661926269531,942800
2021-12-21,67.3559478981608,67.75961827412655,67.26913912988269,67.74659729003906,832900
2021-12-22,67.6598001436412,68.4497686806743,67.6346257952089,68.44108581542969,505900
2021-12-23,68.44975477252153,68.92721291767694,68.44975477252153,68.80567932128906,653500
2021-12-27,68.80568644501675,69.32654571533203,68.77096161058441,69.32654571533203,436100
2021-12-28,69.41335102735171,69.53488463026004,69.30917652925116,69.36126708984375,527100
2021-12-29,69.25708903662607,69.41334746421349,69.15292116695731,69.31785583496094,451800
2021-12-30,69.35611421949129,69.43435846028785,69.06922972416073,69.13877868652344,303500
2021-12-31,69.11270111774569,69.4169695445834,69.02403049979705,69.07792663574219,419500
2022-01-03,69.41696227374644,69.50389515337254,69.13877307941073,69.48651123046875,468300
2022-01-04,69.95594980351552,70.1298155455293,69.72122375598873,69.92987060546875,586800
2022-01-05,70.20807333682974,70.28631094608603,69.24310302734375,69.24310302734375,516600
2022-01-06,69.06923239698153,69.26918401337342,68.75714418396848,68.94752502441406,404600
2022-01-07,68.90405922924197,69.23440685163362,68.64325393665891,69.13877868652344,570300
2022-01-10,68.3302869519318,68.5389271964303,67.8869206288879,68.40853118896484,770500
2022-01-11,68.57370394972403,69.26918029785156,68.38245425491527,69.26918029785156,516700
2022-01-12,69.66907419118596,69.95595867117193,69.59952523254321,69.93856811523438,681000
2022-01-13,70.06898331489886,70.17330677156366,69.34742766288257,69.3822021484375,364900
2022-01-14,69.16484731261443,69.4778109628342,68.91273733701777,69.29524993896484,516400
2022-01-18,68.5736956569259,68.71279356275153,68.19987832571103,68.34767150878906,769200
2022-01-19,68.67802390420597,68.79973126406482,68.19988311007927,68.2694320678711,660100
2022-01-20,68.565009480741,68.85188731486659,67.82606343640651,67.88691711425781,668300
2022-01-21,67.73913590264435,67.82606878749709,67.02627563476562,67.02627563476562,727300
2022-01-24,65.8178892627517,66.36557239526684,64.61124200956112,66.26995086669922,2968300
2022-01-25,65.62663246975222,66.39165775323605,65.05547673332964,65.9656753540039,625200
2022-01-26,66.65245301232866,66.79155092318352,65.29628154426109,65.71356201171875,594500
2022-01-27,65.73095316589882,66.00914235759039,65.05286742568522,65.30497741699219,1354100
2022-01-28,64.83554428432215,65.6005630493164,64.45303158554765,65.6005630493164,1666000
2022-01-31,65.53969523282622,66.53074461826269,65.48753683334641,66.45250701904297,794700
2022-02-01,66.887185539831,67.16537475585938,66.42643527258592,67.16537475585938,883000
2022-02-02,67.66089316171448,67.68697236193593,67.24360606051093,67.5478744506836,1167300
2022-02-03,66.96541399688847,67.12189582405556,66.49162419305456,66.51335906982422,803200
2022-02-04,66.36557187325592,66.9219569120197,66.13954770561382,66.57421875,435900
2022-02-07,66.66985280908779,67.06801168015453,66.61768776900949,66.73939514160156,578300
2022-02-08,66.7046295557511,67.20015434171091,66.56553162089345,67.12191009521484,459300
2022-02-09,67.99993631445699,68.19119262695312,67.92169208091153,68.19119262695312,461600
2022-02-10,67.21752035194675,68.24247526975046,67.19144115425041,67.31314849853516,552800
2022-02-11,67.2609918793205,67.52179049572356,66.08650602712858,66.3047103881836,554200
2022-02-14,65.94827910530827,66.04303838348847,65.37451024992845,65.8091812133789,650800
2022-02-15,66.59160143293195,67.07843750371188,66.54813830883528,67.04366302490234,1656800
2022-02-16,66.7567818676762,67.41748373279425,66.7393913111301,67.2957763671875,662300
2022-02-17,66.77416558353553,66.8176353422113,66.14823820090669,66.17432403564453,2822400
2022-02-18,66.16561744702224,66.37425766138216,65.72225118802369,65.8874282836914,530200
2022-02-22,65.26151572871656,65.60925391945558,64.67036279422652,65.10503387451172,770800
2022-02-23,65.68747671030108,65.72225118478484,64.44431743585675,64.56602478027344,592400
2022-02-24,62.192740078622286,63.7140888869079,62.07624589235726,63.514137268066406,905900
2022-02-25,64.30523906503903,65.22673960970377,64.13136665775521,65.16588592529297,754400
2022-02-28,63.89664386372653,64.72251619941984,63.653229138787616,64.06182098388672,738800
2022-03-01,63.818403662381876,63.82274798495266,62.20142690387286,62.55785369873047,742200
2022-03-02,62.95774603653525,63.47934990992809,62.73172189201531,63.23593521118164,1537900
2022-03-03,63.070762733087136,63.096841931043414,61.89714576463147,62.17533493041992,1078600
2022-03-04,60.47142897930825,60.55401753267698,59.819422462253996,60.28886795043945,849300
2022-03-07,60.01068833876853,60.01938361749753,58.15899192275129,58.42848587036133,1167100
2022-03-08,58.97616963825938,60.0889331873765,58.158992508470476,58.92401123046875,1231900
2022-03-09,60.79309235928566,61.81022100842744,60.4540494762384,61.392940521240234,710700
2022-03-10,60.51490971791169,60.98435529130919,60.236720485441445,60.54098892211914,999200
2022-03-11,61.12344514073527,61.15995735227011,59.854206383175665,59.888980865478516,3116300
2022-03-14,60.9321863613009,61.375552702192785,60.480131374597406,60.593143463134766,1116500
2022-03-15,60.83655683058211,61.3199107763172,60.645300527008686,61.21906280517578,808800
2022-03-16,62.462241302982406,63.42721176147461,61.94933254295684,63.42721176147461,778900
2022-03-17,63.15769538269402,63.99660719926434,63.03772576647281,63.887939453125,1058100
2022-03-18,63.24465015865147,64.51388907726898,63.19249174485579,64.42695617675781,472600
2022-03-21,64.24438714263334,64.40086899720347,63.73147181777122,64.01835632324219,799000
2022-03-22,64.4269401068643,64.76598297707963,64.38347035117371,64.6964340209961,439300
2022-03-23,63.896640519879824,64.17482970990233,63.7662378861857,63.80970764160156,431700
2022-03-24,63.99226169953095,64.35738372802734,63.86185908005288,64.35738372802734,510000
2022-03-25,64.23568023478171,64.4443204589186,63.90533266051889,64.30522918701172,550100
2022-03-28,63.9227324987797,64.18353781830504,63.661933811809156,64.14006805419922,1230600
2022-03-29,65.60055358379807,65.77355048493799,64.9920167713307,65.5223159790039,1112700
2022-03-30,65.27887887408639,65.48752570164612,65.00068973655898,65.21802520751953,504100
2022-03-31,64.76598626088182,64.97028218438957,64.06182128435523,64.09659576416016,642500
2022-04-01,64.40955907229527,64.68775493775105,64.21048294933,64.67036437988281,755200
2022-04-04,64.5051807375195,64.94854706268275,64.47910153590173,64.91377258300781,622100
2022-04-05,64.5138851774398,64.7529556138102,63.91403692482945,64.10529327392578,391100
2022-04-06,63.262018830375155,63.62279658142395,62.94036651279335,63.30548858642578,423600
2022-04-07,63.305491323454774,63.65670494745081,62.9403692340362,63.48805236816406,482400
2022-04-08,63.1750855326314,63.70538471668154,63.14292428061825,63.50543975830078,468200
2022-04-11,63.22726214728982,63.32288368888665,62.78389576100122,62.844749450683594,824500
2022-04-12,62.9229782390762,63.00991775433007,62.175343509258795,62.227508544921875,717100
2022-04-13,62.3926794863544,63.03686627918962,62.33182580476611,63.009918212890625,659200
2022-04-14,63.15769533251029,63.25332347964115,62.69694515045406,62.74910354614258,448600
2022-04-18,62.59262383439366,62.80995933381864,62.27096490752558,62.38398361206055,1571300
2022-04-19,62.01016927758466,62.65348052978516,62.01016927758466,62.653480529785156,1553500
2022-04-20,63.23594065502303,63.34895936956563,62.975142012151586,63.175086975097656,591300
2022-04-21,63.80971389078278,63.90534205602021,62.44658473640889,62.549163818359375,1165000
2022-04-22,62.462217771448536,62.462217771448536,61.488559032431,61.5233268737793,736400
2022-04-25,60.853942927278304,61.366851548325435,60.480125583994315,61.2799186706543,4132500
2022-04-26,60.81046575196443,60.827856304908686,59.558617874635175,59.56730651855469,1008900
2022-04-27,59.81943031929559,60.26279666624179,59.47169877056947,59.897674560546875,1006600
2022-04-28,60.27148847759043,60.87133000742483,59.76117979101209,60.78439712524414,914500
2022-04-29,60.98433920231788,61.34076595337736,59.99328990856828,60.045448303222656,673800
2022-05-02,59.87159505871442,60.167168200166685,59.219588459277126,59.86289978027344,826700
2022-05-03,60.29756190763419,60.5409766074633,60.097610328458494,60.38449478149414,617200
2022-05-04,60.3671159559038,61.47117747549101,59.7498838770727,61.37554931640625,595100
2022-05-05,60.45405434665785,60.49751747494146,58.941400851769785,59.37607192993164,686400
2022-05-06,58.8544557158553,59.15003546973768,58.43630637032597,58.7414436340332,999800
2022-05-09,57.73300528505511,57.73300528505511,56.87235193138446,56.98537063598633,876300
2022-05-10,57.95903725889363,58.00250701769796,56.94190857539045,57.359195709228516,932800
2022-05-11,57.55044242412661,58.24591873366949,56.950600905513355,56.95928955078125,970600
2022-05-12,56.68979542245393,57.402655652460105,56.389871347975394,56.82019805908203,771000
2022-05-13,57.66345776543863,58.44412254826805,57.66345776543863,58.40239715576172,1048300
2022-05-16,58.19376038276981,58.69797374344829,57.98163805208198,58.41978454589844,1309700
2022-05-17,59.40213990629602,59.54992645312609,59.089176258565864,59.51515197753906,1254500
2022-05-18,58.97617186231043,59.07180003523575,58.037287323900856,58.13291549682617,1024900
2022-05-19,58.00250869315117,58.915313961423514,57.993813414628335,58.576271057128906,1553100
2022-05-20,59.367372411029855,59.367372411029855,58.30677399485784,59.01963424682617,702700
2022-05-23,59.67164966004759,60.149790535751016,59.54124700007804,60.01069259643555,824700
2022-05-24,59.871589962668025,60.07153492191326,59.51515653502128,59.90636444091797,673000
2022-05-25,59.47168932239981,60.14542406543715,59.47168932239981,59.871585845947266,527600
2022-05-26,59.97591517825801,60.697470779918305,59.967226531891846,60.54098892211914,713300
2022-05-27,60.897411110026574,61.288612365722656,60.87132527810069,61.288612365722656,906000
2022-05-31,61.13213296968614,61.30599872745822,60.78439482158848,60.95826721191406,618900
2022-06-01,61.16690529442281,61.245142892899906,60.054148565726734,60.23670959472656,423300
2022-06-02,60.6887666701089,61.488566400566285,60.48882171190969,61.4364013671875,525300
2022-06-03,60.723548992861275,60.84525636554557,60.43666448615355,60.619232177734375,545900
2022-06-06,61.32340409987692,61.41033699976789,60.74094637479675,60.83657455444336,467500
2022-06-07,60.23671357699634,61.04520197747547,60.23671357699634,60.98434829711914,326600
2022-06-08,60.306271295236414,60.601844462029014,60.12371022764898,60.19325256347656,395200
2022-06-09,59.81705374843677,60.01224546010879,58.90320779745298,58.938697814941406,662900
2022-06-10,57.79417106046558,57.85627689980788,57.306191773469756,57.43927764892578,619200
2022-06-13,56.037458537868666,56.285881907460315,55.46963175907941,55.558353424072266,1409200
2022-06-14,55.567224307408786,55.74467101132665,54.582398315953284,55.043758392333984,981400
2022-06-15,55.70918452672514,56.43671301286542,55.05263269594472,56.188289642333984,1722400
2022-06-16,54.91955144971184,55.340984446399595,54.62676385532818,54.99052810668945,1081600
2022-06-17,54.92842203860575,55.212335434387555,54.440446101137944,54.68886947631836,1031900
2022-06-21,55.68256321470918,55.911471465491346,55.56722573104482,55.593841552734375,1171600
2022-06-22,55.07925310096268,55.735801561506456,54.92842220520663,55.247825622558594,874900
2022-06-23,55.10586412224993,55.221204987246026,54.600143217016644,55.159095764160156,987500
2022-06-24,55.9132454778708,56.818220653501015,55.895500468405764,56.800472259521484,807200
2022-06-27,56.71174632004752,56.942428041182744,56.49881299155341,56.59640884399414,637800
2022-06-28,57.03115561649839,57.19085732170134,56.188289642333984,56.188289642333984,1434100
2022-06-29,56.321371508275,56.37105618182372,55.93986225951763,55.95760726928711,709300
2022-06-30,55.0082703441257,55.7535438196525,54.77315489143522,55.68256378173828,640200
2022-07-01,54.99940146243259,55.78903579711914,54.7953355385226,55.78903579711914,525600
2022-07-05,54.05892739270202,54.67111491076373,53.86373569802405,54.65336990356445,948800
2022-07-06,54.5557838476141,54.79533301165113,54.24525126192983,54.66225051879883,809000
2022-07-07,55.17684361144275,55.52286622423153,55.17684361144275,55.46963119506836,491700
2022-07-08,55.38091026159089,55.75354872439321,55.141361073843065,55.58497619628906,458700
2022-07-11,54.94616966385865,55.06151054404504,54.65338205673507,54.69774627685547,402200
2022-07-12,54.61789281963023,55.12361376739874,54.57352860162117,54.68886947631836,359800
2022-07-13,53.99682857190213,54.90180374950275,53.9941649589936,54.63563537597656,807200
2022-07-14,53.59757569161417,54.00037692566565,53.153960596207824,53.92584991455078,831200
2022-07-15,54.40495599374902,54.875186920166016,54.165403431843764,54.875186920166016,1412300
2022-07-18,55.57609953884782,55.72693043375173,54.98165692564588,55.132484436035156,1210700
2022-07-19,56.143925258292654,56.587540352645824,56.07294860314373,56.5609245300293,555300
2022-07-20,56.356862160263944,56.55205388540412,55.93542578866716,56.188289642333984,439000
2022-07-21,56.10844206375775,56.82887326485192,56.010846195492775,56.77386474609375,869500
2022-07-22,57.0134176945692,57.33282112572317,56.41010085450388,56.63190841674805,457600
2022-07-25,57.09326485199221,57.164244896084774,56.80047724688256,57.11988067626953,700900
2022-07-26,56.569798261451126,56.68513913959805,56.285884857177734,56.285884857177734,408500
2022-07-27,56.8714509690039,57.643343632388515,56.66738844169405,57.58123779296875,510800
2022-07-28,57.49252284976382,58.00711124978355,57.19086104517195,57.909515380859375,445400
2022-07-29,58.0603506891892,58.74351501464844,57.909516399724666,58.74351501464844,417400
2022-08-01,58.72576198713612,59.07178118167984,58.548311907223685,58.814483642578125,391000
2022-08-02,58.34426060446178,58.48621391840871,57.85628128051758,57.85628128051758,828400
2022-08-03,58.1135679306302,58.299885427742744,57.79416457300067,58.20228958129883,250100
2022-08-04,58.24666003168426,58.57493085123189,58.22004421053486,58.51282501220703,512300
2022-08-05,57.70544935942629,58.13131603775276,57.65221771689268,58.02485275268555,371000
2022-08-08,58.49065247342225,58.69027791062603,58.10470274119725,58.22004699707031,498000
2022-08-09,58.20229861925453,58.273278658422804,57.794173547580584,57.89176940917969,384100
2022-08-10,59.15163097167724,59.417802717519905,58.94313135020718,59.240352630615234,423700
2022-08-11,59.47991116975226,59.621864476485996,59.09840192742619,59.249229431152344,379900
2022-08-12,59.275845096377125,59.621864318847656,59.09485479999587,59.621864318847656,347000
2022-08-15,59.16051609225049,59.32021781543922,59.02743019475489,59.293601989746094,271000
2022-08-16,58.93870469898749,59.32908816792835,58.889906765369886,59.222618103027344,443600
2022-08-17,58.690273323333294,59.058474632477704,58.450717402189426,58.761253356933594,453900
2022-08-18,58.71689614693299,58.73463777293485,58.36200270563137,58.53057861328125,321100
2022-08-19,58.042590582600255,58.07808059831207,57.62559135927188,57.76755142211914,465100
2022-08-22,57.18198164992351,57.18198164992351,56.64964490265063,56.7561149597168,465600
2022-08-23,56.64963974412177,57.22368042676207,56.578663097055305,56.80934143066406,482500
2022-08-24,56.569795144404075,57.04002944423977,56.46332846979665,56.862579345703125,555900
2022-08-25,57.0311564133416,57.51026153564453,56.880328903272876,57.51026153564453,530800
2022-08-26,57.5546269806653,57.5546269806653,55.930994048634375,55.96648406982422,425300
2022-08-29,55.72693144438488,56.07295068933163,55.673696412656646,55.82452392578125,749700
2022-08-30,56.23264969050106,56.25926551282538,55.30105867949014,55.46963119506836,866000
2022-08-31,55.416399452439855,55.60271698878891,55.03489018209765,55.052635192871094,674400
2022-09-01,54.23638113457114,54.34728490560604,53.72444962531132,54.30735778808594,996400
2022-09-02,54.75097331994343,55.1502275758368,53.783892293230366,53.97908401489258,779000
2022-09-06,54.16540421169197,54.29849009839366,53.60644822586545,53.73066329956055,645100
2022-09-07,53.366897557651484,54.245253554955184,53.34294196333225,54.227508544921875,489100
2022-09-08,53.66855250149799,54.37833593452815,53.579827457047735,54.34284591674805,769100
2022-09-09,55.37203932589519,55.71805857911561,55.30993347965126,55.700313568115234,400900
2022-09-12,56.34799292939746,56.68514137948742,56.303632092823364,56.43671798706055,389200
2022-09-13,55.425278069589275,55.647085645171735,54.440451892480766,54.46706771850586,512700
2022-09-14,54.662253653124644,54.884061205111344,54.35172104963447,54.68886947631836,457100
2022-09-15,54.28074493763522,54.706615035581386,54.08555320688355,54.174278259277344,320800
2022-09-16,53.72178966190141,54.05006389880141,53.54700655237815,53.81938552856445,1011100
2022-09-19,53.27817540473821,54.05893896608834,53.25599667937645,54.0234489440918,644800
2022-09-20,53.25155894161148,53.3846414457297,52.79019881473588,53.118473052978516,476500
2022-09-21,53.06523751410445,53.544339232120336,52.42643071073063,52.444175720214844,1015000
2022-09-22,52.683726013222255,52.71034183405046,52.03604842512589,52.29334259033203,616000
2022-09-23,51.06896884586964,51.104455479773094,50.172864495647204,50.53662872314453,793600
2022-09-26,50.07526729296554,50.5188823577369,49.56511267608996,49.800228118896484,866300
2022-09-27,50.06640199991726,50.305954567442555,49.17917177257089,49.46308517456055,739400
2022-09-28,49.50744434722547,50.811673820690736,49.35839032386135,50.7318229675293,439000
2022-09-29,49.924447899205006,50.12851045598137,49.40985271597468,50.07527542114258,648900
2022-09-30,49.88894977804502,50.545501563092934,49.800228118896484,49.800228118896484,1282600
2022-10-03,50.38580177715013,51.095585230761294,50.21722588006378,50.95362854003906,939900
2022-10-04,52.2844791686132,53.020878519902844,52.27560497073987,52.9942626953125,571300
2022-10-05,52.098160935153444,52.63937192473075,51.75214168201773,52.34658432006836,1034700
2022-10-06,51.78762315412137,52.00943069267621,51.37062728310808,51.46821975708008,735100
2022-10-07,51.15768791053653,51.25528376397437,50.43015949247263,50.598731994628906,1013200
2022-10-10,50.59873819114693,50.63422821210953,50.03978559130206,50.30595397949219,1131600
2022-10-11,50.01316525383183,50.52776039262392,49.60504017552303,49.729251861572266,1193000
2022-10-12,49.61391271795625,49.853465285623074,49.46308520378531,49.53406524658203,672700
2022-10-13,48.75330313728901,50.77618703349231,48.56254849728634,50.57212448120117,891700
2022-10-14,50.8915207720923,51.00686163659687,49.77360891354044,49.800228118896484,602000
2022-10-17,50.90926542961055,51.281900456880855,50.90926542961055,51.06009292602539,505600
2022-10-18,51.814245665851644,51.86747731241162,51.060097955943554,51.45048141479492,436600
2022-10-19,51.01573567648166,51.15769237080955,50.48339891888072,50.75843811035156,580600
2022-10-20,50.838290576440855,51.40611737177959,50.55437717877149,50.6785888671875,594000
2022-10-21,50.14625313107799,51.56582014882019,49.99542223165334,51.51258850097656,889600
2022-10-24,51.37949908960108,51.769879146585836,51.12663862613656,51.55694580078125,916800
2022-10-25,51.93845408253105,52.782210149412776,51.93845408253105,52.72808837890625,1110800
2022-10-26,52.71921526618982,53.56208460762014,52.68372863149339,53.1628303527832,1302500
2022-10-27,53.02974619544391,53.41125542871803,52.62162114085304,52.639366149902344,2287800
2022-10-28,52.58613185343649,53.22493865003017,52.50273064819733,53.216064453125,583700
2022-10-31,52.64823820767667,52.81681072086143,52.53289733838473,52.701473236083984,764400
2022-11-01,53.721789881622385,53.76615071632846,52.87004967101271,53.118473052978516,841200
2022-11-02,53.23380611540639,53.890357880016,52.373191833496094,52.373191833496094,971000
2022-11-03,51.645664185306465,52.146951366404,51.606627197440666,51.90296173095703,1066600
2022-11-04,53.46449334196467,54.02344934677494,53.13621909733665,53.95247268676758,680200
2022-11-07,54.17427661770668,54.40051787929734,53.97021408015642,54.18314743041992,677600
2022-11-08,54.54691595629924,55.17684862835746,54.48481010888588,54.85744857788086,858500
2022-11-09,54.42270132419126,54.76872056525183,54.058937072753906,54.058937072753906,475600
2022-11-10,56.356860550653536,57.164239866335706,56.05520215883193,57.12874984741211,955500
2022-11-11,57.67883417217354,58.38861423352927,57.46589406164083,58.25553512573242,814400
2022-11-14,57.79417431090973,58.140193545138835,57.64334680245688,57.678836822509766,403500
2022-11-15,58.58381160492598,58.663665846340606,57.5013896301756,58.007110595703125,860000
2022-11-16,58.06921709645987,58.184561361022766,57.714330412040646,57.909515380859375,796200
2022-11-17,57.19085432472497,57.90950857596396,57.16423850342409,57.83853530883789,337100
2022-11-18,58.11358326844245,58.135765379221105,57.811928222748215,58.015987396240234,359600
2022-11-21,57.4747671705753,57.669072140921166,57.31063176138016,57.492515563964844,534400
2022-11-22,57.93613360950672,58.3664407894275,57.882895195631036,58.22004699707031,442800
2022-11-23,58.424107201754055,59.08952985045064,58.424107201754055,58.98306655883789,564500
2022-11-25,59.04517859123693,59.40893949075964,59.04517859123693,59.293601989746094,144600
2022-11-28,59.03629499929114,59.22261251852663,58.47734244158464,58.486209869384766,234700
2022-11-29,58.61042354303069,59.00968118557294,58.55719189830336,58.66366195678711,410100
2022-11-30,59.071787360796726,59.896911703872306,58.56606642594583,59.710594177246094,650700
2022-12-01,60.38488660354107,60.52684668786679,59.94127149356729,60.27842330932617,749700
2022-12-02,59.63960888090182,60.402627314512124,59.63960888090182,60.207435607910156,421400
2022-12-05,59.9945062458032,60.17816353994311,59.28471940558052,59.506526947021484,549400
2022-12-06,59.55088626084081,59.61299209657073,58.92538742089984,59.14276123046875,425600
2022-12-07,59.15163803100586,59.384980015587416,58.91208884638191,59.15163803100586,527000
2022-12-08,59.09840634803322,59.488789816552696,58.9741946569642,59.479915618896484,1442300
2022-12-09,59.577506452016166,59.92352567204712,59.45329477144244,59.48878479003906,604900
2022-12-12,59.408933039199134,59.648488982482434,59.28826832473268,59.612998962402344,410500
2022-12-13,61.40276545576241,61.42950385067379,60.36884231804343,60.56492614746094,323300
2022-12-14,60.609490737908175,61.081887151215476,60.1638327177765,60.57383728027344,529700
2022-12-15,59.718165793337654,59.81621108716367,58.76445804446701,58.942718505859375,582200
2022-12-16,58.443587195358525,58.73772309405664,58.19847394644342,58.46141052246094,331900
2022-12-19,58.657508466468315,58.728815384208964,58.15837364268765,58.28315734863281,859400
2022-12-20,58.40793092801411,58.81348130212396,58.372277475325255,58.55054473876953,686800
2022-12-21,58.88033934517814,59.30817406494189,58.844685885180986,59.112083435058594,691700
2022-12-22,58.88924657435598,58.918657444844165,58.140544414645326,58.621849060058594,470400
2022-12-23,58.5862010946752,58.933813775366374,58.4435872768526,58.86250686645508,311900
2022-12-27,58.93381535162001,59.1298991560689,58.782286466080414,58.90707015991211,526300
2022-12-28,59.02294347595561,59.23685740054778,58.29206466674805,58.29206466674805,393000
2022-12-29,58.9427237550964,59.379473484744345,58.92490042745017,59.20120620727539,395200
2022-12-30,58.880328861216555,59.09424958310977,58.55945457857769,58.59510803222656,486300
2023-01-03,59.30817165736792,59.65578437797642,58.86251362579787,59.06751251220703,458200
2023-01-04,59.97665282685945,60.119259846881036,59.63795520413211,59.90534591674805,314000
2023-01-05,59.388380499056,59.54881764530212,59.22170756833534,59.334903717041016,338400
2023-01-06,59.69144028037131,60.88580058978083,59.3571967430094,60.85906219482422,346200
2023-01-09,61.31362129237062,61.67905727356971,61.09970738141991,61.12644577026367,525500
2023-01-10,61.04623671843543,61.31363426384474,60.92145301063164,61.27798080444336,245900
2023-01-11,61.634501211541306,61.87515353340656,61.51684412959741,61.86624526977539,1088300
2023-01-12,62.392117918078014,62.87788348982048,61.803846113610994,62.75756072998047,500900
2023-01-13,62.427766804215615,63.1140770589992,62.41885174110914,63.06060028076172,286600
2023-01-17,63.35473891438483,63.57934955298297,63.14081819173814,63.28343200683594,470200
2023-01-18,64.07670637678522,64.11235983263178,62.98929977416992,62.98929977416992,2557200
2023-01-19,62.81995408094737,63.00712962316186,62.56592575924112,62.90908432006836,1888100
2023-01-20,62.85560263949162,63.434959411621094,62.72191067686307,63.434959411621094,622100
2023-01-23,63.23887778957024,63.73801945508082,63.180946864262886,63.693450927734375,931200
2023-01-24,63.354741973149004,63.764746511048685,63.203219887442856,63.68452453613281,247800
2023-01-25,63.470610787829735,64.12127445216679,63.40821894058109,64.07670593261719,561000
2023-01-26,64.13909149169922,64.201483332831,63.6176725050549,64.13909149169922,605300
2023-01-27,63.70235977675896,64.13018767664352,63.6577912537618,63.951927185058594,343400
2023-01-30,63.79148462241101,64.02768281385698,63.5820248224191,63.60430908203125,428800
2023-01-31,63.47061569753707,63.98758064341595,63.31017853502989,63.951927185058594,427600
2023-02-01,63.88061317658662,64.73627568156554,63.42604693344854,64.5223617553711,570500
2023-02-02,64.77192885266837,64.77192885266837,64.03213497757187,64.44214630126953,353600
2023-02-03,63.809305406158224,64.29953189727703,63.666698390687934,63.773658752441406,315000
2023-02-06,63.21213374464629,63.31017905588518,62.85560595834141,63.167572021484375,492900
2023-02-07,62.90907986824072,63.755827280271205,62.751315208038115,63.711265563964844,562800
2023-02-08,63.586486239553196,63.65779315840141,63.19431178629214,63.32801055908203,319900
2023-02-09,64.2549683984585,64.28171359113657,63.33691398902325,63.44387435913086,319800
2023-02-10,63.18539664981439,63.216595976850925,62.900175774946675,63.131919860839844,476200
2023-02-13,63.23886280671889,63.79148113395423,63.18538602673515,63.78256607055664,383700
2023-02-14,63.50626665505572,64.18990452162708,63.33691443457773,63.9162712097168,268200
2023-02-15,63.14082479046846,63.70235824584961,63.10517813316963,63.70235824584961,672500
2023-02-16,63.11408102522864,63.7290912144111,63.03386585283152,63.354740142822266,608500
2023-02-17,63.0427851461558,63.55083500602697,62.93582477558234,63.52408981323242,257800
2023-02-21,63.08733827011098,63.238860340957494,62.739725613368684,62.78429412841797,251600
2023-02-22,62.712993248768676,62.81103855113502,62.32972710320969,62.43668746948242,294100
2023-02-23,62.712989859182926,62.85559687297081,62.222763373847556,62.81103515625,205900
2023-02-24,61.70581200188715,61.96428766746905,61.50972138645122,61.7592887878418,266400
2023-02-27,62.49016429923957,62.68625490411886,62.34309634558009,62.534732818603516,341500
2023-02-28,62.374295317555756,62.50353314266058,62.05342102050781,62.05342102050781,239100
2023-03-01,62.597132621304944,62.677347806113346,62.196036296656416,62.409950256347656,224200
2023-03-02,61.96427688607204,62.5783961920851,61.96427688607204,62.52581024169922,298900
2023-03-03,62.87343276797647,63.4616978041468,62.70408054837822,63.434959411621094,277700
2023-03-06,63.27450802709794,63.541905492625844,63.22994631630998,63.31907653808594,298000
2023-03-07,63.23886911690175,63.247784181188926,62.16929260929559,62.2584228515625,194000
2023-03-08,62.39211676309811,62.74864450464174,62.31368324403492,62.57929229736328,239100
2023-03-09,62.67733314248365,62.917985440809396,62.0284580031397,62.115806579589844,218600
2023-03-10,62.16928657804293,62.28515520172895,61.41166939197076,61.447322845458984,229500
2023-03-13,60.82340260946906,61.51862800913539,60.69861891210339,61.01057815551758,483400
2023-03-14,61.64341410976441,61.83058964246195,61.37601660579592,61.8038444519043,343200
2023-03-15,59.52208333326236,60.00339480498435,59.20120901878103,59.923179626464844,384000
2023-03-16,59.62012692700062,60.84123229980469,59.56665014285786,60.84123229980469,298700
2023-03-17,60.30644492620097,60.41785942823707,59.89911285393761,60.128177642822266,333700
2023-03-20,60.80557658581011,61.2690578983074,60.680792893976175,61.090797424316406,268200
2023-03-21,61.937540785492054,62.04450114294331,61.637169118572395,61.96427917480469,268900
2023-03-22,62.08016958422846,62.864525327645694,61.750380169279076,61.786033630371094,246500
2023-03-23,62.311900952538394,62.686252017230906,61.549822827799154,61.81275939941406,500800
2023-03-24,61.34037053004516,61.63450645974948,61.037326335951136,61.616676330566406,257200
2023-03-27,61.9642790535824,62.222761483433366,61.839495370233756,62.178199768066406,312300
2023-03-28,62.178207673582754,62.37429828669092,62.071247302741504,62.2584228515625,241400
2023-03-29,62.846693694672844,63.05169256861705,62.766471717763146,62.98039245605469,264500
2023-03-30,63.729098093131306,63.83605846807357,63.61322945376192,63.755836486816406,297300
2023-03-31,63.943004774213044,64.18366389042619,63.925181447182965,64.03213500976562,407500
2023-04-03,64.21040386517078,64.58475494384766,64.15870873528701,64.58475494384766,205800
2023-04-04,64.60258877040064,64.80758764894628,64.44215161318155,64.59367370605469,435900
2023-04-05,64.22823200004187,64.58475977793461,63.92786028825451,64.16584014892578,529700
2023-04-06,64.1569296138207,64.60258762036231,64.08562270072566,64.4154052734375,279100
2023-04-10,63.99648984003784,64.38866424560547,63.94300625730493,64.38866424560547,243800
2023-04-11,64.54019058927373,64.6649742770699,64.47601029252058,64.55801391601562,567500
2023-04-12,65.1730269440798,65.29781063733722,64.81649919182944,64.97693634033203,273100
2023-04-13,65.51171891711581,65.86824663860965,65.44130283906611,65.80585479736328,394400
2023-04-14,65.77912918964164,65.9529355526141,65.30672595675559,65.5652084350586,226400
2023-04-17,65.37801602125869,65.44040785854435,65.11953360958944,65.4225845336914,343500
2023-04-18,65.75237750202433,65.80586108548951,65.54737863271203,65.74346923828125,731800
2023-04-19,65.39585511467402,65.58303065220018,65.39585511467402,65.4849853515625,432500
2023-04-20,65.37802655864691,65.67216246763002,65.36911149468341,65.52954864501953,220300
2023-04-21,65.66324256259472,65.9039016704568,65.37356760705053,65.85041809082031,405000
2023-04-24,65.87716836771769,66.05542884640218,65.83259984794587,66.019775390625,282400
2023-04-25,65.74346867533242,65.75237693899923,65.07498168945312,65.07498168945312,352100
2023-04-26,65.44933430689012,65.54737961113827,64.95910778564946,65.02149963378906,447600
2023-04-27,65.37801888909726,65.85041522072493,65.25323520905224,65.84150695800781,309800
2023-04-28,65.34237558225004,65.80853620234873,65.32455225384815,65.77021026611328,310300
2023-05-01,65.88607890122964,66.05007936329322,65.71673348070598,65.77021026611328,685500
2023-05-02,65.11063801504889,65.1373764076306,64.70062666145762,65.08389282226562,662300
2023-05-03,65.35128385864321,65.74346504476595,65.26215362548828,65.26215362548828,300700
2023-05-04,65.18193530224747,65.38694097015409,64.93236791537075,65.17302703857422,313400
2023-05-05,65.47607318786459,66.21586710718803,65.44933479563387,66.0999984741211,271500
2023-05-08,66.2158697463418,66.26934653293465,66.0465175218621,66.12673950195312,213900
2023-05-09,65.59193934042942,65.95738215429984,65.55629268560418,65.85933685302734,198500
2023-05-10,66.00195697988634,66.00195697988634,65.36911659294755,65.79695129394531,228700
2023-05-11,65.44041688139565,65.61868415550558,65.15519604302094,65.5830307006836,341400
2023-05-12,65.62759761057666,65.71673465478347,65.24433144117324,65.44042205810547,284500
2023-05-15,65.64542665109589,65.9930393570935,65.60977319404465,65.96630096435547,187700
2023-05-16,65.63650975233537,65.72563999237161,65.33346557617188,65.33346557617188,226500
2023-05-17,65.48498568011382,65.68998454596573,65.17302644933837,65.66324615478516,221200
2023-05-18,65.53845954605713,65.5830280628423,65.21758526576644,65.55628967285156,267400
2023-05-19,65.81477599483726,66.04652007938303,65.77912933586285,65.95738983154297,287100
2023-05-22,65.8593445188583,66.08217353855946,65.83260612452648,65.95738983154297,230300
2023-05-23,65.4225893054713,65.49656868937736,64.9858464126166,65.00366973876953,266300
2023-05-24,64.39757233336177,64.459964172957,64.0455055528316,64.09452819824219,313400
2023-05-25,64.08562729173852,64.1212807508402,63.75583789519948,64.01432037353516,410700
2023-05-26,64.25497555909908,64.67389522178676,64.25497555909908,64.62933349609375,246900
2023-05-30,64.39758267828456,64.41540600666045,63.77187572908599,63.9162712097168,304300
2023-05-31,63.33690614650102,63.37255959878887,62.81103302570694,63.256690979003906,480600
2023-06-01,63.648875775914355,64.29061755301177,63.586477130709305,64.22822570800781,349600
2023-06-02,65.08388759819614,65.18193289659365,64.94128058247315,65.12845611572266,283400
2023-06-05,65.0571487707592,65.11063235147195,64.7184511605163,64.75410461425781,403300
2023-06-06,64.89671478473942,65.40476462490906,64.87889145710245,65.35128784179688,1798000
2023-06-07,65.09425098996181,65.25773620473413,64.631048655936,64.69462585449219,366100
2023-06-08,64.99434766839629,65.43031058241112,64.93985490266772,65.38489532470703,549100
2023-06-09,65.36672539117419,65.45754896608791,65.20324018457163,65.34855651855469,624000
2023-06-12,65.53020697187581,65.64373816658475,65.37580621012627,65.61194610595703,555300
2023-06-13,66.1750699034446,66.36489374725363,66.08787732745536,66.20231628417969,274100
2023-06-14,66.61103202616196,66.81811701184795,66.12966077685184,66.47480010986328,312500
2023-06-15,66.46570913027647,67.19231161619786,66.39304749580536,67.14689636230469,363800
2023-06-16,67.52836211675273,67.52836211675273,66.94708287767213,66.98341369628906,267300
2023-06-20,66.27497865631952,66.33855585520695,65.93983153900193,66.06607818603516,215900
2023-06-21,65.98434555902712,66.38397073604268,65.86626865700798,66.1659927368164,171800
2023-06-22,65.65736352743187,65.89351036046817,65.64827909132428,65.8299331665039,976400
2023-06-23,64.66737256236908,64.95801217433542,64.65829505499774,64.76728057861328,246700
2023-06-26,64.85810999278188,65.00342633161488,64.76727948544209,64.8671875,252900
2023-06-27,65.05791979912475,65.4757138057253,64.87627264126185,65.43030548095703,237600
2023-06-28,65.43030438836901,65.62103597975857,65.31677318425177,65.53021240234375,327700
2023-06-29,65.21232714733439,65.42122068478946,65.16691189342075,65.39397430419922,389500
2023-06-30,66.0842466830045,66.31130909622183,65.99796185727872,66.2386474609375,445800
2023-07-03,66.18416161223273,66.32947796858502,66.10241553165059,66.1659927368164,541200
2023-07-05,65.65736789298309,65.75727590862616,65.35764384605392,65.43030548095703,363500
2023-07-06,64.47664534022266,64.49481421498764,63.93169689699521,64.29499816894531,232800
2023-07-07,64.34041006411393,65.08518152406941,64.34041006411393,64.80361938476562,495400
2023-07-10,64.676459143423,65.01251402096737,64.60379750567365,64.98526763916016,178700
2023-07-11,65.25772897165236,65.57561492919922,65.08152833669865,65.57561492919922,171700
2023-07-12,66.40213699430834,66.88350823293345,66.38306036881264,66.81993103027344,173500
2023-07-13,67.67368497505458,68.00973291875314,67.66460053810744,67.92799377441406,206900
2023-07-14,67.89166224096847,67.90074667781994,67.52836099025487,67.57377624511719,185400
2023-07-17,67.30130184768986,67.62827229629364,67.20139382565007,67.55561065673828,182700
2023-07-18,67.59193673983685,68.02335393419672,67.54652841534337,67.91890716552734,125700
2023-07-19,68.00972856848334,68.10055907335465,67.7645042217569,67.90982055664062,219800
2023-07-20,67.71909698599094,67.85533583003138,67.323102823925,67.45570373535156,1122300
2023-07-21,67.52836208693424,67.59193928713701,67.35125367712688,67.47386932373047,2332300
2023-07-24,67.19230326395292,67.42753540192527,67.12872607404229,67.28312683105469,299100
2023-07-25,67.21956777065422,67.56470019048274,67.21229883439224,67.43754577636719,253500
2023-07-26,67.0924133114409,67.78267815063397,67.02883610442585,67.64644622802734,361900
2023-07-27,68.20954714869795,68.20954714869795,67.42845189741246,67.46478271484375,280900
2023-07-28,67.9370916529816,68.20047801200516,67.79176835065478,67.95525360107422,165500
2023-07-31,67.91891115152727,68.16414244988461,67.80992562283092,67.90074920654297,407600
2023-08-01,67.22864207350426,67.38214204337756,66.87442523258771,67.03791046142578,265800
2023-08-02,66.26590007668216,66.31131533535665,65.73003605718014,65.81177520751953,311200
2023-08-03,65.30315614363367,65.757281002867,65.22504799828945,65.59379577636719,179900
2023-08-04,65.93892342911953,66.43846351008203,65.69369907171652,65.7481918334961,181600
2023-08-07,66.20232316448929,66.36580839528551,65.91168352411772,66.33856201171875,292600
2023-08-08,65.64827767230386,65.98433250707636,65.46481502914169,65.9661636352539,327300
2023-08-09,66.02974663133496,66.14782352037606,65.81176865606702,65.92076110839844,174500
2023-08-10,66.62919105855642,67.02882309905222,66.14781988035621,66.18415069580078,367100
2023-08-11,65.77543456761762,65.98433502518219,65.61649504477427,65.73002624511719,176600
2023-08-14,65.13057203893003,65.53020404385526,64.94892490726977,65.4575424194336,314400
2023-08-15,65.10332923142501,65.10332923142501,64.56745838367839,64.70369720458984,280600
2023-08-16,64.42214784316141,64.7136952042281,64.14059266954204,64.16783905029297,202300
2023-08-17,64.35857285444968,64.35857285444968,63.60472395728418,63.68647003173828,220900
2023-08-18,63.22326022956142,63.795455028405165,63.15968302968989,63.66830062866211,238800
2023-08-21,63.84994690420008,63.9861787948222,63.55022288604297,63.895355224609375,195000
2023-08-22,64.21324866362426,64.21324866362426,63.76911601792425,63.84086990356445,209900
2023-08-23,64.19507459559787,64.62195296702949,64.01705847063718,64.54020690917969,203000
2023-08-24,64.24957233564668,64.41124203334545,63.61380041143161,63.65013122558594,170700
2023-08-25,64.0134350249047,64.21324411673758,63.504810535581775,64.04975891113281,154400
2023-08-28,64.49482322065234,64.78546289291648,64.47665434335036,64.72188568115234,171900
2023-08-29,64.60378818504502,65.58469936495604,64.52204905141618,65.57561492919922,307600
2023-08-30,65.60288384726313,65.8390237979786,65.4121452979529,65.539306640625,182900
2023-08-31,65.57562620451797,65.60287951647446,65.11242384218816,65.23957824707031,270400
2023-09-01,65.90259701434627,65.90259701434627,65.08517781546213,65.27590942382812,263600
2023-09-05,65.07608467474046,65.07608467474046,64.67645263671875,64.67645263671875,336100
2023-09-06,64.69462695101497,64.83085885780515,64.36129533126753,64.59471893310547,193400
2023-09-07,64.34040756588047,64.53114610710423,64.24867622791926,64.40399169921875,265100
2023-09-08,64.29499454225716,64.50934151838355,64.25866372417191,64.3494873046875,239200
2023-09-11,64.84902482444079,65.0306719782811,64.69462405073705,65.00342559814453,148500
2023-09-12,64.63104286752358,64.93984439588424,64.56745874526709,64.74002838134766,166800
2023-09-13,64.59472003132686,64.73095194043321,64.37673511796635,64.49481201171875,147600
2023-09-14,65.01251799486063,65.39398122226892,64.91260996919718,65.32131958007812,167500
2023-09-15,65.45755040038455,65.65736642720985,65.1759952331642,65.21232604980469,176400
2023-09-18,64.88536107484175,64.98526909663903,64.63105226641059,64.92169189453125,172700
2023-09-19,64.93984586958194,65.14874632480927,64.77636066574148,64.9580078125,367400
2023-09-20,65.25773694587087,65.60741500659869,64.79452767718944,64.8399429321289,225100
2023-09-21,64.25866757242412,64.35857559579294,63.786380767822266,63.786380767822266,191100
2023-09-22,64.1315128210441,64.33132886670631,63.7863804245155,63.82270431518555,217500
2023-09-25,63.32316915449051,63.56839352053601,63.14151505983163,63.51390075683594,357600
2023-09-26,63.04161146943563,63.20508975405269,62.64197940642973,62.69647216796875,260600
2023-09-27,62.932618275400046,62.95078021923407,62.134268838923106,62.55115509033203,328800
2023-09-28,62.57840670939861,63.21327098693631,62.505745069190134,63.05069351196289,194100
2023-09-29,63.59563793556165,63.59563793556165,62.705557152143854,62.787296295166016,498000
2023-10-02,62.40583237963335,62.43307876032523,61.68831432736929,61.86996841430664,296500
2023-10-03,61.31593122487571,61.46033980405403,60.89813724865697,61.07978439331055,315600
2023-10-04,61.27052288451286,61.29776926634448,60.707405585543626,61.21603012084961,302700
2023-10-05,61.60657410987787,61.85179846121901,61.36134282914196,61.7609748840332,341500
2023-10-06,61.67016189827454,62.578411684907756,61.27961421284642,62.46033477783203,360300
2023-10-09,61.879045382758896,62.42400070943055,61.798213992117205,62.342254638671875,190500
2023-10-10,63.07793406284127,63.47030411193243,63.005279358745476,63.23234176635742,225100
2023-10-11,63.55931436901754,63.659215456752214,63.15059786365208,63.52298355102539,524400
2023-10-12,63.532066037253564,63.64105849977136,62.71646232288711,62.93262481689453,254100
2023-10-13,62.760041495849805,62.878118370236876,62.21509316061375,62.360416412353516,321400
2023-10-16,62.5420670537166,62.88719940185547,62.4149126660131,62.88719940185547,219000
2023-10-17,62.32409069920738,63.10518591773816,62.21237499940474,62.80546188354492,257300
2023-10-18,62.29683645469689,62.29683645469689,61.624733693982655,61.69739532470703,291800
2023-10-19,61.49758806430137,61.73373493309384,60.98806268476618,61.10704040527344,2045200
2023-10-20,61.0252938021797,61.034371309158544,60.52756924395297,60.59841537475586,376200
2023-10-23,60.30777577535585,60.979878549706875,60.110683003600506,60.59841537475586,312700
2023-10-24,60.72557412789173,60.998051803509526,60.63475054581752,60.97079849243164,411700
2023-10-25,60.734660776742786,60.93446989282462,60.40769032585193,60.48942947387695,245700
2023-10-26,60.35318154879175,60.4530895564956,59.84819500631528,60.06254196166992,454900
2023-10-27,60.44400890421615,60.4530864103391,59.703783320950514,59.85364532470703,1834700
2023-10-30,60.48942473586735,60.59841718742562,60.18970069112826,60.571170806884766,444500
2023-10-31,60.69832284859398,60.87088556179275,60.480337953930416,60.789146423339844,298600
2023-11-01,60.92538994969437,61.41493785566743,60.792782115408805,61.406761169433594,488500
2023-11-02,62.34225481331428,62.605648040771484,62.20601598126471,62.605648040771484,550900
2023-11-03,63.1778402665449,63.41943360805455,63.060678063239436,63.259586334228516,535300
2023-11-06,63.177834075255994,63.25049569954418,62.855409377742234,62.98710250854492,239700
2023-11-07,62.5239019697838,62.72371799953719,62.37586237831302,62.605648040771484,291300
2023-11-08,62.65106039729106,62.79183797645391,62.37858274579264,62.52389907836914,188300
2023-11-09,63.141503940894495,63.29591162651283,62.54569386000229,62.56930923461914,325800
2023-11-10,62.56023132656742,62.87812423706055,62.069775700274946,62.87812423706055,277900
2023-11-13,62.551154724477975,63.0961031184442,62.496655034505004,63.005279541015625,317400
2023-11-14,64.12242342544766,64.68463294809938,64.01979215816151,64.62196350097656,420600
2023-11-15,64.65829942235472,64.83540783958773,64.49572194729227,64.57655334472656,371400
2023-11-16,64.40399024134408,64.68554543394633,64.2668436482159,64.46756744384766,247000
2023-11-17,65.11241297666614,65.3667217439931,64.98525859300265,65.33039093017578,348900
2023-11-20,65.30315035257638,65.66645159362473,65.212326774663,65.56654357910156,290900
2023-11-21,65.56654723290241,65.60287805197133,65.2304923535614,65.30315399169922,240300
2023-11-22,65.39397830482174,65.49388632602796,65.15510819058811,65.44847106933594,251400
2023-11-24,65.66644906635258,66.02066585715859,65.64828019383228,66.01158142089844,159800
2023-11-27,65.74818673885227,65.8562714326945,65.63919429434371,65.7936019897461,286500
2023-11-28,65.602866800575,66.00249188300383,65.50295879761929,65.84809112548828,420300
2023-11-29,65.99342493379017,66.27498011658165,65.85718609620247,66.00250244140625,346700
2023-11-30,66.0660796416945,66.11149489735544,65.76636251427571,66.00250244140625,265200
2023-12-01,65.93892843719834,66.7200237525396,65.82085846791018,66.6836929321289,223800
2023-12-04,65.96616835961969,66.23864602131648,65.87534478218569,66.09332275390625,211000
2023-12-05,65.89351654052734,66.06971719881025,65.74819326675397,65.89351654052734,497400
2023-12-06,66.55652833583083,66.65371309231593,66.03882635067876,66.07515716552734,171700
2023-12-07,66.19322930630483,66.5474461010524,65.96616690303614,66.36579895019531,154600
2023-12-08,66.16598039898075,66.64735156681814,66.16598039898075,66.52928161621094,256000
2023-12-11,66.40213591438426,66.72002192251439,66.37488953217243,66.6382827758789,248800
2023-12-12,66.56561858943775,66.80176544189453,66.38396449931906,66.80176544189453,442600
2023-12-13,66.8562520888677,67.83261761489022,66.5592513166228,67.791748046875,279200
2023-12-14,68.12781052097553,68.52743566867923,68.00973362761714,68.28221130371094,341600
2023-12-15,67.98247450637156,68.10872113295407,67.5646805628763,67.62825775146484,396900
2023-12-18,67.88257560900395,67.95523724267602,67.59648168668669,67.77359008789062,401800
2023-12-19,68.15504640075032,68.41843959921624,68.10055364568636,68.40935516357422,287900
2023-12-20,68.40752795274197,68.58221982299747,67.65816906633579,67.69035339355469,378400
2023-12-21,68.43510715283665,68.82127697116148,68.29626840543818,68.74771881103516,257800
2023-12-22,68.9224158782942,69.10631127378248,68.7008294677398,68.9040298461914,325900
2023-12-26,68.94081312152632,69.30858990510433,68.72013863350854,69.23503875732422,378400
2023-12-27,69.26261950330073,69.63040329215322,69.15228226217728,69.60281372070312,269900
2023-12-28,69.63040491344455,69.7591281903063,69.3683565902594,69.4281234741211,354200
2023-12-29,69.52926189538168,69.6763712005497,69.27180833527625,69.45570373535156,286400
2024-01-02,68.67417462265607,68.98311050861187,68.52705828750018,68.60061645507812,402500
2024-01-03,68.0121535062313,68.29074993246289,67.76389648685989,68.14087677001953,261300
2024-01-04,68.0949108829379,68.60981102643134,68.05813180019602,68.30638885498047,300400
2024-01-05,68.26041317913152,68.9592017207383,68.1500829459097,68.3707504272461,187500
2024-01-08,68.43511587349481,69.08792884429607,68.43511587349481,69.02356719970703,236400
2024-01-09,68.49947357177734,68.6006142952895,68.36799343716862,68.49947357177734,292900
2024-01-10,68.77531189972298,69.02356193423063,68.68336068741617,68.9316177368164,251600
2024-01-11,69.07873016053863,69.17987088671674,68.34316953320764,68.92242431640625,204200
2024-01-12,69.35456942797565,69.59362996271862,69.10171761381413,69.24423217773438,209800
2024-01-16,68.42590903096927,68.47188463369748,67.94319326189121,68.06732177734375,269300
2024-01-17,67.25820673421939,67.48807073056675,66.9685758540561,67.47887420654297,411000
2024-01-18,67.6535724970262,68.06732488087697,67.58001433526398,68.0581283569336,253400
2024-01-19,67.94780614064435,68.25122833251953,67.64438394876916,68.25122833251953,197500
2024-01-22,68.44430852390188,68.62911587329843,68.34316780028831,68.43511199951172,233400
2024-01-23,68.10409447882414,68.28798284273235,67.93859214535019,68.27879333496094,222300
2024-01-24,69.12471357616688,69.18907522601393,68.75692971351498,68.79370880126953,344500
2024-01-25,69.0051812371503,69.0051812371503,68.61900435431782,68.9592056274414,315400
2024-01-26,69.39133912143978,69.46029550920143,69.23043153014002,69.33617401123047,229000
2024-01-29,69.27181036207728,69.77751395846529,69.17067665769213,69.6855697631836,1160800
2024-01-30,69.59362421177873,69.62120676833652,69.31778461641629,69.60281372070312,250100
2024-01-31,69.87866373157185,70.06255214596075,69.124710008748,69.18907165527344,301100
2024-02-01,69.3545702136497,69.84188079833984,69.17987131917852,69.84188079833984,264500
2024-02-02,69.23503280710517,69.25341883874694,68.85805251697604,69.20744323730469,330400
2024-02-05,68.83967670976807,69.0051790786928,68.47189288828056,68.85806274414062,183600
2024-02-06,68.83967240157463,69.27181082376802,68.69255607622944,69.23503875732422,279800
2024-02-07,69.17986837669964,69.27641434450962,69.03275906252811,69.1430892944336,484900
2024-02-08,69.00517664048724,69.06953828085645,68.81208470448692,69.01436614990234,206000
2024-02-09,69.01435747105891,69.30858307787418,68.8672481750972,69.25341796875,184500
2024-02-12,69.15228023199491,69.60281167729399,69.15228023199491,69.3729476928711,575100
2024-02-13,68.66497152850094,68.74771919793957,68.0857167977537,68.3615493774414,276600
2024-02-14,68.81208296153758,69.11550512197532,68.7293352895414,69.10631561279297,214500
2024-02-15,69.40973446088312,69.88785552978516,69.3361833090383,69.88785552978516,266200
2024-02-16,69.81428596909818,70.26481739077553,69.69475922882631,69.96139526367188,470300
2024-02-20,70.34758083076677,70.47630411013638,70.09013427202756,70.30160522460938,254300
2024-02-21,70.15450264785504,70.35677709564898,70.03496886632534,70.34758758544922,400700
2024-02-22,70.87165668024554,71.16588226367342,70.82568108303536,71.11071014404297,341900
2024-02-23,71.26704191292104,71.32220703232665,71.09234301494583,71.16590118408203,259900
2024-02-26,71.26704191292104,71.28542794775854,71.0187848458096,71.16590118408203,194400
2024-02-27,71.16589571691918,71.34058758658098,71.06475499585008,71.26703643798828,267100
2024-02-28,72.90366677543541,72.90366677543541,70.76685334129938,70.880859375,527500
2024-02-29,71.24864527806594,71.3681790506208,70.76317261002417,71.0463638305664,193400
2024-03-01,71.32220337071092,71.7359557747975,70.99119864148457,71.68998718261719,701700
2024-03-04,71.35897814185984,71.62562121400892,71.31484043935367,71.48770141601562,272700
2024-03-05,71.54287207480235,71.7727360843113,71.13831618819373,71.32220458984375,302900
2024-03-06,72.12212898655078,72.39612366854838,71.99340571113012,72.21407318115234,167900
2024-03-07,72.7381678109401,73.22547838925712,72.7381678109401,73.14273071289062,449400
2024-03-08,73.37258670499821,73.43694834010344,72.77493894193988,72.88526916503906,496700
2024-03-11,72.45312885085163,72.52667999267578,72.15890323887919,72.52667999267578,253100
2024-03-12,72.526683198623,73.07836238348798,72.30601573361234,73.03238677978516,300700
2024-03-13,72.99560453728982,73.2530510711305,72.98640801396924,73.10594177246094,252100
2024-03-14,73.10594763666217,73.10594763666217,72.29682187695371,72.61863708496094,322500
2024-03-15,72.73816160365233,72.79332671652234,72.36578306199519,72.58185577392578,375500
2024-03-18,72.76574727170967,72.79332982932418,72.50830071411761,72.57266235351562,273900
2024-03-19,72.56346488925558,72.86688704886924,72.38233335036013,72.68299865722656,181900
2024-03-20,72.62782714713886,73.49211802799296,72.6186376379031,73.4737319946289,169100
2024-03-21,73.49211660532275,73.61164335710666,73.38177936259669,73.45533752441406,295400
2024-03-22,73.4461411318806,73.45533765584733,73.23467018489279,73.32661437988281,272200
2024-03-25,73.15191563032778,73.43695175466881,73.04709910755311,73.19789123535156,267100
2024-03-26,73.66682559269972,73.66682559269972,73.27145918730425,73.29904174804688,712200
2024-03-27,73.48291672634133,73.7403632660554,73.36338998001469,73.72197723388672,298600
2024-03-28,73.42775638887994,73.64842386371136,73.31741914401798,73.4737319946289,784400
2024-04-01,73.4093676004402,73.56568046012171,73.03239426801531,73.16111755371094,694200
2024-04-02,72.68299642636958,72.68299642636958,72.42554286512237,72.6462173461914,396500
2024-04-03,72.60024350985682,73.23006861287335,72.51749583861046,73.13352966308594,294400
2024-04-04,73.66681188612378,73.66773083698466,72.47151636712412,72.480712890625,280600
2024-04-05,72.443930472582,72.93124097228741,72.35198628648712,72.74735260009766,199300
2024-04-08,73.11513748905244,73.23467125769368,72.97722470199336,73.08755493164062,593700
2024-04-09,73.36339907775599,73.58406656560541,72.73816868310513,73.09675598144531,207200
2024-04-10,72.0117972713384,72.36118804359869,71.83342257386546,72.04857635498047,382500
2024-04-11,72.37037211947482,72.39795467373854,71.51987963181264,72.29681396484375,221900
2024-04-12,71.6348181296367,71.8738716315807,71.04635985398741,71.10153198242188,287300
2024-04-15,71.94742854765121,72.02098670769578,70.77972257023552,70.89005279541016,241600
2024-04-16,70.3935494896008,70.54986234175045,70.03496220888516,70.23724365234375,240500
2024-04-17,70.63260770648805,70.63260770648805,69.96140175830338,70.26482391357422,206300
2024-04-18,70.24643496638807,70.5682431412525,69.99817793514116,70.0809326171875,290400
2024-04-19,70.1728829554521,70.40274695976305,69.93382242679874,70.12690734863281,251500
2024-04-22,70.54985315279201,71.21553831572203,70.49468102955768,70.9911880493164,628700
2024-04-23,71.18427820419426,71.82790158028844,71.17508869538581,71.72676086425781,444300
2024-04-24,71.81870382011407,71.81870382011407,71.25783513719766,71.5152816772461,240500
2024-04-25,70.55904998236942,71.36817573477462,70.43952323026066,71.24864196777344,298400
2024-04-26,71.6256330887806,71.90146571560499,71.57046095150093,71.75435638427734,452600
2024-04-29,72.03018236018751,72.25085685914318,71.9198521256025,72.1589126586914,656400
2024-04-30,71.8922654960674,72.03937480548163,71.11991882324219,71.11991882324219,298400
2024-05-01,71.22105513365975,71.89226104569734,70.86246788397551,70.98199462890625,429700
2024-05-02,71.82790355069811,72.14051521617411,71.4693162803498,72.02098846435547,188200
2024-05-03,72.79332429071917,72.83929989317357,72.32900157145458,72.7381591796875,429600
2024-05-06,73.08756375753113,73.29904174804688,73.05998119678851,73.29904174804688,226100
2024-05-07,73.52889798512155,73.6208421828217,73.34500257482861,73.4277572631836,207700
2024-05-08,73.1978932614869,73.44338644396302,73.15191765519052,73.4277572631836,213400
2024-05-09,73.41855933409286,74.01620713004691,73.41855933409286,73.9886245727539,158700
2024-05-10,74.21848701268839,74.29204517385452,74.04378813364188,74.09895324707031,144600
2024-05-13,74.20009849650172,74.32882177895769,74.04379265564702,74.108154296875,153700
2024-05-14,74.41156973012426,74.65981974812345,74.3380115711274,74.64143371582031,139500
2024-05-15,75.00002391652009,75.45975190595932,74.8529146076436,75.40458679199219,157600
2024-05-16,75.34022330915349,75.3494128179947,74.96324299989637,74.98163604736328,141300
2024-05-17,74.98163968964381,75.2666688051963,74.91727805016768,75.24827575683594,143000
2024-05-20,75.28505309081893,75.49745000360537,75.27586358174467,75.34022521972656,98800
2024-05-21,75.04599971796804,75.21885368246757,74.97795526134512,75.21150207519531,451800
2024-05-22,74.71499281190796,74.7793544481144,74.29755762000201,74.53109741210938,201800
2024-05-23,75.15633360538374,75.18391616378248,73.98862753884954,74.108154296875,133100
2024-05-24,74.50351830513401,74.85291607348118,74.4759357476103,74.77935791015625,188500
2024-05-28,75.00002937800787,75.03680846162834,74.48513623710708,74.72418975830078,269600
2024-05-29,73.69439256775804,73.85897596126743,73.4645285903258,73.55647277832031,186500
2024-05-30,73.99781557599879,74.31962374522848,73.94264345063658,74.15412139892578,213200
2024-05-31,74.65062553481951,74.87129298301112,74.24606270072513,74.8253173828125,247700
2024-06-03,75.00002282346144,75.21609553654021,74.71499371892874,75.06438446044922,308200
2024-06-04,74.96324468067795,75.06438539933697,74.64143649171393,74.95404815673828,233000
2024-06-05,75.31263263060984,75.5057175188354,74.95496435827717,75.49652099609375,248800
2024-06-06,75.48734174098776,75.76318136720309,75.4735504611663,75.72640228271484,163700
2024-06-07,75.11954298536521,75.29424184824991,74.79773482865001,74.8253173828125,146800
2024-06-10,74.48513663824049,74.99083325723632,74.3058429889332,74.91728210449219,192700
2024-06-11,74.00635305620344,74.17486875033113,73.62250897522932,73.98762512207031,185800
2024-06-12,75.25148887229298,75.47992395481997,74.82083924341423,74.89573669433594,225400
2024-06-13,74.42765473837422,74.42765473837422,73.59911846871277,73.88465881347656,457200
2024-06-14,72.94844880541757,73.15441323255725,72.62078137252006,73.0982437133789,557600
2024-06-17,73.21995239545429,73.40719604492188,72.63950779602709,73.40719604492188,359200
2024-06-18,73.40718600847491,73.77230214674834,73.3697372837015,73.71612548828125,358300
2024-06-20,73.4820812287696,73.82847659912493,73.4820812287696,73.72549438476562,269500
2024-06-21,73.25740321399955,73.27518832559471,72.92973574635772,73.24803924560547,391300
2024-06-24,73.71612881483398,74.14959264525191,73.65059532917668,73.85655975341797,352000
2024-06-25,73.8191160822987,74.1280627398182,73.69741306991894,74.01571655273438,231200
2024-06-26,73.44463348388672,73.62157747268179,73.27611778019147,73.44463348388672,342200
2024-06-27,73.66932455351903,73.83784025424735,73.43527536598604,73.65059661865234,185500
2024-06-28,73.57569851943282,73.91741547291775,73.40718996279605,73.75357818603516,479800
2024-07-01,74.04379895048861,74.33402480553794,73.62719167444543,73.84719848632812,504300
2024-07-02,73.56634214300098,73.98482077495059,73.4539959619442,73.97826385498047,378800
2024-07-03,74.47445753493822,74.80212498306221,74.40892404531343,74.77404022216797,144400
2024-07-05,75.36384011392116,75.37320408156924,74.76467475150535,75.30767059326172,343600
2024-07-08,75.28894701675387,75.38725082621363,74.87702527037924,74.91446685791016,203300
2024-07-09,74.77403466438562,74.79275545605209,74.45572406514258,74.61487579345703,213300
2024-07-10,75.25149450393155,75.71959289330249,75.20468895056321,75.68214416503906,177600
2024-07-11,76.12216336234889,76.28132225476487,75.84130859375,75.84130859375,177000
2024-07-12,76.41238651420242,76.98346714203339,76.41238651420242,76.7306900024414,177200
2024-07-15,76.53408869601047,76.53408869601047,75.96394375692789,76.0285415649414,146100
2024-07-16,75.89746977969251,76.42173767089844,75.73831804737847,76.42173767089844,220900
2024-07-17,75.99108585269092,76.24386296630458,75.86001888363721,75.92555236816406,294600
2024-07-18,76.13152023746262,76.13152023746262,74.97063825499517,75.08297729492188,414300
2024-07-19,74.89574659580721,74.93319532621891,74.5867999268719,74.66169738769531,268400
2024-07-22,75.33575279102682,75.4668197631836,75.12042439813253,75.4668197631836,177700
2024-07-23,75.16724430728799,75.17660827551639,74.96127986195324,74.98936462402344,169900
2024-07-24,74.7085103601841,74.85829813976493,74.02976194007987,74.08125305175781,219700
2024-07-25,73.46336599966466,74.25913187238189,73.19186806330421,73.63188171386719,240300
2024-07-26,74.22167710192333,74.71973160092935,74.15614361521202,74.63360595703125,115400
2024-07-29,74.38082776010326,74.39955569467263,74.04379636399716,74.25912475585938,328700
2024-07-30,74.55870979796487,74.61487931823183,74.14210252321776,74.42764282226562,201500
2024-07-31,75.53235452038723,75.86002195629344,75.28894136402216,75.51363372802734,149200
2024-08-01,74.50252895585157,74.6710446336583,73.1263187775322,73.48207092285156,372100
2024-08-02,72.5178035623971,72.56929467230869,71.64807593172807,72.22758483886719,200700
2024-08-05,70.00879198941496,71.23520744920796,69.35345711989527,70.80455780029297,522400
2024-08-06,70.22412038517965,71.27265617641113,69.99942802196057,70.80455780029297,334900
2024-08-07,72.208856275937,72.3960999206327,71.13223567504924,71.19776916503906,230400
2024-08-08,71.82501737501636,72.45226749701897,71.60968897505265,72.38673400878906,189300
2024-08-09,72.19013793000855,72.69474939134373,72.04034300917397,72.64887237548828,174000
2024-08-12,72.63949410554066,72.8361016860804,72.43353684386575,72.62077331542969,143000
2024-08-13,73.27611646747984,73.93145847793872,72.93909220874149,73.90337371826172,224800
2024-08-14,73.99699876498391,74.19266356083709,73.90338050991903,74.08125305175781,164800
2024-08-15,74.79275858495862,75.19438779497126,74.74594588991286,75.08297729492188,130600
2024-08-16,75.17660596908547,75.56980691123472,75.14851406526216,75.47618865966797,176200
2024-08-19,75.88810676421859,76.45918735685167,75.88810676421859,76.3936538696289,125900
2024-08-20,76.28131438209745,76.46855087517282,76.07066439911968,76.1689682006836,135800
2024-08-21,76.67451791226092,77.01154932535685,76.50038096801308,76.88983917236328,259400
2024-08-22,77.18941968379511,77.573263782253,76.27195086267648,76.3936538696289,343900
2024-08-23,77.01155280790104,77.88221614066875,76.99282487154069,77.83540344238281,177500
2024-08-26,77.65752175229211,77.76986793970481,77.40475175888201,77.48900604248047,139400
2024-08-27,77.62943361151903,77.958979556537,77.5919848840118,77.8541259765625,163500
2024-08-28,77.72305061188084,77.89156631165231,77.21095373523035,77.55453491210938,425800
2024-08-29,77.89156262953773,78.31285543035807,77.70900455863311,77.84475708007812,148300
2024-08-30,78.08818197752652,78.26605452043226,77.61820504901769,78.0320053100586,165100
2024-09-03,77.68561682277793,77.7090160296548,76.64643776034883,76.82431030273438,280100
2024-09-04,76.22513451868709,76.8102574632409,76.22513451868709,76.43109893798828,216400
2024-09-05,76.49664114549925,76.71664796914948,76.21578638565411,76.55281066894531,286800
2024-09-06,76.43110243473193,76.50599988928876,75.00340095618007,75.11106872558594,197900
2024-09-09,75.64470224025403,76.12215745258933,75.58852557680346,75.86002349853516,126600
2024-09-10,75.56043975249979,75.56043975249979,74.86765614902316,75.48554229736328,188700
2024-09-11,75.60724891263766,76.04726251272402,74.70850092086333,75.92555236816406,253300
2024-09-12,75.99108406715742,76.6370620727539,75.77669850946194,76.6370620727539,188900
2024-09-13,76.7119596681829,77.01154232563694,76.59024952625178,76.78684997558594,119000
2024-09-16,77.0770783116706,77.41410970507755,76.90856261496712,77.3579330444336,131000
2024-09-17,77.33920845395429,77.38507832006181,76.7681279066542,76.99281311035156,187600
2024-09-18,77.02090872908457,77.63880205465179,76.573409623413,76.7306900024414,178200
2024-09-19,78.13498161005586,78.41584349825614,77.71369592036999,78.30349731445312,140600
2024-09-20,77.82603172357635,77.82603172357635,77.21750956215112,77.43283081054688,124700
2024-09-23,77.54518344973722,77.86348693653109,77.54518344973722,77.78858947753906,131700
2024-09-24,77.95709703039137,78.29412841796875,77.84475799627495,78.29412841796875,193600
2024-09-25,78.3784002827008,78.3784002827008,77.73242217997705,77.80731964111328,177000
2024-09-26,79.24905440936118,79.58140024775119,79.03372601929148,79.47373962402344,238600
2024-09-27,79.28650493328051,79.61136531936224,78.92793855005884,79.01500701904297,112500
2024-09-30,78.95882671350077,79.01500337280838,78.34655469665314,78.79967498779297,296900
2024-10-01,78.8090473264219,78.8090473264219,77.76144001607291,78.21924591064453,473200
2024-10-02,77.90093340320846,78.1537105343103,77.62007865406869,78.02263641357422,210400
2024-10-03,77.37666752182906,77.4983705353895,77.05835689331094,77.23623657226562,236900
2024-10-04,77.36730329959971,77.82603773355909,77.1987875892003,77.81668090820312,128100
2024-10-07,77.51709558370786,77.60602827725745,77.05835402271543,77.32048797607422,140700
2024-10-08,77.15198119956601,77.20815072155297,76.91137508084105,77.11453247070312,236500
2024-10-09,76.77750213679886,77.27368530165687,76.7119686460179,77.23623657226562,199600
2024-10-10,76.94601945733243,77.14261993378788,76.69324231430761,77.10517120361328,226100
2024-10-11,77.04900271590776,77.59199145420489,77.02091081093778,77.47965240478516,132600
2024-10-14,77.38602728711754,77.81667693780668,77.26618850252791,77.77922821044922,140000
2024-10-15,77.48900509950205,77.48900509950205,76.33748704864776,76.38429260253906,149200
2024-10-16,76.5528092358696,76.70260415240809,76.45919098434044,76.6089859008789,211200
2024-10-17,76.91793334294123,76.91793334294123,76.57153795187789,76.65579223632812,182800
2024-10-18,76.983456919592,77.15197260940492,76.80089885084581,77.14260864257812,165200
2024-10-21,76.6370625790038,76.70259606242374,76.03789726127462,76.13151550292969,227200
2024-10-22,75.64470876935518,75.82258131489344,75.56044733821376,75.73832702636719,205800
2024-10-23,74.97064082164842,75.12979256206951,74.56807591536202,74.923828125,181100
2024-10-24,75.43873853096454,75.51363598787434,74.98936093212036,75.27958679199219,163100
2024-10-25,75.4574580791949,75.56886858020657,74.88637747925338,74.97999572753906,144400
2024-10-28,75.42000656438593,75.78512271903823,75.36383704601303,75.71958923339844,144500
2024-10-29,75.45746534738305,75.59789630464536,75.26086486426188,75.41065979003906,227700
2024-10-30,74.78339940080701,75.25149781074785,74.77404257529092,74.94255828857422,356800
2024-10-31,74.4838097801645,74.5867919921875,73.68804398576214,74.5867919921875,268000
2024-11-01,74.8208411754008,74.98935687301895,74.49317374742503,74.5867919921875,322400
2024-11-04,74.87702839223037,75.17661110327286,74.50254821777344,74.50254821777344,415100
2024-11-05,74.82085292378987,75.4527886747382,74.80213212894353,75.42938232421875,614000
2024-11-06,74.22167890505918,74.26849160068211,73.61314957503375,74.17487335205078,315000
2024-11-07,75.00808395610274,75.37320010636182,74.87888835130822,75.27021789550781,312000
2024-11-08,74.47445983596143,74.54935015312172,73.93614237926896,74.28721618652344,250500
2024-11-11,74.56807743365442,74.61488298864116,74.28721553327466,74.39019775390625,198300
2024-11-12,73.73486051116328,73.73486051116328,72.72283059039853,73.08888244628906,263000
2024-11-13,72.76121856611422,72.84547285212246,72.19950189821444,72.64887237548828,339300
2024-11-14,73.20121924274581,73.3229222373906,72.75184170251,72.81737518310547,305800
2024-11-15,72.72377446743162,72.72377446743162,72.39610698550666,72.58334350585938,457100
2024-11-18,72.46163123316185,73.08888135316057,72.45039590055626,72.96717834472656,318300
2024-11-19,72.32120927670927,72.99527217589318,72.26784679716233,72.9110107421875,247200
2024-11-20,72.56461665756432,72.86419935070687,72.16205174403386,72.70504760742188,471700
2024-11-21,72.5458855411986,72.81457641349164,72.30247952423858,72.71440124511719,304400
2024-11-22,72.69567947003571,73.08888039299352,72.6488667752298,72.9952621459961,804400
2024-11-25,73.48208382262402,73.64124270482482,73.07951891844958,73.31356811523438,281600
2024-11-26,73.22932139685341,73.22932139685341,72.68164707692033,72.9110107421875,249900
2024-11-27,73.16378495790404,73.39783416945036,73.02428968503112,73.24803924560547,273800
2024-11-29,73.53826129318642,74.39019666466505,73.53826129318642,74.26849365234375,159600
2024-12-02,74.28721187898374,74.63360725339713,73.87809720682566,74.42764282226562,549600
2024-12-03,74.86765782179589,75.0080887676609,74.59990262787689,74.87702178955078,270800
2024-12-04,74.88637145431645,75.0408447657363,74.73658369763334,74.84892272949219,215500
2024-12-05,75.32639408750886,75.48554583016157,75.19532710619312,75.29830932617188,548300
2024-12-06,75.61660882428582,75.61660882428582,75.10170489415718,75.26085662841797,410400
2024-12-09,75.69150693073911,75.74768359354943,75.15787506103516,75.15787506103516,1478800
2024-12-10,75.07362087579362,75.07362087579362,74.42764282226562,74.42764282226562,1636400
2024-12-11,74.95191018450565,75.08297715925963,74.66262715755684,74.93318939208984,1891100
2024-12-12,74.51189871437039,74.89574282480253,74.27784951804288,74.29657745361328,351400
2024-12-13,74.43700874274818,74.43700874274818,73.9632891101945,74.11869812011719,364500
2024-12-16,73.87530198701033,74.19360550963718,73.78167658142303,73.88465881347656,590000
2024-12-17,73.7756010273531,74.0411161612768,73.7281845099761,73.79456329345703,506600
2024-12-18,73.73766860294758,73.8789559327613,71.8316389303542,71.85060119628906,602500
2024-12-19,72.22043740923233,72.27733144437906,71.67991513635822,71.73681640625,748200
2024-12-20,71.07301498244367,72.16352971235175,70.86440112723677,71.6799087524414,642800
2024-12-23,71.67991051977087,72.18250099192917,71.37646362729026,72.09715270996094,692700
2024-12-24,72.12560136922347,72.37215423583984,71.95301653301544,72.37215423583984,237200
2024-12-26,72.6187058668806,72.83680447865193,72.41008477058132,72.76094818115234,340500
2024-12-27,72.55233278345636,72.76095389614173,72.35319642173268,72.62818908691406,319800
2024-12-30,72.21095259085193,72.40060419766014,71.81741863371705,72.16353607177734,460100
2024-12-31,72.4385375524616,72.48595407257466,71.99284830848158,72.20146942138672,336700
2025-01-02,72.20146920845443,72.37215855171476,71.70552019095604,71.91698455810547,350700
2025-01-03,72.02128630743844,72.29154741569675,71.77474069101197,72.21094512939453,334600
2025-01-06,72.76094486377696,73.39628563917987,72.68982009251155,72.96955871582031,293600
2025-01-07,73.51956761978755,73.51956761978755,72.74293219120815,72.8652572631836,261400
2025-01-08,72.31525582178759,72.77990727573487,72.16827475618395,72.6850814819336,222300
2025-01-10,71.97387373814479,72.07818427676662,71.39068826111836,71.56611633300781,378900
2025-01-13,70.76957121702544,71.42388153076172,70.71267718443785,71.42388153076172,254900
2025-01-14,71.55663898751868,71.78422235226678,71.28353460897415,71.61353302001953,313000
2025-01-15,72.6281891477456,72.72302218795124,72.24034892655666,72.53336334228516,226400
2025-01-16,72.7514587530749,73.16774593261466,72.56179993465926,72.88421630859375,3456200
2025-01-17,73.1307676023437,73.53852500984898,73.07386634065513,73.17817687988281,262300
2025-01-21,74.10749680378059,74.71439062075751,74.04111801863452,74.68594360351562,417900
2025-01-22,74.7902462168321,74.79972373174328,74.4678298412468,74.49627685546875,235100
2025-01-23,74.69541948344448,75.0747299194336,74.54369964989573,75.0747299194336,460200
2025-01-24,75.39714649397644,75.71955566271767,75.34972997634046,75.45404052734375,242200
2025-01-27,75.18853158563739,75.49197851316761,75.04628925575705,75.46353149414062,352500
2025-01-28,75.35921461326767,75.36774437741302,74.86610887567784,75.31179809570312,242900
2025-01-29,75.36869031558304,75.5517003986341,75.0699822072255,75.32127380371094,251100
2025-01-30,76.02300437430604,76.46395484763015,75.83335276873879,76.10835266113281,375300
2025-01-31,75.9755931117065,76.34541879725302,75.37817682371227,75.40662384033203,349600
2025-02-03,74.16439354096651,75.0273250140574,73.9984501894265,74.52473449707031,627500
2025-02-04,74.94197257839217,75.43507831709076,74.9230103121706,75.35921478271484,325600
2025-02-05,75.80490259775226,76.13490100794752,75.6436907815073,76.03248596191406,276800
2025-02-06,76.28851499098064,76.54455260152918,76.14627991261432,76.27903747558594,870000
2025-02-07,76.26955412341157,76.40231168881654,75.51093326274484,75.60576629638672,334900
2025-02-10,75.85231170987663,76.06093280770123,75.82386469376323,75.98506927490234,384100
2025-02-11,75.9471424623375,76.44688248426127,75.88076367549493,76.38335418701172,246100
2025-02-12,75.80490272021949,76.66782689621381,75.76697095367379,76.50662231445312,428300
2025-02-13,76.94282259199711,77.54971635422443,76.86695906303261,77.53075408935547,426800
2025-02-14,77.95747997237795,78.0333435073695,77.58765428272531,77.63507080078125,879500
2025-02-18,78.11869065597719,78.29886475695993,77.97645556019657,78.16610717773438,306100
2025-02-19,77.38851928710938,77.53076160902773,77.11825815198998,77.38851928710938,319600
2025-02-20,77.57817105382063,77.7773074110207,77.3316254123796,77.76782989501953,528900
2025-02-21,77.77731015377225,77.78774265648647,77.14196929152747,77.27472686767578,378900
2025-02-24,77.54024043373282,77.71757127201094,77.13248296254872,77.2367935180664,501700
2025-02-25,78.21351135637276,78.2191978654084,77.61609510939242,77.95747375488281,460900
2025-02-26,78.15661609830599,78.68765360695703,77.86265394450007,78.01437377929688,566500
2025-02-27,77.84368113673023,77.84368113673023,76.99971924380345,77.13247680664062,715500
2025-02-28,77.08507226707127,77.34110265836463,76.57300424973951,77.24627685546875,833200
2025-03-03,78.71609634784612,78.90574793972623,77.62558160767429,78.0428237915039,553000
2025-03-04,77.52127381442234,78.86781897492128,76.87644825049057,78.11868286132812,782500
2025-03-05,79.07643450428995,79.96781287142976,79.06694975460388,79.81608581542969,853100
2025-03-06,79.24712681824185,79.89195236111003,78.9626421948683,79.08592224121094,528800
2025-03-07,79.23764519164112,80.01522832680305,79.06221710000084,79.92040252685547,528000
2025-03-10,78.64971574611567,78.8706576027694,77.53549277407204,78.05229949951172,867100
2025-03-11,78.16609653338459,78.27040707924942,77.2652406206368,77.80575561523438,612000
2025-03-12,78.35574667719071,78.48850423588469,77.79626942765812,78.24195861816406,513500
2025-03-13,77.88160732144756,78.04661012900355,77.5316989254531,77.73937225341797,808400
2025-03-14,78.55488908229552,79.20919941121075,78.46954803143436,79.19971466064453,659100
2025-03-17,79.48420411662401,80.28075681332595,79.44627234680532,80.11954498291016,682400
2025-03-18,80.05314971331858,80.27504654196457,79.75918760117537,80.17642974853516,371100
2025-03-19,79.93937355027522,80.67427893992522,79.83506299792266,80.38505554199219,307700
2025-03-20,79.37988138154584,79.87298707880183,79.332472102604,79.81608581542969,360500
2025-03-21,79.16178284853387,79.44626022665683,79.04798755643814,79.29454040527344,204800
2025-03-24,79.19971782179543,79.42636068437903,78.96264969139229,79.27558135986328,568800
2025-03-25,79.7686874421742,79.85402849678357,79.49368754163525,79.70230865478516,236400
2025-03-26,79.0859236966691,79.34195407462155,78.48850742353896,78.64971923828125,648400
2025-03-27,78.56437828664558,78.9863592764525,78.50748424951284,78.79196166992188,238700
2025-03-28,78.47903261680578,78.57385841803355,78.02385864226964,78.1566162109375,376400
2025-03-31,77.00920439998859,77.61609818608552,76.75601727772447,77.4643783569336,361400
2025-04-01,77.5212691177842,77.81523124825029,77.10877293667932,77.57816314697266,358900
2025-04-02,77.08506318280045,77.87213100009788,76.97126789188886,77.77729797363281,729200
2025-04-03,76.87645106884867,77.17989797860326,75.99455735694546,76.10835266113281,1008200
2025-04-04,73.32042936311086,73.44370218352279,71.0730209350586,71.0730209350586,1017600
2025-04-07,68.95362983895552,71.93310758218514,68.58855014355073,69.61268615722656,1012300
2025-04-08,71.94544146032064,72.1540553455475,68.58855574241379,69.24285888671875,987600
2025-04-09,69.52734437187264,74.63379417448218,69.03424581997443,74.36353302001953,893700
2025-04-10,73.30146001907846,73.48637284921534,71.45232448296534,73.01697540283203,729600
2025-04-11,73.51956214527463,75.10317540591427,73.30146353247714,74.94197082519531,432300
2025-04-14,75.34024241871074,76.15101853770987,75.13162855922187,75.80490112304688,693100
2025-04-15,76.37386762840411,76.76265558935256,76.27904182583706,76.39282989501953,304000
2025-04-16,76.49714363198964,76.9428328808234,75.8997345396832,76.13680267333984,306800
2025-04-17,76.86696793540739,77.46438425152921,76.6393845569894,77.0471420288086,484100
2025-04-21,77.10403153073806,77.31739862237491,76.065672027819,76.55403900146484,536700
2025-04-22,77.52127689509508,78.54446518010076,77.52127689509508,78.28937530517578,1132400
2025-04-23,78.90574631208632,79.29454147258843,78.27703979472876,78.43161010742188,654000
2025-04-24,78.88678889113562,79.48419794118803,78.69713005677747,79.4462661743164,607600
2025-04-25,79.33247811262547,79.83506136289768,79.19497455336547,79.77816009521484,299600
2025-04-28,79.82557234429112,80.35944583718457,79.79712532934313,80.23332977294922,427200
2025-04-29,80.2617736492004,80.65056879760385,80.18591012247622,80.4893569946289,175400
2025-04-30,79.89195568284026,80.6022122845306,79.54583825664909,80.29971313476562,335700
2025-05-01,80.57471461036876,80.70273342221162,79.84454074181541,80.00575256347656,722800
2025-05-02,81.53246607082126,81.80745870677448,81.25746620012362,81.5609130859375,259400
2025-05-05,81.88332819283768,81.96393048644457,81.71263885498047,81.71263885498047,254700
2025-05-06,81.74108151389007,81.90797983648919,81.52298290393414,81.59884643554688,626300
2025-05-07,81.36178108539164,81.64625848647306,81.09625871573958,81.34281158447266,254700
2025-05-08,81.44712213301604,81.50401616628177,80.95402363030848,81.01091766357422,271400
2025-05-09,81.60833147577128,81.6519569895807,81.2669527867811,81.45661163330078,250600
2025-05-12,81.3902250660721,81.77901300347122,81.07729342528495,81.74108123779297,527300
2025-05-13,81.6746994126609,82.0634945703148,81.57038886961932,81.80745697021484,432200
2025-05-14,82.10143240066022,82.11090991636841,81.39970556203437,81.43763732910156,241200
2025-05-15,82.063501089855,82.36694799333485,81.83591772093132,82.3385009765625,822500
2025-05-16,82.31952978433868,82.55659789889766,82.06349940390267,82.49021911621094,202900
2025-05-19,82.4333208491486,83.29624497974669,82.4333208491486,83.27728271484375,204600
2025-05-20,83.55228746643529,83.86521911621094,83.49539343365599,83.86521911621094,1466200
2025-05-21,83.81780520831238,84.15918388510481,83.22987365722656,83.22987365722656,1040400
2025-05-22,82.94539506623622,83.45746307411848,82.82211501347602,83.19194793701172,181100
2025-05-23,82.54712068154187,83.52384015949418,82.50918891490603,83.34366607666016,384000
2025-05-27,84.6333192610355,84.74711456370977,84.41901164733997,84.6143569946289,340000
2025-05-28,83.77038908009158,83.81780559893456,83.4479799031434,83.56177520751953,294900
2025-05-29,84.0643491858455,84.0643491858455,83.57124348944541,83.95055389404297,393200
2025-05-30,84.02642200604642,84.16866431987368,83.50013050920677,84.01693725585938,270500
2025-06-02,84.1781480847114,84.92728424072266,83.92211768861029,84.92728424072266,183300
2025-06-03,84.00745274047739,84.35831615093271,83.82728589488758,84.30142211914062,441700
2025-06-04,84.4152103637143,84.92727835517483,84.4152103637143,84.68073272705078,356800
2025-06-05,84.87986589636428,84.95572219116211,84.41046844640925,84.60486602783203,462300
2025-06-06,84.81349176616406,85.01736687389773,84.7015919687433,84.90831756591797,206300
2025-06-09,84.78504915108044,85.19090388448575,84.77556440018925,84.92728424072266,157000
2025-06-10,85.20227660472602,85.27814013565718,84.90357570814442,85.06951904296875,290300
2025-06-11,85.22124779833047,85.34452061248487,84.87038438685995,84.91780090332031,153500
2025-06-12,85.42986630670079,85.69538868467724,85.35874876288703,85.55314636230469,199400
2025-06-13,84.48159207880656,84.92728130359212,84.26349345906782,84.47211456298828,196800
2025-06-16,85.12992133437932,85.61290059222263,84.79183732782471,84.84979248046875,323200
2025-06-17,84.40545453839097,84.49239463918921,83.64718091702692,83.65200805664062,682700
2025-06-18,84.00941612510253,84.37647772037347,83.7099713334257,83.90316009521484,1348400
2025-06-20,83.96111978681934,84.0190823142313,83.14971809984459,83.17869567871094,1791200
2025-06-23,82.57013970879682,83.83554304505552,82.57013970879682,83.777587890625,689000
2025-06-24,84.44409280345062,84.92707206776183,84.33783677572785,84.82081604003906,235900
2025-06-25,84.27988320155552,84.40545515954508,84.09634871938098,84.3088607788086,276500
2025-06-26,84.99469238687655,85.29414455452172,84.83048119893893,85.2651596069336,533500
2025-06-27,85.9606484049171,86.29873241995706,85.68051954397576,86.00894927978516,364500
2025-06-30,85.8737091372955,86.25043234961899,85.661197095538,86.18281555175781,396500
2025-07-01,85.89303078064634,86.14321663422317,85.7481355271064,85.96064758300781,526100
2025-07-02,85.6708651979399,86.25043884751058,85.57426344827913,86.21179962158203,557500
2025-07-03,86.1441811207505,86.37600910207377,86.07752974703122,86.1924819946289,298400
2025-07-07,85.63222915931998,85.76649734230578,84.9946929622874,85.1878890991211,472000
2025-07-08,85.42937852000404,85.92491573941288,85.27482161094035,85.79644012451172,269400
2025-07-09,86.13452361356485,86.49193093628534,85.97031242596854,86.48226928710938,195300
2025-07-10,86.26010439612564,86.4339772358253,85.9828718066363,86.37601470947266,191000
2025-07-11,85.67086375248203,85.67086375248203,85.3520956712089,85.50664520263672,208200
2025-07-14,85.1782183247932,85.57039575451732,85.1782183247932,85.49698638916016,135600
2025-07-15,85.57425773000081,85.57425773000081,84.57449454099176,84.6082992553711,202900
2025-07-16,84.5503498970001,85.0043515903243,84.29919861288226,84.99468994140625,236400
2025-07-17,84.82081672912072,85.30379599735565,84.79183915217523,85.27481842041016,159900
2025-07-18,85.71915967540603,85.71915967540603,85.00435241181675,85.0429916381836,153400
2025-07-21,85.5163065382769,85.9954240863384,85.38396921885062,85.58392333984375,282600
2025-07-22,85.641884864681,86.11809875380868,85.45835038984681,86.01860809326172,155900
2025-07-23,87.15844519760623,88.15338134765625,87.11980597036323,88.15338134765625,258700
2025-07-24,87.5834568730695,87.78630727705897,87.38060646908004,87.40958404541016,329100
2025-07-25,86.7527333993288,87.30332946777344,86.6658006688959,87.30332946777344,136700
2025-07-28,86.45329560840602,86.50159648678525,85.72882665079369,85.91236114501953,199700
2025-07-29,85.89302800653783,85.92007472660889,85.54528235714469,85.7674560546875,435800
2025-07-30,85.45835435652283,85.74813750059333,84.84979575158488,85.16856384277344,283100
2025-07-31,84.86911850463068,84.87298021635006,84.16396552286442,84.3088607788086,324200
2025-08-01,84.06736951247856,84.19294883771262,83.53609674388714,84.0866928100586,219600
2025-08-04,84.93673415926713,85.14924621582031,84.85945570785165,85.14924621582031,383500
2025-08-05,85.29414033182667,85.31345625958345,84.86911622439088,85.17822265625,205300
2025-08-06,85.56461553762574,85.84474441919862,85.44193985525321,85.70951080322266,438500
2025-08-07,86.60784438984973,86.69477711915299,86.07076431919579,86.39533233642578,235100
2025-08-08,86.71409147546345,87.07149877426126,86.67545962070339,86.90728759765625,142500
2025-08-11,86.68511401829893,86.73341489133293,86.39533088913053,86.5015869140625,114400
2025-08-12,86.90729186841044,87.602783203125,86.80103583840244,87.602783203125,261400
2025-08-13,87.88290965960131,88.08576006505695,87.8249471368435,88.06643676757812,155400
2025-08-14,87.61243960961865,88.01814781117172,87.60278533005908,87.95053100585938,183400
2025-08-15,88.56874198170514,88.5957887032434,88.39486914757659,88.53976440429688,147200
2025-08-18,88.20167647545682,88.41418854435936,88.13599052490444,88.37554931640625,346800
2025-08-19,88.60738101758514,88.71846418730428,88.24514656140289,88.33690643310547,187200
2025-08-20,88.46249016206482,88.6836910845746,88.36879206015614,88.62670135498047,192200
2025-08-21,88.19201919188632,88.30310236241851,87.9360407638849,88.0567855834961,209000
2025-08-22,88.44316568055376,89.58299710559261,88.43351140087316,89.46708679199219,109200
2025-08-25,89.06137763945569,89.16763367224699,88.23065267563948,88.2789535522461,170400
2025-08-26,88.03746057486678,88.20167175762462,87.91671575760154,88.16303253173828,183900
2025-08-27,87.40958724742559,87.96501783625456,87.32748165492299,87.93120574951172,174500
2025-08-28,88.24030953285633,88.39486643386078,88.07996006441961,88.269287109375,203800
2025-08-29,87.76699293446863,87.8829106115612,87.64142097821073,87.70903778076172,141200
2025-09-02,86.4532859226013,87.02996326616747,86.37600747372417,86.90728759765625,296700
2025-09-03,86.75273572986505,87.05218789420664,86.68029178589148,87.04252624511719,177400
2025-09-04,87.36129381099798,87.72835540771484,87.28401535810636,87.72835540771484,218100
2025-09-05,88.4431636740085,88.65857202086528,87.84427408151578,88.1050796508789,281300
2025-09-08,88.83921326721558,89.0903645657252,88.61703954744185,89.03240203857422,164100
2025-09-09,88.66533150308322,88.88749783082203,88.57839140594481,88.73294830322266,126800
2025-09-10,89.00341550378042,89.11449866764981,88.64118106667375,88.73294830322266,156200
2025-09-11,89.15797631391642,89.72788831586352,89.15797631391642,89.70857238769531,291400
2025-09-12,89.32218226661108,89.49605508865834,89.14830944456382,89.37047576904297,185900
2025-09-15,89.80516525247069,90.06597081157389,89.70857087390205,90.0176773071289,224000
2025-09-16,89.92107252472337,89.94039582159229,89.53469502348612,89.82447814941406,950600
2025-09-17,89.7375565399064,90.77113196008787,89.10002031846093,89.53470611572266,372000
2025-09-18,89.50572053188455,89.95971484844905,89.32218605369806,89.81482696533203,153700
2025-09-19,89.39946664679997,89.53470025406898,89.20627051521646,89.35116577148438,208800
2025-09-22,89.399469592367,89.795508778224,89.19661180510077,89.7472152709961,255200
2025-09-23,89.98870327024856,90.10461358121881,89.48640069044757,89.6506118774414,251800
2025-09-24,89.32218857978384,89.42844461019378,88.99762792093702,89.07103729248047,235400
2025-09-25,88.52043832512076,88.5503813295233,88.1050758660678,88.47213745117188,207400
2025-09-26,88.84886781190035,89.15797424316406,88.76192771296566,89.15797424316406,248500
2025-09-29,89.37048673346631,89.57334452547438,89.28355399661653,89.48640441894531,287700
2025-09-30,89.38980285571223,89.92107562305829,89.36565241863318,89.81482696533203,430500
2025-10-01,90.3267827282136,90.71316760783729,90.26882020597895,90.57792663574219,261700
2025-10-02,91.04159104267637,91.04159104267637,90.38473895044604,90.75180053710938,132700
2025-10-03,91.31206335093316,91.66753982254615,91.27342412338746,91.49559783935547,131300
2025-10-06,91.65014560684133,91.89453890058196,91.57287452292388,91.67913055419922,198100
2025-10-07,91.32171901777873,91.331380666452,90.74214538191913,90.7807846069336,218100
2025-10-08,91.03193267263487,91.20580550830176,90.88703741463263,91.07057189941406,205800
2025-10-09,91.07057243439827,91.07057243439827,90.1113792336045,90.3847427368164,309000
2025-10-10,90.0659741351705,90.19155346465466,88.58805871646433,88.71363067626953,305100
2025-10-13,89.05172472255407,89.54435829702038,88.98410791607756,89.41492462158203,144600
2025-10-14,88.86819110611114,90.03700012651478,88.78125836964902,89.76653289794922,223000
2025-10-15,90.22053048450648,90.46202012318574,89.75686713558359,90.21086883544922,157500
2025-10-16,90.75180281094401,91.0512549727805,90.35576363773676,90.69384765625,222400
2025-10-17,90.35576501422531,90.87738352345451,90.27365942059836,90.79044342041016,262600
2025-10-20,91.2830831890322,91.67815693529239,91.27245611206408,91.63082885742188,274200
2025-10-21,91.14784726597487,91.36035932122358,90.95465850830078,90.95465850830078,178600
2025-10-22,90.93533950058136,91.11403947834395,90.39923219761451,90.8387451171875,239100
2025-10-23,91.0319309070064,91.36036064341994,91.03096547908157,91.25410461425781,284000
2025-10-24,91.3796739836707,91.56707017128451,91.32171883110679,91.38933563232422,131400
2025-10-27,91.93026841106604,92.11380288383367,91.8433356837625,92.10414123535156,161400
2025-10-28,92.07999363354506,92.37461127905166,91.84333851103692,92.094482421875,1821200
2025-10-29,92.03652746322274,92.11380591426501,91.10920815975173,91.48593139648438,197200
2025-10-30,90.93534194006985,91.50526134583704,90.93534194006985,91.10921478271484,165900
2025-10-31,91.08022679938414,91.08022679938414,90.6098054869666,90.916015625,170100
2025-11-03,90.97397247659138,91.04158927728871,90.67452769774306,90.93533325195312,283500
2025-11-04,89.99834921601196,90.45138544989281,89.77618289410522,90.00801086425781,262600
2025-11-05,90.06597093214404,90.70350709697219,90.01767742763442,90.5489501953125,154500
2025-11-06,90.62622985083556,90.68418500488897,90.08529542719343,90.31712341308594,170900
2025-11-07,89.91142865823221,90.66487519044813,89.77619504320265,90.62623596191406,290600
2025-11-10,91.17682238811933,91.65013999045392,90.94015990211278,91.62116241455078,189100
2025-11-11,91.92061916224486,92.3746134902482,91.92061916224486,92.2393798828125,177800
2025-11-12,92.55815003367552,92.92038449801672,92.50984915722508,92.78997802734375,167500
2025-11-13,92.50984386732344,92.5871223173536,91.6501413773542,91.71775817871094,240500
2025-11-14,91.0319361675445,91.70811160762177,90.99329693928186,91.5149154663086,152400
2025-11-17,90.75180808983619,91.0995537775859,89.95006804777705,90.22053527832031,232500
2025-11-18,88.9841073932556,89.3376456408014,88.53493281955285,89.0613784790039,452300
2025-11-19,88.8778483536787,89.2690603877408,88.35622985170295,88.74261474609375,184200
2025-11-20,89.29321247030522,89.38980685326256,87.39993455956139,87.41925048828125,185100
2025-11-21,88.28861247602919,89.02274303364857,87.97950603645452,88.81988525390625,324300
2025-11-24,88.60737855687051,89.03239529560624,88.50112252976692,88.87784576416016,271800
2025-11-25,89.16763502244267,90.00802164824132,89.00342383098014,89.92108154296875,272800
2025-11-26,90.38474252009668,91.1285273715649,90.35576494233128,90.99329376220703,186600
2025-11-28,90.87738670311813,91.32172677400558,90.83874747482193,91.31206512451172,102700
2025-12-01,90.98363753713006,91.25410475006207,90.8194189838395,90.84840393066406,178200
2025-12-02,91.20580657355076,91.29660838905845,90.96528235857436,91.24444580078125,149200
2025-12-03,91.24444056921384,91.76605905239944,91.24444056921384,91.71775817871094,194600
2025-12-04,92.19109238859473,92.31666435520775,91.83851218865927,92.01721954345703,287900
2025-12-05,92.21040465456926,92.36496156396397,91.82208889484596,91.97857666015625,181400
2025-12-08,91.84334262021585,91.90129777612859,91.47627364695775,91.650146484375,178200
2025-12-09,91.71776474691842,91.93993846424604,91.49076388974771,91.54389190673828,246400
2025-12-10,91.65980778520701,92.63542800087784,91.5825293311644,92.53883361816406,241700
2025-12-11,92.79963394432515,93.15704124681584,92.71270121569906,93.01214599609375,208800
2025-12-12,93.0218112499605,93.2150000119583,92.18142465894447,92.44223022460938,352600
2025-12-15,93.30193563967725,93.39853739335317,92.80930207038982,93.04113006591797,219400
2025-12-16,92.84919225472844,93.1641685359693,92.21431337699761,92.63264465332031,299900
2025-12-17,92.45546730206723,92.63264192439739,91.85504261026094,91.87472534179688,2241400
2025-12-18,92.66217080700302,92.98699220315842,92.27829370595639,92.47515106201172,373000
2025-12-19,92.91809006893175,93.3511777480793,92.88856221690199,93.03620147705078,341900
2025-12-22,93.07557871024432,93.36988850217493,93.00175907679076,93.30197143554688,438600
2025-12-23,93.85317463447375,94.04019437857072,93.73506322525606,93.89254760742188,226400
2025-12-24,93.93192105339266,94.07956782528503,93.84332998640654,94.03034973144531,119400
2025-12-26,94.11894459118493,94.19768303102394,93.95160757116273,94.15831756591797,273500
2025-12-29,93.90239482441307,94.09334961717985,93.6858472231773,93.86302185058594,237600
2025-12-30,94.17799650333767,94.36501624837643,94.0008218789922,94.03034973144531,326100
2025-12-31,93.81379948346368,93.89746423292601,93.54804130926723,93.59725189208984,422700
2026-01-02,94.58155502592747,94.68982882317341,94.13862222601347,94.59140014648438,264900
2026-01-05,94.72920273877857,95.79225048070651,94.72920273877857,95.77256774902344,388200
2026-01-06,95.94974494338783,96.09246540338748,95.73516486319683,95.88084411621094,205900
2026-01-07,95.80209599842397,95.82177873018863,95.447746749646,95.5855484008789,260900
2026-01-08,95.1130787762218,95.55601908522515,95.1130787762218,95.49695587158203,196700
2026-01-09,95.98910676905756,96.49110278210351,95.97926915813873,96.40251922607422,171700
2026-01-12,96.75687060061156,97.0915296102623,96.68304345933439,97.02262878417969,302800
2026-01-13,96.82576830142784,96.82576830142784,96.2942444418209,96.45172882080078,324700
2026-01-14,96.71749605174313,96.9064833172418,96.53835390684641,96.86514282226562,1405800
2026-01-15,97.12105552288615,97.12105552288615,96.73717842671874,96.79623413085938,280900
2026-01-16,96.94388603687776,97.06200496104356,96.56000892037272,97.01278686523438,228400
2026-01-20,95.60523346418307,96.264721393597,95.47727693052539,95.62492370605469,329800
2026-01-21,95.79224867027686,96.78639556808501,95.43298062424346,96.5206298828125,280400
2026-01-22,96.87497857664694,97.16732082879668,96.6781212261408,96.96356964111328,329800
2026-01-23,96.61907035215194,97.50493598333362,96.5698522572521,97.43603515625,255800
2026-01-26,98.05614582092319,98.3415942376783,98.03645557997368,98.0758285522461,175700
2026-01-27,98.98138884179941,99.89678983687163,98.84358718745538,99.64087677001953,249700
2026-01-28,98.72547533398534,98.95186054669927,98.14473335644914,98.5975112915039,362900
2026-01-29,99.68024006233716,99.74914088800779,98.24316033433077,99.3455810546875,542500
2026-01-30,99.01091653957623,99.20286260385456,97.9872492545201,98.34159851074219,346500
2026-02-02,98.36127784402825,99.03060335936055,98.36127784402825,98.93217468261719,288400
2026-02-03,98.5876758397002,99.05915275607849,98.10536253145891,98.89280700683594,311000
2026-02-04,99.7688291818315,100.04935128457628,98.70971649976737,99.11918640136719,287000
2026-02-05,98.10535608157045,98.7254710057895,97.6821060180664,97.6821060180664,247800
2026-02-06,99.09950477405968,100.09365168722806,99.04044906958738,100.04443359375,257000
2026-02-09,100.58580399215495,101.54057794583736,100.51394437313036,101.3634033203125,482000
2026-02-10,101.90476428830502,102.01795689276041,101.54746375573795,101.5504150390625,298500
2026-02-11,102.10163139934075,102.42152648795029,101.46281747362453,102.1705322265625,248700
2026-02-12,102.34770253121721,102.51503203173993,101.04842448019224,101.255126953125,233700
2026-02-13,101.13701060062033,101.61931638302754,100.79250647032947,101.3634033203125,302200
2026-02-17,100.57595557593852,101.44213843366386,100.15762431810364,101.37323760986328,252300
2026-02-18,101.5307352744565,102.03273131049177,101.23544172158233,101.47167205810547,355500
2026-02-19,100.7334449863623,101.26496887207031,100.55627786741991,101.26496887207031,242300
2026-02-20,101.05826785346709,102.15084349385849,101.03365880560426,102.0031967163086,320700
2026-02-23,102.01303808721948,102.2492684168389,101.35847648819171,101.5504150390625,304900
2026-02-24,101.37324048949412,102.06717506224338,101.24528395869446,101.87523651123047,463400
2026-02-25,102.40676356524823,102.95600266614676,102.29848976289166,102.77095794677734,442600
2026-02-26,102.83001242747198,102.83985754837619,102.10851751062035,102.75126647949219,275800
2026-02-27,102.82016893669046,103.1646730775302,102.54456562401869,102.58393859863281,265400
2026-03-02,99.97553123402258,100.98936086324376,99.97553123402258,100.53658294677734,387200
2026-03-03,95.90052648721023,97.80022929750572,95.03434359030226,97.36713409423828,638800
2026-03-04,98.04630172874853,98.79437319051702,97.56399595519954,98.67625427246094,613400
2026-03-05,97.05215374373093,97.61320545642927,95.5855461981908,96.5206298828125,363000
2026-03-06,94.61109109544778,96.06785354444855,94.55202788129114,95.70366668701172,743800
2026-03-09,94.19768180065999,96.66828148809246,93.43977269842279,96.34346008300781,1336400
2026-03-10,96.99310038356184,98.11520383606897,96.43204865730827,96.56000518798828,1037900
2026-03-11,95.89068080887263,96.6190695573383,95.61507750280533,96.25487518310547,392100
2026-03-12,95.32963030666284,95.32963030666284,94.27642765366444,94.71936798095703,353600
2026-03-13,94.81779698522088,95.23120195107009,93.37087209512167,93.55789184570312,306700
2026-03-16,94.6996793726321,95.4083779008238,94.57172283656358,95.20167541503906,297000
2026-03-17,95.87100103040449,96.03833054143936,95.40837796255629,95.52649688720703,258600
2026-03-18,94.89654176207414,95.158364903879,93.75474804996806,93.86302185058594,629100
2026-03-19,92.02237308417259,94.23705213188308,91.94363464757033,93.70552825927734,569300
2026-03-20,93.29212763679485,93.29212763679485,90.3096942489687,90.86090087890625,255500
2026-03-23,92.67201352019968,94.10909320902518,92.13162830175226,93.01651763916016,442600
2026-03-24,91.6089702585347,92.92793860481021,91.6089702585347,92.44562530517578,358200
2026-03-25,94.05987687287615,94.23213269038622,93.30196779701053,93.82364654541016,267400
2026-03-26,92.46531106915634,93.29704726987516,91.73692234933512,91.78614044189453,349100
2026-03-27,91.32352260081353,91.80582839489695,90.52624052146362,90.7723159790039,339000
2026-03-30,91.64834518533821,91.98793052264996,90.73786297688287,91.1168212890625,267900
2026-03-31,92.62279929644023,94.14847011365407,92.16017624181563,94.11894226074219,430700
2026-04-01,95.67413243080745,96.28440225330075,95.27057259581123,95.72335052490234,523300
2026-04-02,93.57757335000339,95.34931962271604,93.46929954946945,95.09339904785156,314700
2026-04-06,95.13277047402413,95.80209599842397,95.13277047402413,95.5855484008789,317600
2026-04-07,94.85717110153604,95.64460806840124,93.9516077006818,95.45759582519531,323300
2026-04-08,99.58181324975905,99.65071407672046,98.53057812581419,99.24715423583984,314300
2026-04-09,98.12504861506677,99.42924549315892,97.9085010180341,98.95185852050781,291600
2026-04-10,99.37510795889501,99.58181043393445,98.7254726815749,99.06997680664062,239900
2026-04-13,98.09552452803977,99.81805274012068,98.0659891648888,99.72946166992188,205000
2026-04-14,100.24129173485548,100.75313287638676,100.16747210368595,100.57595825195312,204100
2026-04-15,100.41846908801865,100.51985656182354,100.06412733914942,100.42831420898438,496800
2026-04-16,100.62517468238539,100.62517468238539,99.82788513080062,100.0936508178711,229300
2026-04-17,101.5012060797172,102.1606864948436,101.2994224049074,101.38308715820312,287500
2026-04-20,100.81218766882733,101.0779533578856,100.43815569157597,100.94998931884766,360600
2026-04-21,100.40863061236885,100.42732958337848,98.76976718333786,98.92233276367188,283900
2026-04-22,99.54244114954966,99.54244114954966,98.84358775291354,99.19793701171875,185100
2026-04-23,98.78452922115213,99.23730714787033,97.39666007891928,98.37112426757812,192400
2026-04-24,98.44002256896997,99.03060213173583,98.37112174514107,98.91248321533203,221200
2026-04-27,98.98139073914348,99.24715644163489,98.5384579144939,98.63688659667969,195600
2026-04-28,98.07582879002068,98.32190423509995,97.77069764120291,98.14472961425781,192700
2026-04-29,97.58368098751662,97.72148264035107,96.7548960386464,97.16043090820312,469900
2026-04-30,98.39080440753865,99.73930054110537,98.26284788041067,99.49322509765625,222600
2026-05-01,99.23730579390045,100.02770151006683,99.19301401582756,99.25698852539062,506300
2026-05-04,98.47939862680664,98.86327573011398,97.49509682147975,97.92818450927734,288100
2026-05-05,98.79437630014668,99.39480101065058,98.4400270444517,99.24715423583984,315400
2026-05-06,101.37323938864614,101.98350920274999,101.37323938864614,101.85555267333984,314600
2026-05-07,101.7472787579757,101.7472787579757,99.93615955897448,99.97553253173828,330100
2026-05-08,100.79250726505558,101.00905486569636,100.44800313204838,100.98936462402344,231100
2026-05-11,100.71376381181545,100.94507534462596,100.5562794226664,100.77281951904297,294400
2026-05-12,99.75898958740726,100.17239455626124,99.36526735103949,100.05428314208984,194600
2026-05-13,99.82788517292273,100.7432861328125,99.80820244147019,100.7432861328125,283400
2026-05-14,100.74328961986016,100.88109127367771,100.39878548531632,100.47753143310547,207400
2026-05-15,99.07982675940407,99.22746602761357,98.69594213317814,98.89280700683594,156100
2026-05-18,99.70977387906024,99.96371941418462,99.02075812340618,99.83773040771484,247900
2026-05-19,99.38495775534756,99.6467809027157,98.99123551833723,99.14872741699219,180100
2026-05-20,99.27668087451929,100.97951879557668,99.11918898074713,100.78266143798828,232000
2026-05-21,99.9066327587399,101.61931578905137,99.80327776544335,101.22559356689453,234300
2026-05-22,101.392930343401,101.6783787660571,100.98936300148583,101.15669250488281,167300
2026-05-26,102.47074271775345,102.62330829599411,101.93429252669118,102.26895904541016,215100
2026-05-27,102.20989464703587,102.2492676199367,101.68821589794653,101.92445373535156,301800
2026-05-28,101.38308746244792,102.13115894836152,101.16653986050238,101.77680969238281,756700
2026-05-29,102.16068382557842,102.58885270173599,101.84570755273084,101.85555267333984,620000
2026-06-01,101.16653707123342,101.98350936163881,100.79742389890134,101.5996322631836,265500
2026-06-02,101.74728005528176,102.30340546729775,101.72267100828728,102.20005798339844,259500
2026-06-03,101.99335253369506,101.99335253369506,101.28465405481678,101.37323760986328,175800
2026-06-04,101.68821538458769,102.20300780337455,101.59077046874141,102.11146545410156,263100
2026-06-05,101.34371387699456,101.34371387699456,99.15856264818646,99.43416595458984,198700
2026-06-08,100.4873655237691,100.61532956184995,99.92139500182073,100.0936508178711,225000
2026-06-09,101.04843033528297,101.41261720933151,98.73531500732946,100.12318420410156,597900
2026-06-10,99.43416445981741,100.11333510440656,98.6565726468516,98.69593811035156,271300
2026-06-11,99.73930026877336,101.99335222576788,99.47846090019962,101.88507843017578,243900
2026-06-12,101.8161849397879,102.3969194219482,101.378170920482,102.14099884033203,166300
2026-06-15,103.41000366210938,103.41999816894531,102.62000274658203,102.81999969482422,554700
2026-06-16,103.37000274658203,103.5,102.91000366210938,102.93000030517578,174100
2026-06-17,103.7699966430664,104.16500091552734,102.33000183105469,102.48999786376953,645300
2026-06-18,103.31999969482422,103.43000030517578,102.94999694824219,103.13999938964844,285400
2026-06-22,103.51000213623047,103.73799896240234,103.30999755859375,103.55000305175781,762500
2026-06-23,101.2699966430664,101.86000061035156,101.19000244140625,101.33000183105469,308400
2026-06-24,101.16000366210938,101.55999755859375,100.87999725341797,101.20999908447266,650400
2026-06-25,102.38999938964844,102.66000366210938,101.69999694824219,102.13999938964844,326900
2026-06-26,101.5199966430664,102.05899810791016,101.33999633789062,101.52999877929688,301300
2026-06-29,101.9000015258789,102.52999877929688,101.27999877929688,102.4800033569336,180000
2026-06-30,102.37999725341797,103.01000213623047,102.30999755859375,102.80999755859375,200100
2026-07-01,102.11000061035156,102.62000274658203,101.97000122070312,102.05000305175781,262400
2026-07-02,103.61000061035156,104.20999908447266,102.6709976196289,103.30999755859375,244000
2026-07-06,103.9800033569336,104.5,103.81999969482422,104.41999816894531,176100
2026-07-07,103.87000274658203,104.06999969482422,102.79000091552734,103.05999755859375,241700
2026-07-08,101.79000091552734,102.41999816894531,101.2300033569336,102.36000061035156,185100
2026-07-09,102.62999725341797,103.25,102.62999725341797,103.08000183105469,162800
2026-07-10,103.29000091552734,103.63500213623047,102.78500366210938,103.38999938964844,157600
2026-07-13,102.87999725341797,103.05999755859375,102.08999633789062,102.31999969482422,226300
2026-07-14,103.37000274658203,103.87000274658203,103.01000213623047,103.08000183105469,174900
2026-07-15,103.52999877929688,103.81999969482422,102.88999938964844,103.69000244140625,147800
2026-07-16,102.66000366210938,103.29499816894531,102.55500030517578,102.87000274658203,176400
2026-07-17,101.58000183105469,102.56900024414062,101.58000183105469,102.4000015258789,158700
2026-07-20,102.4800033569336,102.4800033569336,101.58000183105469,101.69000244140625,214000
2026-07-21,102.52999877929688,103.27999877929688,102.18000030517578,103.1500015258789,184100
2026-07-22,103.54000091552734,103.7300033569336,103.39469909667969,103.42009735107422,92827
