date,open,high,low,close,volume
2016-12-06,42.09287643432617,42.09287643432617,42.09287643432617,42.09287643432617,100
2016-12-07,42.09287643432617,42.09287643432617,42.09287643432617,42.09287643432617,0
2016-12-08,42.09287643432617,42.09287643432617,42.09287643432617,42.09287643432617,0
2016-12-09,42.09287643432617,42.09287643432617,42.09287643432617,42.09287643432617,0
2016-12-12,42.09287643432617,42.09287643432617,42.09287643432617,42.09287643432617,0
2016-12-13,43.32270812988281,43.32270812988281,43.32270812988281,43.32270812988281,200
2016-12-14,43.32270812988281,43.32270812988281,43.32270812988281,43.32270812988281,0
2016-12-15,43.32270812988281,43.32270812988281,43.32270812988281,43.32270812988281,0
2016-12-16,43.32270812988281,43.32270812988281,43.32270812988281,43.32270812988281,0
2016-12-19,43.32270812988281,43.32270812988281,43.32270812988281,43.32270812988281,0
2016-12-20,43.32270812988281,43.32270812988281,43.32270812988281,43.32270812988281,0
2016-12-21,43.32270812988281,43.32270812988281,43.32270812988281,43.32270812988281,0
2016-12-22,43.32270812988281,43.32270812988281,43.32270812988281,43.32270812988281,0
2016-12-23,43.2878199390561,43.2878199390561,43.00871276855469,43.00871276855469,300
2016-12-27,43.00871276855469,43.00871276855469,43.00871276855469,43.00871276855469,0
2016-12-28,43.00871276855469,43.00871276855469,43.00871276855469,43.00871276855469,0
2016-12-29,42.81681804143322,42.86042790553544,42.81681804143322,42.84821701049805,4500
2016-12-30,42.84821701049805,42.84821701049805,42.84821701049805,42.84821701049805,0
2017-01-03,42.84821701049805,42.84821701049805,42.84821701049805,42.84821701049805,0
2017-01-04,42.84821701049805,42.84821701049805,42.84821701049805,42.84821701049805,100
2017-01-05,42.84821701049805,42.84821701049805,42.84821701049805,42.84821701049805,0
2017-01-06,43.4884147644043,43.4884147644043,43.4884147644043,43.4884147644043,300
2017-01-09,43.305266842122,43.37504197482553,43.2965428710215,43.32270812988281,1000
2017-01-10,43.24420473249348,43.392478942871094,43.24420473249348,43.392478942871094,200
2017-01-11,43.392478942871094,43.392478942871094,43.392478942871094,43.392478942871094,0
2017-01-12,43.392478942871094,43.392478942871094,43.392478942871094,43.392478942871094,0
2017-01-13,43.392478942871094,43.392478942871094,43.392478942871094,43.392478942871094,0
2017-01-17,43.22676086425781,43.22676086425781,43.22676086425781,43.22676086425781,200
2017-01-18,43.22676086425781,43.22676086425781,43.22676086425781,43.22676086425781,200
2017-01-19,43.22676086425781,43.22676086425781,43.22676086425781,43.22676086425781,0
2017-01-20,43.22676086425781,43.22676086425781,43.22676086425781,43.22676086425781,0
2017-01-23,43.22676086425781,43.22676086425781,43.22676086425781,43.22676086425781,0
2017-01-24,43.383765407666054,43.532039642333984,43.3567250902541,43.532039642333984,3800
2017-01-25,43.532039642333984,43.532039642333984,43.532039642333984,43.532039642333984,0
2017-01-26,43.532039642333984,43.532039642333984,43.532039642333984,43.532039642333984,0
2017-01-27,43.73264694213867,43.73264694213867,43.73264694213867,43.73264694213867,400
2017-01-30,43.73264694213867,43.73264694213867,43.73264694213867,43.73264694213867,0
2017-01-31,43.73264694213867,43.73264694213867,43.73264694213867,43.73264694213867,0
2017-02-01,43.73264694213867,43.73264694213867,43.73264694213867,43.73264694213867,0
2017-02-02,43.73264694213867,43.73264694213867,43.73264694213867,43.73264694213867,0
2017-02-03,43.73264694213867,43.73264694213867,43.73264694213867,43.73264694213867,0
2017-02-06,43.73264694213867,43.73264694213867,43.73264694213867,43.73264694213867,0
2017-02-07,43.837311036630524,43.837311036630524,43.828590393066406,43.828590393066406,1700
2017-02-08,43.828590393066406,43.828590393066406,43.828590393066406,43.828590393066406,0
2017-02-09,43.828590393066406,43.828590393066406,43.828590393066406,43.828590393066406,0
2017-02-10,44.38679627088327,44.38679627088327,44.046634674072266,44.046634674072266,2000
2017-02-13,44.046634674072266,44.046634674072266,44.046634674072266,44.046634674072266,0
2017-02-14,44.046634674072266,44.046634674072266,44.046634674072266,44.046634674072266,0
2017-02-15,44.046634674072266,44.046634674072266,44.046634674072266,44.046634674072266,0
2017-02-16,44.046634674072266,44.046634674072266,44.046634674072266,44.046634674072266,0
2017-02-17,44.046634674072266,44.046634674072266,44.046634674072266,44.046634674072266,0
2017-02-21,44.046634674072266,44.046634674072266,44.046634674072266,44.046634674072266,0
2017-02-22,44.046634674072266,44.046634674072266,44.046634674072266,44.046634674072266,0
2017-02-23,44.046634674072266,44.046634674072266,44.046634674072266,44.046634674072266,0
2017-02-24,44.046634674072266,44.046634674072266,44.046634674072266,44.046634674072266,0
2017-02-27,44.927558202369596,45.163055419921875,44.927558202369596,45.163055419921875,900
2017-02-28,45.163055419921875,45.163055419921875,45.163055419921875,45.163055419921875,0
2017-03-01,45.163055419921875,45.163055419921875,45.163055419921875,45.163055419921875,0
2017-03-02,45.163055419921875,45.163055419921875,45.163055419921875,45.163055419921875,7500
2017-03-03,45.163055419921875,45.163055419921875,45.163055419921875,45.163055419921875,0
2017-03-06,45.163055419921875,45.163055419921875,45.163055419921875,45.163055419921875,0
2017-03-07,45.163055419921875,45.163055419921875,45.163055419921875,45.163055419921875,0
2017-03-08,45.26774215698242,45.26774215698242,45.26774215698242,45.26774215698242,200
2017-03-09,45.224117279052734,45.224117279052734,45.224117279052734,45.224117279052734,400
2017-03-10,45.224117279052734,45.224117279052734,45.224117279052734,45.224117279052734,0
2017-03-13,45.224117279052734,45.224117279052734,45.224117279052734,45.224117279052734,0
2017-03-14,45.2415657043457,45.2415657043457,45.2415657043457,45.2415657043457,300
2017-03-15,45.2415657043457,45.2415657043457,45.2415657043457,45.2415657043457,0
2017-03-16,45.2415657043457,45.2415657043457,45.2415657043457,45.2415657043457,0
2017-03-17,45.2415657043457,45.2415657043457,45.2415657043457,45.2415657043457,0
2017-03-20,45.2415657043457,45.2415657043457,45.2415657043457,45.2415657043457,5000
2017-03-21,45.006065613388074,45.040954835908536,44.97990036010742,44.97990036010742,2300
2017-03-22,44.97990036010742,44.97990036010742,44.97990036010742,44.97990036010742,0
2017-03-23,45.171791076660156,45.171791076660156,45.171791076660156,45.171791076660156,300
2017-03-24,45.45351028442383,45.45351028442383,45.45351028442383,45.45351028442383,0
2017-03-27,45.45351028442383,45.45351028442383,45.45351028442383,45.45351028442383,0
2017-03-28,45.45351028442383,45.45351028442383,45.45351028442383,45.45351028442383,0
2017-03-29,45.45351028442383,45.45351028442383,45.45351028442383,45.45351028442383,0
2017-03-30,45.383304595947266,45.383304595947266,45.383304595947266,45.383304595947266,200
2017-03-31,45.383304595947266,45.383304595947266,45.383304595947266,45.383304595947266,0
2017-04-03,45.26042938232422,45.26042938232422,45.26042938232422,45.26042938232422,100
2017-04-04,45.26042938232422,45.26042938232422,45.26042938232422,45.26042938232422,0
2017-04-05,45.26042938232422,45.26042938232422,45.26042938232422,45.26042938232422,0
2017-04-06,45.304303775247746,45.304303775247746,45.284996032714844,45.284996032714844,500
2017-04-07,45.284996032714844,45.284996032714844,45.284996032714844,45.284996032714844,0
2017-04-10,45.284996032714844,45.284996032714844,45.284996032714844,45.284996032714844,0
2017-04-11,45.284996032714844,45.284996032714844,45.284996032714844,45.284996032714844,0
2017-04-12,45.284996032714844,45.284996032714844,45.284996032714844,45.284996032714844,0
2017-04-13,45.02347946166992,45.02347946166992,45.02347946166992,45.02347946166992,200
2017-04-17,45.02347946166992,45.02347946166992,45.02347946166992,45.02347946166992,0
2017-04-18,45.02347946166992,45.02347946166992,45.02347946166992,45.02347946166992,0
2017-04-19,45.02347946166992,45.02347946166992,45.02347946166992,45.02347946166992,0
2017-04-20,45.02347946166992,45.02347946166992,45.02347946166992,45.02347946166992,0
2017-04-21,45.02347946166992,45.02347946166992,45.02347946166992,45.02347946166992,0
2017-04-24,45.02347946166992,45.02347946166992,45.02347946166992,45.02347946166992,0
2017-04-25,45.84318923950195,45.84318923950195,45.84318923950195,45.84318923950195,200
2017-04-26,45.84318923950195,45.84318923950195,45.84318923950195,45.84318923950195,0
2017-04-27,45.84318923950195,45.84318923950195,45.84318923950195,45.84318923950195,0
2017-04-28,45.84318923950195,45.84318923950195,45.84318923950195,45.84318923950195,0
2017-05-01,45.84318923950195,45.84318923950195,45.84318923950195,45.84318923950195,0
2017-05-02,45.918663024902344,45.918663024902344,45.918663024902344,45.918663024902344,300
2017-05-03,45.918663024902344,45.918663024902344,45.918663024902344,45.918663024902344,0
2017-05-04,45.918663024902344,45.918663024902344,45.918663024902344,45.918663024902344,0
2017-05-05,45.918663024902344,45.918663024902344,45.918663024902344,45.918663024902344,0
2017-05-08,46.11175537109375,46.11175537109375,46.11175537109375,46.11175537109375,1000
2017-05-09,46.11175537109375,46.11175537109375,46.11175537109375,46.11175537109375,0
2017-05-10,46.11175537109375,46.11175537109375,46.11175537109375,46.11175537109375,0
2017-05-11,45.909895896925086,46.01521301269531,45.909895896925086,46.01521301269531,300
2017-05-12,46.01521301269531,46.01521301269531,46.01521301269531,46.01521301269531,0
2017-05-15,46.169673919677734,46.169673919677734,46.169673919677734,46.169673919677734,1000
2017-05-16,46.169673919677734,46.169673919677734,46.169673919677734,46.169673919677734,0
2017-05-17,45.85723618254845,45.85723618254845,45.84846115112305,45.84846115112305,4400
2017-05-18,45.84846115112305,45.84846115112305,45.84846115112305,45.84846115112305,0
2017-05-19,45.84846115112305,45.84846115112305,45.84846115112305,45.84846115112305,0
2017-05-22,45.93621748085135,46.00642776489258,45.93621748085135,46.00642776489258,400
2017-05-23,46.00642776489258,46.00642776489258,46.00642776489258,46.00642776489258,10100
2017-05-24,46.14422440241501,46.234622955322266,46.14422440241501,46.234622955322266,2100
2017-05-25,46.234622955322266,46.234622955322266,46.234622955322266,46.234622955322266,0
2017-05-26,46.506691738622955,46.506691738622955,46.482117636899076,46.4979133605957,1600
2017-05-30,46.4979133605957,46.4979133605957,46.4979133605957,46.4979133605957,0
2017-05-31,46.4979133605957,46.4979133605957,46.4979133605957,46.4979133605957,0
2017-06-01,46.4979133605957,46.4979133605957,46.4979133605957,46.4979133605957,0
2017-06-02,46.95429992675781,46.95429992675781,46.95429992675781,46.95429992675781,200
2017-06-05,46.98063095720782,46.98063095720782,46.92358487905022,46.963077545166016,600
2017-06-06,46.963077545166016,46.963077545166016,46.963077545166016,46.963077545166016,0
2017-06-07,46.963077545166016,46.963077545166016,46.963077545166016,46.963077545166016,0
2017-06-08,46.82001495361328,46.82001495361328,46.82001495361328,46.82001495361328,400
2017-06-09,46.82001495361328,46.82001495361328,46.82001495361328,46.82001495361328,0
2017-06-12,46.82001495361328,46.82001495361328,46.82001495361328,46.82001495361328,0
2017-06-13,47.00695083623017,47.00695083623017,46.9771103781187,46.985008239746094,1000
2017-06-14,46.985008239746094,46.985008239746094,46.985008239746094,46.985008239746094,0
2017-06-15,46.76998507610821,46.781394958496094,46.76998507610821,46.781394958496094,200
2017-06-16,46.84897689526062,46.86653030412004,46.733127075164774,46.8401985168457,17700
2017-06-19,46.8401985168457,46.8401985168457,46.8401985168457,46.8401985168457,17300
2017-06-20,47.12105178833008,47.12105178833008,47.12105178833008,47.12105178833008,300
2017-06-21,47.12105178833008,47.12105178833008,47.12105178833008,47.12105178833008,0
2017-06-22,47.12105178833008,47.12105178833008,47.12105178833008,47.12105178833008,0
2017-06-23,46.9253350803834,47.033287048339844,46.9253350803834,47.033287048339844,400
2017-06-26,47.033287048339844,47.033287048339844,47.033287048339844,47.033287048339844,0
2017-06-27,47.037691930851906,47.037691930851906,46.75114822387695,46.75114822387695,600
2017-06-28,46.75114822387695,46.75114822387695,46.75114822387695,46.75114822387695,0
2017-06-29,46.75114822387695,46.75114822387695,46.75114822387695,46.75114822387695,0
2017-06-30,46.78200806161977,46.878990173339844,46.78200806161977,46.878990173339844,600
2017-07-03,46.878990173339844,46.878990173339844,46.878990173339844,46.878990173339844,0
2017-07-05,46.878990173339844,46.878990173339844,46.878990173339844,46.878990173339844,0
2017-07-06,46.61801323247739,46.64093780517578,46.60566974923162,46.64093780517578,800
2017-07-07,46.64093780517578,46.64093780517578,46.64093780517578,46.64093780517578,0
2017-07-10,46.64093780517578,46.64093780517578,46.64093780517578,46.64093780517578,0
2017-07-11,46.817264556884766,46.817264556884766,46.817264556884766,46.817264556884766,400
2017-07-12,46.817264556884766,46.817264556884766,46.817264556884766,46.817264556884766,0
2017-07-13,46.817264556884766,46.817264556884766,46.817264556884766,46.817264556884766,0
2017-07-14,46.817264556884766,46.817264556884766,46.817264556884766,46.817264556884766,0
2017-07-17,46.817264556884766,46.817264556884766,46.817264556884766,46.817264556884766,0
2017-07-18,47.416815089341064,47.44767379760742,47.35509767280836,47.44767379760742,1200
2017-07-19,47.44767379760742,47.44767379760742,47.44767379760742,47.44767379760742,0
2017-07-20,47.44767379760742,47.44767379760742,47.44767379760742,47.44767379760742,0
2017-07-21,47.44767379760742,47.44767379760742,47.44767379760742,47.44767379760742,0
2017-07-24,47.44767379760742,47.44767379760742,47.44767379760742,47.44767379760742,0
2017-07-25,47.44767379760742,47.44767379760742,47.44767379760742,47.44767379760742,0
2017-07-26,47.79153148638595,47.80387496948242,47.79153148638595,47.80387496948242,600
2017-07-27,47.823265075683594,47.823265075683594,47.823265075683594,47.823265075683594,100
2017-07-28,47.823265075683594,47.823265075683594,47.823265075683594,47.823265075683594,0
2017-07-31,47.70866012573242,47.70866012573242,47.70866012573242,47.70866012573242,500
2017-08-01,47.70866012573242,47.70866012573242,47.70866012573242,47.70866012573242,100
2017-08-02,47.59315490722656,47.59315490722656,47.59315490722656,47.59315490722656,3000
2017-08-03,47.57552262528693,47.64605874441192,47.57552262528693,47.619606018066406,17700
2017-08-04,47.619606018066406,47.619606018066406,47.619606018066406,47.619606018066406,0
2017-08-07,47.619606018066406,47.619606018066406,47.619606018066406,47.619606018066406,0
2017-08-08,47.88410568237305,47.88410568237305,47.88410568237305,47.88410568237305,1200
2017-08-09,47.88410568237305,47.88410568237305,47.88410568237305,47.88410568237305,0
2017-08-10,47.88410568237305,47.88410568237305,47.88410568237305,47.88410568237305,0
2017-08-11,47.090579986572266,47.090579986572266,47.090579986572266,47.090579986572266,100
2017-08-14,47.59315579090055,47.62842384982267,47.355101438197075,47.60197448730469,1600
2017-08-15,47.60197448730469,47.60197448730469,47.60197448730469,47.60197448730469,0
2017-08-16,47.61079406738281,47.61079406738281,47.61079406738281,47.61079406738281,300
2017-08-17,47.61079406738281,47.61079406738281,47.61079406738281,47.61079406738281,0
2017-08-18,47.61079406738281,47.61079406738281,47.61079406738281,47.61079406738281,0
2017-08-21,47.61079406738281,47.61079406738281,47.61079406738281,47.61079406738281,5100
2017-08-22,47.61079406738281,47.61079406738281,47.61079406738281,47.61079406738281,0
2017-08-23,47.20520957731831,47.231658935546875,47.20520957731831,47.231658935546875,300
2017-08-24,47.19110589744386,47.258113861083984,47.19110589744386,47.258113861083984,179700
2017-08-25,47.34627768244461,47.34627768244461,47.24047688784697,47.27574157714844,4200
2017-08-28,47.16994857788086,47.16994857788086,47.16994857788086,47.16994857788086,200
2017-08-29,47.16994857788086,47.16994857788086,47.16994857788086,47.16994857788086,0
2017-08-30,47.49616505045248,47.53143310546875,47.49616505045248,47.53143310546875,1400
2017-08-31,47.654873592290215,47.769493103027344,47.654873592290215,47.769493103027344,1000
2017-09-01,47.909672960674136,47.91055415750832,47.87440490722656,47.87440490722656,700
2017-09-05,47.87440490722656,47.87440490722656,47.87440490722656,47.87440490722656,0
2017-09-06,47.87440490722656,47.87440490722656,47.87440490722656,47.87440490722656,0
2017-09-07,47.63105392456055,47.63105392456055,47.63105392456055,47.63105392456055,100
2017-09-08,47.628414154052734,47.628414154052734,47.628414154052734,47.628414154052734,200
2017-09-11,47.97228309882975,48.10453664937008,47.97228309882975,48.0869026184082,2200
2017-09-12,48.26322937011719,48.26322937011719,48.26322937011719,48.26322937011719,200
2017-09-13,48.28087615966797,48.28087615966797,48.28087615966797,48.28087615966797,100
2017-09-14,48.20151683338648,48.20151683338648,48.15743343943094,48.16625213623047,9200
2017-09-15,48.29409408569336,48.29409408569336,48.29409408569336,48.29409408569336,100
2017-09-18,48.29409408569336,48.29409408569336,48.29409408569336,48.29409408569336,0
2017-09-19,48.29409408569336,48.29409408569336,48.29409408569336,48.29409408569336,0
2017-09-20,48.43515543927916,48.43515543927916,48.35139465332031,48.35139465332031,1700
2017-09-21,48.35139465332031,48.35139465332031,48.35139465332031,48.35139465332031,0
2017-09-22,48.35139465332031,48.35139465332031,48.35139465332031,48.35139465332031,0
2017-09-25,48.34258270263672,48.34258270263672,48.34258270263672,48.34258270263672,200
2017-09-26,48.28508244465693,48.28773498535156,48.27623389287407,48.28773498535156,600
2017-09-27,48.23111095327581,48.426622751098684,48.2143014068099,48.41777420043945,1000
2017-09-28,48.386809810181525,48.462005615234375,48.386809810181525,48.462005615234375,600
2017-09-29,48.462005615234375,48.462005615234375,48.462005615234375,48.462005615234375,0
2017-10-02,48.462005615234375,48.462005615234375,48.462005615234375,48.462005615234375,0
2017-10-03,48.8954963684082,48.8954963684082,48.8954963684082,48.8954963684082,100
2017-10-04,48.93972407629232,49.01934415327666,48.909645080566406,48.909645080566406,1900
2017-10-05,49.06800053838655,49.24935531616211,49.06800053838655,49.24935531616211,7200
2017-10-06,49.19627109788036,49.23077098904616,49.19627109788036,49.205116271972656,600
2017-10-09,49.293597238636075,49.293597238636075,49.10781478881836,49.10781478881836,1100
2017-10-10,49.10781478881836,49.10781478881836,49.10781478881836,49.10781478881836,0
2017-10-11,49.28474426269531,49.28474426269531,49.28474426269531,49.28474426269531,200
2017-10-12,49.33782698877932,49.36436589088933,49.29359436035156,49.29359436035156,1400
2017-10-13,49.45284614660752,49.45284614660752,49.417458685654026,49.42630386352539,1000
2017-10-16,49.444880668615006,49.444880668615006,49.417457580566406,49.417457580566406,1600
2017-10-17,49.55899489880017,49.55899489880017,49.435142185827544,49.45372009277344,1000
2017-10-18,49.56871994837093,49.60057067871094,49.567835768316996,49.60057067871094,400
2017-10-19,49.52361026445554,49.61207890356757,49.49176290426861,49.6041145324707,800
2017-10-20,49.6041145324707,49.6041145324707,49.6041145324707,49.6041145324707,0
2017-10-23,49.93055676688911,49.93055676688911,49.65011978149414,49.65011978149414,800
2017-10-24,49.87747806565782,49.87747806565782,49.77043151855469,49.77043151855469,1300
2017-10-25,49.624470510307624,49.624470510307624,49.417457580566406,49.417457580566406,3600
2017-10-26,49.64746353431306,49.69169616699219,49.64746353431306,49.69169616699219,31100
2017-10-27,50.01813965996503,50.0897953757293,50.0101752889763,50.045562744140625,23600
2017-10-30,50.03671329676018,50.03671329676018,49.82881623383194,49.8332405090332,6000
2017-10-31,49.8332405090332,49.8332405090332,49.8332405090332,49.8332405090332,0
2017-11-01,50.03671762286534,50.03671762286534,50.01902389526367,50.01902389526367,800
2017-11-02,49.850926361694974,50.06324768066406,49.850926361694974,50.06324768066406,24500
2017-11-03,50.160562105050595,50.19594955444336,50.010167132497806,50.19594955444336,4500
2017-11-06,50.19595740587691,50.2667289409993,50.19595740587691,50.2304573059082,3200
2017-11-07,50.25081215515078,50.25081215515078,50.10130468843923,50.17827224731445,9900
2017-11-08,50.24019494965679,50.31096649169922,50.21454022348224,50.31096649169922,13900
2017-11-09,49.895163464421714,50.07209396362305,49.895163464421714,50.07209396362305,4100
2017-11-10,49.948240158941935,50.06324768066406,49.948240158941935,50.06324768066406,2900
2017-11-13,50.03671762286534,50.08095025450277,49.996021711908156,50.01902389526367,5300
2017-11-14,49.82350828340656,49.98274844493401,49.82350828340656,49.94736099243164,2900
2017-11-15,49.766010617649734,49.84120642983611,49.766010617649734,49.77043151855469,1000
2017-11-16,50.16056021774831,50.16852121240563,50.09420959631657,50.13401794433594,1900
2017-11-17,50.02787250401792,50.0588356857618,49.932330418094125,49.99248504638672,3100
2017-11-20,50.12518399481748,50.12518399481748,49.992482722236616,50.027870178222656,8600
2017-11-21,50.240183909365975,50.34634288646805,50.204796458754274,50.33749771118164,5400
2017-11-22,50.337500256249264,50.337500256249264,50.27999480241451,50.336612701416016,1900
2017-11-24,50.33308624910837,50.42597579956055,50.32070097571474,50.42597579956055,3400
2017-11-27,50.44278424193286,50.44278424193286,50.440128326416016,50.440128326416016,700
2017-11-28,50.85060501098633,50.85060501098633,50.85060501098633,50.85060501098633,400
2017-11-29,50.992151393117865,50.992151393117865,50.824066055848256,50.87714385986328,5700
2017-11-30,51.1823578978892,51.4344876067563,51.1823578978892,51.31859588623047,700
2017-12-01,51.31062873184091,51.31062873184091,50.85060200031161,51.11600112915039,1800
2017-12-04,51.54064982103216,51.54064982103216,51.2310180099735,51.2575569152832,1300
2017-12-05,51.26639959518911,51.26639959518911,51.03992462158203,51.03992462158203,4300
2017-12-06,51.03992462158203,51.03992462158203,51.03992462158203,51.03992462158203,0
2017-12-07,50.850618139861226,51.07178471321208,50.779846591250674,50.992164611816406,3400
2017-12-08,51.213314056396484,51.213314056396484,51.213314056396484,51.213314056396484,600
2017-12-11,51.26374744622956,51.407949808553155,51.26374744622956,51.39910125732422,9000
2017-12-12,51.47872697880849,51.48757553100586,51.46192080415445,51.48757553100586,2900
2017-12-13,51.611419677734375,51.62911340445169,51.56718704830776,51.611419677734375,2000
2017-12-14,51.51409360247404,51.51409360247404,51.34600830078125,51.34600830078125,1200
2017-12-15,51.8060439847299,51.8060439847299,51.79719543457031,51.79719543457031,4600
2017-12-18,52.08028576399815,52.08028576399815,51.987396240234375,51.987396240234375,2000
2017-12-19,51.9207058455259,51.9207058455259,51.82287595124022,51.83176803588867,1600
2017-12-20,52.11635499099122,52.11635499099122,51.778401539277766,51.84865951538086,1900
2017-12-21,51.92958560689156,52.014075657839165,51.92958560689156,51.99184036254883,1600
2017-12-22,52.01853305736524,52.01853305736524,51.87623596191406,51.87623596191406,500
2017-12-26,51.813972891778455,51.83087158203125,51.80508080843123,51.83087158203125,4600
2017-12-27,51.83176803588867,51.83176803588867,51.83176803588867,51.83176803588867,400
2017-12-28,51.902915954589844,51.902915954589844,51.902915954589844,51.902915954589844,800
2017-12-29,51.911807691304084,51.911807691304084,51.87534370012774,51.87623596191406,4100
2018-01-02,51.88511840894061,52.00962792025515,51.88511840894061,51.99184036254883,1100
2018-01-03,52.28978242285473,52.436527252197266,52.28978242285473,52.436527252197266,1800
2018-01-04,52.6899877568993,52.712223052978516,52.663308115708126,52.712223052978516,1000
2018-01-05,52.943466583037456,52.952362060546875,52.8073949537668,52.952362060546875,7300
2018-01-08,53.094658135022414,53.14801742851925,52.99326937064341,53.1151123046875,9000
2018-01-09,53.06797194720946,53.37035369873047,53.06797194720946,53.37035369873047,1500
2018-01-10,53.005714091773385,53.005714091773385,52.97014236450195,52.97014236450195,600
2018-01-11,53.274314880371094,53.274314880371094,53.274314880371094,53.274314880371094,400
2018-01-12,53.70830033660117,53.841705322265625,53.70830033660117,53.841705322265625,600
2018-01-16,53.93953424083764,53.93953424083764,53.784786224365234,53.784786224365234,500
2018-01-17,54.169004443444145,54.281951904296875,54.169004443444145,54.281951904296875,10400
2018-01-18,54.06405583065838,54.25971221923828,54.06405583065838,54.25971221923828,1500
2018-01-19,54.26861184407958,54.27750392907314,54.261497497558594,54.261497497558594,900
2018-01-22,54.57987890507776,54.73107147216797,54.544307176906756,54.73107147216797,2300
2018-01-23,55.024549936315346,55.033445411569666,54.91605024367296,54.93561553955078,7400
2018-01-24,54.918728637582575,55.01566966140791,54.83779743707325,54.96230697631836,1400
2018-01-25,55.26468873989813,55.26468873989813,54.96230697631836,54.96230697631836,700
2018-01-26,55.39809817208695,55.64711727042647,55.39809817208695,55.62043762207031,3100
2018-01-29,55.469242837824936,55.504817962646484,55.453236406496686,55.504817962646484,1300
2018-01-30,55.05124495951923,55.05124495951923,54.757755279541016,54.757755279541016,8600
2018-01-31,54.82890701293945,54.82890701293945,54.80133510405422,54.82890701293945,1500
2018-02-01,54.62879802648459,54.88671258307575,54.62879802648459,54.748863220214844,1800
2018-02-02,54.215247703879875,54.215247703879875,53.56156921386719,53.56156921386719,600
2018-02-05,53.27253733885551,53.48598132605448,51.58275604248047,51.58275604248047,1700
2018-02-06,51.813983715357395,51.813983715357395,51.35774612426758,51.35774612426758,489500
2018-02-07,52.2319734767162,52.53346633911133,52.2319734767162,52.53346633911133,400
2018-02-08,52.17860713002699,52.17860713002699,51.08469772338867,51.08469772338867,1500
2018-02-09,50.72451173852489,50.72451173852489,49.40381512954765,50.39989471435547,3400
2018-02-12,51.30704271243965,51.805084228515625,51.138065976646324,51.805084228515625,4700
2018-02-13,51.200325961860564,51.68947205123958,51.200325961860564,51.667240142822266,1400
2018-02-14,51.387092047016246,52.41874694824219,51.387092047016246,52.41874694824219,24500
2018-02-15,52.68377630258462,52.85364532470703,52.68377630258462,52.85364532470703,600
2018-02-16,52.738912533450254,53.3614636208867,52.738912533450254,53.04574203491211,2000
2018-02-20,52.898107386619785,53.28142034302394,52.867868871605005,53.00571823120117,6200
2018-02-21,53.032399872383095,53.34367370605469,53.032399872383095,53.34367370605469,2900
2018-02-22,54.25970215016609,54.25970215016609,52.65885925292969,52.65885925292969,4700
2018-02-23,52.92567851551243,52.95236155515538,52.92567851551243,52.93724060058594,1400
2018-02-26,53.477074222179034,53.74388082756576,53.477074222179034,53.7349853515625,7900
2018-02-27,54.02046660722211,54.126299691646196,53.44149398803711,53.44149398803711,2100
2018-02-28,53.628255893888806,53.628255893888806,52.89009094238281,52.89009094238281,5400
2018-03-01,52.8989989555166,52.8989989555166,51.80331158357736,52.089683532714844,5500
2018-03-02,51.62721024670987,52.1341438293457,51.62721024670987,52.1341438293457,19400
2018-03-05,52.294232398261336,52.97903823852539,52.294232398261336,52.97903823852539,1000
2018-03-06,52.98348746362211,53.13023230335978,52.81450732357371,53.05018997192383,2600
2018-03-07,52.89010979844632,53.103553771972656,52.60106783302489,53.103553771972656,8700
2018-03-08,53.38813984175386,53.38813984175386,53.15690834032289,53.272525787353516,3200
2018-03-09,53.65939593017661,54.21969223022461,53.61937646220265,54.21969223022461,8200
2018-03-12,54.2374806839553,54.27750015258789,54.21969312257511,54.27750015258789,9400
2018-03-13,54.428685050777155,54.428685050777155,53.85771560668945,53.85771560668945,7800
2018-03-14,54.03737604944543,54.03737604944543,53.53044239723745,53.583805084228516,22400
2018-03-15,53.610492733149734,53.761685339209,53.47442108401195,53.601600646972656,3900
2018-03-16,53.68963423274014,53.77946090698242,53.65405911070575,53.77946090698242,3600
2018-03-19,53.548220526651605,53.548220526651605,52.80116000353,52.8634147644043,11900
2018-03-20,52.96925423934895,53.03240126952623,52.942574593654314,53.00571823120117,2600
2018-03-21,53.21027915136661,53.21027915136661,53.103553771972656,53.103553771972656,5400
2018-03-22,52.47107411903389,52.47107411903389,52.42647171020508,52.42647171020508,4100
2018-03-23,51.88231951860167,51.88231951860167,50.51835748423156,50.56474304199219,27200
2018-03-26,51.15975065460784,51.86448040056465,51.11514823840913,51.81095886230469,3100
2018-03-27,52.11424656701,52.11424656701,50.954566955566406,50.954566955566406,6700
2018-03-28,50.614688787625035,51.070533744621535,50.599525262823036,50.883201599121094,2600
2018-03-29,51.11514298955209,51.63254049257662,50.90996917374971,51.55314636230469,7900
2018-04-02,50.4014984774685,50.45502341772643,49.982228286146785,50.32121276855469,5700
2018-04-03,50.52637701297821,50.85108947753906,50.27660081173564,50.85108947753906,3200
2018-04-04,50.63252058049726,51.587921142578125,50.63252058049726,51.587921142578125,1300
2018-04-05,51.812744140625,51.812744140625,51.812744140625,51.812744140625,200
2018-04-06,51.7931150036191,51.7931150036191,50.55314610738696,50.57991027832031,8500
2018-04-09,51.11513967599881,51.65037878956294,50.90104675292969,50.90104675292969,5100
2018-04-10,51.63253753019782,51.92691615234771,51.50764942365268,51.837711334228516,3700
2018-04-11,51.52548477602638,51.80202514140411,51.52548477602638,51.59685134887695,10700
2018-04-12,51.989358623818084,52.14101089354144,51.989358623818084,52.10532760620117,2800
2018-04-13,52.40864253388039,52.40864253388039,51.81096262690832,51.998294830322266,3100
2018-04-16,52.38187082772268,52.47910319703685,52.28374348367257,52.33726501464844,3200
2018-04-17,52.75029493253879,52.899269104003906,52.75029493253879,52.899269104003906,14300
2018-04-18,53.05983800633405,53.05983800633405,53.033077239990234,53.033077239990234,600
2018-04-19,52.81004388858688,52.81004388858688,52.48890118947249,52.58702850341797,2300
2018-04-20,52.62272773272601,52.62272773272601,52.11871063158225,52.11960220336914,2600
2018-04-23,52.32834590482537,52.32834590482537,52.149932861328125,52.149932861328125,3500
2018-04-24,52.57811164223949,52.57811164223949,51.30246322951799,51.32030487060547,18500
2018-04-25,51.32031700538269,51.55046844482422,51.32031700538269,51.55046844482422,500
2018-04-26,51.90907767892752,52.283745424394674,51.90907767892752,52.24806213378906,20700
2018-04-27,52.36403098628357,52.36403098628357,52.099979400634766,52.099979400634766,2000
2018-04-30,52.099979400634766,52.099979400634766,52.099979400634766,52.099979400634766,0
2018-05-01,52.099979400634766,52.099979400634766,52.099979400634766,52.099979400634766,0
2018-05-02,51.81987447581419,51.81987447581419,51.77348551598709,51.793113708496094,3900
2018-05-03,51.33814590795046,51.5076397948157,50.803801865003,51.355987548828125,42000
2018-05-04,51.78418518203867,52.09640884399414,51.77526606161507,52.09640884399414,3000
2018-05-07,52.26500325976363,52.35509963973098,52.211478333018405,52.3345832824707,17400
2018-05-08,52.157963866441165,52.17669708289489,51.99828403921598,52.15885543823242,32500
2018-05-09,52.462161629109616,52.747621165227876,52.297128952344394,52.65841293334961,80200
2018-05-10,52.95279491809853,53.25609610015697,52.95279491809853,53.1927604675293,4900
2018-05-11,53.30960942657624,53.372056880657496,53.18918258594185,53.26500701904297,14400
2018-05-14,53.52816210217497,53.52816210217497,53.26411056518555,53.26411056518555,4200
2018-05-15,52.9260202940029,52.97954181609497,52.849300894488294,52.86178970336914,13500
2018-05-16,52.9884696931965,53.19364348882223,52.9884696931965,53.08659362792969,3500
2018-05-17,53.07767705557539,53.26500921671163,52.961708068847656,52.961708068847656,1100
2018-05-18,53.113363555506844,53.113363555506844,52.902836903707396,52.99739456176758,6800
2018-05-21,53.363132424148446,53.42557647302192,53.26946635083824,53.29355239868164,1800
2018-05-22,53.49694880072266,53.49694880072266,53.38097981050362,53.45234298706055,1600
2018-05-23,52.97062689545707,53.35421371459961,52.942971157631526,53.35421371459961,1200
2018-05-24,53.063409901090616,53.300697326660156,53.063409901090616,53.300697326660156,2000
2018-05-25,53.22041067201608,53.22932979336017,53.08660003123293,53.15796661376953,2500
2018-05-29,52.88142843805943,52.88142843805943,52.33459541797838,52.4710807800293,4100
2018-05-30,52.94386838844526,53.34529689358928,52.89748283380093,53.2560920715332,17200
2018-05-31,53.08659720157901,53.08659720157901,52.91710668150781,52.926029205322266,900
2018-06-01,53.327447977845,53.49694188076666,53.327447977845,53.43449783325195,1800
2018-06-04,53.49693966864257,53.72887420654297,53.49693966864257,53.72887420654297,2700
2018-06-05,53.69765950406417,53.75564229570709,53.69765950406417,53.74672317504883,6900
2018-06-06,53.8716147601774,54.13923263549805,53.77794867396247,54.13923263549805,103600
2018-06-07,54.076773091201744,54.16776443587158,54.00986779079583,54.16598129272461,16000
2018-06-08,54.06785810251009,54.33547592163086,54.06785810251009,54.33547592163086,7500
2018-06-11,54.24627528774101,54.54957641352025,54.24627528774101,54.513893127441406,9800
2018-06-12,54.48714508640262,54.5228249778668,54.389017728247055,54.45146179199219,1200
2018-06-13,54.43362014478697,54.576349919482446,54.393475587838665,54.45146179199219,2300
2018-06-14,54.47643910935599,54.47643910935599,54.43361983689492,54.469303131103516,800
2018-06-15,54.108020752169644,54.39794158935547,54.09464036633664,54.39794158935547,4200
2018-06-18,54.183841675064315,54.37117385864258,54.032189381491825,54.37117385864258,6100
2018-06-19,53.96081513006642,54.10354486965109,53.951001035486584,54.072322845458984,5700
2018-06-20,54.290877478354886,54.35332152727226,54.246275072406114,54.263221740722656,9100
2018-06-21,54.18383877742585,54.18383877742585,53.916217497544594,53.934059143066406,3200
2018-06-22,53.98579198662182,54.0535888671875,53.95902782130289,54.0535888671875,2700
2018-06-25,53.8180932362322,53.8180932362322,52.99739456176758,52.99739456176758,2900
2018-06-26,53.403986648931934,53.53026580810547,53.403986648931934,53.53026580810547,1300
2018-06-27,53.584000803219,53.74431130347987,53.27949523925781,53.27949523925781,3100
2018-06-28,52.885432672608594,53.23919677734375,52.876478132945344,53.23919677734375,15600
2018-06-29,53.58401082816815,53.736261930403714,53.54818583359759,53.63774490356445,7400
2018-07-02,53.163087624301674,53.22040557861328,53.00187852898384,53.22040557861328,9100
2018-07-03,53.628796758431,53.64670925785236,53.34399382561329,53.351158142089844,1900
2018-07-05,53.40489308774299,53.718353271484375,53.39593513023052,53.718353271484375,24800
2018-07-06,53.83479179624503,54.22885658112265,53.682537241238904,54.21990203857422,11400
2018-07-09,54.56021025681841,54.56021025681841,54.52259504162817,54.542301177978516,5800
2018-07-10,54.73933413560287,54.82889661593036,54.685600063865664,54.81993865966797,2600
2018-07-11,54.5512633266789,54.5602178673479,54.46170425415039,54.46170425415039,6000
2018-07-12,54.90055597510283,54.97220597605868,54.855776432735475,54.9184684753418,12800
2018-07-13,54.97219205710558,55.016971588134766,54.97219205710558,55.016971588134766,1100
2018-07-16,55.133397767758574,55.133397767758574,54.88262625953406,54.931884765625,6500
2018-07-17,54.81098426456505,55.25878641800683,54.81098426456505,55.22296142578125,8400
2018-07-18,55.17818336491373,55.33043446124285,55.17818336491373,55.294612884521484,1800
2018-07-19,55.249838577578174,55.249838577578174,55.09758745743232,55.124454498291016,52000
2018-07-20,55.1593677178149,55.16026283004507,55.0438333274041,55.05995559692383,25900
2018-07-23,54.94711923036107,55.15131759643555,54.94711923036107,55.15131759643555,900
2018-07-24,55.50955518104328,55.50955518104328,55.19161605834961,55.19161605834961,1300
2018-07-25,55.39312895701011,55.64121175031866,55.36178294069637,55.6259880065918,5300
2018-07-26,55.778258226529616,55.78721618652344,55.734373788649904,55.78721618652344,6000
2018-07-27,55.98422646532402,55.98422646532402,55.25878912770933,55.30535888671875,12000
2018-07-30,55.45581816333339,55.45581816333339,55.00264532671055,55.02592849731445,11000
2018-07-31,55.25879461091814,55.42895822452987,55.24088211214957,55.37969970703125,7100
2018-08-01,55.53642178698806,55.53642178698806,55.281174695171735,55.32326889038086,9000
2018-08-02,55.13340466503273,55.67076590502895,55.13340466503273,55.615238189697266,1200
2018-08-03,55.75942908128455,55.885711669921875,55.73704102286558,55.885711669921875,19900
2018-08-06,55.860648208221015,56.19023070841697,55.860648208221015,56.106937408447266,6900
2018-08-07,56.29770016350849,56.34247970581055,56.27978766329564,56.34247970581055,4400
2018-08-08,56.13648477240618,56.28873588242328,56.13648477240618,56.279781341552734,5300
2018-08-09,56.36038251469001,56.36038251469001,56.200068569342605,56.228729248046875,6000
2018-08-10,55.95737067583755,55.95737067583755,55.625997956041935,55.66898727416992,9700
2018-08-13,55.61703239782317,55.69763693124157,55.49612730592542,55.55434036254883,1900
2018-08-14,55.90362089382414,55.91257885038228,55.84092886375479,55.841827392578125,2500
2018-08-15,55.67971925756867,55.67971925756867,55.22296255496055,55.45581817626953,3600
2018-08-16,55.83197390582827,56.064829527706195,55.80689709398819,55.85884094238281,12800
2018-08-17,55.83197922264037,56.1723098560645,55.83197922264037,56.091705322265625,10100
2018-08-20,56.27081797173762,56.27081797173762,56.09169643429383,56.23499298095703,2000
2018-08-21,56.38725676442376,56.54846584277848,56.38725676442376,56.44099426269531,22500
2018-08-22,56.230519039211835,56.414119571061946,56.230519039211835,56.360382080078125,12500
2018-08-23,56.405164446181885,56.405164446181885,56.254703563624595,56.31829071044922,11100
2018-08-24,56.55742257035769,56.66220539419484,56.55742257035769,56.630859375,12400
2018-08-27,56.78132123624261,57.112693912942625,56.78132123624261,57.0858268737793,10100
2018-08-28,57.16643128128861,57.16643128128861,57.045522772401625,57.112693786621094,11900
2018-08-29,57.25597654262969,57.48883554688407,57.166417489583466,57.45301055908203,8200
2018-08-30,57.33658621929822,57.39927824910244,57.1126885531827,57.202247619628906,4200
2018-08-31,57.21120434845093,57.2559838807131,57.07686233520508,57.07686233520508,8700
2018-09-04,57.21120305323319,57.21120305323319,56.92460995349233,57.13955307006836,15300
2018-09-05,56.91565061510279,56.96043014526367,56.77235406871248,56.96043014526367,5500
2018-09-06,57.023141020309765,57.023141020309765,56.62639090380497,56.81357192993164,5000
2018-09-07,56.620108571198,56.781317628855604,56.49024552939275,56.5780143737793,11300
2018-09-10,56.9514808155265,56.9514808155265,56.70071269051891,56.7902717590332,11500
2018-09-11,56.7634022872249,57.00521586159362,56.7634022872249,56.969390869140625,12300
2018-09-12,57.02312217078073,57.02312217078073,56.794745542022504,56.96043014526367,5100
2018-09-13,57.318682158125654,57.318682158125654,57.22016512653283,57.247032165527344,4600
2018-09-14,57.31868454549387,57.39033454107646,57.202255010902086,57.33659362792969,10500
2018-09-17,57.40824129973246,57.40824129973246,56.97835159301758,56.97835159301758,10700
2018-09-18,57.19240180267638,57.381373017122094,57.17986339587468,57.28285598754883,12500
2018-09-19,57.32764420604684,57.34555328901463,57.25688932083834,57.27390670776367,9800
2018-09-20,57.66797613383709,57.891877270195494,57.66797613383709,57.88291931152344,7700
2018-09-21,58.00828570243744,58.00828570243744,57.79334259033203,57.79334259033203,2300
2018-09-24,57.47989774502417,57.605281829833984,57.47989774502417,57.605281829833984,13800
2018-09-25,57.641103988611995,57.641103988611995,57.4628809410441,57.469146728515625,3400
2018-09-26,57.641746289318,57.71365841157625,57.27316665649414,57.27316665649414,14400
2018-09-27,57.39003781117828,57.6956866452351,57.39003781117828,57.56983184814453,20400
2018-09-28,57.345082703354024,57.55184118944671,57.345082703354024,57.50689697265625,5400
2018-10-01,57.893457601167654,57.92941709266176,57.57162598208137,57.58331298828125,25400
2018-10-02,57.69568599393299,57.77209734426311,57.61477542038982,57.70467758178711,32600
2018-10-03,57.71366065149836,57.911434427170214,57.61477376366243,57.66871643066406,11000
2018-10-04,57.65971412107789,57.65971412107789,56.8506462815055,57.165283203125,14700
2018-10-05,57.31810691527285,57.31810691527285,56.57196644643014,56.84165573120117,12900
2018-10-08,56.634902655739815,56.832676429051965,56.37150606847807,56.76075744628906,10700
2018-10-09,56.679854399268955,56.755367279052734,56.679854399268955,56.755367279052734,3300
2018-10-10,56.0227023823377,56.121589261643514,55.17677307128906,55.17677307128906,17700
2018-10-11,54.675159222540586,54.93586041147021,53.51549125464214,53.76720428466797,28800
2018-10-12,54.474682495707775,54.474682495707775,53.87597037434399,54.432430267333984,10800
2018-10-15,54.39648134846939,54.39648134846939,54.081844329833984,54.081844329833984,3800
2018-10-16,54.472891588372605,55.25948749859005,54.472891588372605,55.25049591064453,35600
2018-10-17,55.304430186546874,55.304430186546874,54.9268624003028,55.08687973022461,9400
2018-10-18,54.99158238562405,54.99158238562405,54.261621302857534,54.41444396972656,2600
2018-10-19,54.612219518866425,54.82797300609811,54.20768387361034,54.38747787475586,8300
2018-10-22,54.55828997814738,54.55828997814738,54.035094108611915,54.10880661010742,2100
2018-10-23,53.35366580636109,54.063850236309214,52.98958543436224,53.821128845214844,8300
2018-10-24,53.89305868588206,53.89305868588206,52.185020446777344,52.185020446777344,11700
2018-10-25,52.63451472363372,53.42560660715344,52.63451472363372,53.11096954345703,16400
2018-10-26,52.131068454060056,52.51762089122725,51.591686500522414,52.14005661010742,13000
2018-10-29,52.80980007503258,52.80980007503258,51.241104077083335,51.85240173339844,6900
2018-10-30,52.041179955997364,52.47268354590384,51.94229307365273,52.40616226196289,19300
2018-10-31,53.295252735163274,53.58382034301758,53.26378903071322,53.58382034301758,1300
2018-11-01,53.49750032375568,53.821128845214844,53.4957033782078,53.821128845214844,5800
2018-11-02,53.90203116257988,53.90203116257988,53.1379110001417,53.47052764892578,2700
2018-11-05,53.41928897908532,53.812137603759766,53.41928897908532,53.812137603759766,9900
2018-11-06,53.839125265580265,53.959585811024276,53.784287545814976,53.95149612426758,3600
2018-11-07,54.648194516380755,55.295448303222656,54.54930761621824,55.295448303222656,10200
2018-11-08,55.250485689379104,55.331392819490915,55.0212516784668,55.0212516784668,3700
2018-11-09,54.66526954765997,54.66526954765997,54.51154836724462,54.61223220825195,8100
2018-11-12,54.720105777997304,54.720105777997304,53.78518295288086,53.78518295288086,16500
2018-11-13,53.893055174848826,54.000930220298144,53.63145553193769,53.64134216308594,19400
2018-11-14,53.92901740783774,53.92901740783774,52.93116375617087,53.236812591552734,22800
2018-11-15,52.94913324461134,53.92001537348361,52.904182171919125,53.83012008666992,13400
2018-11-16,53.77618852577938,54.080040399739964,53.57841475144323,53.946990966796875,6700
2018-11-19,53.66831208899031,53.66831208899031,52.913179932076304,53.05701446533203,6600
2018-11-20,52.17603352201392,52.45471103327844,51.98725131839223,52.1041145324707,31700
2018-11-21,52.54460438705105,52.54460438705105,52.31087112426758,52.31087112426758,3600
2018-11-23,52.01421657456475,52.21199035644531,52.01421657456475,52.21199035644531,1100
2018-11-26,52.598541390948746,52.84126281738281,52.49785755704173,52.84126281738281,3600
2018-11-27,52.733385908185205,53.05701446533203,52.54460372627815,53.05701446533203,23700
2018-11-28,53.092986516195516,54.25265121459961,53.0030877683397,54.25265121459961,44500
2018-11-29,53.93799635710057,54.31556068554326,53.72224286278657,54.05486297607422,21800
2018-11-30,54.10880444400906,54.45041275024414,54.04587704934547,54.45041275024414,16000
2018-12-03,55.16060596849659,55.19656546520185,54.81000944883615,55.043739318847656,11800
2018-12-04,55.08867276634446,55.08867276634446,53.317710876464844,53.317710876464844,16500
2018-12-06,52.63450369083532,53.407615661621094,52.014217854158524,53.407615661621094,58000
2018-12-07,53.33570336399477,53.42110288044018,51.996241286092676,52.0771484375,27300
2018-12-10,52.005220604939275,52.31986099771949,51.232112147597654,52.15804672241211,49300
2018-12-11,52.78732407868684,52.79451529081161,52.15804672241211,52.15804672241211,5400
2018-12-12,52.715395280635065,53.05700351258014,52.621004209167026,52.647972106933594,7700
2018-12-13,52.66146414370252,52.81428681694564,52.20119231986837,52.27041244506836,6800
2018-12-14,52.05915474795279,52.05915474795279,51.384929809879175,51.41459655761719,18800
2018-12-17,50.96459968295818,51.39201516564309,50.12512884300446,50.19651412963867,27400
2018-12-18,50.85615798725582,50.87423095210849,50.10614890473058,50.39530944824219,36300
2018-12-19,50.268806488443936,51.018815635827856,49.62090287952954,49.699520111083984,46000
2018-12-20,49.482641927091336,49.654333363569734,48.36214572248977,48.723594665527344,120600
2018-12-21,49.193477856896834,49.49167657435161,47.65731392707052,47.756710052490234,132200
2018-12-24,47.29586953800073,47.67539148195805,46.50971447761357,46.51874923706055,67100
2018-12-26,46.89826435179384,48.8862419128418,46.40488248569275,48.8862419128418,71500
2018-12-27,47.810943980673244,48.99469757080078,47.49196280670974,48.99469757080078,36800
2018-12-28,49.587062511778605,49.867417569286204,48.990169537894296,49.071563720703125,58500
2018-12-31,49.6051421382029,49.677494049072266,49.11678053955068,49.677494049072266,171000
2019-01-02,48.76406505251645,49.712760927520556,48.76406505251645,49.496612548828125,24200
2019-01-03,49.062500900870816,49.14389504957906,48.34804153442383,48.34804153442383,20600
2019-01-04,49.121296196739735,50.12787155279285,49.121296196739735,50.11159133911133,36300
2019-01-07,50.120626128149546,50.74464914395347,50.120626128149546,50.43716049194336,4100
2019-01-08,51.06118796963131,51.06118796963131,50.464298546763686,51.006927490234375,21000
2019-01-09,51.10279427336638,51.32346208167257,50.91649120777923,51.14258575439453,21700
2019-01-10,50.94363748646853,51.35060501098633,50.74467313230972,51.35060501098633,33500
2019-01-11,51.22398396857158,51.36868435181893,51.104606066144285,51.34607696533203,11600
2019-01-14,51.07928980020783,51.25021656654008,51.04130607435622,51.17877197265625,21400
2019-01-15,51.2601573151427,51.676170464541656,51.0883266968942,51.64904022216797,13300
2019-01-16,51.66712418250412,51.98365515201243,51.66712418250412,51.784690856933594,13100
2019-01-17,51.77565013646633,52.22783922062761,51.77565013646633,52.182621002197266,6600
2019-01-18,53.295000134682546,53.295000134682546,52.42679801231175,52.73337936401367,14500
2019-01-22,52.66193508511692,52.66193508511692,51.86608141023747,52.001739501953125,35500
2019-01-23,52.2730598449707,52.528095852548056,51.800974998966275,52.2730598449707,16000
2019-01-24,52.15549102452585,52.36621269831598,52.08314255987207,52.2911491394043,71900
2019-01-25,52.66012734378734,52.83376569933629,52.6438471308006,52.7071533203125,15400
2019-01-28,52.39062892952218,52.39062892952218,52.01983400886326,52.36349868774414,31700
2019-01-29,52.393342808256335,52.48106760700433,52.13740636339563,52.23688507080078,30100
2019-01-30,52.670992435285314,53.213618022181535,52.426809886203216,53.087005615234375,45100
2019-01-31,52.92419576436289,53.58801019979808,52.92419576436289,53.56630325317383,32800
2019-02-01,53.73814923657338,53.75442945121382,53.412575993125024,53.539188385009766,18200
2019-02-04,53.69293975241805,53.90094635148414,53.52563197160918,53.81412887573242,9000
2019-02-05,53.94616423052997,54.199389037670066,53.94616423052997,54.19486618041992,38100
2019-02-06,54.26268526914249,54.26268526914249,54.0004147956921,54.17224884033203,13800
2019-02-07,53.919025468225826,53.919025468225826,53.31761660780437,53.64771270751953,16400
2019-02-08,53.5391819638847,53.60248815223456,53.31308744836992,53.58440017700195,12900
2019-02-11,53.96424373152016,53.96424373152016,53.65494725305661,53.81050109863281,9800
2019-02-12,54.20842617930475,54.50687263088329,54.184914913670276,54.43452072143555,14600
2019-02-13,54.64795540741877,54.76733330108558,54.561137943784836,54.69679260253906,11300
2019-02-14,54.53400173826069,54.683224960947776,54.30790720083015,54.63348388671875,47500
2019-02-15,54.901184850198675,55.02779724778243,54.841494177092564,54.999759674072266,71900
2019-02-19,55.022372048731256,55.32081507282433,55.00971080861865,55.221336364746094,15700
2019-02-20,55.19419482154909,55.420289348525685,55.14897660613951,55.27558898925781,62500
2019-02-21,55.08747998681004,55.26654854162301,54.941875741440974,55.0106086730957,9100
2019-02-22,55.420297031108625,55.48360323144353,55.275596651781804,55.438385009765625,26600
2019-02-25,55.90865709215893,55.90865709215893,55.55595016479492,55.55595016479492,14200
2019-02-26,55.320809800167304,55.6147333890127,55.320809800167304,55.58308029174805,33600
2019-02-27,55.438367193242925,55.564979553222656,55.28100562442125,55.564979553222656,20600
2019-02-28,55.39316034288936,55.49264248896315,55.28101695822177,55.40220260620117,31300
2019-03-01,55.709693908691406,55.78204581827894,55.51525246408609,55.709693908691406,29300
2019-03-04,55.94392254006965,55.94392254006965,55.148972775664895,55.41033935546875,14400
2019-03-05,55.63734287756094,55.655430854121825,55.337992557860794,55.48359680175781,18800
2019-03-06,55.53785808350227,55.53785808350227,54.98618689944865,55.09471130371094,31600
2019-03-07,55.08566653179304,55.08566653179304,54.42366321103867,54.48877716064453,10800
2019-03-08,54.27172916986111,54.47702407836914,54.09356795075795,54.47702407836914,49900
2019-03-11,54.80531693304537,55.3208122253418,54.79808243191471,55.3208122253418,19800
2019-03-12,55.5016847783187,55.646385140876994,55.44742429856482,55.48359680175781,27300
2019-03-13,55.84535600396892,56.116668784447704,55.73502036894389,55.92675018310547,19000
2019-03-14,56.089522778502634,56.125698725714365,55.836298047876895,55.89869689941406,13100
2019-03-15,56.02531328938287,56.28848761566645,56.02531328938287,56.17091751098633,15800
2019-03-18,56.37893045676538,56.40606069557877,56.210715386279375,56.39701843261719,41500
2019-03-19,56.731651379339006,56.76782733998163,56.25685483314018,56.297550201416016,11600
2019-03-20,56.30661491231389,56.58796424980442,56.06156636980746,56.24761962890625,30300
2019-03-21,56.14324732689429,56.932845851385196,56.14324732689429,56.896541595458984,12200
2019-03-22,56.35199737231915,56.35199737231915,55.7892951965332,55.7892951965332,28000
2019-03-25,55.81652123094361,55.86371399838297,55.45348556164881,55.7166862487793,17200
2019-03-26,56.20677522574148,56.27938027178943,55.88912165772377,56.1341667175293,18900
2019-03-27,56.24308910840666,56.24308910840666,55.60777840144473,55.83467483520508,21600
2019-03-28,56.06158045034891,56.134185520717274,55.85283611256245,56.02527618408203,21400
2019-03-29,56.297542029372266,56.45183340463486,56.24308910106238,56.397377014160156,6800
2019-04-01,56.76040793657933,57.096213660954746,56.76040793657933,57.075340270996094,11300
2019-04-02,57.096214589936984,57.20512390136719,56.98730527850678,57.20512390136719,49800
2019-04-03,57.40388474733872,57.50462680895662,57.18696975708008,57.18696975708008,16200
2019-04-04,57.4138688400085,57.4138688400085,57.20512454817181,57.31403732299805,14600
2019-04-05,57.522781450947605,57.658917225845606,57.522781450947605,57.59538650512695,13000
2019-04-08,57.48648088406481,57.7678337097168,57.48648088406481,57.7678337097168,87500
2019-04-09,57.47740086554126,57.568158045658414,57.332183837890625,57.332183837890625,28000
2019-04-10,57.47104038167178,57.658907789528385,57.450163532449004,57.613529205322266,17600
2019-04-11,57.686150214243405,57.72245101217869,57.539118999487506,57.65892028808594,13100
2019-04-12,58.12178676061012,58.12178676061012,57.91304247332425,58.040103912353516,9800
2019-04-15,58.21254838721252,58.21254838721252,57.83589947692625,58.01287841796875,11900
2019-04-16,58.194397511351724,58.194397511351724,57.9538843929037,58.09456253051758,28900
2019-04-17,58.2034615754862,58.2034615754862,57.82409492458272,57.85858154296875,6400
2019-04-18,57.78597814382169,58.06733094885894,57.767829477064716,57.99654006958008,11400
2019-04-22,58.02194901983967,58.085479736328125,57.840431203230764,58.085479736328125,15800
2019-04-23,58.2669917133836,58.62549189662796,58.19439012916532,58.55741882324219,15400
2019-04-24,58.5665114014872,58.666346394857634,58.47031168149167,58.548362731933594,18400
2019-04-25,58.59372334386954,58.61187893325301,58.29149717689004,58.48481750488281,12300
2019-04-26,58.420389410681,58.58193402193039,58.26065204947602,58.575584411621094,21800
2019-04-29,58.81156566724376,58.86148316581209,58.66634860801571,58.784332275390625,59800
2019-04-30,58.74802012172531,58.85692596435547,58.375906694528915,58.85692596435547,91500
2019-05-01,59.0656693762123,59.0656693762123,58.35775375366211,58.35775375366211,24700
2019-05-02,58.41222450229045,59.37426326514433,57.90216101716978,58.13994598388672,47600
2019-05-03,58.64818909027538,58.82970345640725,58.51839946340516,58.78069305419922,46000
2019-05-06,57.92211662881014,58.60280587480414,57.92211662881014,58.56650161743164,47800
2019-05-07,58.130872520096915,58.149021189160734,57.3022448672169,57.58631896972656,29400
2019-05-08,57.37756756134569,57.84951252846308,57.37756756134569,57.73152542114258,97200
2019-05-09,57.132519357374576,57.38664224036647,56.703231717678435,57.350337982177734,21900
2019-05-10,57.23236008098063,57.332191607773254,56.535332794884596,57.29589080810547,16800
2019-05-13,56.532612004687586,56.532612004687586,55.973538139161526,56.10695266723633,32200
2019-05-14,56.26123740153075,56.96915311869017,56.26123740153075,56.64242172241211,46400
2019-05-15,56.27032267998751,57.09622566470717,56.23583605184178,56.97551727294922,20200
2019-05-16,57.48647405016962,57.758749047245814,57.45924758911133,57.45924758911133,158100
2019-05-17,57.177903212119375,57.64258806564737,57.12344681982369,57.158843994140625,29100
2019-05-20,56.70142264422518,56.92469074985538,56.597052213876474,56.76041793823242,18900
2019-05-21,57.19604395661448,57.268649003056645,57.10528332085647,57.223270416259766,63300
2019-05-22,57.07533711211818,57.22327193218458,57.021787816277715,57.14431381225586,22500
2019-05-23,56.715028413227174,56.715028413227174,56.06701162641502,56.3592529296875,16200
2019-05-24,56.664204248434885,56.68780236310391,56.41552734375,56.41552734375,45500
2019-05-28,56.66965057041693,56.760411218850926,56.03525042936219,56.06610870361328,16900
2019-05-29,55.56602945228276,55.68855546818433,55.28104827265842,55.67131042480469,11700
2019-05-30,55.82558783367371,55.859170826907324,55.4489424469838,55.644073486328125,59200
2019-05-31,55.16306457258902,55.26925263889433,54.96339804812313,55.03600311279297,16200
2019-06-03,54.76371055769216,55.15215843533861,54.554966303009024,54.9089241027832,65900
2019-06-04,55.48979432261603,55.89820861816406,55.253823541946616,55.89820861816406,20800
2019-06-05,56.46997653484415,56.49720299465986,55.97987948517587,56.488128662109375,18600
2019-06-06,56.4972166715114,56.99638817456965,56.460912408192414,56.860252380371094,29300
2019-06-07,57.13251607376232,57.67706606663758,57.13251607376232,57.495548248291016,11400
2019-06-10,57.913037924917745,58.12178219580913,57.75874657381107,57.85858154296875,30100
2019-06-11,58.30331044766327,58.30331044766327,57.589948638628016,57.74060821533203,22800
2019-06-12,57.74967889988552,57.78597969653945,57.577235401579436,57.632598876953125,17500
2019-06-13,57.767817583102016,57.922105453921645,57.740587664243826,57.86764907836914,7700
2019-06-14,57.659827261102926,57.92212086588423,57.659827261102926,57.831363677978516,9700
2019-06-17,58.00824425753332,58.00824425753332,57.816768646240234,57.816768646240234,13800
2019-06-18,58.33649327505302,58.673855581337875,58.33649327505302,58.40032196044922,34800
2019-06-19,58.35473130913803,58.71944977110536,58.35473130913803,58.701210021972656,38900
2019-06-20,59.04951200533561,59.23004515531024,58.94739168159841,59.11060333251953,18400
2019-06-21,59.18446369396019,59.28475448460518,59.05224986535517,59.156192779541016,14800
2019-06-24,59.23916546121136,59.23916546121136,59.00209744090913,59.01577377319336,21300
2019-06-25,58.85621207018798,58.85621207018798,58.40942871065666,58.418548583984375,26100
2019-06-26,58.518852498033546,58.555325038768984,58.36931716794601,58.37843704223633,19700
2019-06-27,58.553509768068416,58.62827744245008,58.426770629665036,58.60091781616211,21700
2019-06-28,58.66473173068819,58.92915241578926,58.655618813441016,58.837974548339844,22600
2019-07-01,59.72242089665569,59.72242089665569,59.16622680202008,59.45800018310547,29700
2019-07-02,59.512697703704696,59.512697703704696,59.239164107843884,59.41240692138672,18000
2019-07-03,59.84094215085638,59.941239887197725,59.704178834413675,59.929386138916016,7100
2019-07-05,59.64036146959792,59.95036763616052,59.56741638696226,59.84095001220703,26800
2019-07-08,59.540067844121275,59.67683118800359,59.43977008765661,59.64036560058594,64800
2019-07-09,59.430645128788996,59.6677131652832,59.411494088427816,59.6677131652832,14500
2019-07-10,60.10536667224509,60.10536667224509,59.75250198909186,59.8993034362793,15100
2019-07-11,60.160076827343,60.160076827343,59.886536273782376,59.94671630859375,21500
2019-07-12,60.19198182047028,60.315075756770206,60.114480292111,60.295013427734375,24100
2019-07-15,60.57039885593966,60.57039885593966,60.251272752084546,60.36068344116211,8800
2019-07-16,60.488323978572154,60.488323978572154,60.15096513391776,60.21479034423828,23900
2019-07-17,60.28774049048179,60.28774049048179,59.82272422972183,59.846431732177734,19400
2019-07-18,59.72241774754595,60.02331098741928,59.55829479456283,59.941246032714844,16800
2019-07-19,60.14184375378411,60.16008350280553,59.61300233497925,59.68594741821289,15900
2019-07-22,59.79537582397461,59.82272849601232,59.621221667193325,59.79537582397461,16300
2019-07-23,60.17831336721966,60.22299448936461,59.87559754731314,60.176490783691406,29200
2019-07-24,59.986838467371896,60.533912658691406,59.986838467371896,60.533912658691406,16500
2019-07-25,60.5977392847179,60.5977392847179,60.10537041406771,60.150962829589844,20300
2019-07-26,60.47920475771909,60.661560494938364,60.44273221899014,60.58861541748047,30300
2019-07-29,60.7344992104002,60.7344992104002,60.40625335264918,60.561256408691406,18700
2019-07-30,60.30596985853161,60.54303791319389,60.27679460628672,60.38803482055664,20100
2019-07-31,60.479207306102836,60.5430325124615,59.44887717376551,59.941246032714844,21800
2019-08-01,59.9230153741721,60.378911709086466,59.13887312160532,59.3668212890625,30500
2019-08-02,59.15710235273349,59.15710235273349,58.4732578915315,58.559879302978516,26200
2019-08-05,57.95354119369995,57.95354119369995,56.575821073829594,57.087337493896484,36500
2019-08-06,57.23322186297738,57.75294336620813,57.05998252130471,57.69823455810547,105500
2019-08-07,56.89129545200556,57.90794217739515,56.61319845148622,57.771175384521484,26200
2019-08-08,58.12677490627148,58.892677307128906,58.117658511209505,58.892677307128906,30400
2019-08-09,58.801487825736366,58.801487825736366,58.1604985984003,58.57353973388672,15700
2019-08-12,58.072072354908144,58.20884264305404,57.7173850713674,57.74838638305664,25500
2019-08-13,57.6344045092844,58.89267568595225,57.6344045092844,58.58540344238281,27000
2019-08-14,57.84411842338666,57.862354691867864,56.953299490372224,57.062713623046875,46800
2019-08-15,56.977923351481024,57.16939897026129,56.63144117591707,57.087337493896484,25500
2019-08-16,57.506773973492606,57.89884517181078,57.506773973492606,57.85325622558594,32800
2019-08-19,58.600908930257766,58.65562121811073,58.46414560168953,58.641944885253906,21800
2019-08-20,58.55532201576879,58.55532201576879,58.135894775390625,58.135894775390625,46800
2019-08-21,58.6601676990516,58.67019886315385,58.464135657164306,58.58631134033203,18800
2019-08-22,58.79057453913328,58.79057453913328,58.19973735533977,58.555335998535156,52700
2019-08-23,58.25534224666897,58.55350161075765,56.813800398751404,57.087337493896484,21500
2019-08-26,57.57424399061469,57.734718322753906,57.21499671846871,57.734718322753906,55700
2019-08-27,58.04472082740157,58.04472082740157,57.3426400590228,57.579708099365234,47700
2019-08-28,57.26058044393452,57.91707229614258,57.26058044393452,57.91707229614258,44500
2019-08-29,58.309133339232424,58.701200929530934,58.309133339232424,58.68296813964844,37600
2019-08-30,59.10239101206099,59.10239101206099,58.50061156473655,58.63737487792969,32400
2019-09-03,58.37296754971544,58.37296754971544,58.09305138311467,58.300025939941406,2287200
2019-09-04,58.901793151460765,58.94647426666709,58.63737249598709,58.92914581298828,30200
2019-09-05,59.59475896815119,59.87741241999623,59.59475896815119,59.731529235839844,26000
2019-09-06,59.704183089888495,59.91389149433118,59.66771055076248,59.804473876953125,32900
2019-09-09,59.886541186158475,59.93213360096685,59.6266769433172,59.7862434387207,26200
2019-09-10,59.494466315257796,59.70418167114258,59.38049224185692,59.70418167114258,32600
2019-09-11,59.95036503005159,60.11448798063424,59.786242079468956,60.087135314941406,29200
2019-09-12,60.524780485747634,60.61596529612673,60.277688292837524,60.48830795288086,29900
2019-09-13,60.64333566876538,60.64333566876538,60.29229352426517,60.38803482055664,33200
2019-09-16,60.25125314666481,60.28681439161452,60.07892162844509,60.21022415161133,24100
2019-09-17,60.26949033562944,60.342435414220795,60.120866303195314,60.33058166503906,2872000
2019-09-18,60.3880314477105,60.3880314477105,59.76801215536498,60.315086364746094,28600
2019-09-19,60.32421875,60.65245777856211,60.32421875,60.32421875,39000
2019-09-20,60.59773329047691,60.59773329047691,60.01236401951952,60.13271713256836,25500
2019-09-23,60.041542901169585,60.19654597771273,59.89565969866594,60.087135314941406,36400
2019-09-24,60.335547966344805,60.36112073235865,59.398490745424716,59.52360916137695,30700
2019-09-25,59.57293685656868,59.950138688650014,59.32908273218026,59.94648742675781,35500
2019-09-26,60.00492391900188,60.00492391900188,59.49346863043137,59.84052658081055,70800
2019-09-27,60.077990053431215,60.077990053431215,59.246875221922416,59.47520446777344,31400
2019-09-30,59.71268421704171,59.910876696613165,59.6240923250025,59.703556060791016,41300
2019-10-01,60.078000104022195,60.97305396343833,59.013984804188134,59.109886169433594,53500
2019-10-02,58.77195190653047,58.77195190653047,57.73077100690952,57.948143005371094,50000
2019-10-03,57.90430569338819,58.54362487792969,57.39924005357216,58.54362487792969,43300
2019-10-04,58.762823254738635,59.2560153617118,58.67149293153405,59.24688720703125,44400
2019-10-07,58.934529087820145,59.42954681709722,58.934529087820145,59.105316162109375,53600
2019-10-08,58.71715389922945,58.71715389922945,58.06961244614425,58.07783126831055,42100
2019-10-09,58.5290026687369,58.808477430450786,58.39017810312341,58.63860321044922,55400
2019-10-10,58.70801421242202,59.21946949016282,58.59842063465217,58.980186462402344,65200
2019-10-11,59.819535141261426,60.1693315976463,59.74920654296875,59.74920654296875,109300
2019-10-14,59.60763703423968,59.76747030607938,59.59393783585983,59.63960647583008,284500
2019-10-15,59.96840849371055,60.34286490856501,59.92730392549702,60.26066970825195,49300
2019-10-16,60.05881771444476,60.22412787578494,59.97752837275724,60.059730529785156,79500
2019-10-17,60.41593087404465,60.443329273659145,60.13097218832875,60.25153350830078,83400
2019-10-18,60.251537010686064,60.251537010686064,59.76748000787366,59.9775390625,80400
2019-10-21,60.4250666574589,60.48899857994423,60.21500064468884,60.45246505737305,63400
2019-10-22,60.56207396086596,60.5894723677036,60.237850189208984,60.237850189208984,43300
2019-10-23,60.23325664392547,60.379390716552734,60.09078080075317,60.379390716552734,61000
2019-10-24,60.70818734092115,60.70818734092115,60.33372399395724,60.55292510986328,62700
2019-10-25,60.461594934399955,60.92738865038084,60.461594934399955,60.86345672607422,36400
2019-10-28,61.25619364482963,61.32926070427983,61.19226170982528,61.320125579833984,45700
2019-10-29,61.27443561596445,61.42056968404312,61.16940610956783,61.21963882446289,79400
2019-10-30,61.39317213921777,61.438833810083324,61.096339922339745,61.384037017822266,37500
2019-10-31,61.48450376286541,61.48450376286541,60.9319438795535,61.237911224365234,103400
2019-11-01,61.63064309965067,61.79504046204317,61.585887271284335,61.72197341918945,48500
2019-11-04,62.269957652846216,62.269957652846216,62.016055620744524,62.105560302734375,31800
2019-11-05,62.26083576758537,62.26083576758537,61.93204099746112,61.96857452392578,44700
2019-11-06,61.9685639931636,62.03249591159792,61.83613607928411,62.01423263549805,49500
2019-11-07,62.443501707128505,62.47090010921983,62.187767028808594,62.187767028808594,29500
2019-11-08,62.087293838306095,62.425216674804695,62.087293838306095,62.42521667480469,47300
2019-11-11,62.242552472675804,62.33388277543899,62.12381680783377,62.26995086669922,35500
2019-11-12,62.425222834805744,62.63528883524273,62.30192307437411,62.39691162109375,35200
2019-11-13,62.3430308044443,62.52569144779109,62.26082863729842,62.42066192626953,56200
2019-11-14,62.452622827887275,62.53482499295964,62.31563083286119,62.52112579345703,56900
2019-11-15,63.14674641914342,63.14674641914342,62.717486249018634,62.943077087402344,55400
2019-11-18,63.06455396760723,63.11935076854327,62.89102147390032,63.04628372192383,38500
2019-11-19,63.110204326906135,63.19240648162436,62.95494210672886,63.142173767089844,44200
2019-11-20,63.07367885907001,63.11021238048955,62.525689973890316,62.827999114990234,59800
2019-11-21,63.03714661112351,63.03714661112351,62.614283112047495,62.79055404663086,51200
2019-11-22,62.93391947380636,62.954015342389766,62.69006544573954,62.86359786987305,85100
2019-11-25,63.21158537224725,63.370505828781255,63.21158537224725,63.34767150878906,92900
2019-11-26,63.53033111616416,63.59426303028574,63.402467287921006,63.553165435791016,46000
2019-11-27,63.79522305730426,63.840891717434836,63.62077769472128,63.831756591796875,256300
2019-11-29,64.00525765838829,64.00525765838829,63.54859915392157,63.554988861083984,84100
2019-12-02,63.548605938087086,63.576004336391094,62.94307485695369,62.95494842529297,57900
2019-12-03,62.43435495934665,62.66268422500603,62.105560259352636,62.571353912353516,180000
2019-12-04,62.77229221963576,63.15588375906622,62.77229221963576,63.053592681884766,30600
2019-12-05,63.2928655719975,63.2928655719975,62.918402288777536,63.084625244140625,31000
2019-12-06,63.41160659451335,63.78606298249477,63.41160659451335,63.694732666015625,46100
2019-12-09,63.67645423282166,63.749521255835184,63.45726013183594,63.45726013183594,34400
2019-12-10,63.6308044375127,63.6308044375127,63.36502881127095,63.397911071777344,472400
2019-12-11,63.65819432323206,63.65819432323206,63.450873754044274,63.566864013671875,26100
2019-12-12,63.67646405692369,64.24180333717923,63.56686350549407,64.14225769042969,45000
2019-12-13,64.20620147495394,64.41626052729679,64.00709620852906,64.15139770507812,34600
2019-12-16,64.58804993311014,64.74399155579586,64.56052464803595,64.61097717285156,38100
2019-12-17,64.82653659102755,64.82653659102755,64.57886505126953,64.57886505126953,63200
2019-12-18,64.58805365616733,64.76142167070128,64.58805365616733,64.67060852050781,45500
2019-12-19,64.81737450094118,64.95864016239447,64.6917016011286,64.8742446899414,37500
2019-12-20,65.21182894275381,65.35860249713828,65.16596745591988,65.30906677246094,40200
2019-12-23,65.54204763249903,65.54204763249903,65.29437606362141,65.32006072998047,34100
2019-12-24,65.30355493979503,65.34941641892233,65.27878708161839,65.32281494140625,18000
2019-12-26,65.3310888256419,65.70718383789062,65.3310888256419,65.70718383789062,36400
2019-12-27,65.7163229051336,65.7897096472802,65.59707469805404,65.68880462646484,69500
2019-12-30,65.60716133280043,65.60716133280043,65.22182519311049,65.27228546142578,35400
2019-12-31,65.28605700841149,65.46403638241014,65.12091494010811,65.43284606933594,56700
2020-01-02,65.74477527782884,66.02918385702067,65.60715573964488,66.02826690673828,51500
2020-01-03,65.43286703269698,65.84571883591406,65.43286703269698,65.64755249023438,43700
2020-01-06,65.35028501399124,65.86405727759563,65.35028501399124,65.85029602050781,41400
2020-01-07,65.8548605278737,65.8548605278737,65.63742433318384,65.6805419921875,51000
2020-01-08,65.62551549617548,66.32461673697462,65.62551549617548,66.0291976928711,52100
2020-01-09,66.3952250031105,66.52458494041329,66.3043909623996,66.48696899414062,76800
2020-01-10,66.72645621747716,66.72645621747716,66.25855255126953,66.25855255126953,97200
2020-01-13,66.64388425990406,66.88242435378986,66.50901555692006,66.86132049560547,85500
2020-01-14,66.88240868758835,66.99709045591425,66.6897441567552,66.79066467285156,45300
2020-01-15,66.84573469460578,67.12097384142685,66.74481414074621,66.9007797241211,15412600
2020-01-16,67.28609685574655,67.4879379272461,67.18885112102802,67.4879379272461,2425500
2020-01-17,67.8090656969317,67.8090656969317,67.52465004117299,67.70814514160156,1660900
2020-01-21,67.64390232048505,67.78151485297525,67.54298179691213,67.62554931640625,2443800
2020-01-22,67.88242010904007,67.99251710989036,67.62003240646051,67.6714096069336,2102300
2020-01-23,67.60723755649741,67.78154918581771,67.27236155882878,67.7448501586914,863400
2020-01-24,68.02923188894532,68.02923188894532,66.9007601172514,67.15764617919922,508300
2020-01-27,66.1117630291199,66.46040018723221,65.9291918960681,66.15763854980469,417000
2020-01-28,66.57046245361877,67.02918947052545,66.34569069509052,66.8365249633789,587000
2020-01-29,67.23104141060853,67.23104141060853,66.74204096292439,66.76313781738281,886600
2020-01-30,66.46955770591462,67.07508087158203,66.26772365031259,67.07508087158203,379100
2020-01-31,67.07508188030346,67.07508188030346,65.66220147211874,65.85486602783203,409600
2020-02-03,66.23103057123441,66.7998477782125,66.23103057123441,66.45121765136719,407600
2020-02-04,67.29527008585775,67.6805992038224,67.17600354923651,67.51545715332031,371100
2020-02-05,68.24941905961242,68.24941905961242,67.7081244280932,68.14849853515625,309100
2020-02-06,68.45126993345752,68.45126993345752,68.11456015365171,68.30447387695312,253300
2020-02-07,68.23108724554196,68.28613227046793,67.89162659271459,68.04759216308594,318500
2020-02-10,67.99252977941723,68.50630187988281,67.8549102526154,68.50630187988281,258600
2020-02-11,68.90081131153427,69.00173183686023,68.5705272285803,68.67144775390625,303200
2020-02-12,69.1209951575729,69.1209951575729,68.8870468595182,69.07512664794922,269400
2020-02-13,68.89163815763544,69.23109875928682,68.69438884830629,69.02008819580078,330300
2020-02-14,69.22193637612187,69.22193637612187,68.88890135827754,69.15771484375,268300
2020-02-18,69.10266767904301,69.10266767904301,68.6898159836506,69.00174713134766,363000
2020-02-19,69.26780375396889,69.46964483186687,69.1668832150199,69.34120178222656,250600
2020-02-20,69.34118920239848,69.40541071556761,68.36868300346877,69.07512664794922,344400
2020-02-21,68.88246586767151,68.88246586767151,68.12831977197965,68.29529571533203,220600
2020-02-24,66.34110859317337,66.73378026468171,65.82458564881404,66.09339904785156,454900
2020-02-25,66.4879200802193,66.51544259169712,63.863999991804704,64.11170959472656,290900
2020-02-26,64.44198879142449,65.12091002072978,63.648392772959994,63.84564208984375,357300
2020-02-27,62.597911864389744,63.396092649802505,60.946491274533976,60.992366790771484,442400
2020-02-28,59.14828269968255,60.59786224365234,58.441842434561764,60.597862243652344,889100
2020-03-02,61.20337204287204,63.249298095703125,60.398765675337856,63.249298095703125,499500
2020-03-03,63.52454011105309,64.12822946845706,60.982277575873255,61.58871078491211,728200
2020-03-04,62.86398768024279,64.19430108319995,62.22177224407264,64.16677856445312,311900
2020-03-05,62.717172885488495,63.30434304360447,61.57953157909135,62.13917922973633,543400
2020-03-06,60.22170308993544,61.240077980365136,59.5519653329343,60.909793853759766,444100
2020-03-09,57.35924893705726,59.41434831251876,56.065638385925524,56.29500198364258,438100
2020-03-10,58.55193379654058,59.02900695800781,56.03076834418446,59.02900695800781,380800
2020-03-11,57.506030051188276,57.6895215927942,55.45093108485998,56.203243255615234,625900
2020-03-12,52.221496006655045,54.478436198291426,46.790168341791365,50.753570556640625,2263600
2020-03-13,53.86374016067897,55.58855519412938,51.10220430642236,55.57020568847656,954500
2020-03-16,48.16634406351149,52.55177388878346,48.16634406351149,48.900306701660156,503500
2020-03-17,49.91868916493279,52.52242566018505,48.71132104967385,52.11140441894531,786400
2020-03-18,49.02875198757007,50.47466002633755,46.8910854866128,49.43243408203125,633600
2020-03-19,49.056290376625434,50.79945172517168,47.72139247699524,49.65263366699219,868300
2020-03-20,50.17557240120075,50.518700799656216,47.11494632268251,47.395687103271484,775100
2020-03-23,47.37733638595379,47.37733638595379,45.06535128155118,45.85436248779297,1300600
2020-03-24,48.15717962765572,50.4232894572857,48.129653617709636,50.299434661865234,1552300
2020-03-25,50.80181832143035,52.82061547487031,49.465170262839166,50.949310302734375,1943100
2020-03-26,51.48398559912249,54.12962900308673,51.48398559912249,53.80698776245117,1610400
2020-03-27,52.313607269544455,53.788526948963685,51.861911139699004,52.2767333984375,1659000
2020-03-30,52.88514790247628,54.11117796793615,52.4196283812181,54.02821350097656,469600
2020-03-31,53.95447347666424,54.28633139205629,52.89437570970304,52.99577713012695,416100
2020-04-01,51.39179155852125,51.81583060903837,50.336300529645875,50.774169921875,389500
2020-04-02,50.75573670117536,52.02785394592364,50.50684327942369,51.935672760009766,387700
2020-04-03,51.898803255664134,52.193787295248676,50.62668238715135,51.202823638916016,447900
2020-04-06,53.13405354916734,54.99614261281562,53.014215176720654,54.63663101196289,407300
2020-04-07,56.35122903508768,56.64437045881298,54.72881317138672,54.72881317138672,370000
2020-04-08,55.40173979381016,56.738388163340296,54.77029125031398,56.48027801513672,269400
2020-04-09,57.40210007564132,58.028941978358866,56.88587629796605,57.512718200683594,23505600
2020-04-13,57.494288885262755,57.494288885262755,56.0101484045471,56.86744689941406,6279600
2020-04-14,58.11191800108045,58.7295397981803,57.8722412466182,58.674232482910156,1969200
2020-04-15,57.42975529776625,57.68786895190346,56.885877853083855,57.32835388183594,1604000
2020-04-16,57.64177220781371,57.78926421065807,56.922749133508304,57.678646087646484,1399400
2020-04-17,59.098257851943636,59.29184044318812,58.32760924851036,59.144351959228516,881100
2020-04-20,58.39767552851871,59.12407627117292,58.13311262067349,58.240966796875,1204800
2020-04-21,57.20851900252832,57.34771210295923,56.16685470752929,56.30513000488281,941100
2020-04-22,57.60490184446767,58.04737785300074,57.21773313919702,57.678646087646484,1139300
2020-04-23,58.00129244434587,58.61891771647637,57.583706066243494,57.641780853271484,615600
2020-04-24,58.08426292883891,58.58204988320842,57.51273171261148,58.471431732177734,1165000
2020-04-27,58.90467640183965,59.596045826666476,58.8770192336356,59.34714889526367,1051500
2020-04-28,60.2689768450523,60.2689768450523,59.024513244628906,59.024513244628906,697800
2020-04-29,60.37037838229428,60.988007102457736,60.07539436505637,60.693016052246094,637800
2020-04-30,60.49944146997573,60.49944146997573,59.72234700040443,60.03852844238281,4736500
2020-05-01,59.05217966245455,59.061399892991545,58.2041013104066,58.471431732177734,730400
2020-05-04,58.06581477346691,58.7203103160891,57.761610539678536,58.711090087890625,1361400
2020-05-05,59.35637751523698,59.8541644154457,59.13514123724682,59.20888900756836,583900
2020-05-06,59.64213111259934,59.7066586423284,58.8493638164299,58.89545440673828,626700
2020-05-07,59.71589070233817,60.07540230105817,59.55364700988401,59.669803619384766,881400
2020-05-08,60.2966383499306,60.74833109308611,60.14914282311928,60.68380355834961,523900
2020-05-11,60.29663931392073,61.05714291640042,60.21367132051945,60.77598571777344,799400
2020-05-12,60.99722472822387,61.02487838294624,59.503871109421944,59.52230453491211,584800
2020-05-13,59.46698634870231,59.61078954674096,57.944129681489144,58.46219253540039,635200
2020-05-14,57.99207541267352,59.20888900756836,57.39288708651629,59.20888900756836,573300
2020-05-15,58.72953064505267,59.503868103027344,58.48708996920683,59.503868103027344,541500
2020-05-18,60.89581748404976,61.55031303748268,60.81285652781359,61.264549255371094,435400
2020-05-19,61.13549938365412,61.47657753187042,60.573184967041016,60.573184967041016,516600
2020-05-20,61.45814394360155,61.79922212994472,61.370569339474585,61.63329315185547,563500
2020-05-21,61.60563023458767,61.72546507681654,60.923473964434095,61.17237091064453,386300
2020-05-22,61.209236115500616,61.3567245901834,60.89581167821874,61.33829116821289,469700
2020-05-26,62.767128254268016,62.767128254268016,62.00201802798194,62.12185287475586,388900
2020-05-27,62.72103680173201,63.04367446899414,61.62406170006708,63.04367446899414,440700
2020-05-28,63.357090387051706,63.71660188674609,62.7579022099035,62.942264556884766,702600
2020-05-29,62.79475897327203,63.329412447004785,62.24165801711204,63.13582992553711,448700
2020-06-01,63.17273406199743,63.66130071213751,62.979151447770654,63.53224563598633,518800
2020-06-02,63.790356276826834,64.03925323486328,63.39397081619129,64.03925323486328,394600
2020-06-03,64.51858972299738,65.03481698502547,64.42640854394801,64.88732147216797,394600
2020-06-04,64.6753055318411,64.9795027197274,64.13142461882208,64.62921142578125,10576800
2020-06-05,65.68931296056802,66.6111388234832,65.68009273270637,66.15943908691406,1535600
2020-06-08,66.31616096211935,66.99831019453471,66.2516334270662,66.98908996582031,1706500
2020-06-09,66.3530122834713,66.85079193721886,66.24239067543215,66.59268188476562,2722600
2020-06-10,66.78629218615676,66.91534726602961,66.04883559159387,66.1871109008789,858400
2020-06-11,64.60157271031363,64.75828145438895,62.324661190840644,62.45371627807617,720800
2020-06-12,63.91019191047437,64.19595569149638,61.99279233329306,63.21882247924805,888200
2020-06-15,61.9743548324132,64.08025528365583,61.713424759641164,63.880401611328125,601100
2020-06-16,65.74017776543394,65.74017776543394,63.99974773094817,64.99996185302734,712300
2020-06-17,65.3700762215126,65.38857844448775,64.69462860574393,64.82416534423828,591100
2020-06-18,64.61134762161204,64.97220091498235,64.52806998356107,64.90743255615234,416300
2020-06-19,65.72166951883055,65.74017879950402,64.22274250850167,64.55583190917969,400800
2020-06-22,64.58359463089646,65.04622781003118,64.21348667574426,65.00921630859375,410000
2020-06-23,65.66615227691258,65.78643435795664,65.17113140414232,65.27754211425781,366500
2020-06-24,64.8611832844123,65.05548841143121,63.232712191347375,63.630577087402344,516700
2020-06-25,63.59356076655803,64.3985379911938,63.056904577319386,64.36152648925781,442800
2020-06-26,64.18572863044798,64.18572863044798,62.751562977897315,62.881099700927734,535100
2020-06-29,63.20493775653841,63.704582398233846,62.642381332438745,63.69532775878906,374400
2020-06-30,63.63981281750296,65.00921000093065,63.63981281750296,64.75938415527344,401200
2020-07-01,64.87044270551925,65.37934216560068,64.83158167725253,65.14802551269531,655400
2020-07-02,65.87895242697411,66.1935466144155,65.33304874239614,65.46258544921875,465700
2020-07-06,66.43412962749316,66.63768230355193,66.25832675443723,66.58216857910156,450600
2020-07-07,66.32308254913669,66.70243802635203,65.78642645042135,65.8974609375,392400
2020-07-08,66.0917691212877,66.43412017822266,65.69390434779837,66.43412017822266,1491700
2020-07-09,66.65620126124648,66.65620126124648,65.28680369915091,66.11954498291016,586900
2020-07-10,66.00849347393496,66.80422304486319,65.7401724630322,66.78572082519531,381700
2020-07-13,67.34089881422271,67.82204137649377,65.98075584746695,66.06403350830078,367300
2020-07-14,65.73093665291634,67.01983086937564,65.49962001508621,66.97357177734375,511400
2020-07-15,67.76650818936648,67.78501747026608,66.98465696308278,67.61846923828125,387700
2020-07-16,67.211350935048,67.47042439835792,66.9707796937363,67.37789916992188,1514300
2020-07-17,67.51666799498182,67.73872988091523,67.12805792979334,67.57218170166016,414000
2020-07-20,67.57219632239789,68.34016904064303,67.35938902793866,68.21063232421875,444200
2020-07-21,68.71952342044214,68.71952342044214,68.07183984897051,68.23838806152344,483000
2020-07-22,68.23841001755316,68.7149217397175,68.20139850738595,68.67328643798828,389900
2020-07-23,68.66401031872921,68.764865417025,67.45191374157656,67.8127670288086,482700
2020-07-24,67.31311016935557,67.54442669914717,66.94763315834176,67.3223648071289,266300
2020-07-27,67.53519079726148,67.90992255000823,67.28537198183771,67.84053039550781,377000
2020-07-28,67.66472949584038,67.90530073715206,67.33441435973143,67.37789916992188,467200
2020-07-29,67.61848178977284,68.4142115948252,67.61848178977284,68.2939224243164,321100
2020-07-30,67.66472008080999,68.12735321784082,67.1650754457101,68.04408264160156,1631200
2020-07-31,68.54372182159324,68.60849017325405,67.50742113579928,68.59923553466797,482300
2020-08-03,69.02488332261589,69.28395682753221,68.89627132844504,69.12666320800781,323800
2020-08-04,68.98786208534355,69.38572692871094,68.90089246325938,69.38572692871094,319000
2020-08-05,69.66330139308612,69.84835183157296,69.62166610330983,69.81134033203125,329500
2020-08-06,69.73730826179764,70.26470965464009,69.58926229787409,70.25545501708984,267800
2020-08-07,69.94087513011092,70.29895414264124,69.74657005726921,70.27397155761719,416500
2020-08-10,70.42203747655974,70.45441813491753,69.85762431799435,70.36652374267578,373200
2020-08-11,70.63484431965308,70.8004678210504,69.66239392929889,69.76509857177734,346300
2020-08-12,70.41276487954433,71.02344403344141,70.41276487954433,70.83838653564453,332700
2020-08-13,70.79212113373119,71.09745362419119,70.56080457655844,70.8013687133789,759500
2020-08-14,70.77362786407188,70.87725725333476,70.55156589554042,70.7921371459961,298000
2020-08-17,71.06970290271174,71.14372590161096,70.94942082391678,71.06045532226562,338000
2020-08-18,71.21774228134765,71.38429048378065,70.88464587648168,71.27233123779297,423600
2020-08-19,71.36579813637529,71.47683265074518,70.87540805154808,70.98644256591797,361800
2020-08-20,70.64409578107694,71.36580252076271,70.55157054302907,71.27327728271484,496200
2020-08-21,71.27325216297058,71.57859169421467,71.15297010182321,71.54158020019531,280900
2020-08-24,72.11528664739281,72.17080038874,71.8006923082349,72.1430435180664,349800
2020-08-25,72.30030226114883,72.45759582519531,72.0440031214919,72.45759582519531,280500
2020-08-26,72.60565688077737,73.31810891590082,72.52237923244097,73.28109741210938,449600
2020-08-27,73.44764152901625,73.74372648351444,73.00351762688005,73.40138244628906,409500
2020-08-28,73.6789639634202,73.87326906841689,73.4013882673775,73.85476684570312,1556700
2020-08-31,73.8769647564919,74.09532766172107,73.59568300814026,73.7252197265625,499300
2020-09-01,73.95654101074793,74.41917419433594,73.73447905920789,74.41917419433594,390100
2020-09-02,74.8817988467031,75.59425076220182,74.44137402621298,75.46471405029297,429800
2020-09-03,74.90029924240903,74.9891254225871,72.07824144827408,72.64265441894531,431500
2020-09-04,72.79994954003271,73.18855967459716,70.39425867849206,71.9857177734375,428900
2020-09-08,70.5238040335936,70.90315957548093,69.81134497368329,69.90387725830078,921400
2020-09-09,70.75510610689298,71.83766584623014,70.61631476767062,71.31951904296875,367600
2020-09-10,71.86544426300273,71.94872191520906,69.86687237994788,70.13520050048828,372800
2020-09-11,70.5052774881369,70.69033495283408,69.43197242977514,70.15367889404297,460300
2020-09-14,70.8569163590619,71.46666387247812,70.72089923522536,71.10673522949219,400100
2020-09-15,71.75439452600138,71.8830064675498,71.25752421929805,71.54158020019531,426200
2020-09-16,71.84692405436587,72.11525210773553,71.16222902186257,71.22699737548828,373800
2020-09-17,70.05191254031666,70.93091978361693,69.96864195958625,70.60707092285156,534800
2020-09-18,70.85690086701038,70.85690086701038,69.27469620895275,69.88536834716797,325800
2020-09-21,68.74728888652525,69.21916961669922,67.9793161636155,69.21916961669922,364700
2020-09-22,69.4597479627642,69.95013802244434,68.89995868795312,69.84835815429688,480300
2020-09-23,69.99045944408171,69.99045944408171,68.04844393535737,68.15153503417969,731400
2020-09-24,67.74287529919343,69.0013247580532,67.50139885687587,68.24440002441406,728600
2020-09-25,68.2165497260163,69.63754036721629,67.99365215095568,69.5353775024414,355800
2020-09-28,70.48267717305555,70.79659158069028,70.22262889622392,70.65914154052734,254300
2020-09-29,70.68700216735185,70.75201423593775,70.16969033179313,70.27835083007812,345300
2020-09-30,70.45480876632453,71.50893950471232,70.40836854195089,70.77986907958984,565900
2020-10-01,71.34643768839489,71.58791420863844,70.8913530464558,71.2349853515625,442600
2020-10-02,70.00902765228884,71.03993858696171,70.00902765228884,70.63129425048828,417300
2020-10-05,71.13281689508224,71.90367955461977,71.13281689508224,71.85724639892578,276500
2020-10-06,71.9036631319402,72.42376679173853,70.78638373556494,70.92848205566406,812300
2020-10-07,71.68077955166137,72.34018986074054,71.58790615763917,72.18230438232422,16329600
2020-10-08,72.64668443100658,72.82314885425575,72.4237868498088,72.79528045654297,2502000
2020-10-09,73.25036902992177,73.57542946476993,73.0460433035069,73.4732666015625,2384700
2020-10-12,74.1326566921691,74.99639251791203,73.98406071358346,74.59703063964844,587300
2020-10-13,74.72707453547469,74.72707453547469,74.03051343008907,74.20697784423828,864500
2020-10-14,74.43916305364982,74.60168972278204,73.61721898543396,73.79832458496094,800700
2020-10-15,72.92530862456384,73.81691316969216,72.80921509466333,73.73332214355469,979800
2020-10-16,74.09550472966436,74.35555300232835,73.63113078968321,73.66828155517578,945500
2020-10-19,73.9840780272631,74.08252084895065,72.34018990044612,72.5630874633789,595900
2020-10-20,72.85098276777322,73.53825418470022,72.67451841089024,72.8045425415039,779500
2020-10-21,72.85098236810494,73.28749498382047,72.6095059472399,72.63736724853516,621900
2020-10-22,72.72098608340059,73.1574917804725,72.19252813674828,73.05533599853516,562100
2020-10-23,73.23176000898168,73.2596213082657,72.7023740652361,73.21318817138672,608300
2020-10-26,72.59096407001687,72.68383747459553,71.10496125361199,71.87582397460938,634400
2020-10-27,72.04299218466493,72.08943242549475,71.65291967052362,71.73650360107422,514200
2020-10-28,70.46413844371595,70.55701185968465,69.16574583910109,69.26605224609375,630700
2020-10-29,69.4462138427828,70.67308931552817,69.00133986544087,69.95330810546875,601800
2020-10-30,69.67466686404703,69.90314089642877,68.32334400579465,69.126708984375,661700
2020-11-02,69.86042720203095,70.3805238258088,69.28645735440318,69.9068603515625,662000
2020-11-03,70.68700212021702,71.63432184552055,70.56533212251193,71.17923736572266,667200
2020-11-04,72.24732754726242,73.67760070907927,72.02442995026625,72.73956298828125,504500
2020-11-05,74.05837273077209,74.66113218494179,73.89119778658493,74.27198791503906,1129500
2020-11-06,74.34628555322996,74.5784725698412,73.77045920115137,74.3555679321289,615800
2020-11-09,77.21609867111279,77.21609867111279,75.03354255628449,75.11712646484375,715100
2020-11-10,75.00568275854117,75.09855613184313,74.13729864941821,74.93138122558594,664300
2020-11-11,75.44220343438589,75.66510097118346,75.14500435672748,75.52578735351562,647900
2020-11-12,75.32146976071796,75.47007285842358,74.3973699328343,74.8385238647461,581300
2020-11-13,75.31217615443792,75.96230404247255,75.14500830738979,75.82299041748047,492500
2020-11-16,76.52884384264702,76.73316955566406,76.10904647589382,76.73316955566406,648200
2020-11-17,76.38954409569565,76.69603272092377,75.98089259539151,76.44526672363281,818200
2020-11-18,76.39883180571853,76.67745202478517,75.65583038330078,75.65583038330078,653400
2020-11-19,75.57224062021959,76.11090916989018,75.22860124881728,76.0644760131836,774100
2020-11-20,76.06449610944071,76.07378557755078,75.55368165020785,75.58154296875,583500
2020-11-23,76.17590272618095,76.33379526077321,75.55364330856108,76.10160827636719,459300
2020-11-24,76.68674040021801,77.37401210041601,76.44526387849946,77.2904281616211,631800
2020-11-25,77.33682764310147,77.36562426732482,76.94675526035151,77.2811050415039,574900
2020-11-27,77.58760195300957,77.67861885220836,77.37398681403364,77.61546325683594,311600
2020-11-30,77.50401849220977,77.54024102502002,76.59384941171737,77.23468780517578,464700
2020-12-01,78.0705560528538,78.32596317472273,77.83836904857023,77.99626159667969,525900
2020-12-02,77.74549748555593,78.11699811827073,77.50402101142353,78.09841918945312,590400
2020-12-03,78.1820044574099,78.43276329175508,77.89409485394233,78.07984161376953,500700
2020-12-04,78.2563054947459,78.81355285644531,78.2563054947459,78.81355285644531,476900
2020-12-07,78.67425335613166,78.81356699299093,78.43277685796131,78.73926544189453,547500
2020-12-08,78.4234699903958,79.12003087140253,78.4234699903958,79.01786804199219,479800
2020-12-09,79.20362366862976,79.20362366862976,77.93124351803434,78.19129180908203,602700
2020-12-10,77.83836999792382,78.42348579075717,77.53838619869168,78.23773193359375,810100
2020-12-11,78.01483391576517,78.21915961450826,77.46687598348603,78.11699676513672,751900
2020-12-14,78.70600721434292,78.89240818887492,77.84392670496909,77.8858642578125,672700
2020-12-15,78.46369110331217,78.89240264892578,78.12817648318507,78.89240264892578,614500
2020-12-16,79.0042462119689,79.19996902411422,78.72465539977804,78.97628784179688,826700
2020-12-17,79.47023902002184,79.60072326660156,79.30248168638579,79.60072326660156,568400
2020-12-18,79.78710363607621,79.78710363607621,78.81783999587994,79.36771392822266,486800
2020-12-21,78.57554295537412,79.27919519495248,77.83927498395515,79.10677337646484,854800
2020-12-22,79.13474184186741,79.26521899508877,78.7479677410785,79.06949615478516,661400
2020-12-23,79.07881798300713,79.48889309911519,79.05085960881277,79.06949615478516,631300
2020-12-24,79.21859393758282,79.37702941894531,79.0061046670938,79.37702941894531,352200
2020-12-28,79.97352990736873,79.97352990736873,79.68461719639376,79.88033294677734,530400
2020-12-29,80.18786724999192,80.27920124170424,79.54479631106928,79.70323181152344,645300
2020-12-30,79.93622006373683,80.07601900802794,79.73118967064217,79.82438659667969,612700
2020-12-31,79.85235027276586,80.29970550214779,79.65290869557548,80.17854309082031,528600
2021-01-04,80.54203820072965,80.54203820072965,78.2400370795909,79.11610412597656,878200
2021-01-05,79.04152099501742,79.84302740057849,78.88961291275835,79.6752700805664,863600
2021-01-06,79.30248895935499,80.82162692840167,79.12541689295057,80.09468078613281,669800
2021-01-07,80.67249440678064,81.5019592035518,80.63521421124966,81.36216735839844,556400
2021-01-08,81.79087442165525,81.9027078915982,80.9520878447339,81.88407135009766,606500
2021-01-11,81.2596485983058,81.76292057226868,81.10120598968156,81.36216735839844,550900
2021-01-12,81.4460385865413,81.62311772926233,80.92413009490447,81.45536041259766,653300
2021-01-13,81.53925321579001,81.91204812379914,81.27829891332506,81.66041564941406,1165300
2021-01-14,81.7722241151911,81.95862506737674,81.28759586044696,81.39942932128906,14440700
2021-01-15,81.1850897649548,81.24007503246816,80.39290514851484,80.75637817382812,2184900
2021-01-19,81.25966627293722,81.57653733816721,81.03691652290448,81.44606018066406,2508200
2021-01-20,81.92137018295308,82.77879349646257,81.92137018295308,82.59239959716797,1319100
2021-01-21,82.7974159110701,82.94653669343234,82.44326471866519,82.66693878173828,1153800
2021-01-22,82.34073174941538,82.63896615220526,82.145016089191,82.42461395263672,835200
2021-01-25,82.69491150152366,82.88130538532566,81.50196646958992,82.72286987304688,1014400
2021-01-26,82.8626667768648,83.04906065602336,82.4991866247054,82.58306884765625,782800
2021-01-27,81.80019365446874,81.80019365446874,80.03874530089537,80.49542236328125,831000
2021-01-28,80.92413858280382,82.21866376052985,80.90549492873565,81.27828979492188,704300
2021-01-29,80.92879077618235,81.07324708887349,79.2978195623686,79.74983215332031,836300
2021-02-01,80.60725262496605,81.30624026471543,80.02942739347401,81.02664947509766,1073300
2021-02-02,81.84680958401516,82.56909838538567,81.8374877559312,82.2196044921875,713000
2021-02-03,82.47122334767776,82.66693904229237,82.03318993619592,82.29415130615234,1351000
2021-02-04,82.62036171111276,83.24478912353516,82.49919927166212,83.24478912353516,1412000
2021-02-05,83.56165222958533,83.74804610370309,83.31280709292177,83.61756896972656,1008400
2021-02-08,84.07237519921509,84.23267364501953,83.75643566575037,84.23267364501953,1354100
2021-02-09,84.08356643219447,84.29791869082882,83.99036948885471,84.15812683105469,1325400
2021-02-10,84.60639659463905,84.60639659463905,83.61756484016514,84.2047119140625,797400
2021-02-11,84.41906142765755,84.56165477974713,83.78531240609617,84.3724594116211,793000
2021-02-12,84.16743442424239,84.84778556293355,84.16743442424239,84.78254699707031,605700
2021-02-16,85.11805021794119,85.12736493290569,84.48430118735169,84.68933868408203,1283000
2021-02-17,84.20938552930257,84.61479614028137,83.8785282061046,84.58683776855469,745800
2021-02-18,84.03044654485147,84.40043991385922,83.53369480572167,84.24200439453125,815000
2021-02-19,84.59615786760327,84.623191879828,84.00901069257498,84.07424926757812,546000
2021-02-22,83.46845298255448,83.90648643344126,83.30908599770406,83.34729766845703,588600
2021-02-23,82.67626535419687,83.63620733672985,81.5951680618925,83.38457489013672,654700
2021-02-24,83.07701892876746,84.25132027539796,82.77878445618344,84.19539642333984,627900
2021-02-25,83.94378208367766,84.22338007286966,81.74429970748218,82.10777282714844,749200
2021-02-26,82.4339387202005,82.81605537281226,81.23168624798427,81.7629165649414,942700
2021-03-01,82.90740942401196,84.04629366408189,82.87945104958507,83.78533935546875,955100
2021-03-02,83.94377319765785,83.94377319765785,83.01178947963767,83.03042602539062,827900
2021-03-03,82.8906157602199,83.10496798592949,81.73495108681111,81.7629165649414,692100
2021-03-04,81.6510803761504,82.20094726430392,79.56623360454594,80.56066131591797,1003900
2021-03-05,81.3994240333267,82.2913328000416,79.544779119996,82.0984115600586,830100
2021-03-08,82.15433854388544,82.89992100134118,81.50661036205753,81.56718444824219,1021200
2021-03-09,82.43396051481103,83.44516914901337,82.43396051481103,82.87199401855469,1380700
2021-03-10,83.47778802578934,83.73408499087031,83.07517176684134,83.32867431640625,686500
2021-03-11,83.91580727487464,84.74527214045767,83.87852707625092,84.26995849609375,712600
2021-03-12,83.95309582372413,84.40044403076172,83.73035319197825,84.40044403076172,1367400
2021-03-15,84.43771372140122,85.00622429286065,83.97172191597355,84.99690246582031,809700
2021-03-16,85.0341807309641,85.25786191202472,84.56818893612687,84.7918701171875,821400
2021-03-17,84.36316050685339,85.2578711066448,84.15813006780877,85.0528335571289,600000
2021-03-18,84.37247509608186,84.86642527182632,83.58961227651795,83.69213104248047,709500
2021-03-19,83.51505911655237,83.99316720508952,83.04906727106795,83.62689971923828,648200
2021-03-22,83.6641673235955,84.61479460791261,83.6641673235955,84.32588195800781,614700
2021-03-23,84.11151952318622,84.48431438361023,83.46192826522292,83.68280792236328,1681300
2021-03-24,83.97172006357977,84.23640732820357,83.05838012695312,83.05838012695312,961100
2021-03-25,82.67697074304378,83.69593945460068,82.26564025943017,83.51831817626953,836300
2021-03-26,83.90160482376015,84.94862463262089,83.6071289423408,84.88318634033203,840600
2021-03-29,84.56533618695609,84.96731629679145,84.13531211424083,84.69621276855469,1791600
2021-03-30,84.45314425984674,84.68685343541492,84.15399680040898,84.55597686767578,923300
2021-03-31,84.7102128816275,85.37862473074536,84.6868405411817,84.94860076904297,880400
2021-04-01,85.37862731547138,85.95822143554688,85.37862731547138,85.95822143554688,1935600
2021-04-05,86.72481108846996,87.18288627834485,86.59393450057404,87.09874725341797,1351600
2021-04-06,87.00526826358372,87.35116047729586,86.94918033301826,87.10810089111328,894300
2021-04-07,86.99590495910465,87.2651398238072,86.91177307576916,87.18287658691406,785000
2021-04-08,87.49136655368139,87.65963745117188,87.28570846318257,87.65963745117188,909200
2021-04-09,87.68768806463221,88.3000049811893,87.6222497788682,88.29532623291016,945500
2021-04-12,88.14575825130582,88.38881780398867,88.00553131197962,88.32337951660156,890800
2021-04-13,88.42620945480816,88.81416758252888,88.29533287343716,88.67861938476562,847200
2021-04-14,88.71600595288247,88.8992331507755,88.17099597518703,88.31402587890625,1004900
2021-04-15,88.77211302871902,89.3143201538207,88.77211302871902,89.30496978759766,1842000
2021-04-16,89.52931540664459,89.72563740708698,89.21147432447809,89.53866577148438,694100
2021-04-19,89.37039830237744,89.38909903277617,88.69731465280128,89.0245132446289,1099000
2021-04-20,88.85623701895852,88.97776323032782,88.08032079530301,88.4636001586914,1939100
2021-04-21,88.19251157096483,89.30496978759766,88.19251157096483,89.30496978759766,1290300
2021-04-22,89.34234961173217,89.49192691805194,88.25794266986792,88.51034545898438,1484900
2021-04-23,88.65991955422376,89.78172800452066,88.61318199311067,89.50127410888672,1031600
2021-04-26,89.5854134792119,89.80510070079127,89.52931842052344,89.70693969726562,660100
2021-04-27,89.744323971011,89.7676963151594,89.40217624641933,89.58540344238281,946400
2021-04-28,89.54801177978516,89.88455357525837,89.44985078433953,89.54801177978516,1434900
2021-04-29,90.16501317025985,90.29588976135248,89.2488770326115,89.99674224853516,1279200
2021-04-30,89.52929963853647,89.67420530519685,89.16471392862135,89.28624725341797,1015400
2021-05-03,89.80040957749999,89.86584786008666,89.40310826616583,89.51061248779297,769400
2021-05-04,88.97777219415168,89.16473671236099,88.0242417397015,88.92168426513672,1403700
2021-05-05,89.2554033575922,89.29560065199048,88.72441535712063,88.88427734375,782300
2021-05-06,88.88427205376928,89.52930450439453,88.35141543860698,89.52930450439453,1003700
2021-05-07,89.80042493371293,90.33328164939294,89.62281078331233,90.19306182861328,1145900
2021-05-10,90.18371365608293,90.22110798661316,89.22083282470703,89.22083282470703,753200
2021-05-11,88.04293526566359,88.6786246121833,87.58486720386296,88.55709838867188,1144900
2021-05-12,87.94943689599013,88.13733570295858,86.42564853724296,86.57522583007812,897100
2021-05-13,86.88373620098302,87.99618716516873,86.88373620098302,87.50072479248047,1094000
2021-05-14,88.12706566429496,89.1320195454488,88.12706566429496,88.94037628173828,707900
2021-05-17,88.70666176622379,88.88428303730602,88.21119941240352,88.69731140136719,839100
2021-05-18,88.72535288616025,88.79079116859161,87.91204240545235,87.9400863647461,820500
2021-05-19,86.75284906209279,87.73442332283248,86.53783348179473,87.6502914428711,557600
2021-05-20,87.89336534366376,89.02452430949486,87.89336534366376,88.76276397705078,890100
2021-05-21,89.08995922005936,89.37975637608291,88.58514643933995,88.70667266845703,746100
2021-05-24,89.08061362565181,89.85653000418463,89.08061362565181,89.63216400146484,653000
2021-05-25,89.90326177943001,89.9219625112383,89.31712007787769,89.45454406738281,714400
2021-05-26,89.5573602081509,89.78171902287016,89.38815499085744,89.67888641357422,3009800
2021-05-27,89.88454240405005,89.95933104535757,89.66018361236488,89.69757080078125,998500
2021-05-28,89.97802830760786,90.15564955489478,89.83780138249912,89.91259002685547,758100
2021-06-01,90.38002236230902,90.46415425106994,89.69758835821348,89.77237701416016,1137100
2021-06-02,89.92194874390322,90.12761396886994,89.72563388340906,90.0060806274414,996000
2021-06-03,89.67888082921823,89.82845098563787,89.05254198050044,89.59474182128906,758700
2021-06-04,89.95001945154696,90.48287626911457,89.92664709953496,90.42678833007812,1499500
2021-06-07,90.49220214987135,90.49220214987135,90.20426654787096,90.4454574584961,541800
2021-06-08,90.6651251312248,90.67914710916789,90.05841425853623,90.50152587890625,534300
2021-06-09,90.7072416210029,90.7072416210029,90.295911019451,90.33330535888672,598200
2021-06-10,90.60321221519023,90.9593688686754,90.34546915032368,90.82815551757812,585800
2021-06-11,90.84688669570177,91.03433227539062,90.65006669185132,91.03433227539062,549600
2021-06-14,91.11867596727187,91.26863098144531,90.80094666968077,91.26863098144531,1120900
2021-06-15,91.29677212219836,91.29677212219836,90.84689269043213,91.02497100830078,717700
2021-06-16,91.06246795176948,91.08120965205502,90.02212839643038,90.54698181152344,709400
2021-06-17,90.5657217051196,90.74380003194148,89.9330874371742,90.5750961303711,644100
2021-06-18,89.96586609934737,89.97524052240023,89.3472900390625,89.3472900390625,717500
2021-06-21,89.61912514249666,90.60322541914287,89.54414403077341,90.56573486328125,1245100
2021-06-22,90.66878978369057,91.29205657661338,90.45322812634225,91.05306243896484,575400
2021-06-23,91.09992024897623,91.31548905691359,91.0061974783644,91.05306243896484,538600
2021-06-24,91.60605038696892,91.67165705477423,91.46265244515229,91.57793426513672,1229500
2021-06-25,91.84973727113763,91.95283448706064,91.65572744575107,91.87785339355469,584300
2021-06-28,92.2527575264997,92.2527575264997,91.80569542058419,92.1590347290039,572600
2021-06-29,92.25932656309884,92.39335725995561,92.12155610661466,92.25276947021484,1062100
2021-06-30,92.1684066071841,92.40271718792303,92.13092320678635,92.29025268554688,938500
2021-07-01,92.39333936272486,92.7494888305664,92.3474111190654,92.7494888305664,1784100
2021-07-02,92.90882267354165,93.4805410242748,92.87133212506511,93.42430877685547,627600
2021-07-06,93.58362355304007,93.58362355304007,92.6360702894733,93.2462158203125,736400
2021-07-07,93.5274069990615,93.64924591997176,92.95475191477846,93.61175537109375,657100
2021-07-08,92.2715035627044,92.98380972821622,92.09343238427002,92.83385467529297,746600
2021-07-09,93.0400363974401,93.85543974130148,93.0400363974401,93.78983306884766,475500
2021-07-12,93.97726740825217,94.11785516113052,93.72421517354327,94.09911346435547,2612400
2021-07-13,93.86480442688574,94.25844442076546,93.68859958166894,93.78044891357422,603900
2021-07-14,94.04287407093805,94.29593345623196,93.5555112983052,93.84605407714844,2245800
2021-07-15,93.79921173521387,93.79921173521387,93.0681638803589,93.55552673339844,606800
2021-07-16,93.71484625132607,93.8460595882246,92.76354598351638,92.89007568359375,580900
2021-07-19,91.76539404705757,91.8356843570398,90.91250014945425,91.50296020507812,862500
2021-07-20,91.84973833994633,93.21342749776792,91.58731166021242,92.89945220947266,1421300
2021-07-21,93.07750689664314,93.66328318544105,93.07750689664314,93.62110900878906,933100
2021-07-22,93.63986519027947,93.9022918441256,93.46647053281039,93.83668518066406,459300
2021-07-23,94.42714613926265,94.94263217941526,94.17409390629051,94.89576721191406,12671600
2021-07-26,94.85828530236493,95.08322143554688,94.69895583930236,95.08322143554688,2517700
2021-07-27,94.7270708552438,94.7270708552438,93.87512088103539,94.56774139404297,1055500
2021-07-28,94.59585721846241,94.84328910646886,94.23970775032562,94.5302505493164,1343700
2021-07-29,94.51150580695335,95.1675796775089,94.51150580695335,94.91452026367188,749100
2021-07-30,94.29594661011332,94.70833550258386,94.22096551137483,94.34281158447266,1429100
2021-08-02,94.8395535229931,94.86766964875758,94.15536347682765,94.2209701538086,724500
2021-08-03,94.48996570224192,94.93328094482422,93.86482521023815,94.93328094482422,897500
2021-08-04,94.61459921467168,94.80205194895854,94.43183726786116,94.56774139404297,1359400
2021-08-05,94.99888889418169,95.16759280982242,94.70834604247509,95.15821838378906,668600
2021-08-06,95.31097609218008,95.36439815633103,95.0832226233979,95.23318481445312,541900
2021-08-09,95.2331921497726,95.30817325107562,94.97076544580342,95.1957015991211,783100
2021-08-10,95.36440550175719,95.467502728401,95.0785463098069,95.1957015991211,990300
2021-08-11,95.38314086053234,95.45812195685046,95.15352108512056,95.4206314086914,722400
2021-08-12,95.34565905450106,95.71118296691473,95.1863224345176,95.68305969238281,835400
2021-08-13,95.85175533670507,95.86112976074219,95.67836782026558,95.86112976074219,745400
2021-08-16,95.49561106944115,96.06732940673828,95.16757771621924,96.06732940673828,1358300
2021-08-17,95.64557307127374,95.64557307127374,94.71769810894415,95.41126251220703,1915300
2021-08-18,95.12072657130042,95.51437380298006,94.32407198321556,94.35218811035156,793300
2021-08-19,93.72423102620387,94.82080281306852,93.67736605045422,94.50214385986328,857300
2021-08-20,94.48339631251574,95.3812746297452,94.48339631251574,95.30817413330078,604500
2021-08-23,95.87049669215958,96.39534998777266,95.61743731706765,96.18915557861328,859100
2021-08-24,96.3672353787947,96.49844870475445,96.25476374914778,96.3766098022461,3205100
2021-08-25,96.37661694223783,96.72808276650882,96.35786809394604,96.62966918945312,1209700
2021-08-26,96.47970687548121,96.61092020126014,96.0110858118165,96.04857635498047,940100
2021-08-27,96.30163745275631,96.99051105183787,96.20791466150922,96.89209747314453,1763400
2021-08-30,97.27635806094347,97.52941028075755,97.03267311367046,97.34196472167969,628000
2021-08-31,97.47318104555951,97.59501994765408,97.05142494934836,97.21075439453125,861700
2021-09-01,97.32323053709239,97.53879939803798,97.21076604493886,97.26699829101562,826500
2021-09-02,97.5950377457293,97.72625109517237,97.26700437212163,97.5856704711914,700600
2021-09-03,97.3701015967685,97.68876769583828,97.2473259450008,97.5856704711914,599400
2021-09-07,97.56035228435088,97.57628379965706,97.0233071958992,97.20138549804688,686300
2021-09-08,97.05142344071996,97.19200403687844,96.57342796201162,97.02330017089844,737800
2021-09-09,96.96709466512756,97.41228336040567,96.57345458618218,96.67655181884766,937100
2021-09-10,97.07954004382033,97.19200452130767,95.85174801006124,95.89861297607422,881800
2021-09-13,96.48907414832973,96.59217135438317,95.58932256416428,96.04857635498047,1204600
2021-09-14,96.42346431840411,96.47126601072138,95.38312501919127,95.59869384765625,1378200
2021-09-15,95.77022662676536,96.51721312859613,95.45812477595018,96.41411590576172,719000
2021-09-16,96.23602877573255,96.52469811300999,95.6174454953462,96.26414489746094,780800
2021-09-17,96.06731354824045,96.23601740927558,95.28846417563808,95.3737564086914,787800
2021-09-20,93.84604944331964,94.27717995375046,92.60889015016474,93.71483612060547,973900
2021-09-21,94.21156923965377,94.54897695514431,93.53676095926217,93.65859985351562,1059200
2021-09-22,94.17411088344143,95.04574652173,93.95854200490065,94.61460876464844,833400
2021-09-23,95.00825572969383,96.1235692184313,94.99888130440942,95.73930358886719,648900
2021-09-24,95.41869225002199,96.0204057793004,95.25416535374539,95.8511734008789,687400
2021-09-27,95.57852610556445,95.84177487275417,95.39518445735276,95.56912231445312,675000
2021-09-28,94.78877818007139,94.92980636303356,93.39731110676469,93.51953887939453,1008800
2021-09-29,93.82979673140964,94.17765810992395,93.47252438851453,93.55714416503906,1103000
2021-09-30,93.94262110875182,94.1118535024514,92.49474555665358,92.56996154785156,850200
2021-10-01,92.8425963989872,93.98021114980075,92.13746275545058,93.59474182128906,725700
2021-10-04,93.24685849196796,93.44429502002816,91.82718764011877,92.33488464355469,936400
2021-10-05,92.739185782429,93.82039224855306,92.54174920264843,93.30329132080078,573700
2021-10-06,92.56056340254213,93.77339443588161,92.13748597897838,93.73578643798828,714200
2021-10-07,94.39389594604029,95.18364221804075,94.39389594604029,94.52552032470703,754400
2021-10-08,94.7041683835089,94.77937720006065,94.21809061015377,94.30928802490234,523000
2021-10-11,94.25665208859671,94.86401089238409,93.7028898856372,93.70758819580078,431700
2021-10-12,93.82979673140964,94.06484130521278,93.37850799359151,93.55714416503906,599700
2021-10-13,93.82979385857527,94.14945102612468,93.22808034190149,94.0084228515625,666700
2021-10-14,94.76996095925932,95.68192774493338,94.76996095925932,95.67253112792969,622400
2021-10-15,96.04862671794888,96.39648812774037,95.94802550811042,96.2930679321289,876100
2021-10-18,95.89817496304582,96.70672877676955,95.77595438115374,96.66912078857422,739500
2021-10-19,96.98880256039544,97.37897026555044,96.88538236748953,97.3648681640625,871700
2021-10-20,97.47205223007619,97.77384867267469,97.39307042113357,97.70333099365234,850100
2021-10-21,97.54348899607947,97.99477769164702,97.41186462091196,97.93836212158203,2262800
2021-10-22,97.82555660177924,98.12170789354221,97.35546744400614,97.78794860839844,1413900
2021-10-25,97.9853735830876,98.37084291682972,97.61870465731246,98.25802612304688,745000
2021-10-26,98.62470827885402,98.96317305158686,98.32197217634078,98.38966369628906,1961700
2021-10-27,98.5212751923171,98.63409915945661,97.91956171355402,97.93836212158203,982000
2021-10-28,98.12640177930761,98.90674423751712,98.12640177930761,98.8785400390625,817900
2021-10-29,98.25802954070687,99.17940019593642,98.25802954070687,99.09478759765625,640100
2021-11-01,99.33923890011135,99.40505109172659,98.89264848594624,99.31102752685547,1285900
2021-11-02,99.32983310469375,99.6541957471776,99.2640209144065,99.60248565673828,812400
2021-11-03,99.50847132984062,100.31702527012621,99.35334821711535,100.25121307373047,737300
2021-11-04,100.38282742901612,100.74950354140351,100.29821483053567,100.7024917602539,965700
2021-11-05,101.21019948114912,101.45464785737218,100.58028171645073,100.91873931884766,735300
2021-11-08,101.06917405185234,101.28541823152148,100.84823156264385,101.04096984863281,705600
2021-11-09,101.1725967529054,101.22900516074237,100.43925875905757,100.74951934814453,914100
2021-11-10,100.31701507542924,100.74950337692562,99.5178650081255,99.87513732910156,837000
2021-11-11,100.26061818537404,100.26061818537404,99.81873321533203,99.81873321533203,704800
2021-11-12,100.12898079755244,100.77770606709076,99.93154423138655,100.67428588867188,608800
2021-11-15,100.96573996987306,100.96573996987306,100.41103825487906,100.65547943115234,801400
2021-11-16,100.66487814912688,101.42642018489164,100.65547435882388,101.14437103271484,915900
2021-11-17,101.14438058549091,101.15377720369105,100.70155598656987,100.80591583251953,1211200
2021-11-18,101.0315606418068,101.17258882333773,100.41104668525853,101.11618041992188,1007900
2021-11-19,101.07857396003756,101.38788769465093,100.8811373720956,100.93754577636719,1253600
2021-11-22,101.31360834137779,101.85608727941661,100.44863891601562,100.44863891601562,1202400
2021-11-23,100.36403448509188,100.75890765335139,99.68710495493772,100.49565887451172,848300
2021-11-24,100.14684819186502,100.80121147544861,99.7905226873455,100.787109375,903800
2021-11-26,99.27341780055795,99.60248592587413,98.35204713404686,98.50247192382812,644100
2021-11-29,99.65889208363852,100.22864272898478,99.16059877089883,99.78111267089844,920400
2021-11-30,99.25461852992828,99.67769587734253,97.74093095888217,97.86315155029297,2373600
2021-12-01,98.94435076705034,99.7058999790447,96.52809310420747,96.5562973022461,2060200
2021-12-02,96.5562986277563,98.47426302360556,96.54407585203974,98.09819030761719,1090000
2021-12-03,98.49307684277741,98.6435016349059,96.13322739415102,97.08280944824219,950000
2021-12-06,97.56229769141584,98.62470374650049,96.96998795284898,98.19222259521484,707600
2021-12-07,99.5084572757346,100.4862434647958,99.5084572757346,100.34522247314453,808200
2021-12-08,100.43924142487936,100.8059103585222,100.11957709865781,100.7212905883789,608500
2021-12-09,100.39224920274992,100.63669759713179,99.81873980034939,99.88455200195312,726500
2021-12-10,100.52386100326879,100.67429297264164,99.80180620005594,100.62728118896484,588000
2021-12-13,100.57919948600876,100.616916371089,99.69287786478402,99.75888061523438,692400
2021-12-14,98.89139230874105,99.46656213374676,98.27851279788247,98.91968536376953,1028600
2021-12-15,98.8725566759473,100.58863546604174,98.38224433948568,100.55091857910156,938500
2021-12-16,100.89033890900093,101.00725907204237,99.15540569291583,99.55142211914062,1289000
2021-12-17,98.95740829048249,99.64572884642425,98.18423013937868,98.63682556152344,1382600
2021-12-20,97.58074818076044,97.58074818076044,96.70385063065277,97.53360748291016,1852000
2021-12-21,98.33509176999698,99.35342601332054,97.8117817166579,99.27799224853516,873800
2021-12-22,99.27799078507265,100.26803195668762,99.20255702139923,100.23974609375,863200
2021-12-23,100.32460758740048,101.2015052785178,100.32460758740048,100.862060546875,792900
2021-12-27,101.18264606443351,102.26698303222656,101.17322223934008,102.26698303222656,1037600
2021-12-28,102.36126461270887,102.55927283247259,101.95581715497576,102.14440155029297,788200
2021-12-29,102.14441334268854,102.46499606109982,101.87568324599675,102.2292709350586,655000
2021-12-30,102.2575648359255,102.60738302226687,101.95112502549182,102.05013275146484,570000
2021-12-31,101.89925925795487,102.21041815712391,101.71068203081246,101.73896789550781,572900
2022-01-03,102.0218295026476,102.31413354447679,101.45609065093662,102.24813079833984,922500
2022-01-04,102.56872879479114,102.69131047999826,101.58811128193858,102.0689926147461,909300
2022-01-05,101.99355256336696,102.08784118127558,99.86260246234286,99.91917419433594,4483900
2022-01-06,99.64571779771488,100.47640996940407,99.24027032478959,99.85315704345703,1867800
2022-01-07,99.87863554099071,100.15490473128804,99.09885345004554,99.40058135986328,738700
2022-01-10,98.53309525972173,99.34399020769484,97.29789799435407,99.31570434570312,1092400
2022-01-11,99.2779972638303,100.24918365478516,98.59910773398533,100.24918365478516,799400
2022-01-12,100.66029337871471,100.9657980074215,100.02289740711407,100.48491668701172,743000
2022-01-13,100.67347861468576,100.79511789557874,98.69338909401206,98.93854522705078,1088400
2022-01-14,98.11822224380626,98.93854825615112,97.80895531584052,98.85368347167969,961000
2022-01-18,97.83534846140019,97.83534846140019,96.82644531142458,97.07159423828125,5533200
2022-01-19,97.40162117372516,97.78820662465891,95.99669429759312,96.01555633544922,2578100
2022-01-20,96.52472604464604,97.62791789479918,94.89350502673014,95.04437255859375,1370600
2022-01-21,94.6483344192383,95.28008312016723,93.13026428222656,93.13026428222656,2114900
2022-01-24,91.74422215957803,93.71016885237128,89.42468058308876,93.54515838623047,3469100
2022-01-25,92.06197503786544,93.48858392285966,90.86732174248634,92.31938934326172,1423200
2022-01-26,93.91289371722823,94.3277722628925,91.03705134447097,91.9045181274414,1084900
2022-01-27,93.01713300732025,93.6771604602573,91.0747531431232,91.48963165283203,4177000
2022-01-28,91.67820837762748,93.7714412073523,90.69192961723265,93.7525863647461,2473000
2022-01-31,93.6394556115164,95.68555536608027,93.37544459641413,95.61955261230469,1150300
2022-02-01,95.90242248665582,96.4021586709746,94.96895287455544,96.2984390258789,1434500
2022-02-02,96.79816375133996,97.13760129543653,96.13059005939085,96.92073822021484,1361100
2022-02-03,95.4403906700941,95.97313175967177,94.36548466535616,94.55406188964844,1194500
2022-02-04,94.62004915128375,95.98725898179467,94.05431037724009,95.09149932861328,1059400
2022-02-07,95.35551872340356,95.64310364479888,94.55028525975234,94.84635162353516,1050600
2022-02-08,94.68606570537032,95.83640545691846,94.41262369936628,95.63839721679688,1401200
2022-02-09,96.53414129285049,97.15645901585413,96.53414129285049,97.07159423828125,1267500
2022-02-10,95.75154582130958,97.24604220636891,94.91707688923049,95.35552215576172,1261400
2022-02-11,95.43095736947,95.85526690462446,93.11142303607565,93.44143676757812,1142300
2022-02-14,93.23400287568691,93.71488416570206,92.38539814405577,93.10199737548828,1639600
2022-02-15,94.37490830329833,94.72378408068137,94.0166087003514,94.67664337158203,1292700
2022-02-16,94.17690006005714,94.9972260909935,93.70544980650382,94.67664337158203,1049100
2022-02-17,94.05432526968363,94.08261113380074,92.44196627116881,92.5362548828125,1165300
2022-02-18,92.58340108692067,92.88512895490074,91.38120152768018,91.89508056640625,1562800
2022-02-22,91.36705174676551,92.14022980011494,90.14127832849381,90.87673950195312,1512900
2022-02-23,91.61220840042608,91.6687801237097,89.07580396474089,89.20780944824219,1851800
2022-02-24,86.66198502422884,90.8673202267775,86.62426814245033,90.78245544433594,1825600
2022-02-25,91.05589992730637,92.77197852939136,90.61273554651214,92.7248306274414,1119800
2022-02-28,91.62163808960874,92.97941708539801,91.34819608663673,92.55511474609375,1632800
2022-03-01,92.37594441692488,92.71538910364055,90.61271824947175,91.19731903076172,1247100
2022-03-02,91.66880629852942,93.17744596485886,91.42365010470046,92.8097152709961,1336500
2022-03-03,93.37543547576631,93.45086924235898,91.85736509344842,92.30052947998047,957000
2022-03-04,91.5179209837835,91.68575859782139,90.49959390263133,91.40477752685547,921400
2022-03-07,91.34819186518719,91.36705390245692,88.69864393578659,88.71749877929688,1099700
2022-03-08,88.83063973701192,90.31099297587672,87.75573393012964,88.01974487304688,1216000
2022-03-09,89.86784507940776,90.90504139279946,89.50011445693615,90.45244598388672,1680900
2022-03-10,89.39639729103168,90.09414886542187,88.8495204487866,89.89613342285156,827600
2022-03-11,90.37702465247848,90.57503292307337,88.49122337775275,88.63265991210938,2135200
2022-03-14,88.73638563587947,89.50013290245414,87.59547664977309,87.81233978271484,2236000
2022-03-15,88.44408364088306,89.93386119714427,88.15177954830841,89.75471496582031,1210800
2022-03-16,90.65987486730617,91.96107482910156,89.58968089942482,91.96107482910156,1224600
2022-03-17,91.55564022106329,93.17743028715124,91.4528629696208,93.16799926757812,982700
2022-03-18,92.80969324658219,94.4031973376783,92.79083840249805,94.29004669189453,1410100
2022-03-21,94.30891657235637,94.77094305431795,93.42259488389622,94.23348999023438,1410000
2022-03-22,94.54462891552768,95.62896591718878,94.54462891552768,95.40267181396484,879900
2022-03-23,94.83693527050579,95.23295175923984,94.17690059552238,94.19576263427734,825000
2022-03-24,94.79360816605539,95.60712539612257,94.39631106774985,95.59766387939453,975100
2022-03-25,95.80576593673761,96.0706306468009,95.1057653148529,95.9665756225586,957400
2022-03-28,96.20306587673196,96.68550216563395,95.40847172279672,96.67604064941406,940400
2022-03-29,97.48010231409997,98.15172561684311,97.05442069381114,98.02874755859375,965700
2022-03-30,97.8111924325495,97.89632443442324,96.86618823982758,97.3476791381836,984600
2022-03-31,97.22468681056324,97.32590554158946,95.76792373916412,95.87197875976562,1445500
2022-04-01,96.14630086077686,96.16522389117907,95.29494491821549,96.08954620361328,1046300
2022-04-04,96.08955009097706,97.0354995727539,96.0044108847658,97.0354995727539,792000
2022-04-05,96.73278474037994,97.15845907070265,95.45575453239083,95.72061920166016,1041100
2022-04-06,94.70847922931016,95.07739900638461,93.89496197293498,94.5382080078125,816800
2022-04-07,94.40577097646197,95.4084752218748,93.83819545480993,95.00171661376953,712200
2022-04-08,94.90710752574563,95.37062072314863,94.360345986855,94.6989974975586,697300
2022-04-11,93.94224756249162,94.0557641066939,92.95845916380554,93.07197570800781,1064100
2022-04-12,93.62062665682653,94.32819794843272,92.3530505267615,92.65575408935547,869500
2022-04-13,92.60846316948184,93.94224829337962,92.58954013678974,93.80036163330078,888600
2022-04-14,93.80981136021823,94.12575815076627,92.52331944671113,92.55169677734375,627400
2022-04-18,92.3625093577049,92.91116180427541,92.014403518502,92.49494171142578,900600
2022-04-19,92.4192527729118,94.26385841874837,92.4192527729118,94.11250305175781,867400
2022-04-20,94.56656878258224,94.59494611169228,93.76251318403718,93.9990005493164,1123100
2022-04-21,94.89765693939376,95.16725602068962,92.28683420541496,92.47602844238281,932300
2022-04-22,92.28685703257803,92.28685703257803,89.89360527488566,89.97874450683594,1119100
2022-04-25,89.44897721874241,90.56519785263545,88.536139468396,90.52735900878906,4896600
2022-04-26,89.93142843509864,89.97872880204015,87.86925801264431,87.90709686279297,1175300
2022-04-27,88.17196065847634,89.29764298309553,87.67249938906568,88.09628295898438,1781000
2022-04-28,89.16519801222012,90.7827707208156,88.17194819361615,90.39492797851562,971700
2022-04-29,89.48684099811757,90.09130280423057,86.89494081708953,87.03683471679688,1357700
2022-05-02,86.99898013165027,87.90709082174385,85.6557335202841,87.65168762207031,1496900
2022-05-03,87.6327646229633,88.58817567710958,87.43411608602595,88.07736206054688,1243100
2022-05-04,88.15303516407417,90.83952824789317,87.3678953563441,90.67871856689453,1385600
2022-05-05,89.74221165727089,89.75166595390748,86.37462728041751,87.2827377319336,1182400
2022-05-06,86.78141812093492,87.4710191049465,85.457087178965,86.658447265625,1194100
2022-05-09,85.14490825484984,85.60842144411278,83.47057376076458,83.77327728271484,1495900
2022-05-10,85.19221488275849,85.45707960427096,83.03545104527434,83.97193908691406,1508400
2022-05-11,83.83950826153347,84.96046341585027,82.32599038444312,82.49626159667969,1475200
2022-05-12,81.5786912124435,83.2908648903356,81.01112289773201,82.54356384277344,1882100
2022-05-13,83.55571541202136,84.96517805086256,83.35706689650856,84.67193603515625,1391700
2022-05-16,84.53949043646641,85.03138089056162,83.73542776833759,84.22732543945312,1264300
2022-05-17,85.67463440480293,86.0624771118164,84.74760084398065,86.0624771118164,1063200
2022-05-18,84.94627255209079,85.01248873196859,82.20301741125517,82.51518249511719,11749000
2022-05-19,81.80570026398051,83.04489156214174,81.51245106758331,82.00434875488281,2835000
2022-05-20,82.92193525427459,82.98815142949181,80.16921879091174,82.19355010986328,1931700
2022-05-23,82.73274970969919,83.78275432478195,82.24085910175229,83.65032196044922,1949000
2022-05-24,82.80841761472752,83.10165964149364,81.42733225215372,82.8746337890625,1105900
2022-05-25,82.57194001258411,84.09491941943305,82.46788498103375,83.65032196044922,970200
2022-05-26,83.92462801580379,85.7124717212131,83.85841184956718,85.40030670166016,974900
2022-05-27,85.85438480010932,87.5665512084961,85.85438480010932,87.5665512084961,1150400
2022-05-31,87.02736837841664,87.72736910330265,86.35574498849556,86.95169067382812,1119000
2022-06-01,87.5476205140308,87.70843018115292,85.70301483997059,86.28004455566406,1031400
2022-06-02,86.13816470816018,88.07263704518382,85.84492265372137,88.05844116210938,1270600
2022-06-03,87.0273560184216,87.34897539171037,86.3557327238873,86.5638427734375,857500
2022-06-06,87.50031744102041,87.85032130891206,86.57328387534523,86.79085540771484,862400
2022-06-07,85.91114458785817,87.80209840640698,85.82601258584452,87.70845031738281,774900
2022-06-08,87.37734662004168,87.7263978411601,86.5922069044318,86.79085540771484,729700
2022-06-09,86.27472869354281,86.83167460580525,84.65227508544922,84.65227508544922,836200
2022-06-10,83.31445262837535,83.35240564596393,82.11896514892578,82.11896514892578,1474900
2022-06-13,80.36367343657588,80.37316350078667,78.58941508545126,78.94046783447266,2557200
2022-06-14,79.37692678332174,79.54296309960556,77.95846254280374,78.60839080810547,2664600
2022-06-15,79.43384823191683,80.82859085212105,78.32374962192493,79.83234405517578,1556300
2022-06-16,77.93473766750219,78.04859672087137,76.52102213912526,77.1092758178711,2395600
2022-06-17,77.01439891792211,78.00115569000825,76.51153408688164,77.22313690185547,1527300
2022-06-21,78.4091294760674,79.50974513442667,78.4091294760674,79.17765808105469,2525600
2022-06-22,78.12448704939878,79.99363134984974,78.12448704939878,79.10176086425781,1607200
2022-06-23,79.61412578775565,80.07903759635202,78.81712687707805,79.9556884765625,3094400
2022-06-24,80.38266471587434,82.48901045739215,80.3162487347814,82.45105743408203,1226500
2022-06-27,82.7546679972543,82.78313095284122,81.92920609124133,82.19486999511719,1317100
2022-06-28,82.30870730064339,83.03928284319821,80.41584162764742,80.4775161743164,942100
2022-06-29,80.50600321630876,80.78115719460018,79.93672236827072,80.4016342163086,888000
2022-06-30,79.58565701701325,80.40162883211809,78.70326922806488,79.6046371459961,2663400
2022-07-01,79.5951358613485,80.61320030217999,78.94045904089343,80.56291961669922,1623100
2022-07-05,79.4243557165288,80.75268232519214,78.76967885652523,80.71472930908203,1059900
2022-07-06,80.77166851274205,81.56391885263926,80.25931356909379,81.05631256103516,906000
2022-07-07,81.31247574740907,82.488997569813,81.25554984073717,82.29923248291016,863200
2022-07-08,81.90073733244905,82.65029314458697,81.56865747613426,82.2138442993164,839300
2022-07-11,81.66352710636035,81.81818400712666,81.09424638335706,81.28400421142578,793200
2022-07-12,81.15117978025462,81.63507169696503,80.06954413499452,80.45855712890625,756700
2022-07-13,79.24408856761666,80.69576443246989,79.12074668211078,80.07904052734375,962500
2022-07-14,79.01637524605728,79.91774315302555,78.33323538694815,79.77542114257812,919600
2022-07-15,80.7242109736928,81.35041757736059,80.30673507871636,81.34093475341797,773400
2022-07-18,82.0051019840202,82.19201497620283,80.4016214555993,80.70523834228516,1157200
2022-07-19,81.54968156465733,83.0108402467939,81.39313531192693,82.9064712524414,821400
2022-07-20,82.89698894392725,83.8258643129029,82.67876088924706,83.5516586303711,827800
2022-07-21,83.50422411858375,84.40558482932653,82.8590372477073,84.38661193847656,2701900
2022-07-22,84.40557811485145,84.72817514402628,83.06776863299731,83.58011627197266,2330300
2022-07-25,83.74139961526795,83.80781557125414,83.10665128474349,83.6275405883789,908600
2022-07-26,83.27649721509995,83.27649721509995,82.38178181571053,82.64080047607422,846600
2022-07-27,83.36189317813816,85.07922554877334,83.22906124001156,84.73765563964844,753200
2022-07-28,84.95587821321487,85.99956076231733,84.13041644609343,85.85723876953125,1386100
2022-07-29,86.18932389422312,87.33738273151948,86.04700913148181,87.19506072998047,1909800
2022-08-01,86.6352658232919,87.48919062364963,86.37909200258355,86.9578628540039,1069600
2022-08-02,86.61629934706663,87.43227119018007,86.09445436409925,86.3980712890625,1093200
2022-08-03,86.91991491199829,88.07745668243321,86.83547432896228,87.84025573730469,775600
2022-08-04,87.79280553950944,87.97308055961615,87.39430972129253,87.8497314453125,733300
2022-08-05,86.90092319940726,87.82126390203901,86.82692097349091,87.6125259399414,928900
2022-08-08,87.99203561027204,88.5708063312633,87.3013096653914,87.54609680175781,908200
2022-08-09,87.35635329679077,87.42371754637595,86.87721005111126,87.16659545898438,969500
2022-08-10,88.5992676864721,89.13534397713434,88.38104693652201,89.07366943359375,2282300
2022-08-11,89.76632383003269,90.2217455786569,88.9029089384521,88.99779510498047,719100
2022-08-12,89.45321103510905,90.60126263520506,89.29191614457935,90.57279968261719,654400
2022-08-15,90.01301167092636,91.04720425281022,90.01301167092636,90.97129821777344,629100
2022-08-16,90.62025278169426,91.47417764772794,90.42100485275282,91.05670166015625,862800
2022-08-17,90.35457984415207,90.9807865241124,89.9276138344176,90.40201568603516,767600
2022-08-18,90.36405962867619,90.77394206184705,90.1135755173608,90.63921356201172,2380700
2022-08-19,90.06045248417473,90.06045248417473,89.1780646848674,89.38680267333984,628300
2022-08-22,88.29565402170095,88.29565402170095,87.28992459818026,87.47019958496094,772500
2022-08-23,87.36583969516725,87.97402171966358,87.21402764025292,87.30890655517578,740600
2022-08-24,87.22353488806633,87.94462781338389,87.14762884565424,87.60305786132812,768900
2022-08-25,87.91615829082382,88.90290781328724,87.77383628163068,88.89342498779297,721700
2022-08-26,88.83647679504762,88.96930871745131,85.80030822753906,85.80030822753906,1233200
2022-08-29,85.08871392701228,85.86673265154063,84.9084389122126,85.17410278320312,843000
2022-08-30,85.51568922301264,85.51568922301264,83.7793836621784,84.27275848388672,929600
2022-08-31,84.60482716875264,84.88947118428776,83.60858759197573,83.68448638916016,1365800
2022-09-01,83.04879023514435,83.79834605868128,82.40360340215041,83.77937316894531,1200400
2022-09-02,84.64277795232,84.8799788794049,82.48899671946015,82.92544555664062,933700
2022-09-06,83.09622243470687,83.27649019938244,82.03355977871612,82.55540466308594,927100
2022-09-07,82.40358390294196,84.22528491604358,82.40358390294196,84.09245300292969,952300
2022-09-08,83.62754789009023,84.6996933414207,83.27648795562774,84.62379455566406,838700
2022-09-09,85.10769371865102,86.22728243634923,85.10769371865102,86.07547760009766,837800
2022-09-12,86.46448934596214,87.12865636197644,86.44551645466969,86.96736145019531,831000
2022-09-13,84.9274059090308,85.20255980110083,82.91593982155143,83.10569763183594,1027100
2022-09-14,83.35240585618342,83.80783482959707,82.73094057404866,83.39984893798828,940300
2022-09-15,83.05828455254976,83.74142443879502,82.14743378382222,82.46054077148438,1324300
2022-09-16,81.56866447435195,81.86279133820864,80.99938363771378,81.74893951416016,1016000
2022-09-19,81.06579221532147,82.39411163330078,80.99937624442249,82.39411163330078,1110600
2022-09-20,81.6160784294406,81.80584348328476,80.78113390891623,81.39785766601562,988900
2022-09-21,81.81532531486029,82.5316693192149,79.93669128417969,79.93669128417969,1700900
2022-09-22,79.72799077183603,80.0031447722272,79.06477921829001,79.19666290283203,1595600
2022-09-23,78.32374883528936,78.43760064719254,76.89105321219276,77.9062728881836,2182500
2022-09-26,77.60595783522682,78.36866557297252,76.82417822160856,77.10066223144531,2280700
2022-09-27,77.9586873675405,78.38771717825554,76.38559988294804,76.93856048583984,2374600
2022-09-28,77.18645258468906,78.82628452847267,76.7860305352875,78.49259948730469,2264400
2022-09-29,77.56782776289825,77.69176587114713,76.16634299589539,76.7765121459961,1760400
2022-09-30,76.73837320790028,77.52968879946629,75.66104492788895,75.7087173461914,1973200
2022-10-03,76.47142344196389,78.13032027461814,76.09960186350328,77.74897003173828,1239300
2022-10-04,78.96930912379217,80.1324462890625,78.96930912379217,80.1324462890625,1094300
2022-10-05,79.22671623463911,80.43943147354281,78.63561902503359,79.96083068847656,786100
2022-10-06,79.6176197159821,80.29452590278862,79.03605109690507,79.16952514648438,1287900
2022-10-07,78.1875252479398,78.20658984974327,76.50002067365493,76.88137817382812,1189800
2022-10-10,77.1387884151932,77.16738895139586,75.71823207762769,76.24259948730469,869900
2022-10-11,75.75638932050994,76.81465309288177,75.24155770634603,75.69918823242188,1268200
2022-10-12,75.77545611991958,76.10914123438414,75.4131631895381,75.52757263183594,1081800
2022-10-13,74.26909482856848,77.75849902756046,73.68180177730596,77.44388580322266,1857000
2022-10-14,78.07119481298227,78.34958449711421,75.47035011784601,75.6514892578125,2008500
2022-10-17,77.10066741372619,77.84431059937233,76.9509800910863,77.5868911743164,877300
2022-10-18,79.3030076093371,79.49368276502481,77.78711320859321,78.55936431884766,886000
2022-10-19,77.95871403524184,78.62609154449564,77.31040840345273,77.91104888916016,785400
2022-10-20,77.69176295124369,78.83583552002712,77.07205788570971,77.25320434570312,18547600
2022-10-21,77.08159822639502,79.25532677530386,76.95766011572572,79.16952514648438,3426000
2022-10-24,79.4174000271305,80.37079014859046,78.88349661293614,80.08477020263672,2525800
2022-10-25,80.0275661629797,81.54345290861399,80.0275661629797,81.48625183105469,1119900
2022-10-26,80.78074707319118,82.11548740572134,80.64726576614888,80.89514923095703,1522100
2022-10-27,81.10488949578956,81.57204857345228,80.33264589972427,80.49472045898438,1514900
2022-10-28,80.34218031108115,82.43869002334534,80.34218031108115,82.32523345947266,980200
2022-10-31,81.68645970381826,82.25849227856237,81.58158621650648,81.7531967163086,2183900
2022-11-01,82.53497574906928,82.66273257523203,81.20976417092122,81.4385757446289,2321600
2022-11-02,81.23837463478935,82.29663829395442,79.30299377441406,79.30299377441406,1104300
2022-11-03,78.51167442156284,79.10277891071982,77.97777828541417,78.42587280273438,816100
2022-11-04,79.71295708146722,80.04664220456887,78.19229851284314,79.57948303222656,934300
2022-11-07,79.89410095362163,80.45659767516217,79.37926937738001,80.26592254638672,678000
2022-11-08,80.68541416228814,81.55300278038335,79.95130687095327,80.84749603271484,976900
2022-11-09,80.21824631837352,80.59006789348376,78.98837215693597,79.08370971679688,919100
2022-11-10,82.0773610998722,83.67905697118587,81.7246113713277,83.61231994628906,1492300
2022-11-11,83.80300086101641,84.73731919290597,83.45977980372922,84.5180435180664,915700
2022-11-14,84.04134527905174,84.86030854399924,83.72672477597388,83.75532531738281,762500
2022-11-15,84.95660007253652,85.2807492444191,83.69812531772854,84.48944091796875,1056800
2022-11-16,84.06038213983604,84.26059313741328,83.64089554796405,83.7934341430664,1113600
2022-11-17,82.563583219368,83.62184683808731,82.563583219368,83.48837280273438,752500
2022-11-18,84.07948624608916,84.14622327086829,83.18329710723503,83.81253814697266,811000
2022-11-21,83.41209096892315,83.69811088497278,83.07840591605768,83.46929931640625,729700
2022-11-22,83.97459844512625,84.69916965545004,83.62184150346069,84.65150451660156,790600
2022-11-23,84.50849743306284,85.31887755899906,84.50849743306284,85.20447540283203,660800
2022-11-25,84.99472681063897,85.28551107504587,84.99472681063897,85.1854019165039,319500
2022-11-28,84.5370916502196,84.83264750372346,83.59419042979023,83.7839126586914,722700
2022-11-29,83.78391806077379,84.07470232768345,83.26908654196048,83.65044403076172,747000
2022-11-30,83.64091408344086,86.3104019165039,83.27862120143453,86.3104019165039,846500
2022-12-01,86.53923519108949,86.87292761844036,85.8060807198539,86.2913589477539,1014100
2022-12-02,85.05194176112158,86.35808899809821,85.05194176112158,86.19601440429688,610500
2022-12-05,85.48096321884987,85.71931075322259,84.222481254524,84.53710174560547,959600
2022-12-06,84.47989907558028,84.56570069492123,82.81623069839443,83.27862548828125,678300
2022-12-07,82.99260584644327,83.65044002750966,82.9163328975754,83.18328094482422,1142300
2022-12-08,83.67904695679846,84.09854093382653,83.23572404599415,83.8887939453125,778200
2022-12-09,83.67904759278447,84.16527859041801,83.22142440872061,83.27862548828125,551700
2022-12-12,83.33584481154666,84.4608383178711,83.29770832888968,84.4608383178711,1795300
2022-12-13,86.91119944752889,86.91119944752889,84.4895487404913,85.130859375,1288700
2022-12-14,84.92027474916047,85.82958494692413,83.89610131796368,84.58526611328125,745600
2022-12-15,83.39835733351605,83.60702295845157,82.0966033974289,82.51776123046875,1249200
2022-12-16,81.78076908427231,82.12535155084643,80.95760066997215,81.4266128540039,979700
2022-12-19,81.61802558667027,81.61802558667027,80.33637569218277,80.6895751953125,869400
2022-12-20,80.42155910755139,81.12987138898633,80.22534446860594,80.81400299072266,876200
2022-12-21,81.22559121255222,82.22774718029056,81.18730346815694,82.04875946044922,780500
2022-12-22,81.20643995428145,81.20643995428145,79.52277974007752,80.74700164794922,922500
2022-12-23,80.5077200965775,81.23038217136981,80.25885338564827,81.20645141601562,838800
2022-12-27,81.1873001020933,81.26291894183682,80.55557060236447,80.89057922363281,818400
2022-12-28,80.83314707597918,81.30216646648601,79.82812117340853,79.93341064453125,967800
2022-12-29,80.40242001562666,81.53188287461846,80.40242001562666,81.3883056640625,713900
2022-12-30,80.6512882121204,81.14901427509247,80.28755829817887,81.12030029296875,873700
2023-01-03,81.66588631868686,81.96260719854784,80.17270085533441,80.82357788085938,838700
2023-01-04,81.24472845350654,81.84775127731352,80.6129989507567,81.3883056640625,1752100
2023-01-05,81.10116393404483,81.10116393404483,80.25884813756026,80.45028686523438,857600
2023-01-06,80.97672789181263,82.45077325042982,80.38328608561564,82.22105407714844,643500
2023-01-09,82.69006618586819,83.4462327381703,82.19234009331836,82.22105407714844,1330700
2023-01-10,82.07746546839947,82.89105987548828,81.94346202735612,82.89105987548828,875800
2023-01-11,83.13035392788429,83.94394834622965,83.05377844547438,83.88652038574219,9591500
2023-01-12,84.10667000382345,84.57281209946309,83.25478787534956,84.27896118164062,2312700
2023-01-13,83.484512307666,84.77669257194854,83.484512307666,84.68097686767578,1355600
2023-01-17,84.6044162858382,85.03418403622916,84.3746970945917,84.53741455078125,1224400
2023-01-18,84.73841653078944,85.02557098589948,83.13036764798373,83.16865539550781,1022700
2023-01-19,82.58476752184569,83.00592537820508,82.19233094876174,82.48905181884766,2292300
2023-01-20,82.69963188538306,84.10667537700613,82.4507652120505,84.04924011230469,742300
2023-01-23,84.12582307629846,85.53286669301941,84.03968112554777,85.10214233398438,1133600
2023-01-24,84.6809612670164,85.17868721912343,84.44166839909904,84.95854187011719,908900
2023-01-25,83.95352700499971,85.02556191336052,83.51896878474355,84.98727416992188,822200
2023-01-26,85.53286624305693,85.97316436185048,84.929850683052,85.94445037841797,1032600
2023-01-27,85.64771390869481,86.71016761574757,85.6381401484109,86.22201538085938,737800
2023-01-30,85.57114563196677,86.06887166901933,85.03512455055626,85.09255981445312,901100
2023-01-31,85.12127531918767,86.38474160794058,85.12127531918767,86.37516784667969,1423300
2023-02-01,86.05930822660038,87.90664253641017,85.47543292456007,87.30362701416016,1038200
2023-02-02,88.19380031692039,88.9499668402081,87.7726424298638,88.6723861694336,776100
2023-02-03,87.53335413576686,88.65325063991814,87.38021045223155,87.65779113769531,1130300
2023-02-06,87.10260239956419,87.37060923852529,86.77716761015107,87.05474090576172,664400
2023-02-07,86.9303163244592,88.41393508735227,86.50915852283504,88.1554946899414,759900
2023-02-08,87.67693295700337,88.00237515723657,87.00691563687779,87.17920684814453,1073500
2023-02-09,87.85880700418994,87.9449489673989,86.10335414152883,86.34647369384766,518800
2023-02-10,86.05932229461239,86.58576241679948,85.91574506032809,86.51876068115234,497400
2023-02-13,86.56660993500468,87.5429218451304,86.56660993500468,87.5333480834961,552600
2023-02-14,87.32276765846633,88.05021281137832,86.69103090170412,87.59077453613281,848600
2023-02-15,86.98776046975432,87.95450592041016,86.93990626688728,87.95450592041016,912300
2023-02-16,86.78676870000665,87.73437407644961,86.69296626893738,86.7389144897461,540200
2023-02-17,86.21245764780404,86.50917854801207,85.78173328926715,86.44217681884766,540100
2023-02-21,85.49457673234933,85.75780041278033,84.62642421252694,84.66183471679688,700100
2023-02-22,84.76711692955239,85.14041327977992,84.26939089679566,84.5948257446289,1274500
2023-02-23,85.21699256188477,85.43714525901785,84.16410518602802,85.12127685546875,769000
2023-02-24,83.96309778939404,84.33639414638414,83.59936789094411,84.11624145507812,1105900
2023-02-27,84.88199431243156,85.19786275458628,84.26462172334841,84.44169616699219,954300
2023-02-28,84.33640099222366,84.76712534597847,84.10668182373047,84.10668182373047,1075500
2023-03-01,83.89608882393655,84.23109740992541,83.5371494883829,83.83865356445312,577500
2023-03-02,83.35050134527135,84.67617870032228,83.31221360648671,84.47039031982422,641900
2023-03-03,84.92027959410755,85.8774513527379,84.7767023697848,85.82958984375,530300
2023-03-06,86.0210235776056,86.48046190556713,85.71472892475106,85.78173065185547,601900
2023-03-07,85.70514251073102,85.82000572708496,84.34404005157094,84.47039031982422,934300
2023-03-08,84.40340307804738,84.76712570492182,84.10955211768436,84.60440826416016,736600
2023-03-09,84.64269186286973,85.12032105646274,82.83363797383947,83.0155029296875,570100
2023-03-10,82.78576146547914,83.30263495476285,81.37871818398,81.75202178955078,897600
2023-03-13,80.8618580518711,82.6421904669654,80.58714735553848,81.598876953125,1012600
2023-03-14,82.70921209961902,83.31988082369458,81.9243242761298,82.91021728515625,832100
2023-03-15,81.60845907186872,82.45076751708984,81.20644141828015,82.45076751708984,1027100
2023-03-16,81.85732918911262,83.92482378405435,81.79032745516402,83.81953430175781,709300
2023-03-17,83.41752406549658,83.7716729588037,82.49864001122523,82.83364868164062,50697000
2023-03-20,82.91978860537914,83.73339045983397,82.83364665051656,83.58981323242188,10653400
2023-03-21,84.25982279049421,84.86858550492077,84.07317460285442,84.78627014160156,2410500
2023-03-22,84.66182703100812,85.50414273192001,83.29307131966621,83.32179260253906,2131500
2023-03-23,83.87995886296743,84.84135722811997,82.9368354369539,83.49501037597656,1230300
2023-03-24,83.10044813707842,84.03106044923652,82.67701134840121,84.01470184326172,964700
2023-03-27,84.43813498333137,84.70759674874132,83.98582101612932,84.17829895019531,1007000
2023-03-28,83.99544018644683,84.2071622262379,83.59124756990853,84.00506591796875,995600
2023-03-29,84.75571906569452,85.32351980002113,84.69797935593614,85.24652862548828,3155000
2023-03-30,85.73733520507812,85.9317368293218,85.3437301035766,85.73733520507812,842300
2023-03-31,86.02603531741813,87.09426389287908,85.92595267454159,87.046142578125,1148900
2023-04-03,86.89218180055313,87.382991390659,86.757450907941,87.24826049804688,790500
2023-04-04,87.3733737929145,87.4696091048431,86.46970754692107,86.74783325195312,2403700
2023-04-05,86.45911960267978,86.66891801507327,86.02605702971857,86.39175415039062,1682300
2023-04-06,86.12228784998607,86.74782835564001,85.95868709471321,86.69970703125,529300
2023-04-10,86.12227463342666,86.8248062133789,86.01641360984094,86.8248062133789,579000
2023-04-11,86.85368603461595,87.17126914182118,86.69008528567373,86.86331176757812,527800
2023-04-12,87.32522575688724,87.38297280020906,86.37248397831344,86.49758911132812,1699600
2023-04-13,86.65156988565315,87.72460758370273,86.62750922988998,87.61393737792969,1591900
2023-04-14,87.40222424384547,88.00755134347338,86.91141471702936,87.41184997558594,777200
2023-04-17,87.38299343850157,87.74869053526426,87.14240150430116,87.72944641113281,642400
2023-04-18,88.02777480383436,88.1288193007823,87.50809536411062,87.80642700195312,543100
2023-04-19,87.33487143320579,87.9604119257019,87.33487143320579,87.81605529785156,625700
2023-04-20,87.10390364514916,87.68901751627364,86.94029555401883,87.27713012695312,4133000
2023-04-21,87.31562480657647,87.47922555371895,86.95954611372265,87.39260864257812,732500
2023-04-24,87.43110656738281,87.5562190710082,86.99804402695837,87.43110656738281,536600
2023-04-25,86.93067259280797,87.05577774553427,85.94905346676823,85.95867919921875,426700
2023-04-26,86.0837814099399,86.39173875728822,85.51598803356865,85.6218490600586,535000
2023-04-27,86.13190200522477,87.40222697015803,86.13190200522477,87.36373138427734,489000
2023-04-28,87.14238651633498,88.08550262451172,87.14238651633498,88.08550262451172,507200
2023-05-01,88.07589004295717,88.43196874071594,87.96041061622252,88.01815032958984,807300
2023-05-02,87.82567839101695,87.82567839101695,86.40137096387443,87.03653717041016,452800
2023-05-03,87.05577474118083,87.62838465456241,86.40136446049934,86.4494857788086,836100
2023-05-04,86.16077151386851,86.2137020264571,85.51598697308556,85.79507446289062,632800
2023-05-05,86.54571789787998,87.62357224483434,86.54571789787998,87.38298034667969,401600
2023-05-08,87.37335439090604,87.50808526614466,87.17221991699397,87.41184997558594,486300
2023-05-09,86.97878732770879,87.28674468826287,86.9499174723885,87.05577850341797,359700
2023-05-10,87.65245420578643,87.80642922388819,86.64678169472836,87.48885345458984,501600
2023-05-11,87.25786590576172,87.31079641586123,86.84404755651512,87.25786590576172,609300
2023-05-12,87.44073658471373,87.56584175218566,86.63812221315287,87.15202331542969,412800
2023-05-15,87.190514466915,87.54659316859262,86.89218282152324,87.48885345458984,338300
2023-05-16,87.26750719004328,87.37336822910876,86.81519317626953,86.81519317626953,581300
2023-05-17,87.1423926432343,88.03739484114293,86.92104485567307,87.93153381347656,401500
2023-05-18,87.76792293961152,88.86502142568551,87.76792293961152,88.77841186523438,465800
2023-05-19,88.93241058626323,89.05751575516166,88.3511366845465,88.6052017211914,439400
2023-05-22,88.55708249467702,88.99015241380921,88.35498613599547,88.67256927490234,1147000
2023-05-23,88.26835228531836,88.54743975407271,87.63318618216397,87.69093322753906,611700
2023-05-24,87.2675033626582,87.39260852048363,86.76707538907361,87.03653717041016,609100
2023-05-25,87.74867988981602,88.04701150250108,87.31561739770659,87.77754974365234,1239400
2023-05-26,87.91228559376786,89.13449665201458,87.91228559376786,89.00938415527344,555000
2023-05-30,89.41358719045913,89.50019675980184,88.68218567722798,88.96127319335938,662700
2023-05-31,88.48007202148438,88.74953375196348,88.12399339633328,88.48007202148438,1071300
2023-06-01,88.43197546203713,89.57719547941866,88.27606941335605,89.34622192382812,687200
2023-06-02,89.90440115149698,90.89563884422304,89.84666143107687,90.69354248046875,748200
2023-06-05,90.82825667249752,91.05729917592994,90.37595004198148,90.53955078125,691700
2023-06-06,90.51068957270219,90.88601240677576,90.33746308449261,90.7801513671875,2480500
2023-06-07,90.84578150998304,91.06783076661824,90.2858376154688,90.38238525390625,515800
2023-06-08,90.30515264208888,91.00025441140363,90.19895612924631,90.95198059082031,785200
2023-06-09,91.17403468492726,91.50034333808644,90.78786619645084,91.02922058105469,682400
2023-06-12,91.16437982838252,91.88844299316406,91.10838690664313,91.88844299316406,553000
2023-06-13,92.26494734830894,92.65111580956571,92.1008281460788,92.53526306152344,453500
2023-06-14,92.64146697534201,92.99867411951978,91.82182842029528,92.62216186523438,525000
2023-06-15,92.28425754096347,94.00270691995074,92.28425754096347,93.7613525390625,813100
2023-06-16,94.29232939829988,94.29232939829988,93.31726298574283,93.38484191894531,684400
2023-06-20,92.80557212598029,93.1338178724752,92.45802127230344,92.92142486572266,829100
2023-06-21,92.62217048787784,92.79594595722956,92.27461954917437,92.36150360107422,421800
2023-06-22,92.06222261011415,92.68008928275503,92.05256637179271,92.6704330444336,1262300
2023-06-23,91.98497805180354,92.31322383128446,91.80154637016564,91.92705535888672,476400
2023-06-26,91.74363277304103,92.26302938308307,91.55055220047495,91.57951354980469,461300
2023-06-27,91.80154094172657,92.76213394725056,91.714656907489,92.61249542236328,400800
2023-06-28,92.43873000831546,92.85385984762237,92.23599320756809,92.651123046875,516300
2023-06-29,92.49665883296818,93.05853258893441,92.49665883296818,92.9986801147461,2135400
2023-06-30,93.61653945067378,94.29232877825477,93.61653945067378,94.08959197998047,2057400
2023-07-03,94.08959124982485,94.3019842841453,93.99305097028406,94.26336669921875,1357700
2023-07-05,93.82892230869292,94.23439586125838,93.82602028181353,94.07992553710938,625700
2023-07-06,93.17243387740311,93.38482688056536,92.71868652802011,93.29793548583984,457900
2023-07-07,93.03728709747523,93.99304835982177,93.03728709747523,93.10486602783203,527100
2023-07-10,92.95038425810519,93.42343671241018,92.95038425810519,93.41378784179688,427800
2023-07-11,93.51999933532157,94.15717107880006,93.41380281714994,94.06063079833984,390500
2023-07-12,94.8909024777269,95.11294441433202,94.57231288289117,94.81366729736328,630700
2023-07-13,95.19982729112378,95.76942012270203,95.19982729112378,95.60530090332031,662900
2023-07-14,95.70182139785226,95.96248821289973,95.34462168430203,95.47012329101562,531200
2023-07-17,95.39290143339056,96.11599967587485,95.39290143339056,95.90457153320312,476100
2023-07-18,95.81769695365146,96.81207590475775,95.76942312735335,96.67691802978516,507300
2023-07-19,96.84102086527771,97.21753307691773,96.79275441269982,96.9665298461914,1563000
2023-07-20,96.59003097758414,96.87965182971156,96.02043078029588,96.19420623779297,15534100
2023-07-21,96.5514001707324,96.6769017862484,96.23281064801813,96.29073333740234,3188000
2023-07-24,96.42590739102815,96.85069349268589,96.3776409302818,96.67691802978516,1071000
2023-07-25,96.52245892893521,97.23203411832793,96.52245892893521,96.95689392089844,950100
2023-07-26,96.6286278503935,97.2368455503893,96.50312623503035,96.9665298461914,934600
2023-07-27,97.6519809209738,97.77748254350519,96.05904058390934,96.22315979003906,533100
2023-07-28,96.94722898557167,97.3527025904383,96.77345353126435,97.18858337402344,998300
2023-07-31,97.23686665469917,97.53614376850908,97.0341298325487,97.37202453613281,1807200
2023-08-01,97.17891441072292,97.21752462320761,96.86514935127319,97.111328125,680800
2023-08-02,96.31970760495867,96.44521660286426,95.53772173115337,95.69219207763672,608100
2023-08-03,95.30601452209179,95.81768460648969,95.08396526150644,95.39289855957031,1082900
2023-08-04,95.76941759802405,96.33515823123356,94.92950904712316,95.03570556640625,609100
2023-08-07,95.41220680419332,95.82733659558431,95.22877513469133,95.81768035888672,520600
2023-08-08,95.16121598615818,95.43153174546653,94.5626544008668,95.33499145507812,617700
2023-08-09,95.3446426913358,95.44118297665904,94.54334432860489,94.69780731201172,481500
2023-08-10,95.18049029239707,95.98178843782576,94.51435734842772,94.77501678466797,546200
2023-08-11,94.29232379504842,94.92950286928047,94.25370621186306,94.68814849853516,408000
2023-08-14,94.4178304705541,95.23843383789062,94.39176378668083,95.23843383789062,344600
2023-08-15,94.76538601176827,94.89088763606557,94.01718597081846,94.13786315917969,650900
2023-08-16,93.96409097004535,94.38308035590073,93.38484191894531,93.38484191894531,675500
2023-08-17,93.66481199054155,93.78066475374362,92.56423651955296,92.6704330444336,559500
2023-08-18,91.9463569388702,92.93108687396548,91.91836048066492,92.73799896240234,472600
2023-08-21,92.88281844014395,93.47172371484326,92.44838350365154,93.3172607421875,557700
2023-08-22,93.73237405471926,93.73237405471926,92.92142695494033,93.0179672241211,754300
2023-08-23,93.22070971983773,94.20543967634353,93.2110608482128,94.0992431640625,831400
2023-08-24,94.40819239342177,94.55300651328987,92.7766342163086,92.7766342163086,675800
2023-08-25,93.14349737416973,93.71309024768756,92.38564098946487,93.45243072509766,502600
2023-08-28,93.88685046763229,94.1861275311698,93.6454960962502,94.04132080078125,519200
2023-08-29,94.03167357160332,95.51841752560996,93.96409463576445,95.48945617675781,785600
2023-08-30,95.56668234425466,96.00112466623202,95.42186823692889,95.865966796875,757100
2023-08-31,95.98182007263806,96.32165191397361,95.77908325195312,95.77908325195312,659400
2023-09-01,96.33901601701967,96.51279146670704,95.69218804089775,96.03008270263672,668100
2023-09-05,95.81769669655161,95.97216704784968,95.54738094733173,95.58599853515625,338300
2023-09-06,95.45084624063351,95.45084624063351,94.4371547562465,94.90055847167969,346100
2023-09-07,94.12822256282884,94.74608928066374,94.12822256282884,94.61093139648438,408600
2023-09-08,94.58193626638258,95.09360626883354,94.5240135840069,94.77501678466797,367300
2023-09-11,95.2867198613222,95.42187774414546,94.99709898336614,95.40257263183594,447100
2023-09-12,94.94881006491528,95.35428364894683,94.69779945146911,94.7846908569336,411500
2023-09-13,94.71712700468488,95.09363930201721,94.57231288289117,94.81366729736328,320900
2023-09-14,95.37360771779538,95.7790813511182,95.08397948510655,95.65357971191406,340100
2023-09-15,95.20948114427357,95.334982773795,94.35990898889347,94.41783905029297,634700
2023-09-18,94.28268572760163,94.79435587372767,94.27302948931104,94.49507141113281,556000
2023-09-19,94.24406433105469,94.37922219945372,93.6696397075831,94.24406433105469,493900
2023-09-20,94.43713041101024,94.62924605900692,93.35586026411151,93.39447784423828,449700
2023-09-21,92.69937269588121,92.72834140406486,91.78222913991534,91.79188537597656,689600
2023-09-22,92.03324825233615,92.41458490828833,91.53122704830336,91.58915710449219,560100
2023-09-25,91.28022461815122,92.00428771972656,91.28022461815122,92.00428771972656,437100
2023-09-26,91.44102758627798,91.51664959718175,90.48609259608416,90.62667083740234,1302200
2023-09-27,90.85934343111036,91.0532357824636,89.93833627088475,90.7042236328125,1125900
2023-09-28,90.49093346039616,91.59614348130899,90.45216090911809,91.24713134765625,505300
2023-09-29,91.84819312512943,91.95483612208179,90.75268744323105,91.04353332519531,724900
2023-10-02,90.89811722259161,91.26651562381245,90.36974691738932,90.94658660888672,455700
2023-10-03,90.47154525317401,90.76239115718126,89.37603948824808,89.68627166748047,607100
2023-10-04,89.7153435382729,90.4909201909237,89.48267128212942,90.35519409179688,592100
2023-10-05,90.27766366293734,90.4133897952281,89.5311625388187,90.20010375976562,580300
2023-10-06,89.62809327358401,91.69308280967657,89.46328405513592,91.38285064697266,540100
2023-10-09,90.86903270216189,92.10026456343655,90.83025275581613,91.95484161376953,371600
2023-10-10,92.1099724738376,93.05036594536331,92.09057880007371,92.49776458740234,445900
2023-10-11,92.84675639014097,92.96309622692279,92.23598888920266,92.91461944580078,817400
2023-10-12,92.93401681158147,93.0600460923835,91.74155747584447,92.24568939208984,668900
2023-10-13,92.49776006585796,92.81768170212982,91.44102679296306,91.78034210205078,441800
2023-10-16,92.07118667433063,92.99218641358917,92.07118667433063,92.79829406738281,460100
2023-10-17,91.99362677724054,93.26266971291092,91.98392994097455,92.79829406738281,602100
2023-10-18,92.26508630165063,92.56562907746242,91.26652658650049,91.47981262207031,570500
2023-10-19,91.53797338590996,91.98393170796646,90.45700911183258,90.59757995605469,1577100
2023-10-20,90.41337767341378,90.59757317310196,89.46328747823858,89.47298431396484,814700
2023-10-23,89.16275855436193,90.1419319306458,88.73909334190894,89.28878784179688,694900
2023-10-24,89.6862656813624,90.22917010965323,89.34695041368063,89.95771789550781,942800
2023-10-25,89.47297858644815,89.50206169524675,88.4453359608017,88.5616683959961,888200
2023-10-26,88.42595187450416,88.55198115846358,87.3983091374782,87.6115951538086,826100
2023-10-27,87.94121120441916,88.07693732081012,86.9523484426395,87.2431869506836,2380100
2023-10-30,87.86364243517056,88.50350040196857,87.57764867570079,88.280517578125,665200
2023-10-31,88.32899813959453,88.93007618901302,88.00906914249187,88.86221313476562,643300
2023-11-01,88.99794480932583,89.92864135286221,88.95916486211364,89.80260467529297,780700
2023-11-02,90.60725994326161,91.59612997496976,90.60725994326161,91.54765319824219,621500
2023-11-03,92.00332148199836,92.78859508141565,92.00332148199836,92.44927978515625,564400
2023-11-06,92.58499895933745,92.6625588488133,92.18751007316237,92.57530212402344,448900
2023-11-07,92.54622118184872,93.0600425177521,92.40079823480552,92.92431640625,694600
2023-11-08,92.96308913336425,93.17443723194287,92.50743405305218,92.99217224121094,419000
2023-11-09,93.29272591748118,93.31211219281928,92.16134703080002,92.27477264404297,300400
2023-11-10,92.72073974363563,93.76777622773155,92.40081069629755,93.72899627685547,392400
2023-11-13,93.30240808105701,93.83562306775697,93.20546191888921,93.58355712890625,401900
2023-11-14,94.92144381300419,95.80366354601016,94.81480081061073,95.55159759521484,940000
2023-11-15,95.74549061510558,96.14782420566254,95.58261929119595,95.67762756347656,906900
2023-11-16,95.57099353162364,95.93939193265717,95.41684268784788,95.89092254638672,712100
2023-11-17,95.88123413985889,96.14298955898344,95.68733438817473,96.02665710449219,502600
2023-11-20,95.90060964357727,96.90983499342323,95.90060964357727,96.75375366210938,682000
2023-11-21,96.47260351987484,96.63741274105557,96.29809746317808,96.5792465209961,474200
2023-11-22,96.86039802830678,97.23849326129165,96.7440581887274,96.9864273071289,527400
2023-11-24,96.90886782052984,97.06398760728628,96.88948154544455,97.05429077148438,258600
2023-11-27,96.94765444599635,97.10277424343909,96.79253464855361,96.88948822021484,434700
2023-11-28,96.8507088262142,97.23850092552567,96.64711963829248,97.00582122802734,851200
2023-11-29,97.37421953411427,97.78139787852605,96.9379506823715,97.03489685058594,678000
2023-11-30,97.16092833597195,97.51962987885607,96.80221939656971,97.42268371582031,502600
2023-12-01,97.14154651642009,98.17888612014295,97.14154651642009,98.10133361816406,678600
2023-12-04,97.24818608742804,97.62628133358096,97.0833768563396,97.55841827392578,641900
2023-12-05,97.1706258471987,97.71353028119016,97.1706258471987,97.52932739257812,739000
2023-12-06,97.92682957280331,97.99469263626465,97.0930791379818,97.17063903808594,505800
2023-12-07,97.52932982617185,98.0334617244731,97.46146677022956,97.91712188720703,629500
2023-12-08,97.7813983362098,98.46002891340589,97.70383844266782,98.33399963378906,445600
2023-12-11,98.2176624677624,98.79935428864722,98.2176624677624,98.76057434082031,595100
2023-12-12,98.55698745251529,99.16775500281567,98.43095077001915,99.1580581665039,538100
2023-12-13,99.13866540967841,100.6219632181007,99.12896857400054,100.56379699707031,1182500
2023-12-14,100.89340237084387,101.33936059949782,100.35049798752908,100.93218231201172,1451700
2023-12-15,100.7092136472882,101.04465315882172,100.56379809312735,100.7576904296875,514400
2023-12-18,100.9903736874176,101.48480881485001,100.9903736874176,101.310302734375,624000
2023-12-19,101.32968498630547,101.9113768291279,101.32968498630547,101.90167999267578,507600
2023-12-20,101.65562542081815,102.14192291740136,100.41070501681487,100.4204330444336,595700
2023-12-21,101.0915237857816,101.48055583841612,100.62467493418511,101.43193054199219,494800
2023-12-22,101.75287455083831,102.01547189197612,101.25684910612273,101.65560913085938,414400
2023-12-26,101.67506612462893,102.30725425879825,101.67506612462893,102.13218688964844,734900
2023-12-27,102.19052168605558,102.36558902347814,102.00086602220684,102.30723571777344,617000
2023-12-28,102.31697550458799,102.53094755936604,102.26835021415378,102.36560821533203,551800
2023-12-29,102.31697258043704,102.44244259607169,101.63615917133663,102.04464721679688,726000
2024-01-02,101.42217734029497,101.59724468865083,100.87752666554731,101.34436798095703,589200
2024-01-03,100.75109012518828,100.96506216494406,100.33288149151386,100.40096282958984,517600
2024-01-04,100.22589198049108,100.8775286822786,100.06054523351517,100.08972930908203,495300
2024-01-05,100.0410962839572,100.78027036946652,99.92438224298971,100.2161636352539,560600
2024-01-08,100.28425007461583,101.75287029522067,100.28425007461583,101.72368621826172,669400
2024-01-09,101.09151064034678,101.75773573517712,101.03314990379194,101.51944732666016,942100
2024-01-10,101.50972158369132,102.25861631207253,101.48929347185349,102.09327697753906,430500
2024-01-11,102.2294254702931,102.37531615358891,101.15957282663776,102.07380676269531,433100
2024-01-12,102.33642906030961,102.570821802071,101.84040361999925,102.16136169433594,514100
2024-01-16,101.86958683948795,102.15164024840885,101.40274544702658,101.81123352050781,497400
2024-01-17,101.21794596358633,101.36383667546669,100.73164853752503,101.2665786743164,452100
2024-01-18,101.69451530244467,102.22944543891519,101.28311106390485,102.1224594116211,565200
2024-01-19,102.52121682205197,103.43545084715237,102.22554718506585,103.38682556152344,496100
2024-01-22,103.62024503679002,104.0190050237334,103.49381039123412,103.64942169189453,482100
2024-01-23,103.68833355702209,103.9314822601536,103.46463348520491,103.90230560302734,425000
2024-01-24,104.48586626305303,104.69011029352164,103.8536781190445,103.94121551513672,725900
2024-01-25,104.33996962696241,104.62202301121127,103.96065824615071,104.52476501464844,6188600
2024-01-26,104.35942655326674,104.77764262027121,104.2135358470448,104.38860321044922,1619500
2024-01-29,104.36914140051674,105.23475014395065,104.339964744944,105.21530151367188,684600
2024-01-30,105.11805779956451,105.27366912385843,104.95271844865529,105.10832977294922,918500
2024-01-31,104.54420827569581,104.73873167913884,103.38682556152344,103.38682556152344,1484900
2024-02-01,103.72722676721575,104.69982147216797,103.54340345921877,104.69982147216797,1282600
2024-02-02,104.71927158454953,106.13925898345508,104.71927158454953,105.77940368652344,1034400
2024-02-05,105.66269618193557,105.75023357059398,104.93325009778913,105.42927551269531,492400
2024-02-06,105.54598616563977,105.83776757855878,105.3125654874903,105.73078155517578,487600
2024-02-07,106.1100842260357,106.71309563373794,106.02255426153368,106.60610961914062,781500
2024-02-08,106.55749128284971,106.82009605238434,106.47968933290424,106.7422866821289,354200
2024-02-09,106.86871120013316,107.50089928791215,106.82008591357125,107.39391326904297,487000
2024-02-12,107.28693727192903,107.88994876003679,107.20913532210058,107.35501861572266,562100
2024-02-13,105.70161012361287,106.18304725263759,105.05969395157987,105.76969146728516,472200
2024-02-14,106.37268386856331,106.8784298421991,105.9058351526384,106.81034851074219,611800
2024-02-15,107.01460417505974,107.52035762415655,106.81036015841622,107.48145294189453,789000
2024-02-16,107.31610313595495,107.6467892156252,106.82008514691337,106.91734313964844,802800
2024-02-20,106.42130549719825,106.62554948455686,105.75022023025095,106.25596618652344,809700
2024-02-21,105.81832011714222,106.36297084561602,105.58489201610232,106.32406616210938,600500
2024-02-22,107.65653443490041,108.71665933955161,107.57872506016169,108.5999526977539,1038200
2024-02-23,108.7944569305514,109.03760563504123,108.42973387381667,108.54158020019531,1041300
2024-02-26,108.57075392027794,108.72637264869002,108.18172193986652,108.22061920166016,424000
2024-02-27,108.26926573515325,108.40542842974686,107.92885899866926,108.36652374267578,327200
2024-02-28,107.97747887171371,108.327613617466,107.92885358054865,108.21090698242188,420700
2024-02-29,108.50268171135528,108.99870717451883,108.08446561894483,108.6874771118164,467800
2024-03-01,108.96951775583493,109.80594984271424,108.78472237701233,109.74758911132812,472300
2024-03-04,109.49472198664309,109.99073998124675,109.49472198664309,109.59197998046875,773200
2024-03-05,108.99870073173919,109.17376809543066,107.92884791820669,108.42487335205078,642900
2024-03-06,109.06678674818599,109.46555420158928,108.70692397952763,108.95980072021484,551800
2024-03-07,109.61142644023371,110.30197524943081,109.49471981807804,110.11717987060547,480300
2024-03-08,110.22417509894709,110.83690717739631,109.251580258057,109.35856628417969,688700
2024-03-11,109.01814466167795,109.37800739938832,108.65050543987331,109.23211669921875,492300
2024-03-12,109.62115609646462,110.55484618914724,109.20294004679653,110.45758819580078,452700
2024-03-13,110.46732844634455,110.57431447695829,109.96157495247783,110.2630844116211,283500
2024-03-14,110.38950794624533,110.4916336634665,109.27589018388231,109.95184326171875,11470500
2024-03-15,109.06677344552696,109.59197549506108,108.89170609568225,109.17375946044922,1187600
2024-03-18,109.9615673631582,110.37006282472169,109.80595605138461,109.89348602294922,940600
2024-03-19,109.60170843811596,110.60347987705802,109.5141710491112,110.5645751953125,791600
2024-03-20,110.4964848953023,111.58579363489862,110.40894751339744,111.56633758544922,1020200
2024-03-21,112.29239951397102,112.4095055919905,111.95084942628944,112.0386734008789,1244700
2024-03-22,112.10698096929151,112.10698096929151,111.71175820180603,111.8044662475586,507300
2024-03-25,111.49218324401645,111.69613795271091,111.40435927731717,111.4531478881836,394700
2024-03-26,111.7654298518345,111.90204988265458,111.20918902771463,111.26773834228516,547500
2024-03-27,111.85325667720397,112.1850460397943,111.42387520069134,112.17528533935547,931600
2024-03-28,112.06793726821742,112.50707943458097,112.06793726821742,112.18504333496094,1480300
2024-04-01,112.24359986365245,112.45829061053837,111.71761646806186,111.9703598022461,674700
2024-04-02,110.9749822944317,111.25798305173521,110.731016894539,111.24822235107422,565500
2024-04-03,110.8676268431419,111.68734693854324,110.8676268431419,111.36531829833984,592100
2024-04-04,112.06794243443946,112.37046459283128,110.04790922269747,110.08694458007812,912200
2024-04-05,110.34067276064344,111.61904909671989,110.24308808796864,111.160400390625,602100
2024-04-08,111.2970190795497,111.58001239332468,111.1506383496857,111.21894836425781,749100
2024-04-09,111.54098200714517,111.6776020332594,110.36994363943788,111.44338989257812,567700
2024-04-10,110.22356840104177,110.69198526049458,109.83810633214803,110.26260375976562,885900
2024-04-11,110.67245752857946,111.31067030154892,109.80393393423554,111.01400756835938,706500
2024-04-12,110.1552465070177,110.50655725241862,109.09156101611065,109.4135971069336,690300
2024-04-15,110.3504249285113,110.39921353845943,107.87173571902568,108.0571517944336,1660400
2024-04-16,108.10594335362485,108.46701481420838,107.56922395815695,107.80342864990234,960800
2024-04-17,108.27183898542381,108.39870575537749,106.92515268950531,107.17887878417969,545700
2024-04-18,107.36428766734211,107.92052846967503,106.75339885482163,106.9349136352539,418400
2024-04-19,106.82757715386492,107.13985258737961,105.78340547505957,106.06640625,456700
2024-04-22,106.53480124215307,107.52042347025778,106.05468052707796,106.95442199707031,849400
2024-04-23,107.36428867660571,108.38894632248783,107.32526076487599,108.28160095214844,1453700
2024-04-24,108.63290272675574,108.70121273447752,107.83269658834384,108.34014129638672,834000
2024-04-25,106.8666011120399,108.06690665692439,106.61287502274392,107.86197662353516,701600
2024-04-26,108.51580690822658,109.26234043637622,108.4182222373035,108.92567443847656,573800
2024-04-29,109.20867448498552,109.48191453988493,108.72171901384944,109.30625915527344,1353800
2024-04-30,108.91590141279676,109.25745144499402,107.60824314565711,107.61800384521484,631500
2024-05-01,107.52042479342755,108.96470314877733,107.13007868831414,107.24718475341797,1386400
2024-05-02,108.02786945826924,108.47677231830099,107.11056467378103,108.30111694335938,584900
2024-05-03,109.74540081828499,110.0079048636111,109.10133599756271,109.68685150146484,565900
2024-05-06,110.17477524752992,110.81884002685547,110.15525384635555,110.81884002685547,406000
2024-05-07,110.94569330357542,111.257968677283,110.80321389517255,110.97496795654297,557300
2024-05-08,110.47728478091955,111.0423109392305,110.47728478091955,110.9457015991211,336200
2024-05-09,110.99448526837989,111.64831813377727,110.92617526097806,111.63855743408203,525100
2024-05-10,111.90204483711712,112.20456698763546,111.58976943143232,111.85325622558594,299200
2024-05-13,112.194809000526,112.194809000526,111.62002211230373,111.84349822998047,450100
2024-05-14,111.82397384942534,112.51684211665425,111.82397384942534,112.44853210449219,451600
2024-05-15,112.95597231543005,113.86352383789031,112.73152088719465,113.81472778320312,1681500
2024-05-16,113.72689774804074,114.10748312953989,113.4829323780935,113.51220703125,2018000
2024-05-17,113.55126210587063,113.65860748291016,113.19019061535286,113.65860748291016,454900
2024-05-20,113.60980603942416,114.09676151539946,113.60005278396162,113.78546142578125,387000
2024-05-21,113.6098091522891,114.02942995090442,113.57077379366984,113.99039459228516,1515800
2024-05-22,113.76595691461209,113.96112627333065,113.12188462942004,113.59030151367188,811500
2024-05-23,114.21483122239414,114.29290192950211,112.54610894543129,112.7998275756836,1065100
2024-05-24,113.10235950511812,113.64883961176346,112.93646482206265,113.52198028564453,329700
2024-05-28,113.80497765774541,113.80497765774541,113.0145247324271,113.5610122680664,618200
2024-05-29,112.60466942234724,113.04380416423045,112.60466942234724,112.76081085205078,312100
2024-05-30,112.27287565734983,112.50708034750446,111.66783880878143,111.91180419921875,434100
2024-05-31,112.15575928224385,112.88765538629264,110.94569314154822,112.73151397705078,565900
2024-06-03,113.20969119971068,113.28775445892069,111.7849343471859,112.8681411743164,588200
2024-06-04,112.6924947951159,113.0828334579779,112.21431727621429,112.91693878173828,579400
2024-06-05,113.48294554602215,114.30266571044922,113.14139547751087,114.30266571044922,950100
2024-06-06,114.25387284363359,114.4197675214143,113.87328743214474,114.26362609863281,4418400
2024-06-07,113.98063750191605,114.73302298120555,113.85377072936328,114.16604614257812,632500
2024-06-10,113.88304265590521,114.55638952413348,113.80497938839777,114.52711486816406,507200
2024-06-11,114.19645350900731,114.75408172607422,113.72686831704407,114.75408172607422,536200
2024-06-12,115.80085060892762,116.3085832687827,115.53670662233027,115.78128051757812,1224200
2024-06-13,116.172603216105,116.172603216105,115.29213567791705,115.898681640625,1391400
2024-06-14,115.63454024745683,115.94759454987384,115.38018875810778,115.92803192138672,843400
2024-06-17,115.89868385552874,117.19003378161527,115.7128052984137,116.88676452636719,844200
2024-06-18,116.83784007591436,117.27807009633655,116.83784007591436,117.23893737792969,776900
2024-06-20,117.42482595808492,117.60091947406114,116.52479574923022,116.89654541015625,940600
2024-06-21,116.69109951859511,116.9836134297826,116.40739289518291,116.73023223876953,441300
2024-06-24,116.53458351031273,117.2976529427177,116.35848999023438,116.35848999023438,2971000
2024-06-25,116.74979245153362,116.85251677284165,116.2899997925539,116.78892517089844,509100
2024-06-26,116.52479574923022,117.02372862179678,116.34087270338246,116.89654541015625,671600
2024-06-27,116.83785925236425,117.2683117616865,116.76937884986336,117.14112854003906,1611000
2024-06-28,117.31720811377954,118.05092982349284,116.47587328953736,116.73023223876953,707700
2024-07-01,116.93567917984362,117.18025309512441,116.35848832240667,116.96502685546875,574400
2024-07-02,116.52479995860607,117.73788452148438,116.52479995860607,117.73788452148438,794900
2024-07-03,117.64983394477306,118.40311829190101,117.64983394477306,118.30529022216797,415700
2024-07-05,118.2857252658016,119.01944697006414,118.20745982603418,118.931396484375,523200
2024-07-08,119.10748551805833,119.27379397346489,118.92160697154341,119.13683319091797,386300
2024-07-09,119.34229174157659,119.50860768500246,119.18576830893359,119.27381134033203,757900
2024-07-10,119.6064256480458,120.46732311428453,119.3911994155353,120.37928009033203,1245200
2024-07-11,120.49667801594317,120.70211921462402,119.32272617668018,119.44011688232422,1264400
2024-07-12,119.57706898812869,121.01515718458167,119.57706898812869,120.22274017333984,482700
2024-07-15,120.6238557455184,121.24996435982044,120.13470792410722,120.42819213867188,742000
2024-07-16,120.89778106992155,121.41627658244272,120.71190250362014,121.37714385986328,759700
2024-07-17,119.93904090649727,120.38905599374185,119.55750621375071,119.56729125976562,869000
2024-07-18,120.00753607137604,120.11026040766785,118.09986237284907,118.54009246826172,2137500
2024-07-19,118.45203860330072,118.83357330811812,117.54222335401231,117.76722717285156,1376000
2024-07-22,118.56943497343961,119.14858882992642,118.2759507439027,119.0488052368164,525400
2024-07-23,118.99987738283357,119.49881023371267,118.77487357230204,118.82378387451172,517600
2024-07-24,117.73788246875027,117.87484326553556,115.96716969330923,116.1823959350586,484300
2024-07-25,116.14326124431985,117.59113463260003,115.38996941096298,115.5660629272461,1178500
2024-07-26,116.53457959585015,117.57157058825419,116.3193533603391,117.02372741699219,753600
2024-07-29,117.41504387962992,117.56178972395337,116.67350005555066,117.01394653320312,995600
2024-07-30,117.3661370212721,117.55201559379489,115.69325225997866,116.4563217163086,1316800
2024-07-31,118.12921056751202,119.0439146957044,117.78680855138151,118.43247985839844,359400
2024-08-01,118.8727113762864,119.40099194451851,115.99651965940176,116.69110870361328,881800
2024-08-02,114.88126056582303,115.2432326498705,113.43337969343673,114.3921127319336,575800
2024-08-05,109.45171648297945,112.41595862212172,109.45171648297945,110.98764038085938,1733500
2024-08-06,111.69199521364095,113.7757694011826,111.2811128957998,112.13223266601562,1465500
2024-08-07,113.64860156334036,114.2160148201408,111.2028624879626,111.2811279296875,552500
2024-08-08,112.56268836690944,114.05947942766053,112.0588667344031,113.95187377929688,439100
2024-08-09,113.71708633274903,114.76386239872026,113.5312152312575,114.3921127319336,507300
2024-08-12,114.6269052587614,115.03778766102218,114.0497143789861,114.48994445800781,338800
2024-08-13,115.18452745525785,116.45631478262278,115.16496482637993,116.4367446899414,301400
2024-08-14,116.72045170751659,117.06579443110722,116.074780459172,116.80850219726562,474500
2024-08-15,117.92375455894678,118.81399968916445,117.92375455894678,118.8042221069336,175200
2024-08-16,118.37378451212832,119.18577176745013,118.37378451212832,118.99989318847656,443700
2024-08-19,119.0096641793966,120.20318603515625,118.95096136655702,120.20318603515625,256700
2024-08-20,120.03687614544684,120.44776600078201,119.6768670396679,119.9586181640625,272100
2024-08-21,120.14448655239842,120.72461814263809,119.88035001061071,120.49667358398438,309500
2024-08-22,120.7901509366976,120.99559210345258,119.2053094825558,119.4303207397461,600200
2024-08-23,120.05643941940882,120.94668455049427,119.83142814322493,120.7901611328125,270800
2024-08-26,120.9075583941974,121.15996184196382,120.10535624254325,120.43798065185547,225300
2024-08-27,120.10535832818051,120.68255666526163,119.91948722285251,120.57494354248047,750600
2024-08-28,120.49667090429378,120.51624099661528,119.20727648826924,119.89990997314453,635100
2024-08-29,120.2912307703569,121.09343289508169,119.73360255516775,119.96839141845703,282600
2024-08-30,120.56515508509011,121.24996652557988,119.75317535953462,121.132568359375,525900
2024-09-03,120.43797256838934,120.43797256838934,118.1096317146903,118.64768981933594,503500
2024-09-04,118.11941823775578,118.96075311912175,117.94332471691631,118.23681640625,619800
2024-09-05,118.19767184527481,118.80421779270715,117.41503239463972,117.96288299560547,739100
2024-09-06,118.01179753183492,118.36398455088039,115.82041744073221,116.05520629882812,363900
2024-09-09,116.9650213686367,117.65863260157313,116.55609451799512,117.38568878173828,240500
2024-09-10,117.73787829530791,117.95310452942817,116.74979761312099,117.8944091796875,228100
2024-09-11,117.86505685991273,119.35206288390108,116.04542645162769,119.14662170410156,375500
2024-09-12,119.35207028829623,120.24232291979365,118.82378973726539,120.19340515136719,1002400
2024-09-13,120.34993486269528,121.10224898020032,120.28145446160288,120.88800048828125,237300
2024-09-16,120.78037285966924,121.18147763490514,120.52601391595388,121.1521224975586,352700
2024-09-17,121.55323528066451,121.88585222114084,120.75103314114708,121.24018096923828,279200
2024-09-18,121.24017641185345,122.47283098217314,120.78037627652293,120.87820434570312,355000
2024-09-19,122.83479449807152,123.35231221934662,122.40434950472518,122.99132537841797,421500
2024-09-20,122.70761766165666,122.95219156216511,122.0687907529494,122.6391372680664,1107900
2024-09-23,122.89349731010303,123.1282861668195,122.69783370966998,122.99132537841797,634000
2024-09-24,123.138082173009,123.32395328021035,122.58632047362097,123.28482055664062,364300
2024-09-25,123.27402305602924,123.49000167846471,122.85286624025912,123.05804443359375,286500
2024-09-26,124.02012272784457,124.02012272784457,123.06785748052319,123.5783462524414,539900
2024-09-27,123.85323839898257,123.95140845680871,123.1267634932995,123.3721923828125,395800
2024-09-30,123.1954852562523,123.98086071123302,122.66535794762464,123.87287139892578,431200
2024-10-01,123.725613679406,123.725613679406,122.1597761267414,122.68499755859375,563700
2024-10-02,122.43956844116546,122.98932676967118,122.02724969478616,122.69481658935547,326500
2024-10-03,122.33156982773657,122.85678372881236,122.00269603194438,122.46900939941406,423300
2024-10-04,123.57834580940667,123.66670410012853,122.60644955083599,123.59798431396484,267000
2024-10-07,123.16603292632801,123.32212983436885,122.28248742673406,122.51810455322266,236100
2024-10-08,122.91079150738992,123.82378732526142,122.91079150738992,123.6961669921875,466800
2024-10-09,123.7059784886197,124.65824377000989,123.62253356570034,124.56006622314453,257100
2024-10-10,124.27536568393369,124.64842237987632,123.96121701307916,124.3539047241211,481400
2024-10-11,124.21646167618871,125.21781568584689,124.21646167618871,125.06073760986328,299800
2024-10-14,125.36506977905442,126.29769653357613,125.36506977905442,126.1111831665039,249600
2024-10-15,126.06209746292056,126.25843757710618,124.89385356079899,125.12946319580078,410900
2024-10-16,125.13928384751604,125.7479427022333,124.98220576249524,125.64977264404297,526600
2024-10-17,126.31733450451509,126.31733450451509,125.55159759521484,125.55159759521484,274000
2024-10-18,125.96391970566273,126.14063629398814,125.63014001412532,126.0031967163086,284000
2024-10-21,125.78722470558044,125.95901295186222,125.07056902154753,125.7479476928711,310200
2024-10-22,125.17854941627535,125.80683926683437,124.982201816199,125.5123291015625,866900
2024-10-23,125.06073904276919,125.24726738766317,123.65688555463423,124.43244171142578,360500
2024-10-24,124.82512847744603,124.91642280682355,124.25475050836845,124.75640869140625,277000
2024-10-25,125.2178164013932,125.88537575845348,124.53061104988033,124.74658966064453,324100
2024-10-28,125.414161381893,125.51233143881171,125.05092393240899,125.1392822265625,317200
2024-10-29,124.79568723199047,125.49270439503668,124.55025833697862,125.27672576904297,515700
2024-10-30,125.06074913273922,125.66940800851916,124.79568921746338,124.91349029541016,670100
2024-10-31,124.04957567357224,124.04957567357224,122.33157348632812,122.33157348632812,634500
2024-11-01,123.12676297353205,124.06920900649602,123.03841216883009,123.10713195800781,663700
2024-11-04,123.04822943613605,123.50963696549672,122.50927152759544,122.9009780883789,967400
2024-11-05,123.05803950518492,124.39317321777344,122.93041918335479,124.39317321777344,1014000
2024-11-06,126.88674176318636,127.67211724201155,126.3173449155329,127.45613861083984,978100
2024-11-07,127.87824661806614,128.7676865505735,127.86058544721553,128.59490966796875,613100
2024-11-08,128.72256796953943,129.4775196260501,128.62636773266274,129.17416381835938,365200
2024-11-11,129.56680502728946,129.7042445954795,129.08577402851898,129.48826599121094,401700
2024-11-12,129.38028929611303,129.57664439533724,128.5556518066186,129.01705932617188,344000
2024-11-13,129.0367118372531,129.56683171523952,128.683293591998,129.066162109375,420800
2024-11-14,129.12503675130077,129.21338754994338,128.14332126472218,128.32003784179688,466500
2024-11-15,127.54447533732407,127.54447533732407,126.18970316043115,126.54312133789062,1057500
2024-11-18,126.60204588128359,127.3579560810501,126.49895496148665,127.06343841552734,571000
2024-11-19,126.17008477879001,127.623019576551,126.15044627374465,127.50521850585938,465500
2024-11-20,127.54447776183382,127.63282856293075,126.34188524524139,127.60337829589844,411800
2024-11-21,128.1335199119201,128.79027887759804,127.14689097422396,128.4967498779297,699300
2024-11-22,128.4967561749121,128.93852520545198,128.3838534865265,128.83053588867188,1546700
2024-11-25,129.58646284244546,129.99878160846004,128.8403643581988,129.34103393554688,713400
2024-11-26,129.51773486399924,130.0773199590286,129.41957228964097,129.93988037109375,631000
2024-11-27,129.75335027283583,129.91042836546072,129.10541437560167,129.42938232421875,709900
2024-11-29,129.61590305731505,130.45036726794933,129.61590305731505,130.2932891845703,468400
2024-12-02,130.29328472009658,130.63689114324072,130.22455744355176,130.46017456054688,2535800
2024-12-03,130.46017090418513,130.6368874819262,130.1951035274683,130.5976104736328,471900
2024-12-04,130.99029469695284,131.63823053556783,130.94122090476478,131.59896850585938,688800
2024-12-05,131.54006162919325,131.71676322404673,131.22590548751242,131.2651824951172,859000
2024-12-06,131.3731781305081,131.81494711873106,131.3731781305081,131.59896850585938,637300
2024-12-09,131.45172191234457,131.52536257125547,130.71543516157388,130.85287475585938,2070700
2024-12-10,130.8528584508513,130.95103599730416,130.17548730757207,130.32273864746094,2040800
2024-12-11,131.0786661776784,131.56657294045453,130.90194958683162,131.38299560546875,2996400
2024-12-12,131.11791517964858,131.32898040958847,130.72523498535156,130.72523498535156,702100
2024-12-13,131.08846733046647,131.28480743123419,130.33254221373184,130.6368865966797,826700
2024-12-16,130.96085547535736,131.3535507045133,130.87153097978393,131.1768341064453,923700
2024-12-17,130.43634162819217,130.7406114875663,130.2393851187267,130.51510620117188,527000
2024-12-18,130.61356097124138,130.88928200411118,126.45803179998569,126.5171127319336,1037600
2024-12-19,127.50184037168054,127.9646610589988,126.37925754036328,126.38911437988281,3289800
2024-12-20,125.84750609000669,128.94051001103966,125.81795811183487,127.9548110961914,996800
2024-12-23,127.87603905121287,128.85091954181615,127.25074579715613,128.7425994873047,698000
2024-12-24,128.9493947523236,130.1704559326172,128.90015562738884,130.1704559326172,374100
2024-12-26,129.75685867652805,130.34768302745863,129.49097945449105,130.15074157714844,548500
2024-12-27,129.4712843761365,129.4712843761365,127.88588086501576,128.7425994873047,357900
2024-12-30,127.23597228998928,128.06411206676796,126.48166865333741,127.38367462158203,472300
2024-12-31,127.6495590145798,127.86520743257398,126.5368179859442,126.85193634033203,502700
2025-01-02,127.44276484882637,128.02374742968925,125.79828032592413,126.6746826171875,395900
2025-01-03,127.19658357594847,128.3733339912427,127.04099275733705,128.2305450439453,619800
2025-01-06,129.1167875903332,129.89373495410973,128.62442642346866,128.9493865966797,335900
2025-01-07,129.47127542146325,129.48113226025433,127.11975824035879,127.49198913574219,296100
2025-01-08,127.40336431252506,127.9538146517878,126.84206544061648,127.70862579345703,448800
2025-01-10,126.87161374896988,126.91101105417216,125.38468852947564,125.73918914794922,719100
2025-01-13,124.58706306400124,126.04445538503813,124.58706306400124,125.9853744506836,664000
2025-01-14,126.59590286645212,126.7928443312473,125.45362884753649,126.27094268798828,531700
2025-01-15,128.13207303206173,128.7967636527984,127.82681149418876,128.55551147460938,617800
2025-01-16,128.63428744907142,128.93462055831,128.22464258429397,128.368408203125,4480400
2025-01-17,129.66824320055483,130.07198300560188,129.3551081973103,129.6485595703125,1043300
2025-01-21,130.18028054887594,130.8745115494266,129.91440132989138,130.8695831298828,347500
2025-01-22,131.3619430039344,131.91831348295173,131.3619430039344,131.58843994140625,619400
2025-01-23,131.3422871162575,132.24822998046875,131.3422871162575,132.24822998046875,660100
2025-01-24,132.20880949759686,132.44514825688742,131.58351625149874,131.83462524414062,584900
2025-01-27,128.75245973124004,129.9242818453298,128.75245973124004,129.7174835205078,544300
2025-01-28,130.1310574816274,131.14532033857222,129.38267387646235,130.90899658203125,609400
2025-01-29,130.65294751732623,130.84990399781032,129.78640211100958,130.2984619140625,796800
2025-01-30,130.6135628374401,131.4013436678965,130.1802826294056,130.9779052734375,500300
2025-01-31,131.43090060421974,132.07096415723433,130.15075847251904,130.2393798828125,330700
2025-02-03,128.13207351922955,129.9341173092393,127.78250127540122,129.38267517089844,633900
2025-02-04,129.30387937658614,130.2492193707873,129.28418072392148,130.13104248046875,380500
2025-02-05,129.89473013417785,130.72189331054688,129.44667965722692,130.72189331054688,563200
2025-02-06,131.13546488898896,131.17486219476353,130.2442924231269,130.9976043701172,720900
2025-02-07,130.98778488357243,131.31274509608932,129.5894808036245,129.7667236328125,310900
2025-02-10,130.3673893830756,130.76127230696892,130.17044792112893,130.54464721679688,300800
2025-02-11,130.0424158656833,130.76125888957998,130.0424158656833,130.65293884277344,281500
2025-02-12,129.23495707165478,130.43631945191729,129.22510023245408,130.15074157714844,326800
2025-02-13,130.3575507151174,131.5589131953583,130.16059422274682,131.50967407226562,576300
2025-02-14,131.43089250173088,131.67707308781704,131.32257244282616,131.41119384765625,557300
2025-02-18,131.70660763427028,131.89370727539062,131.22901671770987,131.89370727539062,442200
2025-02-19,131.42106421814393,132.14974921155246,131.37182509072312,132.12020874023438,410500
2025-02-20,131.81493779022475,131.93309966707432,130.9483772915387,131.62783813476562,460300
2025-02-21,131.5589156084827,131.60813970680746,129.1857310731922,129.24481201171875,484700
2025-02-24,129.66822161666485,129.7568580406892,128.4077783100527,128.5259552001953,905100
2025-02-25,128.48656817187882,128.66382600843596,126.98980101660187,127.86620330810547,708900
2025-02-26,128.38808574068838,129.13646920634176,127.51168358032608,128.06312561035156,339600
2025-02-27,128.68351129844308,128.7524490762361,125.93614251453596,125.96568298339844,3891500
2025-02-28,125.98538065326669,128.0336049571933,125.48317014802302,127.90558624267578,1188600
2025-03-03,128.29946480985618,128.58504269780687,124.88248466096007,125.68995666503906,967300
2025-03-04,124.60675627394075,126.03361637124993,123.13952220316368,124.11439514160156,973700
2025-03-05,124.07501597017081,125.87705967186567,123.38571333102621,125.4634780883789,1112700
2025-03-06,123.69097456951097,124.76431832124867,122.56839169530436,123.06075286865234,871800
2025-03-07,122.59792121471625,124.09469574237319,121.51472823265516,123.68111419677734,719700
2025-03-10,121.89878096960032,122.36160167752674,119.3483461688612,120.3133773803711,1196800
2025-03-11,120.02780359896141,120.8894356333776,118.5704187650794,119.3385009765625,1139400
2025-03-12,120.59894335691499,121.00267560018355,118.96430070464434,120.08688354492188,799100
2025-03-13,120.136128603777,120.16566907269147,118.00912468790978,118.40301513671875,757600
2025-03-14,119.40743167905963,121.1503868951718,119.40743167905963,120.95344543457031,397200
2025-03-17,120.71710095409509,122.41082448132721,120.71710095409509,121.84953308105469,964700
2025-03-18,121.23540936238619,121.34895128750998,120.12958649035706,120.56401824951172,330600
2025-03-19,120.80098732562841,122.69174338782906,120.73681537989913,121.84757232666016,438300
2025-03-20,121.07744243011163,122.5584517077181,120.95896650889686,121.5513687133789,324200
2025-03-21,120.41592179890064,121.74882858726333,120.35668384073416,121.64022064208984,290300
2025-03-24,122.98300715237102,124.05921113705466,122.89415021207377,123.84199523925781,532400
2025-03-25,124.02959108084315,124.36528289612377,123.80249968071601,124.08882904052734,697400
2025-03-26,123.94072833548192,124.1974387190281,122.31062982908811,122.6473159790039,505600
2025-03-27,122.2227632399073,123.00177558759557,121.7982069340353,122.17339324951172,374800
2025-03-28,121.69946858403189,121.98579794227378,119.53719267377915,119.68529510498047,601200
2025-03-31,118.24378046110539,120.5936457559562,117.67605572973083,120.36656188964844,545600
2025-04-01,119.91237077984982,121.19295466097383,119.19161721420194,120.87996673583984,419600
2025-04-02,119.6161744057557,122.24249339346014,119.6161744057557,121.72908020019531,383400
2025-04-03,117.0688415232931,117.88833509733269,115.66187975500588,115.67669677734375,1212500
2025-04-04,112.51720656194824,113.22809219485052,108.8048079972377,108.83443450927734,2187400
2025-04-07,105.19114797899691,112.68505093636715,103.84836569792255,108.4493637084961,1844300
2025-04-08,112.18152283234306,112.94177097445622,105.21090045910435,106.69190979003906,1244100
2025-04-09,105.89216060895585,117.46378067049295,105.89216060895585,117.00960540771484,801900
2025-04-10,114.50176565839276,114.78809502392616,109.74278946005707,112.71468353271484,914200
2025-04-11,112.41847484201885,115.17019252941843,111.75695919213284,114.64986419677734,516700
2025-04-14,117.02934827678517,117.02934827678517,114.81277594779846,115.74581146240234,555500
2025-04-15,116.0123978152561,116.77264595884616,115.40123137599886,115.64707946777344,328100
2025-04-16,114.2648030474909,114.98062267465949,111.87543574514804,113.0898666381836,279800
2025-04-17,113.38606641382026,114.18581654417163,112.75416972613691,113.22809600830078,588800
2025-04-21,111.9939171019475,112.08771555744768,109.28860904597533,110.39442443847656,462200
2025-04-22,111.67796557324407,113.74051460686833,111.66809006957881,113.27745819091797,520500
2025-04-23,116.26909499881506,117.22681546444845,114.74859135158711,115.15339660644531,890700
2025-04-24,115.47922664772305,117.67112153598005,115.16327831004293,117.59213256835938,314900
2025-04-25,117.56252038989997,118.55183353825433,117.03923163154434,118.47087097167969,347400
2025-04-28,118.68808809791564,119.03365543879407,117.25644874307508,118.53998565673828,930800
2025-04-29,118.06605757575917,119.52731579706592,118.03643859641954,119.30023193359375,301500
2025-04-30,117.70073820026393,119.8136440793358,116.61466628165353,119.54706573486328,427800
2025-05-01,120.75161833195193,121.47237191556752,120.1197216835209,120.18883514404297,602600
2025-05-02,121.73896348111813,122.42022261447269,121.31440719439452,122.04503631591797,330200
2025-05-05,121.13668670690998,122.15364519540438,121.10706772690376,121.48225402832031,299000
2025-05-06,120.27769574922185,121.31440522148797,120.01309099697815,120.39617919921875,637900
2025-05-07,120.71213423128924,121.39339339136716,119.8136516344289,120.95896911621094,464800
2025-05-08,121.87718841379554,123.01953790773332,121.14655177142825,121.80807495117188,442400
2025-05-09,122.29186337847499,122.39355620693098,121.39832239244168,121.72908020019531,255100
2025-05-12,125.53034968476598,125.89566802978516,124.59238012613146,125.89566802978516,516400
2025-05-13,126.08324596572497,127.27793334059257,125.93712466723646,126.78426361083984,521000
2025-05-14,126.98172627809629,127.2186931678682,126.51767553496231,126.91260528564453,274100
2025-05-15,126.42883535686654,127.7024967773823,126.42883535686654,127.61363983154297,1042400
2025-05-16,127.76172946307553,128.48742462199533,127.42505837344567,128.4824981689453,273000
2025-05-19,127.01137431765271,128.73921873704393,127.01137431765271,128.62074279785156,301600
2025-05-20,128.19616252746673,128.41337843197203,127.50502786113435,128.18629455566406,351300
2025-05-21,127.16933216594906,128.05793170055742,125.70806637367282,125.9351577758789,567300
2025-05-22,125.97464752197266,126.72503520976848,125.60933671540197,125.97464752197266,405000
2025-05-23,124.38503721760027,125.64883060987566,124.38503721760027,125.076171875,605800
2025-05-27,126.47818840044697,127.70247966512702,126.21160253304548,127.69261169433594,398200
2025-05-28,127.7222432255548,128.08558043923233,126.78920013074719,126.92250061035156,566200
2025-05-29,128.07768501268518,128.07768501268518,126.63616267029066,127.48527526855469,605500
2025-05-30,127.15944136271274,127.66299412509483,126.02894100488578,127.34703826904297,377000
2025-06-02,127.03109485395395,127.99868327831325,126.33007722882567,127.98881530761719,368800
2025-06-03,127.95920485156441,129.02551825070958,127.89008385527633,128.8379364013672,269900
2025-06-04,128.98603297209021,129.25261885813555,128.6997111430825,128.80831909179688,296300
2025-06-05,129.25260432122744,129.56854509475053,127.91969010651758,128.24551391601562,1151400
2025-06-06,129.34148166828194,129.86477042703493,129.084778807673,129.51919555664062,245500
2025-06-09,129.73640830962432,129.894386250284,129.39577496627942,129.5784454345703,517900
2025-06-10,129.59817090986047,130.27943754152204,129.41058906928512,130.22019958496094,396500
2025-06-11,130.3880364278211,130.64475430922846,129.3908290752252,129.8351287841797,358600
2025-06-12,129.46983851926316,130.37818908691406,129.46983851926316,130.37818908691406,441900
2025-06-13,129.1933915311062,129.92203959212665,128.54174378518707,128.79844665527344,536900
2025-06-16,129.48436892592503,130.46425161636992,129.48436892592503,130.1376190185547,423100
2025-06-17,129.5635375937838,129.92877345802816,128.86079497445238,129.0191650390625,1033600
2025-06-18,129.30620697277652,129.81199139768188,128.8360505289501,128.99937438964844,541900
2025-06-20,129.69221110365496,129.8010886317947,128.3164033042526,128.64303588867188,327600
2025-06-23,128.6826219513716,129.93965976826902,128.06895684370528,129.89016723632812,740500
2025-06-24,130.74139508455625,131.60252290230747,130.6325175491165,131.44415283203125,371300
2025-06-25,131.6123978725957,131.75096788991672,131.1768877887298,131.38475036621094,283100
2025-06-26,131.86974178987643,132.4735144053408,131.61735556337052,132.43392944335938,566600
2025-06-27,132.68138654849164,133.36434424012464,132.14689135373507,132.95852661132812,417900
2025-06-30,133.65137727952938,134.05224112562945,133.20597468419606,133.9186248779297,866600
2025-07-01,133.53260913584103,133.8542879534375,133.14659153412506,133.5623016357422,607800
2025-07-02,133.41381814215399,134.21556091308594,133.41381814215399,134.21556091308594,1104200
2025-07-03,134.6015742836784,135.38350189373617,134.6015742836784,135.185546875,327000
2025-07-07,134.79953241271176,134.87871744263325,133.5919871366591,134.1858673095703,515800
2025-07-08,134.3739055539226,134.47784439400758,133.96215248835506,134.0769805908203,399900
2025-07-09,134.59167295543082,134.98660131622316,134.2155629332957,134.947998046875,573300
2025-07-10,135.00739678946806,135.4478607416924,134.60159422698297,135.17567443847656,363600
2025-07-11,134.56198451192316,134.88861711417465,134.2551519439599,134.65106201171875,357900
2025-07-14,134.62136545446782,135.01729061329496,134.28781568781903,134.947998046875,265700
2025-07-15,135.48249676687777,135.4923892324811,134.34422889645649,134.36402893066406,219800
2025-07-16,134.71045840641324,134.89850586647168,133.4435281008585,134.8193359375,509800
2025-07-17,134.88861047009325,135.73983066654793,134.84407172238926,135.69033813476562,334200
2025-07-18,136.12584714081376,136.12584714081376,135.3587657649374,135.66064453125,429100
2025-07-21,135.8388296950735,136.39310986081762,135.7051983352233,135.78933715820312,807300
2025-07-22,135.84870304181558,136.09615058833984,135.28451538630046,135.95758056640625,720600
2025-07-23,136.38321150950742,136.9869842529297,136.05659397069135,136.9869842529297,374600
2025-07-24,137.03645545629047,137.43238061336524,136.99687049208322,137.09584045410156,363700
2025-07-25,137.29380359661073,137.82332986880994,137.22352933904412,137.7194061279297,366500
2025-07-28,137.89756811232363,137.92726060797324,137.42245797593233,137.6402130126953,416900
2025-07-29,138.04604644461222,138.04604644461222,137.18889075202188,137.3828887939453,275800
2025-07-30,137.45217695723395,137.96687215266837,136.67520303402247,137.2641143798828,525600
2025-07-31,138.38257616203077,138.5112537309557,136.53167317765462,136.82861328125,484200
2025-08-01,135.4033115320126,135.4033115320126,133.95821109702362,134.49270629882812,277800
2025-08-04,135.32414204659617,136.67025756835938,135.32414204659617,136.67025756835938,432800
2025-08-05,136.72962993941306,136.93749254545563,135.7398396502605,135.9279022216797,975500
2025-08-06,136.10605056525395,137.1057483743083,135.98925906239234,136.96717834472656,493900
2025-08-07,137.75901733735046,137.9470799253461,136.22485433633875,136.92759704589844,299600
2025-08-08,137.25421139151246,138.00644654024708,137.25421139151246,137.92727661132812,226900
2025-08-11,137.9272773589497,138.28360245301872,137.3037046685788,137.541259765625,276100
2025-08-12,138.05592882371323,139.04571899472379,137.7095113256592,139.00613403320312,691200
2025-08-13,139.45155554990288,139.70889559227473,139.06553793484437,139.5109405517578,348200
2025-08-14,138.98634154096212,139.61782818762103,138.95664904246095,139.34266662597656,262300
2025-08-15,139.68909259074493,139.68909259074493,138.9566424222773,139.1645050048828,262600
2025-08-18,138.93686223117194,139.283294883988,138.88738479762827,139.1546173095703,453100
2025-08-19,139.1842889987487,139.33276658618308,138.0856213049317,138.33306884765625,398400
2025-08-20,138.15490629827096,138.2439837840523,136.82859116664213,137.9965362548828,301100
2025-08-21,137.5709452822358,138.00150160259045,137.15523521075548,137.49176025390625,564800
2025-08-22,137.85797728776996,139.9068502428872,137.85797728776996,139.6396026611328,308800
2025-08-25,139.31298648733812,139.6198190677394,138.97646140580136,138.99624633789062,1091900
2025-08-26,138.9764532832665,139.6396109415369,138.85766818266532,139.59011840820312,190900
2025-08-27,139.4614505447748,140.10482331687314,139.4614505447748,139.9860382080078,325700
2025-08-28,140.05533565358925,140.614569622326,139.8078880640953,140.52053833007812,499700
2025-08-29,140.20377299764797,140.21368056537065,139.23378284979833,139.58021545410156,283800
2025-09-02,137.73921989744693,138.53105514726664,137.33340225525166,138.491455078125,374400
2025-09-03,138.98635476771733,139.2931873500964,138.45187464083156,139.1546173095703,318900
2025-09-04,139.2634658861186,140.27800981379823,139.01601835785507,140.27305603027344,348700
2025-09-05,140.89663268024896,140.9352359456544,139.0952073733239,139.9761199951172,319700
2025-09-08,140.3621568699939,140.54032697354788,139.9988994883986,140.35226440429688,540900
2025-09-09,140.3225841665129,140.77787927637993,139.96625903126804,140.6789093017578,473800
2025-09-10,141.3816453224767,141.5637724196195,140.66405640411304,141.0451202392578,704000
2025-09-11,141.43114358002563,142.42093393753242,141.34206607257056,142.28236389160156,860000
2025-09-12,142.2526552259487,142.52979528632093,142.05470019754003,142.1239776611328,729500
2025-09-15,142.55948629745677,142.95539635014177,142.55948629745677,142.89601135253906,703200
2025-09-16,142.96053161260727,143.0994528741613,142.4345991853506,142.62313842773438,1559100
2025-09-17,142.59336425315632,143.07959621736407,141.44229377132652,142.53382873535156,744800
2025-09-18,143.18876190082793,143.8932857765228,142.8513838436985,143.3376007080078,727500
2025-09-19,143.8139036142955,144.16121436140924,143.27806875381913,144.0222930908203,381700
2025-09-22,143.6948230810181,144.8161258532989,143.6948230810181,144.7367401123047,658500
2025-09-23,144.746659291827,144.81612749396467,143.64520672763652,143.9131317138672,430400
2025-09-24,144.22074033811614,144.22074033811614,143.1292204675445,143.4665985107422,405100
2025-09-25,142.78191778825502,143.0438922623732,141.95830771313902,142.7322998046875,443400
2025-09-26,143.0200638711607,143.7146701630887,142.72237113425396,143.63528442382812,547500
2025-09-29,144.19097045313487,144.389427232016,143.69482093529115,144.0718994140625,1125100
2025-09-30,143.84367373468356,144.59781554496402,143.5261307779666,144.47874450683594,641400
2025-10-01,143.83374907081893,145.15052583569798,143.83374907081893,145.01458740234375,693500
2025-10-02,145.44129010849304,145.46112518928143,144.71591666167595,145.31228637695312,541700
2025-10-03,145.40157586146677,146.04161297628622,145.07411536414708,145.33212280273438,463300
2025-10-06,145.81834265223807,145.98703167411162,145.3122755866174,145.79849243164062,428300
2025-10-07,145.967195227415,146.0763487277556,144.79627448364482,145.14358520507812,652700
2025-10-08,145.48095281668796,146.0862557949518,145.2527282928025,146.05648803710938,350100
2025-10-09,146.0862722222852,146.22519348826506,145.30234746753416,145.649658203125,669000
2025-10-10,145.87787399851456,146.28472023207007,141.6606031485054,141.72015380859375,899700
2025-10-13,143.32767105291597,144.1810488049399,143.18874979752982,143.80397033691406,1495400
2025-10-14,142.46437380972256,144.36461972071314,141.65068136698,143.56581115722656,960100
2025-10-15,144.61766232904353,145.37180412140597,142.98035988727602,144.22073364257812,390300
2025-10-16,144.5879094076587,145.0145907554532,142.60331119551824,143.36737060546875,390600
2025-10-17,142.95058788709767,144.4191861302432,142.80174909738994,144.16119384765625,376700
2025-10-20,144.84588610774188,145.90763816329664,144.84588610774188,145.68934631347656,556000
2025-10-21,145.6893548616537,146.19542193001882,145.46111517675,145.8084259033203,606200
2025-10-22,145.90764327211065,145.90764327211065,143.96274564492273,144.91534423828125,407700
2025-10-23,145.0145850849153,146.08626989451875,144.95504956348435,145.82827758789062,557900
2025-10-24,146.82057587276188,147.34649316430884,146.7808754311647,147.08848571777344,306900
2025-10-27,148.31893350999846,148.91431896959662,148.1700947157395,148.87461853027344,243600
2025-10-28,149.1723181781233,149.6188497228898,148.76547193323927,149.18223571777344,1474200
2025-10-29,149.50969768861714,149.7676899935892,148.289174083271,149.20208740234375,436900
2025-10-30,148.4479493526717,149.14750688411718,147.77317810058594,147.77317810058594,554600
2025-10-31,148.99370601577772,149.01355623763095,147.84265055010005,148.46778869628906,302400
2025-11-03,149.19217034687637,149.19217034687637,147.95179651672703,148.7853240966797,318900
2025-11-04,146.99918554828048,148.0014021712373,146.77096099875217,146.9197998046875,612400
2025-11-05,146.77095035675006,148.14924605187807,146.68164707966403,147.40602111816406,759100
2025-11-06,147.14801691068638,147.3564063697368,145.39165852436582,145.75880432128906,503100
2025-11-07,144.9748916622842,145.9473404541673,143.73451789768998,145.927490234375,594100
2025-11-10,147.30676974998156,148.41815482214895,146.85032073177257,148.24945068359375,517800
2025-11-11,147.73348331582747,148.66624681958766,147.67394779708218,148.4876251220703,407800
2025-11-12,148.91433307738455,149.02843778336603,148.17010875302142,148.6464080810547,326900
2025-11-13,147.90217653460562,147.96667839550602,145.6893538911108,146.0068817138672,507600
2025-11-14,144.4588950109355,146.80072133397786,144.0818165332641,145.75880432128906,1410800
2025-11-17,145.36189218649704,146.29464056776914,143.78412520154993,144.50851440429688,962700
2025-11-18,143.5559055796708,144.3596654090271,142.3651497161325,143.30783081054688,985200
2025-11-19,143.3772932941697,144.8657418495366,143.01013235444097,143.86351013183594,396400
2025-11-20,146.22518710273542,146.5625651423417,141.3926956243788,141.54153442382812,884100
2025-11-21,141.95830819025028,144.17113096499745,141.15454833411644,142.9506072998047,830400
2025-11-24,143.70476683309846,145.38670597981599,143.5112612355268,145.10389709472656,656400
2025-11-25,145.0741370549151,146.75112509134104,144.20092407278574,146.4832000732422,504900
2025-11-26,147.01902870206388,147.9120917773097,146.93467662190054,147.4556427001953,826500
2025-11-28,147.85255531617264,148.32885461051825,147.67394875877363,148.28916931152344,589400
2025-12-01,147.35641673911874,148.18994435141195,147.25222957290276,147.59457397460938,265900
2025-12-02,148.09070054163772,148.42807855025833,147.47546489742797,147.91207885742188,339800
2025-12-03,147.70371342922766,148.6612783382471,147.55485949322676,148.45785522460938,1219800
2025-12-04,148.77539520337882,148.77539520337882,148.00438595761358,148.62655639648438,614700
2025-12-05,148.75556566408022,149.4849061275941,148.67617991701877,148.91433715820312,323700
2025-12-08,149.13261557713142,149.13261557713142,148.0907137015264,148.51739501953125,406600
2025-12-09,148.38837632791197,148.87460825774258,148.2345712040301,148.3090057373047,603000
2025-12-10,148.17011018806954,149.61885840774283,147.97163825329105,149.30133056640625,563500
2025-12-11,148.83493097866756,149.74784423262244,148.20282792171477,149.6883087158203,496500
2025-12-12,149.41046644229135,149.62875829047834,147.49532151491846,148.0013885498047,543800
2025-12-15,148.90438835910896,148.90438835910896,147.45067393027352,147.63424682617188,458800
2025-12-16,147.30081728546634,147.80843675218432,146.5343989164094,147.3704833984375,1444900
2025-12-17,147.46005906286643,147.62429916264708,145.61868362940032,145.62863159179688,1212000
2025-12-18,147.08183635888764,147.67903303405447,146.44481745940587,146.743408203125,360200
2025-12-19,147.30081577481715,148.25633654798446,147.30081577481715,148.1169891357422,360500
2025-12-22,148.81372689154375,149.1621030176399,148.62462447869072,149.0824737548828,344700
2025-12-23,148.7739232373274,149.72944403668433,148.7739232373274,149.6995849609375,342800
2025-12-24,149.6100001194999,150.28684124001597,149.6100001194999,150.17735290527344,1499500
2025-12-26,150.25698607913998,150.45605164174862,149.98823921636748,150.22711181640625,1294500
2025-12-29,149.51048017186187,149.98824056396086,149.28154034446257,149.6697235107422,582200
2025-12-30,149.5204251601582,149.7811984624173,149.3611666367168,149.4407958984375,573200
2025-12-31,149.42089962008842,149.51049204074909,148.2464020654974,148.2862091064453,485900
2026-01-02,149.05261364673086,149.31139735810106,147.79848693938916,148.49522399902344,730800
2026-01-05,149.13223235751542,149.87873955167709,149.13223235751542,149.51046752929688,893000
2026-01-06,149.51048657262317,150.63521389409635,149.48061230834205,150.51577758789062,501900
2026-01-07,150.545631489881,150.98856642305213,150.00815294269978,150.06787109375,315400
2026-01-08,149.77921251769243,150.16242929828928,149.58014695240698,149.86880493164062,294500
2026-01-09,150.1076702822434,150.98954572970084,149.7792052809145,150.7347412109375,474300
2026-01-12,149.87874465808187,151.08310113390118,149.87874465808187,150.9138946533203,369300
2026-01-13,151.04329449189413,151.04329449189413,149.99818134419039,150.53567504882812,708100
2026-01-14,149.89867054066363,150.052947499564,148.85355729270034,149.7593231201172,776600
2026-01-15,150.6650627841942,150.9338096427168,149.99818480675032,150.19725036621094,272000
2026-01-16,150.51577241435587,150.62526075385767,149.77921311336834,150.06787109375,207100
2026-01-20,147.7387615863854,148.51514313791273,146.67375242075715,146.87281799316406,918700
2026-01-21,147.3008193906238,149.3213645115996,147.08184271062086,148.5449981689453,1606500
2026-01-22,149.590086353667,149.9384624637752,149.06255580137392,149.5701904296875,551200
2026-01-23,149.39101842564943,149.91358258250713,149.18200491308872,149.5403289794922,396700
2026-01-26,149.88869950936362,150.6650658384083,149.76926320881182,150.4261932373047,424400
2026-01-27,150.704888323073,151.23241890172318,150.5754888720999,151.0034942626953,336100
2026-01-28,151.3717726131689,151.60069726172142,150.74470163264496,151.08311462402344,835300
2026-01-29,151.12292852073836,151.3866938064982,148.60471196228323,150.59539794921875,1069000
2026-01-30,150.00815294269978,150.59540167833256,149.01280992458484,150.06787109375,808000
2026-02-02,149.45074422841728,151.0632102037031,149.45074422841728,150.78451538085938,712100
2026-02-03,150.88404138268587,150.98358175755163,147.9776416518061,149.07252502441406,1044600
2026-02-04,149.26164013610997,149.39102439600427,147.29085009826503,148.2762451171875,1433600
2026-02-05,147.16145707875077,147.75865371925718,146.1063808238402,146.44480895996094,1208300
2026-02-06,147.43020039177094,149.74935140574317,147.25602751684553,149.46070861816406,545900
2026-02-09,149.1820138157788,150.6451692419319,148.96800352793883,150.22711181640625,1188000
2026-02-10,150.39632828905167,150.68497106668974,149.6697169884591,149.77920532226562,456800
2026-02-11,150.77455964203315,150.86911844597404,149.0725315465559,149.7294464111328,654500
2026-02-12,150.12758959667678,150.36547499904,147.0320721955748,147.20127868652344,488500
2026-02-13,147.22118471604455,148.51513363549338,146.58416581246294,147.51979064941406,360800
2026-02-17,147.0619275576592,148.13689981512587,146.16612493696803,147.7288055419922,583900
2026-02-18,148.13690388460086,149.13224690725806,147.733791175443,148.5449981689453,448800
2026-02-19,147.90798035316146,148.4753179827192,147.56955218024126,148.1767120361328,404500
2026-02-20,147.7387521074683,149.3910251091221,147.7387521074683,149.24172973632812,587100
2026-02-23,148.73408785810648,149.19195229194935,147.07186697503576,147.43019104003906,395700
2026-02-24,147.29084658513148,148.7739130592562,146.98229269837054,148.61465454101562,325100
2026-02-25,149.0924249355482,149.96833165705405,149.0924249355482,149.88870239257812,727100
2026-02-26,149.88868943996988,149.9384596244326,148.12694337426746,149.1521453857422,270400
2026-02-27,147.5994061900118,148.56987168617553,147.40034062836327,148.49522399902344,292600
2026-03-02,146.82303107224357,149.082463790304,146.80810153570755,148.57484436035156,537800
2026-03-03,146.2756057648864,147.77856814307358,144.95676421361506,147.25103759765625,888900
2026-03-04,147.44016301998207,148.69927130380003,147.13160912091874,148.3061065673828,474700
2026-03-05,147.52974590975344,148.38574152763553,146.24574488906563,147.42025756835938,403200
2026-03-06,145.54899520312043,146.35522056190362,144.96672808298948,145.53904724121094,469600
2026-03-09,144.16547593423465,147.08183881091549,143.29953238755573,146.77328491210938,786500
2026-03-10,146.83299601625936,147.86814600010587,145.99689639684044,146.49456787109375,642200
2026-03-11,146.7633197164991,147.15150287212373,145.70825858519768,146.3651885986328,909800
2026-03-12,145.12101055674273,145.23049889283288,143.88677978515625,143.88677978515625,495100
2026-03-13,144.51384667022603,145.3200720371077,142.88645121185618,143.0706024169922,931600
2026-03-16,144.28493668197615,145.24045751459164,144.19534426388796,144.59349060058594,514900
2026-03-17,145.27204374996714,145.80092137659884,144.8728807689644,145.0824432373047,269700
2026-03-18,144.4437876255035,144.79204835657717,143.02679340136712,143.07669067382812,909800
2026-03-19,141.9989762919862,143.4858145451755,141.63973724041836,142.7972869873047,1198700
2026-03-20,142.6675609339206,142.6675609339206,139.93335167800956,140.71170043945312,1066100
2026-03-23,142.74739073869978,143.82510790114048,141.94908003764996,142.30831909179688,1359600
2026-03-24,141.45014087143133,142.47796078274664,140.99110725959133,141.71957397460938,1089100
2026-03-25,142.90705767867576,143.386038014582,141.91914646101569,142.51788330078125,688700
2026-03-26,141.55990424806353,142.20354405249265,139.97327145250335,140.03314208984375,730100
2026-03-27,139.2647729923146,139.32464363235343,137.3388630140154,137.53843688964844,690800
2026-03-30,138.72592201256336,138.78579265260524,136.5305789274662,137.099365234375,387300
2026-03-31,138.67602019439224,141.35034353873206,138.3966137323421,141.12083435058594,1352600
2026-04-01,141.98899530548832,142.93699787186037,141.70958883114,142.13868713378906,1232000
2026-04-02,140.22275115988475,142.86713931405424,140.00321532521662,142.39813232421875,494400
2026-04-06,142.3582187928627,143.2263735108076,142.3582187928627,143.21640014648438,428100
2026-04-07,142.81724062580162,143.21640360602973,141.3902729410769,143.19644165039062,628900
2026-04-08,146.8985897258697,147.08817499806318,145.8707546420308,146.76885986328125,449100
2026-04-09,146.57926559986325,147.60708550091454,146.14019394766459,147.34764099121094,418400
2026-04-10,147.62704813573683,147.83659537201723,147.03829988417326,147.1680145263672,152300
2026-04-13,146.66907600184277,148.68480718141655,146.57927004112935,148.59500122070312,272300
2026-04-14,149.16377611121206,150.46102905273438,149.15879704256082,150.46102905273438,238600
2026-04-15,150.70053135256614,151.80318953407448,150.50095748475846,151.70838928222656,369600
2026-04-16,151.90797145418077,152.44683767588012,151.4888617409207,152.1873779296875,250800
2026-04-17,153.2451393875191,154.5523657265801,153.16530679543393,154.08335876464844,437400
2026-04-20,153.79396787740444,154.08336293485934,153.29004651433647,153.8837890625,298100
2026-04-21,154.32283603555635,154.5523604398913,152.6663592926087,153.01560974121094,635900
2026-04-22,154.003530663217,154.50247295841572,153.90373611357307,154.45257568359375,191500
2026-04-23,154.01349499177175,154.52242584798273,152.3270676966993,153.71412658691406,224600
2026-04-24,154.25299283563328,155.12114750628228,153.90372715871197,155.03134155273438,262700
2026-04-27,154.7719060597651,155.40056299768233,154.6920734653528,155.33071899414062,564200
2026-04-28,154.51243940360843,154.71700756266048,153.9985294716274,154.49249267578125,316200
2026-04-29,154.49249542773197,154.71701031861045,153.92369391781975,154.6521453857422,540300
2026-04-30,155.1810168309757,156.3285931693725,154.35277084895313,156.2687225341797,351200
2026-05-01,156.66788518498132,157.4462339696903,156.5680906324757,156.5780792236328,357600
2026-05-04,156.38846447308916,156.93730400888515,155.4105418989042,156.08909606933594,265300
2026-05-05,156.8674507266126,157.64680441962216,156.8674507266126,157.41629028320312,293300
2026-05-06,158.32437339996795,159.70144378619628,158.29443808025715,159.5417938232422,314100
2026-05-07,159.7313974544917,160.00081533715488,158.63371828860568,158.95303344726562,463200
2026-05-08,159.62162673707508,160.20038640364785,159.4270319320553,160.11058044433594,346800
2026-05-11,159.88105985774192,160.87894438301728,159.77129195090123,160.65940856933594,446900
2026-05-12,159.89103942352608,160.36004638671875,158.88318149544716,160.36004638671875,394400
2026-05-13,160.31014533683518,161.43775974005595,159.681488430362,161.12841796875,418300
2026-05-14,161.47768612294394,162.80485918278532,161.47768612294394,162.47557067871094,319600
2026-05-15,161.1783169621227,161.43276716863443,160.2303296838501,160.4598388671875,441500
2026-05-18,160.6294833036323,161.128425597493,159.4419982080022,160.46981811523438,805800
2026-05-19,159.6315938627486,160.34008337164525,159.04284562825475,159.53179931640625,292400
2026-05-20,159.81121165875462,161.3479624605553,159.59167582992592,161.29806518554688,560200
2026-05-21,160.56960508341655,161.98659930389718,160.43987522065456,161.56748962402344,484400
2026-05-22,162.53544338355852,163.04435903193044,162.08638314654254,162.3757781982422,370200
2026-05-26,163.30381118191193,163.75287143994694,162.93959304234193,163.4734649658203,359100
2026-05-27,163.48342859519903,163.65306714249482,163.00444827186328,163.35369873046875,252000
2026-05-28,163.40360464926735,164.5012838092713,163.2239927284544,164.4014892578125,444300
2026-05-29,164.6509510372975,165.2187475908624,164.53120976357172,164.85052490234375,794000
2026-06-01,164.68089638297747,165.87835487267694,164.54119314628772,165.53907775878906,469300
2026-06-02,165.30955577001507,166.1028721483871,165.2895938158866,166.00807189941406,349200
2026-06-03,165.71869201288817,165.79850937634848,164.59107761601354,164.69085693359375,317500
2026-06-04,164.17197795602883,165.64984784401085,163.9225068070916,165.37940979003906,202000
2026-06-05,164.23183984656086,164.371543073463,160.54964344816406,160.81907653808594,608300
2026-06-08,162.0963675548777,162.66515382644022,161.1234240351266,161.25814819335938,1248900
2026-06-09,162.2260988027829,162.99445894414572,157.54601782125542,160.89891052246094,570600
2026-06-10,160.08063465127296,161.1034754315523,158.27446608623035,158.41416931152344,445100
2026-06-11,158.9630216358519,161.42779784404595,158.15473753688744,161.01866149902344,407300
2026-06-12,161.5974232096327,162.41568060637275,160.40993818279998,161.7969970703125,530200
2026-06-15,164.05999755859375,165.0800018310547,164.05999755859375,164.77999877929688,919300
2026-06-16,164.5399932861328,164.8699951171875,163.52000427246094,163.60000610351562,361300
2026-06-17,163.91000366210938,164.11000061035156,161.38999938964844,161.67999267578125,427900
2026-06-18,163.69000244140625,163.69000244140625,162.75,163.22999572753906,456300
2026-06-22,163.5399932861328,164.07000732421875,162.6199951171875,162.88999938964844,898200
2026-06-23,160.4199981689453,161.86000061035156,160.30499267578125,160.7100067138672,284200
2026-06-24,160.88999938964844,162.10000610351562,160.11500549316406,160.6199951171875,1162600
2026-06-25,161.75,161.91000366210938,159.89999389648438,160.6199951171875,323800
2026-06-26,159.77999877929688,161.27000427246094,159.32000732421875,160.19000244140625,374300
2026-06-29,161.30999755859375,162.63999938964844,160.52999877929688,162.5399932861328,298100
2026-06-30,162.4499969482422,163.97000122070312,162.4499969482422,163.6699981689453,327600
2026-07-01,163.25999450683594,164.44000244140625,162.91000366210938,163.60000610351562,536300
2026-07-02,163.86000061035156,164.8000030517578,162.3800048828125,163.39999389648438,290000
2026-07-06,164.17999267578125,165.0399932861328,163.97999572753906,164.97999572753906,303900
2026-07-07,164.47000122070312,164.58999633789062,163.50100708007812,164.08999633789062,210500
2026-07-08,163.22999572753906,163.74000549316406,162.3300018310547,163.60000610351562,225300
2026-07-09,163.94000244140625,165.02000427246094,163.7949981689453,165.0,264800
2026-07-10,165.0399932861328,165.75,164.27000427246094,165.67999267578125,199800
2026-07-13,165.0399932861328,165.41000366210938,164.26499938964844,164.52999877929688,286000
2026-07-14,164.75999450683594,165.4949951171875,164.52000427246094,165.22999572753906,264900
2026-07-15,165.63999938964844,165.97000122070312,164.7100067138672,165.8000030517578,208100
2026-07-16,165.22999572753906,165.52999877929688,164.14500427246094,164.8000030517578,166900
2026-07-17,162.6699981689453,163.92999267578125,162.52999877929688,163.05999755859375,267900
2026-07-20,163.75,164.24000549316406,162.63999938964844,162.69000244140625,289100
2026-07-21,163.58999633789062,164.1999969482422,163.22000122070312,164.0399932861328,236700
2026-07-22,163.58999633789062,164.42999267578125,163.58999633789062,164.0460968017578,230312
