date,open,high,low,close,volume
2008-06-25,36.38136170522532,36.88965600935449,36.38136170522532,36.74343490600586,2000
2008-06-26,41.77764887797026,41.77764887797026,35.50403977350167,35.55278015136719,9800
2008-06-27,35.364775307582114,35.364775307582114,34.87736894313526,34.926109313964844,7700
2008-06-30,35.35086966812783,35.48316465787281,34.98879623413086,34.98879623413086,17100
2008-07-01,34.81471006697843,34.81471006697843,33.46390027259424,33.979156494140625,14900
2008-07-02,33.791149044836445,33.791149044836445,33.080928802490234,33.080928802490234,6700
2008-07-03,32.8790055487666,33.09485500208341,32.53085852739008,33.080928802490234,6000
2008-07-07,33.49870687000778,33.56833521192282,33.36640930175781,33.36640930175781,2600
2008-07-08,33.589232161550214,33.589232161550214,32.60745748131391,33.387306213378906,12200
2008-07-09,33.42211533945918,33.72152200186726,33.14359664916992,33.14359664916992,4100
2008-07-10,33.115744361026216,33.50566731009501,32.7954470949543,33.436038970947266,1100
2008-07-11,33.589229683704,33.853819538184254,33.296784770658334,33.603153228759766,4200
2008-07-14,34.09753291748575,34.31338245179252,33.85382831739001,34.278568267822266,22300
2008-07-15,33.98610164813449,33.98610164813449,32.98343686693712,33.68669509887695,12100
2008-07-16,33.71455767668544,34.466556549072266,33.71455767668544,34.466556549072266,4300
2008-07-17,35.155890197006194,35.21855677210839,34.515298245278046,34.53618621826172,4700
2008-07-18,34.38996885033653,34.38996885033653,34.181081129236475,34.24374771118164,4800
2008-07-21,34.640631345700825,34.91915004712171,34.480484022036734,34.90522384643555,17300
2008-07-22,35.14194564463139,36.06801493069924,34.04876469350892,34.257652282714844,9500
2008-07-23,34.54315314967986,34.564041124177066,34.20196784803431,34.229820251464844,5000
2008-07-24,33.79115684568785,33.79115684568785,32.48212565554469,32.697975158691406,6500
2008-07-25,32.91381971967405,33.080928802490234,32.59352509748389,33.080928802490234,2700
2008-07-28,32.55870695709184,33.09485366712303,32.55870695709184,32.872039794921875,18800
2008-07-29,33.115745674019124,33.78418731848344,33.04611467595973,33.644927978515625,19200
2008-07-30,34.20197546395438,34.45960626882763,34.125382665540826,34.42478942871094,3600
2008-07-31,34.4387105716151,34.53619133484906,33.0739745740365,34.076637268066406,3200
2008-08-01,34.29944860862521,34.29944860862521,33.4499715530878,33.47085952758789,4600
2008-08-04,33.3594513135422,33.3594513135422,32.79545211791992,32.79545211791992,3400
2008-08-05,32.586563123144025,32.86508182367607,32.55174894961531,32.63530349731445,1600
2008-08-06,32.523895259292786,33.02522783792038,32.523895259292786,32.990413665771484,4000
2008-08-07,33.171451524812575,33.171451524812575,32.865083067552845,32.97649002075195,6100
2008-08-08,32.64227681468606,32.64227681468606,32.28020346785694,32.40553665161133,4900
2008-08-11,32.489080340343165,32.489080340343165,31.918119430541996,31.918119430541992,2500
2008-08-12,31.827598632536954,32.41945013608333,31.827598632536954,32.11307907104492,2400
2008-08-13,32.10611860949436,32.27322769165039,31.897230928723836,32.27322769165039,3800
2008-08-14,32.328942596788394,32.34983057455035,32.19664764404297,32.19664764404297,1200
2008-08-15,32.96953071438612,33.04612350463867,32.844197540545885,33.04612350463867,4000
2008-08-18,33.28980479038786,33.33854513987856,32.621360778808594,32.621360778808594,2500
2008-08-19,32.7258224369983,32.8720435593469,32.670117634493394,32.865081787109375,1800
2008-08-20,33.00434249660724,33.87471015046131,33.00434249660724,33.74241256713867,5200
2008-08-21,34.36907579687686,34.61974208762038,34.36907579687686,34.60581588745117,12700
2008-08-22,34.793804312260065,34.9609133477487,34.67543297731791,34.94698715209961,6000
2008-08-25,34.84255467856966,34.912183020667804,34.29248174508096,34.35514831542969,4700
2008-08-26,34.45960120384494,34.45960120384494,34.013970683680064,34.076637268066406,4500
2008-08-27,34.40388368048226,34.953956533937266,34.40388368048226,34.807735443115234,6100
2008-08-28,36.98714177670893,36.98714177670893,34.87040973547964,35.14892578125,2400
2008-08-29,35.281212981090434,35.281212981090434,34.898251841887884,34.91217803955078,5300
2008-09-02,34.807739032595094,34.807739032595094,33.436038970947266,33.436038970947266,3500
2008-09-03,33.213227535667755,33.213227535667755,32.28715515136719,32.28715515136719,5700
2008-09-04,32.14093383137235,32.14093383137235,30.804050505800003,30.999011993408203,23700
2008-09-05,30.83188621701551,30.83188621701551,29.871002760147167,30.734405517578125,3900
2008-09-08,31.187007086114438,31.21485948197295,30.177380313524058,30.40019416809082,3600
2008-09-09,29.898866354744325,29.898866354744325,27.615022659301758,27.615022659301758,19100
2008-09-10,27.482730326666854,27.977098524469376,27.134583259569077,27.79606056213379,12700
2008-09-11,27.454880416696312,27.782139539451425,26.702881408531777,27.489694595336914,17000
2008-09-12,27.935318032182487,28.951909418076227,27.935318032182487,28.78479766845703,5500
2008-09-15,28.868356815718425,28.868356815718425,26.80732662682103,27.301694869995117,5100
2008-09-16,27.782134303593686,27.782134303593686,26.319915170896028,26.807321548461914,5100
2008-09-17,28.436649769601487,30.755307628828337,26.05532268202008,26.807321548461914,7800
2008-09-18,27.503611807841352,27.503611807841352,25.881245583211285,27.37131690979004,4900
2008-09-19,30.281831819419565,30.978125924977466,28.937983983200724,30.01027488708496,36200
2008-09-22,30.83886576324697,30.83886576324697,29.160797119140625,29.160797119140625,14600
2008-09-23,28.965832952931603,29.15383267513503,28.03279877022822,28.22079849243164,14800
2008-09-24,28.875307165114602,29.26523002598098,28.875307165114602,28.93100929260254,2900
2008-09-25,29.272202809032905,29.57160946619124,29.209536237624157,29.47412872314453,5100
2008-09-26,29.432345355985913,29.432345355985913,27.816943617060527,28.12331199645996,8300
2008-09-29,29.940648396809898,29.940648396809898,24.502590138756204,24.544368743896484,7500
2008-09-30,24.77413965999892,25.42169058053637,24.74628726492295,25.400802612304688,8600
2008-10-01,26.668061387002822,26.668061387002822,25.470437436022028,25.867324829101562,4300
2008-10-02,26.05532086560235,26.05532086560235,23.437256527935517,23.611330032348633,13800
2008-10-03,23.938589657396726,24.84377137130257,23.26318359375,23.26318359375,6600
2008-10-06,22.288375232892303,22.288375232892303,19.40571911957865,20.756528854370117,15200
2008-10-07,19.920976047807343,20.26216002178965,18.507498445815756,18.542312622070312,10000
2008-10-08,23.395480725298338,23.395480725298338,16.620540771073593,18.075794219970703,43200
2008-10-09,18.10364313019311,18.333420086030237,16.641425534831672,16.91994285583496,14400
2008-10-10,17.05920211387117,17.922606469653157,15.144393713334608,16.77372169494629,25800
2008-10-13,19.739938094281914,20.80526722236856,18.11060978630464,19.684234619140625,27800
2008-10-14,19.670303429387527,23.311920347311297,19.572822704633055,19.886154174804688,17900
2008-10-15,20.088087980582593,20.088087980582593,16.919948566645196,17.038318634033203,17400
2008-10-16,17.539645524294695,17.985273241333505,16.376834538080608,17.602312088012695,12800
2008-10-17,17.992238998413086,18.34038603580022,17.797276179369092,17.992238998413086,5500
2008-10-20,18.681569454314083,18.792976396938336,18.103645441422465,18.77208709716797,11400
2008-10-21,19.308236431298752,19.308236431298752,18.04098129272461,18.04098129272461,9400
2008-10-22,17.414316481397915,17.734611146126042,15.395063754854565,15.771061897277832,14000
2008-10-23,21.501563707713505,21.501563707713505,13.96766088781692,14.371511459350586,11800
2008-10-24,13.925876765371141,13.925876765371141,12.533289088834028,13.605582237243652,13700
2008-10-27,13.960692516928365,13.960692516928365,12.400994300842285,12.400994300842285,8900
2008-10-28,12.888402615379027,12.909291914322514,11.836998473915155,12.895365715026855,6300
2008-10-29,13.146033862904455,14.267067945732194,13.146033862904455,13.744847297668457,13200
2008-10-30,14.12780623162974,16.23757625156216,14.12780623162974,15.165284156799316,16000
2008-10-31,14.851955071620955,15.395065019831389,14.622178041238804,15.311509132385254,3900
2008-11-03,15.910317414096166,17.107942559419566,15.910317414096166,17.059202194213867,13100
2008-11-04,19.1411253863006,19.844382613735387,18.584090616092674,19.294309616088867,35000
2008-11-05,21.05593332115524,21.05593332115524,16.683205916537023,16.815502166748047,30400
2008-11-06,16.39772144411269,16.39772144411269,14.80320904241735,14.977282524108887,40800
2008-11-07,15.241874210539935,15.993871626871739,15.241874210539935,15.757131576538086,221900
2008-11-10,18.598017966066937,18.598017966066937,15.262769345136133,15.50647258758545,233400
2008-11-11,15.158327246360416,15.158327246360416,14.218329674714445,14.468996047973633,467200
2008-11-12,14.072106669762807,14.072106669762807,12.240853309631348,12.240853309631348,375500
2008-11-13,12.289595401371281,13.870183944702148,12.254781213998369,13.870183944702148,63100
2008-11-14,14.274029007141825,14.274029007141825,12.909293212715772,13.243514060974121,51000
2008-11-17,13.048554419051989,13.320108758506555,12.735222795391165,12.95107364654541,25900
2008-11-18,12.742180401202708,13.090327421214536,11.997145990869473,12.38707160949707,15200
2008-11-19,12.213000705278528,12.394036025604267,11.057151794433594,11.057151794433594,10400
2008-11-20,10.764705733399213,10.764705733399213,9.413895606994629,9.413895606994629,28500
2008-11-21,9.9500452591006,10.06145223792842,9.594935016058452,10.054489135742188,21100
2008-11-24,10.576709837975187,11.899669370518353,10.576709837975187,11.718632698059082,19600
2008-11-25,12.39403338119088,12.400996480960174,11.607221700317362,12.38707160949707,6000
2008-11-26,11.955370272113845,13.368847834935778,11.955370272113845,13.083367347717285,23100
2008-11-28,13.313140584637683,13.43151060638247,13.215658530916793,13.347954750061035,6900
2008-12-01,14.622172298674794,14.622172298674794,11.628108978271486,11.628108978271484,11000
2008-12-02,12.317440308047196,13.313140865861243,11.99714440147033,13.152992248535156,14600
2008-12-03,12.47758899662815,12.923216748197758,11.934479178346097,12.658625602722168,22100
2008-12-04,12.568110809522807,12.9580365497165,12.345296859741211,12.345296859741211,16800
2008-12-05,12.672553062438965,12.672553062438965,11.802185443537267,12.672553062438965,18600
2008-12-08,13.20869763996885,13.542919793042474,13.16692036886296,13.340993881225586,17300
2008-12-09,13.918917010336193,14.9355069489479,12.35921859741211,12.35921859741211,14500
2008-12-10,12.909293161026275,12.909293161026275,12.40796056257052,12.672553062438965,12000
2008-12-11,12.999812776989208,13.111219742827696,12.442777947796765,12.554184913635254,14400
2008-12-12,12.72129218895981,13.08336540165059,12.185145469561014,12.707365989685059,33300
2008-12-15,13.340995772089553,13.340995772089553,12.247814172004059,12.602924346923828,6800
2008-12-16,12.930179398978037,13.501140267875604,12.846624862496906,13.43847370147705,22300
2008-12-17,13.8910644769571,14.482913256796023,12.93714120560418,14.260099411010742,36500
2008-12-18,14.538621595466397,14.538621595466397,13.863216732844485,13.904994010925293,15600
2008-12-19,14.670913445950648,14.670913445950648,13.744842537245052,13.814472198486328,22400
2008-12-22,14.120844505354485,14.197435951523314,13.18781032630216,13.56380844116211,17100
2008-12-23,14.155656713999614,14.155656713999614,13.68217658996582,13.68217658996582,7400
2008-12-24,13.71699271646377,13.71699271646377,13.480252643569031,13.619510650634766,10700
2008-12-26,13.772698412607253,13.842326763364621,13.626475954250326,13.821438789367676,4300
2008-12-29,14.51077482012704,14.51077482012704,13.758776951417483,13.870183944702148,14600
2008-12-30,14.002471466630986,15.701427712884131,14.002471466630986,14.49683952331543,44000
2008-12-31,15.053878813648847,15.053878813648847,14.663953166943886,14.893730163574219,21900
2009-01-02,15.046919415799199,15.750176779273957,14.970326622050928,15.72232437133789,17800
2009-01-05,15.924245254128767,16.467353754506977,15.499505465412076,16.133132934570312,31500
2009-01-06,16.36291315997022,16.446469045565948,15.596989299633059,15.889432907104492,34700
2009-01-07,16.140102034885214,16.140102034885214,14.82410623707734,14.949438095092773,18800
2009-01-08,15.652686345365979,15.652686345365979,14.789282080202574,15.429872512817383,13900
2009-01-09,15.680541000626068,15.819799002021401,15.207060874116074,15.35328197479248,13900
2009-01-12,15.520392384356063,15.520392384356063,14.197432850874222,14.260099411010742,19200
2009-01-13,14.496842647454608,14.496842647454608,13.751808188470092,13.91891860961914,24100
2009-01-14,13.92587659575198,13.92587659575198,12.888398948737468,13.159953117370605,36400
2009-01-15,12.96499488056176,13.807509984138859,12.881439016104121,13.459362983703613,21100
2009-01-16,14.287957866608174,14.329735148395681,13.466330465690769,13.939810752868652,33700
2009-01-20,13.911958498416793,13.911958498416793,12.825739863533197,12.874480247497559,16100
2009-01-21,13.25744026167045,13.25744026167045,12.735219688238432,13.243514060974121,31900
2009-01-22,15.541282489730648,15.541282489730648,12.540255601440347,12.895365715026855,5900
2009-01-23,14.858914307312336,14.858914307312336,12.052848963680477,12.881439208984375,12300
2009-01-26,12.554177570237755,14.07906002122099,12.554177570237755,13.034619331359863,19000
2009-01-27,13.375807385644327,13.480252550315406,13.097290045364142,13.30617904663086,8700
2009-01-28,13.7100334390389,13.856254586433373,13.605589572603447,13.689144134521484,19000
2009-01-29,13.723956380202162,13.723956380202162,13.104255042338375,13.28529167175293,64200
2009-01-30,13.54292110159429,14.274029392928677,13.166921641084745,14.113882064819336,13500
2009-02-02,13.180849405700304,13.180849405700304,12.4567028009267,12.790925025939941,29000
2009-02-03,13.09729255948013,13.118181862039279,12.185147596941688,12.888404846191406,10400
2009-02-04,13.194772766968585,13.466327021242364,12.985883755309484,13.410623550415039,12300
2009-02-05,13.382769876924968,13.52202920477356,12.99284561825444,13.417585372924805,17600
2009-02-06,13.696110777408984,13.73788806917029,13.410630182233763,13.529000282287598,26500
2009-02-09,15.938169412513497,15.938169412513497,13.125142311785044,14.239212989807129,25800
2009-02-10,14.092991737208678,14.218324881587325,13.452401143332123,13.47329044342041,10900
2009-02-11,13.891069480590096,13.891069480590096,13.076405233444461,13.327070236206055,12700
2009-02-12,13.396695679689817,13.487214638540781,12.714327915149433,13.048548698425293,14000
2009-02-13,13.37580581678466,13.417584408983018,13.16691816809399,13.347954750061035,6000
2009-02-17,13.368846205036489,13.389734176433493,12.428848977981884,12.679513931274414,59100
2009-02-18,12.811811428747404,12.811811428747404,12.143369716952616,12.219961166381836,52600
2009-02-19,12.53329400884801,12.721293737718879,11.95536994934082,11.95536994934082,12200
2009-02-20,11.753445612095154,11.753445612095154,11.05018896875371,11.391373634338379,19200
2009-02-23,11.391375046393362,11.551522414875429,10.827376377484294,10.841301918029785,12900
2009-02-24,11.133742945808162,11.649000441087686,10.792558982504517,11.516705513000488,12200
2009-02-25,11.809145395187311,11.809145395187311,10.82040854346153,10.994482040405273,14500
2009-02-26,11.467962156627518,11.48885145556298,10.66722429049125,10.897001266479492,20200
2009-02-27,11.008409148210733,11.008409148210733,10.402632744455257,10.604557991027832,14300
2009-03-02,9.977893817589694,10.30515221142222,9.406932901401776,9.824708938598633,17300
2009-03-03,9.51137674469155,9.922190345963447,9.51137674469155,9.824708938598633,10000
2009-03-04,9.97789386511859,10.409596104297268,9.97789386511859,10.367818832397461,7400
2009-03-05,10.319078390944677,10.319078390944677,9.462636963243737,9.4765625,19100
2009-03-06,9.741153674198056,9.741153674198056,9.281599703949865,9.455673217773438,7000
2009-03-09,9.608861362676878,9.608861362676878,9.205010726428599,9.28160285949707,11900
2009-03-10,10.096267085088787,10.200710961733137,9.943082157177498,10.005748748779297,19400
2009-03-11,10.437450119503946,10.444413221020392,9.873452177430075,10.172858238220215,10000
2009-03-12,10.200708084763686,10.40959644317627,9.748117194901242,10.40959644317627,11200
2009-03-13,10.444408806483438,10.68811194424977,10.374779148825162,10.639370918273926,14500
2009-03-16,10.8970008806017,10.966630546512098,10.583668712080325,10.653298377990723,10000
2009-03-17,10.764707565249994,10.764707565249994,10.09626515594974,10.242486953735352,33000
2009-03-18,10.51404030037913,10.597595505739081,10.214633649810988,10.45833683013916,15200
2009-03-19,10.785594975564491,11.154631310451208,10.785594975564491,11.105890274047852,15400
2009-03-20,11.17551855666308,11.224260253938208,10.458336561738532,10.715965270996094,46000
2009-03-23,10.959669413832282,11.523667285572948,10.959669413832282,11.516705513000488,36800
2009-03-24,11.509742420409415,11.509742420409415,11.314779586352717,11.328705787658691,13900
2009-03-25,11.934481636162642,11.934481636162642,11.022336646290919,11.412261009216309,18400
2009-03-26,11.976257843538084,13.180846196328616,11.725591567831213,13.06247615814209,40800
2009-03-27,13.111214225164758,13.111214225164758,12.254773037673715,12.811807632446289,47100
2009-03-30,12.811812765063383,12.985886311675864,11.837001169648648,11.997148513793945,30200
2009-03-31,12.136403109373143,12.595956985453086,11.92055236832353,12.18514347076416,21200
2009-04-01,12.185147932003284,12.533295015774808,11.91359363164573,12.45670223236084,22600
2009-04-02,12.53329346876154,13.60558699189852,12.53329346876154,13.041587829589844,26200
2009-04-03,13.229593630146427,13.368853041694226,12.937149928356984,13.076409339904785,12600
2009-04-06,13.619510850115615,13.619510850115615,12.804846782181105,12.992846488952637,15500
2009-04-07,13.104253995569211,13.104253995569211,12.42188613556663,12.47758960723877,13300
2009-04-08,12.693440146090444,12.797883987426758,12.498478663082787,12.797883987426758,11500
2009-04-09,13.431510037018166,13.647360775258608,13.306176921886546,13.508101463317871,10500
2009-04-13,14.260106125286413,14.260106125286413,13.264405121048407,13.877144813537598,11300
2009-04-14,13.870178840640937,13.96765959187423,13.577735258865426,13.828401565551758,15100
2009-04-15,13.925885502104967,14.246180231176933,13.668256035962614,13.891071319580078,15500
2009-04-16,13.925880772165879,14.552545141298248,13.814473832234592,14.037287712097168,10900
2009-04-17,14.016399019037515,14.086028691524907,13.689141284844975,13.807511329650879,24600
2009-04-20,13.800549803614976,13.800549803614976,12.602924346923828,12.602924346923828,31300
2009-04-21,12.56810729791542,13.062476772929841,12.533293126017805,13.020699501037598,5300
2009-04-22,13.215661051904076,14.580398111652919,12.881440219013742,13.146031379699707,26400
2009-04-23,13.549881887593054,13.647363959929521,13.327067998953476,13.47329044342041,15000
2009-04-24,13.73788290802252,13.793586385469228,13.368847867966455,13.584698677062988,10800
2009-04-27,13.389738120114135,13.50810819583753,13.06248030044399,13.104257583618164,26300
2009-04-28,12.99284998679422,13.187812845718842,12.881443018287529,13.097293853759766,15900
2009-04-29,13.159959466118218,14.079067552350338,13.159959466118218,13.904994010925293,8300
2009-04-30,14.615212777764897,14.83106357362701,14.364546480585942,14.656990051269531,19200
2009-05-01,15.450763502049085,15.457726601089234,14.622173309326172,14.622173309326172,15600
2009-05-04,15.520390350319614,15.917277627119695,15.248834849291846,15.861574172973633,18200
2009-05-05,16.383803083349576,16.383803083349576,15.666619575773545,15.868545532226562,41200
2009-05-06,16.634464849556878,16.634464849556878,16.174910871198605,16.495206832885742,15800
2009-05-07,17.24720842953717,17.24720842953717,15.840693763450808,16.021730422973633,37600
2009-05-08,16.85727217575778,16.85727217575778,15.875498028940601,16.390756607055664,34200
2009-05-11,16.25846607406543,16.25846607406543,15.708393145853622,16.133132934570312,23200
2009-05-12,16.160984299629103,16.160984299629103,15.548246118594445,15.959059715270996,15700
2009-05-13,15.583064796611035,15.65269448752096,14.636105515694078,14.705735206604004,24200
2009-05-14,14.74054595685256,15.158322676990007,13.939808017966545,15.130470275878906,18200
2009-05-15,15.610917818064731,15.610917818064731,14.761439274172567,14.99817943572998,10800
2009-05-18,14.977284473438715,15.63180122164691,14.949432075266882,15.28365421295166,13000
2009-05-19,15.938173915917146,16.202766457347874,15.617879219325612,16.112247467041016,49800
2009-05-20,16.599651992026722,16.85031830119218,16.39772605895996,16.39772605895996,31000
2009-05-21,16.836395363305915,17.337726750731505,15.840694362324783,16.098323822021484,30700
2009-05-22,16.613577521248477,16.613577521248477,15.861579952243863,15.98691177368164,15500
2009-05-26,15.952098841914752,16.286319714582838,15.50647101169064,16.188838958740234,19600
2009-05-27,16.355946863901163,16.724983183742403,16.223650624248567,16.41861343383789,16300
2009-05-28,16.495208139232997,16.676244770510753,16.04957899759711,16.39772605895996,41900
2009-05-29,16.550912871034143,16.655356731748164,16.258469264189433,16.48128318786621,49000
2009-06-01,17.177575454380637,17.99223960233428,16.801576003905602,17.149723052978516,9400
2009-06-02,17.490905689072115,17.490905689072115,16.829425864470817,17.13579559326172,37500
2009-06-03,17.219350660965453,17.219350660965453,16.272391704275236,16.62053871154785,44700
2009-06-04,16.982610687795077,17.191499690209586,16.550909140007562,17.073129653930664,40600
2009-06-05,17.135794933662662,17.14275803269391,16.80853591957096,17.010461807250977,18600
2009-06-08,16.662315998988536,16.669279098510742,16.084392019399807,16.669279098510742,46600
2009-06-09,16.85727756821105,17.191499706781343,16.731945760332064,17.0522403717041,20300
2009-06-10,17.114912646908916,17.532689463379228,17.114912646908916,17.38646697998047,24200
2009-06-11,17.832094241439425,18.103648544624555,17.4839471540428,17.671945571899414,44800
2009-06-12,17.51179433990077,17.51179433990077,17.142759359216036,17.2402400970459,16600
2009-06-15,17.07313027159572,17.07313027159572,16.474316968982787,16.683204650878906,14500
2009-06-16,16.87120370551206,17.04527720968303,16.21668828604354,16.627500534057617,36600
2009-06-17,16.300246223317746,16.300246223317746,15.66661864225483,15.917284965515137,48700
2009-06-18,16.049578977854996,16.049578977854996,15.77802469531021,15.875505447387695,49600
2009-06-19,16.34201875070889,16.460388776942203,16.09135382839007,16.27935218811035,77800
2009-06-22,16.33675016060539,16.33675016060539,15.174839166752728,15.328826904296875,35400
2009-06-23,15.7627981264,15.7627981264,15.048852257050717,15.517816543579102,13600
2009-06-24,15.580810069906994,16.091770721378406,15.580810069906994,15.811792373657227,24100
2009-06-25,15.839789464583442,16.252758026123047,15.650804915183569,16.252758026123047,25600
2009-06-26,16.000775612937968,16.021773151143368,15.699798438269962,15.727795600891113,11500
2009-06-29,15.867789801314471,16.147768180056584,15.832793004612538,15.909786224365234,27700
2009-06-30,16.09176857945409,16.10576782873727,15.797791019716755,15.958778381347656,16900
2009-07-01,16.22476100374161,16.40674726426741,16.154766082763672,16.154766082763672,10000
2009-07-02,15.986780049625075,16.154767069204482,15.748798104793709,15.832792282104492,37200
2009-07-06,15.587806191311833,15.587806191311833,14.957854716792946,15.167838096618652,18200
2009-07-07,14.894863461944515,15.111846524420882,14.621883392333986,14.621883392333984,13300
2009-07-08,14.698876221321767,14.698876221321767,14.11792069073787,14.404898643493652,13000
2009-07-09,14.670879438534248,14.845866080702121,14.523891299933458,14.621883392333984,19800
2009-07-10,14.341904640197756,14.537890154688593,14.243912550473382,14.341904640197754,6900
2009-07-13,14.44689836465679,14.705879211425781,14.19491847960408,14.705879211425781,16100
2009-07-14,14.768874259623802,14.768874259623802,14.32790713212584,14.509893417358398,19600
2009-07-15,14.64988312817218,15.251837655076393,14.64988312817218,15.230838775634766,11300
2009-07-16,15.230832041234777,15.489811431294402,15.118840737148183,15.4688138961792,17500
2009-07-17,15.405823162357775,15.405823162357775,15.251835407603824,15.293831825256348,10600
2009-07-20,15.636800852309088,15.636800852309088,15.412818244135902,15.4688138961792,11400
2009-07-21,15.804792262602342,16.000777767508048,15.671802050879116,15.90278434753418,23700
2009-07-22,15.783793449401855,15.94478216319949,15.755796282899245,15.783793449401855,11900
2009-07-23,15.748795488377326,16.308752127280634,15.748795488377326,16.259756088256836,25300
2009-07-24,16.357748013440858,17.050694791693786,16.357748013440858,16.987699508666992,31300
2009-07-27,17.14869186625596,17.197687915124224,16.833715359185398,17.022701263427734,41100
2009-07-28,16.875715296842937,16.875715296842937,16.18276822681438,16.595735549926758,33700
2009-07-29,16.189763830120494,16.224761960193643,16.021776810895833,16.08477210998535,20100
2009-07-30,16.420743003341165,16.6867234007848,16.413744713709082,16.490737915039062,12400
2009-07-31,16.3927460382695,16.420743202262678,16.119767347886906,16.34375,125900
2009-08-03,16.49773401814027,16.8337079205236,16.49773401814027,16.735715866088867,29400
2009-08-04,16.721716619729158,16.903702817280532,16.700719085231206,16.735715866088867,15600
2009-08-05,16.735721806925568,16.77071860020637,16.385748533949222,16.588733673095703,61000
2009-08-06,16.756718515474233,16.756718515474233,16.21075979966713,16.34375,27000
2009-08-07,16.497739738095074,16.497739738095074,16.189762886610453,16.294755935668945,49200
2009-08-10,16.273757934570312,16.33675323337847,16.238761139695622,16.273757934570312,20000
2009-08-11,16.28775349679332,16.30175274558874,16.084768394385303,16.175762176513672,19000
2009-08-12,16.098770141601562,16.259757522607487,15.965779927489601,16.098770141601562,24000
2009-08-13,16.322751708582842,16.322751708582842,15.76279505830496,15.944781303405762,45800
2009-08-14,15.95877595717166,15.95877595717166,15.650800529975236,15.797788619995117,8900
2009-08-17,15.132845878601074,15.167842674119779,15.062850952521488,15.132845878601074,24700
2009-08-18,15.363828935594306,15.363828935594306,15.132846603004172,15.13984489440918,16600
2009-08-19,14.873860482555692,15.223833670380532,14.754869545293577,15.146839141845703,25300
2009-08-20,15.174841955749454,15.251836506193369,15.09784740530554,15.125845909118652,44300
2009-08-21,15.202840269712596,15.32183124979733,15.146844592910501,15.230838775634766,22700
2009-08-24,15.405824544579504,15.426823422810823,15.118846550628968,15.181841850280762,29300
2009-08-25,15.181848603864985,15.335836440935699,15.153850087101532,15.265841484069824,15600
2009-08-26,15.16084085066072,15.223836141497864,14.908859687312152,15.006853103637695,17400
2009-08-27,14.838869013096085,15.02785358758433,14.656882730034384,14.957859992980957,27600
2009-08-28,15.097842884822185,15.19583494874374,15.0278479812889,15.041847229003906,12900
2009-08-31,14.985857441215586,14.985857441215586,14.663882627944854,14.803871154785156,8700
2009-09-01,14.7758727948434,14.859865637182633,14.187917558300136,14.285909652709961,34400
2009-09-02,14.37690004660406,14.425896082189423,14.005927964963412,14.313904762268066,23900
2009-09-03,14.49589246387016,14.754873275756836,14.467895295987386,14.754873275756836,18400
2009-09-04,14.698878215388888,14.887864112854004,14.60088612116645,14.887864112854004,16900
2009-09-08,15.258833629652365,15.734797477722168,15.251835339276669,15.734797477722168,16000
2009-09-09,15.71379926925778,16.021774764308443,15.71379926925778,15.860787391662598,29000
2009-09-10,15.951783410707815,16.18976402282715,15.86078960647668,16.18976402282715,11000
2009-09-11,16.203761998928375,16.2387601266619,15.818791939154048,16.000778198242188,66800
2009-09-14,15.888784951246755,16.02877344024126,15.650803051410003,15.930781364440918,22600
2009-09-15,16.18976154001081,16.427743450676076,15.986777754468063,16.40674591064453,40000
2009-09-16,16.707721860840053,16.861709594726562,16.574731665413328,16.861709594726562,15100
2009-09-17,16.672724260714514,17.106691648052312,16.630727847437278,16.833711624145508,34700
2009-09-18,17.071697992065527,17.17669105529785,16.90371095995297,17.17669105529785,17900
2009-09-21,16.798715179490944,16.93170538180699,16.693723476627515,16.84071159362793,23600
2009-09-22,17.148687773044873,17.1976838102183,17.050695698698018,17.106691360473633,14200
2009-09-23,17.1696896574925,17.1696896574925,16.679726529761258,16.798717498779297,49600
2009-09-24,16.63772824342596,16.95970298521361,16.168764045791185,16.21776008605957,17000
2009-09-25,16.119769780364756,16.280757168983847,16.028775979811623,16.06377410888672,14500
2009-09-28,16.343758263366663,16.343758263366663,16.168771561050196,16.26676368713379,7400
2009-09-29,16.287751406523032,16.30175065352187,16.084766330164875,16.13376235961914,13800
2009-09-30,16.385749280219898,16.455744205011424,16.238761139695622,16.273757934570312,15900
2009-10-01,16.19676871407751,16.19676871407751,15.4758243560791,15.475824356079102,15800
2009-10-02,15.398819983516614,15.496812047107452,15.223833392794832,15.349823951721191,14600
2009-10-05,15.32182313494622,15.594803082940851,15.32182313494622,15.510808944702148,8500
2009-10-06,15.853786893820443,16.021773882339428,15.748795192876317,15.88178539276123,14400
2009-10-07,15.895781821271283,16.021772384643555,15.853785411827788,16.021772384643555,12400
2009-10-08,16.154766082763672,16.217761378139606,16.09877041298974,16.154766082763672,23100
2009-10-09,16.13376583847332,16.13376583847332,15.797791848306591,15.944781303405762,226600
2009-10-12,16.126766077096043,16.322750219290675,16.098767579615757,16.22475814819336,18700
2009-10-13,16.08476972972607,16.147765019493406,15.99377727508545,15.99377727508545,17500
2009-10-14,16.182767203614063,16.37175178527832,16.154768696675777,16.37175178527832,8100
2009-10-15,16.371746668596792,16.371746668596792,16.014773826952556,16.182762145996094,28800
2009-10-16,15.993776718440554,16.41374485725897,15.720796693935531,15.88178539276123,12600
2009-10-19,16.05676917120887,16.189758012572828,15.881782588848397,16.13376235961914,8800
2009-10-20,16.231758499216618,16.231758499216618,15.853786776563014,16.049772262573242,10600
2009-10-21,16.08476979845425,16.23175925355342,15.937781678397043,15.944781303405762,26400
2009-10-22,15.825790067917438,16.084769513441255,15.734796279458415,16.070770263671875,15100
2009-10-23,15.916784143465465,15.930783394661553,15.545811997021586,15.552811622619629,45700
2009-10-26,15.78379032313802,15.78379032313802,15.153838848619133,15.167838096618652,36200
2009-10-27,15.265831371834519,15.398821568281402,14.999852313982629,15.083845138549805,10500
2009-10-28,15.034852483944421,15.034852483944421,14.390901565551758,14.390901565551758,39500
2009-10-29,14.677880699519442,14.873866241195115,14.46789723954301,14.775874137878418,82600
2009-10-30,14.824866588105788,14.824866588105788,14.215912566040766,14.299906730651855,15100
2009-11-02,14.28590793515068,14.37690172762741,13.90793751998226,13.998929977416992,18500
2009-11-03,13.956934571958783,14.404899936461163,13.956934571958783,14.341904640197754,11400
2009-11-04,14.39090232679386,14.754874894495583,14.334906649842997,14.42590045928955,13300
2009-11-05,14.677877299878459,14.880862421210914,14.677877299878459,14.845864295959473,13200
2009-11-06,14.747875711285038,14.81787064333807,14.628884727307572,14.72687816619873,26500
2009-11-09,14.845867329458393,15.265835572995234,14.845867329458393,15.230838775634766,5100
2009-11-10,15.013858285771768,15.104850775636441,14.873868402088066,14.901866912841797,110100
2009-11-11,15.153842531196155,15.153842531196155,14.908860971838008,14.943859100341797,5200
2009-11-12,14.978854972989138,14.978854972989138,14.614882469177246,14.614882469177246,5200
2009-11-13,14.63588336421983,15.04885196685791,14.63588336421983,15.04885196685791,6200
2009-11-16,15.23783669598325,15.447820126719373,15.090847226434288,15.405823707580566,52600
2009-11-17,15.293832012867673,15.293832012867673,15.090846877480015,15.258833885192871,25900
2009-11-18,15.447820316083803,15.447820316083803,15.258834425079385,15.37082576751709,7600
2009-11-19,15.251832513981816,15.251832513981816,15.048847419595122,15.153839111328125,15900
2009-11-20,15.027848408919178,15.090843690387546,14.873860684797494,15.069846153259277,10400
2009-11-23,15.251836506193369,15.398824646085778,15.12584590911865,15.125845909118652,20900
2009-11-24,15.307828482526665,15.307828482526665,15.013850938683955,15.020849227905273,10700
2009-11-25,15.139841094303089,15.20983600616455,15.104844305893309,15.20983600616455,16600
2009-11-27,14.684879900867285,14.99985641675143,14.362905093556597,14.957859992980957,4700
2009-11-30,14.99985746989771,15.11884845813699,14.817871174058677,15.111848831176758,5700
2009-12-01,15.363825027630929,15.398821815923087,15.258831992670663,15.328826904296875,5800
2009-12-02,15.230838881639311,15.384826660156248,15.230838881639311,15.38482666015625,19700
2009-12-03,15.398822784423828,15.587808657188196,15.286831452795013,15.398822784423828,59100
2009-12-04,15.60880661765366,15.60880661765366,15.30783074020024,15.356826782226562,42400
2009-12-07,15.475820558839144,15.874789928001563,15.475820558839144,15.818794250488281,19100
2009-12-08,15.692800928862699,15.762795847411967,15.524813925369676,15.580809593200684,16800
2009-12-09,15.67880823622923,15.67880823622923,15.321835203852189,15.475824356079102,29900
2009-12-10,15.636807875040557,15.636807875040557,15.32883098296443,15.38482666015625,14500
2009-12-11,15.594810135984087,15.622807304698204,15.3288296904682,15.377825736999512,15700
2009-12-14,15.622807502746582,15.622807502746582,15.419823688109075,15.622807502746582,14700
2009-12-15,15.748792707006425,15.790789113746765,15.657800269895402,15.699796676635742,38700
2009-12-16,15.81879310394583,15.81879310394583,15.608808327208973,15.643806457519531,23200
2009-12-17,15.580809523114866,15.580809523114866,15.188839850060976,15.307830810546875,19900
2009-12-18,15.412819596443155,15.412819596443155,15.013850373749253,15.167838096618652,14600
2009-12-21,15.209459656607288,15.421094879977085,15.209459656607288,15.399930953979492,12900
2009-12-22,15.625677534530448,15.682113337336155,15.371717094672606,15.491641998291016,20600
2009-12-23,15.519861867810015,15.597461607720517,15.463426060293955,15.548080444335938,6500
2009-12-24,15.703273773193361,15.71032841516602,15.604511476646888,15.70327377319336,1700
2009-12-28,15.76676312016981,15.76676312016981,15.548074616211435,15.63272762298584,8600
2009-12-29,15.752653321439876,15.766762603952088,15.682108254414059,15.69621753692627,6200
2009-12-30,15.75265234630052,15.75265234630052,15.576290362420963,15.675052642822266,16300
2009-12-31,15.61156477308417,15.837309279603128,15.61156477308417,15.70327377319336,10700
2010-01-04,16.07011095996289,16.119492120150834,15.907856846513743,16.077165603637695,25900
2010-01-05,16.338177062062048,16.507484436035156,16.260577344415264,16.507484436035156,19600
2010-01-06,16.585088194896553,16.81788605902632,16.585088194896553,16.648578643798828,19000
2010-01-07,16.648575560304394,16.782611077110577,16.585085123161228,16.683847427368164,45200
2010-01-08,16.782615751866143,16.909595315986834,16.67679743012845,16.83199691772461,17800
2010-01-11,17.14239209994434,17.170610676070087,16.90959422905004,16.93781280517578,92600
2010-01-12,16.930755303477255,16.930755303477255,16.38755991456216,16.429887771606445,57300
2010-01-13,16.676791192776715,16.676791192776715,16.239414162584644,16.542757034301758,72400
2010-01-14,16.58508530427135,16.69090225215366,15.992508781487805,16.098325729370117,26800
2010-01-15,15.872578549160023,15.872578549160023,15.548073144678515,15.675052642822266,31300
2010-01-19,15.618617585632382,15.660945432510433,15.364657232040175,15.57629108428955,37500
2010-01-20,15.188300364301858,15.265898752021762,14.948447866544324,14.9555025100708,36200
2010-01-21,14.976662298236805,15.10364316692849,14.6027756799062,14.652156829833984,15100
2010-01-22,14.405251289783337,14.433468516130233,14.031363285554107,14.108963012695312,43300
2010-01-25,14.285327911376955,14.461689984356916,14.207728168694304,14.285327911376953,32700
2010-01-26,14.108965838396992,14.504016505122074,14.108965838396992,14.285327911376953,76500
2010-01-27,14.369977994558605,14.426413787187942,13.756237572371075,14.024307250976562,20700
2010-01-28,14.200673911211645,14.207728555787348,13.756242067229252,13.904385566711426,15700
2010-01-29,13.918493967070292,14.059584158503045,13.537552603059119,13.572824478149414,15900
2010-02-01,13.77034584291038,14.017252922058105,13.77034584291038,14.017252922058105,30400
2010-02-02,14.165398810924671,14.23594389509526,14.00314605920721,14.108963012695312,28700
2010-02-03,14.22183460915403,14.22183460915403,14.045472571495338,14.108963012695312,29600
2010-02-04,13.967879304293888,13.996097889227032,13.220104295535997,13.269485473632812,35000
2010-02-05,13.325915650934219,13.382351451348923,12.888538534104176,13.31886100769043,28000
2010-02-08,13.332971953704712,13.332971953704712,12.944975945752542,12.994357109069824,13000
2010-02-09,13.396461477286282,13.452897280816094,13.262425939327093,13.375297546386719,24000
2010-02-10,13.156605832123212,13.156605832123212,12.87442688190095,13.071952819824219,13500
2010-02-11,13.036677415797179,13.255367242753746,13.001405557532001,13.21303939819336,31100
2010-02-12,13.10722743323658,13.269480195454598,12.867374938855315,13.177772521972656,24000
2010-02-16,13.1707192790868,13.643369674682617,13.1707192790868,13.643369674682617,42600
2010-02-17,13.50227578024364,13.650420576278965,13.410568122153524,13.495221138000488,15700
2010-02-18,13.403512562807578,13.544602706946002,13.403512562807578,13.537548065185547,23600
2010-02-19,13.523447355886361,13.523447355886361,13.227158941769282,13.269485473632812,12100
2010-02-22,13.474060474984071,13.474060474984071,13.079009871875872,13.142498970031738,27400
2010-02-23,13.05079316556621,13.05079316556621,12.740395545959473,12.740395545959473,23700
2010-02-24,12.846212652590792,12.846212652590792,12.606361473049796,12.634578704833984,27300
2010-02-25,12.465269609359984,12.599305142621132,12.22541711638136,12.578141212463379,25500
2010-02-26,12.528758881744212,12.698066270554001,12.528758881744212,12.613411903381348,14400
2010-03-01,12.606357135690441,12.683955505550236,12.528757420295284,12.676900863647461,12800
2010-03-02,12.648683670851154,12.888536113959251,12.648683670851154,12.719228744506836,26700
2010-03-03,12.839155325319249,13.184824715815521,12.839155325319249,13.064898490905762,100500
2010-03-04,13.227154542892283,13.227154542892283,13.04373783843322,13.128392219543457,22700
2010-03-05,13.142502652832036,13.311811447143555,13.142502652832036,13.311811447143555,27000
2010-03-08,13.467007463214408,13.467007463214408,13.121337975426211,13.149555206298828,14100
2010-03-09,13.08605978730535,13.149550214586812,13.001406781286917,13.050787925720215,9200
2010-03-10,13.170716076567187,13.325914174124287,13.142497506719277,13.227151870727539,29500
2010-03-11,13.318857226406864,13.361185073852539,13.227149581345042,13.361185073852539,20700
2010-03-12,13.572819676247411,13.572819676247411,13.340021884619507,13.39645767211914,11600
2010-03-15,13.227148679713489,13.36823880384449,13.163658258408052,13.21303939819336,49900
2010-03-16,13.318861146207484,13.318861146207484,13.191881603105518,13.255372047424316,17500
2010-03-17,13.318864288004185,13.47406378652054,13.318864288004185,13.4246826171875,23800
2010-03-18,13.551658870637176,13.551658870637176,13.156608267208243,13.163662910461426,20900
2010-03-19,12.9026460647583,13.121334593413486,12.867372853339443,12.9026460647583,17300
2010-03-22,12.761556428082427,12.881482660702892,12.747447142942258,12.839156150817871,45700
2010-03-23,12.839156470269986,13.079008941478705,12.839156470269986,13.008463859558105,18500
2010-03-24,13.015517756398234,13.057844264910695,12.952027320861816,12.952027320861816,19700
2010-03-25,13.050790559561914,13.170716796903635,12.909700393676758,12.909700393676758,35500
2010-03-26,12.930865588204254,13.191882016985694,12.930865588204254,13.100172996520996,36300
2010-03-29,13.213039956055377,13.325911521911621,13.191877378416832,13.325911521911621,32900
2010-03-30,13.403518177417032,13.410572822132613,13.20599216198849,13.29064655303955,21900
2010-03-31,13.31181048718629,13.417627466848192,13.29064655303955,13.29064655303955,44500
2010-04-01,13.361188036876682,13.467004987886734,13.340024108460456,13.410569190979004,18600
2010-04-05,13.565770607401141,13.565770607401141,13.445844341507108,13.4740629196167,111500
2010-04-06,13.488173796886393,13.488173796886393,13.37530081669325,13.459955215454102,65800
2010-04-07,13.572822467979831,13.756239151463616,13.572822467979831,13.699803352355957,138900
2010-04-08,13.622199503165838,13.685689926147461,13.516382580041524,13.685689926147461,30500
2010-04-09,13.939653465393931,13.939653465393931,13.62925595029742,13.657474517822266,8900
2010-04-12,13.657474437334686,13.890272235901286,13.657474437334686,13.784455299377441,38000
2010-04-13,13.855004002463346,13.918494456286107,13.798568193013761,13.883222579956055,32600
2010-04-14,13.996095427964937,14.094857766790867,13.932604968566569,14.052531242370605,29500
2010-04-15,14.108961212492135,14.207723510408254,14.010198914576016,14.158342361450195,79800
2010-04-16,14.108962690755636,14.108962690755636,13.629257743984258,13.763293266296387,26300
2010-04-19,13.396457175609674,13.572819173201484,13.332966748833801,13.481111526489258,21700
2010-04-20,13.544603871367599,13.720965893934702,13.544603871367599,13.636311531066895,40800
2010-04-21,13.692752398796554,13.692752398796554,13.382354747299793,13.4246826171875,32700
2010-04-22,13.191884714948916,13.516390310872296,13.057849151376413,13.4246826171875,37100
2010-04-23,13.530496046522368,13.551658630371094,13.31180749169343,13.551658630371094,27200
2010-04-26,13.629255463747045,13.629255463747045,13.340021884619507,13.39645767211914,36800
2010-04-27,13.318860272343963,13.318860272343963,12.909700405543555,12.930864334106445,23500
2010-04-28,13.093114594383234,13.093114594383234,12.698064088383408,12.81799030303955,22300
2010-04-29,12.839153398732266,13.332966162969537,12.839153398732266,13.325911521911621,41600
2010-04-30,13.234202491145487,13.304747548790246,12.98024082183838,12.980240821838379,38200
2010-05-03,12.987306351982305,13.276540119866098,12.987306351982305,13.269485473632812,8700
2010-05-04,12.987300553095153,12.987300553095153,12.556976743759495,12.620467185974121,46300
2010-05-05,12.437048885766593,12.437048885766593,12.091379492827945,12.105488777160645,20300
2010-05-06,12.056108000464892,12.154870302777988,11.273060187738341,11.618729591369629,41100
2010-05-07,11.421204430994147,11.893854683477922,11.054371118059043,11.329495429992676,134400
2010-05-10,12.260688254371718,12.288906826227425,11.971454620528544,12.14781665802002,42500
2010-05-11,11.985564337160017,11.985564337160017,11.795093006896064,11.858583450317383,13900
2010-05-12,12.119603613830332,12.119603613830332,11.915022933888176,11.964404106140137,28300
2010-05-13,12.063165725507526,12.063165725507526,11.675168368418785,11.710441589355469,44000
2010-05-14,11.830366693001341,11.830366693001341,11.322443125451096,11.414152145385742,29300
2010-05-17,11.491751019697404,11.491751019697404,10.899173792753572,11.110808372497559,51500
2010-05-18,11.357716612450263,11.357716612450263,10.814521160057458,10.828630447387695,13400
2010-05-19,10.828628526851151,10.828628526851151,10.57466678209167,10.807464599609375,21400
2010-05-20,10.574664642780235,10.687536207497601,10.257213198820745,10.53233814239502,32800
2010-05-21,10.292490009498184,10.863902711603748,10.292490009498184,10.680486679077148,27200
2010-05-24,10.715756835262683,10.715756835262683,10.426523208618164,10.426523208618164,34000
2010-05-25,10.186671475151401,10.32776165008545,9.89038385698622,10.32776165008545,47400
2010-05-26,10.567610614093484,10.567610614093484,10.179614756088492,10.200778007507324,17400
2010-05-27,10.497070778686405,10.807467734489745,10.497070778686405,10.786304473876953,27800
2010-05-28,10.772194168863814,10.772194168863814,10.616995378910191,10.729866981506348,14100
2010-06-01,10.49001418023744,10.722812021918367,10.363033294677734,10.363033294677734,15700
2010-06-02,10.412415440474257,10.567613557801087,10.25016200701898,10.553504943847656,18400
2010-06-03,10.659322747319258,10.765140387805088,10.560560423520597,10.680486679077148,7700
2010-06-04,10.461796728798541,10.680485966327659,10.264271421614962,10.271326065063477,45600
2010-06-07,10.384199261998278,10.384199261998278,10.045583724975586,10.045583724975586,18000
2010-06-08,10.045582132120517,10.123181864117088,9.897437984307219,10.038527488708496,15400
2010-06-09,10.017361577612053,10.236050756078502,9.939762538939517,9.982089042663574,9300
2010-06-10,10.405360530886771,10.631103730508448,10.221943844810257,10.574667930603027,15900
2010-06-11,10.560559058346975,10.793356895446777,10.560559058346975,10.793356895446777,15100
2010-06-14,10.934445860393609,11.089644635174167,10.856846809387207,10.856846809387207,16400
2010-06-15,10.85684951953972,11.400044357715625,10.85684951953972,11.371827125549316,14500
2010-06-16,11.139026902445073,11.371825424284909,11.139026902445073,11.294225692749023,11200
2010-06-17,11.29422356532158,11.456476295665242,11.27305963919769,11.329495429992676,20900
2010-06-18,11.414152145385742,11.428261432381175,11.343607055944245,11.414152145385742,19600
2010-06-21,11.595055958138396,11.75886784082241,11.409876776574439,11.45261001586914,21400
2010-06-22,11.552325501927164,11.552325501927164,11.146356186923125,11.153478622436523,177400
2010-06-23,11.174840496496023,11.360019665680934,11.060884293684554,11.288797378540039,29000
2010-06-24,11.18908643879781,11.18908643879781,10.954051578060836,10.961174011230469,4300
2010-06-25,11.018149470582507,11.124983225525574,10.861459374664557,11.117860794067383,10300
2010-06-28,11.203332003608,11.203332003608,10.954052925109863,10.954052925109863,15800
2010-06-29,10.783119638432177,10.783119638432177,10.427006052107595,10.434127807617188,15300
2010-06-30,10.355781777378413,10.612183283173575,10.355781777378413,10.398515701293945,9600
2010-07-01,10.51247098324041,10.63354963103689,10.291680308072529,10.605060577392578,13200
2010-07-02,10.726138523351104,10.847216483992534,10.612181636997722,10.790238380432129,16800
2010-07-06,11.29592212874968,11.29592212874968,10.897075313090175,10.932686805725098,25800
2010-07-07,11.082252331973818,11.45261001586914,11.046640846406504,11.45261001586914,15200
2010-07-08,11.466854610297778,11.51671028137207,11.409876506432138,11.51671028137207,20500
2010-07-09,11.44549080095652,11.723258972167969,11.44549080095652,11.723258972167969,11600
2010-07-12,11.694769195421914,11.694769195421914,11.424123491465105,11.495345115661621,12600
2010-07-13,11.523832233056927,11.616421138548683,11.523832233056927,11.609298706054688,4700
2010-07-14,11.559445430071126,11.680524090604285,11.55232299610266,11.6520357131958,3900
2010-07-15,11.751745784280144,11.758868217468262,11.559444163596632,11.758868217468262,34600
2010-07-16,11.751746737670965,11.751746737670965,11.488222122192383,11.488222122192383,16500
2010-07-19,11.502464367084118,11.62354299656774,11.488219502800154,11.595054626464844,11300
2010-07-20,11.52383363428499,11.844334984695251,11.52383363428499,11.83009147644043,16800
2010-07-21,11.936925706076478,11.936925706076478,11.595057042808087,11.644912719726562,10800
2010-07-22,11.780236868561126,12.100738248005715,11.780236868561126,12.029515266418457,8400
2010-07-23,12.100736512453276,12.186204349792808,11.979657868660299,12.179081916809082,14000
2010-07-26,12.150592646770319,12.278793728420496,12.050881298138066,12.271671295166016,8400
2010-07-27,12.271673436906841,12.35714129241184,12.072250704837643,12.107861518859863,25300
2010-07-28,12.086492243117329,12.114981976458589,11.9725360266828,12.008148193359375,10900
2010-07-29,11.98678331665744,11.98678331665744,11.758870837712536,11.922682762145996,8300
2010-07-30,11.673403697840582,11.673403697840582,11.566569886563453,11.573692321777344,7000
2010-08-02,11.773111595130171,11.901311300909716,11.773111595130171,11.887067794799805,7700
2010-08-03,11.887067794799805,11.98677912989447,11.887067794799805,11.887067794799805,18000
2010-08-04,11.951170145387739,11.972536087036133,11.894192036883249,11.972536087036133,14600
2010-08-05,12.008148753161262,12.022392262030646,11.94404820862041,12.015271186828613,7800
2010-08-06,11.96541511117851,12.02951566086234,11.915559429972292,12.022393226623535,14500
2010-08-09,11.972536209623133,12.164837837219238,11.972536209623133,12.164837837219238,8300
2010-08-10,11.965414047241211,12.058004325647353,11.837214317738205,11.965414047241211,15600
2010-08-11,11.744622399743909,11.744622399743909,11.395631352586754,11.445487022399902,11200
2010-08-12,11.374264945989177,11.466854533962616,11.217574821785465,11.416998863220215,13500
2010-08-13,11.466858037041511,11.545202104228308,11.374268420782318,11.38851261138916,11100
2010-08-16,11.388512380122718,11.459735369408936,11.345779129937199,11.409879684448242,13300
2010-08-17,11.602178192313188,11.66627737092441,11.523832789560906,11.616421699523926,14300
2010-08-18,11.616423213048702,11.616423213048702,11.417000501463617,11.488222122192383,8700
2010-08-19,11.367145376525977,11.424124173597328,11.203332778315426,11.281678199768066,22700
2010-08-20,11.20333285008911,11.20333285008911,10.996787001792747,11.103621482849121,4200
2010-08-23,11.153473898135205,11.288797398639172,11.053762560113912,11.110740661621094,8200
2010-08-24,10.889954679235155,10.954055240729701,10.72614273695606,10.875710487365723,17200
2010-08-25,10.747506818880876,10.882829666137695,10.633550593984044,10.882829666137695,27100
2010-08-26,11.003907588144463,11.039519075848565,10.868584749948033,10.925562858581543,32300
2010-08-27,11.018153580009917,11.224699414705457,10.932686408332389,11.21757698059082,11900
2010-08-30,11.089376285801388,11.238944011471835,11.00390911102295,11.00390911102295,50000
2010-08-31,11.00390827088789,11.146353551309764,11.00390827088789,11.06088638305664,7700
2010-09-01,11.217574821785465,11.45973210121868,11.217574821785465,11.416998863220215,34100
2010-09-02,11.481100933542601,11.616423098363535,11.417000388747285,11.566567420959473,12000
2010-09-03,11.680525220912577,11.701892524885658,11.580813852635881,11.673402786254883,10100
2010-09-07,11.616423213048702,11.616423213048702,11.473978613125832,11.488222122192383,11000
2010-09-08,11.595055469169129,11.630666274002126,11.516710068378385,11.545198440551758,6800
2010-09-09,11.659160185878415,11.659160185878415,11.509591763317943,11.573692321777344,3700
2010-09-10,11.616425737831777,11.616425737831777,11.552325178471621,11.587937355041504,4400
2010-09-13,11.751743708785682,11.751743708785682,11.68052074794853,11.744621276855469,6200
2010-09-14,11.623545818609497,11.958293418229719,11.623545818609497,11.915558815002441,6300
2010-09-15,11.894194964414345,11.894194964414345,11.730381673487289,11.794482231140137,1800
2010-09-16,11.87994901070761,11.87994901070761,11.801603589951368,11.87282657623291,12000
2010-09-17,11.808728821047882,11.815851257209367,11.680527687072754,11.680527687072754,10100
2010-09-20,11.666278500020882,11.780236077992058,11.630667690849778,11.7659912109375,7100
2010-09-21,11.794482058349576,11.887072355143053,11.75174880669559,11.773116111755371,6500
2010-09-22,11.894193604826977,11.915559549291922,11.76599250417554,11.801603317260742,8300
2010-09-23,11.837214187745,11.872824996916103,11.75174634388294,11.7659912109375,8000
2010-09-24,12.0010255933316,12.0010255933316,11.929802619432982,11.993903160095215,23300
2010-09-27,11.958291840044602,12.00102507916684,11.894191302128656,11.944046974182129,8300
2010-09-28,11.958294469807965,12.107861518859863,11.908437428325188,12.107861518859863,16900
2010-09-29,12.11498238831567,12.250305909356559,11.965414000119889,12.143470764160156,39000
2010-09-30,12.307282840915393,12.428361483206405,12.14346960125214,12.30016040802002,13400
2010-10-01,12.293040164712258,12.36426314788678,12.1648390666912,12.236062049865723,19600
2010-10-04,12.32152803420862,12.32152803420862,12.015271528593177,12.050882339477539,16000
2010-10-05,12.392751518354071,12.392751518354071,12.243184476399659,12.37138557434082,3800
2010-10-06,12.435484598855188,12.449729466984156,12.293039992961704,12.35714054107666,10900
2010-10-07,12.463974511982661,12.463974511982661,12.271672864908943,12.378506660461426,9300
2010-10-08,12.364263315149637,12.428363865027313,12.321528709587565,12.392751693725586,10500
2010-10-11,12.478217920109284,12.649152244683558,12.478217920109284,12.599296569824219,9100
2010-10-12,12.60641934238895,12.60641934238895,12.399872845596184,12.499584197998047,10500
2010-10-13,12.691886955887236,12.71325425835775,12.627786406941105,12.649153709411621,11400
2010-10-14,12.699007380267759,12.941164669414194,12.649151707525586,12.734618186950684,56400
2010-10-15,12.820086569257832,12.869942244117171,12.58505170316005,12.599296569824219,18500
2010-10-18,12.556564151513477,12.70613256054401,12.556564151513477,12.677642822265625,13900
2010-10-19,12.563686799084953,12.563686799084953,12.058006162259868,12.136351585388184,28700
2010-10-20,12.250302408253727,12.421236689864,12.250302408253727,12.350013732910156,19500
2010-10-21,12.300160560602059,12.378504606492676,12.079369213502096,12.179081916809082,22500
2010-10-22,12.36426331435724,12.36426331435724,12.186206533256314,12.250307083129883,12100
2010-10-25,12.221818677182883,12.47109846956662,12.221818677182883,12.38563060760498,27400
2010-10-26,12.335771835991103,12.342894269245585,12.171959946533763,12.271671295166016,11700
2010-10-27,12.250305402570559,12.285916210519298,12.079369720713917,12.228938102722168,25600
2010-10-28,12.471094781246464,12.471094781246464,12.193326689335677,12.264548301696777,6900
2010-10-29,12.16484122635608,12.16484122635608,12.05800741186044,12.079373359680176,13700
2010-11-01,12.114983790849639,12.12210622525164,11.865704020641449,11.951171875,8000
2010-11-02,12.050880793696301,12.25742591556945,12.050880793696301,12.22181510925293,7700
2010-11-03,12.200452604867932,12.321531295776367,12.107863656980642,12.321531295776367,13500
2010-11-04,12.520950092270537,12.542317390441895,12.43548225805025,12.542317390441895,16000
2010-11-05,12.577930056827826,12.577930056827826,12.392750854002738,12.449728965759277,6800
2010-11-08,12.378505594942348,12.506706681956178,12.378505594942348,12.4568510055542,8800
2010-11-09,12.634906663221278,12.634906663221278,12.264548301696777,12.264548301696777,10600
2010-11-10,12.357139699543781,12.357139699543781,12.107859958124624,12.278794288635254,6000
2010-11-11,12.17908298001017,12.17908298001017,11.922680804073543,11.965414047241211,9100
2010-11-12,11.808726327820047,11.92268256541213,11.630669536774228,11.673402786254883,20000
2010-11-15,11.737501193632673,11.844334977033652,11.694767951965332,11.694767951965332,12500
2010-11-16,11.66627819311434,11.66627819311434,11.310165356143091,11.352898597717285,13500
2010-11-17,11.288800815366576,11.288800815366576,11.110744024456901,11.160599708557129,12500
2010-11-18,11.395632518524106,11.395632518524106,11.317287789482998,11.352898597717285,12500
2010-11-19,11.416998863220215,11.416998863220215,11.2389414407847,11.416998863220215,9000
2010-11-22,11.417002197557805,11.417002197557805,11.132110917691,11.231822967529297,17300
2010-11-23,11.03952020805645,11.09649832253361,10.925563979102131,11.011031150817871,12000
2010-11-24,11.196211094738215,11.196211094738215,11.011031870960029,11.103621482849121,22900
2010-11-26,11.018152010186867,11.053763496453561,10.975418090820312,10.975418090820312,4600
2010-11-29,10.918439622586462,10.918439622586462,10.62642666749725,10.804483413696289,29600
2010-11-30,10.73326177660732,10.73326177660732,10.569449875790214,10.590816497802734,42800
2010-12-01,10.69053053694375,10.847220033390084,10.69053053694375,10.783120155334473,15300
2010-12-02,10.75462652052366,11.046639442443848,10.75462652052366,11.046639442443848,10400
2010-12-03,10.911321841739415,11.210457357228139,10.911321841739415,11.189090728759766,11900
2010-12-06,11.174841771767369,11.28879866681613,11.146352717813334,11.25318717956543,19800
2010-12-07,11.267432041244607,11.331532586285544,11.139231630395395,11.181964874267578,24800
2010-12-08,11.046645406915818,11.231824664929386,11.046645406915818,11.189090728759766,35700
2010-12-09,11.196210467962835,11.281677640483748,11.189088033777915,11.274555206298828,14400
2010-12-10,11.288797790759672,11.416998863220215,11.288797790759672,11.416998863220215,13400
2010-12-13,11.416999088815146,11.50958799938553,11.395631790161133,11.395631790161133,19900
2010-12-14,11.53095372376831,11.538076155680585,11.39563023436503,11.431241035461426,19300
2010-12-15,11.374265828678231,11.488221365261744,11.23182055890806,11.25318717956543,15700
2010-12-16,11.431244794638927,11.431244794638927,11.203332332356759,11.331533432006836,19100
2010-12-17,11.42412218252226,11.42412218252226,11.217575692314732,11.25318717956543,15700
2010-12-20,11.374390885702548,11.374390885702548,11.187925977113183,11.230956077575684,10500
2010-12-21,11.238129593275417,11.431766440901642,11.238129593275417,11.37439250946045,13700
2010-12-22,11.403079475181045,11.403079475181045,11.309847349552514,11.37439250946045,10600
2010-12-23,11.28116001990559,11.367221603459996,11.245301824701025,11.3313627243042,24600
2010-12-27,11.187923610268928,11.374388479411,11.16640788063829,11.302671432495117,22800
2010-12-28,11.352875154589533,11.352875154589533,11.166409573232212,11.223783493041992,20500
2010-12-29,11.329458701732586,11.379779681436096,11.293514850984966,11.343835830688477,20600
2010-12-30,11.264760149687524,11.422912685034087,11.264760149687524,11.372591018676758,24000
2010-12-31,11.293514874759127,11.430100685201296,11.293514874759127,11.386968612670898,14400
2011-01-03,11.394157194070745,11.624196735845427,11.394157194070745,11.552309036254883,21200
2011-01-04,11.509173393249512,11.588249975373198,11.444474620810752,11.509173393249512,21500
2011-01-05,11.430100356026333,11.523554776818646,11.372590470594073,11.480422019958496,27800
2011-01-06,11.602629130488701,11.602629130488701,11.358212478763946,11.430099487304688,13600
2011-01-07,11.466043930015582,11.466043930015582,11.221626580021622,11.336647033691406,12900
2011-01-10,11.250381072929814,11.466043472290039,11.250381072929814,11.466043472290039,21700
2011-01-11,11.501989404749889,11.588254928588867,11.4588566428304,11.588254928588867,12800
2011-01-12,11.58825191833338,11.86142349243164,11.58825191833338,11.86142349243164,16700
2011-01-13,11.861423365033355,11.976443118275522,11.825480206324032,11.897366523742676,20100
2011-01-14,11.760780927711943,11.882989581770449,11.760780927711943,11.839856147766113,14200
2011-01-18,11.739217923175644,12.22086378606025,11.739217923175644,12.192108154296875,18400
2011-01-19,12.335883243733917,12.335883243733917,12.048333789444634,12.069900512695312,58200
2011-01-20,11.990821381893754,12.077085514503018,11.926122596864971,12.048331260681152,18000
2011-01-21,12.113032784482355,12.199296936596056,12.026767261224677,12.084277153015137,5500
2011-01-24,12.163351352922815,12.386201967962618,12.163351352922815,12.379013061523438,17000
2011-01-25,12.400580588076144,12.400580588076144,12.091464446787471,12.127408981323242,33400
2011-01-26,12.005200606226865,12.113031470241538,11.926123999415653,11.990822792053223,41800
2011-01-27,11.94769193292648,12.077088160186737,11.94769193292648,12.062711715698242,9600
2011-01-28,12.09146475485544,12.09146475485544,11.667328834533691,11.667328834533691,20200
2011-01-31,11.92612238543026,11.92612238543026,11.717648221557125,11.85423469543457,27900
2011-02-01,12.005203330453911,12.170544117538547,11.947693431852986,12.141788482666016,16600
2011-02-02,12.055522530545266,12.429337501525879,12.055522530545266,12.429337501525879,14300
2011-02-03,12.49403607495603,12.49403607495603,12.127411349116757,12.328695297241211,17800
2011-02-04,12.393393350499588,12.393393350499588,12.06271181509203,12.199296951293945,9100
2011-02-07,12.343069185563818,12.429334686693814,12.307126026593433,12.335880279541016,51000
2011-02-08,12.364638616453153,12.364638616453153,12.199296483939642,12.256806373596191,14700
2011-02-09,12.156164544310956,12.314316399834592,12.156164544310956,12.220863342285156,8700
2011-02-10,12.113031167508934,12.141785423993758,12.091464446787471,12.127408981323242,11600
2011-02-11,12.091465612226607,12.292750911596487,12.02676681497,12.256806373596191,12200
2011-02-14,12.37182410389692,12.472467422485352,12.285559969271063,12.472467422485352,104100
2011-02-15,12.56592274539472,12.56592274539472,12.386204165954371,12.422148704528809,28700
2011-02-16,12.594679581493727,12.645000569169428,12.479659789336678,12.637811660766602,37500
2011-02-17,12.580302490883442,12.781587824349474,12.580302490883442,12.767210006713867,22300
2011-02-18,12.867850192832009,12.997247791213422,12.853472377202083,12.875039100646973,20300
2011-02-22,12.709695849422005,12.724073662240881,12.436522890438162,12.472467422485352,21000
2011-02-23,12.558732097789004,12.573109911226874,12.184918546410728,12.292749404907227,19800
2011-02-24,12.494033374437263,12.565921070862451,12.357448259487546,12.522789001464844,26400
2011-02-25,12.637810916158047,12.659377640095832,12.479659054046289,12.508413314819336,11600
2011-02-28,12.781583616263353,12.781583616263353,12.307126759647197,12.350258827209473,17100
2011-03-01,12.299942948313857,12.386207119172404,12.184923139739611,12.213677406311035,19400
2011-03-02,12.292751047939152,12.292751047939152,12.148975636631162,12.220863342285156,10500
2011-03-03,12.278373096396368,12.486847303366309,12.220863206739821,12.256806373596191,13000
2011-03-04,12.184920310974121,12.220863478630157,12.127410420038089,12.184920310974121,34700
2011-03-07,12.407772389305178,12.407772389305178,11.933315391908248,12.041146278381348,55200
2011-03-08,12.055520166922536,12.120218951951317,11.868612718077573,12.048331260681152,43800
2011-03-09,12.14178730694182,12.213675016017914,12.13459839891981,12.15616512298584,84800
2011-03-10,12.062708684277176,12.062708684277176,11.724836957543067,11.775157928466797,62400
2011-03-11,11.75359101602127,11.75359101602127,11.581061408201895,11.724835395812988,112800
2011-03-14,11.839858091227118,12.285560717760504,11.782348207591564,12.278371810913086,125200
2011-03-15,12.364636343424946,12.889414161462456,12.285559745505108,12.867847442626953,161300
2011-03-16,12.795961301485661,12.795961301485661,12.263994512710676,12.450901985168457,82400
2011-03-17,12.810340132070834,12.817529039790744,12.623432644785076,12.68094253540039,37200
2011-03-18,12.867849665691372,12.867849665691372,12.587489128112793,12.587489128112793,32500
2011-03-21,12.745639144098476,12.81033793131877,12.680940356878182,12.788772583007812,44100
2011-03-22,12.731260774828291,12.78158311802365,12.601864577185463,12.644996643066406,21700
2011-03-23,12.472467426991328,12.839093427142918,12.472467426991328,12.824715614318848,17800
2011-03-24,12.910978944034753,12.961301285781627,12.810337002828229,12.93254566192627,22500
2011-03-25,12.889413597286847,12.99005553849337,12.889413597286847,12.93254566192627,19100
2011-03-28,13.083513006565129,13.342306826105865,13.083513006565129,13.270419120788574,24800
2011-03-29,13.277611639770782,13.378255003046236,13.184158557241048,13.371066093444824,17700
2011-03-30,13.43576190834721,13.543592785999847,13.385440923518914,13.522026062011719,250200
2011-03-31,13.550782203674316,13.57234755732957,13.47889449215402,13.550782203674316,73100
2011-04-01,13.644231889447296,13.644231889447296,13.414192366473758,13.493268966674805,141200
2011-04-04,13.651421627073248,13.658610533996818,13.428570997017772,13.529212951660156,59100
2011-04-05,13.486083253082331,13.572347409048994,13.421384450535315,13.471705436706543,44100
2011-04-06,13.514836204642776,13.514836204642776,13.313552279469125,13.378251075744629,22800
2011-04-07,13.306365743032373,13.306365743032373,13.141024954708056,13.205723762512207,41500
2011-04-08,13.227285385131836,13.327928708396032,13.126643433011399,13.227285385131836,20600
2011-04-11,13.299173382712823,13.299173382712823,13.054756032474165,13.090699195861816,22500
2011-04-12,13.083510467569173,13.083510467569173,12.860658487218005,12.961301803588867,95300
2011-04-13,13.205720691575467,13.205720691575467,13.018813220399624,13.04037857055664,48900
2011-04-14,13.054756850679043,13.054756850679043,12.831906207192123,12.982869148254395,186100
2011-04-15,12.93254731909294,12.93254731909294,12.781584387938882,12.831905364990234,9100
2011-04-18,12.652187632697979,12.652187632697979,12.22086278943048,12.400581359863281,59900
2011-04-19,12.393391259004899,12.501222116651515,12.343070283512727,12.44371223449707,15900
2011-04-20,12.709697788866489,12.709697788866489,12.537168122143802,12.616243362426758,11300
2011-04-21,12.738448610904419,12.738448610904419,12.594674612997808,12.65218448638916,12700
2011-04-25,12.752829083927363,12.752829083927363,12.630620406069266,12.66656494140625,31000
2011-04-26,12.659375008567226,12.824715744288548,12.659375008567226,12.788772583007812,49300
2011-04-27,12.795960721046356,12.846283068810797,12.623431070713895,12.839094161987305,14400
2011-04-28,12.76001953779685,12.860661506652832,12.623433029246595,12.860661506652832,40200
2011-04-29,12.968495257611707,13.270421199172208,12.867851905947392,13.205723762512207,40000
2011-05-02,13.220099808895126,13.220099808895126,13.040381208464712,13.05475902557373,24200
2011-05-03,13.06913549821909,13.06913549821909,12.803151393641304,12.875039100646973,30300
2011-05-04,12.860660733069876,12.860660733069876,12.544357029650236,12.616243362426758,29000
2011-05-05,12.52997957796423,12.551544929964946,12.386204165954371,12.422148704528809,13200
2011-05-06,12.494034928095664,12.565922633460232,12.36463870381216,12.429337501525879,19000
2011-05-09,12.494033374437263,12.522789001464844,12.386202515371362,12.522789001464844,8900
2011-05-10,12.630622752363776,12.637811660766602,12.515602960206726,12.637811660766602,19500
2011-05-11,12.644999359114538,12.644999359114538,12.35026099852388,12.422148704528809,15000
2011-05-12,12.328691371562767,12.544354438781738,12.271181494533101,12.544354438781738,111600
2011-05-13,12.508412837410928,12.508412837410928,12.220863384935356,12.30712890625,24000
2011-05-16,12.357450294648299,12.364639202589142,12.18492061750002,12.192108154296875,62000
2011-05-17,12.21367312192151,12.242428749550127,12.091464446787471,12.127408981323242,9200
2011-05-18,12.220863121179839,12.28556191798348,12.220863121179839,12.235240936279297,8500
2011-05-19,12.32869256735814,12.32869256735814,12.177729639691794,12.292749404907227,42300
2011-05-20,12.220863280628375,12.220863280628375,11.976445905324294,12.019577980041504,14200
2011-05-23,11.803919063238453,11.832673329557426,11.72484243135882,11.789541244506836,53200
2011-05-24,11.775162248020873,11.839861054697701,11.65295354331399,11.688898086547852,29000
2011-05-25,11.667329702622764,11.696085333123538,11.581065553408301,11.645764350891113,27400
2011-05-26,11.645761817060146,11.645761817060146,11.516364250248246,11.624195098876953,18700
2011-05-27,11.688895824857743,11.760783526271757,11.667329103090381,11.739216804504395,9100
2011-05-31,12.141786509276741,12.278373010433754,12.113032250221742,12.235240936279297,24400
2011-06-01,12.199299480348104,12.199299480348104,11.782352335141027,11.789541244506836,11400
2011-06-02,11.911745937436558,11.947690472122897,11.796726168727874,11.890180587768555,9700
2011-06-03,11.832673320327892,11.990826583963802,11.832673320327892,11.904561042785645,21500
2011-06-06,11.98363416662573,11.98363416662573,11.72483898999282,11.739216804504395,12900
2011-06-07,11.911747225595853,11.947691764169303,11.86861515045166,11.86861515045166,25200
2011-06-08,11.825482909051084,11.825482909051084,11.501988922157825,11.530744552612305,18000
2011-06-09,11.530745341251949,11.638576220543433,11.530745341251949,11.595442771911621,15800
2011-06-10,11.509176689894865,11.509176689894865,11.293514281849363,11.408534049987793,19400
2011-06-13,11.501988633139089,11.501988633139089,11.372591041633251,11.41572380065918,10800
2011-06-14,11.57387444517639,11.832668214757772,11.57387444517639,11.811102867126465,8900
2011-06-15,11.559498249602266,11.559498249602266,11.322269794468676,11.343835830688477,17600
2011-06-16,11.279136328268445,11.444477757097351,11.178494375180481,11.300703048706055,14600
2011-06-17,11.437289726811263,11.437289726811263,11.271948970882926,11.42291259765625,14100
2011-06-20,11.286325808507387,11.307891844468818,11.221627015051169,11.236004829406738,7100
2011-06-21,11.37630046307251,11.463531494140625,11.347223683798171,11.463531494140625,9000
2011-06-22,11.478069537155244,11.572569243108116,11.448992757880905,11.463531494140625,16900
2011-06-23,11.267264974056042,11.390841484069824,11.100073633005184,11.390841484069824,19600
2011-06-24,11.361761780461508,11.361761780461508,11.158224336999032,11.16549301147461,12600
2011-06-27,11.209106972703582,11.267260519927481,11.187299565805862,11.252721786499023,5800
2011-06-28,11.180030649394183,11.434452255434941,11.180030649394183,11.405375480651855,20100
2011-06-29,11.434452310686838,11.6307210613548,11.434452310686838,11.616182327270508,18800
2011-06-30,11.747031265906204,11.834262306977992,11.725223159015666,11.776108741760254,19000
2011-07-01,11.957836492945576,11.957836492945576,11.7979131796687,11.87060546875,11500
2011-07-05,11.747027889595563,11.848796252853928,11.739758522721399,11.754297256469727,10600
2011-07-06,11.594375054737462,11.623451830000482,11.4998753618214,11.536221504211426,102700
2011-07-07,11.645258573714534,11.645258573714534,11.514412753663157,11.59437370300293,6600
2011-07-08,11.412648899588362,11.412648899588362,11.267264974056042,11.390841484069824,14300
2011-07-11,11.121878683743729,11.209109020515845,10.954686684996688,10.976494789123535,88600
2011-07-12,10.874724198076684,10.874724198076684,10.67845544780614,10.743878364562988,33800
2011-07-13,10.816573018687869,11.03464922458485,10.816573018687869,10.911072731018066,13100
2011-07-14,11.012838737002284,11.012838737002284,10.758417129516602,10.758417129516602,57100
2011-07-15,10.809301668694967,10.845647811889648,10.729340708262685,10.845647811889648,22500
2011-07-18,10.802034161691244,10.802034161691244,10.540343133463168,10.620304107666016,11800
2011-07-19,10.663917789161264,10.88926262912725,10.663917789161264,10.845647811889648,15200
2011-07-20,10.918343382580417,11.056457936371844,10.911074013105807,10.99830436706543,28700
2011-07-21,11.005573674971256,11.18003438191451,11.005573674971256,11.15822696685791,11200
2011-07-22,11.267261796230528,11.310877308211497,11.15822405614567,11.303607940673828,24100
2011-07-25,11.143686703113326,11.187302220503506,11.056456361578102,11.085533142089844,5800
2011-07-26,11.136416841222594,11.136416841222594,11.078263282775879,11.078263282775879,4300
2011-07-27,11.049187047845084,11.049187047845084,10.67845757455099,10.729342460632324,23600
2011-07-28,10.751150543700042,10.78022732617018,10.58395921780804,10.692996978759766,18900
2011-07-29,10.489459704332004,10.722073968591806,10.467651597123755,10.663920402526855,64100
2011-08-01,10.918342695036456,10.918342695036456,10.51126704228047,10.59849739074707,8600
2011-08-02,10.467653079276914,10.489461189573055,10.249577522277832,10.249577522277832,15500
2011-08-03,10.264112617832675,10.344073586190252,10.024229019514854,10.184151649475098,148500
2011-08-04,9.90065427425963,9.922461688867818,9.399079578800015,9.420886993408203,29300
2011-08-05,9.551730669078697,9.653499042656923,9.086501540630213,9.399077415466309,43000
2011-08-08,8.89750024022813,8.962923148254719,8.468617348271522,8.563117027282715,65200
2011-08-09,8.730310383660026,9.035616874694824,8.570387770916795,9.035616874694824,32600
2011-08-10,8.94111730180263,9.086501182066693,8.701233726055671,8.781194686889648,15000
2011-08-11,8.832079381851212,9.399077587500942,8.832079381851212,9.355462074279785,52600
2011-08-12,9.493577936802932,9.493577936802932,9.26096300581218,9.282771110534668,12700
2011-08-15,9.464499017110692,9.668036429117224,9.457229650513504,9.653497695922852,7700
2011-08-16,9.609885047442077,9.609885047442077,9.399078221354431,9.479039192199707,47100
2011-08-17,9.653499458476253,9.660768826400693,9.435423273458602,9.537192344665527,16500
2011-08-18,9.26823016836934,9.26823016836934,8.897500795255779,8.9265775680542,22000
2011-08-19,8.824810213068858,8.977463460925112,8.621272087097168,8.621272087097168,121400
2011-08-22,8.817537725677537,8.839345126727668,8.650345802307129,8.650345802307129,28700
2011-08-23,8.715773291389493,9.1155795519545,8.693965878848172,9.064695358276367,29100
2011-08-24,9.08650221635119,9.20280933380127,8.992002510111725,9.20280933380127,8700
2011-08-25,9.151924445232272,9.151924445232272,9.013809233860199,9.028347969055176,5400
2011-08-26,9.086502299589268,9.333655273057314,8.98473322426563,9.268232345581055,5300
2011-08-29,9.420886078098182,9.646231651306152,9.420886078098182,9.646231651306152,9400
2011-08-30,9.631693583438386,9.631693583438386,9.44996351582634,9.609886169433594,19400
2011-08-31,9.653500997443178,9.697116518697953,9.500847712919253,9.609886169433594,65800
2011-09-01,9.588079513083054,9.588079513083054,9.355465213178144,9.39181137084961,9800
2011-09-02,9.1737330032688,9.1737330032688,8.970195537772979,8.984733581542969,47800
2011-09-06,8.672158418171145,8.693965830591424,8.541312557159198,8.62854290008545,26200
2011-09-07,8.737579733579425,8.890232285549452,8.737579733579425,8.86115550994873,26700
2011-09-08,8.773925569574327,8.839348490868609,8.577657498936528,8.606734275817871,15500
2011-09-09,8.454081924366902,8.454081924366902,8.119698607992072,8.185121536254883,40300
2011-09-12,7.828930673638643,8.228736218159044,7.828930673638643,8.068814277648926,37600
2011-09-13,8.054275167316346,8.206928425802733,8.054275167316346,8.163312911987305,24300
2011-09-14,8.192389644797164,8.366850297840676,8.076081849523144,8.308696746826172,41000
2011-09-15,8.425005992468863,8.425005992468863,8.257813970828957,8.279622077941895,6500
2011-09-16,8.323233722106846,8.323233722106846,8.06881214231017,8.08335018157959,18500
2011-09-19,7.894354552719682,7.923431338257968,7.683547684255799,7.8652777671813965,54100
2011-09-20,7.799852484584421,7.799852484584421,7.516354084014893,7.516354084014893,24200
2011-09-21,7.509086263422906,7.596316611817791,7.196510328407342,7.203779697418213,118400
2011-09-22,6.949357192877954,7.051125573918558,6.811241971115558,6.898472309112549,20900
2011-09-23,6.840318451803859,7.0511252660708355,6.833049083976877,7.029317855834961,14000
2011-09-26,7.0365865623772414,7.087470745893976,6.862125217150569,7.0656633377075195,39900
2011-09-27,7.3855065570306335,7.3855065570306335,7.181969165802002,7.181969165802002,30000
2011-09-28,7.189238897554911,7.291007251726307,6.949355358086737,6.9566240310668945,88000
2011-09-29,7.065663986983982,7.1383555853669325,6.8693952155353655,7.022048473358154,52500
2011-09-30,6.8621254894435495,6.8621254894435495,6.738549709320068,6.738549709320068,17700
2011-10-03,6.709474697887506,6.709474697887506,6.353283882141113,6.353283882141113,28200
2011-10-04,6.193359794078165,6.54955048873774,6.186090426453672,6.527742385864258,37900
2011-10-05,6.491397193876076,6.738550157034124,6.484127825960821,6.724011421203613,14200
2011-10-06,6.854856543251755,7.102009480181618,6.854856543251755,7.0656633377075195,17800
2011-10-07,7.029317761441725,7.043855803655392,6.760357394660772,6.767626762390137,22200
2011-10-10,6.956624555016729,7.014778102707436,6.9130097408711855,6.978432655334473,10000
2011-10-11,6.869395241404866,6.9493569011458325,6.854857198971556,6.862125873565674,4500
2011-10-12,7.000241566720406,7.116548687095574,7.000241566720406,7.036587715148926,21400
2011-10-13,7.014780136500728,7.087472438812256,6.956626571949575,7.087472438812256,18500
2011-10-14,7.189240889752615,7.247394449178218,7.080202445895775,7.16743278503418,6600
2011-10-17,7.152894393556248,7.152894393556248,6.8621259173394025,6.883934020996094,9600
2011-10-18,6.8548584542615405,7.123818874359131,6.782166149048051,7.123818874359131,73000
2011-10-19,7.0220472861871395,7.0220472861871395,6.825779241165332,6.854856014251709,18200
2011-10-20,6.796702808383629,6.934817314147949,6.745817933000995,6.934817314147949,23900
2011-10-21,7.051124044482984,7.116546957101339,6.927547585813858,7.007509231567383,41000
2011-10-24,7.094741935235901,7.261933263014803,7.094741935235901,7.203779697418213,7200
2011-10-25,7.1528937715607155,7.189239914582898,6.971163749694823,6.971163749694824,160500
2011-10-26,6.985703354225151,7.167433416758799,6.985703354225151,7.087472438812256,11100
2011-10-27,7.356431165967853,7.756237350766707,7.356431165967853,7.639930248260498,34100
2011-10-28,7.523624042389845,7.676277305933106,7.523624042389845,7.6181230545043945,11700
2011-10-31,7.32735635841362,7.32735635841362,7.123818874359131,7.123818874359131,24100
2011-11-01,6.949357842391034,6.949357842391034,6.81124260771987,6.825781345367432,25100
2011-11-02,6.9057398539811965,7.007508901397511,6.891201121531043,6.9566240310668945,10400
2011-11-03,7.022047782233053,7.0438551902771,6.869394539434726,7.0438551902771,14400
2011-11-04,6.934819067657196,7.1020110834842,6.920281023332549,7.014780044555664,12500
2011-11-07,7.036587325194852,7.145625071192631,7.0002411787805645,7.102010250091553,6700
2011-11-08,7.080203263171707,7.080203263171707,6.934819347825868,7.051126480102539,14400
2011-11-09,6.847588860189839,6.876665642671201,6.694935578851397,6.716742992401123,25400
2011-11-10,6.876666915553206,6.876666915553206,6.709474865403979,6.760359764099121,2900
2011-11-11,6.840317428784219,6.978432623860449,6.833048062044424,6.963893890380859,8100
2011-11-14,6.905740093121088,6.905740093121088,6.760356229809633,6.789433002471924,6500
2011-11-15,6.789435295227117,6.789435295227117,6.67312816530167,6.716742992401123,33700
2011-11-16,6.614973775933529,6.716742155312601,6.614973775933529,6.622242450714111,23800
2011-11-17,6.614972460558759,6.680394680045467,6.527741448086574,6.535010814666748,16200
2011-11-18,6.556821797720153,6.6149753694442355,6.520475642081288,6.542283058166504,16600
2011-11-21,6.447781239844972,6.455050607264406,6.302397357681479,6.375089645385742,35300
2011-11-22,6.316935384338261,6.4114350808323355,6.287858607974317,6.3678202629089355,13700
2011-11-23,6.324204581361549,6.324204581361549,6.215166846245579,6.244243621826172,17900
2011-11-25,6.157014207446275,6.2878593703254015,6.157014207446275,6.229705810546875,39400
2011-11-28,6.3605523109436035,6.4259752456325385,6.331475528109097,6.3605523109436035,38800
2011-11-29,6.396898462798033,6.396898462798033,6.33874489712902,6.3605523109436035,11800
2011-11-30,6.607704842717995,6.782165527343751,6.600435474213971,6.78216552734375,19100
2011-12-01,6.702203981611376,6.7676269060745415,6.680395877960269,6.70947265625,8800
2011-12-02,6.731280715936498,6.753088126200094,6.658588424064411,6.665857791900635,21100
2011-12-05,6.753088418009697,6.796703933666646,6.665858079940903,6.70220422744751,12700
2011-12-06,6.665857965623065,6.665857965623065,6.585896997075923,6.622242450714111,18600
2011-12-07,6.593166493544042,6.716742992401123,6.593166493544042,6.716742992401123,23700
2011-12-08,6.614973540510103,6.614973540510103,6.433243505806475,6.440512180328369,14100
2011-12-09,6.527742047751722,6.629511109488225,6.527742047751722,6.614973068237305,28400
2011-12-12,6.469588648858238,6.469588648858238,6.331474134114178,6.375089645385742,26300
2011-12-13,6.469590220702242,6.476859589887832,6.251514691096145,6.273322105407715,32100
2011-12-14,6.251513566608853,6.251513566608853,6.142475128173828,6.142475128173828,24900
2011-12-15,6.236974144785053,6.236974144785053,6.157013186657809,6.17155122756958,18400
2011-12-16,6.17155122756958,6.244243511863439,6.135205085422651,6.17155122756958,46700
2011-12-19,6.2821059824064625,6.349334342364621,6.065481662750244,6.065481662750244,32000
2011-12-20,6.162587504119546,6.326923370361328,6.162587504119546,6.326923370361328,54600
2011-12-21,6.222347317281669,6.2970456499424525,6.1999381024338724,6.2596964836120605,84300
2011-12-22,6.289574278368765,6.379211830242969,6.289574278368765,6.364272594451904,42800
2011-12-23,6.386682666204817,6.431501092002166,6.356803478214574,6.394152641296387,26100
2011-12-27,6.3792145599337315,6.3792145599337315,6.32692614372668,6.334395408630371,29500
2011-12-28,6.259695035112687,6.304513454437256,6.20740664177538,6.304513454437256,313000
2011-12-29,6.2671653203441995,6.349332901436858,6.2671653203441995,6.319453716278076,71900
2011-12-30,6.438971233820559,6.438971233820559,6.349333667528808,6.379212856292725,137100
2012-01-03,6.53607765630406,6.625715207248261,6.53607765630406,6.543547630310059,9700
2012-01-04,6.536078929901123,6.565958119371342,6.483790526422256,6.536078929901123,65200
2012-01-05,6.461380255446602,6.461380255446602,6.40909185475632,6.438971042633057,8000
2012-01-06,6.416562020341634,6.431501258535567,6.379212856292725,6.379212856292725,5100
2012-01-09,6.438970854961643,6.498729228973388,6.438970854961643,6.498729228973389,4400
2012-01-10,6.6406556101025584,6.655594846761868,6.588366500855025,6.610776424407959,7800
2012-01-11,6.722823157990978,6.894628296754723,6.722823157990978,6.872219085693359,18000
2012-01-12,6.909567580934013,6.991735155170875,6.83486926808166,6.9543867111206055,16700
2012-01-13,6.849811543664896,6.864750783887259,6.722824796082142,6.74523401260376,8500
2012-01-17,6.834871446892983,6.939448975748181,6.8199322069857455,6.842341423034668,14500
2012-01-18,6.857280727059384,7.014146649324665,6.857280727059384,7.00667667388916,7600
2012-01-19,7.081372703168153,7.08884267692857,6.91703755469443,6.9543867111206055,8500
2012-01-20,6.931977834134502,6.939447809020262,6.879689434686207,6.924508571624756,9700
2012-01-23,6.9767979438962815,7.014147111156922,6.87222041804171,6.902099609375,27100
2012-01-24,6.887160567508649,6.887160567508649,6.790053014795136,6.842341423034668,18300
2012-01-25,6.790050850270975,6.9543867111206055,6.790050850270975,6.9543867111206055,30400
2012-01-26,7.029085284063266,7.029085284063266,6.924508486452976,6.93197774887085,6300
2012-01-27,7.014145710504872,7.163541637338506,7.014145710504872,7.156071662902832,34500
2012-01-30,7.02908588781961,7.06643505262107,6.969327509087699,7.00667667388916,12200
2012-01-31,7.044025233651024,7.044025233651024,6.917038511659096,6.93197774887085,7100
2012-02-01,6.99920588072171,7.088843438347031,6.99920588072171,7.058964252471924,8700
2012-02-02,7.058965892580273,7.1336642308117435,7.058965892580273,7.103785037994385,7400
2012-02-03,7.171011647704837,7.275588440824382,7.171011647704837,7.26064920425415,13600
2012-02-06,7.230771357483251,7.312938954772431,7.200892166434812,7.268119812011719,13100
2012-02-07,7.29799856262071,7.380166146930431,7.2830586132684,7.350286960601807,11700
2012-02-08,7.365227018858903,7.469804538858305,7.350287780216744,7.447395324707031,12700
2012-02-09,7.514623449768501,7.828354575421865,7.492213523926362,7.723777770996094,30100
2012-02-10,7.514623071059781,7.604260632782782,7.514623071059781,7.544502258300781,5200
2012-02-13,7.6117316099379595,7.6117316099379595,7.484745569840706,7.499684810638428,12700
2012-02-14,7.47727529312288,7.47727529312288,7.357758522033691,7.357758522033691,33000
2012-02-15,7.402573992368479,7.439923146480123,7.312936449926052,7.365224838256836,14200
2012-02-16,7.3726982579461895,7.447396601087462,7.3726982579461895,7.439926624298096,7900
2012-02-17,7.484744995640388,7.589321810330246,7.469805043612624,7.5295634269714355,5900
2012-02-21,7.6117297069845495,7.641608893486291,7.574381258139372,7.604260444641113,7700
2012-02-22,7.604262569851215,7.604262569851215,7.514624985294424,7.522094249725342,8600
2012-02-23,7.544503654954586,7.544503654954586,7.312939376687172,7.357758522033691,10900
2012-02-24,7.350287314867649,7.350287314867649,7.260649751561462,7.2755889892578125,21700
2012-02-27,7.1411324695830825,7.245709262810917,7.126192520621405,7.238239288330078,22100
2012-02-28,7.238239981377821,7.320408283782551,7.223300743361716,7.283059120178223,5600
2012-02-29,7.118724178776487,7.200892492158559,7.118724178776487,7.133664131164551,26400
2012-03-01,7.185950211638761,7.185950211638761,7.111252611027675,7.148601055145264,6100
2012-03-02,7.171010976466906,7.208359420584495,7.133661819973409,7.148601055145264,6800
2012-03-05,7.126193307856248,7.126193307856248,7.029085766005748,7.081374168395996,19800
2012-03-06,6.917037582089895,6.917037582089895,6.8274000337376,6.864748477935791,14500
2012-03-07,6.842339268941695,6.872218451725793,6.834869295151693,6.864748477935791,7400
2012-03-08,6.887161052632612,6.969328658850548,6.887161052632612,6.9469194412231445,5800
2012-03-09,6.9917355240678125,7.044024630773692,6.9917355240678125,7.0290846824646,5100
2012-03-12,6.99920409546008,6.99920409546008,6.887157355101779,6.917036533355713,8300
2012-03-13,7.014146931665477,7.06643533706665,7.006676955929283,7.06643533706665,11500
2012-03-14,7.05149446470416,7.05149446470416,6.961856904704328,6.999206066131592,23900
2012-03-15,6.984268784359142,7.066436392602635,6.984268784359142,7.036557197570801,20100
2012-03-16,7.10378418035997,7.126193394173503,7.073904991149903,7.073904991149902,4300
2012-03-19,7.081374254170372,7.133663369570036,7.044025801939836,7.073904991149902,36800
2012-03-20,6.991735906158937,7.058964252471924,6.909568323096388,7.058964252471924,25400
2012-03-21,6.991736663538395,7.05896501713389,6.909569071575047,6.969327449798584,27200
2012-03-22,6.902098646967474,6.931977834134502,6.879689434686207,6.924508571624756,31700
2012-03-23,6.90956850613176,7.006676040892246,6.90956850613176,6.999206066131592,16000
2012-03-26,6.954387642319677,7.044025202319509,6.954387642319677,6.999206066131592,12400
2012-03-27,7.014147281646729,7.051495737439069,7.014147281646729,7.0141472816467285,27400
2012-03-28,7.00667513044219,7.00667513044219,6.834869295151693,6.864748477935791,44300
2012-03-29,6.797522990936822,6.842341423034669,6.760173822604528,6.842341423034668,28100
2012-03-30,6.819931281030061,6.8274012561575335,6.790052092896209,6.797522068023682,16000
2012-04-02,6.782582023428449,6.834870423841391,6.7601728107337635,6.827401161193848,17800
2012-04-03,6.827399343619665,6.83486860427876,6.7228218582581265,6.775110244750977,28100
2012-04-04,6.6406556101025584,6.6406556101025584,6.56595728967807,6.610776424407959,19800
2012-04-05,6.573427172607976,6.6705347028564175,6.573427172607976,6.640655517578125,25700
2012-04-09,6.521138091577977,6.63318557112587,6.521138091577977,6.573427200317383,20500
2012-04-10,6.528608415979261,6.551018340515673,6.476320016812986,6.498729228973389,16900
2012-04-11,6.536078644909416,6.6481254224431625,6.536078644909416,6.625716209411621,28500
2012-04-12,6.618245686549624,6.648124872244224,6.588366500855025,6.610776424407959,20100
2012-04-13,6.543550440938961,6.603308833902914,6.491261312813325,6.506201267242432,34500
2012-04-16,6.521140252571712,6.573429378638835,6.483791792721749,6.5286102294921875,28000
2012-04-17,6.536078644909416,6.6630653727148825,6.521138694637696,6.625716209411621,12400
2012-04-18,6.565957546234132,6.588366758286696,6.543548334181566,6.565957546234131,35300
2012-04-19,6.5360783908247315,6.551018340515673,6.4688500419675155,6.498729228973389,1800
2012-04-20,6.536080052059915,6.573429223404067,6.5136708342039,6.521140098571777,6500
2012-04-23,6.356803198395318,6.371742435544815,6.259695663607582,6.311984062194824,19400
2012-04-24,6.282104556735607,6.349332901436858,6.282104556735607,6.319453716278076,9000
2012-04-25,6.37174160911391,6.38668155670166,6.364272347695945,6.38668155670166,7500
2012-04-26,6.319454418935383,6.379212795897454,6.311984443721113,6.341863632202148,17400
2012-04-27,6.41656049245769,6.41656049245769,6.356802129159262,6.409090518951416,7000
2012-04-30,6.34933256212048,6.4016209552599985,6.31945337855848,6.371741771697998,5600
2012-05-01,6.3194545963464845,6.461380567521792,6.3194545963464845,6.453911304473877,9100
2012-05-02,6.356804215918173,6.371743455458968,6.297045833002759,6.349334239959717,18000
2012-05-03,6.326925368242095,6.326925368242095,6.177529402835938,6.192468643188477,21000
2012-05-04,6.162588751746575,6.222347131137061,6.132709562051331,6.170058727264404,50700
2012-05-07,6.162588379355594,6.162588379355594,6.065480840620018,6.117769241333008,14500
2012-05-08,6.087889278982646,6.087889278982646,6.01319167494891,6.080420017242432,13500
2012-05-09,5.91608448848216,6.050541180794568,5.871265709774022,6.0057220458984375,16600
2012-05-10,6.102830605335127,6.102830605335127,6.04307222366333,6.04307222366333,5200
2012-05-11,5.9833119725229835,6.00572118055419,5.975841999053955,5.975841999053955,29900
2012-05-14,5.863796486010381,5.931024840774287,5.804038106748258,5.8413872718811035,15000
2012-05-15,5.796570123139146,5.796570123139146,5.6621133756696675,5.677052974700928,12000
2012-05-16,5.766688863745261,5.766688863745261,5.550064563751221,5.550064563751221,12000
2012-05-17,5.550064469105631,5.572474038738187,5.430547714233398,5.430547714233398,5800
2012-05-18,5.438016616121694,5.438016616121694,5.296090319631089,5.31102991104126,20000
2012-05-21,5.355849359463601,5.363318978014981,5.288621011561179,5.32597017288208,2500
2012-05-22,5.378258956335823,5.415608120330554,5.333440173254961,5.355849742889404,61500
2012-05-23,5.273682549240151,5.340910911560059,5.206454186920244,5.340910911560059,13300
2012-05-24,5.393198489756223,5.393198489756223,5.266212117222663,5.318500518798828,3600
2012-05-25,5.281151902651204,5.363319495585718,5.206453572800868,5.258742332458496,10300
2012-05-29,5.3633193619755355,5.408138145056398,5.355849742889404,5.355849742889404,7800
2012-05-30,5.370789276563015,5.370789276563015,5.2960913056056205,5.318500518798828,5900
2012-05-31,5.296092133268484,5.296092133268484,5.2587429638589205,5.2662129402160645,5400
2012-06-01,5.146695389631202,5.19898415127769,5.12428617477417,5.12428617477417,28200
2012-06-04,5.176573904922261,5.176573904922261,5.086936344811711,5.10934591293335,10800
2012-06-05,5.154164981921596,5.198983764489329,5.139225387732352,5.16910457611084,5600
2012-06-06,5.236331886997071,5.281150660654176,5.236331886997071,5.273680686950684,12400
2012-06-07,5.408136680616424,5.408136680616424,5.273680367782533,5.2811503410339355,20900
2012-06-08,5.228862104888551,5.303560063720795,5.221392130911345,5.288620471954346,7400
2012-06-11,5.318501043958405,5.318501043958405,5.17657470703125,5.17657470703125,10100
2012-06-12,5.281150728220918,5.33343912006254,5.236331953990403,5.31102991104126,14700
2012-06-13,5.355848812997347,5.355848812997347,5.288620471954346,5.288620471954346,4000
2012-06-14,5.2363320788657575,5.296090445931552,5.228862104888551,5.288620471954346,14300
2012-06-15,5.37825781945572,5.41560697555542,5.37825781945572,5.41560697555542,6300
2012-06-18,5.42307694925054,5.49777490526199,5.38572779315084,5.41560697555542,10700
2012-06-19,5.37078948799746,5.535125030573205,5.37078948799746,5.512715816497803,14400
2012-06-20,5.567628394278002,5.567628394278002,5.514240047269345,5.529493808746338,6900
2012-06-21,5.5066150718126385,5.514242137281131,5.399838701003232,5.415092468261719,19900
2012-06-22,5.453225886208504,5.453225886208504,5.392210830400152,5.430345058441162,1900
2012-06-25,5.346448691421021,5.369329151884629,5.308314105743861,5.323567867279053,5600
2012-06-26,5.331195484979499,5.331195484979499,5.277807492244683,5.293061256408691,6000
2012-06-27,5.361702700620324,5.376956462860107,5.308314350941893,5.376956462860107,7500
2012-06-28,5.354076660870412,5.354076660870412,5.300688300989015,5.331195831298828,6700
2012-06-29,5.506613254547119,5.544747841947595,5.49898655527405,5.506613254547119,6800
2012-07-02,5.4761045677660904,5.659150039286281,5.4761045677660904,5.5218658447265625,2200
2012-07-03,5.552374919810153,5.61338996887207,5.521867031600816,5.61338996887207,11100
2012-07-05,5.5066134735244585,5.537121362865051,5.491359710693359,5.491359710693359,1400
2012-07-06,5.483733100413666,5.483733100413666,5.422718048095703,5.422718048095703,4500
2012-07-09,5.369331275175704,5.369331275175704,5.3464508056640625,5.3464508056640625,7100
2012-07-10,5.33882308467135,5.35407685036613,5.262554256197451,5.285434722900391,10200
2012-07-11,5.277807273200585,5.331195263719646,5.277807273200585,5.308314800262451,4800
2012-07-12,5.25492602614382,5.308314376075026,5.232045564515002,5.300687313079834,10500
2012-07-13,5.300687272928077,5.300687272928077,5.262553049276115,5.270179748535156,8600
2012-07-16,5.2625531756074535,5.270179875049579,5.1862843627942645,5.232045650482178,7100
2012-07-17,5.262553449873804,5.262553449873804,5.1862846330857435,5.209165096282959,8200
2012-07-18,5.163404485078595,5.178658250441725,5.117643188989205,5.125269889831543,19400
2012-07-19,5.140523878026486,5.140523878026486,5.110016345977783,5.110016345977783,2800
2012-07-20,5.064254208803434,5.064254208803434,4.987985391318733,5.003239154815674,8400
2012-07-23,4.873582719689359,4.873582719689359,4.820194721221924,4.820194721221924,4500
2012-07-24,4.797313137892256,4.797313137892256,4.728671020715677,4.736298084259033,4800
2012-07-25,4.7515508466241005,4.7515508466241005,4.675282045650666,4.705789566040039,6200
2012-07-26,4.7668044280554875,4.8049390089512585,4.751550668432843,4.789685249328613,5100
2012-07-27,4.797312764117602,4.888835337436608,4.797312764117602,4.865954875946045,6000
2012-07-30,4.759178327625336,4.835447504821108,4.751551628112793,4.751551628112793,4700
2012-07-31,4.820193820517135,4.865955109371862,4.812566757202148,4.812566757202148,5600
2012-08-01,4.858328696166352,4.858328696166352,4.789686935538271,4.804940700531006,6000
2012-08-02,4.8049395396204515,4.827819999742235,4.774432017005837,4.7820587158203125,8100
2012-08-03,4.904089397768896,4.926970224328729,4.888835634621808,4.911716461181641,3100
2012-08-06,4.972730978845862,5.048999786376953,4.972730978845862,5.048999786376953,6500
2012-08-07,5.140523107078219,5.201538525703326,5.140523107078219,5.1710309982299805,10400
2012-08-08,5.338822437383137,5.338822437383137,5.17865773516737,5.201538562774658,9000
2012-08-09,5.171031035083885,5.232046090465431,5.171031035083885,5.201538562774658,7300
2012-08-10,5.155776119247434,5.178656578063965,5.1481490571897,5.178656578063965,79900
2012-08-13,5.1939119609855355,5.201539025425827,5.110016070534577,5.132896900177002,9000
2012-08-14,5.178658398071107,5.178658398071107,5.132897100677187,5.155777931213379,7200
2012-08-15,5.140523878026486,5.140523878026486,5.094762579953432,5.110016345977783,3800
2012-08-16,5.1862849243929805,5.262553745464966,5.1862849243929805,5.254926681518555,10100
2012-08-17,5.277806811472575,5.277806811472575,5.262553049276115,5.270179748535156,2800
2012-08-20,5.239672263831815,5.331194837703844,5.239672263831815,5.300687313079834,3500
2012-08-21,5.346448680664686,5.415090425595771,5.346448680664686,5.3617024421691895,9400
2012-08-22,5.323568382637166,5.354075908660889,5.293060856613444,5.354075908660889,7400
2012-08-23,5.308313681777153,5.323567442094051,5.293059921460255,5.3159403800964355,5900
2012-08-24,5.338822841644287,5.338822841644287,5.2930615466430355,5.338822841644287,12100
2012-08-27,5.293061442107743,5.300688142618106,5.247300148010254,5.247300148010254,5400
2012-08-28,5.247300490502671,5.30068848859517,5.247300490502671,5.285434722900391,10800
2012-08-29,5.277806028064536,5.277806028064536,5.201537228403148,5.224417686462402,9000
2012-08-30,5.163404099974906,5.163404099974906,5.0337469222193345,5.0566277503967285,8000
2012-08-31,5.0947623591052835,5.140523655194674,5.064254828379024,5.125269889831543,6300
2012-09-04,5.117642144207037,5.117642144207037,5.04900003224722,5.102388381958008,11400
2012-09-05,5.0871352788476365,5.0947619791211505,5.0566277503967285,5.0566277503967285,4200
2012-09-06,5.102389423626075,5.155777784236256,5.079508593742154,5.125269889831543,32000
2012-09-07,5.186284798929272,5.224419026703529,5.17865773516737,5.201538562774658,4400
2012-09-10,5.201538125356902,5.277806938170091,5.201538125356902,5.232045650482178,14600
2012-09-11,5.232045472747234,5.300687220108119,5.232045472747234,5.277806758880615,38500
2012-09-12,5.2625552945289416,5.2625552945289416,5.094763475101642,5.117644309997559,23800
2012-09-13,5.148150460942576,5.2320463480619726,5.13289669634618,5.216792583465576,12600
2012-09-14,5.262554069940974,5.369330426025318,5.262554069940974,5.331195831298828,19100
2012-09-17,5.33119474419704,5.33119474419704,5.277806758880615,5.277806758880615,6700
2012-09-18,5.323568563793384,5.338822327324317,5.262553509669652,5.308314800262451,9600
2012-09-19,5.338821659197679,5.3998367056856855,5.331194596547497,5.392210006713867,6600
2012-09-20,5.315942165906031,5.315942165906031,5.254927104141361,5.262554168701172,45200
2012-09-21,5.35407685036613,5.35407685036613,5.285434722900391,5.285434722900391,16500
2012-09-24,5.30068773665778,5.315941500188713,5.262553509669652,5.308314800262451,25800
2012-09-25,5.308315465024675,5.346450060466821,5.262554168701172,5.262554168701172,11900
2012-09-26,5.209165760630654,5.209165760630654,5.140523634927967,5.16340446472168,5300
2012-09-27,5.285432859462639,5.323567442094051,5.232044880192663,5.3159403800964355,61400
2012-09-28,5.232044748267703,5.254925206326957,5.224417686462402,5.224417686462402,6200
2012-10-01,5.262553049276115,5.300687272928077,5.262553049276115,5.270179748535156,9500
2012-10-02,5.315941738376143,5.315941738376143,5.254926681518555,5.254926681518555,6500
2012-10-03,5.239673048520953,5.239673048520953,5.193911754731765,5.216792583465576,1700
2012-10-04,5.1862834684708705,5.23967144639468,5.1862834684708705,5.224417686462402,3000
2012-10-05,5.285433951230861,5.285433951230861,5.216792197465229,5.239672660827637,9500
2012-10-08,5.25492681311735,5.25492681311735,5.20153881886918,5.216792583465576,10100
2012-10-09,5.163404708902248,5.163404708902248,5.087135878780491,5.110016345977783,5900
2012-10-10,5.140523362575243,5.140523362575243,5.079508304595947,5.079508304595947,2800
2012-10-11,5.17865700256365,5.193910764251148,5.148149479188653,5.186284065246582,13700
2012-10-12,5.178657973123336,5.178657973123336,5.1252696153721145,5.148150444030762,2200
2012-10-15,5.1481490571897,5.2015374005588315,5.1481490571897,5.178656578063965,6300
2012-10-16,5.247299963916668,5.293061256408691,5.247299963916668,5.293061256408691,3700
2012-10-17,5.331195831298828,5.369330426025318,5.315942066143922,5.331195831298828,3000
2012-10-18,5.346448680664686,5.415090425595771,5.346448680664686,5.3617024421691895,9600
2012-10-19,5.369329384651338,5.369329384651338,5.224418461945776,5.270179748535156,33500
2012-10-22,5.232045923158579,5.247299686516191,5.1862846330857435,5.209165096282959,17000
2012-10-23,5.041373783004922,5.041373783004922,5.00323919213889,5.033746719360352,7700
2012-10-24,4.995612454906408,5.010866218403348,4.995612454906408,5.003239154815674,3700
2012-10-25,5.026120406784712,5.026120406784712,4.987985812979439,5.010866641998291,3300
2012-10-26,4.987987518310547,5.003241288312043,4.987987518310547,4.987987518310547,6700
2012-10-31,4.99561162501422,5.003238323656507,4.957477040767745,4.965104103088379,9600
2012-11-01,4.965104927912527,5.003239154815674,4.965104927912527,5.003239154815674,5800
2012-11-02,4.965103946347646,4.980357706829028,4.911715602823637,4.934596061706543,5800
2012-11-05,4.90408992767334,4.90408992767334,4.865955697524279,4.90408992767334,6100
2012-11-06,4.957478283406598,5.026120406784712,4.957478283406598,5.010866641998291,19400
2012-11-07,5.003239338588908,5.010866402456731,4.93459721849219,4.957478046417236,21500
2012-11-08,4.957477972648859,4.957477972648859,4.888835853573551,4.896462917327881,12300
2012-11-09,4.835447622049385,4.911716437415792,4.827820558673545,4.843074321746826,9800
2012-11-12,4.843074283105301,4.843074283105301,4.797312994250572,4.812566757202148,8300
2012-11-13,4.789686935538271,4.827821166180884,4.766806106209948,4.804940700531006,2300
2012-11-14,4.804940201435612,4.804940201435612,4.728671020715677,4.736298084259033,8800
2012-11-15,4.782059944976721,4.835448305114149,4.736298649292548,4.75917911529541,8000
2012-11-16,4.827821200685583,4.843074965787337,4.789686969770423,4.835448265075684,8500
2012-11-19,4.90408992767334,4.965105350533028,4.90408992767334,4.90408992767334,20200
2012-11-20,4.904089374039952,4.904089374039952,4.797313032526982,4.843074321746826,82900
2012-11-21,4.850701625837147,4.896462917327881,4.850701625837147,4.896462917327881,8000
2012-11-23,4.934596999977408,4.972731590270996,4.934596999977408,4.972731590270996,5600
2012-11-26,5.0642544506702425,5.0718815146221825,5.0261202219458205,5.0566277503967285,38600
2012-11-27,5.010864472139815,5.010864472139815,4.99561071395874,4.99561071395874,3900
2012-11-28,4.926970589834488,5.018493175506592,4.919343525855932,5.018493175506592,17200
2012-11-29,5.056627107763614,5.09476133164166,5.041373345476719,5.064253807067871,6600
2012-11-30,5.087135536084425,5.102389301081202,5.064254706750035,5.0718817710876465,13700
2012-12-03,5.071881478199789,5.079508178418535,5.018493121954882,5.026120185852051,17200
2012-12-04,5.03374717675648,5.094762236743591,5.03374717675648,5.0718817710876465,8700
2012-12-05,5.07188211275614,5.125270112002135,5.07188211275614,5.110016345977783,12600
2012-12-06,5.110015850825827,5.148150444030762,5.1023891503919,5.148150444030762,10900
2012-12-07,5.193911370424413,5.239672660827637,5.193911370424413,5.239672660827637,35500
2012-12-10,5.201538396443356,5.232045923158579,5.193911332925347,5.209165096282959,3800
2012-12-11,5.201538125356902,5.277806938170091,5.201538125356902,5.232045650482178,7800
2012-12-12,5.346448264408564,5.37695578504236,5.285432859462639,5.3159403800964355,17200
2012-12-13,5.300688300989015,5.354076660870412,5.293061600250787,5.331195831298828,7500
2012-12-14,5.415092468261719,5.415092468261719,5.399838701003232,5.415092468261719,6500
2012-12-17,5.559483162703855,5.628976821899414,5.559483162703855,5.628976821899414,16800
2012-12-18,5.582648242582606,5.582648242582606,5.497711582772371,5.536319255828857,19100
2012-12-19,5.559483162703855,5.644419816366201,5.559483162703855,5.628976821899414,8000
2012-12-20,5.683027233192257,5.752520521098715,5.683027233192257,5.706191539764404,41400
2012-12-21,5.729357210518517,5.729357210518517,5.683028221130371,5.683028221130371,40000
2012-12-24,5.937837928810526,5.937837928810526,5.636699309536414,5.644420623779297,8000
2012-12-26,5.7216337988325865,5.737076790627669,5.644418839857174,5.713912487030029,37100
2012-12-27,5.703825113575112,5.703825113575112,5.595180927899082,5.6650238037109375,27200
2012-12-28,5.571899993711503,5.587420592076818,5.49429700188493,5.509817600250244,27900
2012-12-31,5.4942974366336985,5.564140319824219,5.4942974366336985,5.564140319824219,10000
2013-01-02,5.68830486268731,5.812469653892841,5.68830486268731,5.742627143859863,12600
2013-01-03,5.727105495465294,5.859030746965962,5.719345012416926,5.843510150909424,8900
2013-01-04,5.812469957855955,5.897833441293975,5.812469957855955,5.8745527267456055,26600
2013-01-07,5.874552768407375,5.874552768407375,5.812469999077439,5.820230484008789,16800
2013-01-08,5.835749701927512,5.835749701927512,5.719345045803865,5.7503862380981445,19800
2013-01-09,5.820229048565263,5.859030723571777,5.804708452570697,5.859030723571777,4600
2013-01-10,5.897833713096685,5.959916114807129,5.897833713096685,5.959916114807129,15400
2013-01-11,5.975435784490651,5.975435784490651,5.944394588470459,5.944394588470459,11200
2013-01-14,5.9521547095873695,6.014237097842535,5.8978324348439894,5.905592918395996,42900
2013-01-15,5.897833441293975,5.913354041006316,5.859032127033264,5.8745527267456055,13600
2013-01-16,5.8202300475719655,5.874552327897131,5.8202300475719655,5.827990531921387,21600
2013-01-17,5.8900727563984185,5.921113952818838,5.8900727563984185,5.897832870483398,49300
2013-01-18,5.89007191556091,5.897832028538094,5.859030723571777,5.859030723571777,31300
2013-01-22,5.859030723571777,5.89007191556091,5.835749644559829,5.859030723571777,16700
2013-01-23,5.851270626944939,5.890072304513734,5.835750029925465,5.882311820983887,35200
2013-01-24,5.866792229011823,5.874552713871129,5.804709830298515,5.851271629333496,9900
2013-01-25,5.812469959259033,5.812469959259033,5.750387560394682,5.812469959259033,9500
2013-01-28,5.758146810297828,5.758146810297828,5.703824537922114,5.727105617523193,17400
2013-01-29,5.70382592312833,5.734867123441495,5.70382592312833,5.719346523284912,11400
2013-01-30,5.742626125044675,5.804708509633233,5.696064336603256,5.7503862380981445,12600
2013-01-31,5.680545330047607,5.6960659305378885,5.6339835285767625,5.680545330047607,8900
2013-02-01,5.6572627783179685,5.719345164191603,5.649502665103868,5.672783374786377,21000
2013-02-04,5.6262222619994064,5.649503344521944,5.548619270324707,5.548619270324707,15100
2013-02-05,5.5408586847250705,5.633982643070554,5.525338086674197,5.610701560974121,15400
2013-02-06,5.602941026500748,5.649503190274542,5.602941026500748,5.641742706298828,30800
2013-02-07,5.649503165060346,5.665023762902259,5.633982567218432,5.657263278961182,3200
2013-02-08,5.626221248593115,5.626221248593115,5.571898979185335,5.579659461975098,111500
2013-02-11,5.610701510476461,5.680544386096909,5.610701510476461,5.641742706298828,3700
2013-02-12,5.626221555985527,5.727105617523193,5.626221555985527,5.727105617523193,3700
2013-02-13,5.742626195978317,5.742626195978317,5.696064406961761,5.703824520111084,17600
2013-02-14,5.7193459827233255,5.789188861846924,5.618461906220408,5.789188861846924,6500
2013-02-15,5.835751029655169,5.897833428368476,5.812469945117536,5.851271629333496,33900
2013-02-19,5.804708480834961,5.859030752100547,5.727105500484266,5.804708480834961,31800
2013-02-20,5.851271643569396,5.921114527311934,5.804709844421132,5.812469959259033,21200
2013-02-21,5.742627608539935,5.742627608539935,5.64950400760044,5.719346523284912,19300
2013-02-22,5.727107008383352,5.727107008383352,5.711586408226769,5.719346523284912,1100
2013-02-25,5.827990267245105,5.827990267245105,5.6650238037109375,5.6650238037109375,11000
2013-02-26,5.657263278961182,5.657263278961182,5.61070148543544,5.657263278961182,8300
2013-02-27,5.595180409820426,5.711585068715094,5.595180409820426,5.696064472198486,14400
2013-02-28,5.657263278961182,5.711585556428002,5.657263278961182,5.657263278961182,18100
2013-03-01,5.665023762902259,5.6805443607441735,5.626222083277354,5.657263278961182,17000
2013-03-04,5.641742772412639,5.641742772412639,5.61070157622651,5.6339826583862305,6500
2013-03-05,5.672784844782314,5.758148332499014,5.672784844782314,5.680545330047607,18500
2013-03-06,5.696064424748559,5.750386327084066,5.696064424748559,5.727105617523193,15600
2013-03-07,5.773668222826675,5.781428337097168,5.7193459427721915,5.781428337097168,10800
2013-03-08,5.727106427082943,5.78918882140792,5.7193459427721915,5.781428337097168,33000
2013-03-11,5.703824449656725,5.7503862380981445,5.703824449656725,5.7503862380981445,8300
2013-03-12,5.6805444526654245,5.6883045666918335,5.6339826583862305,5.6339826583862305,34100
2013-03-13,5.587419574724674,5.626221248593115,5.579659461975098,5.579659461975098,8900
2013-03-14,5.610701525852801,5.6805444016646565,5.610701525852801,5.6650238037109375,3500
2013-03-15,5.6650227629780625,5.719344660816369,5.6650227629780625,5.688303470611572,15400
2013-03-18,5.633982098640839,5.657262808447335,5.571899342396356,5.6184611320495605,15800
2013-03-19,5.6029410921598535,5.6805444526654245,5.6029410921598535,5.6339826583862305,49800
2013-03-20,5.665023261572277,5.711585050977503,5.6572627783179685,5.672783374786377,6400
2013-03-21,5.74262616658848,5.7891879553667405,5.72710557032906,5.7581467628479,6900
2013-03-22,5.789187838322779,5.835749626159668,5.75814664643152,5.835749626159668,6600
2013-03-25,5.758147427477537,5.758147427477537,5.571899880826816,5.610701560974121,46200
2013-03-26,5.6495021678756645,5.70382406571397,5.6495021678756645,5.688303470611572,18000
2013-03-27,5.688305322971748,5.719346523284912,5.665024607757022,5.719346523284912,14900
2013-03-28,5.742627196621738,5.76590791016654,5.696065399491865,5.711585998535156,18600
2013-04-01,5.77366839470832,5.77366839470832,5.672784315906793,5.711585998535156,8900
2013-04-02,5.6883045000323795,5.6883045000323795,5.626222108387645,5.641742706298828,18900
2013-04-03,5.688304509904142,5.688304509904142,5.602941036224365,5.602941036224365,19600
2013-04-04,5.595179536190737,5.680542988723564,5.57965894209751,5.649501800537109,18800
2013-04-05,5.571899840348127,5.618461634162484,5.52533804653377,5.602941036224365,28000
2013-04-08,5.5951818423309065,5.680545330047607,5.5874213570656135,5.680545330047607,12900
2013-04-09,5.672784821876176,6.0064779160899615,5.672784821876176,5.959916114807129,25200
2013-04-10,5.998715896673808,6.076318874177701,5.998715896673808,6.021996974945068,7600
2013-04-11,6.037518426167077,6.130642012370521,6.037518426167077,6.084080219268799,19500
2013-04-12,6.239284988841714,6.347929521760968,6.239284988841714,6.316888332366943,33100
2013-04-15,6.347931398198144,6.456575223151986,6.30912971496582,6.30912971496582,39500
2013-04-16,6.394492638208454,6.402253122643105,6.309129529668869,6.355690956115723,15800
2013-04-17,6.2160043313208755,6.254806003392509,6.153921581998229,6.169442176818848,19000
2013-04-18,6.138402176983333,6.138402176983333,6.045278590009484,6.053039073944092,21900
2013-04-19,6.169443114701512,6.262566697781935,6.153922517521441,6.24704647064209,41700
2013-04-22,6.216005276281948,6.24704647064209,6.1927241954917305,6.24704647064209,33400
2013-04-23,6.2625675470709234,6.340170913535569,6.2625675470709234,6.30912971496582,10500
2013-04-24,6.3246497465706435,6.3944926261901855,6.3246497465706435,6.3944926261901855,17200
2013-04-25,6.386730667937673,6.44881378889108,6.37897092538881,6.425532341003418,104800
2013-04-26,6.4100135950303185,6.433294308209989,6.386732141770119,6.3944926261901855,17400
2013-04-29,6.472094959566705,6.549697571167785,6.410012574253677,6.541937828063965,14500
2013-04-30,6.5264181422736485,6.596261024475098,6.5264181422736485,6.596261024475098,9600
2013-05-01,6.673863990906586,6.673863990906586,6.572979916011614,6.611781597137451,5400
2013-05-02,6.635062309780749,6.689384219308614,6.572979916011614,6.611781597137451,37300
2013-05-03,6.673862808462189,6.735945191231853,6.642821617077359,6.650581359863281,12200
2013-05-06,6.650582777924649,6.73594662749481,6.650582777924649,6.689384460449219,29500
2013-05-07,6.735946055774038,6.774746994924798,6.6893838926804605,6.712664604187012,12400
2013-05-08,6.720424463462565,6.8445892333984375,6.720424463462565,6.8445892333984375,89500
2013-05-09,6.813549093703609,6.829070062384004,6.712665017522602,6.78250789642334,29900
2013-05-10,6.829070131578486,6.8523508447544454,6.798028933983695,6.8368306159973145,8300
2013-05-13,6.829069007196656,6.898911875305687,6.829069007196656,6.8445892333984375,12500
2013-05-14,6.9687567703449025,7.038599666185713,6.9687567703449025,7.030839920043945,16100
2013-05-15,6.960995045316129,7.085159829254976,6.960995045316129,7.054118633270264,31600
2013-05-16,7.0230794338214775,7.069640870994884,7.01531894759901,7.030839920043945,9300
2013-05-17,7.02307558092654,7.077397474521148,6.999794875111751,7.061877250671387,5800
2013-05-20,7.116199916657222,7.240364681253318,7.077398242700848,7.224844455718994,33100
2013-05-21,7.271406126795748,7.682702108929784,7.248125417639587,7.302447319030762,23000
2013-05-22,7.2481253663681855,7.263645592335706,6.984274864196777,6.984274864196777,30900
2013-05-23,6.782507965146037,6.883392042349235,6.689384372361667,6.8368306159973145,44100
2013-05-24,6.790264997215101,6.999793529510497,6.790264997215101,6.999793529510498,14800
2013-05-28,7.05411729486421,7.05411729486421,6.929952534483643,6.953233242034912,13000
2013-05-29,7.054117977971551,7.123960847469157,7.0385970113807845,7.100679397583008,34200
2013-05-30,7.178284088227381,7.201564802372048,7.100680720971077,7.1627631187438965,37900
2013-05-31,7.061878214275566,7.077398440243087,6.937712706133425,6.984274864196777,19100
2013-06-03,6.99979621823521,7.023076928517111,6.914432380400846,7.007555961608887,16200
2013-06-04,7.0153169732327685,7.061879137382583,6.953234581086677,6.976515293121338,9600
2013-06-05,6.922193724362854,6.922193724362854,6.759227251970077,6.8368306159973145,42600
2013-06-06,6.766986366005248,6.805788040161133,6.69714350054073,6.805788040161133,25200
2013-06-07,6.774747728344109,6.8989132633420445,6.774747728344109,6.875631809234619,14800
2013-06-10,6.922192480165904,6.984274864196777,6.922192480165904,6.984274864196777,14300
2013-06-11,6.860109809403934,6.891151000121946,6.782506462568722,6.821308135986328,2500
2013-06-12,6.867871302589109,7.069638701902503,6.7902679443359375,6.7902679443359375,10600
2013-06-13,6.8445887066617415,6.968753467042308,6.821307999110472,6.953233242034912,8900
2013-06-14,6.922193724362854,6.922193724362854,6.8368306159973145,6.8368306159973145,6600
2013-06-17,7.0075569029551925,7.116201465666011,7.0075569029551925,7.046358585357666,8300
2013-06-18,7.131720066070557,7.147241031519592,7.100678875252854,7.131720066070557,21200
2013-06-19,7.0929208722412955,7.0929208722412955,6.945474624633789,6.945474624633789,9600
2013-06-20,6.860111501828912,6.860111501828912,6.627302143968366,6.7049055099487305,7700
2013-06-21,6.798027523184616,6.798027523184616,6.658341792956869,6.720424175262451,11300
2013-06-24,6.565218501352067,6.565218501352067,6.386731089500535,6.495375633239746,45300
2013-06-25,6.587238187506618,6.595088915134631,6.547981554334555,6.5793867111206055,15000
2013-06-26,6.759963685562876,6.783518106045147,6.697153395125601,6.728558540344238,9800
2013-06-27,6.81492371428444,6.932692829666387,6.81492371428444,6.909139156341553,24800
2013-06-28,6.838478260314826,6.8855863617340605,6.814924583984143,6.862031936645508,17400
2013-07-01,6.854178938100482,6.916989975617401,6.838476740289529,6.885584831237793,6700
2013-07-02,6.869881884669137,6.971948791092289,6.854178938100482,6.885584831237793,17900
2013-07-03,6.799220815107189,6.8463289108532805,6.673600224794653,6.8149237632751465,19500
2013-07-05,6.82277431370343,6.909139028897725,6.8149235885784805,6.8463287353515625,27600
2013-07-08,6.940545604309278,6.9719507575467805,6.91699192657063,6.956247806549072,11100
2013-07-09,6.964098402466958,7.019057226501689,6.964098402466958,7.003355026245117,16800
2013-07-10,6.9562466768140485,7.003354773398629,6.940544477124384,6.987651824951172,11800
2013-07-11,7.074017213100484,7.183934867599758,7.058314263167523,7.152529716491699,5600
2013-07-12,7.12897374046623,7.144676685333252,7.066163458513388,7.144676685333252,14700
2013-07-15,7.136827014032909,7.27815055847168,7.136827014032909,7.27815055847168,6300
2013-07-16,7.278151682288492,7.34881271666081,7.2703002066611475,7.301705360412598,17700
2013-07-17,7.356664237653098,7.356664237653098,7.270300251493527,7.317407608032227,7400
2013-07-18,7.2702990810364065,7.340960853226436,7.2153395089120425,7.333109378814697,11200
2013-07-19,7.293851811016135,7.388067245483398,7.293851811016135,7.388067245483398,9400
2013-07-22,7.411621823170949,7.458729920543607,7.411621823170949,7.4273247718811035,8700
2013-07-23,7.443025410087893,7.497984970283644,7.39591807135742,7.419471740722656,25200
2013-07-24,7.427322516371522,7.497984266593232,7.427322516371522,7.435173988342285,16000
2013-07-25,7.364512929284555,7.427323213430285,7.285999699723567,7.419471740722656,12400
2013-07-26,7.301703581850497,7.388067546440815,7.301703581850497,7.364513874053955,103100
2013-07-29,7.3252590385367045,7.3252590385367045,7.286002409157909,7.301705360412598,6600
2013-07-30,7.380216727769509,7.388068202181249,7.333109378814697,7.333109378814697,12500
2013-07-31,7.340962035059509,7.380217915922449,7.278151727169288,7.317407608032227,3900
2013-08-01,7.458729442588854,7.482283115386963,7.458729442588854,7.482283115386963,9300
2013-08-02,7.45872909743803,7.552944533028426,7.45872909743803,7.545093059539795,7500
2013-08-05,7.576499363164142,7.607904513162708,7.521540537856111,7.600053787231445,19800
2013-08-06,7.592201758848637,7.592201758848637,7.505837789840499,7.552945137023926,14200
2013-08-07,7.45872997437128,7.45872997437128,7.309555704337291,7.333109378814697,47900
2013-08-08,7.348811525845943,7.435176246236181,7.348811525845943,7.4273247718811035,6300
2013-08-09,7.435176545539099,7.458730220794678,7.411622121525684,7.458730220794678,5600
2013-08-12,7.435175251198711,7.537242157881848,7.435175251198711,7.521539211273193,15300
2013-08-13,7.545092882428469,7.545092882428469,7.427323777894384,7.521539211273193,10700
2013-08-14,7.497986063090874,7.497986063090874,7.458729442588854,7.482283115386963,5700
2013-08-15,7.309555704337291,7.356663053292103,7.278150555448145,7.333109378814697,57900
2013-08-16,7.372366528187481,7.3880687293736145,7.325258427113352,7.348812103271484,4800
2013-08-19,7.278151069681799,7.278151069681799,7.152529716491699,7.152529716491699,9900
2013-08-20,7.152529716491699,7.16038119145818,7.0897194142755815,7.152529716491699,5700
2013-08-21,7.074016143027537,7.121123488184854,7.066164669248733,7.089718341827393,13800
2013-08-22,7.168232606819735,7.2467451095581055,7.168232606819735,7.2467451095581055,14000
2013-08-23,7.246744708052025,7.293852806091309,7.199637358770557,7.293852806091309,11900
2013-08-26,7.2388939128418865,7.2388939128418865,7.128975517644112,7.136826992034912,10600
2013-08-27,7.066164843622203,7.066164843622203,6.916990581932486,6.948395729064941,53600
2013-08-28,6.909140102158173,7.0112070322151245,6.909140102158173,6.964098930358887,80000
2013-08-29,6.9169899359055895,7.019056092985055,6.9169899359055895,6.979800224304199,13000
2013-08-30,6.987651474930548,7.0190566214945465,6.987651474930548,6.995502948760986,3900
2013-09-03,7.183934290336074,7.183934290336074,7.128975467502643,7.176083564758301,15600
2013-09-04,7.097570368838721,7.1603806664495036,7.097570368838721,7.136826992034912,7200
2013-09-05,7.160380515303023,7.317406256015367,7.160380515303023,7.309555530548096,11300
2013-09-06,7.403771499692437,7.403771499692437,7.301704573806321,7.3802170753479,6000
2013-09-09,7.380215125942163,7.4351746861379135,7.372364401992184,7.419471740722656,22700
2013-09-10,7.505836708329991,7.537241851513058,7.450877146191365,7.490133762359619,18000
2013-09-11,7.552945088779213,7.560796562845559,7.497986267830339,7.537242889404297,52200
2013-09-12,7.51368646177718,7.537240877689468,7.419471044400758,7.435173988342285,17300
2013-09-13,7.443026494884943,7.5215397358889815,7.435175769790746,7.482283115386963,10700
2013-09-16,7.521539989315714,7.61575543244035,7.521539989315714,7.552945137023926,19700
2013-09-17,7.53724180802289,7.560795478084867,7.497985192081149,7.529390335083008,5700
2013-09-18,7.5686479400094795,7.72567367553711,7.513688371006482,7.725673675537109,20800
2013-09-19,7.7492287132984785,7.7492287132984785,7.655013255390771,7.678566932678223,19000
2013-09-20,7.639308929127578,7.686417023977899,7.584350109100342,7.584350109100342,8900
2013-09-23,7.655013209756948,7.67071616036024,7.623608057308261,7.662864685058594,16100
2013-09-24,7.694270441538825,7.725675596452945,7.6157571798745485,7.670716762542725,9800
2013-09-25,7.694270610809326,7.725675766414345,7.655013979113559,7.694270610809326,6000
2013-09-26,7.788484569231837,7.906253692752868,7.788484569231837,7.843443393707275,15700
2013-09-27,7.85129493801541,7.961213336700445,7.835591988735619,7.945510387420654,36700
2013-09-30,8.008320155930871,8.047576777769107,7.945509860492808,8.039725303649902,73200
2013-10-01,8.08683158105483,8.298816093298141,8.047574968044552,8.141790390014648,37400
2013-10-02,8.188900168988647,8.220305316140488,8.149643547859403,8.212453842163086,19700
2013-10-03,8.236005473533613,8.267410612899747,8.141790055435214,8.20460033416748,17200
2013-10-04,8.204602320391139,8.306669235229492,8.149643500385013,8.306669235229492,20700
2013-10-07,8.13393922443736,8.243857595260248,8.13393922443736,8.173195838928223,29900
2013-10-08,8.306667748729959,8.306667748729959,8.141790569459008,8.16534423828125,10000
2013-10-09,8.165345494687946,8.204602114603876,8.110386676060294,8.19675064086914,32300
2013-10-10,8.24385653867544,8.361625618296356,8.24385653867544,8.34592342376709,13800
2013-10-11,8.24385653867544,8.400882227755844,8.24385653867544,8.34592342376709,49900
2013-10-14,8.369479355101557,8.393033027648926,8.283115389922704,8.393033027648926,37100
2013-10-15,8.393033105759956,8.487249294341769,8.38518238067627,8.38518238067627,18500
2013-10-16,8.408737123866013,8.510804050524522,8.408737123866013,8.502952575683594,37200
2013-10-17,8.62072206796438,8.636425018310547,8.542209562507196,8.636425018310547,59800
2013-10-18,8.769895426615745,8.769895426615745,8.65212631653896,8.762043952941895,97200
2013-10-21,8.856259262301341,8.856259262301341,8.707085008450562,8.754192352294922,40900
2013-10-22,8.777749400173983,8.83270823402761,8.714939090410423,8.824856758117676,27900
2013-10-23,8.699233929714518,8.699233929714518,8.565761868168178,8.597167015075684,36800
2013-10-24,8.628573652803842,8.77774868795686,8.518655994015191,8.55791187286377,41600
2013-10-25,8.510802230150153,8.510802230150153,8.377330181434102,8.424437522888184,17200
2013-10-28,8.44014256802585,8.44014256802585,8.275265334421077,8.338075637817383,57200
2013-10-29,8.306669187925737,8.400884628295898,8.306669187925737,8.400884628295898,22900
2013-10-30,8.361629314401528,8.385183739743551,8.322373436347245,8.338075637817383,17100
2013-10-31,8.290966211507557,8.353776499198261,8.243858121360683,8.314519882202148,32600
2013-11-01,8.306670486119229,8.369480789515535,8.290968284649091,8.338075637817383,18700
2013-11-04,8.353777609021297,8.518654823303223,8.353777609021297,8.518654823303223,29000
2013-11-05,8.518655352065158,8.534357552669723,8.455845052131227,8.479398727416992,22500
2013-11-06,8.573612863048304,8.628571679876266,8.542207717895508,8.542207717895508,7600
2013-11-07,8.495099494749281,8.51080244146232,8.188899521422128,8.243858337402344,30800
2013-11-08,8.267411276332837,8.353775978088379,8.243857607107527,8.353775978088379,46100
2013-11-11,8.314522256496971,8.369481086730957,8.298819305711316,8.369481086730957,18700
2013-11-12,8.39303289596272,8.39303289596272,8.251710114138104,8.275263786315918,30100
2013-11-13,8.290966940852215,8.38518238067627,8.290966940852215,8.38518238067627,21400
2013-11-14,8.400885649025085,8.510804050524522,8.400885649025085,8.502952575683594,28800
2013-11-15,8.518653222751196,8.557909088829168,8.518653222751196,8.550058364868164,22400
2013-11-18,8.69923260273435,8.69923260273435,8.534355419430854,8.550058364868164,73900
2013-11-19,8.51865612416307,8.51865612416307,8.369481086730957,8.369481086730957,34500
2013-11-20,8.408737068085454,8.4165885428743,8.283116466495335,8.29096794128418,27900
2013-11-21,8.283117227529042,8.37733268737793,8.283117227529042,8.37733268737793,8000
2013-11-22,8.3145193635411,8.353775978088379,8.29881641821913,8.353775978088379,14900
2013-11-25,8.369479045182965,8.369479045182965,8.251709938049316,8.251709938049316,16200
2013-11-26,8.196750246020937,8.275263482070711,8.16534510135257,8.243858337402344,9500
2013-11-27,8.228156891731272,8.29096794128418,8.196751741333744,8.29096794128418,8100
2013-11-29,8.330222908266723,8.330222908266723,8.2438589412917,8.306669235229492,3600
2013-12-02,8.322371394300214,8.322371394300214,8.220304489135742,8.220304489135742,18400
2013-12-03,8.165345619247363,8.181048566956376,8.047576506460796,8.094684600830078,71000
2013-12-04,8.039726275185815,8.157496154932058,8.039726275185815,8.126091003417969,14400
2013-12-05,8.094683262885129,8.157493545823948,8.071128845214844,8.071128845214844,22300
2013-12-06,8.149643898010254,8.17319757219668,8.141792423695511,8.149643898010254,10600
2013-12-09,8.133940746806998,8.133940746806998,8.039725303649902,8.039725303649902,26900
2013-12-10,8.039723703745434,8.078980317771606,8.008318562276024,8.071128845214844,46500
2013-12-11,8.10253449625906,8.10253449625906,7.921955108642579,7.921955108642578,16700
2013-12-12,7.898402215149003,7.984766180926879,7.898402215149003,7.9533610343933105,15900
2013-12-13,7.937659560161321,8.024024290728248,7.921957358358721,7.969064712524414,16700
2013-12-16,8.024025669017071,8.047579350145739,7.992620511259506,8.008322715759277,16900
2013-12-17,8.034546706179587,8.034546706179587,7.955075875269833,7.9630231857299805,24000
2013-12-18,8.002758979797363,8.058389400387268,7.9073935189397835,8.002758979797363,17300
2013-12-19,8.066333777375215,8.114016873887582,8.058387226204076,8.106069564819336,11900
2013-12-20,8.050439133177765,8.082227608458053,7.978914874322856,7.9868621826171875,28200
2013-12-23,7.970968940554281,8.08222900216966,7.970968940554281,8.074281692504883,44700
2013-12-24,7.963023598438288,8.042494433466862,7.963023598438288,8.010705947875977,28600
2013-12-26,8.066334993724519,8.106070787160531,8.018652647919081,8.082229614257812,8200
2013-12-27,8.153754574468245,8.225278857070169,8.153754574468245,8.185543060302734,25000
2013-12-30,8.225275731740307,8.272958063425708,8.185539950071142,8.249116897583008,34500
2013-12-31,8.312696187382766,8.312696187382766,8.233224601651541,8.296801567077637,77000
2014-01-02,8.265011549264306,8.416007382529012,8.265011549264306,8.408060073852539,106800
2014-01-03,8.479585647583008,8.503426819402586,8.37627289250192,8.479585647583008,41600
2014-01-06,8.535213981087825,8.535213981087825,8.408060073852539,8.408060073852539,18900
2014-01-07,8.423957952204304,8.543164596909207,8.423957952204304,8.53521728515625,19900
2014-01-08,8.527265129969443,8.551107051686252,8.471635495090759,8.519318580627441,25400
2014-01-09,8.503428796041785,8.622636198644052,8.479587618680277,8.53521728515625,14600
2014-01-10,8.53521728515625,8.53521728515625,8.479587618680277,8.53521728515625,18200
2014-01-13,8.598792186306758,8.598792186306758,8.423955917358398,8.423955917358398,19700
2014-01-14,8.47958442974901,8.551108692832651,8.40011285790117,8.503425598144531,11500
2014-01-15,8.559056628544013,8.606738968827766,8.519320839709465,8.590845108032227,16600
2014-01-16,8.614685408304155,8.64647388458252,8.559055764291283,8.64647388458252,8700
2014-01-17,8.646477769105868,8.741843240784926,8.646477769105868,8.662371635437012,5700
2014-01-21,8.678262360860883,8.678262360860883,8.527266530115863,8.64647388458252,38200
2014-01-22,8.70210422130147,8.70210422130147,8.630579954507404,8.670315742492676,9600
2014-01-23,8.622632610777288,8.622632610777288,8.471636781889732,8.511372566223145,13600
2014-01-24,8.352432101438282,8.352432101438282,8.161701202392578,8.161701202392578,43500
2014-01-27,8.161703197551278,8.193491688496376,8.018654609349628,8.098125457763672,30600
2014-01-28,8.129911435510204,8.304748460609602,8.129911435510204,8.288854598999023,20600
2014-01-29,8.241171416964923,8.257066036315663,8.161700593902715,8.193489074707031,14300
2014-01-30,8.209383090945224,8.30474853515625,8.209383090945224,8.30474853515625,7900
2014-01-31,8.217328685181169,8.288852942881114,8.217328685181169,8.225275993347168,11100
2014-02-03,8.225278794037415,8.225278794037415,7.9709701514130495,8.010705947875977,35100
2014-02-04,8.034545481710735,8.090175888556423,7.986863142011145,8.026598930358887,8800
2014-02-05,8.034547122594821,8.034547122594821,7.947128976694206,8.010705947875977,22300
2014-02-06,8.058388780788903,8.185542718822319,8.058388780788903,8.153754234313965,5600
2014-02-07,8.304748806359171,8.392167701496946,8.225277979203344,8.360379219055176,34600
2014-02-10,8.400113452353395,8.45574385974252,8.35243111218801,8.431901931762695,48700
2014-02-11,8.471639561231015,8.471639561231015,8.36038023807241,8.455745697021484,19700
2014-02-12,8.527268605933916,8.527268605933916,8.439850464362225,8.487533569335938,6000
2014-02-13,8.43984864382509,8.551108692832651,8.39216630703405,8.503425598144531,13200
2014-02-14,8.54316234588623,8.5590569652041,8.503426555488723,8.54316234588623,7700
2014-02-18,8.60673999786377,8.646475791449197,8.519321858293612,8.60673999786377,11000
2014-02-19,8.58290039777663,8.58290039777663,8.53521728515625,8.53521728515625,8900
2014-02-20,8.543164596909207,8.551111908662165,8.511376107794742,8.53521728515625,14800
2014-02-21,8.574950489339553,8.686210546496865,8.535214700505003,8.590845108032227,32800
2014-02-24,8.606740143487267,8.821312977740742,8.606740143487267,8.797471046447754,14700
2014-02-25,8.725944179048849,8.749786103267047,8.646473372012563,8.733891487121582,21800
2014-02-26,8.773628500292903,8.80541697914589,8.725945403064863,8.749787330627441,19600
2014-02-27,8.845151390023476,8.956411427634645,8.797468300219546,8.93256950378418,89700
2014-02-28,8.972307122138984,8.988201741292691,8.876941680908203,8.876941680908203,20700
2014-03-03,8.86104732859136,8.932571601142579,8.82131229530484,8.853100776672363,47700
2014-03-04,9.035883320391454,9.18687915802002,9.035883320391454,9.18687915802002,27800
2014-03-05,9.178933829841624,9.178933829841624,9.075621065458968,9.123303413391113,34800
2014-03-06,9.170985305019236,9.329927706911818,9.170985305019236,9.266350746154785,22100
2014-03-07,9.385555201497533,9.385555201497533,9.170982457151027,9.226612091064453,21600
2014-03-10,9.258404315048503,9.258404315048503,9.099461898075033,9.131250381469727,17900
2014-03-11,9.274299831309285,9.274299831309285,9.107410087896369,9.115357398986816,17800
2014-03-12,9.059725761413574,9.10740886364925,8.89283604043451,9.059725761413574,32700
2014-03-13,9.337875669192737,9.337875669192737,8.845153809936189,8.884889602661133,164000
2014-03-14,8.749788968084756,8.78157745288672,8.70210586193318,8.773630142211914,34800
2014-03-17,8.821312637460107,8.892836154888355,8.821312637460107,8.884889602661133,9100
2014-03-18,8.83720408207332,8.964357977687799,8.829256774123165,8.93256950378418,65900
2014-03-19,8.92462539268853,9.075621266241104,8.92462539268853,9.004096984863281,28900
2014-03-20,8.964360237121582,9.02793720095316,8.821312447449127,8.964360237121582,215600
2014-03-21,8.948468496130795,8.948468496130795,8.821314538328863,8.845155715942383,17500
2014-03-24,8.940519949090442,8.940519949090442,8.686212068621218,8.829259872436523,15400
2014-03-25,8.813366555187464,8.813366555187464,8.69415916040502,8.741842269897461,16400
2014-03-26,8.757735862880795,8.853101312758065,8.686211585998535,8.686211585998535,47300
2014-03-27,8.76568188162071,8.81336498260498,8.717999538533618,8.81336498260498,5700
2014-03-28,8.900782851741608,8.940518641728724,8.845153200497943,8.876941680908203,11100
2014-03-31,8.932572978762755,8.948467600846444,8.853102142036203,8.900784492492676,36500
2014-04-01,8.972308503634407,8.980255814434935,8.900784222224207,8.924625396728516,25100
2014-04-02,8.996149331952491,9.012043952941895,8.948466984778765,9.012043952941895,10700
2014-04-03,9.019988975389243,9.059724001988917,8.813363502323915,8.861045837402344,15600
2014-04-04,8.948466217847038,8.948466217847038,8.741840710077163,8.81336498260498,19000
2014-04-07,8.670317647194231,8.7577365515455,8.582899500740245,8.710053443908691,81500
2014-04-08,8.662368433316198,8.710051530477948,8.551109136433976,8.670315742492676,23200
2014-04-09,8.82131229530484,8.868994638407534,8.686211060018579,8.853100776672363,30200
2014-04-10,8.837203389477517,8.837203389477517,8.527265224785175,8.57494831085205,22900
2014-04-11,8.55905600159685,8.598791029623692,8.45574326135349,8.503425598144531,61300
2014-04-14,8.519321361665826,8.519321361665826,8.376272816256094,8.423955917358398,31600
2014-04-15,8.408060338499459,8.408060338499459,8.209382162716583,8.3842191696167,23700
2014-04-16,8.431903898986791,8.574952468651476,8.431903898986791,8.567005157470703,25200
2014-04-17,8.511371383171499,8.63852526904682,8.511371383171499,8.614684104919434,20000
2014-04-21,8.606738968827766,8.62263358752044,8.567003179993216,8.590845108032227,12300
2014-04-22,8.654423583562565,8.845154493914483,8.654423583562565,8.829259872436523,42100
2014-04-23,8.845152156256644,8.845152156256644,8.757734034923129,8.781575202941895,18800
2014-04-24,8.797469669958364,8.797469669958364,8.670315754546413,8.749787330627441,30000
2014-04-25,8.725943985252117,8.725943985252117,8.58289623260498,8.58289623260498,17300
2014-04-28,8.630579498479374,8.630579498479374,8.344483204317163,8.463689804077148,18000
2014-04-29,8.44779594446112,8.503425589962836,8.42395477608854,8.463689804077148,13300
2014-04-30,8.40011285790117,8.535214075304252,8.40011285790117,8.503425598144531,36500
2014-05-01,8.551107051686252,8.638525157623747,8.519318580627441,8.519318580627441,27400
2014-05-02,8.622634005305041,8.622634005305041,8.551109733516778,8.59879207611084,22400
2014-05-05,8.574950489339553,8.59879165948143,8.495478911670455,8.590845108032227,4600
2014-05-06,8.606736686564936,8.622631301042809,8.519318580627441,8.519318580627441,18100
2014-05-07,8.53521522343514,8.543162533268386,8.344484334820285,8.423955917358398,15700
2014-05-08,8.408062877476674,8.455745987538123,8.241173129107588,8.272961616516113,43400
2014-05-09,8.352431907423677,8.392167699942835,8.320643424987793,8.320643424987793,14900
2014-05-12,8.439847722060849,8.59084354050121,8.439847722060849,8.58289623260498,16600
2014-05-13,8.614684089591625,8.614684089591625,8.543159839439781,8.57494831085205,16900
2014-05-14,8.63058055713927,8.646475176602072,8.59879207611084,8.59879207611084,4100
2014-05-15,8.559055282440431,8.559055282440431,8.336535203122086,8.40011215209961,27600
2014-05-16,8.384220389859562,8.384220389859562,8.280907632468637,8.320643424987793,7700
2014-05-19,8.376271860690082,8.40011302957284,8.344483382880705,8.3842191696167,19600
2014-05-20,8.431902734564787,8.431902734564787,8.320643424987793,8.320643424987793,9700
2014-05-21,8.463692995174362,8.53521728515625,8.447799129565812,8.53521728515625,14800
2014-05-22,8.598790180828031,8.670314436851436,8.598790180828031,8.63852596282959,12400
2014-05-23,8.725947647434209,8.741842269897461,8.678265295839083,8.741842269897461,10200
2014-05-27,8.829258844334952,8.853100773775676,8.76568188162071,8.81336498260498,21800
2014-05-28,8.797471046447754,8.821312977740742,8.749788699656252,8.797471046447754,9800
2014-05-29,8.837207179742785,8.908731460571289,8.837207179742785,8.908731460571289,30300
2014-05-30,8.908730429591232,8.940518910958753,8.829258847223837,8.853100776672363,24300
2014-06-02,8.932574281194059,8.932574281194059,8.821314941975043,8.892838478088379,4400
2014-06-03,8.900784151556358,8.900784151556358,8.78952483282141,8.868995666503906,34600
2014-06-04,8.789525104132487,8.84515476521711,8.71005351009963,8.805418968200684,10500
2014-06-05,8.900784222224207,8.94052001832957,8.85310187321559,8.924625396728516,7700
2014-06-06,8.940521232798734,9.004098212044623,8.932573920918653,8.980257034301758,20800
2014-06-09,9.012042657993446,9.043831137507295,8.964359559774104,9.019989967346191,23000
2014-06-10,9.043834013547649,9.043834013547649,8.948468544678814,8.980257034301758,16700
2014-06-11,8.876941088399205,9.019989619645898,8.876941088399205,8.988201141357422,17800
2014-06-12,9.01999160645714,9.075621266241104,8.996149674066352,9.004096984863281,14100
2014-06-13,9.107406627819756,9.155089718349435,9.075618153432307,9.14714241027832,27300
2014-06-16,9.09151364268852,9.170985221862793,9.012042821411397,9.170985221862793,33300
2014-06-17,9.20277540787495,9.32992935180664,9.17893423286208,9.32992935180664,38100
2014-06-18,9.353770067125936,9.480923994505856,9.274298483564891,9.472976684570312,241900
2014-06-19,9.512712399106263,9.512712399106263,9.38555847275885,9.417346954345703,30800
2014-06-20,9.457083287074273,9.465030598037044,9.401453626129445,9.449136734008789,12300
2014-06-23,9.425293578265048,9.425293578265048,9.337875442708215,9.393505096435547,28500
2014-06-24,9.431970190135832,9.431970190135832,9.24765772312019,9.26368522644043,42200
2014-06-25,9.3037523102594,9.367860794067383,9.287725571424108,9.367860794067383,20200
2014-06-26,9.43998453856976,9.447998291385261,9.375876044512824,9.431971549987793,24900
2014-06-27,9.456009548268675,9.496077537536621,9.423955309700984,9.496077537536621,21100
2014-06-30,9.536146460767608,9.544160212894951,9.439983727939882,9.5040922164917,12600
2014-07-01,9.568200014992563,9.568200014992563,9.480051040649414,9.480051040649414,31500
2014-07-02,9.456010576458821,9.568200041527884,9.456010576458821,9.472037315368652,17700
2014-07-03,9.54415837951459,9.616280606339467,9.54415837951459,9.600253105163574,13500
2014-07-07,9.552171645510407,9.552171645510407,9.407927199178332,9.44799518585205,36400
2014-07-08,9.343820460906624,9.343820460906624,9.087386521360216,9.143481254577637,42200
2014-07-09,9.143482590131997,9.215604837222408,9.143482590131997,9.199577331542969,20000
2014-07-10,9.0152620540393,9.103411007888164,8.91108560081797,9.071356773376465,44800
2014-07-11,9.055333763235726,9.111428505648004,9.055333763235726,9.095401763916016,17600
2014-07-14,9.087387739344447,9.18355047956306,9.087387739344447,9.119441986083984,27300
2014-07-15,9.119442258630771,9.167523248060279,9.039306257270193,9.095401763916016,21000
2014-07-16,9.11142823334072,9.151496232823522,9.103414480597452,9.119441986083984,9300
2014-07-17,9.119441293007565,9.119441293007565,8.983210563659668,8.983210563659668,28900
2014-07-18,9.103412285551647,9.159507776995046,9.023277070142042,9.151494026184082,19700
2014-07-21,9.151494000676218,9.167520738020132,9.1034122601778,9.159507751464844,12200
2014-07-22,9.199578573601093,9.311768835803656,9.199578573601093,9.279714584350586,11400
2014-07-23,9.319779320665235,9.319779320665235,9.215602848925894,9.223616600036621,8800
2014-07-24,9.303752456274184,9.303752456274184,9.207589729053014,9.26368522644043,28700
2014-07-25,9.29573858900178,9.29573858900178,9.231630110255564,9.239643096923828,11300
2014-07-28,9.287725448608398,9.30375218723176,9.23163071707653,9.287725448608398,30400
2014-07-29,9.31176562179893,9.31176562179893,9.207589149475098,9.207589149475098,7200
2014-07-30,9.26368743639428,9.26368743639428,9.207591925624667,9.231633186340332,13100
2014-07-31,9.231632567275875,9.231632567275875,8.943143571902533,8.967184066772461,57000
2014-08-01,8.959169046454257,8.959169046454257,8.790884092056753,8.887046813964844,34600
2014-08-04,8.967183740023051,9.023279244986924,8.927116504777674,9.007251739501953,26000
2014-08-05,9.007249435242343,9.039303673778557,8.935127207477533,8.951154708862305,11400
2014-08-06,8.8710190453904,9.03930399473918,8.8710190453904,9.031291007995605,19500
2014-08-07,9.103414479711205,9.119441985196175,9.007251739501953,9.007251739501953,5200
2014-08-08,9.079373359680176,9.079373359680176,9.015264870627723,9.079373359680176,15000
2014-08-11,9.231630351147349,9.239643338024706,9.159508119617545,9.223616600036621,99600
2014-08-12,9.247658343177363,9.247658343177363,9.151495609508464,9.191563606262207,98400
2014-08-13,9.25567091511945,9.343819885350413,9.25567091511945,9.319779396057129,186200
2014-08-14,9.279711404412735,9.359847387701521,9.279711404412735,9.319779396057129,10100
2014-08-15,9.423954587333627,9.423954587333627,9.23162917066966,9.359846115112305,17100
2014-08-18,9.399914346747142,9.4720365768013,9.399914346747142,9.46402359008789,22600
2014-08-19,9.472037945482295,9.520119693877188,9.472037945482295,9.512105941772461,8400
2014-08-20,9.423955046685348,9.528131510181188,9.423955046685348,9.52011775970459,10900
2014-08-21,9.431970085977365,9.488064818511898,9.431970085977365,9.472037315368652,20800
2014-08-22,9.456010871563356,9.456010871563356,9.391902385456493,9.439983367919922,12100
2014-08-25,9.439984351063853,9.552174595551831,9.439984351063853,9.544160842895508,41700
2014-08-26,9.536146433853176,9.536146433853176,9.488065449691748,9.512105941772461,28500
2014-08-27,9.552174840359877,9.552174840359877,9.472038840209908,9.5281343460083,23600
2014-08-28,9.528133109491934,9.528133109491934,9.407929124866492,9.439983367919922,22700
2014-08-29,9.488065114616786,9.488065114616786,9.391902385456493,9.439983367919922,13300
2014-09-02,9.48005136279507,9.48005136279507,9.351834390581347,9.439983367919922,98400
2014-09-03,9.464023034835026,9.544158246901073,9.464023034835026,9.52011775970459,57000
2014-09-04,9.568203219758272,9.632312489392751,9.536148967057866,9.552176475524902,17100
2014-09-05,9.656348595045879,9.656348595045879,9.520117891984071,9.600253105163574,20000
2014-09-08,9.648335060461946,9.656348811229302,9.560186094721043,9.592240333557129,12800
2014-09-09,9.5441601107839,9.5441601107839,9.287726159320167,9.303752899169922,48100
2014-09-10,9.415941554924428,9.415941554924428,9.3117650885662,9.375873565673828,14900
2014-09-11,9.383888297136084,9.383888297136084,9.31176606179375,9.367860794067383,14800
2014-09-12,9.36786204648238,9.36786204648238,9.311767306709289,9.335807800292969,8700
2014-09-15,9.287726724086365,9.287726724086365,9.103414237089078,9.135468482971191,19100
2014-09-16,9.09540241504681,9.135469654361923,9.023280161505838,9.127456665039062,10700
2014-09-17,9.151494026184082,9.167520763572666,9.111426036362609,9.151494026184082,9200
2014-09-18,9.20758973946424,9.20758973946424,9.135467502908456,9.143481254577637,13900
2014-09-19,9.11944261711872,9.12745637041651,9.007252363650387,9.047320365905762,13000
2014-09-22,9.0232759505352,9.08738442060165,8.927113245435525,8.95916748046875,10000
2014-09-23,8.903074264526367,8.991224006503595,8.895061276901252,8.903074264526367,29500
2014-09-24,8.895060349028306,9.015263557434082,8.895060349028306,9.015263557434082,12300
2014-09-25,8.983210855801989,8.983210855801989,8.81492587667789,8.838966369628906,67700
2014-09-26,8.822940844928722,8.94314409048205,8.822940844928722,8.927117347717285,32700
2014-09-29,8.758830807917347,8.782871299961336,8.734789551639896,8.766843795776367,12700
2014-09-30,8.766842446357224,8.766842446357224,8.654652991264847,8.710747718811035,84000
2014-10-01,8.65465410145454,8.65465410145454,8.45431488968121,8.486369132995605,74100
2014-10-02,8.518423974797532,8.518423974797532,8.253976257815841,8.422261238098145,56300
2014-10-03,8.454318352367064,8.55048112169621,8.454318352367064,8.526440620422363,26900
2014-10-06,8.590544516676026,8.614585005030309,8.229934134428403,8.286028861999512,78800
2014-10-07,8.2299356731372,8.334111396894073,8.221921920776367,8.221921920776367,7800
2014-10-08,8.197879809184792,8.350138031235971,8.077676593235681,8.310070037841797,30000
2014-10-09,8.229933349363868,8.294041821682125,8.021580432212899,8.045620918273926,16300
2014-10-10,8.029597108948881,8.029597108948881,7.8452846106804826,7.885352611541748,36200
2014-10-13,7.933432814221856,7.9735008111085275,7.805215835571289,7.805215835571289,14400
2014-10-14,7.893365344935802,7.893365344935802,7.773161357879348,7.789188861846924,26500
2014-10-15,7.652957819372658,7.853297025302657,7.548781340581048,7.829256534576416,60600
2014-10-16,7.717066853807393,7.861311336906018,7.676998856920722,7.805215835571289,16200
2014-10-17,7.94945976101784,8.053636239921847,7.901378015280058,7.9735002517700195,27200
2014-10-20,7.813230558811218,8.037610299335268,7.813230558811218,8.021583557128906,127800
2014-10-21,8.093706232732682,8.189868983722146,8.093706232732682,8.17384147644043,42200
2014-10-22,8.27801595321729,8.27801595321729,8.08569049835205,8.08569049835205,7100
2014-10-23,8.17383915077923,8.17383915077923,8.085690178511207,8.125758171081543,35800
2014-10-24,8.093704584599456,8.16582605998014,8.093704584599456,8.15781307220459,7600
2014-10-27,8.029594068932163,8.029594068932163,7.949458097549234,7.95747184753418,18100
2014-10-28,8.06966279827367,8.22192101950529,8.06966279827367,8.205893516540527,442600
2014-10-29,8.221920624660575,8.25397486481734,8.109730401995215,8.149798393249512,28100
2014-10-30,8.18185462844393,8.245963124389473,8.109732379446804,8.23794937133789,10900
2014-10-31,8.334110891273774,8.382192638288222,8.302056648008623,8.374178886413574,57600
2014-11-03,8.374180085010446,8.382193838032103,8.334112084135711,8.358153343200684,30700
2014-11-04,8.334109145218779,8.334109145218779,8.229933449607666,8.261987686157227,5100
2014-11-05,8.278014092845273,8.278014092845273,8.1578109016269,8.181851387023926,7300
2014-11-06,8.1337712367584,8.165825478277545,8.069662753720113,8.101716995239258,25700
2014-11-07,8.093702431079334,8.181851387023926,8.093702431079334,8.181851387023926,9300
2014-11-10,8.181850742614873,8.181850742614873,8.117742277116541,8.141782760620117,18900
2014-11-11,8.125760813977369,8.14980131164536,8.117747060010156,8.133773803710938,10800
2014-11-12,8.093703562263482,8.093703562263482,8.053635571512997,8.061649322509766,10300
2014-11-13,8.069661404334955,8.093702654629254,8.013566682114798,8.045620918273926,49800
2014-11-14,8.069662994996568,8.08569049835205,8.029595765074712,8.08569049835205,43000
2014-11-17,8.093703562263482,8.093703562263482,8.02158133175928,8.061649322509766,8300
2014-11-18,8.10973164714715,8.157813396881357,8.08569115439679,8.117745399475098,14600
2014-11-19,8.14178755767815,8.165828055346141,8.109733306042946,8.133773803710938,10300
2014-11-20,8.181851387023926,8.205891872420949,8.1578109016269,8.181851387023926,28600
2014-11-21,8.310071235756821,8.326098741118253,8.270003236586756,8.294044494628906,17900
2014-11-24,8.302054119159868,8.406230569097284,8.302054119159868,8.334108352661133,8900
2014-11-25,8.39020759105376,8.398220579841867,8.334112084135711,8.358153343200684,7900
2014-11-26,8.398219711342083,8.45431521245903,8.398219711342083,8.446301460266113,18400
2014-11-28,8.358151764486019,8.358151764486019,8.18986680398518,8.197879791259766,13700
2014-12-01,8.01356995864399,8.053637961283927,7.9414477067388205,7.949461460113525,22200
2014-12-02,8.037610299335268,8.037610299335268,7.99754229746901,8.021583557128906,15100
2014-12-03,7.989527092005566,8.085689811266713,7.989527092005566,8.061649322509766,35400
2014-12-04,7.989526196053769,8.085688904531155,7.989526196053769,8.045620918273926,180800
2014-12-05,8.10171920540276,8.117746712651366,8.053638212124165,8.06966495513916,32400
2014-12-08,8.013569052092006,8.053637050199166,7.9334330558776855,7.9334330558776855,10400
2014-12-09,7.8052139879719435,7.933430936271831,7.773159750896972,7.909390449523926,36400
2014-12-10,7.973500819312289,8.061650565400356,7.885351837457699,7.91740608215332,33200
2014-12-11,8.013568816240186,8.045623060935807,7.91740608215332,7.91740608215332,12800
2014-12-12,7.84528359726653,7.925419588637499,7.789188861846923,7.789188861846924,200700
2014-12-15,7.821242766568151,7.853297008880585,7.701038784721457,7.717066287994385,47000
2014-12-16,7.644945023613141,7.781175761817967,7.612890777225742,7.7090535163879395,31300
2014-12-17,7.612891073668057,7.725081322509347,7.604877320700776,7.676999568939209,48500
2014-12-18,7.8052152459860515,7.8853512337061336,7.8052152459860515,7.86932373046875,39800
2014-12-19,7.849739859823673,7.849739859823673,7.776301419744282,7.825260639190674,41100
2014-12-22,7.8497393052277955,7.866059303283691,7.833420085352238,7.866059303283691,32700
2014-12-23,7.849741010650017,7.931339462296769,7.817101785627417,7.89870023727417,51700
2014-12-24,7.841580588439987,7.9150190353393555,7.841580588439987,7.9150190353393555,13800
2014-12-26,7.9313370521377715,8.045573915912543,7.9313370521377715,7.955816268920898,9500
2014-12-29,7.955818965834422,8.037417420345964,7.915019738578651,7.931339740753174,375700
2014-12-30,7.955818686518592,7.955818686518592,7.857901011450794,7.89870023727417,33100
2014-12-31,7.939498684917039,7.939498684917039,7.857901011450794,7.89870023727417,42000
2015-01-02,8.02925469745055,8.02925469745055,7.866058621929252,7.955816268920898,52200
2015-01-05,7.996617310877575,7.996617310877575,7.72734353014939,7.784461975097656,34500
2015-01-06,7.833420664043484,7.866059884386149,7.711023004123194,7.768142223358154,18100
2015-01-07,7.768144141175489,7.890541053133013,7.768144141175489,7.84158182144165,221700
2015-01-08,7.890538988060508,8.037415866514126,7.890538988060508,8.029255867004395,61900
2015-01-09,7.980297905937598,8.04557635594351,7.955818681730507,8.004777908325195,15700
2015-01-12,7.9884561759815575,8.004776174037454,7.800780867420785,7.866059303283691,29800
2015-01-13,7.947656650253096,8.021095082290845,7.80893978488853,7.890538215637207,32100
2015-01-14,7.833420308573511,7.93949718623825,7.7844610911910195,7.906857967376709,16700
2015-01-15,7.898700357064273,7.923179581657343,7.784462678662415,7.800782680511475,21800
2015-01-16,7.727342432529929,7.882378523159249,7.727342432529929,7.866059303283691,21400
2015-01-20,7.784461419348746,7.866059859032601,7.776301419744282,7.825260639190674,41000
2015-01-21,7.800783194097791,7.947659329506729,7.800783194097791,7.923180103302002,30900
2015-01-22,7.9313370521377715,7.99661548234629,7.882377840391246,7.955816268920898,74400
2015-01-23,7.980299108234774,8.012938338155095,7.963979882364924,7.98845911026001,13200
2015-01-26,8.070057026594572,8.257732391357422,8.070057026594572,8.257732391357422,15700
2015-01-27,8.176133684629441,8.331169802221003,8.176133684629441,8.298530578613281,61500
2015-01-28,8.24957283630282,8.24957283630282,8.135335922241211,8.135335922241211,19800
2015-01-29,8.159812259141429,8.241410693004978,8.159812259141429,8.192451477050781,9000
2015-01-30,8.159812697591198,8.184291917793464,8.086374258804016,8.143492698669434,40900
2015-02-02,8.151655246959791,8.33117140032775,8.151655246959791,8.32301139831543,16100
2015-02-03,8.404606702696759,8.567802790692939,8.404606702696759,8.559642791748047,30400
2015-02-04,8.559642867724136,8.600442084630401,8.518843650817871,8.518843650817871,17800
2015-02-05,8.551484026471396,8.600443249023451,8.527004804285589,8.592283248901367,6300
2015-02-06,8.518841449444807,8.584120646534089,8.46172302744434,8.486202239990234,161900
2015-02-09,8.518843595664174,8.527003594628665,8.404606722882644,8.502524375915527,73100
2015-02-10,8.600442008292175,8.600442008292175,8.535163573093703,8.559642791748047,9400
2015-02-11,8.510686924654157,8.575965379566625,8.469887695788723,8.527006149291992,14300
2015-02-12,8.600446507138189,8.698364211156107,8.559647269252206,8.682044982910156,17500
2015-02-13,8.633082640581794,8.739160309707184,8.633082640581794,8.722840309143066,152900
2015-02-17,8.731000848757944,8.731000848757944,8.641243174652146,8.714681625366211,31000
2015-02-18,8.731003445828748,8.731003445828748,8.673884979696812,8.682044982910156,8400
2015-02-19,8.698359219424704,8.698359219424704,8.584122352718,8.608601570129395,14700
2015-02-20,8.624923981510381,8.706522440658945,8.567805527014736,8.657563209533691,11900
2015-02-23,8.69020207242868,8.69020207242868,8.616764396097231,8.665722846984863,47900
2015-02-24,8.71467948700865,8.88603557056827,8.698359489440918,8.698359489440918,203600
2015-02-25,8.788118622478876,8.910515501303554,8.788118622478876,8.877876281738281,21600
2015-02-26,8.926834721996002,8.926834721996002,8.85339706160942,8.877876281738281,77000
2015-02-27,8.910515423303474,8.926834643853068,8.85339698410934,8.918675422668457,19000
2015-03-02,9.000275747094635,9.057394981384277,8.959476516367921,9.057394981384277,52000
2015-03-03,9.138989143169562,9.171628359538085,9.138989143169562,9.163468360900879,117400
2015-03-04,9.359305357889317,9.424583797047259,9.35114535844948,9.416423797607422,78800
2015-03-05,9.87337471102183,9.87337471102183,9.734657818357686,9.857054710388184,337000
2015-03-06,9.726495986437804,9.726495986437804,9.546979904174805,9.546979904174805,47800
2015-03-09,9.55514132906728,9.55514132906728,9.408264441823308,9.440903663635254,78500
2015-03-10,9.245071139374344,9.342988834535953,9.212431907653809,9.212431907653809,153600
2015-03-11,9.220587637383053,9.326665285864433,9.220587637383053,9.31850528717041,50100
2015-03-12,9.440903327136603,9.440903327136603,9.351145664898057,9.391944885253906,44400
2015-03-13,9.310346995268414,9.310346995268414,9.22058932772052,9.245068550109863,45600
2015-03-16,9.38378747048245,9.38378747048245,9.310349009248036,9.359308242797852,15400
2015-03-17,9.342985359009644,9.424583797047259,9.294026918731376,9.416423797607422,57100
2015-03-18,9.342987131868732,9.620420940024049,9.342987131868732,9.51434326171875,25100
2015-03-19,9.563300230173162,9.563300230173162,9.46538257598877,9.46538257598877,37500
2015-03-20,9.522501481249053,9.685697579580323,9.522501481249053,9.628579139709473,53000
2015-03-23,9.685698591677317,9.710177814439843,9.636740146152265,9.644899368286133,36100
2015-03-24,9.767296508904908,9.767296508904908,9.71833728785382,9.734657287597656,37800
2015-03-25,9.791776662792941,9.791776662792941,9.579621315002441,9.579621315002441,90200
2015-03-26,9.612258668175189,9.612258668175189,9.449062577867867,9.46538257598877,32300
2015-03-27,9.48170339525408,9.571461065517882,9.473543394817241,9.489863395690918,14700
2015-03-30,9.636740290660372,9.718337960485881,9.604101067094074,9.702018737792969,70200
2015-03-31,9.70201887341742,9.734658097439983,9.653059648293336,9.677538871765137,53700
2015-04-01,9.718336011052111,9.889692094947401,9.718336011052111,9.816253662109375,118300
2015-04-02,9.799935956678148,9.954972066925201,9.799935956678148,9.8815336227417,235100
2015-04-06,9.946808815002441,10.06104644396078,9.946808815002441,9.946808815002441,41000
2015-04-07,10.02841327620919,10.061052507270201,9.97129481639758,9.979454040527344,57500
2015-04-08,10.069209381373954,10.183446265507138,10.069209381373954,10.101848602294922,37100
2015-04-09,10.305845900815386,10.33032512664795,10.199768217966863,10.33032512664795,66400
2015-04-10,10.281364440917969,10.29768366186678,10.22424522214616,10.281364440917969,30900
2015-04-13,10.346643582200798,10.36296280425546,10.314004359911035,10.322163581848145,128900
2015-04-14,10.362962102022797,10.362962102022797,10.24872522083996,10.281364440917969,46700
2015-04-15,10.273204976594357,10.42008186368798,10.273204976594357,10.403761863708496,45000
2015-04-16,10.469039325090893,10.501678543807312,10.354801670493249,10.4608793258667,79500
2015-04-17,10.297685987124934,10.297685987124934,10.199768304780706,10.289525985717773,106400
2015-04-20,10.281364911356464,10.28952413311401,10.150807246890185,10.175287246704102,90900
2015-04-21,10.314003740272883,10.314003740272883,10.240565299987793,10.240565299987793,69400
2015-04-22,10.37928146057687,10.403760679579502,10.322162245330272,10.38744068145752,55800
2015-04-23,10.411924592623135,10.518002285751033,10.40376459049469,10.50168228149414,42100
2015-04-24,10.49352268897791,10.49352268897791,10.379285767442989,10.43640422821045,31600
2015-04-27,10.501680720573736,10.509840721489319,10.40376304412831,10.420083045959473,41300
2015-04-28,10.420083390067271,10.624078750610352,10.346644935762875,10.624078750610352,142200
2015-04-29,10.42008523542796,10.42008523542796,10.297687530517578,10.297687530517578,129000
2015-04-30,10.387444768056131,10.387444768056131,10.17529015626749,10.191609382629395,68100
2015-05-01,10.387441322536207,10.387441322536207,10.20792600119735,10.281364440917969,50800
2015-05-04,10.338485127985658,10.346645129323365,10.265046672307406,10.33032512664795,32100
2015-05-05,10.33848296097445,10.33848296097445,10.216086079286228,10.240565299987793,163500
2015-05-06,10.216085279190551,10.314002932508567,10.158966064453125,10.158966064453125,174700
2015-05-07,10.150807446294934,10.248725891113281,9.987611335231756,10.248725891113281,67100
2015-05-08,10.379285767442989,10.43640422821045,10.28952729688765,10.43640422821045,23000
2015-05-11,10.485360049060022,10.485360049060022,10.314003944396973,10.314003944396973,85800
2015-05-12,10.436402898324397,10.436402898324397,10.289525985717773,10.289525985717773,502600
2015-05-13,10.420081500865281,10.460879943032543,10.338483060169951,10.411921501159668,176400
2015-05-14,10.493518126550487,10.493518126550487,10.420080470999364,10.452719688415527,111900
2015-05-15,10.509842283622586,10.526161509698845,10.452723825084732,10.50168228149414,58300
2015-05-18,10.648556673855609,10.648556673855609,10.436401338070302,10.49351978302002,76600
2015-05-19,10.534315924666217,10.534315924666217,10.362959861755371,10.362959861755371,65000
2015-05-20,10.224245853214109,10.240565853350622,10.036570520726826,10.09368896484375,99100
2015-05-21,10.00393300304675,10.18344836605057,9.987613000129729,10.020252227783203,59900
2015-05-22,10.093689327754221,10.191606997552542,10.0773701052114,10.085529327392578,47800
2015-05-26,10.16712678384375,10.16712678384375,9.954971464198731,10.012090682983398,66500
2015-05-27,10.10184927558662,10.10184927558662,9.922333159466277,10.069210052490234,69100
2015-05-28,9.963130527785427,10.044728959423306,9.791774443890137,9.816253662109375,56900
2015-05-29,9.922334080972066,10.069210987636758,9.83257640366616,9.91417407989502,46100
2015-06-01,9.89785441631558,9.89785441631558,9.710178290781688,9.750977516174316,72100
2015-06-02,9.783615474511953,9.791775474170391,9.644898593040107,9.775455474853516,66000
2015-06-03,9.783614389699725,9.83257360404133,9.718335956031128,9.799934387207031,73000
2015-06-04,9.742815343932023,9.791774559127003,9.62857847211095,9.66121768951416,24800
2015-06-05,9.571464030195909,9.620423269801165,9.522505568771367,9.604104042053223,34300
2015-06-08,9.69385616752447,9.69385616752447,9.498020878042423,9.538819313049316,108100
2015-06-09,9.514341456344335,9.538820676483468,9.383784578028452,9.416423797607422,624600
2015-06-10,9.530663766280874,9.563302993774414,9.47354453453175,9.563302993774414,61600
2015-06-11,9.546982452855937,9.620420905122453,9.546982452855937,9.57146167755127,23100
2015-06-12,9.57145852796299,9.57145852796299,9.449061666581779,9.538819313049316,25700
2015-06-15,9.400106118254206,9.449064566560246,9.310347666058957,9.424585342407227,33900
2015-06-16,9.465382992201054,9.473542213439941,9.449062993362528,9.473542213439941,30100
2015-06-17,9.465384812150473,9.55514248847933,9.424585585389893,9.51434326171875,37300
2015-06-18,9.555141420633966,9.653059087008147,9.522502198509239,9.612259864807129,45300
2015-06-19,9.555141842824678,9.571461065517882,9.465384172560876,9.489863395690918,19700
2015-06-22,9.498026338059095,9.636743275729822,9.498026338059095,9.604104042053223,38900
2015-06-23,9.604101201349735,9.685698872315898,9.595941200798974,9.677538871765137,20300
2015-06-24,9.699036683848394,9.707305446896727,9.575008392333984,9.575008392333984,52500
2015-06-25,9.599813542418019,9.599813542418019,9.467516492685704,9.475785255432129,58700
2015-06-26,9.517127925768055,9.517127925768055,9.368293356092149,9.376562118530273,49500
2015-06-29,9.260802091537776,9.277339616916688,9.06235651830651,9.087162017822266,132100
2015-06-30,9.252532312737673,9.252532312737673,9.128504040227037,9.194652557373047,50000
2015-07-01,9.326950583530724,9.326950583530724,9.145042536310624,9.178116798400879,25600
2015-07-02,9.194652986352251,9.235996008635508,9.120235703952899,9.16984748840332,19900
2015-07-06,8.913524332598376,8.913524332598376,8.72334747109627,8.797764778137207,298700
2015-07-07,8.68200166162547,8.723344684391344,8.50836159685086,8.69027042388916,98400
2015-07-08,8.54143826439637,8.557975793584154,8.326455116271973,8.326455116271973,103100
2015-07-09,8.698539421516946,8.830836467105364,8.682001896542097,8.75641918182373,60400
2015-07-10,9.029282569885254,9.029282569885254,8.93832854279826,9.029282569885254,71600
2015-07-13,9.186384104688555,9.186384104688555,9.062355828004705,9.136773109436035,96400
2015-07-14,9.087161302876432,9.178116108199216,9.087161302876432,9.15330982208252,10000
2015-07-15,9.120235145312527,9.128503906973206,8.896984100341797,8.896984100341797,106600
2015-07-16,9.037551018790756,9.120236280027477,9.037551018790756,9.087162017822266,43100
2015-07-17,9.211191736847875,9.211191736847875,8.954865595412496,8.971403121948242,23000
2015-07-20,9.07062204014382,9.087158771061691,8.97966726016236,8.987936019897461,41800
2015-07-21,9.0954309549395,9.0954309549395,8.99620816642102,9.012744903564453,50100
2015-07-22,9.029283340808766,9.029283340808766,8.872179985046387,8.872179985046387,22100
2015-07-23,8.905254541632873,8.93832880596125,8.797762985427482,8.83083724975586,112100
2015-07-24,8.839105954970437,8.839105954970437,8.715077650626323,8.764689445495605,10300
2015-07-27,8.65719578248049,8.65719578248049,8.458749439646219,8.607583999633789,45300
2015-07-28,8.739880989875566,8.739880989875566,8.607583954383236,8.715075492858887,21500
2015-07-29,8.715074889888246,8.921789190681185,8.682000633303474,8.905252456665039,113200
2015-07-30,8.77295565736278,8.77295565736278,8.615853117536474,8.706807136535645,63700
2015-07-31,8.706806610565156,8.797761412622396,8.66546359040755,8.682001113891602,36200
2015-08-03,8.68200001528791,8.789491538674907,8.599313985435629,8.665462493896484,27800
2015-08-04,8.665463778624323,8.706806799679914,8.591047286987305,8.591047286987305,49000
2015-08-05,8.69027320002839,8.830839049205087,8.665466905312861,8.797764778137207,101400
2015-08-06,8.830837080122853,8.830837080122853,8.591048471210096,8.657196998596191,119600
2015-08-07,8.607586203222766,8.607586203222766,8.524900928713762,8.566243171691895,12600
2015-08-10,8.682001113891602,8.690269875633627,8.599315073576387,8.682001113891602,138700
2015-08-11,8.607585153840999,8.607585153840999,8.475288099913216,8.516631126403809,92300
2015-08-12,8.409139572949325,8.516631126403809,8.293379256486192,8.516631126403809,121700
2015-08-13,8.483557674710278,8.549706208003897,8.475288910910397,8.500094413757324,55800
2015-08-14,8.508363177557206,8.508363177557206,8.442214644263586,8.500094413757324,24700
2015-08-17,8.500093600386515,8.524899889412456,8.458750573895921,8.516631126403809,22000
2015-08-18,8.491825369392265,8.491825369392265,8.442213581391798,8.467019081115723,20200
2015-08-19,8.392600080452706,8.409137602595074,8.252034296452397,8.376063346862793,175500
2015-08-20,8.194154941479,8.202423702949204,7.987440636038854,8.012246131896973,58400
2015-08-21,7.987441792332723,7.987441792332723,7.673235907951706,7.78899621963501,60000
2015-08-24,7.152314429634316,7.71457757522401,6.904257901688248,7.441714763641357,336800
2015-08-25,7.772458868531536,7.780727631384115,7.466521739959717,7.466521739959717,21300
2015-08-26,7.689772462822576,7.780726475025643,7.4747893919216795,7.673234939575195,16500
2015-08-27,7.879949053307101,8.037052366048577,7.838606034767108,7.987440586090088,31900
2015-08-28,7.937829644322616,8.020514893367178,7.929560882852411,8.012246131896973,20300
2015-08-31,7.863414442966599,7.87995118171775,7.8055338859558105,7.8055338859558105,13100
2015-09-01,7.656697376278647,7.68977163064163,7.540937091731993,7.557474613189697,37400
2015-09-02,7.623623544691542,7.6815032958984375,7.540937509922432,7.6815032958984375,35300
2015-09-03,7.706308739781907,7.772457251737356,7.640160227826459,7.656697750091553,123200
2015-09-04,7.540939624743171,7.623625682701193,7.48305985730417,7.49959659576416,24600
2015-09-08,7.7972649823022335,7.7972649823022335,7.689773433286153,7.78899621963501,14800
2015-09-09,7.89648570776552,7.89648570776552,7.739382412300733,7.755919933319092,15100
2015-09-10,7.7889972594023105,7.896488822767633,7.7559229928708815,7.838608264923096,185200
2015-09-11,7.788995386350055,7.8386063799406775,7.7559211277721305,7.8220696449279785,94200
2015-09-14,7.797262947312583,7.797262947312583,7.681502665841287,7.755919933319092,7100
2015-09-15,7.714578507722279,7.830338813028096,7.714578507722279,7.813801288604736,31700
2015-09-16,7.871684195266892,7.962638241203405,7.871684195266892,7.94610071182251,23100
2015-09-17,7.937830091090905,8.053589603979132,7.871681572711193,7.970904350280762,13000
2015-09-18,7.855143249697419,7.871680771886173,7.747651721127896,7.76418924331665,38100
2015-09-21,7.797265389509878,7.797265389509878,7.739384836369143,7.780727863311768,9300
2015-09-22,7.673235176403913,7.689772700161713,7.574012399514718,7.607086658477783,20700
2015-09-23,7.582283232975397,7.607088736836759,7.491329193115234,7.491329193115234,15000
2015-09-24,7.441715382998546,7.483058403947934,7.292880823001763,7.458252906799316,81000
2015-09-25,7.60708755424307,7.60708755424307,7.39210445139175,7.466521739959717,14100
2015-09-28,7.3424937816817835,7.3424937816817835,7.235002225420644,7.276345252990723,32500
2015-09-29,7.350761677677222,7.383835938120714,7.292881130486685,7.325955390930176,54000
2015-09-30,7.524403461114634,7.540940200837959,7.441717396839759,7.491329193115234,15800
2015-10-01,7.557477041577674,7.590551306568165,7.499596486429806,7.582282543182373,13000
2015-10-02,7.524401821965207,7.8468756675720215,7.524401821965207,7.8468756675720215,22400
2015-10-05,7.954367868522921,8.061859422110714,7.904756867514796,8.020516395568848,53100
2015-10-06,8.028786875979907,8.11974092298536,7.9461008052092685,8.094935417175293,24500
2015-10-07,8.169349887474473,8.285110188660951,8.13627562835727,8.252035140991211,16200
2015-10-08,8.227230021048547,8.351259089839775,8.136276001443704,8.334721565246582,18900
2015-10-09,8.351256499138099,8.417404999885337,8.326450219943638,8.384330749511719,22600
2015-10-12,8.376064348433374,8.376064348433374,8.235498547624866,8.268572807312012,7100
2015-10-13,8.218960234626204,8.22722899589247,8.144543748887243,8.194154739379883,5100
2015-10-14,8.268573067233563,8.342990351007076,8.26030430491371,8.318184852600098,20200
2015-10-15,8.392602473393655,8.541437060901613,8.342991469926124,8.491826057434082,16200
2015-10-16,8.475288135532942,8.475288135532942,8.351259844092544,8.425676345825195,25200
2015-10-19,8.326452707536905,8.37606449219541,8.268572949229123,8.285110473632812,55100
2015-10-20,8.342989091130512,8.384332107933979,8.285109340737137,8.376063346862793,12000
2015-10-21,8.417407514652067,8.417407514652067,8.285110473632812,8.285110473632812,11400
2015-10-22,8.342988947237293,8.400868696632406,8.293377170218308,8.359525680541992,23700
2015-10-23,8.433942951794249,8.433942951794249,8.318183453004023,8.359525680541992,15300
2015-10-26,8.376061989136966,8.376061989136966,8.26857047829288,8.293375968933105,27100
2015-10-27,8.260305938245526,8.260305938245526,8.070129098600228,8.111472129821777,18400
2015-10-28,8.086665518581306,8.235500109679695,8.07012877987743,8.169351577758789,21800
2015-10-29,8.1032020760024,8.21069362464687,8.1032020760024,8.185887336730957,12600
2015-10-30,8.144544889719805,8.161081626016214,8.061858842580001,8.103201866149902,21500
2015-11-02,8.128008231678026,8.252036527062078,8.119739468371709,8.2272310256958,23000
2015-11-03,8.094932209848436,8.301646516319083,8.094932209848436,8.260303497314453,28600
2015-11-04,8.243768986884408,8.29337999223224,8.185888429241656,8.202425956726074,10400
2015-11-05,8.260304623373484,8.27684214865076,8.16108183736765,8.185887336730957,9700
2015-11-06,8.185889352898805,8.23550115239731,8.14454710662832,8.218963623046875,12000
2015-11-09,8.202423149302987,8.202423149302987,8.070126128919462,8.078394889831543,32700
2015-11-10,8.061861039483013,8.103204074319127,7.8882209240135746,7.904758453369141,22000
2015-11-11,7.921292685465149,8.02051546451587,7.855144166098001,7.8716816902160645,21600
2015-11-12,7.8882175055224675,7.904755027711222,7.76418924331665,7.76418924331665,12100
2015-11-13,7.731115482388519,7.747652217083391,7.648429443256633,7.673234939575195,51200
2015-11-16,7.664968846636562,7.822071413259666,7.664968846636562,7.8055338859558105,35600
2015-11-17,7.78899538156886,7.797264143346397,7.623624088780753,7.689772605895996,42800
2015-11-18,7.648428412356975,7.76418869382827,7.6153541588726625,7.755919933319092,35000
2015-11-19,7.772459100212712,7.788996626410823,7.731116861822739,7.780727863311768,149400
2015-11-20,7.739384836369143,7.813802127155337,7.739384836369143,7.780727863311768,14400
2015-11-23,7.863413506534805,7.863413506534805,7.755921957518725,7.78899621963501,17800
2015-11-24,7.739383604206906,7.830338406710591,7.739383604206906,7.8220696449279785,16700
2015-11-25,7.813801288604736,7.813801288604736,7.7889957905222635,7.813801288604736,6300
2015-11-27,7.813802649607738,7.855145679314672,7.772459619900804,7.8055338859558105,8000
2015-11-30,7.7972649823022335,7.846875981200356,7.755921957518725,7.78899621963501,37200
2015-12-01,7.8634139009571795,7.921293665425728,7.805533347935982,7.91302490234375,40400
2015-12-02,7.9543681144714355,7.979173615742482,7.921293849925817,7.9543681144714355,21200
2015-12-03,8.003977226082618,8.07839449353583,7.92129119812296,7.995708465576172,13500
2015-12-04,8.02051420824379,8.061857223510742,7.9709032207653925,8.061857223510742,26000
2015-12-07,7.987442192976254,8.003979719140212,7.855145137875201,7.91302490234375,27700
2015-12-08,7.838608264923096,7.838608264923096,7.731117490110488,7.838608264923096,22000
2015-12-09,7.813802762162703,7.929563089299061,7.7889972594023105,7.838608264923096,28500
2015-12-10,7.7807285929416645,7.7807285929416645,7.689774555980889,7.714580059051514,34500
2015-12-11,7.615357104150919,7.615357104150919,7.483060039047104,7.540939807891846,22900
2015-12-14,7.648428412356975,7.755919933319091,7.598816637854305,7.755919933319092,79700
2015-12-15,8.103202725081164,8.103202725081164,7.855145345920509,7.937831401824951,61500
2015-12-16,8.094930466706636,8.309913488394809,8.094930466706636,8.293375968933105,59000
2015-12-17,8.351259165480002,8.37606466404189,8.185887072260531,8.210693359375,61500
2015-12-18,8.152814595214105,8.210695155926583,8.11974032704387,8.177620887756348,42900
2015-12-21,8.240948268259853,8.24928027097418,8.140957083754266,8.23261547088623,36400
2015-12-22,8.182617490741764,8.182617490741764,8.057628739180263,8.124289512634277,57200
2015-12-23,8.165954905452608,8.324274086602399,8.165954905452608,8.282610893249512,68000
2015-12-24,8.31594156132144,8.332607157072069,8.22428316867101,8.307609558105469,37200
2015-12-28,8.332604845473963,8.340937641037627,8.14095531546444,8.257611274719238,90500
2015-12-29,8.332606655391817,8.332606655391817,8.174287478589463,8.23261547088623,104400
2015-12-30,8.265945454847346,8.265945454847346,8.165954275312005,8.224282264709473,63700
2015-12-31,8.165955110614307,8.240948701601782,8.082628721815038,8.199285507202148,62300
2016-01-04,8.049295943833735,8.132622307980805,7.932639987618761,8.124289512634277,83700
2016-01-05,8.115960011499979,8.149290411755565,8.032634408190724,8.090962409973145,33800
2016-01-06,8.007634821685349,8.015967619175449,7.932642028252377,7.965972423553467,25400
2016-01-07,7.832648913786506,7.832648913786506,7.67432975769043,7.67432975769043,28000
2016-01-08,7.682663484595743,7.732658679036159,7.591004303689501,7.599337100982666,26800
2016-01-11,7.566005537808349,7.607668723179504,7.416018388335853,7.5076775550842285,144300
2016-01-12,7.557672892809919,7.599336079013535,7.382688146482076,7.4493489265441895,32800
2016-01-13,7.482679392536135,7.482679392536135,7.166041081356314,7.182705879211426,58000
2016-01-14,7.257700235739596,7.257700235739596,7.057717872043495,7.166041851043701,214600
2016-01-15,6.974390403214704,6.974390403214704,6.757742478968528,6.907729625701904,33400
2016-01-19,7.082714365337792,7.082714365337792,6.857733645237729,6.907729625701904,66300
2016-01-20,6.741077489371978,6.791072673748972,6.499431979125502,6.7327446937561035,47900
2016-01-21,6.699414679212168,6.7910730521161895,6.624421103809254,6.666084289550781,33700
2016-01-22,6.849401745717306,7.00772089599555,6.849401745717306,6.974390506744385,33800
2016-01-25,6.949394089180665,6.974391686683383,6.832737309735822,6.849402904510498,27000
2016-01-26,6.907730182586477,7.016054153442383,6.874399791143062,7.016054153442383,13900
2016-01-27,7.024386900597388,7.099380479482788,6.96605811998696,6.982723712921143,28900
2016-01-28,7.091047683015697,7.091047683015697,6.924395726969924,6.982723712921143,19000
2016-01-29,7.049385342636522,7.249367713928223,7.049385342636522,7.249367713928223,30300
2016-02-01,7.316027046041407,7.316027046041407,7.207703084519328,7.291029453277588,19500
2016-02-02,7.28269641883975,7.28269641883975,7.00772052347036,7.041050910949707,16200
2016-02-03,7.0493846240906075,7.132711000964986,6.982723840454795,7.124378204345703,30300
2016-02-04,7.066048608356394,7.2077029559226125,7.057716607356541,7.1077117919921875,35500
2016-02-05,7.099380062430625,7.099380062430625,6.949392913470801,6.974390506744385,17300
2016-02-08,6.849401448400968,6.849401448400968,6.599423142538617,6.7327446937561035,37300
2016-02-09,6.616089697098676,6.74941167306458,6.616089697098676,6.699415683746338,9200
2016-02-10,6.724413476214242,6.724413476214242,6.607757091522217,6.607757091522217,11200
2016-02-11,6.474435329437256,6.557761316191796,6.424439737384533,6.474435329437256,16600
2016-02-12,6.524429626913261,6.524429626913261,6.3744428805154465,6.46610164642334,20900
2016-02-16,6.716080255472034,6.766075442516163,6.6077558933346054,6.707747459411621,19300
2016-02-17,6.782740866530191,6.924395217409679,6.782740866530191,6.907729625701904,38000
2016-02-18,7.007720791971104,7.007720791971104,6.857733645237729,6.907729625701904,34900
2016-02-19,6.882733367862714,6.882733367862714,6.832737377700674,6.841070175170898,8400
2016-02-22,6.849402703112454,6.991057075894847,6.849402703112454,6.932728290557861,18200
2016-02-23,6.932729228963495,6.991058022195795,6.79940763527718,6.857735633850098,40300
2016-02-24,6.82440335778456,6.974390506744385,6.7077473927350635,6.974390506744385,20600
2016-02-25,7.007721240375701,7.007721240375701,6.866066880432145,6.991056442260742,6900
2016-02-26,7.091047868986633,7.157708653153199,6.991056692736786,6.999388694763184,43000
2016-02-29,7.032719497798312,7.09104828334688,6.99105710125412,7.007721900939941,17400
2016-03-01,7.066049049834452,7.191038608551025,7.066049049834452,7.191038608551025,31900
2016-03-02,7.20770344006142,7.282697016711312,7.141042659630223,7.2660322189331055,21500
2016-03-03,7.316026793819747,7.382687568664551,7.257698814495323,7.382687568664551,13300
2016-03-04,7.37435607888247,7.549340823642165,7.37435607888247,7.457681655883789,25500
2016-03-07,7.482679350533576,7.5660057233189635,7.43268416258969,7.5243425369262695,23000
2016-03-08,7.499344633704977,7.499344633704977,7.3160270979320705,7.324359893798828,30200
2016-03-09,7.407685335732398,7.474346105002465,7.382686951261834,7.441015720367432,93200
2016-03-10,7.524341284625489,7.524341284625489,7.341024566462331,7.441015720367432,26900
2016-03-11,7.55767325259573,7.616002033921228,7.507678062498697,7.582671642303467,25200
2016-03-14,7.582673294189728,7.649334091947315,7.541010096926389,7.632668495178223,25100
2016-03-15,7.549340740455385,7.549340740455385,7.4326839803479805,7.5076775550842285,25500
2016-03-16,7.441016975623147,7.6409993171691895,7.4243513831647165,7.6409993171691895,50400
2016-03-17,7.657664379174896,7.765988349914551,7.657664379174896,7.765988349914551,41000
2016-03-18,7.824317658508873,7.890978445819467,7.799319267272949,7.799319267272949,34300
2016-03-21,7.799318741322198,7.840981929246559,7.75765634805705,7.765988349914551,56600
2016-03-22,7.757654131426237,7.78265171917449,7.707658161270743,7.724323749542236,15400
2016-03-23,7.724326931086111,7.724326931086111,7.53267656032072,7.549342155456543,16000
2016-03-24,7.499342983089095,7.499342983089095,7.374354251234534,7.4910101890563965,26300
2016-03-28,7.591003233704777,7.60766882594202,7.482679268140223,7.574338436126709,15800
2016-03-29,7.532676513693046,7.690995693206787,7.482680523254369,7.690995693206787,23500
2016-03-30,7.749322876799482,7.815983653810559,7.740990081008312,7.790986061096191,59500
2016-03-31,7.8326475578115575,7.882643532199894,7.749321993376403,7.782652378082275,34000
2016-04-01,7.732656955718994,7.732656955718994,7.58267061116475,7.732656955718994,50600
2016-04-04,7.73265618660984,7.73265618660984,7.574337062366308,7.607667446136475,33000
2016-04-05,7.524340984046073,7.524340984046073,7.407685039813108,7.499343395233154,17800
2016-04-06,7.5243443066136875,7.557674704635145,7.424353112549313,7.541009902954102,35300
2016-04-07,7.524341967748979,7.524341967748979,7.382687621524743,7.416018009185791,21600
2016-04-08,7.574338333814413,7.574338333814413,7.491011963072101,7.5076775550842285,12100
2016-04-11,7.591005102656603,7.65766589869952,7.5410099029541025,7.541009902954102,26300
2016-04-12,7.582670088926047,7.72432442294719,7.582670088926047,7.699326038360596,17300
2016-04-13,7.782652433659625,7.832647613745931,7.682661278827951,7.815982818603516,63600
2016-04-14,7.865978504060149,7.865978504060149,7.682661772420617,7.732656955718994,145200
2016-04-15,7.732658886129132,7.7826548765678085,7.682663690349765,7.690995693206787,18700
2016-04-18,7.640998878277111,7.757655634807904,7.624333286775938,7.715992450714111,22000
2016-04-19,7.774319583241044,7.815982762788148,7.749321993376403,7.782652378082275,28900
2016-04-20,7.765988873617652,7.874312851662185,7.724326477542982,7.799319267272949,29600
2016-04-21,7.799319152299463,7.824317543166874,7.707660769763393,7.774321556091309,39400
2016-04-22,7.757655620574951,7.774320417386409,7.724325232292896,7.757655620574951,19600
2016-04-25,7.7493232841714255,7.7493232841714255,7.599336130682301,7.6409993171691895,44500
2016-04-26,7.624334902394758,7.732658886129132,7.624334902394758,7.690995693206787,30800
2016-04-27,7.757654305839242,7.832647070770043,7.707658334559704,7.824315071105957,209900
2016-04-28,7.724325740733986,7.799318523310532,7.665996961406638,7.67432975769043,31600
2016-04-29,7.707659256617075,7.790985620498197,7.591002506115324,7.665996074676514,34500
2016-05-02,7.67433070958702,7.682663506904381,7.541009131146393,7.557673931121826,21900
2016-05-03,7.566007774013394,7.566007774013394,7.374358177185059,7.374358177185059,35100
2016-05-04,7.341026079935379,7.457682052879013,7.32436048685245,7.349358081817627,45000
2016-05-05,7.39935488972665,7.41601969000464,7.241034916459576,7.249367713928223,24700
2016-05-06,7.24936766880075,7.349358853824153,7.199372473618698,7.332694053649902,23200
2016-05-09,7.291029778728775,7.291029778728775,7.166041014671383,7.191038608551025,31800
2016-05-10,7.241033065069359,7.28269624710083,7.1910378823588745,7.28269624710083,24800
2016-05-11,7.266031610015703,7.407685955225691,7.266031610015703,7.382687568664551,13400
2016-05-12,7.391021238544029,7.391021238544029,7.216036485210912,7.274364471435547,65200
2016-05-13,7.241034110077317,7.324360486165714,7.132710933685303,7.132710933685303,52800
2016-05-16,7.2077052906859125,7.307697281665477,7.17437489191252,7.232703685760498,28300
2016-05-17,7.257700282688802,7.2910306768537625,7.182706697152821,7.199372291564941,37600
2016-05-18,7.207704290716934,7.207704290716934,7.0827155113220215,7.0827155113220215,39800
2016-05-19,7.057717476903351,7.057717476903351,6.9160631118845926,6.999388694763184,118200
2016-05-20,7.082715015908514,7.1577085961636095,7.05771742070989,7.124378204345703,52100
2016-05-23,7.0993805421817875,7.191038920151652,7.091047745641104,7.132710933685303,23900
2016-05-24,7.166042483687791,7.257700876475618,7.166042483687791,7.22437047958374,11500
2016-05-25,7.241034916459576,7.25770051139687,7.191039720966303,7.249367713928223,29500
2016-05-26,7.2910309752116,7.2910309752116,7.191039788624958,7.241034984588623,55400
2016-05-27,7.274364304619723,7.274364304619723,7.174373132816542,7.216036319732666,15900
2016-05-31,7.2327018287175076,7.282697016711312,7.1827058460645175,7.2660322189331055,39400
2016-06-01,7.291029475829935,7.416018234694789,7.282696679996506,7.407686233520508,38000
2016-06-02,7.374354951097365,7.441015720367432,7.374354951097365,7.441015720367432,11500
2016-06-03,7.416018895623644,7.441017285351835,7.382688503978609,7.424351692199707,15900
2016-06-06,7.432685149998561,7.57433952575655,7.4243523526812,7.557673931121826,31400
2016-06-07,7.582672301055624,7.624334698202874,7.557673909176128,7.599337100982666,22300
2016-06-08,7.582672301055624,7.624334698202874,7.574339503762459,7.599337100982666,24100
2016-06-09,7.5493406734932815,7.5493406734932815,7.449348711625762,7.516010284423828,14600
2016-06-10,7.416019456307543,7.416019456307543,7.157709100193921,7.199372291564941,23500
2016-06-13,7.09938041131518,7.1493756003192575,6.982723645873662,6.991056442260742,392500
2016-06-14,6.999388893965859,7.024387284734198,6.874400118761175,6.91606330871582,72600
2016-06-15,6.982724142496693,7.057717725995681,6.9493937492370605,6.9493937492370605,62200
2016-06-16,6.93272724057982,7.024386405944824,6.8410688698739675,7.024386405944824,69400
2016-06-17,7.074381895206057,7.132710674209721,7.0493843011525925,7.066049098968506,37500
2016-06-20,7.28269624710083,7.3243594291323015,7.249365860407473,7.28269624710083,19200
2016-06-21,7.241101220816442,7.2665687490104265,7.173189431443929,7.2495903968811035,71100
2016-06-22,7.292035467632021,7.376924799561469,7.2495903968811035,7.2495903968811035,18300
2016-06-23,7.334479896236404,7.453325112447002,7.3259907209149855,7.419369220733643,38500
2016-06-24,7.105276740471879,7.181677696214419,6.977942353949171,7.037364959716797,84500
2016-06-27,7.020386974978166,7.020386974978166,6.799673296707468,6.927007675170898,76900
2016-06-28,7.0628316841752445,7.241100311279297,7.0628316841752445,7.241100311279297,44600
2016-06-29,7.232613739991107,7.368437335368361,7.232613739991107,7.35994815826416,35000
2016-06-30,7.4023937320494,7.470305534305331,7.393904554374273,7.453327178955078,23300
2016-07-01,7.470305534305331,7.5636840600141015,7.4278604555022385,7.453327178955078,22600
2016-07-05,7.444837502993077,7.444837502993077,7.309013112769396,7.3939032554626465,24500
2016-07-06,7.393902848625413,7.4448370933532715,7.309012710603101,7.4448370933532715,26100
2016-07-07,7.385414079278842,7.512749293318718,7.359947360299826,7.3939032554626465,17500
2016-07-08,7.521235547506225,7.606125666357128,7.487279661880298,7.572169780731201,18400
2016-07-11,7.580660900859593,7.724973654215013,7.580660900859593,7.665550231933594,53400
2016-07-12,7.674039001747526,7.733461611311494,7.674039001747526,7.716484069824219,57500
2016-07-13,7.699506202797785,7.707995378861267,7.58914934268968,7.614616870880127,34200
2016-07-14,7.631595671097738,7.707996649114944,7.623106493635266,7.682529926300049,31900
2016-07-15,7.674037290615161,7.674037290615161,7.572169635688624,7.640081405639648,41600
2016-07-18,7.597638156802201,7.707995011652914,7.563682263738317,7.657061576843262,73400
2016-07-19,7.665549159845897,7.707994224232809,7.597637380655743,7.623104095458984,54800
2016-07-20,7.657062362331627,7.758930051973225,7.631594832741902,7.724974155426025,32500
2016-07-21,7.750441680967986,7.801375126296222,7.691019058227539,7.691019058227539,14300
2016-07-22,7.7674162288860655,7.7674162288860655,7.69950445493958,7.750438690185547,65600
2016-07-25,7.750440686324726,7.792885758366132,7.682528894887444,7.733462333679199,16500
2016-07-26,7.74195196991724,7.843819663124676,7.74195196991724,7.835330486297607,47300
2016-07-27,7.860797293097928,7.860797293097928,7.7504404332231,7.818352222442627,12700
2016-07-28,7.775907595460609,7.775907595460609,7.6910182588788265,7.724974155426025,29200
2016-07-29,7.724974155426025,7.750440875443317,7.699506625836301,7.724974155426025,8300
2016-08-01,7.750438690185547,7.809861289995671,7.724971977348666,7.750438690185547,14700
2016-08-02,7.750440875443317,7.758930051973225,7.648573185801719,7.724974155426025,29800
2016-08-03,7.682529991597646,7.7843976932955705,7.682529991597646,7.767419338226318,20200
2016-08-04,7.801374588561796,7.869287193605881,7.801374588561796,7.835330486297607,27400
2016-08-05,7.784395421242513,7.869285552666596,7.784395421242513,7.80986213684082,45400
2016-08-08,7.886261940002441,7.894751113817939,7.83532770668163,7.886261940002441,13300
2016-08-09,7.877772766186944,7.894751113817939,7.852306054312625,7.886261940002441,16500
2016-08-10,7.835330020835124,7.835330020835124,7.724973966928848,7.733462333679199,33200
2016-08-11,7.80986484944004,7.8353315738837015,7.767419768985555,7.775908946990967,19200
2016-08-12,7.809863301439246,7.8183524777620095,7.724973966928848,7.733462333679199,44500
2016-08-15,7.818351385457215,7.8692856267053415,7.767417144209088,7.8607964515686035,56500
2016-08-16,7.860798685506071,7.860798685506071,7.8098644297830875,7.826842784881592,21300
2016-08-17,7.835329764961315,7.852308117052391,7.7164845386133365,7.818352222442627,15900
2016-08-18,7.8692846453822725,7.988129844187053,7.8692846453822725,7.971152305603027,59600
2016-08-19,7.9541754722595215,7.962664647954334,7.852307792638835,7.9541754722595215,22300
2016-08-22,7.928708394103791,7.954175110457499,7.860796610779022,7.894752502441406,22600
2016-08-23,7.962664285766175,8.005109352737234,7.88626332713273,7.894752502441406,75900
2016-08-24,7.920218826618623,8.005108956357335,7.8692853964332174,7.877773761749268,32800
2016-08-25,7.894750864053253,7.911728401574959,7.860794979437692,7.869284152984619,31800
2016-08-26,7.920220635423368,8.013599151803735,7.801374588561796,7.835330486297607,41500
2016-08-29,7.852307276431866,7.920219058381169,7.818351385457215,7.8607964515686035,14200
2016-08-30,7.8523070466565645,7.9371971763952756,7.8268403315638615,7.877773761749268,23500
2016-08-31,7.818352310870753,7.877774924716832,7.758929697024674,7.8013739585876465,15200
2016-09-01,7.8098644297830875,7.894754586130551,7.758930983632633,7.826842784881592,23200
2016-09-02,7.860795823119947,7.9626634878998654,7.860795823119947,7.928707599639893,25000
2016-09-06,8.005110919131255,8.140934512357973,8.005110919131255,8.132445335388184,32000
2016-09-07,8.149421573349946,8.166399113308872,8.073020619604124,8.106976509094238,73400
2016-09-08,8.191865630919256,8.217333154603237,8.149421377257115,8.183377265930176,44600
2016-09-09,8.149422465378436,8.149422465378436,7.937197930442251,7.9541754722595215,39100
2016-09-12,7.928708394891143,7.996620178222656,7.818351544584355,7.996620178222656,26800
2016-09-13,7.877775092876528,7.877775092876528,7.724973966928848,7.733462333679199,16200
2016-09-14,7.707995055724237,7.716484231431833,7.640083269208175,7.6485724449157715,19900
2016-09-15,7.6570626031917906,7.792886193653049,7.640084249597904,7.741951942443848,23700
2016-09-16,7.733462020621747,7.733462020621747,7.665550231933594,7.665550231933594,29600
2016-09-19,7.767419338226318,7.809864416326919,7.74195261519497,7.767419338226318,16800
2016-09-20,7.818352065497961,7.8353296076758445,7.750440277641687,7.784396171569824,16500
2016-09-21,7.809860994807312,7.91172865187676,7.801371820991814,7.886261940002441,36600
2016-09-22,8.022086894578894,8.022086894578894,7.928708394891143,7.996620178222656,20100
2016-09-23,7.928708350582818,7.95417506679674,7.869285742892897,7.9032416343688965,28000
2016-09-26,7.860798685506071,7.860798685506071,7.792886884257112,7.826842784881592,22800
2016-09-27,7.775905109117495,7.9032402876334364,7.775905109117495,7.886261940002441,61700
2016-09-28,7.8438183746282,7.96266440196705,7.818351657902849,7.937197685241699,40800
2016-09-29,8.022085482761707,8.022085482761707,7.843816880497128,7.886261940002441,29600
2016-09-30,7.80986484944004,7.80986484944004,7.699507964087408,7.775908946990967,21200
2016-10-03,7.775906995694697,7.792885347444951,7.682528489785413,7.784396171569824,8900
2016-10-04,7.801375126296222,7.801375126296222,7.657063158151209,7.691019058227539,35300
2016-10-05,7.775906319345826,7.860796451568604,7.716483712533261,7.8607964515686035,19300
2016-10-06,7.826841487012306,7.843819029723016,7.750440520883121,7.8013739585876465,15200
2016-10-07,7.767419226219892,7.767419226219892,7.640084803326786,7.691019058227539,81600
2016-10-10,7.682530417649158,7.79288730300179,7.682530417649158,7.775908946990967,9400
2016-10-11,7.691017442965829,7.691017442965829,7.5467046955567545,7.597638130187988,26900
2016-10-12,7.5467046955567545,7.623104847503606,7.5467046955567545,7.597638130187988,30400
2016-10-13,7.589147173390302,7.657059752913483,7.512747039374517,7.640081405639648,33800
2016-10-14,7.682529880815327,7.741952503555774,7.665551525990904,7.691019058227539,7300
2016-10-17,7.707996603479445,7.707996603479445,7.623106448502363,7.691019058227539,7500
2016-10-18,7.758927864321909,7.7674162288860655,7.691016090375423,7.750438690185547,11500
2016-10-19,7.767417071128779,7.818351311897687,7.707994464875297,7.80986213684082,67900
2016-10-20,7.707994060851069,7.775905838601737,7.707994060851069,7.758928298950195,12700
2016-10-21,7.640083225525145,7.758929256034915,7.640083225525145,7.657061576843262,26600
2016-10-24,7.691019103762521,7.775908449669677,7.665551571375104,7.682529926300049,13200
2016-10-25,7.691017836306691,7.691017836306691,7.606127694816645,7.614616870880127,28700
2016-10-26,7.640083589498185,7.648572765561668,7.538215905453563,7.614616870880127,25400
2016-10-27,7.597637724206961,7.657061140864563,7.529725941945961,7.546704292297363,47900
2016-10-28,7.546704932245885,7.555193298569082,7.470303968330505,7.478793144226074,29800
2016-10-31,7.546703944029553,7.546703944029553,7.487280530114242,7.521236419677734,25300
2016-11-01,7.504260003364652,7.538215898012676,7.3344805301245355,7.3514580726623535,24700
2016-11-02,7.359947695777499,7.376925239346572,7.241101652504243,7.258080005645752,27100
2016-11-03,7.232612659302284,7.266568553072946,7.105277450483027,7.122255802154541,21700
2016-11-04,7.147723133019105,7.1901682062652625,7.088300516217946,7.0967888832092285,28200
2016-11-07,7.2241230451419165,7.351457436662776,7.2241230451419165,7.317501544952393,33300
2016-11-08,7.351458116840981,7.3684364690532185,7.2241237135387735,7.342968940734863,36700
2016-11-09,7.054345351945319,7.071322897262996,6.88456504133343,6.977944374084473,145800
2016-11-10,6.918519295278315,6.918519295278315,6.706295171871005,6.791184902191162,72900
2016-11-11,6.765718621238466,6.765718621238466,6.604428315985412,6.7487406730651855,41000
2016-11-14,6.714785062915572,6.714785062915572,6.604428597478755,6.672340393066406,72500
2016-11-15,6.706294857265927,6.774206638336182,6.706294857265927,6.774206638336182,52500
2016-11-16,6.757230019248367,6.774207967848037,6.672340276250015,6.680829048156738,61000
2016-11-17,6.65536243545827,6.7826968496253315,6.65536243545827,6.723274230957031,33800
2016-11-18,6.731762252300148,6.74874019928152,6.663850464374657,6.697806358337402,91700
2016-11-21,6.748739835246297,6.748739835246297,6.621405442147665,6.689317226409912,40900
2016-11-22,6.706296005025092,6.782696569411746,6.706296005025092,6.7487406730651855,48200
2016-11-23,6.7657178240907605,6.79118494574321,6.706295214878653,6.782695770263672,28300
2016-11-25,6.791185291060909,6.859097079205728,6.791185291060909,6.808163642883301,10600
2016-11-28,6.867584826995962,6.935496601018462,6.867584826995962,6.910029888153076,226200
2016-11-29,6.901542149189334,6.901542149189334,6.808163642883301,6.808163642883301,108200
2016-11-30,6.825141906738281,6.884564525254508,6.816652729929546,6.825141906738281,47300
2016-12-01,6.799673801946273,6.842118867778641,6.765717506408691,6.765717506408691,75800
2016-12-02,6.78269668674922,6.78269668674922,6.706296121040872,6.7402520179748535,68000
2016-12-05,6.740251449952295,6.808163642883301,6.740251449952295,6.808163642883301,120500
2016-12-06,6.774207344024704,6.808163642883301,6.740251449952295,6.808163642883301,31600
2016-12-07,6.791185481365064,6.95247578033563,6.791185481365064,6.935498237609863,107800
2016-12-08,6.884563402548057,6.91851929467315,6.8590966858473195,6.893052577972412,253400
2016-12-09,6.791184744421182,6.901541593666703,6.791184744421182,6.859096527099609,51800
2016-12-12,6.79118485874786,6.8930525344803995,6.79118485874786,6.799674034118652,99300
2016-12-13,6.842120046911717,6.918520207089605,6.842120046911717,6.901542663574219,123900
2016-12-14,6.876075245015172,6.876075245015172,6.714784145355225,6.714784145355225,61000
2016-12-15,6.706295172475474,6.7232731185410355,6.67233928034435,6.689317226409912,56900
2016-12-16,6.697806996756409,6.731762893955749,6.672340276250015,6.680829048156738,224900
2016-12-19,6.714783942509939,6.791184902191162,6.714783942509939,6.791184902191162,91100
2016-12-20,6.748740789815238,6.7911858633758255,6.731762841348248,6.7402520179748535,60700
2016-12-21,6.723274230957031,6.740252179831721,6.6808291563771895,6.723274230957031,118100
2016-12-22,6.7448925565605915,6.796776294708252,6.684361322554007,6.796776294708252,66200
2016-12-23,6.718951225280762,6.788129550470805,6.693009147166824,6.718951225280762,42700
2016-12-27,6.770834273324119,6.805423432364359,6.753539693803998,6.788128852844238,51200
2016-12-28,6.840011802379514,6.865953874834814,6.753538914753937,6.770833492279053,64200
2016-12-29,6.814069462311096,6.848658613909815,6.8054219682438095,6.840011119842529,95700
2016-12-30,6.7967746957736255,6.865952997029711,6.7967746957736255,6.8140692710876465,66700
2017-01-03,6.917837844370518,6.917837844370518,6.874601192909095,6.891895771026611,70200
2017-01-04,6.917837602780167,7.0302525627858055,6.917837602780167,7.012957572937012,38800
2017-01-05,7.004310511276676,7.0734888174650985,7.004310511276676,7.056193828582764,43000
2017-01-06,7.073489159284825,7.073489159284825,7.012957519941976,7.021605014801025,30800
2017-01-09,7.056194358646679,7.073489348828221,7.038900193135659,7.047546863555908,36100
2017-01-10,7.0734888174650985,7.090782981676974,7.056193828582764,7.056193828582764,16600
2017-01-11,7.047546082859878,7.1599610325755005,7.021604425131789,7.134019374847412,43500
2017-01-12,7.177255256351471,7.185902749563218,7.116723628539588,7.1599602699279785,36400
2017-01-13,7.159960980180119,7.1859034623887945,7.134019322641867,7.142666816711426,51000
2017-01-17,7.159961204103655,7.246434498162794,7.159961204103655,7.220492839813232,87200
2017-01-18,7.281024531625915,7.298318697727519,7.177257061004639,7.177257061004639,24200
2017-01-19,7.203197625857488,7.203197625857488,7.134019322641867,7.142666816711426,29700
2017-01-20,7.211845792010126,7.2291399570904895,7.151314977223104,7.168609142303467,29200
2017-01-23,7.203198297134694,7.2377874519659215,7.168609142303467,7.168609142303467,33500
2017-01-24,7.203198432922363,7.229140093367185,7.177256772477541,7.203198432922363,39700
2017-01-25,7.194550966430502,7.255082607269287,7.194550966430502,7.255082607269287,30400
2017-01-26,7.272376797638537,7.272376797638537,7.19455099105835,7.19455099105835,34700
2017-01-27,7.159961835319435,7.246435137001982,7.159961835319435,7.19455099105835,26500
2017-01-30,7.2031992322703395,7.2031992322703395,7.082136762309189,7.116725921630859,68500
2017-01-31,7.099430222986484,7.151314363113092,7.073488565258396,7.134019374847412,39600
2017-02-01,7.220494563617722,7.289672885512328,7.185905402670419,7.2291412353515625,25100
2017-02-02,7.23778700382279,7.255081992502798,7.185903687123667,7.220492839813232,24800
2017-02-03,7.28102392638378,7.306965585715036,7.229139783050786,7.289671421051025,78500
2017-02-06,7.306965899372168,7.306965899372168,7.194550937883918,7.203198432922363,60600
2017-02-07,7.237787879366079,7.281024531625915,7.168609565618561,7.177257061004639,45600
2017-02-08,7.151316241723115,7.255083724565025,7.151316241723115,7.2291412353515625,24600
2017-02-09,7.220495166516358,7.298320166643055,7.220495166516358,7.263731002807617,16000
2017-02-10,7.315614300088693,7.384792619619552,7.30696680397968,7.358850955963135,33500
2017-02-13,7.436676078830055,7.453970244766401,7.393439426983378,7.428028583526611,54600
2017-02-14,7.402086821539104,7.479911804199219,7.384791831167614,7.479911804199219,38000
2017-02-15,7.462619138071107,7.549091633293146,7.462619138071107,7.5231499671936035,74700
2017-02-16,7.540442943572997,7.566384602731773,7.4972062951947205,7.540442943572998,51000
2017-02-17,7.453969938185866,7.557737403547627,7.453969938185866,7.5490899085998535,25200
2017-02-21,7.540441517510477,7.670150613444002,7.531794024536157,7.635561466217041,79700
2017-02-22,7.678800180741302,7.678800180741302,7.575032711029053,7.575032711029053,90500
2017-02-23,7.626915713788802,7.670152363857163,7.5490899085998535,7.5490899085998535,128800
2017-02-24,7.505854289756455,7.514500960271668,7.436675977611554,7.479911804199219,108400
2017-02-27,7.488560199737549,7.488560199737549,7.436676871726186,7.488560199737549,49200
2017-02-28,7.505853192688286,7.514499861939688,7.42802739673279,7.445321559906006,23000
2017-03-01,7.488560804170649,7.566386627139972,7.488560804170649,7.5231499671936035,38600
2017-03-02,7.479912040392565,7.4885595358513735,7.445322883227893,7.462617874145508,398500
2017-03-03,7.428028376766367,7.514500853382206,7.428028376766367,7.497206687927246,35400
2017-03-06,7.505854337979981,7.505854337979981,7.436676025390625,7.436676025390625,47400
2017-03-07,7.453969478607178,7.479911137180544,7.43667531444842,7.453969478607178,14800
2017-03-08,7.497206896613078,7.497206896613078,7.419381088223168,7.428028583526611,29200
2017-03-09,7.402087557337907,7.41938172475798,7.332908413645777,7.367498397827148,48500
2017-03-10,7.332907704460115,7.402086841461741,7.332907704460115,7.384791851043701,83400
2017-03-13,7.419379902810977,7.462616547749632,7.402085739637761,7.445321559906006,318200
2017-03-14,7.428029830879249,7.436677327634825,7.376145675016476,7.402088165283203,56800
2017-03-15,7.393440577870704,7.540444722230231,7.367498912592749,7.505855560302734,28100
2017-03-16,7.557736873626709,7.575031862309595,7.540442709614273,7.557736873626709,48700
2017-03-17,7.583680125182298,7.6009742909473275,7.531795978546143,7.531795978546143,80700
2017-03-20,7.514502232281606,7.5490913942091025,7.4712663983752385,7.505855560302734,40400
2017-03-21,7.505855091133866,7.51450176257226,7.3329084676360985,7.358850955963135,139200
2017-03-22,7.3069655406882195,7.332907199859619,7.229139738503546,7.332907199859619,24500
2017-03-23,7.3242605299161365,7.350202189087536,7.289671376130779,7.332907199859619,20000
2017-03-24,7.3156138794852,7.384792195038726,7.306966383873367,7.350203037261963,14600
2017-03-27,7.255082222345422,7.332907199859619,7.255082222345422,7.332907199859619,34700
2017-03-28,7.31561348592913,7.410733458530441,7.31561348592913,7.393439292907715,29200
2017-03-29,7.350202355686733,7.428028159635401,7.350202355686733,7.4193806648254395,47300
2017-03-30,7.402087186262393,7.402087186262393,7.350203037261963,7.350203037261963,29200
2017-03-31,7.3502040094204295,7.419382334123673,7.3502040094204295,7.402088165283203,21700
2017-04-03,7.367497632138362,7.436675943970321,7.358850136991736,7.393439292907715,60100
2017-04-04,7.350202775136701,7.428028583526611,7.350202775136701,7.428028583526611,33900
2017-04-05,7.436676344039156,7.436676344039156,7.34155554165013,7.350203037261963,28000
2017-04-06,7.350203037261963,7.376144699426892,7.34155554165013,7.350203037261963,42600
2017-04-07,7.34155554165013,7.384792195038726,7.332908046038296,7.350203037261963,42700
2017-04-10,7.376145675016476,7.402088165283203,7.341556512664854,7.402088165283203,47100
2017-04-11,7.4020867880543415,7.428028448823694,7.358850136991736,7.393439292907715,39100
2017-04-12,7.393438921767599,7.410733086522183,7.367497262300481,7.376143932342529,25300
2017-04-13,7.350201945608324,7.419380250887473,7.298317804313738,7.31561279296875,27500
2017-04-17,7.514500633723537,7.514500633723537,7.3588498504966955,7.4193806648254395,74400
2017-04-18,7.36749802848563,7.39343969065056,7.34155554165013,7.350203037261963,32000
2017-04-19,7.367496987161441,7.42802779854769,7.306965351104736,7.306965351104736,29700
2017-04-20,7.358849387224577,7.358849387224577,7.3156127405672,7.324260234832764,35400
2017-04-21,7.37614389371204,7.393438883046532,7.28102392638378,7.289671421051025,34700
2017-04-24,7.428028075947252,7.428028075947252,7.341554778162877,7.376143932342529,51400
2017-04-25,7.410734837368098,7.436677327634825,7.376145675016476,7.402088165283203,17600
2017-04-26,7.410734228712637,7.41938172475798,7.367498397827148,7.367498397827148,62200
2017-04-27,7.376143848258935,7.393438837486852,7.289671376130779,7.332907199859619,71600
2017-04-28,7.376143848258935,7.376143848258935,7.3242605299161365,7.332907199859619,101700
2017-05-01,7.4020867880543415,7.410733458530441,7.3761443026144615,7.393439292907715,61500
2017-05-02,7.410733492054319,7.4885592993849635,7.393439326353358,7.479911804199219,83000
2017-05-03,7.497206126009759,7.523147784583125,7.453969478607178,7.453969478607178,29300
2017-05-04,7.436676078830055,7.4453227494629575,7.367497765743589,7.428028583526611,27500
2017-05-05,7.471264404223629,7.557736873626709,7.436675251528307,7.557736873626709,35100
2017-05-08,7.505854391916522,7.5145010625494235,7.419381088223168,7.428028583526611,46900
2017-05-09,7.471266215643523,7.531797041368515,7.462618719205481,7.514502048492432,33100
2017-05-10,7.505855798017475,7.566386627139972,7.479913307247236,7.5231499671936035,34700
2017-05-11,7.505853620424367,7.505853620424367,7.428027820033813,7.453969478607178,13100
2017-05-12,7.514500853382206,7.5577375040253845,7.4626175323468065,7.497206687927246,44600
2017-05-15,7.557737191938949,7.592326346091076,7.557737191938949,7.583679676055908,22700
2017-05-16,7.600974053615988,7.635563208736575,7.540443238322587,7.5490899085998535,50800
2017-05-17,7.531796188474853,7.557737850180718,7.419381221522028,7.462617874145508,29100
2017-05-18,7.4020860869029095,7.436675239542484,7.306965298641244,7.31561279296875,31600
2017-05-19,7.402086922286822,7.453970244766401,7.3761444363764905,7.428028583526611,39200
2017-05-22,7.436675654445363,7.471264809014716,7.4193806648254395,7.4193806648254395,28500
2017-05-23,7.428029375500749,7.523149359968667,7.428029375500749,7.488560199737549,14800
2017-05-24,7.47991307035411,7.5231497289311475,7.4712663983752385,7.505855560302734,20100
2017-05-25,7.505853556918951,7.609621015004917,7.505853556918951,7.557736873626709,26600
2017-05-26,7.618269043511535,7.670152363857163,7.505854083202,7.5490899085998535,54700
2017-05-30,7.505853789804472,7.557737108122023,7.4972062951947205,7.540442943572998,43400
2017-05-31,7.549091209573948,7.549091209573948,7.479912887410914,7.514502048492432,38600
2017-06-01,7.523148483328361,7.5490901443111715,7.505854317563331,7.531795978546143,40300
2017-06-02,7.531795978546143,7.540443473763924,7.488559327127769,7.531795978546143,39000
2017-06-05,7.575032629964516,7.575032629964516,7.49720682234555,7.531795978546143,66300
2017-06-06,7.531797464117017,7.557739130216559,7.514502470270191,7.5231499671936035,67400
2017-06-07,7.557737313609543,7.557737313609543,7.471264839172363,7.471264839172363,55000
2017-06-08,7.445323543280993,7.497207695962986,7.402087711495067,7.488560199737549,56800
2017-06-09,7.471264809014716,7.488558973964145,7.410733170015478,7.4193806648254395,53500
2017-06-12,7.4020864998760105,7.4626173142047545,7.393439005066048,7.4193806648254395,27000
2017-06-13,7.5058539635840695,7.5058539635840695,7.393439005066048,7.4193806648254395,70000
2017-06-14,7.4626173142047545,7.471264809014716,7.4020864998760105,7.4193806648254395,39400
2017-06-15,7.376144699426892,7.384792195038726,7.306966383873367,7.350203037261963,89500
2017-06-16,7.306965990782503,7.393439292907715,7.306965990782503,7.393439292907715,30200
2017-06-19,7.428028159635401,7.4626173142047545,7.350202355686733,7.4193806648254395,51400
2017-06-20,7.474782689079121,7.474782689079121,7.307699680328369,7.307699680328369,71500
2017-06-21,7.32528653144491,7.360461943750308,7.32528653144491,7.351667881011963,25500
2017-06-22,7.395636473909343,7.4659872901287425,7.395636473909343,7.430811882019043,22600
2017-06-23,7.448400872401595,7.501163571383852,7.439606809688559,7.4659881591796875,118400
2017-06-26,7.553926322023402,7.553926322023402,7.483575504944433,7.527544975280762,31300
2017-06-27,7.53633985260056,7.53633985260056,7.474783083807179,7.501164436340332,57700
2017-06-28,7.5363399215970235,7.606690754761554,7.492371279855255,7.597897529602051,60500
2017-06-29,7.589102521218252,7.589102521218252,7.422018684262487,7.4659881591796875,44100
2017-06-30,7.509956851687074,7.562720383820246,7.509956851687074,7.527544975280762,36300
2017-07-03,7.5627217292785645,7.61548443215068,7.509958187758408,7.5627217292785645,49800
2017-07-05,7.536339722888367,7.536339722888367,7.465988891578759,7.492371082305908,42800
2017-07-06,7.492369321692222,7.536337951942599,7.474781198673779,7.5187506675720215,38500
2017-07-07,7.50116339477635,7.536338806152344,7.474782045906345,7.536338806152344,41000
2017-07-10,7.571515420597247,7.571515420597247,7.474783233605082,7.5451340675354,69700
2017-07-11,7.527544729081243,7.545132013451821,7.492369321692222,7.5187506675720215,28600
2017-07-12,7.527546604628623,7.6506601418409685,7.527546604628623,7.633072853088379,68400
2017-07-13,7.624278300807687,7.659453714706822,7.615484237670898,7.615484237670898,29000
2017-07-14,7.7122169968305725,7.747392409552746,7.685834808302948,7.738598346710205,114200
2017-07-17,7.747391686207251,7.75618490958081,7.712216276769276,7.729803562164307,83600
2017-07-18,7.773773812750704,7.808949225714137,7.756185686944988,7.800155162811279,40200
2017-07-19,7.808948018561921,7.914474241139368,7.808948018561921,7.905680179595947,99400
2017-07-20,7.905679472873089,7.940854877254424,7.888092190006319,7.914473533630371,27600
2017-07-21,7.949649648665185,7.949649648665185,7.870504772070132,7.905680179595947,59500
2017-07-24,7.9144768618208685,7.9144768618208685,7.870507378192234,7.896888732910156,47600
2017-07-25,7.914474241139368,7.923268302682789,7.896886118052526,7.905680179595947,39500
2017-07-26,7.9320654194833,8.011209487915039,7.888095933477985,8.011209487915039,31300
2017-07-27,7.90568058237908,7.914474644370546,7.8001543544252225,7.826535701751709,57900
2017-07-28,7.923268795013429,7.923268795013429,7.861711199032326,7.923268795013428,25300
2017-07-31,7.967240557961557,8.037591397615456,7.888095653688881,7.940858364105225,57400
2017-08-01,7.976032114150571,7.976032114150571,7.914475352002352,7.949650764465332,38700
2017-08-02,7.97603149025675,7.99361961443647,7.870505261122187,7.923268795013428,37700
2017-08-03,7.97603235962284,7.993620485719619,7.949651009125683,7.958445072174072,57800
2017-08-04,7.993619687524557,8.002413749694824,7.967238339661683,8.002413749694824,43600
2017-08-07,8.01120740369254,8.081558227539062,8.01120740369254,8.081558227539062,65000
2017-08-08,8.134321854151402,8.134321854151402,8.028795617221789,8.046382904052734,43900
2017-08-09,8.020001733108726,8.028795796044056,7.967239032792748,7.976032257080078,39700
2017-08-10,7.94965021518194,7.94965021518194,7.870505332946777,7.870505332946777,50800
2017-08-11,7.835330167082681,7.8968869268958795,7.835330167082681,7.879299640655518,27100
2017-08-14,7.879299939539372,7.967238890020814,7.879299939539372,7.949650764465332,28500
2017-08-15,7.949651253245932,7.9760326045532155,7.9232699019386486,7.9672393798828125,29200
2017-08-16,8.028796428740637,8.028796428740637,7.9672396606384455,8.020002365112305,47900
2017-08-17,7.993619775679186,7.993619775679186,7.8265359471932,7.835330009460449,102700
2017-08-18,7.914477008897053,7.949652428724002,7.870507524451326,7.940858364105225,29500
2017-08-21,7.9144763484505845,7.940857701457287,7.844125514667315,7.852919578552246,39300
2017-08-22,7.879299395116891,7.914474805149415,7.870505332946777,7.870505332946777,30500
2017-08-23,7.861710024648871,7.932061672210693,7.861710024648871,7.932061672210693,26900
2017-08-24,7.949648955115303,7.984824359572317,7.896885429105885,7.932061672210693,20300
2017-08-25,7.97603235962284,7.97603235962284,7.940856946077293,7.958445072174072,23600
2017-08-28,7.967239032792748,7.976032257080077,7.949650906922089,7.976032257080078,216400
2017-08-29,7.93206361969943,7.984826320015408,7.914475493828769,7.976032257080078,73500
2017-08-30,7.984828131771126,8.011209487915039,7.9584467756272135,8.011209487915039,73500
2017-08-31,8.011207117651939,8.02879524230957,7.958444420974928,8.02879524230957,443400
2017-09-01,8.028796336664252,8.072765815653591,8.020002273136772,8.055177688598633,571800
2017-09-05,8.046383433804664,8.072765623759985,7.958445316564372,7.9672393798828125,73900
2017-09-06,8.028795011105577,8.037589073181152,7.984825539375622,8.037589073181152,28900
2017-09-07,8.037589304638386,8.037589304638386,8.002413893971065,8.02879524230957,23700
2017-09-08,8.02000103538743,8.02000103538743,7.98482562535429,8.002413749694824,42200
2017-09-11,8.028796336664252,8.072765815653591,8.028796336664252,8.055177688598633,48000
2017-09-12,8.09914516609058,8.134320572859734,8.063969759321424,8.090351104736328,98500
2017-09-13,8.107940125973029,8.107940125973029,8.02879524230957,8.02879524230957,57900
2017-09-14,8.072764942297166,8.151909828186035,8.055176817144988,8.151909828186035,23700
2017-09-15,8.134323353606138,8.231055545627584,8.099147934812144,8.125529289245605,39900
2017-09-18,8.18708395289022,8.18708395289022,8.046381489734134,8.063969612121582,62800
2017-09-19,8.116733898103158,8.116733898103158,8.046383072014898,8.107940673828125,53500
2017-09-20,8.107938848116644,8.116732070411658,8.055175321107518,8.072763442993164,47100
2017-09-21,8.116733728672475,8.125527791411939,8.037589679961252,8.046382904052734,56200
2017-09-22,8.037588267188244,8.099145018248645,8.002412861061181,8.063969612121582,36000
2017-09-25,8.028796567939022,8.028796567939022,7.870506774476977,7.888094902038574,48100
2017-09-26,7.8968869268958795,7.905680989340038,7.844124229526839,7.879299640655518,49400
2017-09-27,7.888093385301907,7.923268795013429,7.861711199032326,7.923268795013428,51100
2017-09-28,7.870506774476977,7.905682190952089,7.861712710696179,7.888094902038574,29500
2017-09-29,7.949652280994147,7.949652280994147,7.870507378192234,7.896888732910156,65400
2017-10-02,7.9232710735158305,7.940858364105225,7.896888879659497,7.940858364105225,86500
2017-10-03,8.002415076503707,8.028796428740637,7.958445597010114,8.020002365112305,34100
2017-10-04,8.02000103538743,8.046382383250304,7.98482562535429,8.002413749694824,50300
2017-10-05,8.011206973217163,8.046382383250304,8.002413749694824,8.002413749694824,36500
2017-10-06,8.011206973217163,8.02000103538743,7.98482562535429,8.002413749694824,62100
2017-10-09,8.055177497123104,8.055177497123104,7.958445316564372,7.9672393798828125,145900
2017-10-10,8.020001554482327,8.063971029531661,8.011207491742864,8.046382904052734,44800
2017-10-11,8.072763673315306,8.072763673315306,8.046381489734134,8.063969612121582,114600
2017-10-12,8.09914516609058,8.125526511505484,8.063969759321424,8.090351104736328,34900
2017-10-13,8.107941999172677,8.14311741796667,8.107941999172677,8.125529289245605,44600
2017-10-16,8.125527791411939,8.143115916890865,8.046382904052734,8.046382904052734,64600
2017-10-17,8.08156052160494,8.134324073791504,8.072767295114023,8.134324073791504,35000
2017-10-18,8.134323353606138,8.134323353606138,8.107941999172677,8.125529289245605,27600
2017-10-19,8.063971752126113,8.063971752126113,8.011208209609293,8.055177688598633,59200
2017-10-20,8.055176358684383,8.090351768338763,8.037589073181152,8.037589073181152,50800
2017-10-23,8.116734455994875,8.125528519522355,8.055177688598633,8.055177688598633,109400
2017-10-24,8.090351768338763,8.090351768338763,8.002413663526772,8.037589073181152,122200
2017-10-25,8.222261541028514,8.222261541028514,7.976032794147432,8.055177688598633,182200
2017-10-26,8.081559040533014,8.090353104060494,8.037590400191732,8.055177688598633,32200
2017-10-27,8.06396985354357,8.187084197998047,8.06396985354357,8.187084197998047,30400
2017-10-30,8.160702013627034,8.213465543721199,8.134320667903882,8.187084197998047,67200
2017-10-31,8.213465543721199,8.213465543721199,8.178290136541044,8.187084197998047,43400
2017-11-01,8.222257919400102,8.239845200060397,8.178288459777832,8.178288459777832,112300
2017-11-02,8.222261894901768,8.248643247971561,8.19587970318388,8.204673767089844,31200
2017-11-03,8.143118138930632,8.151912204069761,8.072767295114023,8.134324073791504,38900
2017-11-06,8.169498350114088,8.231055120159636,8.151911060950257,8.204673767089844,73200
2017-11-07,8.204673413973556,8.204673413973556,8.046383625071153,8.055177688598633,54400
2017-11-08,8.134322308015232,8.160703659057617,8.09914689374271,8.160703659057617,38800
2017-11-09,8.037590492368968,8.037590492368968,7.984826949247043,8.020002365112305,71500
2017-11-10,7.993620485719619,7.993620485719619,7.949651009125683,7.958445072174072,38100
2017-11-13,7.984826320015408,7.984826320015408,7.949650906922089,7.976032257080078,108700
2017-11-14,7.958445316564372,7.9672393798828125,7.914475838620208,7.9672393798828125,58100
2017-11-15,7.923270926276224,7.93206499073158,7.870507378192234,7.896888732910156,81800
2017-11-16,7.940856843986759,7.993620382950738,7.93206361969943,7.976032257080078,38900
2017-11-17,7.896888732910156,7.896888732910156,7.8793014426475905,7.896888732910156,52900
2017-11-20,7.905682190952089,7.905682190952089,7.852919485563462,7.888094902038574,62800
2017-11-21,7.914476254732888,7.914476254732888,7.870506774476977,7.888094902038574,54900
2017-11-22,7.888093385301907,7.940856080545228,7.879299323212047,7.923268795013428,95500
2017-11-24,7.940858364105225,7.940858364105225,7.914477008897053,7.940858364105225,29300
2017-11-27,7.888092832213252,7.888092832213252,7.835329302021625,7.844123363494873,80500
2017-11-28,7.879300182034589,7.958445072174072,7.879300182034589,7.958445072174072,113000
2017-11-29,7.958444511496555,7.958444511496555,7.852918278294306,7.861711502075195,867100
2017-11-30,7.86171135761426,7.870505419881509,7.8265359471932,7.835330009460449,56600
2017-12-01,7.835331393317727,7.835331393317727,7.7385992072371925,7.77377462387085,55100
2017-12-04,7.712217254879534,7.81774349657694,7.606690174534109,7.615484237670898,108200
2017-12-05,7.641865974413419,7.668248165156314,7.606690558737623,7.650660037994385,47800
2017-12-06,7.641865974413419,7.650660037994385,7.615484622318587,7.650660037994385,128800
2017-12-07,7.597895986433878,7.729803562164307,7.597895986433878,7.729803562164307,35000
2017-12-08,7.7649806169991145,7.852919578552246,7.7649806169991145,7.852919578552246,175800
2017-12-11,7.888092832213252,7.905680116511887,7.844123363494873,7.844123363494873,81400
2017-12-12,7.852918133994947,7.852918133994947,7.808948661306639,7.835330009460449,114600
2017-12-13,7.9144768618208685,7.9144768618208685,7.8793014426475905,7.896888732910156,44600
2017-12-14,7.870504068491755,7.940854877254424,7.870504068491755,7.914473533630371,112800
2017-12-15,7.958445072174072,7.9848264226712296,7.896887469483357,7.958445072174072,87700
2017-12-18,8.037589304638386,8.055176590648076,8.011207117651939,8.02879524230957,101600
2017-12-19,8.072765375859102,8.072765375859102,7.958445072174072,7.958445072174072,69300
2017-12-20,8.037591682707143,8.037591682707143,7.9936221967018275,8.011209487915039,48800
2017-12-21,8.125767277648162,8.134648101255243,8.099125653748876,8.108006477355957,63200
2017-12-22,8.116887092590332,8.143528715805687,8.108006269211236,8.116887092590332,59600
2017-12-26,8.170170981288853,8.170170981288853,8.108006906592248,8.125767707824707,60200
2017-12-27,8.179051828417192,8.205693453801965,8.15241020303242,8.196812629699707,356800
2017-12-28,8.241216659545898,8.258978309380316,8.214575031716352,8.241216659545898,54900
2017-12-29,8.285620900106991,8.285620900106991,8.250098443232064,8.276740074157715,78800
2018-01-02,8.321140117829396,8.401065826416016,8.303379319766728,8.401065826416016,102000
2018-01-03,8.409948978151647,8.409948978151647,8.356664875362233,8.383306503295898,64200
2018-01-04,8.36554451452443,8.392186138681728,8.276737971437486,8.321141242980957,364000
2018-01-05,8.356664867301749,8.383306495209716,8.321142414450431,8.347784042358398,167200
2018-01-08,8.374426126585377,8.472112655639648,8.36554530205625,8.472112655639648,155000
2018-01-09,8.507635635486842,8.51651646056781,8.418829078521338,8.454352378845215,102900
2018-01-10,8.472112645855592,8.472112645855592,8.418828545664407,8.436590194702148,80300
2018-01-11,8.498753585633246,8.614201754282092,8.489873608754083,8.605320930480957,106000
2018-01-12,8.631962219690815,8.631962219690815,8.569797308518655,8.578678131103516,63500
2018-01-16,8.667485612886697,8.676366436444711,8.507634176530221,8.543156623840332,247500
2018-01-17,8.543157171081585,8.596441268920898,8.49875389736916,8.596441268920898,88300
2018-01-18,8.560919436581868,8.596441888728593,8.498754510133546,8.534276962280273,128800
2018-01-19,8.569797083181244,8.569797083181244,8.516513842916849,8.55203628540039,58400
2018-01-22,8.543155463049047,8.569797083181244,8.543155463049047,8.55203628540039,62700
2018-01-23,8.57867959782131,8.587560421924545,8.507634698839427,8.525396347045898,139100
2018-01-24,8.525397293216027,8.552038921560488,8.436590736171699,8.489874839782715,132900
2018-01-25,8.54315544453736,8.552036266869461,8.489872204388421,8.51651382446289,62000
2018-01-26,8.49875217979869,8.525394646794991,8.454349761981852,8.51651382446289,69100
2018-01-29,8.552038921560488,8.552038921560488,8.472113189605011,8.489874839782715,52800
2018-01-30,8.525397293216027,8.543158096471636,8.454352386349402,8.489874839782715,128200
2018-01-31,8.578677342391586,8.587558164159955,8.480990843704866,8.498751640319824,164200
2018-02-01,8.472113182085058,8.480994007166029,8.436590728683276,8.454352378845215,102700
2018-02-02,8.374423923448138,8.374423923448138,8.26785659790039,8.26785659790039,67500
2018-02-05,8.214573564868248,8.24121518794049,8.010319709777832,8.010319709777832,126000
2018-02-06,7.868229105542476,8.09912543145757,7.797184212479666,8.081364631652832,312400
2018-02-07,8.072484960758041,8.143529863963577,8.019200859892864,8.036962509155273,84600
2018-02-08,8.028080648481934,8.063603095500449,7.823826789855957,7.823826789855957,60100
2018-02-09,7.877111006702657,7.903752633516006,7.681737100586657,7.859350204467773,116000
2018-02-12,7.903750787170249,8.028079761458907,7.894870811588225,8.00143814086914,118000
2018-02-13,8.028080758736147,8.108006477355957,8.01031995844394,8.108006477355957,74600
2018-02-14,8.001441031945532,8.223456593229777,8.001441031945532,8.21457576751709,47700
2018-02-15,8.267858020452824,8.392186164855957,8.250096373011253,8.392186164855957,95900
2018-02-16,8.418827802058999,8.463231073809329,8.374425377230635,8.427708625793457,35200
2018-02-20,8.392186164855957,8.436589436537918,8.392186164855957,8.392186164855957,52100
2018-02-21,8.44547101922102,8.525396746046777,8.409948568067577,8.436590194702148,102300
2018-02-22,8.543158088888624,8.543158088888624,8.401068275281494,8.454352378845215,47300
2018-02-23,8.472110712510379,8.472110712510379,8.34778173838432,8.401065826416016,59800
2018-02-26,8.41882950874769,8.507636070251465,8.401068704600219,8.507636070251465,81000
2018-02-27,8.480993883922809,8.525397161760305,8.383306503295898,8.383306503295898,77400
2018-02-28,8.409947996976463,8.409947996976463,8.276738179005347,8.312260627746582,65400
2018-03-01,8.321138124024534,8.338899764753231,8.196809179688588,8.258974075317383,36500
2018-03-02,8.17905165669745,8.312260627746582,8.152410031872021,8.312260627746582,93900
2018-03-05,8.258978647119175,8.347784359156604,8.250097821838798,8.33890438079834,43100
2018-03-06,8.374424205861091,8.418826624478683,8.356662560876577,8.401065826416016,54900
2018-03-07,8.383304612013086,8.436588702781549,8.347782167141409,8.418827056884766,32500
2018-03-08,8.427706283586991,8.427706283586991,8.347780586033537,8.409945487976074,42900
2018-03-09,8.472112655639648,8.480993480168776,8.427709379916054,8.472112655639648,47000
2018-03-12,8.50763300213079,8.525394646794991,8.489872204388421,8.51651382446289,31600
2018-03-13,8.54315490223989,8.578677342391586,8.44546840355317,8.498751640319824,38700
2018-03-14,8.54315544453736,8.54315544453736,8.489872204388421,8.51651382446289,40500
2018-03-15,8.552037972433604,8.59644124602778,8.489873897554958,8.525396347045898,32400
2018-03-16,8.480992734226993,8.507634358549081,8.436589462408868,8.463231086730957,76000
2018-03-19,8.480994440569187,8.525397721321074,8.445471985352105,8.507636070251465,60700
2018-03-20,8.534274865101075,8.578678131103516,8.516514066853212,8.578678131103516,47100
2018-03-21,8.534276033915816,8.649724202564663,8.534276033915816,8.605320930480957,47600
2018-03-22,8.52539728564878,8.587561367371377,8.436590728683276,8.454352378845215,77200
2018-03-23,8.445471743396523,8.489875022876292,8.33890438079834,8.33890438079834,44400
2018-03-26,8.516515556823062,8.631963729858398,8.480993107190807,8.631963729858398,51300
2018-03-27,8.658603044463348,8.658603044463348,8.472110021936498,8.498751640319824,42700
2018-03-28,8.498752769576514,8.5165144154733,8.39218543496148,8.418827056884766,101800
2018-03-29,8.418829078521338,8.489874832246997,8.356664996798742,8.454352378845215,55300
2018-04-02,8.445470022570486,8.463230822590234,8.294499411253895,8.330021858215332,77500
2018-04-03,8.463231425245251,8.534276324227132,8.436589799857545,8.525396347045898,1245000
2018-04-04,8.43658951286924,8.605320930480957,8.41882786526697,8.605320930480957,54100
2018-04-05,8.614201145005488,8.676366060294583,8.614201145005488,8.667485237121582,327400
2018-04-06,8.62308234201857,8.685246413080778,8.534275800282316,8.543156623840332,110200
2018-04-09,8.658605575561523,8.703008850461629,8.596441498854592,8.658605575561523,97900
2018-04-10,8.685246795121797,8.756291692867096,8.685246795121797,8.711889266967773,68900
2018-04-11,8.685246467590332,8.711888938431589,8.640843196443525,8.685246467590332,54700
2018-04-12,8.711886840385281,8.738528457888597,8.703006018910258,8.729647636413574,95600
2018-04-13,8.703008101330816,8.711888924930806,8.614201559174827,8.649724006652832,254000
2018-04-16,8.658605343965094,8.658605343965094,8.56979879654024,8.596441268920898,165900
2018-04-17,8.596441498854592,8.658605575561523,8.569799025761313,8.658605575561523,50800
2018-04-18,8.658606333909287,8.747412891487452,8.658606333909287,8.738532066345215,79200
2018-04-19,8.738528457888597,8.774050896866934,8.685244375960215,8.729647636413574,76300
2018-04-20,8.747414054865592,8.747414054865592,8.658607485476436,8.694129943847656,65300
2018-04-23,8.694128977141245,8.703009802477139,8.587561613876886,8.62308406829834,100900
2018-04-24,8.640843684253381,8.667486156598711,8.525396358444961,8.560918807983398,99400
2018-04-25,8.543157787047472,8.543157787047472,8.489874532288413,8.534276962280273,45700
2018-04-26,8.614201766898004,8.649724215232599,8.569798494749268,8.640843391418457,45500
2018-04-27,8.782934826381496,8.809576453312552,8.765173177146092,8.791814804077148,77000
2018-04-30,8.836215500035923,8.853977144084862,8.720767354483232,8.74740982055664,247700
2018-05-01,8.7562894821167,8.7562894821167,8.640841340697941,8.7562894821167,97900
2018-05-02,8.791814141739746,8.791814141739746,8.685246795121797,8.711889266967773,87700
2018-05-03,8.729652402218877,8.729652402218877,8.614204200781858,8.694129943847656,42200
2018-05-04,8.685246795121797,8.747411715840423,8.649724346249146,8.711889266967773,63500
2018-05-07,8.747409507332005,8.791811922020797,8.747409507332005,8.7562894821167,85200
2018-05-08,8.747411372408811,8.747411372408811,8.631963206374806,8.649724006652832,44400
2018-05-09,8.711886840385281,8.729647636413574,8.640841115506854,8.729647636413574,97700
2018-05-10,8.756292691670822,8.925024978254179,8.703009435744981,8.88950252532959,104700
2018-05-11,8.898381409484376,8.925023031636549,8.818455696105957,8.818455696105957,134600
2018-05-14,8.871739595958742,8.916142867441332,8.845097971837973,8.862858772277832,122700
2018-05-15,8.853980484673713,8.871741288501964,8.79181555396953,8.83621883392334,112000
2018-05-16,8.845097971837973,8.880620419639651,8.836217148157061,8.862858772277832,218500
2018-05-17,8.871741288501964,8.88062211387715,8.809577204719902,8.83621883392334,66100
2018-05-18,8.800694451496915,8.800694451496915,8.756291181269921,8.765172004699707,73800
2018-05-21,8.871739387512207,8.925023481423768,8.845097764017396,8.871739387512207,88400
2018-05-22,8.951665435849076,8.951665435849076,8.880620539288525,8.898382186889648,125800
2018-05-23,8.880620419639651,8.907262043760422,8.818456347717202,8.862858772277832,86900
2018-05-24,8.818454387140198,8.880618445241925,8.72964786391907,8.7562894821167,73400
2018-05-25,8.809575443764832,8.809575443764832,8.587559935296811,8.649724006652832,115400
2018-05-29,8.58755870927603,8.6142003293505,8.480991382056322,8.51651382446289,129900
2018-05-30,8.54315739959006,8.658605575561523,8.534276575225634,8.658605575561523,101400
2018-05-31,8.667487348055685,8.676368173391579,8.587561613876886,8.62308406829834,231400
2018-06-01,8.667484663108397,8.676365485693255,8.578678131103516,8.578678131103516,101100
2018-06-04,8.507635511856474,8.507635511856474,8.374426525266065,8.383306503295898,161800
2018-06-05,8.365541378924632,8.365541378924632,8.250093254953034,8.258974075317383,76300
2018-06-06,8.26785796843578,8.276737945178732,8.21457387336827,8.250096321105957,124000
2018-06-07,8.214574056388482,8.232335704114034,8.116887534663883,8.170170783996582,126300
2018-06-08,8.108007045860758,8.232336044311523,8.090245397401215,8.232336044311523,129900
2018-06-11,8.17017057559471,8.214573846853988,8.161289751958464,8.179051399230957,140800
2018-06-12,8.17017057559471,8.223454670490234,8.17017057559471,8.179051399230957,77800
2018-06-13,8.20569302321774,8.20569302321774,8.152409775244173,8.179051399230957,41200
2018-06-14,8.179050861191978,8.196811660374165,8.152409238957748,8.16128921508789,55200
2018-06-15,8.15240997075754,8.161289947684793,8.08136507380766,8.134648323059082,85800
2018-06-18,8.072485397260786,8.125768654085094,8.036962943737217,8.090246200561523,176500
2018-06-19,8.02182077473851,8.057833404421613,7.976804772982425,8.048830032348633,96500
2018-06-20,8.057833404421613,8.057833404421613,8.01281740266553,8.048830032348633,124500
2018-06-21,8.057833422314765,8.057833422314765,7.985808162788618,7.994811534881592,51800
2018-06-22,8.066837043941302,8.084842930075409,8.057833671569824,8.057833671569824,73100
2018-06-25,8.039826542075497,8.048829054445887,7.940791178522776,8.012816429138184,62100
2018-06-26,7.958799305669585,7.958799305669585,7.886774042518546,7.940792560577393,149800
2018-06-27,7.931790943746306,7.940793458701746,7.787739542542777,7.796742916107178,92100
2018-06-28,7.751726906894135,7.805746289671578,7.7247176448098935,7.796742916107178,46900
2018-06-29,7.868766517100031,7.877769888753285,7.850760632402303,7.859763145446777,39100
2018-07-02,7.805744632744814,7.859763145446777,7.760728633087325,7.859763145446777,125800
2018-07-03,7.904781171357973,7.922787919280197,7.877771908083634,7.895778656005859,62200
2018-07-05,7.904779224844059,7.92278596833221,7.8327539681090315,7.913782596588135,39700
2018-07-06,7.895777017685346,8.012817420458719,7.895777017685346,7.994811534881592,39800
2018-07-09,8.102849006652832,8.111852378281887,8.048829635487285,8.102849006652832,62800
2018-07-10,8.075840950012207,8.102850210302723,8.039828316755218,8.075840950012207,55900
2018-07-11,8.030825066969193,8.057834327673989,7.96780317245503,7.976805686950684,42300
2018-07-12,8.030824943788744,8.075840950012207,8.030824943788744,8.075840950012207,50300
2018-07-13,8.030823707580566,8.048829592132911,7.958798452153646,8.030823707580566,31500
2018-07-16,7.994811534881592,8.003814906974565,7.9768047906956445,7.994811534881592,61900
2018-07-17,7.949795533025545,8.012817420458719,7.949795533025545,7.994811534881592,46100
2018-07-18,7.994810545788689,8.021819800117289,7.958797920480985,8.012816429138184,43100
2018-07-19,7.97680380383048,8.030823171096394,7.9678012914600895,8.012816429138184,92500
2018-07-20,8.039827785435717,8.093846302446885,8.012817668321286,8.057833671569824,35300
2018-07-23,8.084842662031736,8.102849406177697,8.048830032348633,8.048830032348633,59900
2018-07-24,8.102850242681129,8.183878882485365,8.066837609280237,8.147866249084473,52900
2018-07-25,8.16587099745401,8.282912254333496,8.147865112569589,8.282912254333496,34500
2018-07-26,8.219891264425641,8.246900523997823,8.174875259399414,8.174875259399414,49000
2018-07-27,8.2198908423528,8.2378967282734,8.174874839638044,8.19288158416748,44100
2018-07-30,8.192882022052586,8.210887908935547,8.15686938967778,8.210887908935547,67500
2018-07-31,8.201885223388672,8.246901232281088,8.183879334997078,8.201885223388672,36100
2018-08-01,8.156869888305664,8.192882522881915,8.13886314171307,8.156869888305664,87600
2018-08-02,8.111851960255812,8.147864586307422,8.039826708152594,8.120855331420898,49300
2018-08-03,8.12085695623567,8.12085695623567,8.05783420407926,8.075840950012207,67400
2018-08-06,8.01281740266553,8.057833404421613,8.003814889201367,8.048830032348633,55900
2018-08-07,8.093847781029654,8.102851155045865,8.030825880134179,8.03982925415039,51900
2018-08-08,8.048831769557598,8.048831769557598,8.012819132101754,8.03982925415039,37600
2018-08-09,8.012816697079206,8.057832694871307,8.00381418440778,8.021820068359375,55500
2018-08-10,7.931790010431232,7.931790010431232,7.868767261505127,7.868767261505127,60200
2018-08-13,7.868766473588173,7.895776588398576,7.787737846374512,7.787737846374512,82200
2018-08-14,7.796743129917407,7.796743129917407,7.643689209561237,7.661695957183838,155400
2018-08-15,7.589670377987262,7.589670377987262,7.4726290989850055,7.544654369354248,110300
2018-08-16,7.616679152384501,7.643688412392592,7.598672406639843,7.634685039520264,58200
2018-08-17,7.616679433066658,7.697708074685813,7.598672686658434,7.679701328277588,216600
2018-08-20,7.733719333971254,7.79674121797798,7.724715962367786,7.787737846374512,68800
2018-08-21,7.8417580025990015,7.931790010431232,7.8417580025990015,7.868767261505127,39300
2018-08-22,7.886775003210773,7.886775003210773,7.841758993605734,7.850762367248535,59100
2018-08-23,7.778735311573062,7.832753823824885,7.742722683868922,7.751725196838379,73000
2018-08-24,7.8237528800964355,7.859765518975937,7.787740241216933,7.8237528800964355,46400
2018-08-27,7.823752522925958,7.922787919280197,7.823752522925958,7.895778656005859,86400
2018-08-28,7.886773260406538,7.91378251675752,7.850760632402303,7.859763145446777,69000
2018-08-29,7.859763907021927,7.9317900286181775,7.859763907021927,7.90477991104126,52400
2018-08-30,7.832753845783076,7.832753845783076,7.787737846374512,7.787737846374512,43600
2018-08-31,7.787739610357893,7.850762367248535,7.787739610357893,7.850762367248535,70800
2018-09-04,7.778736307628384,7.778736307628384,7.70671104299738,7.733720302581787,65700
2018-09-05,7.778736985437012,7.778736985437012,7.6526923320452775,7.688704967498779,60500
2018-09-06,7.697708341014394,7.733720976467896,7.670699079076507,7.688704967498779,63700
2018-09-07,7.6616949471530935,7.688704206417417,7.634684829279899,7.643688201904297,35900
2018-09-10,7.679700833793019,7.679700833793019,7.625682315264372,7.643688201904297,93200
2018-09-11,7.643689474036565,7.69770886016448,7.607676836154293,7.670699596405029,212400
2018-09-12,7.634685585014049,7.715714229436667,7.634685585014049,7.688704967498779,31100
2018-09-13,7.697707579041815,7.724716838306138,7.634684829279899,7.643688201904297,47100
2018-09-14,7.6436877627416395,7.6887037646683964,7.607675132921998,7.6256818771362305,150800
2018-09-17,7.625682315264372,7.652691574528696,7.616678942639974,7.643688201904297,44700
2018-09-18,7.661695037950783,7.760729562166193,7.661695037950783,7.733720302581787,37300
2018-09-19,7.787736657626937,7.787736657626937,7.751724035318934,7.760727405548096,37000
2018-09-20,7.751726240503855,7.850761623980596,7.751726240503855,7.8417582511901855,74500
2018-09-21,7.877770634010122,7.931790010431232,7.868767261505127,7.868767261505127,63700
2018-09-24,7.8777715609688626,7.886774934533263,7.796742916107178,7.796742916107178,52500
2018-09-25,7.814746768314421,7.814746768314421,7.760727405548096,7.760727405548096,27300
2018-09-26,7.769730775777257,7.814746768314421,7.742721523698416,7.760727405548096,128300
2018-09-27,7.733719312290694,7.7607285684166065,7.706710056164783,7.751725196838379,67200
2018-09-28,7.787739569399457,7.787739569399457,7.697708409271852,7.742724418640137,66300
2018-10-01,7.742724842047661,7.76073073161424,7.715714719784275,7.72471809387207,51900
2018-10-02,7.697706706166158,7.787737846374512,7.697706706166158,7.787737846374512,27300
2018-10-03,7.823750452246657,7.832753823824885,7.742722683868922,7.751725196838379,58300
2018-10-04,7.706710951666213,7.706710951666213,7.634684829279899,7.643688201904297,26700
2018-10-05,7.625681857326185,7.69770711677836,7.562659111348917,7.589669227600098,111300
2018-10-08,7.6076763090763695,7.6526923179626465,7.589670420687232,7.6526923179626465,54700
2018-10-09,7.652692583372537,7.733721230456272,7.625683320547621,7.661695957183838,83100
2018-10-10,7.61667834508543,7.61667834508543,7.427611827850342,7.427611827850342,872000
2018-10-11,7.427612210612489,7.427612210612489,7.310570945472806,7.33758020401001,71100
2018-10-12,7.391600898442211,7.490635436486791,7.391600898442211,7.472629547119141,129900
2018-10-15,7.463625470803177,7.499638104758688,7.427612836847667,7.445619583129883,243200
2018-10-16,7.517643666632569,7.616678179755059,7.517643666632569,7.5986714363098145,322500
2018-10-17,7.61667965414318,7.61667965414318,7.526647636706706,7.580667018890381,272600
2018-10-18,7.562659494319623,7.571662866859278,7.46362497221001,7.499637603759766,39400
2018-10-19,7.472628571254295,7.571663096365766,7.472628571254295,7.526647090911865,43600
2018-10-22,7.643687180855982,7.661693923699426,7.4906333011217265,7.535649299621582,93600
2018-10-23,7.4366156589121575,7.46362491772509,7.256552502477851,7.391599655151367,77800
2018-10-24,7.4006036962311255,7.4006036962311255,7.193530403667041,7.220540523529053,161500
2018-10-25,7.310569822790075,7.355585819178217,7.265553826401933,7.328576564788818,155500
2018-10-26,7.25655313309233,7.328578401925248,7.184527434954948,7.274559020996094,49600
2018-10-29,7.292565921514906,7.292565921514906,7.085492625290548,7.121505260467529,165800
2018-10-30,7.103498817316004,7.220540523529053,7.103498817316004,7.220540523529053,180100
2018-10-31,7.283562144025864,7.328578150152146,7.274558771078826,7.301568031311035,86400
2018-11-01,7.391599971635125,7.526647130090911,7.391599971635125,7.508641242980957,326700
2018-11-02,7.580666508638562,7.589669881497986,7.436615977323351,7.508641242980957,64300
2018-11-05,7.571663659623859,7.634685556782204,7.571663659623859,7.616679668426514,65300
2018-11-06,7.6616940715980295,7.706710070966858,7.6616940715980295,7.697706699371338,66100
2018-11-07,7.8327539681090315,7.913782596588135,7.805744711485592,7.913782596588135,67300
2018-11-08,7.91378251675752,7.967801888068262,7.8327538890957955,7.859763145446777,50700
2018-11-09,7.832753845783076,7.832753845783076,7.742722705574722,7.787737846374512,85100
2018-11-12,7.8057433980852595,7.841756020393262,7.751724035318934,7.760727405548096,58400
2018-11-13,7.769730775777257,7.814746768314421,7.742721523698416,7.760727405548096,35700
2018-11-14,7.796742942994906,7.832755578767741,7.715714297853787,7.742724418640137,23700
2018-11-15,7.715714271245493,7.832755551755819,7.67970163559685,7.796742916107178,58300
2018-11-16,7.77873709532406,7.86876825592517,7.760730348038457,7.850762367248535,75100
2018-11-19,7.850760626039658,7.850760626039658,7.7517252551516895,7.7697319984436035,125000
2018-11-20,7.697707579041815,7.706710951666213,7.616678942639974,7.643688201904297,38700
2018-11-21,7.706710077769626,7.8057445895814475,7.706710077769626,7.787737846374512,33000
2018-11-23,7.742724432339716,7.787739583178684,7.715714311505577,7.7787370681762695,15500
2018-11-26,7.805746778704089,7.8777720545137795,7.805746778704089,7.832756042480469,76100
2018-11-27,7.832755452316319,7.967803478240968,7.832755452316319,7.967803478240967,60300
2018-11-28,8.012818645046954,8.129859924316406,7.994812756718012,8.129859924316406,63400
2018-11-29,8.120855749910941,8.120855749910941,8.039827122467008,8.102849006652832,33000
2018-11-30,8.04882936938343,8.102848738763033,8.030823485329394,8.09384536743164,242400
2018-12-03,8.17487457297526,8.192881316917319,8.111852686395665,8.183877944946289,122400
2018-12-04,8.201884737107218,8.201884737107218,8.039828316755218,8.075840950012207,171500
2018-12-06,7.922787967766648,8.03982925415039,7.841759318838748,8.03982925415039,351600
2018-12-07,8.021822173416922,8.048831435736359,7.850762367248535,7.850762367248535,48100
2018-12-10,7.805744632744814,7.868766517100031,7.742722748389597,7.859763145446777,87600
2018-12-11,7.949795144761755,7.949795144761755,7.8147480043980675,7.859763145446777,42000
2018-12-12,8.048830954569418,8.048830954569418,7.877771158627152,7.976805686950684,68000
2018-12-13,8.021819489022059,8.021819489022059,7.8777689933776855,7.8777689933776855,54700
2018-12-14,7.922786694779897,7.9317900673495,7.850761431440805,7.886774063110352,51500
2018-12-17,7.886773209833398,7.886773209833398,7.679699956180297,7.697706699371338,64400
2018-12-18,7.784300971877328,7.793416287070722,7.6384594059202175,7.656689167022705,236300
2018-12-19,7.6840363455583365,7.747841823581516,7.529079439543951,7.565539836883545,91200
2018-12-20,7.574654764990311,7.647575555928956,7.437927630017052,7.483503341674805,108500
2018-12-21,7.47438674595909,7.519962449814817,7.319429874420166,7.319429874420166,95100
2018-12-24,7.4288113223306995,7.4288113223306995,7.29208507489022,7.3012003898620605,72600
2018-12-26,7.273854470732631,7.519962310791016,7.246508961996314,7.519962310791016,353800
2018-12-27,7.437927630017052,7.510848420955697,7.328546443609083,7.483503341674805,91800
2018-12-28,7.53819361047808,7.592883763532953,7.474387272868315,7.501732349395752,83100
2018-12-31,7.611114102467938,7.611114102467938,7.483502301421935,7.529078006744385,293700
2019-01-02,7.529079162089867,7.638460350077843,7.4835034497737745,7.58376932144165,63500
2019-01-03,7.565538013804171,7.583767773438894,7.5017316818720605,7.519962310791016,60800
2019-01-04,7.61111368842809,7.74783992767334,7.583767745151657,7.74783992767334,35000
2019-01-07,7.756957252998942,7.829878048738166,7.747841936210425,7.811647415161133,103400
2019-01-08,7.884566116565763,7.902796745300293,7.7934155807457834,7.902796745300293,61100
2019-01-09,7.948373041464842,7.97571811732464,7.911912650557015,7.966602802276611,42000
2019-01-10,7.993949047439273,8.066869831991696,7.975718416659007,8.057754516601562,48800
2019-01-11,8.066868319394365,8.11244314923077,8.0212926202738,8.103328704833984,116400
2019-01-14,8.075983226962974,8.075983226962974,8.012177766105323,8.066868782043457,32400
2019-01-15,8.057754988221271,8.066870304144922,8.003063961963733,8.021294593811035,54300
2019-01-16,8.066869928483683,8.09421500569685,8.039523981986186,8.048639297485352,27900
2019-01-17,8.03040899254628,8.176250553530013,8.03040899254628,8.167135238647461,31900
2019-01-18,8.203597643198997,8.203597643198997,8.158021926879883,8.158021926879883,38200
2019-01-22,8.176251008820328,8.18536545492614,8.057754516601562,8.057754516601562,88700
2019-01-23,8.148906609759162,8.167137244000603,8.103331762724535,8.158021926879883,92400
2019-01-24,8.203596238249743,8.340322494506836,8.194480922690113,8.340322494506836,91600
2019-01-25,8.395012855529785,8.431473245604272,8.3585524654553,8.395012855529785,100300
2019-01-28,8.385898106156077,8.385898106156077,8.322092636544355,8.349437713623047,89400
2019-01-29,8.395013244087226,8.449704266372425,8.395013244087226,8.44058895111084,148200
2019-01-30,8.458818919478961,8.549970335758195,8.431473842308923,8.495279312133789,53900
2019-01-31,8.568200974245684,8.650237083435059,8.531740577859788,8.650237083435059,548600
2019-02-01,8.714042371460222,8.714042371460222,8.61377564160495,8.659351348876953,134200
2019-02-04,8.650237083435059,8.659352399852638,8.586431607080844,8.650237083435059,85000
2019-02-05,8.668466006087955,8.714041709899902,8.659350691468715,8.714041709899902,184600
2019-02-06,8.659351348876953,8.732272132798435,8.659351348876953,8.659351348876953,60700
2019-02-07,8.650236212317127,8.650236212317127,8.522625272459695,8.56820011138916,103000
2019-02-08,8.504394917139871,8.568200389136912,8.504394917139871,8.549970626831055,74000
2019-02-11,8.595544446649095,8.622889518737793,8.568198505276227,8.622889518737793,69800
2019-02-12,8.714042856980079,8.714042856980079,8.677582462987877,8.695812225341797,86300
2019-02-13,8.723154339594943,8.723154339594943,8.6775795145532,8.704924583435059,43000
2019-02-14,8.714040784836648,8.805191313499957,8.704925471185069,8.786961555480957,85100
2019-02-15,8.805190819287654,8.805190819287654,8.741385365876155,8.750500679016113,73900
2019-02-19,8.714042306678342,8.823423481747405,8.714042306678342,8.814308166503906,58200
2019-02-20,8.786964611915936,8.823425009920381,8.75050421391149,8.768733978271484,120900
2019-02-21,8.814308070475926,8.823423385620117,8.77784767918346,8.823423385620117,158700
2019-02-22,8.868997193970118,8.92368820920682,8.83253680690705,8.905458450317383,100000
2019-02-25,9.04218710810804,9.04218710810804,8.923690601070774,8.94192123413086,121700
2019-02-26,8.923689373195757,8.96926508029045,8.905459611928466,8.960149765014648,197100
2019-02-27,8.896343231201172,8.896343231201172,8.796076513744216,8.896343231201172,411600
2019-02-28,8.878113260330707,8.887228575189896,8.814307794884925,8.841652870178223,530800
2019-03-01,8.88723059068464,8.88723059068464,8.796079159989471,8.832539558410645,332100
2019-03-04,8.88723039425839,8.923690791873714,8.832539363193181,8.850769996643066,115900
2019-03-05,8.90545827114004,8.93280334356611,8.87811232942979,8.914572715759277,148700
2019-03-06,8.859883106494047,8.878112866118705,8.768731700518066,8.796076774597168,87500
2019-03-07,8.750501703615905,8.77784677695352,8.659350300111573,8.668465614318848,382600
2019-03-08,8.604660326293686,8.659351348876953,8.568199934332945,8.659351348876953,59700
2019-03-11,8.714042688928723,8.859884262084961,8.714042688928723,8.859884262084961,232700
2019-03-12,8.868998721030666,8.95103482336856,8.868998721030666,8.932805061340332,132200
2019-03-13,8.932806965716813,9.014843085543909,8.932806965716813,9.005727767944336,121600
2019-03-14,8.960149765014648,8.96926508029045,8.923689373195757,8.960149765014648,80000
2019-03-15,8.98749484155774,8.98749484155774,8.923689373195757,8.960149765014648,72900
2019-03-18,9.0057262451698,9.051301956176758,8.978381166279382,9.051301956176758,73400
2019-03-19,9.033072851458524,9.078648570171858,9.005727767944336,9.005727767944336,144000
2019-03-20,9.014841284632043,9.087762072292042,8.969265575023455,9.069531440734863,330100
2019-03-21,9.00572547210934,9.014840787385141,8.932804688471558,8.960149765014648,112500
2019-03-22,8.941918410421156,8.941918410421156,8.759615614526224,8.786961555480957,116500
2019-03-25,8.768733978271484,8.796079059453705,8.695813182262594,8.768733978271484,93100
2019-03-26,8.841654875337055,8.841654875337055,8.777849395421118,8.832539558410645,298800
2019-03-27,8.786961062291843,8.832535889423426,8.732270052736196,8.750500679016113,356300
2019-03-28,8.81430855315255,8.859884262084961,8.786963475506841,8.859884262084961,63500
2019-03-29,8.8689972886488,8.923688304469339,8.8689972886488,8.896343231201172,71300
2019-04-01,8.941921711812231,8.978382110595703,8.932806394795245,8.978382110595703,90800
2019-04-02,9.014841079711914,9.014841079711914,8.969265371139326,9.014841079711914,201900
2019-04-03,9.042185975931227,9.09687612969484,9.023955345153809,9.023955345153809,216300
2019-04-04,9.033069728168403,9.10599050518271,9.033069728168403,9.096875190734863,102500
2019-04-05,9.115106408332355,9.206257820129395,9.105991093295795,9.206257820129395,89200
2019-04-08,9.206257916144812,9.206257916144812,9.188027285881555,9.197142601013184,109200
2019-04-09,9.215372248192747,9.215372248192747,9.124221705854959,9.133337020874023,138100
2019-04-10,9.151567280008198,9.242718696594238,9.151567280008198,9.242718696594238,107100
2019-04-11,9.206255605864436,9.206255605864436,9.133334841679234,9.151564598083496,133900
2019-04-12,9.16068209664693,9.16068209664693,9.115106390835894,9.133337020874023,87900
2019-04-15,9.188027285881555,9.197142601013184,9.14245157950771,9.197142601013184,195500
2019-04-16,9.206258012350741,9.206258012350741,9.188027381896973,9.188027381896973,85000
2019-04-17,9.242718793088661,9.242718793088661,9.169798006772266,9.233603477478027,116300
2019-04-18,9.215372265881669,9.22448758091823,9.178911875019711,9.206257820129395,62700
2019-04-22,9.206257820129395,9.215372265881669,9.169797429267437,9.206257820129395,122200
2019-04-23,9.206260494542231,9.28829574584961,9.197145176857676,9.28829574584961,199300
2019-04-24,9.270063773856318,9.270063773856318,9.233603381078767,9.242718696594238,169700
2019-04-25,9.206257820129395,9.215372265881669,9.160682114230875,9.206257820129395,57900
2019-04-26,9.215371037191971,9.242716978655608,9.178910651191293,9.224486351013184,82700
2019-04-29,9.270062050835074,9.270062050835074,9.215371037191971,9.224486351013184,131600
2019-04-30,9.270062541781991,9.270062541781991,9.206257080222679,9.260947227478027,623600
2019-05-01,9.297407123014539,9.361213450478854,9.224486351013184,9.224486351013184,323000
2019-05-02,9.22448691169853,9.233602226073792,9.124221061423322,9.178911209106445,83100
2019-05-03,9.2336015041064,9.315637588500977,9.2336015041064,9.315637588500977,147400
2019-05-06,9.124220291245209,9.17891043431192,9.115104977639373,9.169795989990234,214600
2019-05-07,9.188025965012505,9.25183142319265,9.169796206654253,9.224486351013184,155100
2019-05-08,9.24271840397397,9.2791787955972,9.188027381896973,9.188027381896973,126900
2019-05-09,9.096875952219852,9.133337213063351,9.005725407964018,9.115106582641602,132000
2019-05-10,9.105991283423629,9.188027381896973,9.060415576573515,9.188027381896973,231200
2019-05-13,8.95103482336856,9.023955610050168,8.868998721030666,8.932805061340332,163900
2019-05-14,8.987492959371288,9.051299283655078,8.97837851528857,9.033068656921387,110500
2019-05-15,8.996610929111533,9.105992113957598,8.941920771330693,9.051301956176758,324300
2019-05-16,9.096876807229277,9.188028229336677,9.096876807229277,9.124222755432129,79600
2019-05-17,9.069533252572285,9.078648570171858,8.996612450344763,9.005727767944336,77200
2019-05-20,8.987496558328214,8.987496558328214,8.896345996011773,8.978382110595703,79000
2019-05-21,9.023954413720558,9.151566208137709,9.023954413720558,9.096875190734863,125700
2019-05-22,9.133334841679234,9.178909667331927,9.124219528835065,9.151564598083496,187000
2019-05-23,9.060417355895156,9.07864798992913,8.932806394795245,8.978382110595703,119200
2019-05-24,9.042185975931227,9.087761683590452,9.023955345153809,9.023955345153809,43800
2019-05-28,9.105988903146725,9.151564598083496,9.078643833898296,9.151564598083496,71000
2019-05-29,9.07864761352539,9.07864761352539,9.01484213562083,9.07864761352539,60700
2019-05-30,9.105988903146725,9.169795223771835,9.105988903146725,9.151564598083496,145700
2019-05-31,9.069531921437237,9.133338265984863,9.042186841936486,9.105992317199707,517600
2019-06-03,9.151567101178243,9.270063592710832,9.151567101178243,9.251832962036133,339100
2019-06-04,9.30652456527948,9.361215591430664,9.270064170940147,9.361215591430664,354000
2019-06-05,9.297406594942004,9.361212918782257,9.288291281638521,9.342982292175293,193500
2019-06-06,9.342985347534597,9.361215980103376,9.288294319112671,9.32475471496582,103900
2019-06-07,9.434137541782212,9.516172787183844,9.388561825924985,9.4888277053833,96600
2019-06-10,9.507058339439983,9.525288104212185,9.443251989526075,9.4888277053833,130400
2019-06-11,9.561746110531077,9.561746110531077,9.488825331119314,9.525285720825195,151600
2019-06-12,9.516170193955508,9.525285508499856,9.434134970909092,9.470595359802246,273700
2019-06-13,9.516170794970268,9.57086181640625,9.49794103401447,9.57086181640625,157200
2019-06-14,9.51617173357905,9.552632128371139,9.452366260013989,9.497941970825195,365700
2019-06-17,9.477736136197377,9.477736136197377,9.422633507967662,9.45018482208252,309800
2019-06-18,9.532841798538591,9.64304795578959,9.532841798538591,9.615496635437012,394200
2019-06-19,9.63386136242722,9.661413551390675,9.56039061020558,9.643045425415039,204600
2019-06-20,9.762436428756985,9.789987744171654,9.707332922087119,9.780803680419922,204000
2019-06-21,9.744067192077637,9.753251254783939,9.707331817092856,9.744067192077637,252500
2019-06-24,9.780802567062418,9.78998662976872,9.734884005211761,9.744067192077637,213000
2019-06-25,9.762435616735317,9.762435616735317,9.643045425415039,9.643045425415039,365600
2019-06-26,9.734885864096524,9.734885864096524,9.643046971177641,9.661415100097656,275500
2019-06-27,9.643045129829593,9.744067192077637,9.62467700441699,9.744067192077637,990900
2019-06-28,9.744069509430144,9.789988958041874,9.734886320380305,9.771621704101562,238300
2019-07-01,9.918561621550387,9.918561621550387,9.789987361572482,9.845090866088867,319500
2019-07-02,9.845090250799458,9.881825626234363,9.808354875364552,9.872641563415527,284500
2019-07-03,9.936928211739096,9.99203171259137,9.918560962015292,9.96448040008545,706500
2019-07-05,9.891009649509371,9.96448040008545,9.826722085874978,9.96448040008545,355600
2019-07-08,9.964480579365814,9.973663766472722,9.90937707752212,9.955296516418457,321000
2019-07-09,9.90937707752212,9.955296516418457,9.881825764520498,9.955296516418457,134200
2019-07-10,9.99203171259137,10.010398962315174,9.936928211739096,9.96448040008545,190600
2019-07-11,9.964480758977267,10.00121613558841,9.918561319253225,9.946112632751465,178300
2019-07-12,9.90937918666726,9.927747316471509,9.8726438028994,9.900195121765137,215800
2019-07-15,9.900192876031598,9.936928251466503,9.854273437777856,9.872641563415527,180000
2019-07-16,9.872644606421087,9.918564058828396,9.854276475121882,9.863460540771484,497300
2019-07-17,9.891011932703648,9.927747316471509,9.863459737997276,9.900195121765137,163100
2019-07-18,9.891009649509371,9.96448040008545,9.872641523945136,9.96448040008545,239100
2019-07-19,9.982849407479822,9.982849407479822,9.918562708366967,9.927746772766113,165100
2019-07-22,9.9461124534711,9.964480579365814,9.900193014574763,9.955296516418457,224100
2019-07-23,9.955296196620347,9.955296196620347,9.826721947008938,9.88182544708252,165800
2019-07-24,9.891011932703648,9.90937918666726,9.845092484033664,9.900195121765137,123600
2019-07-25,9.881826243819626,9.89101030721244,9.826722739303243,9.845090866088867,112900
2019-07-26,9.872644606421087,9.872644606421087,9.808357898555279,9.863460540771484,129900
2019-07-29,9.826722125161787,9.872641563415527,9.817538062342951,9.872641563415527,127400
2019-07-30,9.725699585774265,9.780802208310103,9.66141290086899,9.762434959411621,141800
2019-07-31,9.81754031954923,9.936930536122462,9.771621746578527,9.854275703430176,301000
2019-08-01,9.872641563415527,10.09305381602496,9.872641563415527,9.872641563415527,509100
2019-08-02,9.9093784907719,9.9093784907719,9.808356411464812,9.891011238098145,173800
2019-08-05,9.72569878236133,9.72569878236133,9.431815817539336,9.532837867736816,794300
2019-08-06,9.606311589178208,9.688966417637083,9.560392142718767,9.661415100097656,237100
2019-08-07,9.716515219877605,9.90937614440918,9.66141259906308,9.90937614440918,374200
2019-08-08,9.918561003363525,10.102237880569428,9.918561003363525,10.093053817749023,1185700
2019-08-09,10.047135353088379,10.10223885951008,10.001216786217569,10.047135353088379,321600
2019-08-12,9.96448040008545,10.010398962315174,9.92774502479741,9.96448040008545,180700
2019-08-13,9.936928860598398,10.10223849810914,9.891010295370293,10.065503120422363,225000
2019-08-14,9.93692871350109,9.93692871350109,9.780803141683306,9.808355331420898,459000
2019-08-15,9.826721824365498,9.826721824365498,9.670596264586049,9.753251075744629,193300
2019-08-16,9.771621716497942,9.90937918666726,9.771621716497942,9.900195121765137,142200
2019-08-19,10.010399638684747,10.03795182889271,9.964481073352458,10.019583702087402,172900
2019-08-20,10.019583702087402,10.028767765490057,9.936928883144493,10.019583702087402,73400
2019-08-21,10.102239144653186,10.184893968698473,10.102239144653186,10.166525840759277,443000
2019-08-22,10.16652633591071,10.17571040032761,10.00121755560947,10.056320190429688,357200
2019-08-23,9.91856312976368,10.065504663030596,9.817540168762207,9.817540168762207,210300
2019-08-26,9.835906989839431,10.01039981842041,9.835906989839431,10.01039981842041,1483100
2019-08-27,10.037953620209313,10.08387219373597,9.927747467232162,9.936930656433105,157900
2019-08-28,9.946112632751465,10.010399322860845,9.891010005754985,9.946112632751465,95800
2019-08-29,10.019583881987964,10.028767945555519,9.92774587383395,10.01039981842041,230400
2019-08-30,10.037950712190398,10.083869272414338,9.946111840061729,9.982847213745117,247500
2019-09-03,10.074687544219492,10.148158302221413,10.02876810150816,10.047135353088379,428200
2019-09-04,10.102238608618432,10.212444742884319,10.102238608618432,10.194077491760254,395300
2019-09-05,10.304283626026141,10.322650877150204,10.184893428277972,10.194077491760254,293500
2019-09-06,10.212446718019237,10.212446718019237,10.102240562438965,10.102240562438965,356600
2019-09-09,10.166525971115567,10.194078163377636,10.0471357655016,10.074687957763672,394400
2019-09-10,9.982848503558257,10.047135196850117,9.92774587383395,10.01039981842041,145500
2019-09-11,10.019584753491984,10.14815902709961,10.0012175005998,10.14815902709961,319700
2019-09-12,10.230814848536284,10.239998037954138,10.102240562438965,10.102240562438965,338800
2019-09-13,10.111425217652894,10.129792473400917,10.102241151858522,10.120609283447266,104000
2019-09-16,10.120607093266136,10.17570972442627,10.120607093266136,10.17570972442627,205400
2019-09-17,10.111424424895647,10.285917282104492,10.111424424895647,10.285917282104492,147200
2019-09-18,10.285917282104492,10.304285412253135,10.194079258883235,10.285917282104492,217400
2019-09-19,10.331835845610598,10.469593306549175,10.331835845610598,10.460410118103027,402700
2019-09-20,10.46959157678568,10.46959157678568,10.341018201376446,10.451224327087402,1079100
2019-09-23,10.396121619154227,10.432856997192774,10.313466799607372,10.41448974609375,273900
2019-09-24,10.442039358504465,10.451223420477131,10.258362498252916,10.313465118408203,793200
2019-09-25,10.230812410385859,10.285915037123907,10.16652484473752,10.258363723754883,328900
2019-09-26,10.304284172781603,10.313467360910655,10.148158588660628,10.166525840759277,362200
2019-09-27,10.12978951580717,10.138973578920071,9.918561319253225,9.946112632751465,394500
2019-09-30,9.992032567125811,10.037952009123071,9.92774587383395,10.01039981842041,339700
2019-10-01,10.019583725030369,10.019583725030369,9.909377591467637,9.973664283752441,385100
2019-10-02,9.872642022460994,9.900193336358111,9.771619954277918,9.808355331420898,453200
2019-10-03,9.872642492848104,9.918561935424805,9.780803607694706,9.918561935424805,991600
2019-10-04,9.973665307500648,10.14815902709961,9.955298054608464,10.14815902709961,360000
2019-10-07,10.194076757092597,10.194076757092597,10.047134379487439,10.093053817749023,534400
2019-10-08,10.037952009123071,10.093054638847377,9.973664439990703,10.01039981842041,293200
2019-10-09,10.102239015460642,10.120607143164936,10.01040012862024,10.083870887756348,201600
2019-10-10,10.037951192507471,10.166524568631385,10.010399004046258,10.093053817749023,212600
2019-10-11,10.194078654772406,10.239997225741531,10.138975143432617,10.138975143432617,220800
2019-10-14,10.138975947632389,10.157344078149436,10.056321111987018,10.102240562438965,173200
2019-10-15,10.037951490712173,10.056318741058194,9.964480737647163,9.992032051086426,878300
2019-10-16,9.964480758977267,9.992032072475507,9.891010005754985,9.946112632751465,345400
2019-10-17,9.973664439990703,10.047135196850117,9.973664439990703,10.01039981842041,216200
2019-10-18,10.065504254846587,10.083871507839795,9.982849426775672,10.056320190429688,308400
2019-10-21,10.111423029459269,10.17570972442627,10.083870838038672,10.17570972442627,250700
2019-10-22,10.166525997737562,10.166525997737562,10.028768539428711,10.028768539428711,255600
2019-10-23,10.00121784210205,10.065504543180708,9.918563011663425,10.00121784210205,183200
2019-10-24,10.05631926041767,10.065503323985224,9.973664439990703,10.01039981842041,179000
2019-10-25,9.982848009362606,9.982848009362606,9.85427375330338,9.946112632751465,382000
2019-10-28,10.010399301432447,10.074686867244678,9.964480737647163,9.992032051086426,389100
2019-10-29,9.96448040008545,10.028767087879409,9.909376899233173,9.96448040008545,289200
2019-10-30,9.891011475331906,9.891011475331906,9.70733368914544,9.78998851776123,498900
2019-10-31,9.799172582238672,9.863459281899578,9.753253135692056,9.78998851776123,503000
2019-11-01,9.826723098754883,9.863458477829386,9.817539035026126,9.826723098754883,259100
2019-11-04,9.872643790374863,9.918563238986593,9.744069509430144,9.771621704101562,927300
2019-11-05,9.744066834672747,9.762434959411621,9.679780149767472,9.762434959411621,248700
2019-11-06,9.753253010716518,9.799172456674736,9.688966311879364,9.7073335647583,548500
2019-11-07,9.771620620592268,9.799171936368072,9.679781733552202,9.688965797424316,524100
2019-11-08,9.734884441535907,9.734884441535907,9.688965001786682,9.725700378417969,203300
2019-11-11,9.762436404334634,9.826723098754883,9.73488508898889,9.826723098754883,153300
2019-11-12,9.8267220047535,9.835906067459803,9.744067192077637,9.744067192077637,957300
2019-11-13,9.744067449193153,9.817538201101378,9.707332073239039,9.734884262084961,242000
2019-11-14,9.771621596496765,9.817540168762207,9.74406940212875,9.817540168762207,188200
2019-11-15,9.826722125161787,9.872641563415527,9.826722125161787,9.872641563415527,229000
2019-11-18,9.854271199446911,9.872639320912388,9.78080046526548,9.799168586730957,300300
2019-11-19,9.845092363130222,9.845092363130222,9.762437531707427,9.817540168762207,110600
2019-11-20,9.789987068562603,9.826722445193889,9.698149064904621,9.725700378417969,200000
2019-11-21,9.771619380196542,9.780802567062418,9.69814863022698,9.744067192077637,283800
2019-11-22,9.734884262084961,9.789986888095907,9.707332073239039,9.734884262084961,152400
2019-11-25,9.83590711395485,9.918561935424805,9.780803607694706,9.918561935424805,361700
2019-11-26,9.9461124534711,9.964480579365814,9.918561140469476,9.955296516418457,373000
2019-11-27,9.99203287675648,10.083870887756348,9.955297497188427,10.083870887756348,204900
2019-11-29,10.093054412034988,10.129789789639172,10.056319034430803,10.111422538757324,114100
2019-12-02,10.194077357326861,10.194077357326861,10.056319034430803,10.111422538757324,334500
2019-12-03,10.083871603900503,10.184894561767578,10.010400839546593,10.184894561767578,320500
2019-12-04,10.24917984008789,10.276731153939176,10.221628526236604,10.24917984008789,666700
2019-12-05,10.29510104432466,10.29510104432466,10.19407895900088,10.212446212768555,276000
2019-12-06,10.249179639624563,10.304283142089844,10.230812389363109,10.304283142089844,266000
2019-12-09,10.304283163263564,10.304283163263564,10.239995597615225,10.258363723754883,301700
2019-12-10,10.249181261617101,10.249181261617101,10.17571049726319,10.184894561767578,186300
2019-12-11,10.249179974611616,10.33183479309082,10.203260533696449,10.33183479309082,202500
2019-12-12,10.368569533446008,10.423673034325876,10.295098782833138,10.405304908752441,325300
2019-12-13,10.460408389856758,10.51551101479202,10.414488951850418,10.451224327087402,429100
2019-12-16,10.536328834331279,10.684336819841578,10.52707811468759,10.6658353805542,456500
2019-12-17,10.721341213961074,10.74909249690131,10.702839770535995,10.712090492248535,237500
2019-12-18,10.730593126618365,10.730593126618365,10.638087663620931,10.693591117858887,253400
2019-12-19,10.693589931020837,10.730591935673612,10.638086482942983,10.712090492248535,715800
2019-12-20,10.638086955580508,10.823096987064163,10.638086955580508,10.758343696594238,370100
2019-12-23,10.85084747689404,10.85084747689404,10.75834290902278,10.83234691619873,329400
2019-12-24,10.850846211090328,10.86009693145752,10.786092932914492,10.86009693145752,272800
2019-12-26,10.869347975880842,10.924851417541504,10.84159669614915,10.924851417541504,644400
2019-12-27,10.980354370895677,10.980354370895677,10.878599086764423,10.887849807739258,260200
2019-12-30,10.924852366267345,10.952603648408989,10.786094191164423,10.83234691619873,319500
2019-12-31,10.813845081531172,10.887849968223351,10.795344521506118,10.869348526000977,193800
2020-01-02,10.943351760414908,11.054357759345733,10.897099040311083,11.035857200622559,378800
2020-01-03,10.998856706208764,11.063609993897465,10.952603979775102,10.980355262756348,424200
2020-01-06,10.943350713225295,10.980352709328113,10.869346721019658,10.952601432800293,561600
2020-01-07,10.961853417916187,10.961853417916187,10.869347975880842,10.924851417541504,305900
2020-01-08,10.943351918527828,11.063608639656376,10.915600638943479,11.017355918884277,597500
2020-01-09,11.082109038529124,11.100610479449557,11.017355759702125,11.035857200622559,517500
2020-01-10,11.082107851222402,11.137611285839958,11.054356575012207,11.054356575012207,929400
2020-01-13,11.1191118788914,11.23011787740813,11.1191118788914,11.220867156982422,507900
2020-01-14,11.257868151446111,11.35962342045297,11.21161543564402,11.313370704650879,1377600
2020-01-15,11.341123660313315,11.350374380563153,11.25786894245925,11.331872940063477,753400
2020-01-16,11.415127674817032,11.442878953410393,11.368874955696606,11.424378395080566,644800
2020-01-17,11.498382900263634,11.553885459899902,11.470630738248222,11.553885459899902,1448200
2020-01-21,11.544634405988765,11.544634405988765,11.44287912812795,11.498382568359375,922300
2020-01-22,11.544636719641867,11.544636719641867,11.43363069912963,11.461382865905762,862300
2020-01-23,11.479880254114969,11.498381693516865,11.341122987389495,11.489130973815918,568400
2020-01-24,11.563135846798325,11.581637287607883,11.44287912812795,11.498382568359375,578700
2020-01-27,11.304122756297273,11.32262331639146,11.211617309234367,11.230118751525879,1545400
2020-01-28,11.294870652574767,11.452129364013672,11.26711937473179,11.452129364013672,574400
2020-01-29,11.516882021396631,11.535383460430124,11.433627310140244,11.507631301879883,891500
2020-01-30,11.322622623418473,11.38737678527832,11.28562062329739,11.38737678527832,2212200
2020-01-31,11.359625481449902,11.378126924006358,11.18386618815025,11.211617469787598,1131500
2020-02-03,11.239367195618133,11.387376068989681,11.239367195618133,11.359623908996582,757200
2020-02-04,11.56313699531761,11.748147010803223,11.49838371044698,11.748147010803223,2099600
2020-02-05,11.84065279225473,11.933157361497367,11.775898623367782,11.89615535736084,1495500
2020-02-06,11.886905125168854,11.979409691354654,11.840652400977286,11.933156967163086,981800
2020-02-07,11.86840222526804,11.86840222526804,11.757396230157331,11.803648948669434,1080200
2020-02-10,11.80365046270389,11.840652465820312,11.729646456471048,11.840652465820312,748000
2020-02-11,12.007159734197199,12.145917892456055,11.960907896974827,12.145917892456055,704800
2020-02-12,12.266175608209279,12.414183616638184,12.219922885025918,12.414183616638184,1354600
2020-02-13,12.256924639729,12.349430084228516,12.173669916118895,12.349430084228516,708300
2020-02-14,12.358680958164943,12.367931679829256,12.303178392573814,12.340180397033691,824800
2020-02-18,12.312428641625964,12.41418392943541,12.30317792031674,12.386432647705078,1413200
2020-02-19,12.682448972403057,13.080221176147461,12.663947529346405,13.080221176147461,3754600
2020-02-20,13.126472952282443,13.200477841933322,12.86745892619511,13.172725677490234,1762700
2020-02-21,13.043217508040634,13.080219507235471,12.922960790108096,13.052467346191406,1327500
2020-02-24,12.48818670070651,12.67319669761086,12.349429423577563,12.58994197845459,1550300
2020-02-25,12.710199449069991,12.710199449069991,12.182920706143545,12.247673988342285,1534900
2020-02-26,12.201422119261922,12.386433022251488,12.053414102628164,12.08116626739502,2581000
2020-02-27,11.720395229615777,11.914655958147426,11.470631057704813,11.618639945983887,1584900
2020-02-28,11.193116487400147,11.618639945983887,11.100611042500388,11.618639945983887,1727000
2020-03-02,11.637141081268933,11.766648534095134,11.396627618390566,11.738896369934082,1503200
2020-03-03,11.942406872433336,12.155169036297883,11.748146149860176,11.831400871276855,1844400
2020-03-04,12.108913496750192,12.284672737121582,11.960905529659112,12.284672737121582,1038200
2020-03-05,12.034913704977512,12.275427176370144,11.9609096956563,12.155170440673828,1471100
2020-03-06,11.812901739570238,11.905406310612932,11.572388266903944,11.785149574279785,800500
2020-03-09,10.813846670663601,10.91560285344545,10.351321133502331,10.45307731628418,2025600
2020-03-10,10.8415991528968,10.887851884395516,10.369822879565346,10.693591117858887,1810000
2020-03-11,10.443825278831321,10.471576560551545,9.81479034519061,10.036803245544434,1591200
2020-03-12,9.25050675289119,9.278258026134685,8.70472671331908,8.75097942352295,1440100
2020-03-13,9.435519672290168,9.648281853111985,8.750982169501851,9.213507652282715,636100
2020-03-16,8.436465750802528,8.695479806404185,8.1219482421875,8.1219482421875,823000
2020-03-17,8.380960344420592,8.760231018066406,8.131196213660377,8.760231018066406,1151700
2020-03-18,8.10344563732189,8.334708349239543,7.613168052874458,7.862932205200195,724400
2020-03-19,7.687171986298016,8.149697353213256,7.4744098587745,8.047941207885742,788900
2020-03-20,8.140448644826371,8.50121795552358,7.9461879074519715,8.038692474365234,780100
2020-03-23,7.964688677533875,7.992440842315718,7.483662623214373,7.705674648284912,926200
2020-03-24,8.251453711777389,8.612223863456808,8.205200992506093,8.584471702575684,1160900
2020-03-25,8.732478168358067,9.250506945471173,8.501215494721288,9.009993553161621,744800
2020-03-26,9.139503266113627,9.481772003295747,9.139503266113627,9.34301471710205,879700
2020-03-27,8.917490455754196,9.028496451195466,8.704728302843842,8.778732299804688,561900
2020-03-30,8.787982248303715,8.86198623876629,8.658474823895633,8.85273551940918,1762500
2020-03-31,8.843484956268597,9.046995472235487,8.787981526879484,8.834234237670898,1219000
2020-04-01,8.71398001933888,8.71398001933888,8.445715279134065,8.50121784210205,439800
2020-04-02,8.510466907909816,8.778731595932939,8.44571363631025,8.575221061706543,342200
2020-04-03,8.639976900522656,8.723231635715292,8.436465423629258,8.510469436645508,391400
2020-04-06,8.797234346354314,9.083999633789062,8.741730903710364,9.083999633789062,494300
2020-04-07,9.435520161022124,9.574278342362055,9.213508129515109,9.259760856628418,708900
2020-04-08,9.352263568161414,9.574276437699606,9.26900973455646,9.528023719787598,1120100
2020-04-09,9.676031599638582,9.861041586953455,9.565025607249657,9.722284317016602,797800
2020-04-13,9.66678165653167,9.70378365696807,9.43551893325485,9.64828109741211,657400
2020-04-14,9.740785920677041,9.953548090584807,9.676032638712519,9.805540084838867,570400
2020-04-15,9.537276746432372,9.55577730875327,9.35226583003882,9.491024017333984,633100
2020-04-16,9.509523785671183,9.574277953881344,9.389267052935006,9.472521781921387,560900
2020-04-17,9.703783749320678,9.833291193179264,9.648281189236489,9.731535911560059,519900
2020-04-20,9.629779171447721,9.76853732774876,9.546524454106544,9.602027893066406,446800
2020-04-21,9.454019576717354,9.528023571344725,9.25050815039348,9.269009590148926,1355800
2020-04-22,9.370767194276633,9.528025942545437,9.370767194276633,9.500274658203125,540700
2020-04-23,9.50027331304799,9.713034599876291,9.481771871307808,9.537275314331055,383300
2020-04-24,9.565026746232773,9.574277467249374,9.306012733149108,9.426268577575684,447400
2020-04-27,9.500273253098966,9.639030536485546,9.44476981042596,9.629779815673828,327500
2020-04-28,9.870294092321899,9.925796657457706,9.72228607569659,9.824041366577148,555900
2020-04-29,10.009049079481006,10.286564487762881,9.944295807687528,10.231061935424805,783700
2020-04-30,10.17555752277961,10.17555752277961,9.870290867671988,9.953545570373535,730300
2020-05-01,9.777789025438528,9.777789025438528,9.500274424448813,9.61128044128418,785600
2020-05-04,9.574277812243057,9.66678237915039,9.48177236313838,9.66678237915039,356300
2020-05-05,9.86104119525078,9.898043191243952,9.722283930825675,9.759285926818848,584300
2020-05-06,9.84254146425467,9.962798181872687,9.768537466058541,9.861042022705078,420300
2020-05-07,9.97204875946045,10.018301482312136,9.842542194112498,9.97204875946045,496600
2020-05-08,10.17555970099697,10.295816421508789,10.11080642156648,10.295816421508789,343800
2020-05-11,10.240313459478031,10.360570185615561,10.194061618976704,10.342069625854492,477800
2020-05-12,10.388322341206644,10.54558108230714,10.249565043622622,10.25881576538086,353300
2020-05-13,10.25881493538306,10.323568218057035,9.907295476786475,9.97204875946045,714700
2020-05-14,9.824038120144,10.046050071716309,9.648278879031857,10.046050071716309,568600
2020-05-15,10.046052682483657,10.046052682483657,9.870293395695203,9.98129940032959,265500
2020-05-18,10.295815694858799,10.554829676497548,10.277314255071714,10.545578956604004,375600
2020-05-19,10.471575498504047,10.684337655973263,10.406822220325143,10.499327659606934,544200
2020-05-20,10.758341694319816,10.786092973328117,10.582581535473647,10.675086975097656,387100
2020-05-21,10.665836958038943,10.70283895988914,10.471576227776083,10.610334396362305,281800
2020-05-22,10.527079098211214,10.554830377537845,10.45307509854202,10.480826377868652,433900
2020-05-26,10.878599247112165,10.961853972718211,10.832346523753547,10.869348526000977,869600
2020-05-27,10.961852073669434,10.980352630489422,10.610332672117975,10.961852073669434,609800
2020-05-28,10.952602764864523,11.035857486770661,10.823095321655273,10.823095321655273,555000
2020-05-29,10.86934783958366,11.045107118610131,10.832345839672968,11.026606559753418,491000
2020-06-01,11.063609299691576,11.230118751525879,11.008105855014366,11.230118751525879,448000
2020-06-02,11.294871020447502,11.341123739823722,11.20236558169506,11.322622299194336,414000
2020-06-03,11.415127366157295,11.470629921843251,11.331872650431144,11.452129364013672,1118300
2020-06-04,11.461382073731825,11.5261353606724,11.350376060891968,11.442880630493164,397900
2020-06-05,11.692642678667388,11.803648671168371,11.646389961242676,11.646389961242676,662000
2020-06-08,11.812902452919332,11.988661766052246,11.729647716415212,11.988661766052246,552600
2020-06-09,11.748146698700067,11.83140142400617,11.674142694471824,11.775897979736328,462100
2020-06-10,11.849902613949284,11.849902613949284,11.637140444673514,11.71114444732666,493200
2020-06-11,11.239367979627664,11.331873421663007,10.887849417166823,10.924851417541504,1640700
2020-06-12,11.276370188675106,11.341124352177053,10.96185362076872,11.174614906311035,659700
2020-06-15,10.99157586188991,11.437557425590022,10.926537234592226,11.391100883483887,1089000
2020-06-16,11.660546539091134,11.707003076315551,11.418973254391968,11.558341979980469,1023000
2020-06-17,11.586218502932914,11.63267504845314,11.29818862957544,11.326062202453613,524900
2020-06-18,11.27960691279435,11.465432214882203,11.270315426168724,11.409684181213379,649900
2020-06-19,11.54905398643022,11.623384108321433,11.409684343320487,11.418975830078125,508200
2020-06-22,11.502598064451897,11.56763670312348,11.409684963991069,11.521180152893066,430200
2020-06-23,11.66054916381836,11.77204434660308,11.62338410289012,11.66054916381836,642100
2020-06-24,11.614092572352218,11.660549119858615,11.335354173398775,11.474723815917969,927800
2020-06-25,11.428268057373682,11.484015209361965,11.270316316598537,11.465433120727539,365300
2020-06-26,11.47472556759731,11.502599145922225,11.149530571494683,11.158822059631348,647200
2020-06-29,11.251733224858656,11.549054614682312,11.242442623680569,11.521180152893066,533900
2020-06-30,11.502597962299788,11.660549700029465,11.474724386843077,11.632676124572754,745400
2020-07-01,11.660548217280923,11.837082020838809,11.651256731281855,11.78133487701416,1049300
2020-07-02,12.022908960558397,12.078656998119422,11.902123170331999,11.948578834533691,907100
2020-07-06,12.255189528014567,12.413141250610352,12.208733868732784,12.413141250610352,1154100
2020-07-07,12.338813310866035,12.4781829715717,12.283066155451817,12.366687774658203,763100
2020-07-08,12.450305390083997,12.775500297546387,12.450305390083997,12.775500297546387,647800
2020-07-09,12.803374229464596,12.803374229464596,12.403850084153653,12.617548942565918,939200
2020-07-10,12.571093093048374,12.598967552185059,12.487471487808145,12.598967552185059,603100
2020-07-13,12.701168798794807,12.859120492486587,12.42243046368668,12.45030403137207,987600
2020-07-14,12.450308582760982,12.812668639475937,12.320231295287716,12.803377151489258,711500
2020-07-15,13.072821941950977,13.119278488128508,12.92416170305081,13.091404914855957,1717400
2020-07-16,13.026366538583446,13.128570233320323,12.961327018219128,12.989200592041016,1223000
2020-07-17,13.109985894677468,13.202898979187012,13.035655781503772,13.202898979187012,705400
2020-07-20,13.295812086326823,13.490928855261089,13.286520600643085,13.444472312927246,1158700
2020-07-21,13.630299574471112,13.63959106150341,13.435182777217712,13.509512901306152,1392500
2020-07-22,13.528095708390298,13.648881493979395,13.47234767296959,13.621007919311523,785500
2020-07-23,13.648879214707247,13.853287462335066,13.546675533935744,13.658170700073242,1044000
2020-07-24,13.444473638806494,13.472347212521724,13.240065364029968,13.407308578491211,1489400
2020-07-27,13.472345745287718,13.676753997802734,13.463054259699572,13.676753997802734,1281100
2020-07-28,13.676758207429588,13.676758207429588,13.33298110961914,13.33298110961914,903500
2020-07-29,13.463055725921668,13.472347212521724,13.332978457860644,13.407308578491211,934700
2020-07-30,13.286521957296795,13.472347259521484,13.26793898403186,13.472347259521484,886300
2020-07-31,13.50022221961597,13.518805194789117,13.258649744960264,13.379435539245605,1086500
2020-08-03,13.518803644401794,13.732502517875018,13.398016977883698,13.704628944396973,1485600
2020-08-04,13.74179482167956,14.150610505982975,13.732503334605966,14.122736930847168,1701300
2020-08-05,14.215650009299358,14.494388418517968,14.150610485961197,14.48509693145752,1484600
2020-08-06,14.540844917297363,14.652340996260351,14.429349724419403,14.540844917297363,1249400
2020-08-07,14.531552939802287,14.884621460193122,14.503678479658445,14.75454330444336,1804600
2020-08-10,14.958951464623985,14.958951464623985,14.689504554604332,14.810290336608887,1827500
2020-08-11,14.996116692756058,14.996116692756058,14.540844448333019,14.568718910217285,1445200
2020-08-12,14.596592559461794,14.866039489770483,14.531553920241247,14.81958293914795,1363800
2020-08-13,14.866037680602815,15.209815581721463,14.828872621844704,15.07044506072998,1477900
2020-08-14,15.051865047337285,15.1447763724314,14.912494515356256,14.958951950073242,4175700
2020-08-17,15.116902676460365,15.274854399633188,15.051864044360345,15.135485649108887,1414500
2020-08-18,15.284145771652351,15.293435485737326,15.005406500518538,15.191232681274414,1735600
2020-08-19,15.256273108136703,15.460680513285524,15.237690133440445,15.246981620788574,2101900
2020-08-20,15.200522394301581,15.20981387947245,15.033279205565123,15.144773483276367,1424400
2020-08-21,15.061153758514795,15.219105481687619,15.042572558036083,15.135485649108887,1618200
2020-08-24,15.330600575397005,15.404930689118203,15.191231833690972,15.321309089660645,1707100
2020-08-25,15.516424794417404,15.68366620013031,15.395637267204807,15.674376487731934,2008000
2020-08-26,15.739415107537422,15.823036696478612,15.627919064892675,15.674376487731934,2550700
2020-08-27,15.72083706809858,15.767292733335802,15.516429660016755,15.627923965454102,2338700
2020-08-28,15.79516706709897,16.05532339795004,15.73941991483446,15.980993270874023,3465000
2020-08-31,16.036737526899735,16.111067640551713,15.841619870957222,15.925241470336914,2685600
2020-09-01,15.962407756061683,16.18539810180664,15.925241812352656,16.18539810180664,2522400
2020-09-02,16.250440524479792,16.306187680886698,15.841623909098812,16.120363235473633,2322500
2020-09-03,15.897369464135723,15.915950664214854,15.07044492075713,15.116902351379395,5664400
2020-09-04,15.116903683771138,15.200525294091783,14.243523404961017,14.958951950073242,4052100
2020-09-08,14.624465146565075,15.079737362495571,14.531552937687291,14.875329971313477,2235400
2020-09-09,15.219105675164391,15.432806318999509,15.098319895753093,15.39564037322998,3647700
2020-09-10,15.386350258596154,15.423516207679306,14.996116654073028,15.051865577697754,2044100
2020-09-11,15.219104938839179,15.246979396817713,14.921784475747142,15.042572021484375,1075900
2020-09-14,15.265565979789107,15.497847868045984,15.20052733462441,15.460681915283203,1520200
2020-09-15,15.692960787501129,15.86020399845074,15.65579661405112,15.757999420166016,1693500
2020-09-16,15.925240294933433,16.008861888141215,15.776580078601722,15.850910186767578,3249900
2020-09-17,15.469968227295121,15.600047246270856,15.330599495407153,15.553589820861816,1106400
2020-09-18,15.64650449063131,15.720834606674961,15.386348198393657,15.535008430480957,1009300
2020-09-21,15.070443729387165,15.414221600136024,14.968240934437206,15.404930114746094,2367400
2020-09-22,15.525718175738787,15.525718175738787,15.256272148275492,15.488554000854492,1345100
2020-09-23,15.590757356593393,15.757998788671049,15.312018092124456,15.349184036254883,1788400
2020-09-24,15.302728302726845,15.451388551391213,14.912494706940388,15.274855613708496,2087000
2020-09-25,15.107614605332211,15.637217040347272,15.098323116907535,15.609342575073242,2127800
2020-09-28,16.036741722487665,16.343353743040197,15.99957576985334,16.315479278564453,2629600
2020-09-29,16.557049222016712,16.770748088855314,16.492010590558856,16.70570945739746,1884400
2020-09-30,16.928700606128007,17.346808645393825,16.872953458282527,17.1795654296875,3217600
2020-10-01,17.56050866685537,17.746334868012145,17.39326544024827,17.737043380737305,3378600
2020-10-02,17.300351162099094,17.904283554632066,17.300351162099094,17.72774887084961,3081000
2020-10-05,18.034359388745255,18.573253111145487,17.950737796289225,18.536088943481445,4918700
2020-10-06,18.721917269562187,19.000656560516692,18.44317975077761,18.666170120239258,6323300
2020-10-07,19.065696385087964,19.6696288948766,18.954200307322814,19.595298767089844,7683200
2020-10-08,20.180647969192602,20.199230943875442,19.34443360233487,19.57671546936035,6254300
2020-10-09,19.437344859720568,19.957655696292502,19.400178913880513,19.883325576782227,3122000
2020-10-12,20.041276532629194,20.05985950483559,19.242226449451802,19.47450828552246,5618300
2020-10-13,19.260809371567163,19.567421323496244,19.17718776902562,19.409469604492188,3185700
2020-10-14,19.688211587196616,19.771833201277392,19.520968359035066,19.641754150390625,3093300
2020-10-15,19.232935174803856,19.5488385879986,19.0842749535557,19.49308967590332,2737700
2020-10-16,19.613878753891417,19.76253898681644,19.372305432345815,19.409469604492188,2161500
2020-10-19,19.344434376649374,19.548843562002645,19.205065605289466,19.260812759399414,3680100
2020-10-20,19.493093111148035,19.781123891224087,19.409471500438208,19.651044845581055,2844700
2020-10-21,19.53025900259141,19.576714665220273,18.777664508380283,18.796247482299805,5113100
2020-10-22,18.72191540792933,18.80553700968369,18.350264829115375,18.7312068939209,3766600
2020-10-23,18.861284998855126,18.963489577173583,18.591838981701677,18.786954879760742,2831300
2020-10-26,18.480344405818368,18.712626268223,18.12727675471811,18.3967227935791,3844600
2020-10-27,18.396719660907344,18.536090172353497,18.21089526592859,18.25735092163086,2610700
2020-10-28,17.98790438507388,18.285224825790866,17.913574274894632,17.978612899780273,7966900
2020-10-29,18.20160526594536,18.433887107754597,18.07152800162653,18.350265502929688,5313700
2020-10-30,18.313097679227646,18.35026362074653,17.885699984778263,18.173728942871094,3463400
2020-11-02,18.27593768650365,18.50821955757148,18.18302458364251,18.49892807006836,4108600
2020-11-03,18.610423802451546,18.833414181876662,18.545383391137133,18.7219181060791,5111000
2020-11-04,18.387431545510985,18.554672983875527,17.96003203279319,18.480342864990234,7653300
2020-11-05,19.41876320709193,19.79970531700377,19.232938781766862,19.781124114990234,5942000
2020-11-06,20.03198759055551,20.06915353968832,19.678919934643794,19.929784774780273,4891300
2020-11-09,21.239852869612104,21.323474477143638,19.929783381177906,19.966947555541992,9398700
2020-11-10,20.078442769610792,20.078442769610792,19.418761424029434,19.669626235961914,6391400
2020-11-11,19.994825356470795,20.366476023061853,19.92049522315258,20.301437377929688,4981900
2020-11-12,20.51512967341106,20.561585327188823,19.98552742279833,20.069149017333984,4536500
2020-11-13,20.310727671220707,20.357183337247758,20.013407155439445,20.162067413330078,3507500
2020-11-16,20.310722486763325,20.310722486763325,20.013402046875235,20.264265060424805,3905100
2020-11-17,20.07844697797505,20.301437377929688,19.92049522315258,20.301437377929688,2756100
2020-11-18,20.35717985266472,20.35717985266472,20.004112243652344,20.004112243652344,3838400
2020-11-19,20.12490343319505,20.310729659837556,20.106320456096753,20.292146682739258,3145500
2020-11-20,20.468676453646808,20.635917890435874,20.375763362873013,20.524423599243164,2929400
2020-11-23,20.812451115575996,20.94253014233894,20.56158631985783,20.914655685424805,4543800
2020-11-24,21.109775117327207,21.34205698083192,20.775290438956002,21.202688217163086,6381100
2020-11-25,21.211976798668307,21.602210346787388,21.202685312740506,21.565044403076172,4788900
2020-11-27,21.899530736700818,22.131812567632593,21.8159091357918,21.918113708496094,3694600
2020-11-30,22.484883038106123,22.484883038106123,21.685832933691746,21.862367630004883,5404600
2020-12-01,21.992449285784943,22.001740773990313,21.639381594831693,21.657962799072266,4700300
2020-12-02,21.34205349224194,21.56504383209588,21.10977166670621,21.462841033935547,3798500
2020-12-03,21.58363022768336,21.648668865604538,21.27701824021926,21.314184188842773,5869500
2020-12-04,21.37921714782715,21.555751812556196,21.342051209075983,21.37921714782715,2548400
2020-12-07,21.54646183967418,21.72299474462014,21.45354875844652,21.472131729125977,3658900
2020-12-08,21.630086707391293,22.085358924886012,21.620795220646105,22.048192977905273,3398200
2020-12-09,22.224728797708085,22.252603259343317,21.33276551925041,21.509300231933594,4234500
2020-12-10,21.388514784165963,21.853078519153915,21.369931809445646,21.834495544433594,3120000
2020-12-11,21.741581421224517,22.159689471932076,21.732289934301026,21.955280303955078,2608000
2020-12-14,22.34601007175507,22.411131381320082,22.16925096406246,22.27158546447754,4152100
2020-12-15,22.61579860956958,23.350743159114817,22.476252692715672,23.31352996826172,5568800
2020-12-16,23.378651277832038,23.378651277832038,22.885588919986724,23.31352996826172,5858400
2020-12-17,23.685655311666107,23.7786865234375,23.49029136392668,23.7786865234375,7603700
2020-12-18,23.946139407640153,24.448506824829504,23.871714802251645,24.104291915893555,5670700
2020-12-21,23.946143740369028,24.54154069120607,23.862415822354706,24.52293586730957,5370700
2020-12-22,25.127631940767973,25.546269686833668,24.848538335634927,25.416027069091797,7801700
2020-12-23,26.383548592153158,26.383548592153158,25.69512054210749,25.825363159179688,6492200
2020-12-24,26.104456990141973,26.113760288420874,25.546271514366904,25.77884864807129,4741600
2020-12-28,26.69054744766186,26.69054744766186,25.936996395586036,25.98351287841797,7088400
2020-12-29,26.281214370816986,26.29051766848073,25.481148515960957,25.732332229614258,6898800
2020-12-30,26.03390561884849,26.396910881862656,25.968751328782712,26.331756591796875,5452700
2020-12-31,26.657526858307772,26.657526858307772,26.089752516290474,26.285215377807617,4218500
2021-01-04,27.057760913641186,27.197377489421616,26.322446001026343,26.69475746154785,9237800
2021-01-05,26.778529281415278,27.42076592150809,26.75991326350271,27.262535095214844,10744800
2021-01-06,28.49115990989247,29.94317359870977,28.314311314960726,29.22647476196289,21173200
2021-01-07,30.687801736577846,31.451040654598224,30.36202677604003,31.09734344482422,22989400
2021-01-08,31.78612210837485,31.87919864035262,30.371336808331787,30.864648818969727,17693900
2021-01-11,29.487098563937298,30.110719203300746,28.97516870916321,29.822179794311523,13352100
2021-01-12,30.175876600615496,30.222418426794356,29.505717621482436,30.1851863861084,11013300
2021-01-13,30.56680326068994,30.56680326068994,29.757024199608335,30.334108352661133,9705300
2021-01-14,30.02694833798604,30.343413544056723,29.831485474112426,30.064180374145508,9184200
2021-01-15,29.28232522819876,29.38471155182725,28.174698787560978,28.444623947143555,12308200
2021-01-19,29.02170391936677,29.356785093906723,28.66800672950328,29.22647476196289,11612600
2021-01-20,29.37540522089477,29.4033292494762,28.826245086042356,29.114788055419922,8887600
2021-01-21,29.384715259952323,30.41788130964669,29.114790066307258,30.39926528930664,9465300
2021-01-22,30.026951962648,30.65057621635064,29.933875411656118,30.62265396118164,6665000
2021-01-25,30.706421476482546,31.24627181415075,29.831486354136583,30.231721878051758,10297400
2021-01-26,30.25964366731145,30.3434139745375,29.747715590104452,29.93387222290039,7129000
2021-01-27,28.33293061497343,28.770396373867193,27.57899788485372,28.053695678710938,12571500
2021-01-28,28.435315521099128,28.75178072101737,27.9978497566574,28.686626434326172,12144500
2021-01-29,28.342238437843804,28.612163588274104,27.34630281295647,27.73723030090332,9698000
2021-02-01,28.379469212888317,28.388777221737264,27.662768509410004,28.36085319519043,6671400
2021-02-02,28.807630987307153,28.919323551552473,28.29570111266532,28.668012619018555,10789400
2021-02-03,29.040324590698894,29.31955776403743,28.584241018753417,29.179941177368164,6589100
2021-02-04,29.003093410988175,29.058939692241633,28.686628191683116,28.80763053894043,5928400
2021-02-05,29.040325461004798,29.16132603299209,28.658705950855524,29.021709442138672,5828200
2021-02-08,29.11478646518324,29.505713967364514,29.086862438127007,29.31024932861328,6450800
2021-02-09,28.826244222776662,29.31025005176574,28.695935643941617,29.049631118774414,6106500
2021-02-10,29.24509707136496,29.4870999966916,28.314317408718487,28.658706665039062,6678200
2021-02-11,28.99378540155905,29.021709429846418,28.621473901000535,28.80763053894043,4458800
2021-02-12,28.06300457963423,28.332931515737414,27.700001103805594,28.221237182617188,6069800
2021-02-16,28.742477013642873,28.761093034146686,27.551080106541466,27.904775619506836,7989300
2021-02-17,27.70931141901773,27.70931141901773,26.890224308822066,27.43938446044922,7708500
2021-02-18,26.545833369637975,26.56444938683956,25.736054374580206,26.015289306640625,11352700
2021-02-19,26.4341396994917,26.89022148035219,26.378293421818476,26.51791000366211,6861600
2021-02-22,25.838439760951015,25.857055777480454,24.674965357676857,24.75873565673828,10240100
2021-02-23,23.632493592414384,24.423656611379357,22.748254033247466,24.414348602294922,16636700
2021-02-24,24.405039186664236,24.935585021972656,23.837264867806095,24.935585021972656,8236300
2021-02-25,24.647044054190594,24.88904696982996,23.539417578210465,23.734880447387695,10893300
2021-02-26,23.84657479862624,24.284040583718937,23.35326095774373,24.060653686523438,8838700
2021-03-01,24.786659838123523,25.05658677287577,24.488810651721863,24.972816467285156,5432800
2021-03-02,24.87973687685258,24.95419916963451,24.135113949033254,24.172344207763672,5318600
2021-03-03,23.744189619748624,23.958268517997,22.543482992029666,22.590023040771484,9225600
2021-03-04,22.403863065465774,22.776174523438822,21.007693766576047,21.687162399291992,15035500
2021-03-05,22.003627230694814,22.059475279988902,19.927989332266005,21.3800048828125,16676500
2021-03-08,21.175237951800522,21.62201177701413,20.6633098323251,20.728464126586914,10265400
2021-03-09,21.985015038829754,22.65517571493578,21.91055274148464,22.4597110748291,9672800
2021-03-10,23.18572403402065,23.22295607714415,22.180481948866106,22.450408935546875,8560600
2021-03-11,23.343952370345104,23.90242048716432,23.185719766835014,23.874496459960938,8023700
2021-03-12,23.21364520863816,23.74418933058444,22.990258303361898,23.688343048095703,5204900
2021-03-15,23.44633472818078,23.64179755957296,23.157791821857703,23.558027267456055,4867900
2021-03-16,23.46495466335359,23.585957014813033,22.794793939075156,23.01818084716797,7287700
2021-03-17,22.152557064296065,22.617946933506666,21.80816955526024,22.385251998901367,8889100
2021-03-18,21.882632548771532,22.012941148129414,21.110085412695568,21.165931701660156,10105500
2021-03-19,21.389318287627855,21.91055622728991,21.24970167980896,21.72439956665039,7793700
2021-03-22,22.0594773160981,22.48763508161253,21.826782415191246,22.24563217163086,6419100
2021-03-23,22.39455852961404,22.40386653942181,21.7150897915393,21.826784133911133,4929600
2021-03-24,21.677859536521336,21.687165771011575,20.849464416503906,20.849464416503906,6054900
2021-03-25,20.244454432628185,20.951847076416016,20.086221844210893,20.951847076416016,13359500
2021-03-26,21.14731392355816,21.39862486600509,20.877388736550294,21.37070083618164,6878900
2021-03-29,21.417238476886563,21.47308475493053,20.775000065756863,20.8587703704834,5177000
2021-03-30,20.979774073352665,21.873321681373714,20.951850044856524,21.864013671875,8981600
2021-03-31,22.403862046031737,22.794789502945488,22.264245477559896,22.61794090270996,12207800
2021-04-01,23.176414963863643,23.213647005285292,22.469022154745343,22.506254196166992,9290900
2021-04-05,22.92510039525463,22.943716413029964,22.10601514167291,22.161861419677734,9115200
2021-04-06,22.10601514167291,22.422480342568868,22.022244837005086,22.161861419677734,6499600
2021-04-07,22.18047888534266,22.18047888534266,21.44516388842912,21.538240432739258,5636500
2021-04-08,21.89193666237219,22.01293722947569,21.73370405903918,21.817474365234375,4851600
2021-04-09,21.6033950249332,21.87332197809369,21.556856752129608,21.84539794921875,4534500
2021-04-12,21.594088924505225,21.622011178231965,21.17523736539094,21.40793228149414,6489100
2021-04-13,21.547548742504627,21.84539794921875,21.352085866343977,21.84539794921875,6395200
2021-04-14,22.087400275996828,22.329403193735725,21.73370479642229,21.77093505859375,7942600
2021-04-15,21.975705596171803,22.003627846278974,21.277620938355124,21.4544677734375,5621800
2021-04-16,21.780241786931548,22.236323567464716,21.68716347399554,22.17116928100586,6558700
2021-04-19,22.124630953192245,22.161861213074662,21.45446852209723,21.631317138671875,6605300
2021-04-20,21.454472018141004,21.6871669501179,21.259009127434705,21.43585777282715,4577700
2021-04-21,21.25900554580117,21.864011911947713,21.15661922487812,21.854703903198242,5719500
2021-04-22,22.57140865671419,22.692409241567503,22.245635393202477,22.385251998901367,9553700
2021-04-23,22.590021156231938,22.85994631513105,22.459710805947125,22.804100036621094,6351500
2021-04-26,22.89717835461196,22.95302463313068,22.5807131508039,22.915794372558594,5846100
2021-04-27,22.93440801860325,22.971640053528024,22.711021135018026,22.841331481933594,4825800
2021-04-28,22.357328118080634,22.580715026027953,22.15255545430459,22.375944137573242,5060400
2021-04-29,22.338708532391525,22.385246798372254,21.770932455757173,22.031551361083984,7842600
2021-04-30,21.70577943375786,21.845396015128937,21.482392548499906,21.631317138671875,5308000
2021-05-03,21.70577910056518,21.7243951178812,21.277621354223456,21.324159622192383,5625700
2021-05-04,20.709845296397383,20.737769322429482,20.272379540487968,20.44922637939453,9552000
2021-05-05,20.747081789891737,20.747081789891737,20.337538196677695,20.421308517456055,5545300
2021-05-06,20.132760707330714,20.263071050396768,19.825603529559658,20.151376724243164,10523900
2021-05-07,20.477151279740877,20.784308477924142,20.346842703336222,20.51438331604004,6773800
2021-05-10,20.337537807301402,20.47715441415178,19.881455944752055,19.900070190429688,5055600
2021-05-11,19.04375204090995,20.01176379280943,19.025137795928355,19.946609497070312,9139000
2021-05-12,19.685988925285987,19.77906724385071,19.229907117172214,19.276445388793945,7322900
2021-05-13,19.564985227839394,19.676677772014138,19.136825740980253,19.350906372070312,6798100
2021-05-14,19.806990142782013,20.17930162049346,19.72321983838179,20.104839324951172,7225500
2021-05-17,19.965224053081478,20.021070334573206,19.704605113917946,19.918684005737305,4430900
2021-05-18,20.16068606779071,20.47715127497511,20.03037749141638,20.29099464416504,6791900
2021-05-19,19.92799032070995,20.477150405426627,19.890760061321615,20.44922637939453,6762900
2021-05-20,20.765692061346858,21.017002975580724,20.691229765498434,20.9704647064209,5401100
2021-05-21,21.12869835000841,21.138004584042832,20.96115773224871,21.017004013061523,3246700
2021-05-24,21.1566200077646,21.193852044140236,20.93323311547442,21.054235458374023,3013600
2021-05-25,21.12870056708588,21.17523884342637,20.90531186975148,20.998390197753906,2801700
2021-05-26,21.06354011427662,21.296234998229533,21.017001847614466,21.249696731567383,3619200
2021-05-27,21.305541387756683,21.324157403135466,21.11938655993169,21.2310791015625,4645200
2021-05-28,21.361393419146914,21.556856291127513,21.28693111906079,21.33346939086914,3526200
2021-06-01,21.60339351271919,21.67785758450663,21.147311724948256,21.286930084228516,4519100
2021-06-02,21.007691584200884,21.03561560639339,20.82153676221351,20.942537307739258,5270200
2021-06-03,20.663307035497432,20.802923615064078,20.467842403847225,20.56092071533203,6368800
2021-06-04,20.73776774790508,20.95184660526707,20.709843723993128,20.75638198852539,4013300
2021-06-07,20.719153641199938,20.87738624063989,20.551613032931613,20.868078231811523,3643100
2021-06-08,21.054233391074565,21.054233391074565,20.700536181520135,20.951847076416016,3965300
2021-06-09,20.99838768168037,21.110082016964107,20.812232823302452,20.82154083251953,2920000
2021-06-10,20.759762608139816,21.00311440955478,20.666165486793048,20.909517288208008,2695000
2021-06-11,20.984397633287237,21.08735466003418,20.918880174527132,21.08735466003418,3253300
2021-06-14,21.302625314968317,21.480459679905497,21.283905532297723,21.340063095092773,4377700
2021-06-15,21.311988101429296,21.368145671853068,20.975039108452712,21.096715927124023,2800700
2021-06-16,21.209030151367188,21.527259345377068,21.059275446564524,21.209030151367188,3852100
2021-06-17,21.02183833427957,21.39622692525261,20.965680759720456,21.33070945739746,3491400
2021-06-18,21.087355451401066,21.199670589142826,20.956318743746447,20.975038528442383,4651500
2021-06-21,21.077994393007703,21.246468875517174,20.872080343177537,21.190309524536133,3541900
2021-06-22,21.106073140251024,21.480461687791955,21.06863535662707,21.40558433532715,3588300
2021-06-23,21.358781283679672,21.480458076740618,21.237106275835323,21.368141174316406,3039700
2021-06-24,21.61149622710855,21.65829390211728,21.424301956639894,21.5085391998291,3415400
2021-06-25,21.60213630145789,21.751891003513098,21.527258950430284,21.57405662536621,3726800
2021-06-28,21.761250011487625,22.15435653471672,21.714452338452862,22.144996643066406,6291500
2021-06-29,22.4351474660307,22.594262063033053,22.238595085436735,22.28539276123047,4563600
2021-06-30,22.013961167313052,22.0794786219726,21.826766909528555,21.957801818847656,3782100
2021-07-01,22.051400417676028,22.08883998581533,21.808048580421158,22.032682418823242,2936600
2021-07-02,21.995243605124426,22.07948085111034,21.845488897864335,21.985883712768555,2494400
2021-07-06,22.14499908335556,22.154358976037297,21.96716469283661,22.135639190673828,4233000
2021-07-07,22.40706742813434,22.52874244467221,21.985881245471077,22.060758590698242,4090700
2021-07-08,21.489822910998775,21.798694043074146,21.34006818435341,21.677017211914062,4198700
2021-07-09,21.714451558252772,21.779969012234112,21.489817737149988,21.733169555664062,2802000
2021-07-12,21.995243605124426,22.032683174547913,21.75189175952255,21.985883712768555,4430600
2021-07-13,21.83612902643264,22.023323303295594,21.686374319029053,21.723812103271484,3671700
2021-07-14,21.77997021331928,21.77997021331928,21.171591526092612,21.190309524536133,5526500
2021-07-15,20.909521711199417,21.096715993490164,20.572572717162856,20.769126892089844,6537100
2021-07-16,20.975038359301227,20.975038359301227,20.62873127130365,20.68488883972168,3606000
2021-07-19,20.263699969631404,20.535131454467773,20.17946273538678,20.535131454467773,6995200
2021-07-20,20.51641484124179,20.815924260276173,20.329220561736822,20.741046905517578,3657700
2021-07-21,20.928241064730372,21.405584868029084,20.90016138740094,21.396224975585938,4703700
2021-07-22,21.574057039460286,21.630216392721564,21.283907521811276,21.40558433532715,4726800
2021-07-23,21.311990752715776,21.311990752715776,20.965681824050357,21.115436553955078,2851700
2021-07-26,20.984398110708753,21.15287260004881,20.79720383694938,20.946958541870117,4143300
2021-07-27,20.74104740020936,20.80656486403366,20.497695545135535,20.797204971313477,4056800
2021-07-28,20.91887713505275,21.44301851419368,20.853359685812208,21.368141174316406,5833500
2021-07-29,21.386866188765506,21.5366209051637,21.283909151785355,21.311988830566406,3946100
2021-07-30,21.11543403801662,21.461742925418772,21.09671603792171,21.255828857421875,3227000
2021-08-02,21.51789941811636,21.51789941811636,21.237109793373076,21.274547576904297,2730400
2021-08-03,21.545977952031908,21.779969888647674,21.50853838526932,21.686372756958008,3482900
2021-08-04,21.723813331211705,21.854850046509405,21.57405861534322,21.639577865600586,2656600
2021-08-05,21.63957763502106,21.66765552818657,21.471103135159925,21.4804630279541,2580500
2021-08-06,21.602139674166654,21.63957924813427,21.386867479504282,21.45238494873047,2702600
2021-08-09,21.5834192630725,21.85485081083753,21.508541902519575,21.78933334350586,3436900
2021-08-10,21.929727862105874,21.995245328513526,21.75189346384435,21.761253356933594,3786500
2021-08-11,21.845486839411745,21.854846730885654,21.414940757695714,21.63021469116211,2685900
2021-08-12,21.40558509197781,21.433662984384053,21.19967102650821,21.35878562927246,3659100
2021-08-13,21.443025463168798,21.46174525050873,21.134156112928622,21.152875900268555,3042100
2021-08-16,21.059273325695433,21.115430888036606,20.937598309753437,20.98439598083496,2845600
2021-08-17,20.759763717651367,20.872078841096922,20.5164119032304,20.759763717651367,4057600
2021-08-18,21.021835393453536,21.134152312076424,20.89080047607422,20.89080047607422,3240300
2021-08-19,20.90952026004751,21.0967145293467,20.844002801357853,20.89080047607422,4593600
2021-08-20,20.9188795845369,21.24646865431506,20.9188795845369,21.22774887084961,3962100
2021-08-23,21.349427028154704,21.536621319865517,21.28390956162104,21.499181747436523,2556400
2021-08-24,21.555337344587596,21.714451929210533,21.555337344587596,21.63021469116211,2352800
2021-08-25,21.686373599680326,21.75189105884403,21.564698573407288,21.705093383789062,3410400
2021-08-26,21.59277978067475,21.714456610852363,21.41494537476285,21.45238494873047,2737500
2021-08-27,21.39622600601004,21.69573543774701,21.36814632732831,21.639577865600586,2300700
2021-08-30,21.77061161543293,21.920366323182776,21.71445404633097,21.854848861694336,2027900
2021-08-31,21.939089094610868,21.976526884036417,21.75189479183159,21.836132049560547,2324200
2021-09-01,21.985884554171456,22.163718945304907,21.94844676853215,22.00460433959961,2978300
2021-09-02,22.201154798452613,22.407068849804578,22.201154798452613,22.266674041748047,3096500
2021-09-03,22.144999965077144,22.21987732429532,22.079482498913368,22.088842391967773,2160300
2021-09-07,21.920361095598665,22.04203609717192,21.864203539889203,21.911001205444336,2247200
2021-09-08,21.761253938891073,21.901648768550174,21.46174449289376,21.489822387695312,4617200
2021-09-09,21.471100385369873,21.620855080463667,21.414941035797113,21.461740493774414,3039500
2021-09-10,21.555338197756235,21.564698089600615,21.115432207154644,21.124792098999023,3954700
2021-09-13,21.39622195130482,21.574054526937726,21.190307917094756,21.545976638793945,4370200
2021-09-14,21.574054458475448,21.639573696108627,21.368142210135506,21.414939880371094,4677900
2021-09-15,21.237113387763415,21.237113387763415,21.01248129290633,21.115436553955078,4401200
2021-09-16,20.890801282527597,21.021836204965293,20.79720414426485,20.975038528442383,3238800
2021-09-17,20.92823870120045,21.087353284330423,20.797202007011993,21.077993392944336,5948200
2021-09-20,20.58193019052085,20.69424710373654,20.273060910698668,20.51641273498535,4780200
2021-09-21,20.72232415302505,20.872078841096922,20.63808691783253,20.759763717651367,3177100
2021-09-22,20.872080934344197,21.190310124716103,20.806563474894137,21.049915313720703,4872800
2021-09-23,21.34942719300818,21.34942719300818,21.180952686210954,21.237112045288086,3965900
2021-09-24,21.03119724512828,21.059276923704683,20.79720527930934,20.825284957885742,4585000
2021-09-27,20.77848509049514,21.059274705819327,20.684887956981463,20.993757247924805,2395400
2021-09-28,20.759763484047866,20.797201263036207,20.488331999211496,20.535131454467773,4345100
2021-09-29,20.58192822602137,20.591288116664025,20.28241886632273,20.319856643676758,3855000
2021-09-30,20.263704299926758,20.394741017429823,20.14202926069219,20.263704299926758,3133100
2021-10-01,20.357300646150478,20.478975680609004,20.151388362752588,20.376020431518555,2905100
2021-10-04,20.151387151929708,20.151387151929708,19.74892071678371,19.842517852783203,5615200
2021-10-05,19.85187561586945,20.001632102005107,19.77699826541005,19.879955291748047,4059100
2021-10-06,19.589808791065444,19.94547581407749,19.48685174891219,19.9267578125,3967900
2021-10-07,20.029710512493885,20.273062354106816,20.029710512493885,20.132667541503906,5268400
2021-10-08,20.076507814446646,20.11394559401342,19.908033343354408,19.97355079650879,3688400
2021-10-11,19.879958789354358,20.291785181944704,19.851879108535528,20.048433303833008,2765200
2021-10-12,20.34793844550933,20.82528220695085,20.329218662264537,20.806562423706055,7538300
2021-10-13,21.13415413543766,21.51790081391379,21.124794242643485,21.4804630279541,9102700
2021-10-14,21.592777361241144,21.592777361241144,21.283908051485145,21.396224975585938,5966100
2021-10-15,21.489818383344012,21.648932970033265,21.368143363036598,21.461740493774414,5739400
2021-10-18,21.32134460756026,21.592774309178036,21.265185260839317,21.545976638793945,3037100
2021-10-19,21.751890674431007,22.201154773799765,21.66765343264726,22.070119857788086,4279700
2021-10-20,22.28539195039966,22.34155130156912,22.051400009510743,22.201154708862305,3592200
2021-10-21,22.08884367658496,22.425790920054023,22.08884367658496,22.229238510131836,2276200
2021-10-22,22.332192552875966,22.332192552875966,21.90164643128827,22.051401138305664,3073400
2021-10-25,22.126276550614122,22.39770804903028,22.04203931215509,22.37898826599121,3105900
2021-10-26,22.500670068844002,22.54746775162057,22.11692157216404,22.229238510131836,3900400
2021-10-27,22.828252761288333,23.221359286148186,22.80017487143772,22.893770217895508,7563300
2021-10-28,23.099685480411477,23.736143867036787,23.06224591168439,23.68934440612793,6749000
2021-10-29,23.49279236818888,23.708064535854884,23.49279236818888,23.651906967163086,5870100
2021-11-01,23.88590098836503,24.147970855104145,23.792303842293745,24.138612747192383,8791800
2021-11-02,24.007572205512023,24.007572205512023,23.50215055356043,23.679983139038086,6339000
2021-11-03,22.87505138371079,23.174560765949764,22.659777453161883,23.137121200561523,6682300
2021-11-04,23.04352920204242,23.099686773058707,22.85633491836548,23.01544952392578,3931400
2021-11-05,22.837613059692735,22.9312101930342,22.519383877461856,22.725297927856445,5524600
2021-11-08,23.06224385500178,23.258798002856565,23.015446183483217,23.137121200561523,4733900
2021-11-09,23.25880137861901,23.30559905692975,22.800177347349194,23.01544952392578,5447000
2021-11-10,22.809535391637752,22.98736798298113,22.51938409692979,22.68785858154297,5654500
2021-11-11,22.781455025166203,23.427273268199492,22.725297460403205,23.286876678466797,6858300
2021-11-12,23.427275732012834,23.548950765998523,23.26816112743648,23.47407341003418,4196000
2021-11-15,23.47407464169815,23.502154321114464,23.07160816281637,23.19328498840332,4020100
2021-11-16,23.202640439990944,23.221358437468325,22.949928729270532,23.137121200561523,4222300
2021-11-17,23.06224444563671,23.305596271242415,22.94992931702902,22.996726989746094,3874800
2021-11-18,23.03416798326884,23.090325551052157,22.547464301901723,22.678499221801758,4116300
2021-11-19,22.594261677651414,23.240079946847487,22.594261677651414,23.109045028686523,4814700
2021-11-22,23.090325938590002,23.361755675112327,22.556824572652218,22.575544357299805,6894200
2021-11-23,22.52874491579139,22.70657929966837,22.051401118153336,22.313472747802734,7256800
2021-11-24,22.14499633365319,22.39770804903028,21.92972418435423,22.37898826599121,3801800
2021-11-26,22.144999965077144,22.36027214967728,21.87357020736764,22.088842391967773,4048500
2021-11-29,22.31347168351374,22.39770892526828,21.95780293272416,22.332191467285156,4670900
2021-11-30,22.33219258906809,22.43514783454882,21.630216729330076,21.985883712768555,6029400
2021-12-01,22.182439790598245,22.257317150671458,21.23711200391327,21.302629470825195,7362200
2021-12-02,21.190310366962628,21.471101777380294,21.01247777077003,21.209030151367188,8486000
2021-12-03,21.330705770355625,21.40558311856416,20.357298458427884,20.544492721557617,8335400
2021-12-06,20.666172469708805,20.862726669472597,20.23562806533978,20.7878475189209,5966800
2021-12-07,21.246468342729184,21.49917827493947,21.218388667942804,21.461740493774414,5870500
2021-12-08,21.56470130697214,21.63021877444091,21.368147119348734,21.52726173400879,3836300
2021-12-09,21.443018559103017,21.5646953524188,20.87207772558266,20.909517288208008,6108300
2021-12-10,21.031196745036517,21.08735610085393,20.656809965671997,20.769126892089844,5192300
2021-12-13,20.716441578534138,20.942233637293068,20.537688859103238,20.659992218017578,5839900
2021-12-14,20.302491316050666,20.302491316050666,19.85090713753285,20.039066314697266,6292700
2021-12-15,20.039063323525877,20.39656875731572,19.709784364029634,20.37775230407715,6030100
2021-12-16,20.556501342279283,20.688212902507313,19.83208417215428,19.926164627075195,8231600
2021-12-17,19.728598249988025,20.086103669773017,19.474583318961052,19.96379852294922,10833700
2021-12-20,19.22056652048911,19.474583244986878,19.098261374129887,19.2299747467041,9908600
2021-12-21,19.49339857515108,19.87912689108805,19.483990348611677,19.869720458984375,6454300
2021-12-22,19.747414249644304,19.982614517211914,19.690966687870056,19.982614517211914,4489100
2021-12-23,19.954389839106973,20.057878531056126,19.850902941593457,19.982614517211914,3748700
2021-12-27,19.973206023961776,20.067286488617274,19.813269772378113,19.954389572143555,5830800
2021-12-28,19.879124017170398,19.95438802416902,19.70037312207084,19.756820678710938,7437800
2021-12-29,19.73800880954175,19.82268106137205,19.52162496350248,19.690969467163086,5264100
2021-12-30,19.74932763918245,20.107038113977204,19.721088567016754,19.965835571289062,6198800
2021-12-31,19.965835296119014,20.1446905310514,19.909355357101113,19.92818260192871,2679500
2022-01-03,20.116453837499055,20.20117285830918,19.86229138867337,20.088212966918945,4360300
2022-01-04,20.107042307717812,20.107042307717812,19.53282378105127,19.777572631835938,5200200
2022-01-05,19.6175423036109,19.6175423036109,18.855056762695312,18.855056762695312,7501900
2022-01-06,18.72326738871575,18.826815448229826,18.35614506202408,18.591480255126953,7642400
2022-01-07,18.534998603142853,18.779747396867165,18.412623308548262,18.506757736206055,4522100
2022-01-10,18.299663624216876,18.440864369456357,17.998434888915344,18.42203712463379,7753000
2022-01-11,18.450282243773835,18.638549348991393,18.309081465994336,18.582069396972656,5708100
2022-01-12,18.74209694030732,18.82681776388201,18.506761718258794,18.62913703918457,4641500
2022-01-13,18.91153471723122,18.986841901056604,18.412623502222505,18.42203712463379,4936700
2022-01-14,18.31849195232683,18.516174463099837,18.07374491303099,18.309080123901367,4867500
2022-01-18,17.96078255640092,18.130224189224574,17.79134092357726,17.80075454711914,7208600
2022-01-19,17.894893424162273,18.04550784724744,17.744279001077107,17.753692626953125,6128000
2022-01-20,18.139635474112314,18.487930522932434,17.84781856833182,17.86664581298828,7748600
2022-01-21,17.659557406212617,17.69721011263615,17.17947327992062,17.226539611816406,12680400
2022-01-24,16.595837122124653,17.311256328687563,16.40757004384918,17.292430877685547,13824100
2022-01-25,16.802933405375008,16.991200485477282,16.5581845853235,16.77469253540039,8924500
2022-01-26,17.358327058112902,17.452461509154894,16.699387696284266,16.831174850463867,9259800
2022-01-27,16.962965454148318,17.038272663231968,16.529947655318203,16.567602157592773,6999100
2022-01-28,16.47346143498986,16.718210220336914,16.200471783672633,16.718210220336914,7275600
2022-01-31,16.755864434808803,17.66896610067071,16.746452607428655,17.65013885498047,5990300
2022-02-01,17.69720775675922,17.69720775675922,17.320671765321514,17.62190055847168,5726200
2022-02-02,17.80075323556255,17.810166858410838,17.48069724058067,17.54659080505371,5861900
2022-02-03,17.301840990755757,17.433629907499203,17.000612258996224,17.10416030883789,6870200
2022-02-04,16.953546403972137,17.414803136454882,16.91589191374583,17.264188766479492,5079300
2022-02-07,17.170056247505734,17.386564204010835,17.085335430531543,17.160642623901367,4423000
2022-02-08,16.95354866785176,17.22653657658605,16.868827848994357,17.19829750061035,4729400
2022-02-09,18.03608801234261,18.03608801234261,17.65013846161907,17.819580078125,6566500
2022-02-10,17.386566084883665,17.90430466634196,17.301845258744404,17.367740631103516,5315500
2022-02-11,17.480700365650183,17.527768488306105,16.83117463672076,16.915895462036133,4361900
2022-02-14,16.82175979227832,17.0759204271997,16.614663680645755,16.78410530090332,4844400
2022-02-15,17.264187239369384,17.659550374449015,17.2453599959216,17.631309509277344,5325300
2022-02-16,17.490111707565685,17.687794205990656,17.30184283244334,17.64072608947754,3181700
2022-02-17,17.53718162250643,17.668970580285592,17.33008725380407,17.395980834960938,6010400
2022-02-18,17.33950002681612,17.414807229503467,16.981791262917554,17.075923919677734,4887800
2022-02-22,16.81234695940087,16.93472047118968,16.520530023927837,16.652318954467773,6579800
2022-02-23,16.9441369382983,17.000616892028997,16.49229371752203,16.53936004638672,4631700
2022-02-24,16.200474454301382,17.89488898707285,16.191062626224603,17.80075454711914,14243500
2022-02-25,17.989024937296755,18.30908098273064,17.781928792918794,18.299667358398438,6604100
2022-02-28,19.071566368866712,19.702264827792195,19.024498247773625,19.495168685913086,13446400
2022-03-01,19.391622755773763,19.47634357978483,18.939779558024906,19.306901931762695,9053900
2022-03-02,19.203355969542503,19.222183220384252,18.742099096712504,18.996261596679688,5728100
2022-03-03,18.779747594403023,18.789159421349417,18.29025000180559,18.42203712463379,7243100
2022-03-04,18.327904333491983,18.516173207608762,18.06433006428655,18.280838012695312,6166800
2022-03-07,18.845642958691094,18.99625734075043,18.676201330008077,18.732681274414062,11986100
2022-03-08,19.3633823420975,20.342377755916317,19.22218156388352,20.022321701049805,17680400
2022-03-09,19.97525213366248,20.23882821727822,19.570477077507665,20.078800201416016,12866900
2022-03-10,19.909356137959325,19.928183383525337,19.419858526032737,19.796396255493164,5592600
2022-03-11,20.050559946554866,20.22000159155951,19.4857568571597,19.495168685913086,6244600
2022-03-14,19.47634183711751,19.485755460661476,18.629135468276814,18.789161682128906,6922200
2022-03-15,18.789160609246657,19.090391159057617,18.487931854900697,19.090391159057617,5615100
2022-03-16,19.36337963257664,19.62695569836838,18.93036373391705,19.59871482849121,6889700
2022-03-17,19.48575705837856,19.909359379799245,19.438688936799426,19.84346580505371,5004800
2022-03-18,19.598716563975184,20.03173429644394,19.53282299055858,19.909358978271484,5825900
2022-03-21,19.84346324096623,19.956424922694474,19.53282086054484,19.768156051635742,4495500
2022-03-22,19.777574916506524,20.13528371176583,19.730506788534576,20.04115104675293,4865200
2022-03-23,19.749328420758918,20.078798040961768,19.589300422115535,19.730501174926758,4959900
2022-03-24,19.918775709491367,20.04115104675293,19.62696049792729,20.04115104675293,3049200
2022-03-25,20.031734429825402,20.031734429825402,19.504582248052074,19.80581283569336,3817600
2022-03-28,19.777569745898685,19.965836822169816,19.58930087416253,19.89052963256836,3066800
2022-03-29,19.947013039721824,20.201173703718915,19.786985024000973,20.182348251342773,4000900
2022-03-30,20.36119834468869,20.49298726226949,20.088210478096446,20.135276794433594,4184400
2022-03-31,20.20117245004475,20.474162140406737,20.20117245004475,20.257654190063477,4641000
2022-04-01,20.408273322299888,20.56830136533411,20.210590777156206,20.37061882019043,5641400
2022-04-04,20.4082693277839,20.850698868180263,20.398855704099063,20.784805297851562,4416000
2022-04-05,21.2460635680193,21.377850717871887,20.66243322255906,20.72832679748535,7155600
2022-04-06,20.52122660805401,20.634188282423192,20.219997870356064,20.48357391357422,6389400
2022-04-07,20.323545650136726,20.540053578025287,20.01290329411165,20.23882484436035,5525900
2022-04-08,20.314134558787345,20.314134558787345,19.975251293459173,19.984664916992188,3457800
2022-04-11,19.88112070594703,19.99408060909978,19.65519730871096,19.777572631835938,7478800
2022-04-12,19.881116797388593,19.918769492548687,19.54223356362304,19.551647186279297,6745900
2022-04-13,19.570474695095882,19.805809878276172,19.401033075931682,19.796396255493164,4185600
2022-04-14,19.83404974895879,19.918770561948676,19.5516482359692,19.56106185913086,5552700
2022-04-18,19.47633875747927,19.617539497381586,19.335138017576952,19.419857025146484,3723300
2022-04-19,19.504578571773646,19.86228904165935,19.391618693731235,19.824634552001953,6233600
2022-04-20,19.956425260977788,20.003491581807786,19.466927624299586,19.476341247558594,5048400
2022-04-21,19.626955880847838,19.626955880847838,18.46910713709478,18.52558708190918,10410500
2022-04-22,18.64795879297224,18.67619966038307,18.177288442247796,18.214942932128906,10319900
2022-04-25,17.96078051182613,18.243182004074836,17.81957976570178,18.214942932128906,5946700
2022-04-26,18.026678274953415,18.09257185213762,17.706622218231292,17.716035842895508,5441500
2022-04-27,17.998436255436744,18.33731771064791,17.885474573389672,17.932540893554688,5646900
2022-04-28,18.03608769969181,18.120808506476163,17.574830971346387,18.00784683227539,4508900
2022-04-29,18.00784928085273,18.290252607021372,17.70662050264496,17.734861373901367,6648200
2022-05-02,17.584248212262175,17.772515314051404,17.31125849078968,17.763103485107422,6699300
2022-05-03,17.79133928318313,18.205529703511274,17.753686587952355,18.045501708984375,4947000
2022-05-04,18.054919840043695,18.845646387451843,17.951371760239056,18.7985782623291,5179800
2022-05-05,18.582067793696673,18.582067793696673,17.810168599334567,18.0643310546875,4703900
2022-05-06,17.885470543018158,17.91371140603229,17.348906714001952,17.480693817138672,6473700
2022-05-09,16.981789496122254,17.075922143088818,16.369916518048672,16.435810089111328,7947300
2022-05-10,16.765278783377095,16.91589316448875,16.059273198616822,16.4263973236084,7314300
2022-05-11,16.529945144591082,16.68055953988162,15.91807393929011,15.946314811706543,7387400
2022-05-12,15.635673264785954,16.172237302221625,15.390924409988656,15.833353996276855,12815600
2022-05-13,16.125165431541994,16.71821107912577,16.059271869691553,16.605249404907227,5753300
2022-05-16,16.54877024634895,16.73703911377462,16.426396739347755,16.47346305847168,3891000
2022-05-17,16.85000125650656,17.198298169291807,16.7370413572815,17.17005729675293,5625300
2022-05-18,17.09474754333496,17.574831531938102,17.03826760216546,17.09474754333496,5577900
2022-05-19,17.26419485419356,17.93254613220079,17.25478122831754,17.753692626953125,9788800
2022-05-20,17.923127352442314,17.979607290333853,17.39597528057176,17.84781837463379,5753600
2022-05-23,18.101983754296185,18.13022462560156,17.72544778088359,18.0643310546875,3441800
2022-05-24,17.913716234156613,17.96078255640092,17.621899290753603,17.80075454711914,6214200
2022-05-25,17.734862247703273,18.158466360094764,17.69720775083948,18.05491828918457,3307300
2022-05-26,18.07374188263103,18.59147854155158,18.007846526445167,18.506757736206055,4469200
2022-05-27,18.525587004399636,18.97743015195449,18.506759757718584,18.958602905273438,4400800
2022-05-31,19.00567076934168,19.109217033780936,18.638546645801455,18.71385383605957,7555900
2022-06-01,18.826816526356016,18.902123720642834,18.374973360635106,18.497346878051758,4484200
2022-06-02,18.610307600770096,19.363379504530805,18.610307600770096,19.25041961669922,5255200
2022-06-03,18.958603274516257,19.35396648519322,18.958603274516257,19.09980583190918,3112900
2022-06-06,19.730501893691656,19.824636330816702,19.382206810433548,19.476341247558594,7126500
2022-06-07,19.269246600749142,19.68343707850291,19.269246600749142,19.645784378051758,2314100
2022-06-08,19.62695303611823,19.777567397436638,19.288069825419417,19.401031494140625,3379100
2022-06-09,19.15461034641962,19.35364485175955,18.841843387523806,18.870277404785156,3424700
2022-06-10,18.595423574126997,18.803934289868828,18.45325528711521,18.529077529907227,6444400
2022-06-13,17.87511075554404,17.988843211989977,17.325399062069202,17.467565536499023,7929000
2022-06-14,17.44861030578793,17.5433885622332,17.09793310700878,17.268531799316406,5123800
2022-06-15,17.29696902265452,17.875114867095686,17.18323473230314,17.685558319091797,5775600
2022-06-16,17.25905047307871,17.39174072967676,16.908373341753126,17.031583786010742,8076600
2022-06-17,17.116884703511293,17.761374579825862,17.116884703511293,17.647642135620117,5479000
2022-06-21,18.007799736390023,18.330044718397644,17.969887711332724,18.083621978759766,6061300
2022-06-22,17.713989735080613,18.216311440152918,17.713989735080613,17.96988868713379,3479800
2022-06-23,17.931975485282365,18.348998675473485,17.82771923579842,18.311086654663086,3407400
2022-06-24,18.595425452188245,18.604901651717547,18.112057927666687,18.396390914916992,4195700
2022-06-27,18.396387708322294,18.81341091697894,18.348999487955627,18.65228843688965,3718800
2022-06-28,18.803933223075358,18.813411228854754,18.112055070882047,18.149965286254883,3709600
2022-06-29,17.979366455685465,17.979366455685465,17.571823016058172,17.75189971923828,5771600
2022-06-30,17.448611154333936,18.19735742814458,17.439133147453994,18.05518913269043,6724300
2022-07-01,18.083619953034653,18.330042665068284,18.026753729563705,18.311086654663086,2959800
2022-07-05,17.950935161048715,18.045713424682617,17.410701408403984,18.045713424682617,5404400
2022-07-06,17.922500460983745,18.178401220781872,17.74242194767266,17.96988868713379,4216800
2022-07-07,18.15944247283479,18.794454369450133,18.15944247283479,18.70915412902832,5196400
2022-07-08,18.510120939701295,19.02192056065786,18.44377490403124,18.94609832763672,3118100
2022-07-11,18.879754880446214,18.92714310013984,18.35847723283752,18.43429946899414,4616400
2022-07-12,18.48168840494828,18.519600428368232,17.988842946957583,18.102577209472656,4310500
2022-07-13,17.837199671203933,18.405867406624637,17.704511195778895,18.206832885742188,3003400
2022-07-14,17.950931472807447,18.178398174145954,17.67607474551635,18.13100814819336,2767500
2022-07-15,17.799286527677165,17.84667474461364,17.1358406440989,17.82771873474121,9022000
2022-07-18,18.14048952761054,18.519602574769724,18.11205731449509,18.18787956237793,4611800
2022-07-19,18.36795552455357,18.53855602729085,18.22578904152081,18.519601821899414,2541400
2022-07-20,18.548035248403558,18.803936019266125,18.491169013015778,18.623857498168945,3123000
2022-07-21,18.633331439905636,18.633331439905636,18.31108649677444,18.5859432220459,2924600
2022-07-22,18.718634189703526,18.92714490710447,18.367955184159563,18.481689453125,2819800
2022-07-25,18.548031267095535,18.72810974953913,18.320564566624775,18.718631744384766,2733100
2022-07-26,18.58594625887838,18.65229049782012,18.396389740977757,18.424823760986328,2764400
2022-07-27,18.851322377604667,19.325211843569548,18.633333657119582,19.29677963256836,5195900
2022-07-28,20.424634893673296,20.908002357217676,20.22560218925522,20.652103424072266,9883300
2022-07-29,20.528890122511903,21.163902035956415,20.528890122511903,21.125991821289062,6616800
2022-08-01,20.955394948584985,21.078605427175983,20.699494176420938,20.86061668395996,6668800
2022-08-02,20.671056591067746,21.372412735988668,20.604712359591332,21.125991821289062,4573900
2022-08-03,20.908004928114224,20.95539496433487,20.263514897473733,20.680538177490234,4675100
2022-08-04,20.803746905077308,21.135468063149986,20.604712402488968,21.078601837158203,4227600
2022-08-05,21.21129109498162,21.533536067247866,20.955392164560017,21.23972511291504,5194200
2022-08-08,21.685180353141536,21.912648879081587,21.287113144363623,21.334503173828125,6381600
2022-08-09,21.06912501344784,21.486148245519,21.03121479657492,21.41032600402832,5009400
2022-08-10,22.045335087882396,22.405490236196275,21.761000363455505,22.377058029174805,5937200
2022-08-11,22.595048572675136,22.604526578374664,22.00742487351768,22.064292907714844,4735400
2022-08-12,21.960037151006432,22.358104360694412,21.865258899605525,22.320192337036133,4044700
2022-08-15,22.377059734019188,22.500270191903343,22.083246982285516,22.291759490966797,4334500
2022-08-16,22.234890099212258,22.234890099212258,21.941079173166422,22.007423400878906,4196300
2022-08-17,21.76100237955811,22.08324734578369,21.647269925446004,21.9221248626709,3677200
2022-08-18,22.01690306796089,22.23489177768452,21.912648619861844,21.969514846801758,2281700
2022-08-19,21.656748889065728,21.656748889065728,21.258681666578383,21.362937927246094,3757500
2022-08-22,20.936435511246103,21.135468207448568,20.86061327349115,21.031213760375977,3834300
2022-08-23,21.031217814186647,21.325028816151665,20.98382777661481,21.069128036499023,2884000
2022-08-24,21.002781353577095,21.628315314950726,21.002781353577095,21.486148834228516,4363700
2022-08-25,21.893694167298126,21.96003840474303,21.55249316587302,21.931604385375977,4566100
2022-08-26,22.045337150351518,22.140115400694203,21.39136921150623,21.42928123474121,4569800
2022-08-29,21.16390301800436,21.5145820106094,21.125992801577894,21.192337036132812,4336000
2022-08-30,21.35345876785762,21.55249146448034,20.775313073914926,20.983823776245117,4641600
2022-08-31,21.05965018230517,21.249206718482363,20.889051469039824,21.021739959716797,4304400
2022-09-01,20.642625417993575,20.813224104175575,20.282468417982553,20.652103424072266,4441500
2022-09-02,20.775314626028926,20.80374864527564,20.24455892097109,20.32038116455078,4310700
2022-09-06,20.49098190755132,20.661580601820155,20.15925891005182,20.53837013244629,6265900
2022-09-07,20.59523597537935,21.590404949105885,20.576279962680967,21.533536911010742,6445100
2022-09-08,21.3534599747661,21.71361517328254,21.28711393106387,21.675704956054688,6285400
2022-09-09,21.808392888518384,21.855781110817222,21.48614791520083,21.73257064819336,3914500
2022-09-12,21.827351979612978,21.893696223288128,21.524061167784332,21.884218215942383,3782600
2022-09-13,21.17337806251092,21.647267451899715,21.11651184195274,21.306066513061523,7213100
2022-09-14,21.30606772691164,21.647268685188745,21.078601023975125,21.63779067993164,5575100
2022-09-15,21.34398071708324,21.448235164155836,20.917479499871177,21.031213760375977,4462600
2022-09-16,20.75635643185562,20.993301144109097,20.576277944374464,20.95539093017578,4445700
2022-09-19,20.652102415654202,20.945913358767935,20.604712387574743,20.898523330688477,3527500
2022-09-20,20.67105841209097,20.77531467516395,20.235080962412855,20.272991180419922,4709400
2022-09-21,20.405678297765263,20.77531145279006,20.159255591833865,20.168733596801758,3923600
2022-09-22,20.149781726031733,20.168737739861463,19.429469470206865,19.53372573852539,6376900
2022-09-23,19.097743536602838,19.21147779443126,18.737588367678114,18.974533081054688,7807800
2022-09-26,18.851319526469855,19.1072202332464,18.472208372584923,18.510120391845703,4287500
2022-09-27,18.784975764124713,19.021920467118704,18.49116483858065,18.633331298828125,4603300
2022-09-28,18.56698792717724,18.993489135326215,18.41534345488976,18.927143096923828,5382600
2022-09-29,18.58594466160837,18.633332883138532,17.903542702007467,18.102577209472656,4762500
2022-09-30,18.131009810609594,18.472210797774093,18.017277353384635,18.09309959411621,3013100
2022-10-03,18.235265228233004,18.747066685367713,18.159442990999498,18.65228843688965,4061700
2022-10-04,19.13565947447525,19.401036450808444,19.06931523039195,19.239913940429688,3843500
2022-10-05,18.81341284414284,18.87975708255008,18.168922857766933,18.472211837768555,9476600
2022-10-06,18.33952332127155,18.642812300616924,17.94145608394452,17.979366302490234,7288400
2022-10-07,17.789810509337183,17.87511075554404,17.37278728429754,17.467565536499023,4451600
2022-10-10,17.4580869382658,17.50547515888657,17.164275993378606,17.391742706298828,6317700
2022-10-11,17.2306202111597,17.420174901231455,16.9368092665144,17.2116641998291,10951800
2022-10-12,17.20218761508611,17.211665621534305,16.756732158490333,16.77568817138672,15834900
2022-10-13,16.32075426289893,17.050544550621797,16.254410019968677,16.96524429321289,9501900
2022-10-14,17.22114438899838,17.36331087651396,16.595610397733857,16.62404441833496,11836000
2022-10-17,17.02210645128952,17.211662935178087,16.83255177514556,16.927330017089844,16840600
2022-10-18,17.35383185391721,17.505476339423986,17.088454908152787,17.363309860229492,14145300
2022-10-19,17.060017865569687,17.060017865569687,16.728294934412478,16.85150718688965,20090600
2022-10-20,16.851509329008437,16.984197795240505,16.548218565450494,16.709341049194336,5539500
2022-10-21,16.699867655247587,17.069500906243483,16.472399092447727,17.003156661987305,7282400
2022-10-24,16.917856269068746,16.95576649073884,16.586133242666406,16.870466232299805,7724200
2022-10-25,16.946286239855546,17.458087722732017,16.870463998808454,17.372787475585938,12053500
2022-10-26,17.676074271250968,18.121531464530083,17.66659626631475,17.82771873474121,11229400
2022-10-27,17.818240937575137,18.1404858781856,17.789808730179555,17.91301918029785,8736700
2022-10-28,17.78981188937193,17.903544354640598,17.58129935680446,17.88459014892578,7175700
2022-10-31,17.628686643582093,17.960409596459606,17.571820419808553,17.903541564941406,8252600
2022-11-01,18.301607553044825,18.34899757621877,17.931974411010742,17.931974411010742,7257400
2022-11-02,18.007802622681275,18.32056964855488,17.63816935785205,17.657123565673828,8558000
2022-11-03,17.562344812285836,18.13101074314866,17.562344812285836,18.026756286621094,11115100
2022-11-04,18.377433536861272,18.481689801398815,17.865633836234505,18.15944480895996,10870500
2022-11-07,18.30161169341896,18.311089700197957,17.8372002077177,17.96988868713379,9693100
2022-11-08,18.235268018457848,18.500646793253765,18.18787979084019,18.405868530273438,14351900
2022-11-09,18.367952487279496,18.766019658594885,18.292130255016787,18.32056427001953,19913000
2022-11-10,19.088268305981153,19.71380229560899,18.879757578686863,19.581113815307617,19247100
2022-11-11,19.46738032748554,19.704325062877068,19.29677982876446,19.382080078125,19474000
2022-11-14,19.29677943463001,19.382079682248303,18.984012462611215,19.21147918701172,18872000
2022-11-15,19.780149135201246,19.846493378007345,19.382081870619608,19.562158584594727,18558000
2022-11-16,19.467377670229588,19.54319990289551,19.31573139715313,19.3536434173584,21539000
2022-11-17,18.974533937477783,19.457901391512337,18.889233692192583,19.448423385620117,23526600
2022-11-18,19.514770713103523,19.53372672789336,19.21148170744643,19.419992446899414,25135400
2022-11-21,19.277822494506836,19.325210715238555,19.097744001785774,19.277822494506836,20181400
2022-11-22,19.401033943237803,19.543202228178366,19.230435255249834,19.524246215820312,9451200
2022-11-23,19.467380617721123,19.77066959430478,19.467380617721123,19.732757568359375,9674000
2022-11-25,19.742232538034465,19.90335500802829,19.637976290466515,19.71379852294922,5564700
2022-11-28,19.581110115356157,19.675888358124713,19.306255199846433,19.3536434173584,8387500
2022-11-29,19.467380177200962,19.524246407087368,19.239911642165623,19.2493896484375,8818700
2022-11-30,19.524246512643796,20.073958225170653,19.391556231864993,20.055002212524414,12485100
2022-12-01,20.20664903414339,20.20664903414339,19.827537776116746,19.865447998046875,11229500
2022-12-02,19.637980260660793,20.235082043954204,19.637980260660793,20.159259796142578,7219600
2022-12-05,20.064480957406754,20.140303203037806,19.8464922271856,19.903358459472656,6714000
2022-12-06,19.903357072835767,19.931791090870803,19.353645378371997,19.4863338470459,6966700
2022-12-07,19.486333254890226,19.637977730979276,19.32521077307752,19.410511016845703,6605800
2022-12-08,19.495814341788627,19.704326885173554,19.410514084539344,19.562158584594727,3970700
2022-12-09,19.55267921015673,19.742235725843784,19.47685696543089,19.505290985107422,3205600
2022-12-12,19.54320111512963,19.685367584228516,19.410510843925234,19.685367584228516,3078200
2022-12-13,20.270214112506046,20.270214112506046,19.804996309312717,19.918926239013672,6409700
2022-12-14,20.00437243387799,20.346165807879085,19.956901936770453,20.146785736083984,8625900
2022-12-15,19.937912866846784,20.27970623833255,19.662578915175832,19.729040145874023,6230300
2022-12-16,19.482191487586256,19.615110340238818,19.168881469988385,19.37775421142578,4620900
2022-12-19,19.491684925739236,19.539155424653806,19.111913690888855,19.168880462646484,3961700
2022-12-20,19.140399932861328,19.39674501137162,19.00748106735987,19.140399932861328,3466500
2022-12-21,19.197362422373402,19.41573143005371,18.95051183912694,19.41573143005371,2984100
2022-12-22,19.3587653194777,19.3587653194777,18.865065946977282,19.083433151245117,3408300
2022-12-23,19.12140767356437,19.12140767356437,18.808097680284437,18.978994369506836,1882200
2022-12-27,19.026467250129496,19.073937749281363,18.73214436056083,18.76062774658203,3071700
2022-12-28,18.84607754758535,18.84607754758535,18.513778595237692,18.570743560791016,5882700
2022-12-29,18.79860338832015,19.00747792631525,18.770121813781493,18.86506462097168,3030500
2022-12-30,18.770123076646342,18.8840530042331,18.67518026306835,18.84607696533203,2739800
2023-01-03,18.97899469348341,19.03595965390215,18.551754774017716,18.6372013092041,3441700
2023-01-04,18.798606650984556,18.827090041350186,18.618217277986798,18.789113998413086,2714500
2023-01-05,18.66568655725744,18.66568655725744,18.35237652736815,18.39984703063965,3295300
2023-01-06,18.599227222506403,18.92203171686133,18.399847123812535,18.87455940246582,5196900
2023-01-09,18.978996186223885,19.282811746864184,18.96000726096297,19.035961151123047,5298400
2023-01-10,19.083433207244425,19.33028379966078,18.912536503965136,19.320789337158203,3104400
2023-01-11,19.463199876924097,19.88094711303711,19.415729382065408,19.88094711303711,5278500
2023-01-12,19.95690288607113,20.213247928765657,19.767017266841822,20.175270080566406,4204200
2023-01-13,20.00437243387799,20.289200849173366,19.994877972279806,20.146785736083984,5228700
2023-01-17,20.24173101127752,20.44111110740294,20.17527158286358,20.279708862304688,5186800
2023-01-18,20.38414234049594,20.51706299522867,20.01386738355379,20.04235076904297,3462000
2023-01-19,19.814490103715276,19.909431104969773,19.301800004700084,19.36825942993164,6281200
2023-01-20,19.377754356772922,19.577134448130817,19.30180046741838,19.55814552307129,6229500
2023-01-23,19.558145400536976,20.032857658749602,19.434719199306905,19.90943145751953,3398300
2023-01-24,19.852465391556706,19.90943035233266,19.59612035173973,19.757522583007812,2800400
2023-01-25,19.453709416948758,19.643595057205154,19.22584773517129,19.59612274169922,2716700
2023-01-26,19.776513597374763,19.78600806032161,19.36826074507849,19.586627960205078,1278900
2023-01-27,19.368257771485077,19.605613876064265,19.24483339389258,19.491683959960938,2128700
2023-01-30,19.263826145870162,19.50118229762775,19.13090546948498,19.140399932861328,3057900
2023-01-31,19.273317527989153,19.700559297345265,19.26382487612222,19.691064834594727,2431900
2023-02-01,19.605615368177563,20.051846037712814,19.406237094381094,19.890443801879883,3272400
2023-02-02,20.07083484472733,20.118307159791605,19.605617022399358,19.767019271850586,6915000
2023-02-03,19.3397799478325,19.52016931845368,19.18787034543426,19.254331588745117,6367600
2023-02-06,19.16888132350583,19.273316787984687,19.045455123371443,19.197362899780273,2947300
2023-02-07,19.14989398383093,19.25433126783793,18.893548910841215,19.187870025634766,2608400
2023-02-08,19.38724902491563,19.4632029150757,18.978996186223885,19.035961151123047,4849100
2023-02-09,19.26382368668877,19.26382368668877,18.60872028441958,18.71315574645996,3851000
2023-02-10,18.646695462420052,18.81759215173077,18.523271081741985,18.684673309326172,2360200
2023-02-13,18.713155042937323,18.988489002700526,18.608719584823202,18.86506462097168,2154400
2023-02-14,18.65619142042769,18.81759366095681,18.42832975336603,18.732145309448242,3689300
2023-02-15,18.55175553250227,19.140397706290432,18.55175553250227,19.130903244018555,2342200
2023-02-16,18.87455687341761,18.969499678603373,18.618213653564453,18.618213653564453,5351700
2023-02-17,18.599226954180843,18.665686382492133,18.45681363481614,18.627710342407227,3861500
2023-02-21,18.561247116297775,18.618213886652455,18.333385467529297,18.333385467529297,2980700
2023-02-22,18.29541078733964,18.390353600750014,18.15299747266585,18.25743293762207,5739500
2023-02-23,18.504283535248476,18.51377799768152,18.08653624261237,18.31439971923828,2556400
2023-02-24,18.029571623739788,18.067549474198337,17.85867491844348,17.972606658935547,2682200
2023-02-27,18.19097224821476,18.36186893830868,18.08653497962771,18.27642059326172,1969200
2023-02-28,18.219456038507197,18.361869346456558,18.134007691560885,18.22895050048828,2347200
2023-03-01,18.371362838714226,18.618213404542182,18.323890531314603,18.494787216186523,4328700
2023-03-02,18.28591709843461,18.418835956301695,18.134009314905477,18.39984703063965,2134600
2023-03-03,18.49478887231746,18.846076734997585,18.45681283388053,18.779617309570312,1997600
2023-03-06,18.79860393783749,19.08343236773411,18.789111286636068,18.94101905822754,2589800
2023-03-07,18.912534872127495,19.04545371392778,18.694167686060332,18.74163818359375,2156100
2023-03-08,18.73214436056083,18.779616670596162,18.561247666200565,18.76062774658203,2700500
2023-03-09,18.789111378225467,18.931524688426244,18.46630690929918,18.475799560546875,2716200
2023-03-10,18.55175593143382,18.6277098203586,18.067549210457017,18.200468063354492,4313100
2023-03-13,17.991596488198574,18.53276820824039,17.925135246556597,18.295412063598633,4022700
2023-03-14,18.713154397574705,18.770121166454253,18.323890531314603,18.494787216186523,2282800
2023-03-15,18.105526382151936,18.17198581275835,17.725756913769818,18.058055877685547,3457500
2023-03-16,17.88715916101676,18.020078022205986,17.687779058349257,18.001089096069336,4624300
2023-03-17,17.763732406597224,17.839688108811696,17.251044092834814,17.393457412719727,5058900
2023-03-20,17.59283819362791,17.754240445344998,17.40295255247239,17.649803161621094,2712500
2023-03-21,18.001088781678884,18.115020525625297,17.925134889342488,18.048561096191406,5239600
2023-03-22,18.010581582846303,18.219456125662443,17.763731002807617,17.763731002807617,2475900
2023-03-23,18.02957299396777,18.361871967200113,17.763733453205152,17.89665412902832,3706800
2023-03-24,17.811203322392284,17.820697784423828,17.583341666285683,17.820697784423828,4222500
2023-03-27,18.001087775078442,18.001087775078442,17.70676668509346,17.83968734741211,2723000
2023-03-28,17.934628349360885,17.934628349360885,17.7827205731826,17.83968734741211,1297800
2023-03-29,18.039065506674824,18.200467744169888,17.811203843896532,18.19097328186035,2356100
2023-03-30,18.542259523586146,18.74163778201448,18.428327796710413,18.494787216186523,3745100
2023-03-31,18.561248297744736,18.8555711973277,18.551755646298147,18.779617309570312,1938200
2023-04-03,18.865066473064324,18.865066473064324,18.46630809242386,18.570743560791016,2985800
2023-04-04,18.51377740907161,18.561247908844038,18.36186963673965,18.475799560546875,1656200
2023-04-05,18.466307903541974,18.49478948058551,18.077043989622567,18.209962844848633,2796200
2023-04-06,18.266927080654693,18.266927080654693,18.09603038168085,18.24793815612793,2556500
2023-04-10,18.14350471895017,18.44732030176919,18.086537939008814,18.42833137512207,2589500
2023-04-11,18.428329379153244,18.551755578107525,18.333386567084606,18.485294342041016,1927500
2023-04-12,18.6277118045967,18.70366570161215,18.42833169312881,18.43782615661621,2569200
2023-04-13,18.523274454318443,18.87456054774249,18.523274454318443,18.789113998413086,1720300
2023-04-14,18.694168809581107,18.77012269672945,18.44731822362812,18.599225997924805,2416100
2023-04-17,18.656191249819337,18.95051234072201,18.59922628629575,18.90304183959961,3396900
2023-04-18,18.950512020666977,18.978995407389487,18.76062820850078,18.89354705810547,3275400
2023-04-19,18.684674497152695,18.817593348007243,18.684674497152695,18.779617309570312,1784000
2023-04-20,18.532766091062832,18.78911113260323,18.513777167048698,18.76062774658203,1900000
2023-04-21,18.751136365606765,18.903044160913133,18.618217497434635,18.798606872558594,2443900
2023-04-24,18.694171395087817,18.798606872558594,18.50428574551298,18.798606872558594,1722100
2023-04-25,18.504285270826827,18.627711483149376,18.42833137512207,18.42833137512207,1840800
2023-04-26,18.06755113669831,18.086538252791115,17.5928388275869,17.668792724609375,6077800
2023-04-27,17.81120473210284,18.058055331810106,17.81120473210284,17.982101440429688,2523100
2023-04-28,17.687777117479058,17.773225464834123,17.45991546149338,17.763731002807617,4064400
2023-05-01,17.830192177728943,17.858673752830317,17.56435267452085,17.583341598510742,2120400
2023-05-02,17.57384812104808,17.57384812104808,17.213065788562037,17.26053810119629,3107900
2023-05-03,17.308007962553404,17.440928622127696,17.184583576038165,17.241548538208008,3944600
2023-05-04,17.507389890482404,17.602332711354556,17.326998711913678,17.35548210144043,2204800
2023-05-05,17.55486150912608,17.706769307804816,17.393459246669448,17.687780380249023,2018300
2023-05-08,17.697271433584174,17.735249281377044,17.573847050024252,17.64030647277832,2063800
2023-05-09,17.545364060551382,17.564352984876802,17.42193967420315,17.535869598388672,2030100
2023-05-10,17.706765895532392,17.706765895532392,17.5168820892184,17.64030647277832,2097800
2023-05-11,17.64030591783533,17.64030591783533,17.469409229910525,17.56435203552246,2000200
2023-05-12,17.849180906048588,18.371365497723502,17.849180906048588,18.105525970458984,5785300
2023-05-15,18.257435162878245,18.409342958496282,18.13401075802,18.266929626464844,3191000
2023-05-16,18.209963851688613,18.276423282976225,17.88715934753418,17.88715934753418,2568500
2023-05-17,17.91563853060491,18.039062901033873,17.792212349292683,17.991592407226562,2869500
2023-05-18,17.887157840956412,17.887157840956412,17.649801714415997,17.7827205657959,2509900
2023-05-19,17.906149425373034,17.93463100582292,17.640309872243346,17.687780380249023,1869200
2023-05-22,17.849177368425682,17.925131245321325,17.773223491530036,17.877660751342773,3535100
2023-05-23,17.75423843890583,17.953616709791707,17.65929562905773,17.70676612854004,2503700
2023-05-24,17.573848632696787,17.697273027372113,17.497894741154216,17.630813598632812,2195000
2023-05-25,17.61182403564453,17.659296347942853,17.47890518297634,17.61182403564453,2136300
2023-05-26,17.573846497171992,17.62131699453626,17.44092765584532,17.56435203552246,2359300
2023-05-30,17.592834792839575,17.82069643164913,17.469408606682318,17.60232925415039,2596400
2023-05-31,17.554858377857887,17.554858377857887,17.22255944843904,17.412445068359375,2878800
2023-06-01,17.497894026210762,17.792215117552168,17.35548071174773,17.72575569152832,3202000
2023-06-02,17.877662745729612,17.944122169066937,17.668790013686095,17.820697784423828,3634700
2023-06-05,17.735251110156256,17.858675506443145,17.668791680549187,17.754240036010742,3783000
2023-06-06,17.782719926860626,17.934627697517744,17.583341656954456,17.763731002807617,2860600
2023-06-07,17.90232350148033,17.911881821656888,17.663370966255883,17.711162567138672,3937400
2023-06-08,17.778071645044164,17.83541975162005,17.66337360882895,17.758955001831055,1465400
2023-06-09,17.87365024391329,17.892765061074797,17.653812527455976,17.68248748779297,2002600
2023-06-12,17.692047055700307,17.8736515045166,17.558234210816345,17.8736515045166,1936500
2023-06-13,17.969229782933528,18.08392780111637,17.80674198729467,17.892765045166016,2877800
2023-06-14,18.074370988872296,18.074370988872296,17.653813984534317,17.7493953704834,2679900
2023-06-15,17.825859132431574,18.06481167260643,17.74939439249815,18.0361385345459,2666500
2023-06-16,18.122160703994656,18.179510629192208,17.835418370260086,17.930999755859375,2680700
2023-06-20,17.86409221747857,17.86409221747857,17.481768522015855,17.5582332611084,3361300
2023-06-21,17.49132534469966,17.52000030604164,17.37662914545818,17.4626522064209,3056200
2023-06-22,17.395745843727923,17.424418982101255,17.175908118840773,17.281047821044922,3102000
2023-06-23,17.05165275395111,17.08988421090919,16.965629696966513,16.994304656982422,3519900
2023-06-26,17.051654101848886,17.233258550178842,16.99430600034695,17.03253746032715,2422800
2023-06-27,17.185468673706055,17.204585317149228,17.022980850565993,17.185468673706055,2359000
2023-06-28,17.204582333509258,17.33839516827857,17.10900095593269,17.233257293701172,2209800
2023-06-29,17.14723718000405,17.309725002860976,17.070772429428057,17.156795501708984,2673000
2023-06-30,17.376630740500687,17.606024983103516,17.309724314291117,17.5869083404541,3031000
2023-07-03,17.55823519954336,17.76851279949678,17.55823519954336,17.5869083404541,1036900
2023-07-05,17.520000483168054,17.520000483168054,17.281047938758743,17.309722900390625,2783300
2023-07-06,17.147235182649148,17.147235182649148,16.831817895380865,16.9178409576416,3438900
2023-07-07,17.003864586223468,17.252373637627578,16.946514660764084,17.118560791015625,2694500
2023-07-10,17.23325759970871,17.376628757087808,17.03253652092744,17.34795379638672,2113600
2023-07-11,17.367071896954016,17.443536642189024,17.25237386756984,17.41486167907715,2869500
2023-07-12,17.730278877039744,17.835418584769826,17.6346993133542,17.806743621826172,6515000
2023-07-13,18.007464202065904,18.09348726537699,17.93099945946308,18.055253982543945,1941800
2023-07-14,17.988346835092123,18.093486535578936,17.758952616536238,17.79718589782715,2366200
2023-07-17,17.816303792582115,18.28465063090793,17.71116589699943,18.19862937927246,2821800
2023-07-18,18.265529657391603,18.370667517559244,18.04569197217659,18.083925247192383,2776700
2023-07-19,18.198627238327248,18.294206800692038,18.07437089035175,18.141277313232422,2283700
2023-07-20,18.055254163249913,18.055254163249913,17.82585993314555,17.902324676513672,2925200
2023-07-21,18.007463782303997,18.01702210278945,17.816301018721393,17.911882400512695,3025700
2023-07-24,17.950114965789012,17.98834642314119,17.80674198729467,17.892765045166016,1882500
2023-07-25,17.9501162805333,18.00746438229357,17.87365153716518,17.902324676513672,1424900
2023-07-26,17.615583966995555,17.89276800358414,17.586909001942892,17.816303253173828,1857000
2023-07-27,17.787628264121956,17.787628264121956,17.31928148860887,17.3957462310791,2885400
2023-07-28,17.491326993131835,17.510443635828093,17.147236539916108,17.376630783081055,3832600
2023-07-31,17.491328566469427,17.663374720084462,17.40530548966191,17.472213745117188,1994400
2023-08-01,17.347954088707596,17.424418828802455,17.21414124930739,17.22369956970215,1507600
2023-08-02,16.898723063544388,16.898723063544388,16.468607784130544,16.516399383544922,4603700
2023-08-03,16.631094732493917,16.688442825819397,16.449490310056373,16.46860694885254,2397800
2023-08-04,16.592863561576728,16.659769975443883,16.325236083045052,16.34435272216797,1997500
2023-08-07,16.439937671226392,16.439937671226392,16.172310134472372,16.258333206176758,2508700
2023-08-08,16.15319468014262,16.24877608052312,16.06717160210653,16.23921775817871,2776600
2023-08-09,16.353913100100115,16.49728426544117,16.287006677811842,16.401702880859375,2692700
2023-08-10,16.38258434007648,16.506840672546602,16.162748457168497,16.191423416137695,2515500
2023-08-11,16.134074534274095,16.134074534274095,16.01937833715804,16.114959716796875,2292100
2023-08-14,16.067164904660135,16.124514814820813,15.809097601188366,16.105398178100586,2980900
2023-08-15,15.971587142534185,15.990703783561406,15.627496719360352,15.627496719360352,3528900
2023-08-16,15.579704574206533,15.665727632769922,15.436333417621942,15.455450057983398,2586500
2023-08-17,15.50324053688531,15.50324053688531,15.254730581669756,15.264288902282715,2597700
2023-08-18,15.130474794144176,15.312079235413162,15.092242424118854,15.254730224609375,3419100
2023-08-21,15.254731103901186,15.283405155190065,15.130475666273828,15.226057052612305,2479200
2023-08-22,15.302521964253426,15.312080285298032,15.092243458930438,15.178266525268555,2210600
2023-08-23,15.292962143264342,15.45544993895905,15.235613134153207,15.426774978637695,1788300
2023-08-24,15.455450727641608,15.465009048236483,15.159149169921875,15.159149169921875,2141300
2023-08-25,15.235613539218,15.3694272896806,15.19738116930463,15.331195831298828,1523100
2023-08-28,15.407661321122113,15.465009423017895,15.321638256746796,15.378986358642578,1308400
2023-08-29,15.398102439481741,15.809101104736328,15.388544119003353,15.809101104736328,2461400
2023-08-30,15.59882157515385,15.59882157515385,15.436333774451697,15.465008735656738,2328200
2023-08-31,15.417217460928926,15.512798843911549,15.350311039760063,15.369427680969238,2022600
2023-09-01,15.503241125481326,15.598822512176506,15.312080175154284,15.359869956970215,1858100
2023-09-05,15.226057027355717,15.273846808914026,15.120917320251465,15.120917320251465,2140800
2023-09-06,15.101801792660526,15.11136011371316,14.824616862855798,14.862849235534668,2727900
2023-09-07,14.719476179353073,14.776825190338533,14.58566333960634,14.757708549499512,3515400
2023-09-08,14.767267227172852,14.815057918894967,14.709919126331615,14.767267227172852,1966800
2023-09-11,14.834174471126254,14.920196621871598,14.786383779691093,14.843731880187988,2122600
2023-09-12,14.729034444099092,14.95842866411065,14.71947612371571,14.939312934875488,1954300
2023-09-13,14.910639737682303,14.987104482057564,14.776825979259769,14.805500030517578,1778200
2023-09-14,14.939313617107928,15.168707847595215,14.939313617107928,15.168707847595215,2327500
2023-09-15,15.073126402254452,15.15914854949276,14.929754333794099,14.958428382873535,1604800
2023-09-18,14.929754351933004,14.929754351933004,14.738592505285201,14.748150825500488,1632200
2023-09-19,14.76726765832995,14.939313788940112,14.76726765832995,14.805500030517578,1560400
2023-09-20,14.939313906322456,15.04445270278163,14.824616788858357,14.834175109863281,1964700
2023-09-21,14.65256978231009,14.671686423178897,14.537872671692062,14.547430992126465,2034000
2023-09-22,14.614337666120266,14.623895986720807,14.423175811767578,14.423175811767578,1922400
2023-09-25,14.241571337819565,14.423175782737818,14.222455608188582,14.318036079406738,2244800
2023-09-26,14.136432661678214,14.184223353444104,14.021735548359052,14.031293869018555,3060700
2023-09-27,14.098200019818647,14.18422308103887,13.907038167957937,13.945270538330078,2788600
2023-09-28,14.002618714053156,14.050409405160387,13.801898540628082,13.973944664001465,3229500
2023-09-29,14.13643246684708,14.270246219641,13.907038243370312,13.973944664001465,1921600
2023-10-02,13.82101483543778,13.868805525347751,13.410016178356253,13.438691139221191,3769700
2023-10-03,13.218855085367172,13.228413406201499,12.999019175367538,13.065925598144531,5485600
2023-10-04,13.123273609622794,13.19973926423865,12.874763650364912,13.142390251159668,5034300
2023-10-05,13.142391111727118,13.180623485772694,12.922555188847989,13.008577346801758,5074200
2023-10-06,12.807855883127385,13.257086917194878,12.760066103965581,13.209296226501465,5884000
2023-10-09,13.094599115756242,13.237971187836477,13.06592506595284,13.209296226501465,1910700
2023-10-10,13.323994562462468,13.754109906723071,13.30487883134627,13.715877532958984,6692000
2023-10-11,13.897480175619057,13.983503238870393,13.715876639946396,13.849689483642578,4299100
2023-10-12,13.868806049126006,13.907038420191574,13.43869164675547,13.505598068237305,4233800
2023-10-13,13.543830695868044,13.591621388488225,13.362226246217688,13.381342887878418,3163300
2023-10-16,13.390900867178877,13.620295092067154,13.295319484376282,13.582062721252441,2699200
2023-10-17,13.419574244663382,13.79234052506821,13.381341875765315,13.668085098266602,2653800
2023-10-18,13.524714827795908,13.534273149172991,13.314437226690258,13.323994636535645,2739100
2023-10-19,13.333552639877507,13.343110961026603,13.075484349573646,13.104158401489258,3642900
2023-10-20,12.626251496282068,12.893878069876083,12.57846080882882,12.712274551391602,6614000
2023-10-23,12.58801988053674,12.798298370972507,12.463764450348858,12.654926300048828,4051000
2023-10-24,12.769623505647715,13.008576047447848,12.760066096739733,12.893878936767578,2403500
2023-10-25,12.731391924811406,12.740950245843647,12.501997689227627,12.626253128051758,2257200
2023-10-26,12.67404444045081,12.865206312770157,12.664486118951915,12.721835136413574,2829200
2023-10-27,12.626252528573476,12.654926578777125,12.301276921160047,12.320393562316895,4788600
2023-10-30,12.444648876167824,12.540229346442656,12.157905642280104,12.291718482971191,6265400
2023-10-31,12.30127726147177,12.444649339519609,12.291718940628916,12.435091018676758,4608300
2023-11-01,12.38730022446182,12.415974275223704,12.167463404536345,12.301277160644531,2943900
2023-11-02,12.454206977918448,12.750508548775624,12.44464956843144,12.731391906738281,3786300
2023-11-03,13.075483918978858,13.218855085367172,12.989460854533212,13.065925598144531,2526200
2023-11-06,13.123272794269116,13.13283111444369,12.84608788992752,12.884320259094238,3122200
2023-11-07,12.807856559753418,12.865205573921523,12.68360203353056,12.807856559753418,2857400
2023-11-08,12.817413659876893,12.836530299956001,12.559345399529915,12.616693496704102,2607400
2023-11-09,12.693159452460831,12.788740838968748,12.473323539636942,12.492439270019531,2142800
2023-11-10,12.349067954154382,12.444649339519609,12.28216153131771,12.435091018676758,3002300
2023-11-13,12.291718940628916,12.501997441513428,12.291718940628916,12.435091018676758,1760100
2023-11-14,12.855646749050528,13.371784210205078,12.664484895202847,13.371784210205078,6302200
2023-11-15,13.400458769599533,13.677643677239457,13.323993118824621,13.438691139221191,5864700
2023-11-16,13.295319199898668,13.448248679885314,13.257086829902006,13.285760879516602,4600800
2023-11-17,13.467365592894728,13.467365592894728,13.218854727126933,13.371784210205078,2771600
2023-11-20,13.467365093515438,13.668085260495564,13.323993024797298,13.620294570922852,2850700
2023-11-21,13.496040891647898,13.572505640260951,13.314437341574822,13.352669715881348,2922400
2023-11-22,13.400459620754251,13.448249402168084,13.266645862813222,13.304878234863281,2762100
2023-11-24,13.266646385192871,13.323994489760237,13.228414011637398,13.266646385192871,2192800
2023-11-27,13.199739023677365,13.266645444773795,13.142390011643553,13.161506652832031,2791500
2023-11-28,13.123273857318347,13.371784732798394,13.065925754688587,13.333552360534668,3638000
2023-11-29,13.467364668972056,13.639410781397633,13.43869062074498,13.476922988891602,4566900
2023-11-30,13.505597979623015,13.639411733240323,13.390900867178877,13.582062721252441,2900000
2023-12-01,13.496039502808701,13.945270538330078,13.410016441588478,13.945270538330078,3039200
2023-12-04,13.87836523370372,14.031294727485852,13.840131948726503,13.897480964660645,4470500
2023-12-05,13.811455570023089,13.897478623668109,13.715875108275368,13.754107475280762,3233800
2023-12-06,13.821015266727304,13.859247637542017,13.572504400665858,13.582062721252441,4509700
2023-12-07,13.620294570922852,13.668085260495564,13.534271511998284,13.620294570922852,2659400
2023-12-08,13.60117906671119,13.715877095880105,13.390901473475392,13.467366218566895,2718900
2023-12-11,13.410016684807573,13.543830439302871,13.390900955040603,13.505598068237305,3400700
2023-12-12,13.410016954850207,13.429133596533763,13.094599659324691,13.276204109191895,4558800
2023-12-13,13.142390159291914,13.849689483642578,13.104157788017057,13.849689483642578,6208600
2023-12-14,14.17466458372426,14.709918673788197,14.155548854542475,14.518755912780762,7358600
2023-12-15,14.5665485342783,14.719478034134495,14.451851409386157,14.623897552490234,7381200
2023-12-18,14.442291541437035,14.614337666120266,14.327594428825423,14.423175811767578,4347300
2023-12-19,14.595221851178307,14.824616075061298,14.480523827705193,14.815057754516602,4400200
2023-12-20,14.740871423195943,14.78904438878873,14.345854759216309,14.345854759216309,10795700
2023-12-21,14.644525834202094,14.856486336469397,14.625257198808477,14.808313369750977,8553700
2023-12-22,14.837216217232445,14.923927370258948,14.740871206287464,14.827582359313965,2675800
2023-12-26,14.808312907774377,15.06844636864469,14.808312907774377,15.029908180236816,3208900
2023-12-27,15.087715748781488,15.126253939093175,15.020274145441766,15.06844711303711,2918700
2023-12-28,15.049176350415074,15.232233428818104,15.039541573904838,15.155156135559082,3091700
2023-12-29,15.203329942882368,15.203329942882368,14.99137036083324,15.001004219055176,3292500
2024-01-02,14.779409394430033,15.087714899570589,14.740871206287464,14.827582359313965,4067800
2024-01-03,14.548179442456165,14.577082852222052,14.278411221898457,14.490371704101562,4564700
2024-01-04,14.442199020473376,14.461468573237484,14.288046273651908,14.307315826416016,3894400
2024-01-05,14.220605640029481,14.519276377524474,14.162797896643694,14.259143829345703,3789800
2024-01-08,14.268779488629288,14.403662700164535,14.172433549970142,14.355489730834961,3119300
2024-01-09,14.210969900241173,14.394026057385956,14.162796937153752,14.307315826416016,2416900
2024-01-10,14.345854013121382,14.384392199826749,14.143528303212491,14.307315826416016,7504700
2024-01-11,14.230241425752935,14.249510062365419,13.941204525981883,14.114625930786133,6935900
2024-01-12,14.210970780114119,14.336220124367093,13.979741645565353,14.008645057678223,2612800
2024-01-16,13.835222776338238,13.85449233033579,13.507648627786045,13.517282485961914,10521800
2024-01-17,13.22824729057999,13.266786403477813,13.122267486580048,13.208978652954102,4477400
2024-01-18,13.363129681140759,13.37276445810483,13.189707371079079,13.26678466796875,3770200
2024-01-19,13.266785427540112,13.286054063748551,12.997017170038315,13.257150650024414,4478000
2024-01-22,13.26678609195483,13.700340994821595,13.218613120786744,13.392034530639648,3623300
2024-01-23,13.623262984211394,13.690704584512005,13.411302487637185,13.55582046508789,3054100
2024-01-24,13.796684818784914,13.835223008604087,13.430571556091309,13.430571556091309,2201300
2024-01-25,13.507649033030248,13.54618722335863,13.276418972237025,13.48837947845459,3117700
2024-01-26,13.46911036663912,13.555821527434103,13.353495791853462,13.363130569458008,2225600
2024-01-29,13.353494745363166,13.55582046508789,13.199341991062974,13.55582046508789,3184300
2024-01-30,13.401668566339211,13.478744948409801,13.305323548162452,13.353495597839355,2419900
2024-01-31,13.401667658746776,13.77741568501157,13.295687870282656,13.305322647094727,5255400
2024-02-01,13.623262539413668,13.835222110244533,13.498013200928414,13.729242324829102,4473800
2024-02-02,13.469109535217285,13.507648643256525,13.305322920165056,13.469109535217285,3799300
2024-02-05,13.237880367738398,13.247515144724787,13.016286009988905,13.170438766479492,4759700
2024-02-06,13.160803688692534,13.401667594909668,13.11263072368453,13.401667594909668,2818900
2024-02-07,13.777416440661172,13.912299648136555,13.594359346483238,13.73887825012207,5565200
2024-02-08,13.69070475027131,13.719608162346818,13.565455406180233,13.6618013381958,3019400
2024-02-09,13.661801435503198,13.90266534843479,13.632897104398912,13.864127159118652,5095200
2024-02-12,13.883396621947636,14.230241265291026,13.835223652725167,14.104991912841797,6203300
2024-02-13,13.65216638120507,13.825588689017094,13.517282261926509,13.60399341583252,5693400
2024-02-14,13.806318792984895,13.989375873096758,13.738877194429403,13.979741096496582,3820100
2024-02-15,14.085722093792077,14.28804782567842,14.027915266866234,14.191701889038086,4258600
2024-02-16,13.999009730874064,14.133893846807918,13.921933355718396,13.979741096496582,5313000
2024-02-20,13.835223249863501,13.91229963084591,13.719608678389887,13.7870512008667,4391700
2024-02-21,13.565454825111512,13.681069387284166,13.526916637720626,13.632896423339844,3308500
2024-02-22,13.603993739886535,13.613628516955128,13.324591636657715,13.324591636657715,3380900
2024-02-23,13.295688307173384,13.314956942607798,13.151169406712146,13.180073738098145,4172100
2024-02-26,13.131900930216668,13.295688468094685,13.074093185567927,13.18970775604248,4601700
2024-02-27,13.31495685958912,13.363129826109175,13.228245703617604,13.324591636657715,3315200
2024-02-28,13.266784894610305,13.372764686556877,13.160804183840813,13.180073738098145,3052400
2024-02-29,13.430571006385316,13.584724678175505,13.28605303018419,13.401667594909668,3053100
2024-03-01,13.449840854134816,13.671435211667001,13.363129698988168,13.613628387451172,2745000
2024-03-04,13.603993312884976,13.603993312884976,13.334225995192194,13.401667594909668,3810500
2024-03-05,13.314957600258243,13.48837992184821,13.295688963872115,13.363130569458008,2206300
2024-03-06,13.58472499068218,13.652166591951099,13.4305713153458,13.565455436706543,2503900
2024-03-07,13.652166337628833,13.787050456476859,13.623262926026715,13.748512268066406,2398400
2024-03-08,13.835222843642402,14.008645155172374,13.796684654282732,13.815954208374023,3690200
2024-03-11,13.83522245340939,14.008644760047853,13.758146076864048,13.796684265136719,2701700
2024-03-12,13.690705026487919,13.709973661986044,13.372764730774009,13.430571556091309,3744700
2024-03-13,13.372765045338243,13.40166845867678,13.180074091709756,13.199342727661133,3167800
2024-03-14,13.305322771608049,13.334226183491857,12.929574741826945,13.01628589630127,3319600
2024-03-15,13.016286122411275,13.054824311866778,12.862133364589262,12.929574966430664,3633200
2024-03-18,12.968113493599684,13.064459429158925,12.871767558040444,12.997016906738281,2841900
2024-03-19,12.910305412291455,12.968113155886167,12.871767222835953,12.929574966430664,1883100
2024-03-20,12.919940062753586,13.286053318404637,12.881401873675733,13.218611717224121,3665000
2024-03-21,13.247514529651845,13.401667278985228,13.170438154985154,13.237879753112793,2799200
2024-03-22,13.286053690849407,13.286053690849407,13.141535707461946,13.18970775604248,2507600
2024-03-25,13.18970743262991,13.276418588065395,13.074092864990234,13.074092864990234,3223500
2024-03-26,13.102996299580798,13.180072672734099,12.977746963500977,12.977746963500977,4266800
2024-03-27,13.025921006711807,13.488379283984855,13.016286229562887,13.478744506835938,6162700
2024-03-28,13.488379089236906,13.632897069092424,13.430571346000953,13.469109535217285,2876900
2024-04-01,13.498013706031852,13.584724860445107,13.392032997827698,13.45947551727295,3284300
2024-04-02,13.401667278985228,13.401667278985228,13.180072931524206,13.237879753112793,5033400
2024-04-03,13.17043887885187,13.324591636657715,13.054824310497487,13.324591636657715,3256200
2024-04-04,13.469108455877121,13.681068938993056,13.295687077712117,13.314955711364746,2692000
2024-04-05,13.199342178615751,13.266784698697563,13.0933623882342,13.170438766479492,3232000
2024-04-08,13.237880337076534,13.39203309321007,13.218611701971295,13.26678466796875,3910400
2024-04-09,13.440206410302391,13.681070327758789,13.420937774693801,13.681070327758789,4226000
2024-04-10,13.237880128233114,13.363129470321379,13.151168974570247,13.305322647094727,4699200
2024-04-11,13.459476703129663,13.52691830969401,13.189708439226326,13.37276554107666,3405000
2024-04-12,13.22824680280737,13.392034351291592,13.006652424754002,13.035555839538574,5430300
2024-04-15,13.045189798505785,13.083727988740339,12.72724949936499,12.7465181350708,5572200
2024-04-16,12.669441484006823,12.707979673418276,12.5345582804782,12.582731246948242,4998100
2024-04-17,12.630903422268881,12.794690958628847,12.573096596978846,12.688711166381836,3401000
2024-04-18,12.688710826714873,12.891036547459732,12.58273103730486,12.621269226074219,3552200
2024-04-19,12.573097636531354,12.659808800458666,12.524924665591403,12.544194221496582,5872400
2024-04-22,12.573095858506578,12.707979055476333,12.476749930251438,12.650172233581543,4284600
2024-04-23,12.611635504249007,12.871768070498804,12.611635504249007,12.775423049926758,3888000
2024-04-24,12.717614986014473,12.833229559117347,12.61163519037591,12.659808158874512,3456200
2024-04-25,12.524923855521548,12.621269791170121,12.390039729378136,12.60200023651123,3114200
2024-04-26,12.698346086394809,12.823595434362838,12.630903564367141,12.7465181350708,2377300
2024-04-29,12.862134505972882,12.987382943700608,12.862134505972882,12.939210891723633,2497900
2024-04-30,12.794691102569725,12.85249884733302,12.72724949936499,12.7465181350708,2345900
2024-05-01,12.698345524413766,13.045189221174745,12.698345524413766,12.765787124633789,2715200
2024-05-02,12.891037689539987,13.045190458274572,12.804326527421036,13.025921821594238,2173000
2024-05-03,13.208976509436033,13.478743824182498,13.208976509436033,13.343860626220703,3960400
2024-05-06,13.39203281814349,13.449840559917671,13.363129406667841,13.401667594909668,1476700
2024-05-07,13.401668530955945,13.536552658634827,13.401668530955945,13.449841499328613,1276600
2024-05-08,13.324591072898803,13.382398814041625,13.257149473917906,13.343860626220703,3323400
2024-05-09,13.266785130426014,13.440206527709961,13.25715035312609,13.440206527709961,1946600
2024-05-10,13.507647956672063,13.603992965404288,13.33422565460205,13.33422565460205,2049400
2024-05-13,13.305323934512314,13.469110562051014,13.305323934512314,13.37276554107666,1261000
2024-05-14,13.61362799761595,13.748512114961898,13.469109103568963,13.594358444213867,4421300
2024-05-15,13.854492413493015,13.902665379953126,13.66180146647548,13.767781257629395,3650500
2024-05-16,13.777415288680794,13.912298484878097,13.729242324829102,13.729242324829102,2362500
2024-05-17,13.777415512166641,13.777415512166641,13.61362798370778,13.642531394958496,1537900
2024-05-20,13.603993012502396,13.64253119989328,13.57508960166495,13.632896423339844,1474700
2024-05-21,13.54618654920581,13.758146126051853,13.54618654920581,13.748512268066406,2149900
2024-05-22,13.690704660861119,14.365123424096945,13.690704660861119,14.24950885772705,5753300
2024-05-23,14.259143335191567,14.259143335191567,13.989376019326867,14.037548065185547,4021100
2024-05-24,14.056818421687002,14.4132969105804,14.047183644435655,14.37475872039795,4817000
2024-05-28,14.538546367900098,14.673429575143304,14.451835209630644,14.528911590576172,3422300
2024-05-29,14.326585981324078,14.403662362917546,14.230240963743718,14.288047790527344,2529200
2024-05-30,14.451833518139436,14.490371704101562,14.297680774290935,14.490371704101562,1597100
2024-05-31,14.461469861280435,14.596353067351469,14.249509356110758,14.422931671142578,3376700
2024-06-03,14.625257526169552,14.692699129791155,14.500008177427333,14.528911590576172,3427800
2024-06-04,14.451833541058585,14.471103093481622,14.326584206777337,14.394025802612305,3413700
2024-06-05,14.374758478235451,14.577084202990594,14.355488924057381,14.509642601013184,1999600
2024-06-06,14.365124702453613,14.45183586465321,14.316951732473507,14.365124702453613,1720100
2024-06-07,14.17243239397136,14.259143547927255,13.99901008605957,13.99901008605957,3367000
2024-06-10,13.94120409044762,14.26877917203291,13.902665899603642,14.239874839782715,1898300
2024-06-11,14.168112530049878,14.313576256025753,14.080835404260277,14.284482955932617,2663300
2024-06-12,14.585108285210191,14.691780951968358,14.391157561636254,14.420249938964844,2687600
2024-06-13,14.400853469633498,14.449340450644009,14.158414865261419,14.226297378540039,2449200
2024-06-14,14.10992707658628,14.139019450400138,13.89658084401491,13.906278610229492,2341700
2024-06-17,13.867488218278115,13.886882825525062,13.586259476973373,13.69293212890625,3446800
2024-06-18,13.673537816991736,13.751118097314905,13.625049910582284,13.71232795715332,2014400
2024-06-20,13.634746883713756,13.634746883713756,13.450493035041632,13.52807331085205,2843200
2024-06-21,13.528074657146409,13.595958098858565,13.460192140264182,13.48928451538086,2814500
2024-06-24,13.498982352138503,13.702630828672788,13.489284585439266,13.62505054473877,1791900
2024-06-25,13.498981545664234,13.528073919193933,13.363215594475845,13.372913360595703,1773400
2024-06-26,13.305030674624286,13.314727515788332,13.21775263033879,13.295332908630371,2056300
2024-06-27,13.188661106503725,13.37291404810419,13.178963339885298,13.353519439697266,2792800
2024-06-28,13.246845213303688,13.295333119211378,12.878338423167069,12.917128562927246,5170200
2024-07-01,12.994708722510472,13.081986767372792,12.888036070362013,12.907431602478027,3762900
2024-07-02,12.8589448928833,13.014105464921657,12.781364606864122,12.8589448928833,2154900
2024-07-03,12.955918710147671,13.227450613455142,12.936524102671356,13.178962707519531,4990500
2024-07-05,13.149869649834532,13.314727041711924,13.120776352888667,13.198356628417969,2619900
2024-07-08,13.169265523687923,13.314728323096979,13.140173148772096,13.285635948181152,4240200
2024-07-09,13.256543573265326,13.353519389424648,13.19835789860375,13.285635948181152,3405700
2024-07-10,13.343821958344195,13.469890152589056,13.314728657866958,13.440796852111816,2504600
2024-07-11,13.770513142297943,13.838396583358943,13.683235092955174,13.809303283691406,4970500
2024-07-12,13.857790727786108,14.022649054397586,13.84809296155487,13.974161148071289,2413800
2024-07-15,13.557166197339965,13.595957261546483,13.37291326650838,13.431098937988281,5458300
2024-07-16,13.411702979856074,13.663839340209961,13.382610607455193,13.663839340209961,4398700
2024-07-17,13.469889321103455,13.576561975112003,13.343821134640685,13.382611274719238,2973200
2024-07-18,13.4504940338069,13.61535236335304,13.285635704260757,13.334123611450195,4533200
2024-07-19,13.382612309368655,13.42140245244619,13.25654411315918,13.25654411315918,2875800
2024-07-22,13.421401829942605,13.469889737748074,13.305031406107428,13.411704063415527,2659000
2024-07-23,13.305030941844326,13.421401361618896,13.285635409466954,13.314727783203125,1761600
2024-07-24,13.402005664792929,13.644444267555928,13.402005664792929,13.498981475830078,6424900
2024-07-25,13.479586091425684,13.683234556971763,13.450493717727639,13.508679389953613,2745500
2024-07-26,13.605653936974795,13.751117651487043,13.566863798070834,13.683234214782715,2195500
2024-07-29,13.683234432233085,13.722024571753488,13.508679266806208,13.566864013671875,2408900
2024-07-30,13.576561903525679,13.6153520433997,13.450493717727639,13.508679389953613,4371900
2024-07-31,13.595958599518946,13.84809406786473,13.595958599518946,13.722025871276855,4077800
2024-08-01,13.66384063686528,13.819001204167352,13.498982302899345,13.557167053222656,3210100
2024-08-02,13.44079701817257,13.692933409777428,13.421402409111407,13.518377304077148,2669200
2024-08-05,12.85894415496313,13.24684556279901,12.839548622156382,13.07228946685791,4834800
2024-08-06,13.091685050996942,13.266241147622472,13.03349937717846,13.140172958374023,2064600
2024-08-07,13.411703870098178,13.566864432975251,13.237147774446518,13.266241073608398,2486200
2024-08-08,13.29533380655312,13.528074657146409,13.29533380655312,13.48928451538086,2538400
2024-08-09,13.460191311313295,13.469889077364925,13.295332987755096,13.431098937988281,1230900
2024-08-12,13.382610588987134,13.450493099438795,13.36321505752675,13.402005195617676,2187000
2024-08-13,13.49898198623273,13.751118364598808,13.49898198623273,13.731722831726074,2549700
2024-08-14,13.770512531629496,13.770512531629496,13.615351972936413,13.634747505187988,2214800
2024-08-15,13.722023576367137,13.818999380548524,13.673536599106253,13.76081371307373,1876300
2024-08-16,13.712328371057746,13.770513120641473,13.644444930103504,13.74142074584961,902600
2024-08-19,13.780210834192594,13.983859306612382,13.780210834192594,13.935371398925781,1581900
2024-08-20,13.848093009187492,13.925673289644461,13.731722588502038,13.780210494995117,2309200
2024-08-21,13.770512633833235,13.8674884461511,13.770512633833235,13.838396072387695,2323800
2024-08-22,13.780211112606809,13.838396787972291,13.595958169470995,13.62505054473877,1238500
2024-08-23,13.731723092701019,14.022649617511789,13.70263071766892,14.012951850891113,3276800
2024-08-26,14.061439194492646,14.129321708451528,13.964463381840051,13.974161148071289,2111700
2024-08-27,13.886883225400055,13.9450688984761,13.819000710836251,13.915976524353027,1130500
2024-08-28,13.8674884461511,13.964463333639078,13.780210400030999,13.838396072387695,993100
2024-08-29,13.848093551930106,13.877186851864131,13.741420893328469,13.751118659973145,2230300
2024-08-30,13.819000806251886,13.877186479729684,13.760815132774088,13.85779094696045,1744500
2024-09-03,13.731723132623017,13.819001182802984,13.450494373615312,13.48928451538086,3151000
2024-09-04,13.537771160033017,13.712327244097992,13.537771160033017,13.663839340209961,2233000
2024-09-05,13.809303410181334,13.867489085219455,13.702630751579699,13.751118659973145,1735100
2024-09-06,13.712327282421677,13.751117420674545,13.460190921363111,13.469888687133789,1945900
2024-09-09,13.537772818962965,13.557167427996902,13.431100157201415,13.450494766235352,2508700
2024-09-10,13.431100304074867,13.460192680358887,13.324426716316848,13.460192680358887,1416900
2024-09-11,13.702630551826,13.935371398925781,13.673538177146005,13.935371398925781,4343300
2024-09-12,13.877186212348864,13.896580819914504,13.760814867635471,13.838396072387695,1550400
2024-09-13,13.94506933420624,14.051741992543887,13.94506933420624,14.012951850891113,1875400
2024-09-16,13.993557702321151,14.14871827403097,13.964464401503092,14.109928131103516,1816500
2024-09-17,14.10022999237685,14.265088326679125,14.090532225693202,14.21660041809082,2245000
2024-09-18,14.168110847473145,14.478432871137151,14.139018475664896,14.168110847473145,2909200
2024-09-19,14.400853389945524,14.400853389945524,14.06143897577083,14.090531349182129,2651800
2024-09-20,13.964463773605775,14.003253914789072,13.886883491239182,13.935371398925781,2316900
2024-09-23,13.98385893808648,14.051741452160817,13.886883125268946,14.042043685913086,1568100
2024-09-24,14.187506378565192,14.226296515919465,14.109926103856647,14.168110847473145,1799800
2024-09-25,14.09053213419666,14.139020042470111,13.99355724247969,14.012951850891113,3359400
2024-09-26,14.187506555097997,14.323272499942178,14.148716417261065,14.245691299438477,1612100
2024-09-27,14.30387717346696,14.439643120255562,14.30387717346696,14.323272705078125,1979700
2024-09-30,14.313574734275486,14.36206263777911,14.168111023764613,14.245691299438477,1305800
2024-10-01,14.197204507112035,14.235994645458113,13.964462752205723,14.06143856048584,1934000
2024-10-02,14.061439588978976,14.09053196365897,13.857791116559188,13.935371398925781,1371800
2024-10-03,13.848093009187492,13.877186307981276,13.751118121031228,13.780210494995117,1178500
2024-10-04,13.809303113557188,13.828698646429922,13.673538082767692,13.731722831726074,2341400
2024-10-07,13.731723638282839,13.828699458682731,13.63474874271291,13.722025871276855,1475000
2024-10-08,13.58626008618629,13.65414260183928,13.508679804060035,13.537772178649902,927200
2024-10-09,13.576561754727848,13.576561754727848,13.431098963001999,13.498981475830078,2570500
2024-10-10,13.431099900243861,13.431099900243861,13.140173371661009,13.169265747070312,2481700
2024-10-11,13.12077682005938,13.314727515788332,13.12077682005938,13.295332908630371,1577700
2024-10-14,13.266240629425566,13.295333002783465,13.178962584521997,13.237147331237793,1638600
2024-10-15,13.188661339214327,13.188661339214327,12.9656173272046,12.97531509399414,2698200
2024-10-16,13.052894910061257,13.149870724815422,13.014104769125574,13.140172958374023,3108300
2024-10-17,13.111079548110194,13.140171920306194,13.004405975341797,13.004405975341797,2186500
2024-10-18,13.062592061993634,13.091684435119314,13.004406390912406,13.033498764038086,3130800
2024-10-21,12.994709288038287,13.052894962088688,12.897734397727502,12.946222305297852,2016500
2024-10-22,12.878338423167069,12.955918702687422,12.868641581849436,12.917128562927246,1992800
2024-10-23,12.752269866687111,12.829850143950116,12.655294982523284,12.694085121154785,2906900
2024-10-24,12.73287567603344,12.761968049750655,12.664993162416646,12.723177909851074,2056500
2024-10-25,12.752270846060771,12.84924666250219,12.703783862669987,12.761968612670898,3412300
2024-10-28,12.858943401555269,12.96561605125269,12.829850104049731,12.888035774230957,2121800
2024-10-29,12.80075927859003,12.81045704559737,12.655296472799789,12.664994239807129,4420300
2024-10-30,12.577714970073787,12.761967901245255,12.529227064556071,12.713479995727539,4119000
2024-10-31,12.67468973734277,12.752270015511169,12.635899598258572,12.70378303527832,3167300
2024-11-01,12.71348055738549,12.878338888530932,12.703783715717458,12.752270698547363,3425100
2024-11-04,12.946221791698004,13.159567096815888,12.946221791698004,13.043196678161621,7489800
2024-11-05,12.868642211773409,13.101383061727203,12.849246678528962,13.09168529510498,3877300
2024-11-06,12.024954458229049,12.199510550067272,11.898887197267982,12.131628036499023,14064300
2024-11-07,12.267393407535097,12.315881314941661,12.180116283999176,12.286788940429688,5842700
2024-11-08,12.073442435231843,12.112232575331653,11.927979641065031,12.005559921264648,5469200
2024-11-11,11.98616463245438,12.015257931743063,11.918282117107271,11.957072257995605,4677500
2024-11-12,11.801911004618454,11.840701143239498,11.598262545650508,11.646750450134277,6518400
2024-11-13,11.617657542346992,11.675843214645758,11.559472794878113,11.60796070098877,3486800
2024-11-14,11.607960272270995,11.937676911850149,11.607960272270995,11.84070110321045,5777800
2024-11-15,11.831003553689719,11.927979364102452,11.714633136092361,11.72433090209961,5952200
2024-11-18,11.646750384354812,11.801910937962662,11.646750384354812,11.772818565368652,3102500
2024-11-19,11.695239067077637,11.753423816138818,11.675843534170635,11.695239067077637,2803900
2024-11-20,11.637052710558738,11.714632987976074,11.617657178789475,11.714632987976074,2948900
2024-11-21,11.666146159881682,11.753424211237272,11.646751551152631,11.656449317932129,2642200
2024-11-22,11.627355502734561,11.753423690795898,11.607960894864302,11.753423690795898,5269100
2024-11-25,11.879492122835725,12.034652688304057,11.869794356286473,11.96677017211914,8666000
2024-11-26,11.889189572320902,11.94737432040488,11.811609291655667,11.879491806030273,2966700
2024-11-27,11.957071600775313,12.063744251147495,11.957071600775313,11.97646713256836,2486300
2024-11-29,11.918282021530077,12.034652443261864,11.908584255178287,12.015257835388184,1644000
2024-12-02,11.976467305898437,12.083139957814444,11.937677166580809,12.054047584533691,2541100
2024-12-03,11.995862546936973,12.034652688304057,11.927980030752058,11.96677017211914,4824800
2024-12-04,11.86009568315068,11.898886746382493,11.753423033752746,11.772818565368652,4471500
2024-12-05,11.821306621427135,11.898887830126965,11.75342410424846,11.782516479492188,3891100
2024-12-06,11.82130689766814,11.879492574345216,11.714634236061784,11.734029769897461,3761600
2024-12-09,11.850399748017892,12.112232971038223,11.850399748017892,11.96677017211914,4993800
2024-12-10,11.840701642172665,11.860096249885492,11.753423595390204,11.811609268188477,2972800
2024-12-11,11.811609268188477,11.821306109629942,11.656448707166279,11.811609268188477,3342000
2024-12-12,11.734029007228427,11.763121381261088,11.617657661437988,11.617657661437988,4206200
2024-12-13,11.598263053692845,11.637053194013026,11.549775147085146,11.617657661437988,3311500
2024-12-16,11.530381034705773,11.578868018566665,11.44310298402827,11.452800750732422,3489100
2024-12-17,11.44692540379048,11.59380696257455,11.427341756259148,11.515470504760742,3862000
2024-12-18,11.486091417130874,11.574220148633207,11.1335774249656,11.153162002563477,5501300
2024-12-19,11.20212336376313,11.22170794448152,11.094410971344596,11.113995552062988,3845600
2024-12-20,11.055242356514373,11.349004520091041,11.055242356514373,11.280460357666016,5758600
2024-12-23,11.260876038621179,11.358797073364258,11.260876038621179,11.358797073364258,4111300
2024-12-24,11.270667515101808,11.427340412303312,11.26087522556568,11.397964477539062,1680200
2024-12-26,11.270668328864325,11.427341237377897,11.270668328864325,11.358797073364258,1760300
2024-12-27,11.309836311936236,11.339212248187573,11.221707569338044,11.290251731872559,2294500
2024-12-30,11.211914959748247,11.211914959748247,11.104202574000537,11.192331314086914,3150900
2024-12-31,11.211914787887153,11.251083012453583,11.113994693393145,11.143370628356934,2964600
2025-01-02,11.19233187460754,11.407756656891602,11.172747294121246,11.358797073364258,2228400
2025-01-03,11.417549095790564,11.446925033058283,11.368588577781562,11.407756805419922,2839000
2025-01-06,11.505677128685244,11.632974094085188,11.476301193237305,11.476301193237305,3358800
2025-01-07,11.554637012734064,11.701517615797679,11.535052434275396,11.574220657348633,2972800
2025-01-08,11.368588184438911,11.368588184438911,11.221707569338044,11.290251731872559,1928100
2025-01-10,11.221707507028922,11.221707507028922,10.90836169850338,10.986698150634766,3655000
2025-01-13,10.908362480385287,10.947530709258452,10.800649150600904,10.937738418579102,4535300
2025-01-14,11.006281852722168,11.09441059527923,10.976905916484538,11.006281852722168,3787000
2025-01-15,11.251083937510844,11.260876227918601,11.10420331677133,11.13357925415039,4961900
2025-01-16,11.113994749870603,11.192331199401542,11.074826525105134,11.162954330444336,2723400
2025-01-17,11.133579475439522,11.260876451737866,11.133579475439522,11.202123641967773,2144600
2025-01-21,11.11399547688719,11.14337141392187,11.05524266897363,11.09441089630127,3154300
2025-01-22,10.967113926496744,10.97690621679191,10.800648726855712,10.810441017150879,2754700
2025-01-23,10.781064618447767,10.957321166992188,10.741896392788545,10.957321166992188,2732800
2025-01-24,10.92794612789975,11.006282585646082,10.9181538372204,10.937738418579102,2525600
2025-01-27,10.86919320981721,10.976905595434285,10.820232694957031,10.908361434936523,3936400
2025-01-28,10.957320766123637,10.967113055641237,10.781064224027482,10.839816093444824,2296600
2025-01-29,10.986698112697558,11.104202790488891,10.937737596823462,10.976905822753906,2703600
2025-01-30,11.104202498212128,11.231499462596496,11.094410208526222,11.172746658325195,3008100
2025-01-31,11.182539772344965,11.260876227918601,11.10420331677133,11.13357925415039,3267200
2025-02-03,10.849608947662578,11.09441059527923,10.849608947662578,11.006281852722168,2372700
2025-02-04,11.055242798576755,11.231500290539541,11.016074570789936,11.13357925415039,5605200
2025-02-05,11.241290856833885,11.300043661305862,11.162954406767346,11.182538986206055,2208900
2025-02-06,11.162954444828689,11.260875474667808,11.113994863753279,11.192331314086914,1503900
2025-02-07,11.143371149862409,11.192331666322813,10.97690595420354,11.016074180603027,2666000
2025-02-10,10.996488571166992,10.996488571166992,10.947528993133574,10.996488571166992,1760100
2025-02-11,10.94753054218434,10.96711418939993,10.878985442319214,10.888777732849121,2423500
2025-02-12,10.800647983582534,10.91815265750556,10.771272048562812,10.869193077087402,2038600
2025-02-13,10.869193472437688,10.99648950676806,10.869193472437688,10.986698150634766,1941000
2025-02-14,11.04545037868067,11.11399547688719,11.03565902223191,11.09441089630127,1807000
2025-02-18,11.035659096877836,11.133579198937174,11.016074516159444,11.113995552062988,1896900
2025-02-19,11.162953357518358,11.26087437781963,11.153162002563477,11.153162002563477,2479800
2025-02-20,11.20212297138062,11.290251713838037,11.143371098971791,11.280460357666016,2284800
2025-02-21,11.349004935668193,11.349004935668193,11.06503505170933,11.123786926269531,2225400
2025-02-24,11.172746620096738,11.231499424167012,11.113994749870603,11.162954330444336,2087400
2025-02-25,11.231499803696135,11.339212191979902,11.211915223729537,11.270668029785156,1936900
2025-02-26,11.358795946474197,11.476300616201904,11.300043144688292,11.309835433959961,1843000
2025-02-27,11.241291075437728,11.241291075437728,10.957321204963266,10.967113494873047,1664600
2025-02-28,10.967113190346542,10.976905479984415,10.790856646085487,10.878984451293945,2244800
2025-03-03,10.898569420083385,10.918153066214913,10.64397548346431,10.712519645690918,2144300
2025-03-04,10.683143402731258,10.986697846726747,10.643975177749015,10.898569107055664,4302800
2025-03-05,10.947529203651305,11.074826163443078,10.918152335653437,11.055241584777832,2712300
2025-03-06,10.996489675852608,11.074827063032698,10.957321449184656,11.035658836364746,1818800
2025-03-07,11.084618292718787,11.30983629387043,11.084618292718787,11.280460357666016,2515300
2025-03-10,11.1825390806124,11.339211982068157,11.143370855248461,11.211915016174316,3265100
2025-03-11,11.309835529708627,11.378379687502388,11.221706793205726,11.339211463928223,1892800
2025-03-12,11.28046024377543,11.28046024377543,11.192331502207784,11.251083374023438,2087900
2025-03-13,11.182539212290452,11.290251599848595,11.182539212290452,11.251083374023438,1605400
2025-03-14,11.35879604263736,11.397964266211527,11.319627819063195,11.339211463928223,1413300
2025-03-17,11.368588318259592,11.6525581956163,11.339212381662467,11.61338996887207,1530200
2025-03-18,11.593805139275288,11.593805139275288,11.495884115485453,11.544844627380371,1828000
2025-03-19,11.535053497585746,11.65255817763713,11.525262141297937,11.603598594665527,1274800
2025-03-20,11.554636916528173,11.623181072874601,11.495884115485453,11.544844627380371,1241800
2025-03-21,11.476301193237305,11.495884838921215,11.437132968025333,11.476301193237305,1808900
2025-03-24,11.476300713359858,11.505676647579454,11.329419174573653,11.339211463928223,1853400
2025-03-25,11.39796461063045,11.486092415952246,11.39796461063045,11.437132835388184,2222100
2025-03-26,11.35879682825125,11.427340990785764,11.231499859369883,11.290251731872559,1551100
2025-03-27,11.221707569338044,11.35879682825125,11.221707569338044,11.290251731872559,1628200
2025-03-28,11.290251731872559,11.309836311936236,11.231499859369883,11.290251731872559,1170700
2025-03-31,11.133578471453431,11.21191492151997,11.00628150663427,11.182538986206055,1756600
2025-04-01,11.192331502207784,11.260875663940768,11.113995050557469,11.251083374023438,3383500
2025-04-02,11.241290342902387,11.339211367930861,11.211914408931486,11.309835433959961,920200
2025-04-03,11.407755984774031,11.593805753055438,11.388172339285754,11.446924209594727,2573000
2025-04-04,11.104202385811401,11.133578320727626,10.800647945529958,10.859400749206543,4118800
2025-04-07,10.48730291065472,10.878985184112405,10.39917416566569,10.526471138000488,3519800
2025-04-08,10.800649083238305,10.800649083238305,10.252293882434028,10.340422630310059,3075600
2025-04-09,10.340421541080602,10.927944908625781,10.242500512901007,10.859400749206543,5375700
2025-04-10,10.643975389959511,10.790856936954428,10.487302486906929,10.683143615722656,2091000
2025-04-11,10.800647665194287,11.065033874110455,10.75168715237528,11.055241584777832,2996800
2025-04-14,11.045448693463266,11.211913867668994,11.025865049709447,11.153162002563477,2284300
2025-04-15,11.192332062752723,11.241291647103086,11.123786963742633,11.13357925415039,1652200
2025-04-16,11.065033969755678,11.221706865055477,11.016073456513462,11.084617614746094,1922500
2025-04-17,11.123786518939397,11.300044003854234,11.113995162767376,11.280460357666016,1593200
2025-04-21,11.280460187433984,11.300043833326669,11.153163220676978,11.231499671936035,2000500
2025-04-22,11.329419610648182,11.554637605251461,11.329419610648182,11.466508865356445,1699300
2025-04-23,11.309836179683257,11.407756277324069,11.231499728032942,11.251083374023438,1518400
2025-04-24,11.368587929300192,11.505677185136781,11.368587929300192,11.495884895324707,1334200
2025-04-25,11.417548817534362,11.623182241085331,11.417548817534362,11.603598594665527,1538000
2025-04-28,11.613389263666212,11.711310291502768,11.60359790795786,11.681934356689453,1701800
2025-04-29,11.652558401842096,11.730894856716946,11.642767045365893,11.67214298248291,880100
2025-04-30,11.495885009239958,11.544845524941339,11.378380331863138,11.525261878967285,1848900
2025-05-01,11.584013635945075,11.62318186134922,11.495884895324707,11.495884895324707,1434700
2025-05-02,11.60359855688478,11.662350429797087,11.564430330328516,11.593806266784668,1503500
2025-05-05,11.64276748216924,11.662351129700573,11.515470504760742,11.515470504760742,1269300
2025-05-06,11.603598650239332,11.701518750495701,11.584014069881544,11.62318229675293,2011800
2025-05-07,11.574220657348633,11.632973458880539,11.535052434275396,11.574220657348633,1424900
2025-05-08,11.632974884584865,11.730894987346716,11.574222075852381,11.711311340332031,2172000
2025-05-09,11.809231206020879,11.93652723360512,11.77006298203093,11.926735877990723,1592100
2025-05-12,12.132369863116665,12.191121734967481,11.995280605724487,12.093201637268066,3587900
2025-05-13,12.386962489522087,12.661140996012929,12.338002909075422,12.543636322021484,3869100
2025-05-14,12.582804943769103,12.69051733153271,12.563220363897084,12.661141395568848,3522200
2025-05-15,12.621972448105925,12.808021277033381,12.58280422444519,12.729684829711914,2736300
2025-05-16,12.778646167925672,12.778646167925672,12.612180973157091,12.69051742553711,1719300
2025-05-19,12.553427734437722,12.602388248949405,12.465298995085522,12.563220024108887,1908200
2025-05-20,12.670931988942318,12.78843759341293,12.670931988942318,12.719892501831055,1473800
2025-05-21,12.602389036915687,12.612181327199115,12.484884355047134,12.514260292053223,1636500
2025-05-22,12.220498029511482,12.240082609932587,12.073617411729968,12.20091438293457,3123700
2025-05-23,12.073617705854513,12.328211654465862,12.054034058800527,12.289043426513672,4105200
2025-05-27,12.367379112454794,12.406547337968465,12.318418597101665,12.347794532775879,1300800
2025-05-28,12.318418446315254,12.347794381629885,12.269457931561437,12.298834800720215,1847300
2025-05-29,12.367379112454794,12.42613098380322,12.328210886941122,12.347794532775879,1243400
2025-05-30,12.386962966378801,12.484883998730039,12.3575870302111,12.406547546386719,1912100
2025-06-02,12.426129965854646,12.455506832966465,12.289041654709148,12.32820987701416,2786200
2025-06-03,12.259666422330724,12.543636283737726,12.210705908189352,12.533843994140625,2596800
2025-06-04,12.59259590246815,12.612180481722126,12.51425945314052,12.543636322021484,1287900
2025-06-05,12.582805633544922,12.631765218220549,12.504469177450858,12.582805633544922,2662200
2025-06-06,12.621973225468793,12.70030967761485,12.602388645510192,12.68072509765625,1352800
2025-06-09,12.700309715545655,12.759061587908581,12.6513491993471,12.69051742553711,1040100
2025-06-10,12.87656587672028,12.905942745856715,12.808021716423559,12.856982231140137,1726700
2025-06-11,12.935319040697822,13.052823718977269,12.925526750713491,12.96469497680664,4522800
2025-06-12,12.935318127684644,13.013654574341723,12.915733549098322,12.974486351013184,2321400
2025-06-13,12.8276068568307,13.082199863571422,12.778646339972957,13.02344799041748,7836900
2025-06-16,13.15209828642603,13.231268103018108,13.072928469833954,13.171891212463379,2992200
2025-06-17,12.617700945104017,12.677078776578862,12.498946225932942,12.597908020019531,5184900
2025-06-18,12.597908583726362,12.677079343828272,12.54842815635832,12.568220138549805,3957100
2025-06-20,12.65728678074077,12.65728678074077,12.489050680285887,12.498947143554688,2828600
2025-06-23,12.47915385924148,12.578116601534875,12.419776968888367,12.568220138549805,2911800
2025-06-24,12.677079254178846,12.875003793587304,12.637494346297155,12.825522422790527,2830900
2025-06-25,12.776041215544215,12.805729660890872,12.696871398767351,12.766144752502441,3095800
2025-06-26,12.87500384661394,13.013550552881151,12.87500384661394,12.973965644836426,2219300
2025-06-27,12.983862850637312,12.983862850637312,12.795834762611891,12.88490104675293,2442900
2025-06-30,12.82552247561337,13.003655033703959,12.79583403052449,12.973965644836426,3510300
2025-07-01,12.983862912570425,13.161995481702196,12.875004644644738,13.082825660705566,5722500
2025-07-02,13.171891822650132,13.389608356474714,13.132306912520326,13.29064655303955,3992200
2025-07-03,13.409401407472915,13.726080691440812,13.409401407472915,13.686495780944824,3723400
2025-07-07,13.567740006579058,13.567740006579058,13.389607451149832,13.439088821411133,4583300
2025-07-08,13.369815620792433,13.379712083712548,13.2807493420687,13.330230712890625,2072500
2025-07-09,13.350022177826629,13.508361803300431,13.33023019653171,13.458881378173828,2524900
2025-07-10,13.37971154248633,13.43908843004785,13.35991861744675,13.40939998626709,1510400
2025-07-11,13.320334207517016,13.340126189515516,13.1916830213015,13.231267929077148,2249000
2025-07-14,13.251060485839844,13.34012581802078,13.201579116553576,13.251060485839844,1190000
2025-07-15,13.419297383510774,13.448985829359488,13.310438175767693,13.359919548034668,3067100
2025-07-16,13.359919342959493,13.359919342959493,13.241164617608847,13.320334434509277,2753500
2025-07-17,13.231268521979674,13.340126787296057,13.221372058647631,13.300541877746582,2674200
2025-07-18,13.429192358603144,13.518258636317757,13.429192358603144,13.439088821411133,2070900
2025-07-21,13.538051433112729,13.676598135991664,13.518258507685092,13.597428321838379,1876100
2025-07-22,13.706287806500923,13.8745239009872,13.686494880665524,13.834938049316406,4866600
2025-07-23,13.815145861331379,13.815145861331379,13.676598213884736,13.795352935791016,3460600
2025-07-24,13.765664869660412,13.825042704135093,13.75576840661819,13.775561332702637,2718300
2025-07-25,13.765664890046757,13.854731170001353,13.735976444654781,13.825042724609375,2406400
2025-07-28,13.785457174542087,13.785457174542087,13.567739716317293,13.656805992126465,4801700
2025-07-29,13.627117894849338,13.63701341391877,13.557843598691443,13.587532043457031,2688000
2025-07-30,13.468776873828608,13.53805116768853,13.36981507996654,13.40939998626709,4484900
2025-07-31,13.340126396339265,13.379712248507294,13.221371671171164,13.270853042602539,3843100
2025-08-01,13.419296817880362,13.508362151672353,13.330230540309733,13.389607429504395,4558300
2025-08-04,13.429192543029785,13.478673913970626,13.379712115867596,13.429192543029785,2071700
2025-08-05,13.44898509979248,13.518258450941168,13.419296655554275,13.44898509979248,2172100
2025-08-06,13.448984915637062,13.518258265837197,13.439088453100295,13.458881378173828,2030400
2025-08-07,13.567740440368652,13.617221812211978,13.50836260540093,13.567740440368652,2167900
2025-08-08,13.637014166597266,13.696392003184371,13.538052363990351,13.547947883605957,2493100
2025-08-11,13.409400355088373,13.508362151672353,13.369815447699052,13.389607429504395,2442200
2025-08-12,13.48857045992547,13.637013629882883,13.439089088680111,13.627118110656738,4590600
2025-08-13,13.58753169773121,13.735975805339368,13.577636178913561,13.656805992126465,2556200
2025-08-14,13.48857060291145,13.528155511571626,13.399504322481388,13.518259048461914,4122000
2025-08-15,13.577637229809831,14.062552609215508,13.547947839723097,13.953694343566895,4513200
2025-08-18,14.151618262786394,15.062072088506044,14.151618262786394,14.339646339416504,5585700
2025-08-19,14.300061563819488,14.300061563819488,13.646910105363892,14.181306838989258,5438300
2025-08-20,14.220891583477606,14.30006139911926,14.151618230735822,14.240684509277344,1897200
2025-08-21,14.10213697022653,14.121929896180953,13.993278708813168,14.03286361694336,5664100
2025-08-22,14.082344405888591,14.5276758135121,14.082344405888591,14.517779350280762,3665600
2025-08-25,14.339646306940086,14.389127677660781,14.240684509277344,14.240684509277344,2687300
2025-08-26,14.28026941709817,14.359439232739822,14.210995120577739,14.240684509277344,4188500
2025-08-27,14.28026939577916,14.28026939577916,14.151618209608875,14.191203117370605,1605300
2025-08-28,14.270373383814157,14.418816556666542,14.240684937999415,14.369336128234863,4602400
2025-08-29,14.2703729541983,14.329749844040217,14.220891583477606,14.240684509277344,2635400
2025-09-02,13.924003830983692,14.102136382029006,13.8547304805899,14.013070106506348,2757800
2025-09-03,14.032863238389883,14.141721496866662,13.508362040090582,14.052655220031738,4976800
2025-09-04,14.09224055942192,14.369335861137785,14.032863668896136,14.181306838989258,3844100
2025-09-05,14.448505811376103,14.58705251973728,13.854731237952391,14.52767562866211,4361900
2025-09-08,14.537571293585648,14.567260683199246,14.359439674797443,14.418816566467285,3493600
2025-09-09,14.359439232739822,14.389127677660781,14.18130667565678,14.240684509277344,1494700
2025-09-10,14.359438918448264,14.537570527853811,14.339645993081744,14.408920288085938,3754700
2025-09-11,14.418816229029945,14.646430158514063,14.418816229029945,14.53757095336914,3599300
2025-09-12,14.41881545222109,14.537570170162414,14.408919933559933,14.478193283081055,3532500
2025-09-15,14.547467091233191,14.695911201173729,14.458400814024596,14.656326293945312,2014600
2025-09-16,14.72560005796723,14.814666337669681,14.676118686601573,14.735496520996094,2539500
2025-09-17,14.834458003857394,15.081863911635317,14.784976633546082,14.903732299804688,4649800
2025-09-18,14.883939743041992,14.95321309692747,14.725600109144525,14.883939743041992,3924900
2025-09-19,14.913627668698892,15.032382389983278,14.913627668698892,15.012590408325195,4020700
2025-09-22,14.953212834331758,15.220411669675414,14.913627926552548,15.200618743896484,3035900
2025-09-23,15.210515525718728,15.24020397123098,14.992798056478668,15.03238296508789,3874600
2025-09-24,14.963109600675136,15.08186432642113,14.913628229002972,14.982902526855469,3094600
2025-09-25,14.87404294436038,15.012590592783802,14.804769592037989,15.002694129943848,2125200
2025-09-26,14.973005706575233,15.081863966634181,14.903732354153961,15.052175521850586,2705400
2025-09-29,15.161033857231299,15.289685043637562,15.151138338106701,15.250100135803223,2713800
2025-09-30,15.220412282926647,15.358959937625482,15.062072645430085,15.319374084472656,4456100
2025-10-01,15.378751128142722,15.7647046824911,15.378751128142722,15.71522331237793,4314200
2025-10-02,15.725119590759277,15.774600016513594,15.626156851693398,15.725119590759277,2728400
2025-10-03,15.7350153276788,15.972524772193667,15.695430420259656,15.81418514251709,2579700
2025-10-06,15.962628352905394,16.051694630785907,15.85377103692932,15.913147926330566,2839900
2025-10-07,15.962628088204415,15.962628088204415,15.69543020277234,15.725119590759277,2775300
2025-10-08,15.80429002291588,15.923044748174586,15.754808651446755,15.84387493133545,1502400
2025-10-09,15.923045167624759,16.101177732094573,15.883459314383744,15.972525596618652,3002000
2025-10-10,15.982421156334103,16.08138389628423,15.566779158589389,15.616260528564453,2850300
2025-10-13,16.031903903196643,16.328790243510266,15.992318051124258,16.20013999938965,3905100
2025-10-14,16.051694952244457,16.38816714485201,15.873564280473387,16.24962043762207,3088700
2025-10-15,16.55640341486747,16.77412182857864,16.457440671140336,16.6949520111084,4651900
2025-10-16,16.793912453306717,16.922564583247908,16.566299469635123,16.615781784057617,6215400
2025-10-17,16.427751895111257,16.497025244079936,16.308996234338384,16.358478546142578,3962000
2025-10-20,16.56630015952438,16.615782476007524,16.398064058596443,16.427753448486328,3598200
2025-10-21,16.40795965446197,16.43764904278228,16.1011768587145,16.17045021057129,4319800
2025-10-22,16.06159131097955,16.140761127105076,15.715223601375046,15.952733993530273,3371500
2025-10-23,15.92304430390717,16.23972356242808,15.92304430390717,16.17045021057129,2518700
2025-10-24,16.51681976898018,16.586093124660184,16.4178570233413,16.526716232299805,4118300
2025-10-27,16.615782523832678,16.63557356292553,16.417857032445166,16.576196670532227,1604900
2025-10-28,16.69495162228384,16.833498327740678,16.64546930779404,16.71474266052246,4450500
2025-10-29,17.001734967344373,17.397584058175976,16.97204557769799,17.140281677246094,5783000
2025-10-30,17.011630182578095,17.05121414497868,16.843394095371877,16.853290557861328,1676900
2025-10-31,16.942358441430965,17.150178510770836,16.882979660856094,17.1204891204834,4080200
2025-11-03,17.268932403560523,17.536129338364052,17.249139478743313,17.417375564575195,6401700
2025-11-04,17.080904736325504,17.298621263766627,16.97204552882627,16.991838455200195,2801500
2025-11-05,17.29862195445426,18.01115223190617,17.288725490872157,17.912189483642578,5201400
2025-11-06,17.892394122465685,17.912187046937333,17.516337995290183,17.58561134338379,3075600
2025-11-07,17.40747988245508,17.50644262341992,17.011630806152994,17.47675323486328,4766700
2025-11-10,17.852811413326105,17.92208476627874,17.635093003980913,17.823122024536133,7738700
2025-11-11,17.842914853666063,17.842914853666063,17.45696035171797,17.575716018676758,1587200
2025-11-12,17.694469754940105,17.694469754940105,17.308517141490235,17.47675323486328,2642300
2025-11-13,17.357999940255667,17.357999940255667,16.546506951739026,16.6949520111084,5232500
2025-11-14,16.338686937442265,17.011631331724974,16.289204621652452,16.843395233154297,2604200
2025-11-17,16.73453439800623,16.902770480210574,16.516817892382964,16.625675201416016,7109200
2025-11-18,16.378271132003185,16.62567705174678,16.338687166374044,16.427753448486328,10769300
2025-11-19,16.34858246480359,16.63557232972777,16.34858246480359,16.388166427612305,1530600
2025-11-20,16.69495150160234,16.77412131665643,15.883458537851302,15.913147926330566,3986200
2025-11-21,15.86366768374172,15.942837499714019,15.467817660101577,15.903251647949219,4390800
2025-11-24,15.903251366598807,16.140760810313832,15.89335490383269,16.120969772338867,1485900
2025-11-25,16.101178028909537,16.774122445953086,15.853772104264548,16.259517669677734,4261700
2025-11-26,16.427751620183184,16.675157512392094,16.328788885788185,16.625675201416016,3124100
2025-11-28,16.665262275606878,16.843394833104668,16.605885385626713,16.813705444335938,4848400
2025-12-01,16.625675086048776,16.675157396681495,16.348581696734158,16.37826919555664,1903200
2025-12-02,16.576196270973565,16.665262551195323,16.467337064578675,16.546506881713867,1355100
2025-12-03,16.497026043183734,16.54650646982753,16.358479338535275,16.467336654663086,1234300
2025-12-04,16.4475461154457,16.823602276994464,16.437649652305293,16.793912887573242,1961500
2025-12-05,16.793912867278195,16.89287561100533,16.23972414498651,16.6949520111084,1849300
2025-12-08,16.72463983602019,16.78401672838057,16.388167633382423,16.526716232299805,1492200
2025-12-09,16.46733591859704,17.318412809240897,16.437648418960666,16.506921768188477,1506200
2025-12-10,16.42775273346875,16.685055105309896,16.318893529501302,16.566299438476562,1345900
2025-12-11,16.48712974838502,16.87308236530077,16.36837596820662,16.863187789916992,3216200
2025-12-12,16.882979434787007,16.892875898083638,16.318894239780786,16.427753448486328,1957700
2025-12-15,16.54650760588449,16.576196996443564,16.368376925202277,16.407960891723633,1552600
2025-12-16,16.286287048125153,16.386019744092515,16.146662415116623,16.246395111083984,1354700
2025-12-17,16.256366672173954,16.35609936816286,15.897330678632557,15.957170486450195,2292400
2025-12-18,16.116741313673373,16.306233237298407,16.08682093555062,16.136688232421875,3517300
2025-12-19,16.24639419466166,16.465804591619044,16.22644727614476,16.395992279052734,2193500
2025-12-22,16.386020187752862,16.635350983300548,16.326181329449458,16.605430603027344,2143700
2025-12-23,16.555564487424316,16.585482964158075,16.39599293736784,16.495725631713867,1477000
2025-12-24,16.495725891348602,16.565538207816758,16.44585859226924,16.53561782836914,2112700
2025-12-26,16.545591552447547,16.60543041005556,16.475779234864365,16.575511932373047,1091400
2025-12-29,16.435884741397608,16.605429749747586,16.376045886169063,16.475778579711914,1838000
2025-12-30,16.5655373493524,16.5655373493524,16.38601888645566,16.40596580505371,1470400
2025-12-31,16.40596758115789,16.445859520429817,16.306234879613466,16.38602066040039,6696900
2026-01-02,16.655297049654123,17.074172840790425,16.58548283259565,17.05422592163086,6497400
2026-01-05,17.1340118907508,17.203824206359766,16.864734185765126,17.084144592285156,5378500
2026-01-06,17.173904291974996,17.273636989361933,16.984414259407092,17.153959274291992,3806600
2026-01-07,17.09411898361734,17.13401282456409,16.89465548561269,16.934547424316406,3790800
2026-01-08,16.994387198616707,17.273636460051613,16.994387198616707,17.074172973632812,8355200
2026-01-09,17.104090860416086,17.29358278288457,17.06419892540543,17.273635864257812,3840200
2026-01-12,17.143986249453896,17.542915146883725,17.104092408589395,17.51299476623535,4714000
2026-01-13,17.48307622212012,17.632674320313665,17.383343522576748,17.503021240234375,2833300
2026-01-14,17.48307497471563,17.503019991406823,17.253689211459474,17.31352996826172,3584200
2026-01-15,17.413261743423167,17.632674059623287,17.333475965416667,17.4631290435791,4719800
2026-01-16,17.56286108089103,17.742379550212487,17.443181467262416,17.652620315551758,5093900
2026-01-20,17.38334339675953,17.572835334296126,17.21379837943584,17.483076095581055,5590500
2026-01-21,17.542914419652725,17.69251251220703,17.3235040107226,17.69251251220703,4942500
2026-01-22,17.961790738836147,18.171227694011534,17.882004960353665,18.0615234375,5359000
2026-01-23,18.141308356766093,18.34077184240372,17.981736807358825,18.221094131469727,6115600
2026-01-26,18.161252913934455,18.38066521549633,18.031601746664784,18.151281356811523,7202000
2026-01-27,18.290906574965536,18.58012929695559,18.18120042063676,18.530263900756836,4694900
2026-01-28,18.75964880589886,19.048873446151102,18.719756867178948,18.979061126708984,9065500
2026-01-29,18.949139225216655,18.949139225216655,18.071495719140856,18.460451126098633,8559900
2026-01-30,18.390640274187035,18.590103772120596,17.97176445561061,18.101415634155273,4411900
2026-02-02,18.011655020916386,18.28093271994953,17.85208347383961,18.18120002746582,3880600
2026-02-03,18.40061389315507,18.87932857501694,17.95181769000766,18.70978355407715,7024600
2026-02-04,19.178524640821436,19.29820426156725,18.25101376233127,18.689836502075195,6283000
2026-02-05,18.32082769312882,18.470425790003095,18.021629597137256,18.0615234375,5094300
2026-02-06,18.50034371998834,18.719756030997672,18.270959851426717,18.560184478759766,3769100
2026-02-09,18.709783471731388,19.008979671017467,18.59010385067113,18.98903465270996,3178000
2026-02-10,18.889300707709463,19.048872257114667,18.600076085510707,18.799541473388672,7047200
2026-02-11,19.038900051843292,19.158577770660507,18.410585370202263,18.98903465270996,5629100
2026-02-12,19.01895262553319,19.01895262553319,18.251013324945742,18.330799102783203,2824400
2026-02-13,18.14130932998882,18.500344384294788,17.941843931407604,18.37069320678711,2791300
2026-02-17,18.380666778627397,18.75964875554291,18.28093407873078,18.67986297607422,2824000
2026-02-18,18.80951610710254,19.05884690639184,18.699809946697478,18.979061126708984,7145400
2026-02-19,18.79954120729285,18.929192376008356,18.649943119623305,18.759647369384766,3953800
2026-02-20,18.6499437724262,18.98903379754253,18.56018453623406,18.8593807220459,2913500
2026-02-23,18.749675019975168,18.959113876906592,18.629997303651212,18.9291934967041,2348300
2026-02-24,18.9192195097898,19.328121849955377,18.699809101143842,19.13863182067871,6780200
2026-02-25,19.098737322448255,19.258308869091984,19.01895154912639,19.038898468017578,3939700
2026-02-26,18.84940760080933,18.869354520819876,18.330799093993015,18.620023727416992,7281100
2026-02-27,18.450477658948255,18.490371496692834,17.941842641162157,18.171226501464844,7180500
2026-03-02,17.812192181441684,18.340772236880976,17.672565646025017,18.280933380126953,6311500
2026-03-03,17.57283466741132,17.782271614969737,17.293583501757166,17.672565460205078,3221000
2026-03-04,17.772298671746018,18.121362163397574,17.73240673391775,18.041576385498047,3232200
2026-03-05,17.882004777568298,18.04157633290216,17.48307588923364,17.742380142211914,4089300
2026-03-06,17.483075437990202,17.682538925887823,17.33347544426331,17.383342742919922,3881500
2026-03-09,17.293583181108687,18.02162860756453,17.263662802479566,17.911922454833984,4036500
2026-03-10,18.041575531224474,18.480398240015,18.041575531224474,18.201147079467773,9196700
2026-03-11,18.320826498420022,18.689834986497175,18.31085303897971,18.460451126098633,5373800
2026-03-12,18.45047878704654,18.5601849453089,18.241041832810758,18.34077262878418,3788800
2026-03-13,18.500344118468185,18.759648372000687,18.270960244965853,18.330799102783203,3650900
2026-03-16,18.510316587761732,18.689835053848512,18.330798121674952,18.47042465209961,4971100
2026-03-17,18.540238533137355,18.71975701439632,18.500344691860672,18.70978355407715,2871100
2026-03-18,18.62002367446628,18.67986253208477,18.310854024153947,18.32082748413086,3455300
2026-03-19,18.041576867267334,18.72973040892859,17.931870706384846,18.699810028076172,6818800
2026-03-20,18.669888943492936,18.77959510024023,17.911923110656026,18.011655807495117,6749500
2026-03-23,18.251013931772054,18.530265114609467,17.961791190836035,18.131336212158203,3975200
2026-03-24,17.882004368438704,18.370692483248142,17.872030908678152,18.260986328125,1714800
2026-03-25,18.51031658918789,18.839433142958047,18.51031658918789,18.759647369384766,3760600
2026-03-26,18.390639477469684,18.520290650397612,17.951816757437626,17.98173713684082,5430400
2026-03-27,17.862058249872756,18.071497109749963,17.7124601512422,17.80221939086914,10805400
2026-03-30,18.001682569562224,18.001682569562224,17.333475965416667,17.4631290435791,7429300
2026-03-31,17.602753078953985,18.24104118347168,17.55288768274237,18.24104118347168,7557500
2026-04-01,18.22109399855891,18.420557482741582,18.121361305346124,18.201147079467773,5401900
2026-04-02,17.762324951304908,18.29090691104132,17.762324951304908,18.00168228149414,7989900
2026-04-06,18.03160352972687,18.11138931030005,17.7523523465992,17.842111587524414,5603100
2026-04-07,17.792245930661366,17.82216631128469,17.45315589256915,17.80221939086914,6754300
2026-04-08,18.47042465209961,18.639969658710136,18.330798121674952,18.47042465209961,4451600
2026-04-09,18.410584675717004,18.799542002808288,18.40061311806092,18.590103149414062,2136200
2026-04-10,18.729729614477414,19.008978881616336,18.66988885531082,18.869354248046875,4450000
2026-04-13,18.82946073265147,18.959113810834083,18.779595334730768,18.919219970703125,9273000
2026-04-14,19.37798887805455,19.687158518244114,19.30817656274493,19.67718505859375,6600500
2026-04-15,19.806838737523844,19.886624514923778,19.42785486819193,19.47772216796875,9396600
2026-04-16,19.497665994844834,19.527586372883583,19.088763672862925,19.298202514648438,5889200
2026-04-17,19.537560163611726,19.62731939700754,19.228390527605537,19.348068237304688,7503800
2026-04-20,19.308176044804114,19.61734567670022,19.18849643445308,19.59739875793457,6217000
2026-04-21,19.61734593749213,19.836756340102504,19.31814976100135,19.348068237304688,5995600
2026-04-22,19.72705314515745,19.986357399700168,19.6871593049618,19.796865463256836,5811700
2026-04-23,19.876651226401922,20.19579433875422,19.796865448313845,20.086088180541992,4912500
2026-04-24,20.18581988728431,20.18581988728431,19.816811395091978,19.93648910522461,5947800
2026-04-27,20.106035364201638,20.18582114333565,19.866678026799597,20.1259822845459,6915600
2026-04-28,19.916543112973578,20.066143110965626,19.617346921475466,19.78689193725586,8220000
2026-04-29,20.36533868770315,20.435151003462448,19.976383270048256,20.27557945251465,7808000
2026-04-30,20.544858133751752,20.724376612654062,20.155900795382404,20.71440315246582,6527800
2026-05-01,20.76426782278143,21.003625152173836,20.594722810014773,20.8939208984375,7454400
2026-05-04,20.923840043179663,21.03354620265858,20.39525997058419,20.704429626464844,7781900
2026-05-05,20.9437866127604,21.272903183442633,20.864000835087225,21.23301124572754,8793300
2026-05-06,21.31279721678191,21.44244839333609,21.013599121110488,21.262929916381836,8927700
2026-05-07,21.312797040598554,21.322768598353132,20.554831200970256,20.65456199645996,8867000
2026-05-08,21.023571540615414,21.242981944786862,20.77424075768485,21.103357315063477,5085300
2026-05-11,21.242981881264388,22.000947687375923,21.21306340483765,21.671831130981445,9835200
2026-05-12,21.53220802606819,21.552154946593447,20.973707567062256,21.322769165039062,8198100
2026-05-13,21.781538268512193,22.04084252197579,21.38260937943089,21.821430206298828,8182200
2026-05-14,21.7017522224311,22.110654566465193,21.292849878397007,22.07076072692871,6017100
2026-05-15,21.402553822312257,21.96105615426724,21.163196495292812,21.731672286987305,5664500
2026-05-18,21.88127119344789,21.90121621142672,20.98368070813816,21.272903442382812,7459600
2026-05-19,20.97370693494094,21.153223507528732,20.465071890334734,20.933813095092773,5031900
2026-05-20,21.03354545410155,21.661858203658554,20.83408006255551,21.46239471435547,7824900
2026-05-21,21.312797116676805,22.35001223096751,21.262929816510955,22.120628356933594,6413300
2026-05-22,22.250279129281868,22.449744521841176,22.05081563896552,22.350011825561523,5513800
2026-05-26,22.838699539797126,23.127924163654136,22.639236053018468,22.868619918823242,4092600
2026-05-27,22.928458314333565,23.257574868041974,22.609315220100306,23.088029861450195,5557300
2026-05-28,23.018219172661066,23.58669308718381,22.96835377400726,23.33736228942871,9822900
2026-05-29,23.457041112439665,23.716345361564873,23.127924546673626,23.506906509399414,8428300
2026-06-01,23.31741492592436,23.31741492592436,22.599342926844066,22.97832679748535,5708100
2026-06-02,22.858646136431,23.686424255371094,22.808780741001062,23.686424255371094,5993300
2026-06-03,23.437094874279374,23.476988714801603,22.92845982107904,23.0281925201416,4662400
2026-06-04,22.67912908938802,23.19773760420171,22.51955753132889,23.038166046142578,3926300
2026-06-05,22.5195573528186,22.5195573528186,21.093384899507598,21.262929916381836,8846000
2026-06-08,21.512260525021702,21.572099382739648,20.893921223369293,20.94378662109375,5292800
2026-06-09,21.292849579431472,21.38260881488531,19.936489490122785,20.57477569580078,6861800
2026-06-10,20.275580199659483,20.494990614737137,19.79686552917569,19.806838989257812,7509400
2026-06-11,19.996329045986965,20.734349874928107,19.976384028043885,20.68448257446289,4162800
2026-06-12,20.76426762524246,21.153223044024458,20.674508389793854,20.86400032043457,3467200
2026-06-15,21.260000228881836,21.34000015258789,20.850000381469727,21.030000686645508,6045600
2026-06-16,20.940000534057617,21.350000381469727,20.799999237060547,20.81999969482422,6452600
2026-06-17,20.75,21.09000015258789,20.469999313354492,20.479999542236328,3474400
2026-06-18,20.739999771118164,21.1299991607666,20.440000534057617,21.100000381469727,6530300
2026-06-22,21.40999984741211,21.75,21.34000015258789,21.6299991607666,3142800
2026-06-23,20.610000610351562,21.06999969482422,20.56999969482422,20.670000076293945,3539700
2026-06-24,20.600000381469727,20.860000610351562,20.229999542236328,20.479999542236328,2808900
2026-06-25,20.829999923706055,20.8700008392334,20.020000457763672,20.290000915527344,6704200
2026-06-26,19.989999771118164,20.030000686645508,19.43000030517578,19.5,9062100
2026-06-29,19.889999389648438,19.959999084472656,19.440000534057617,19.8799991607666,7937900
2026-06-30,20.239999771118164,20.610000610351562,20.15999984741211,20.489999771118164,6833500
2026-07-01,20.299999237060547,20.739999771118164,20.15999984741211,20.18000030517578,6278800
2026-07-02,20.299999237060547,20.6200008392334,19.3700008392334,19.670000076293945,4389100
2026-07-06,19.809999465942383,20.290000915527344,19.709999084472656,20.1200008392334,3271200
2026-07-07,19.780000686645508,19.8700008392334,19.190000534057617,19.329999923706055,4170500
2026-07-08,19.030000686645508,19.239999771118164,18.709999084472656,19.049999237060547,5024100
2026-07-09,19.540000915527344,19.56999969482422,19.260000228881836,19.329999923706055,2368000
2026-07-10,19.389999389648438,19.389999389648438,19.049999237060547,19.25,5078900
2026-07-13,18.940000534057617,19.020000457763672,18.549999237060547,18.6299991607666,3511700
2026-07-14,19.030000686645508,19.25,18.940000534057617,19.06999969482422,3806000
2026-07-15,19.25,19.420000076293945,18.690000534057617,19.079999923706055,3390900
2026-07-16,18.760000228881836,18.809999465942383,18.260000228881836,18.350000381469727,3924400
2026-07-17,18.170000076293945,18.6200008392334,17.950000762939453,18.3700008392334,4327600
2026-07-20,18.530000686645508,18.600000381469727,18.1200008392334,18.139999389648438,4127900
2026-07-21,18.31999969482422,18.6200008392334,18.260000228881836,18.520000457763672,3441900
2026-07-22,18.450000762939453,18.730100631713867,18.450000762939453,18.56999969482422,3670989
