date,open,high,low,close,volume
2005-01-03,34.11812142429017,34.28832971286456,33.505372884003606,33.61600875854492,100970900
2005-01-04,33.760681170232324,33.820256826265556,32.80751937049313,33.003257751464844,136623200
2005-01-05,32.9181522240279,33.15644184054073,32.73943501164327,32.799007415771484,127925500
2005-01-06,32.87560290506335,32.94368426530774,32.6288010754654,32.63731002807617,102934600
2005-01-07,32.81602257298453,33.079842244096604,32.51815736029252,32.80751037597656,123104000
2005-01-10,32.71390707339939,33.07985375726008,32.671355812905766,32.79050064086914,88764200
2005-01-11,32.654337078968496,32.76497296161204,32.39902625063621,32.56072235107422,106398800
2005-01-12,32.705385167398106,32.85006004507069,32.34794757861277,32.83304214477539,127754900
2005-01-13,32.83304467870534,33.06282206139495,32.347950075104954,32.39901351928711,101982400
2005-01-14,32.50966016150569,32.78199212806978,32.501147961420685,32.70539855957031,93460900
2005-01-18,32.577735395512555,33.011766617432244,32.52667519042966,32.95219421386719,91760400
2005-01-19,32.96068902476167,32.97771016797089,32.39049533628297,32.40751647949219,104981000
2005-01-20,32.041586078622686,32.17775204610339,31.760741944564046,31.786272048950195,120963900
2005-01-21,31.896902856625065,31.9564752550528,31.479896067630904,31.530956268310547,138569200
2005-01-24,31.59053541677022,31.658620027493864,31.028850364111825,31.088422775268555,137499000
2005-01-25,31.292682583198985,31.56501461344623,31.199067839091395,31.241619110107422,119171300
2005-01-26,31.454379949186077,31.73522419255842,31.335235087071993,31.616079330444336,107465800
2005-01-27,31.565011705562615,31.718198864271265,31.37778223459569,31.57352066040039,103654700
2005-01-28,31.67562873224551,31.718179973999487,31.165004091842857,31.42031478881836,111648600
2005-01-31,31.794801748213985,31.939476747969685,31.709695942662513,31.82884407043457,89139900
2005-02-01,31.905420060449334,32.0415860277137,31.803293150161505,31.930950164794922,76610300
2005-02-02,32.03309110475932,32.109684705557385,31.752250066136078,31.982030868530273,100160500
2005-02-03,31.81181778198233,31.83734789630563,31.488422265919816,31.616079330444336,90157900
2005-02-04,31.61606832346894,32.186262321205874,31.61606832346894,32.12668991088867,99302000
2005-02-07,32.16924871708671,32.262863454252134,31.930959019904634,32.05861282348633,71551400
2005-02-08,32.050094714994195,32.34795675140244,32.016052411846765,32.11817932128906,72821700
2005-02-09,32.143702798888064,32.169232897759166,31.539466651623723,31.58201789855957,93276600
2005-02-10,31.70969083178111,31.76075430688172,31.386298562172602,31.616079330444336,110373000
2005-02-11,31.513939748737553,32.2117907297946,31.428837237468237,32.084136962890625,108684100
2005-02-14,32.08413824714732,32.28838558095033,32.07562604780804,32.22881317138672,54908900
2005-02-15,32.254340321704134,32.747940655538734,32.18625572589124,32.441566467285156,131406500
2005-02-16,32.3649847363717,32.47562062173366,32.19477967760365,32.32243347167969,80273900
2005-02-17,32.38202665760806,32.45862028175329,31.854383494860603,31.888425827026367,115628300
2005-02-18,31.896907912044757,31.973501471655954,31.709678489338998,31.786272048950195,69158800
2005-02-22,31.513946935033225,31.956487236744476,31.30969956283015,31.39480209350586,121232000
2005-02-23,31.522443610579195,31.547973707917166,31.233090603758743,31.43733787536621,95010100
2005-02-24,31.360745560718062,31.862858055487575,31.284152019263324,31.83732795715332,99334600
2005-02-25,31.811808711533303,32.08414067484564,31.73521514394839,32.016056060791016,79988700
2005-02-28,31.879897036778118,31.999041890923454,31.420335530971425,31.675649642944336,95731300
2005-03-01,31.80330627731258,32.084150526846436,31.769267206286056,32.02457809448242,78460600
2005-03-02,31.837348574443062,32.35648255310115,31.794797300846547,32.0075569152832,107270600
2005-03-03,32.09262143715837,32.1096425757201,31.505406765804842,31.743696212768555,89793800
2005-03-04,31.999031525200735,32.12668853983415,31.82882650095983,31.930950164794922,86622300
2005-03-07,31.999041879961243,32.58626044155322,31.9650028119698,32.39052200317383,93563900
2005-03-08,32.34796051590615,32.51816880499864,32.04158949128338,32.06711959838867,89595200
2005-03-09,32.05860371699144,32.279875441338255,31.888398693897237,31.973501205444336,98063000
2005-03-10,32.007543724284425,32.0586039329756,31.5564945664311,31.930950164794922,97043600
2005-03-11,32.07561965917637,32.18625550338136,31.50542578222024,31.633079528808594,102857500
2005-03-14,31.692668462682036,31.7947921520668,31.51394794819176,31.77777099609375,65576200
2005-03-15,31.845830046716625,31.896893478835686,31.479886812442828,31.522438049316406,93856300
2005-03-16,31.411791102859056,31.641571596275757,31.08839597362998,31.164989471435547,159578000
2005-03-17,31.156516568075364,31.394806282928233,31.096944139362147,31.241619110107422,100429600
2005-03-18,31.275642582179252,31.309684877063418,30.935226126241428,31.071392059326172,108899400
2005-03-21,31.14799553703478,31.275652560352096,30.850133477898325,31.130977630615234,92752500
2005-03-22,31.15650664327254,31.275651462745785,30.730987575752188,30.748008728027344,114016300
2005-03-23,30.713958155666937,31.05437461662854,30.69693700797366,30.858633041381836,97444900
2005-03-24,30.96926535171175,31.190537000076326,30.867141723632812,30.867141723632812,77566800
2005-03-28,30.986286330076645,31.156494540256467,30.901183848212526,30.926713943481445,59739000
2005-03-29,30.867141925215794,31.13096481646523,30.58629788810011,30.679912567138672,119554300
2005-03-30,30.83310603487244,31.301176280791633,30.824597083398547,31.258625030517578,114711000
2005-03-31,31.258610036263793,31.275631177499104,31.011808358027867,31.12244415283203,86578900
2005-04-01,31.335212039246958,31.386275476789145,30.747997116544106,30.80756950378418,143814300
2005-04-04,30.850140906299274,31.148003037157906,30.662911426071705,31.028858184814453,100090300
2005-04-05,31.05437832854896,31.20756218319453,30.994802681275445,31.113950729370117,66266600
2005-04-06,31.199060805593433,31.411820359163073,30.994810205727198,31.062894821166992,82168900
2005-04-07,31.088412477122596,31.445850072113434,31.071391330079997,31.43733787536621,88618000
2005-04-08,31.488409681418634,31.547982088667265,31.14799314303843,31.182035446166992,92332900
2005-04-11,31.275642820416536,31.301172918548172,30.97778085404097,31.045862197875977,70976000
2005-04-12,31.011815829031608,31.267129762617806,30.560766840211965,31.199045181274414,144848500
2005-04-13,31.11393237278592,31.147971405706848,30.620329061252374,30.688413619995117,108995500
2005-04-14,30.68843919019253,30.722478251475458,30.21185662124691,30.25440788269043,158057900
2005-04-15,29.990580569512872,30.101213172144934,29.51399812045515,29.565061569213867,170013300
2005-04-18,29.539529857755447,29.786331670747387,29.479957454130155,29.573572158813477,110084000
2005-04-19,29.80335259688188,29.871433952032827,29.573571936149015,29.777822494506836,96922100
2005-04-20,29.96503942028445,30.03312400090308,29.437396906296026,29.5310115814209,140457400
2005-04-21,29.888476042541832,30.390588968567847,29.752309990388408,30.313995361328125,124505100
2005-04-22,30.177805810156634,30.186318007918704,29.633142025664704,29.86292266845703,114996800
2005-04-25,30.041641352487485,30.177807305356993,29.913987597801793,30.109725952148438,72170100
2005-04-26,30.03314045410174,30.382066004797046,29.82038089278867,29.828889846801758,104958800
2005-04-27,29.67569869237363,29.999094090870656,29.556553873572835,29.871437072753906,112539300
2005-04-28,29.718247068631328,29.91398867648874,29.548042056246214,29.573572158813477,98181900
2005-04-29,29.78633305622796,29.837396510190167,29.233157000888376,29.769311904907227,144435900
2005-05-02,29.871437099758648,30.007603070861627,29.69271987139589,29.888458251953125,67648800
2005-05-03,29.82888362575975,30.152279000515954,29.811862474830207,30.041643142700195,103428700
2005-05-04,30.033148458541458,30.492710012608896,29.990597184228726,30.407604217529297,90480600
2005-05-05,30.42460414780075,30.569279028808083,30.23737477571892,30.43311309814453,79341700
2005-05-06,30.611845159869823,30.654396420672345,30.399085609404125,30.518230438232422,77310200
2005-05-09,30.52671977097332,30.68841900312617,30.348002642600076,30.662885665893555,66298400
2005-05-10,30.518221046897143,30.603323542313692,30.313970512864476,30.441627502441406,77194700
2005-05-11,30.484182261288243,30.662899470118738,30.041642091956206,30.594818115234375,131952400
2005-05-12,30.662891657367872,30.807569775119163,30.348008572546803,30.50970458984375,116602200
2005-05-13,30.62886566764358,31.037363606349796,30.54375990137997,30.841625213623047,133273500
2005-05-16,30.841614919919,31.096925640591195,30.74800023150041,31.045862197875977,79093200
2005-05-17,30.935226143643977,31.267133649273433,30.81608135793429,31.233091354370117,91665900
2005-05-18,31.318208038641146,31.794790643919853,31.24161446362231,31.65862464904785,128105900
2005-05-19,31.73519822050434,31.930936511850316,31.658604693764495,31.92242431640625,92619700
2005-05-20,31.87139255696667,32.07563997948212,31.786286758873356,32.05010986328125,66530100
2005-05-23,32.05010350695444,32.33094771528266,31.9990400382256,32.21179962158203,93068200
2005-05-24,32.135179623497734,32.33943008404591,32.08411944319889,32.313899993896484,100830000
2005-05-25,32.20326064764186,32.23730292839443,31.990501262614224,32.177730560302734,76470600
2005-05-26,32.32242718436502,32.5692290166059,32.32242718436502,32.50114440917969,84066800
2005-05-27,32.45860460318379,32.552219348192914,32.35648090247106,32.5181770324707,50076900
2005-05-31,32.5011278974662,32.5436823787148,32.27134733381846,32.40751647949219,75281500
2005-06-01,32.36497814872681,32.91815421648841,32.3564691961017,32.67135238647461,110875700
2005-06-02,32.62028224541993,32.901123046875,32.59474890241365,32.901123046875,75926500
2005-06-03,32.875601486557926,32.88411043880156,32.35646774547637,32.4245491027832,96998400
2005-06-06,32.44157245990236,32.50114486901676,32.30540648957617,32.43306350708008,52681400
2005-06-07,32.46709496771774,32.73942681741507,32.118169582389804,32.16072082519531,108953400
2005-06-08,32.23732189287693,32.29689429601371,31.964989979550932,32.09264373779297,79211900
2005-06-09,32.05006955093879,32.39048582223045,31.913903691712157,32.296871185302734,99383300
2005-06-10,32.254351084689056,32.254351084689056,31.811810803590223,31.956485748291016,85971700
2005-06-13,31.89689782777012,32.29688665111044,31.87987668140971,32.109657287597656,82331300
2005-06-14,32.07564238376836,32.20329946724996,31.91394622495222,31.982030868530273,62593600
2005-06-15,32.1947728247029,32.228811881339006,31.701169169273292,32.084136962890625,103952000
2005-06-16,32.118182774107474,32.3394512754475,32.05009816049327,32.25434875488281,90450100
2005-06-17,32.46305302725279,32.54823423208215,32.15639549073961,32.25861358642578,83915700
2005-06-20,32.130841779181736,32.437499315694915,32.01158679263876,32.25861358642578,67580000
2005-06-21,32.23303363178968,32.37784221199214,32.11377874234012,32.24155044555664,97845600
2005-06-22,32.369307679385855,32.45448876823572,32.054133751301066,32.207462310791016,75221100
2005-06-23,32.25859733478023,32.522664135843804,31.79861451120112,31.849721908569336,122163300
2005-06-24,31.84120081215251,31.866754507401758,31.483432831400016,31.491952896118164,142144100
2005-06-27,31.474937308292795,31.568638586863862,31.261981038614838,31.3471622467041,72780800
2005-06-28,31.474932365272355,31.738996018551738,31.432341767916416,31.64529800415039,73330300
2005-06-29,31.73048101099872,31.73899783117459,31.49197105262067,31.577152252197266,71513600
2005-06-30,31.63678143538622,31.696408928172737,31.30457019001715,31.330123901367188,87803700
2005-07-01,31.398255656797595,31.517510582331774,31.24492696698136,31.287517547607422,55254800
2005-07-05,31.176781287354377,31.67935796723442,31.176781287354377,31.61121368408203,79288700
2005-07-06,31.543070735567763,31.75602693172894,31.39826208191593,31.457889556884766,79101000
2005-07-07,31.159743383176963,31.594172470912394,31.13418643722587,31.568618774414062,119466300
2005-07-08,31.585684537493215,32.20751663336653,31.509020128442767,32.17344284057617,101320700
2005-07-11,32.25859385651254,32.50562374866648,32.19896639971024,32.47154998779297,96283700
2005-07-12,32.47155685219064,32.76117738193511,32.37785561470664,32.62488555908203,86059300
2005-07-13,32.64192206131935,32.73562329770736,32.514147057253275,32.7015495300293,72135400
2005-07-14,32.940065047414144,33.118950733639956,32.81229327091444,33.02524948120117,99135200
2005-07-15,33.07636069745347,33.22116936314467,32.92303196351341,33.12746810913086,67239200
2005-07-18,33.042268163851915,33.12744930125587,32.95708377699586,32.99115753173828,58644000
2005-07-19,33.14450715874184,33.39153716281358,33.08487967492509,33.3745002746582,77860900
2005-07-20,33.17004600251636,33.7066963658444,33.135975490927,33.61299514770508,91433100
2005-07-21,33.69817005331704,33.808904871316834,33.40002960240153,33.62150573730469,127286000
2005-07-22,33.63002145312787,33.72372264180247,33.408548574902916,33.57891082763672,71666600
2005-07-25,33.61300980696006,33.757821729817636,33.39153676250356,33.45116424560547,51872700
2005-07-26,33.553357139616985,33.67261201631132,33.3829916374315,33.57891082763672,67324900
2005-07-27,33.60448721201496,33.86855080623688,33.417084726216,33.83448028564453,78351100
2005-07-28,33.86003841269213,34.004847080127995,33.7663371575494,33.99633026123047,66163700
2005-07-29,33.962244242750735,34.00483482079169,33.66410694701119,33.71521759033203,74725700
2005-08-01,33.766340312932385,33.928189132195655,33.664122229340094,33.77486038208008,59748300
2005-08-02,33.81744942463829,34.19225121354737,33.774858829220875,34.141143798828125,79284100
2005-08-03,33.99631332138104,34.18371573828671,33.970759627967496,34.124088287353516,61916400
2005-08-04,33.970763368531294,34.02187076098589,33.70669659285589,33.79187774658203,72035500
2005-08-05,33.74078499193024,33.89411373471826,33.58745624914223,33.63004684448242,66029500
2005-08-08,33.664103051724815,33.74076738310881,33.340408847053226,33.382999420166016,63415400
2005-08-09,33.53632940947293,33.72373183792489,33.48522201949699,33.60447692871094,62143600
2005-08-10,33.68965524413372,33.808910143315245,33.19559876903136,33.31485366821289,102317500
2005-08-11,33.331890003450184,33.681137880841824,33.3063330615761,33.58743667602539,92446700
2005-08-12,33.323390557489134,33.4937561944318,33.19561876687282,33.400054931640625,86367300
2005-08-15,33.340410165842506,33.75780559754389,33.28930277586657,33.60447692871094,63061100
2005-08-16,33.476714698313636,33.50227165248283,32.99969487987261,33.059322357177734,94596000
2005-08-17,33.153012471195595,33.365968625042804,33.042277610801236,33.25523376464844,74470500
2005-08-18,33.11041544903659,33.30633468252765,33.025234303850006,33.084861755371094,72559400
2005-08-19,33.1274680560025,33.221169309866035,33.04228687037416,33.067840576171875,52024300
2005-08-22,33.11893551322669,33.37448219823883,32.88042245768994,33.084861755371094,88056300
2005-08-23,33.0848587325539,33.15300299258664,32.88893951696311,32.99115753173828,57482900
2005-08-24,32.92302493980704,33.37449097706386,32.761176172146484,32.795249938964844,95025700
2005-08-25,32.854880839419884,32.95709890110322,32.78673654811553,32.871917724609375,52328800
2005-08-26,32.8208007101749,32.88042817205879,32.59932774452803,32.761173248291016,63840700
2005-08-29,32.59081505229215,33.09339180862708,32.59081505229215,33.016727447509766,74940400
2005-08-30,32.84637640030796,32.931557608903894,32.641936950440964,32.897483825683594,87373600
2005-08-31,32.9144925955768,33.22966669744687,32.77820082859634,33.2041130065918,93426300
2005-09-01,33.22117796132061,33.348953022492225,33.0337754047902,33.15303039550781,74884400
2005-09-02,33.2211688047305,33.24672251013966,32.99969577579201,33.02524948120117,53244900
2005-09-06,33.17858058665839,33.57041926175508,33.13598999144425,33.51079177856445,78106600
2005-09-07,33.47671424819121,33.63004297332956,33.400049885622025,33.57041549682617,57440100
2005-09-08,33.46820364120171,33.70671359147998,33.451166751974064,33.56190490722656,73529700
2005-09-09,33.57040428186093,33.80891410819479,33.48522312944246,33.74928665161133,75342100
2005-09-12,33.75780971525896,33.953728982787254,33.715219135266366,33.84299087524414,51689900
2005-09-13,33.800399263995885,33.99631852554665,33.681144343873925,33.757808685302734,66145800
2005-09-14,33.774859022674185,33.80041273018018,33.34894656715221,33.3745002746582,98644000
2005-09-15,33.442629731388486,33.51077725375676,33.263747359350845,33.35744857788086,80421500
2005-09-16,33.434129862746424,33.613012325455124,33.31487488760729,33.56190490722656,71034100
2005-09-19,33.49375564567612,33.544866310757804,33.14450755792007,33.29783630371094,73387500
2005-09-20,33.357437283216264,33.68113140595888,33.05930009743465,33.16151809692383,115202800
2005-09-21,33.067833574605174,33.11042415840149,32.7696962385777,32.795249938964844,116404300
2005-09-22,32.74412423975409,32.99115406147401,32.573761982866195,32.91448974609375,118686100
2005-09-23,32.79524545977193,33.11893970142945,32.71858111962811,33.008201599121094,70154000
2005-09-26,33.19561312308598,33.24672053086172,32.83784502138725,33.016727447509766,69327600
2005-09-27,33.04227331262649,33.135974528042986,32.803760241715594,32.9400520324707,64089500
2005-09-28,33.01672216347237,33.17857092740296,32.84635983221329,32.948577880859375,72044500
2005-09-29,32.90599677985356,33.40005353188228,32.75266803797641,33.391536712646484,117634600
2005-09-30,33.36596525432917,33.63003202822611,33.33189474273981,33.61299514770508,79248500
2005-10-03,33.68115570931875,33.860038149864174,33.65559875391657,33.69819259643555,81685600
2005-10-04,33.7493218474233,33.970798273804476,33.46822115173159,33.47673797607422,85348600
2005-10-05,33.4852336818121,33.51078738569997,32.99117374362189,33.016727447509766,106152200
2005-10-06,32.99116220113972,33.10190029499985,32.30118319248397,32.5822868347168,162213700
2005-10-07,32.71006908577739,32.854877721967405,32.52266661592841,32.658958435058594,91119900
2005-10-10,32.59933842842781,32.761183985233025,32.42045598415035,32.48008346557617,64012000
2005-10-11,32.57377200878986,32.57377200878986,32.19896712959058,32.31822204589844,114736900
2005-10-12,32.130846385452564,32.420467072628895,31.8838163067967,31.934926986694336,146109500
2005-10-13,31.917874577255215,32.292676299271236,31.798619631588917,32.18193817138672,138569600
2005-10-14,32.26711960175258,32.42896512021399,32.06268024997474,32.420448303222656,131463200
2005-10-17,32.42896949902638,32.531187563990954,32.216013301502194,32.52267074584961,64080400
2005-10-18,32.48857512485059,32.522648873407746,32.29265594482422,32.29265594482422,88070400
2005-10-19,32.13082135267935,32.9400520324707,32.037120137262846,32.9400520324707,132879900
2005-10-20,32.974123982136035,33.093378886317694,32.45451054295672,32.63339614868164,132576900
2005-10-21,32.94005908652855,33.00820662122609,32.65044181242393,32.83784103393555,110032000
2005-10-24,32.99116376878319,33.374485458472925,32.76969081999174,33.35744857788086,110820900
2005-10-25,33.297822818812726,33.38300397666482,33.025239214342584,33.22967529296875,86665800
2005-10-26,33.20413101650339,33.451160993598236,33.01672851671367,33.059322357177734,89878100
2005-10-27,33.033762197766634,33.050799082408425,32.394893646240234,32.394893646240234,132231100
2005-10-28,32.5056377736187,32.70155710899415,32.30119836962244,32.641929626464844,95243900
2005-10-31,32.75266301325424,33.263756574799665,32.727106060559436,33.11042785644531,115279100
2005-11-01,33.03375111858771,33.22967035207876,32.97412366706662,33.084861755371094,73502300
2005-11-02,32.991186955235705,33.6130189113371,32.97415006266998,33.519317626953125,101409900
2005-11-03,33.85150356189212,34.149640806304646,33.80039292737044,34.02186584472656,137054000
2005-11-04,34.072996246596944,34.26891558508038,33.93670439158872,34.141143798828125,100944500
2005-11-07,34.25187537526996,34.32002292089218,34.03040235090539,34.18373107910156,65324500
2005-11-08,34.14113426824868,34.37112406919136,34.06446991811671,34.19224166870117,78859700
2005-11-09,34.175204340529184,34.35408998814399,34.09853999139518,34.20927810668945,72458800
2005-11-10,34.226322497030175,34.660751737775875,34.004846217862635,34.58408737182617,120763100
2005-11-11,34.72890226028876,34.856674048181944,34.652237887771186,34.677791595458984,80057200
2005-11-14,34.72890226028876,34.80556663280635,34.58409033466481,34.677791595458984,53652400
2005-11-15,34.69482788420215,34.83963980732373,34.39669046814909,34.51594543457031,79543500
2005-11-16,34.6096231359923,34.737394834707125,34.46481131143988,34.728878021240234,65895700
2005-11-17,34.848149727134626,35.19739773798798,34.79703907330725,35.188880920410156,94425500
2005-11-18,35.36775581566236,35.47849391735271,35.15479967750167,35.308128356933594,108820200
2005-11-21,35.26555401361983,35.41888276363634,35.12926215243341,35.39332580566406,69731400
2005-11-22,35.325183546557184,35.665911594538045,35.23148227728974,35.52110290527344,88814000
2005-11-23,35.54663475406916,35.79366463031353,35.52959787472964,35.60626220703125,64101200
2005-11-25,35.64033941493136,35.72552057042021,35.54663819422195,35.68292999267578,22930200
2005-11-28,35.776626981204394,35.776626981204394,35.350714755237675,35.384788513183594,74716200
2005-11-29,35.580724337162465,35.64886863537504,35.214439392089844,35.214439392089844,77443000
2005-11-30,35.16332390715624,35.34220957051186,35.086659551276256,35.12925338745117,88044400
2005-12-01,35.35924010651123,35.81922620147482,35.350723289694805,35.785152435302734,91914100
2005-12-02,35.725515154129916,35.887363874255,35.66588770443719,35.87032699584961,72929200
2005-12-05,35.82773838899257,35.82773838899257,35.46145360682402,35.60626220703125,61519900
2005-12-06,35.80218925136082,36.04070236466569,35.691454385688644,35.72552490234375,81509400
2005-12-07,35.7766417323136,35.80219543658291,35.46146746499503,35.657386779785156,83885500
2005-12-08,35.74256818367807,35.776641955885914,35.15481023563473,35.40184020996094,112043200
2005-12-09,35.401843675843715,35.58072612326704,35.24851493535112,35.53813552856445,56526900
2005-12-12,35.665897369384766,35.72552483523568,35.50405185485416,35.665897369384766,44863600
2005-12-13,35.62331981872586,35.95553103555841,35.572209150961484,35.81072235107422,76611600
2005-12-14,35.73405788345795,35.861829678363044,35.52961846237369,35.69146728515625,73581600
2005-12-15,35.77664089239009,35.83626836725445,35.44442974687334,35.7510871887207,72607200
2005-12-16,35.743399662153465,35.81170833461286,35.478695820304566,35.50431442260742,63743000
2005-12-19,35.58117144757088,35.61532742299636,34.923686835742465,34.94076156616211,75341700
2005-12-20,34.966373443603516,35.13715003055478,34.795596856652246,34.966373443603516,70257700
2005-12-21,35.02615173613328,35.35916435549906,34.966380407390346,35.120079040527344,68935000
2005-12-22,35.102994379320144,35.40185096621958,35.09445375838445,35.35062026977539,59149500
2005-12-23,35.44454429902057,35.51285623733615,35.265230346880905,35.35062026977539,38000400
2005-12-27,35.45309006693263,35.589710706105485,34.98345682335675,35.04322814941406,55656300
2005-12-28,35.060305382388925,35.205463383322325,34.89806613747171,35.00053405761719,50302400
2005-12-29,35.03468584241523,35.11153515183508,34.71021387579171,34.76998519897461,47301700
2005-12-30,34.6162695093789,34.650425465009036,34.462570966334496,34.50526428222656,60026500
2006-01-03,34.710201434616515,35.42746031301711,34.29179906501131,35.27376174926758,109350400
2006-01-04,35.35914082075604,35.64092254638672,35.28229155533776,35.64092254638672,92769400
2006-01-05,35.64947018748437,35.862940068846555,35.61531422471637,35.79462814331055,77656900
2006-01-06,36.084945733949915,36.460654793381174,35.914172442163064,36.44357681274414,110053900
2006-01-09,36.44358332706595,36.648512616758154,36.306962714840374,36.588741302490234,80768800
2006-01-10,36.42651383165116,36.64852115676628,36.33258652811639,36.6143684387207,84369400
2006-01-11,36.716834689326845,36.98153862366616,36.605829393340265,36.896148681640625,100761400
2006-01-12,36.853448015375086,36.964453289301545,36.588744133640475,36.716827392578125,82429200
2006-01-13,36.665585400989485,36.75951266931729,36.4862714836138,36.69974136352539,64572100
2006-01-17,36.41794664804308,36.53748920655581,36.28986347404206,36.46063995361328,77962100
2006-01-18,35.88855682041662,36.255725291349314,35.880019458035584,36.04225540161133,121021900
2006-01-19,36.22156353356358,36.56311660542939,36.110561553904965,36.30695343017578,111094000
2006-01-20,36.25571988068493,36.281338478588836,35.13713991005736,35.22252655029297,188569400
2006-01-23,35.31645374013425,35.39330301911322,35.077368542107024,35.23106384277344,111381900
2006-01-24,35.31645695817858,35.606776121076244,35.273763634253704,35.384765625,77956900
2006-01-25,35.555538938161476,35.58115427872396,35.077368542107024,35.23106384277344,99826400
2006-01-26,35.436005399518166,35.59824136004733,35.205457503634165,35.47869873046875,112600600
2006-01-27,35.69215203354151,36.19594092182716,35.64092136315741,35.95685577392578,110830400
2006-01-30,36.01663582587781,36.13617842892028,35.922708564261114,36.02517318725586,53942600
2006-01-31,36.00809970454152,36.093489615445186,35.70070579716447,35.86294174194336,100988100
2006-02-01,35.64094109040189,36.008106374780176,35.60678511971328,35.991031646728516,89168700
2006-02-02,35.871476754144695,35.931251316506945,35.35915035145772,35.37622833251953,94047400
2006-02-03,35.1115381859964,35.205465489769914,34.82121890946603,34.94076156616211,121094200
2006-02-06,34.769967745757164,35.017590278663626,34.65896251958387,34.84681701660156,58162800
2006-02-07,34.787046299135575,34.94928220369596,34.53087988722065,34.693119049072266,87327000
2006-02-08,34.940764702471014,35.137159950149545,34.74437271208587,35.09446334838867,89907800
2006-02-09,35.188387831429594,35.32500847711721,34.69313921229689,34.76144790649414,78213400
2006-02-10,34.735817891972935,35.060293010010895,34.3771868126064,34.97490310668945,102575900
2006-02-13,34.75289560521421,34.787051566279956,34.41134250914021,34.57358169555664,70643100
2006-02-14,34.641908852625356,35.02615547650071,34.5052881927245,34.92369079589844,94340300
2006-02-15,34.82975253726628,35.231073767394264,34.77851858441714,35.145687103271484,92254300
2006-02-16,35.27375812866182,35.4786873544322,35.137137559051126,35.470149993896484,103859600
2006-02-17,35.40184727943759,35.40184727943759,35.17984001761699,35.188377380371094,81770200
2006-02-21,35.18836551774479,35.23959944887405,34.6760392356164,34.79558181762695,85101400
2006-02-22,34.821202107316104,35.47015229809219,34.735815467246816,35.23106384277344,91983900
2006-02-23,35.171298703728596,35.47015851090123,35.07737468611764,35.13714599609375,66517100
2006-02-24,35.17129254326663,35.25668244062744,35.01759398530869,35.23106384277344,57085400
2006-02-27,35.31647356116969,35.751950881597004,35.29085820623083,35.623870849609375,64945000
2006-02-28,35.529943930919835,35.623871243124334,34.98346130423189,35.09446334838867,117564600
2006-03-01,35.205451940563385,35.666547659470275,35.137143273294875,35.5726203918457,80962300
2006-03-02,35.47870107589758,35.72632697199036,35.359158438416266,35.598243713378906,69856500
2006-03-03,35.393306732177734,35.87147717839641,35.34207278838636,35.393306732177734,112066100
2006-03-06,35.4701572456102,35.54700653530842,34.97490554371239,35.08591079711914,99581000
2006-03-07,35.02614650620579,35.068839840748396,34.71021192183933,34.880985260009766,96441100
2006-03-08,34.80414778147365,35.08592974833199,34.58214041203772,34.898075103759766,103961900
2006-03-09,35.00906687252726,35.13715012741691,34.55651168455745,34.599205017089844,108556700
2006-03-10,34.565042262536515,34.82974608394017,34.317416422251654,34.63335418701172,124474900
2006-03-13,34.78705089617811,34.957824183633775,34.684583014954704,34.735816955566406,69169100
2006-03-14,34.70167274691491,35.36769791395878,34.70167274691491,35.32500457763672,118201000
2006-03-15,35.461631582214345,35.623870849609375,35.282317583055644,35.623870849609375,84375800
2006-03-16,35.73486646945546,35.7946377917649,35.29085186295473,35.32500457763672,101371200
2006-03-17,35.32413202080064,35.537751589562234,35.23013888901338,35.41812515258789,78219600
2006-03-20,35.52068722848625,35.614680428003325,35.37542738165316,35.503597259521484,60240100
2006-03-21,35.12760925292969,35.896637894562915,35.10197594274822,35.12760925292969,136566000
2006-03-22,34.93107847535548,35.272867885193484,34.9139885159271,35.21305465698242,112282800
2006-03-23,35.11052322387695,35.221606346394324,34.87981362768408,35.11052322387695,75158200
2006-03-24,35.230145723766306,35.460855293936284,35.05070603349296,35.28995895385742,81795500
2006-03-27,35.272859683368246,35.46938928173174,35.2386830320349,35.29849624633789,54400400
2006-03-28,35.366867475660705,35.606120432093846,35.02507800355294,35.15324783325195,100522800
2006-03-29,35.20452168716904,35.973550530736375,35.17888511067926,35.81974411010742,130669100
2006-03-30,35.89662910940144,36.144428579099014,35.7086461147824,35.930809020996094,115915600
2006-03-31,35.99917391033831,36.05044052536925,35.75137440576798,35.828277587890625,71074600
2006-04-03,36.01628053822007,36.204263646299516,35.80266085118337,35.87101745605469,80730700
2006-04-04,35.9308113752354,36.15297755558152,35.82827489330887,36.067527770996094,89952600
2006-04-05,36.14442759829462,36.46058362302661,36.06752442908136,36.40931701660156,91628200
2006-04-06,36.39224104945284,36.69130723380414,36.264067964972604,36.51186752319336,91712800
2006-04-07,36.64005413095414,36.7853139713731,36.14445483159455,36.16154479980469,116604300
2006-04-10,36.229889737922704,36.31533628417239,35.9650002292258,36.110260009765625,58981900
2006-04-11,36.22135012614718,36.255530055081934,35.64030437256612,35.81974411010742,91481900
2006-04-12,35.836820937203704,35.956450644620446,35.7171944893632,35.828277587890625,58751200
2006-04-13,35.8026557714396,36.1700818417779,35.70866260094693,35.973548889160156,63476900
2006-04-17,35.922263503961034,36.067523230104115,35.36685138259795,35.59756088256836,104072100
2006-04-18,35.69156942126918,36.36660825800373,35.69156942126918,36.281158447265625,124291700
2006-04-19,36.34952260442331,36.44351577758789,36.144446293920836,36.44351577758789,79050300
2006-04-20,36.434968436705226,36.58877485161031,36.212805426051936,36.31534194946289,81408000
2006-04-21,36.45205151734817,36.50332139916108,35.73428946985084,35.88809585571289,130181200
2006-04-24,35.845365190066815,35.94790167296546,35.64883557302107,35.85390853881836,78556400
2006-04-25,35.947912046566344,35.97354535979409,35.58903262307012,35.777015686035156,77660800
2006-04-26,35.76848220825195,35.93937861595692,35.63176573400356,35.76848220825195,82537000
2006-04-27,35.606117563908164,36.30679293337814,35.46085778336834,36.110260009765625,173950100
2006-04-28,35.88809127126135,36.07607755431808,35.70010498820462,35.759918212890625,88876600
2006-05-01,35.819737148883554,35.930820266544835,35.298508002022935,35.40958786010742,92875500
2006-05-02,35.56341052110903,35.6574037206261,35.37542738165316,35.503597259521484,85148100
2006-05-03,35.52066522872923,35.5804784532714,35.27286572158239,35.452308654785156,74971600
2006-05-04,35.48649742430795,35.879560082058504,35.48649742430795,35.74284362792969,88696800
2006-05-05,35.97354472059145,36.06753788019231,35.83682828651116,36.02481460571289,80392200
2006-05-08,35.95646539091751,36.12735852387484,35.947918778523096,36.05900192260742,45079100
2006-05-09,35.9735612658227,36.04192114409189,35.862481353002885,35.92229461669922,48528800
2006-05-10,35.82829115913797,35.8710144410388,35.503588349452194,35.60612487792969,92424200
2006-05-11,35.57195569213499,35.58904566040638,34.71747683603475,34.81147003173828,140989700
2006-05-12,34.65766650840363,34.708933157976034,34.332963602938555,34.34150695800781,153920800
2006-05-15,34.19622666197007,34.469659494823716,33.99969701708005,34.315853118896484,127896500
2006-05-16,34.32438396003478,34.40128711997261,33.98259467331413,34.05949783325195,132397500
2006-05-17,33.9057231255302,34.016806295581574,33.52120696733571,33.59811019897461,207897100
2006-05-18,33.74336236036195,33.88862216212204,33.324666399589006,33.36738967895508,139690900
2006-05-19,33.49556367895688,33.7262733052414,33.11104763514935,33.62373352050781,194306300
2006-05-22,33.333206968848366,33.529739904764064,32.9999608542055,33.29903030395508,169591800
2006-05-23,33.54682614631416,33.64936591831562,32.9572371254021,32.974327087402344,142243900
2006-05-24,32.92305079243836,33.35883658966994,32.6667079314896,33.19648361206055,234981600
2006-05-25,33.41865500048691,33.64936458901066,33.17085545063805,33.63227462768555,123510900
2006-05-26,33.70917106686715,33.820254163425375,33.52118478954955,33.743350982666016,91319600
2006-05-30,33.5810229466865,33.60665953235919,32.99143362947232,33.017066955566406,105606200
2006-05-31,33.07686331542539,33.375932758492745,32.931603529037744,33.17085647583008,137066200
2006-06-01,33.26486401685296,33.956993103027344,33.18796078505581,33.956993103027344,119357400
2006-06-02,34.14494995960462,34.179129871774585,33.589541054933775,33.871517181396484,128864100
2006-06-05,33.803172267052,33.803172267052,33.13667678833008,33.13667678833008,103190600
2006-06-06,33.19649621833852,33.28194604415499,32.769256867988844,33.11104965209961,127271000
2006-06-07,33.15377362710568,33.46992984028059,32.854707379450716,32.863250732421875,130754700
2006-06-08,32.70090566844507,32.94870531487801,32.034413214873254,32.811988830566406,280562200
2006-06-09,32.948682664136946,33.102489010699806,32.564166797729804,32.59834671020508,144146200
2006-06-12,32.64108657174607,32.69235320695651,31.94895766020752,31.957504272460938,145607500
2006-06-13,32.034414437815904,32.29930080276923,31.75243484464571,31.82933807373047,207099500
2006-06-14,31.923331600649824,32.22239790596443,31.786615109709114,32.1540412902832,201876800
2006-06-15,32.34202239150782,33.14523457733708,32.29929910195006,33.02560806274414,200700400
2006-06-16,32.96234030118637,33.07349826568803,32.66307262188161,32.782779693603516,120006100
2006-06-19,32.91956886597061,32.95377179826683,32.41508703080047,32.51769256591797,129450100
2006-06-20,32.56899679501512,32.90246722874141,32.44073743045679,32.560447692871094,102871700
2006-06-21,32.611737615128334,33.3385349947509,32.603188515924074,33.07346725463867,129548100
2006-06-22,32.996529541947666,33.07348452204364,32.4834985158223,32.65450668334961,143100500
2006-06-23,32.62884176348281,32.94521064842515,32.43217984788242,32.62029266357422,88050200
2006-06-26,32.63740086486545,32.82551373820296,32.55189679249637,32.705806732177734,65157700
2006-06-27,32.72289757530584,32.774201959133755,32.05595689439406,32.09015655517578,128227500
2006-06-28,32.16712751164561,32.35524041754676,31.961916397727848,32.32958984375,91576300
2006-06-29,32.474948077861725,33.31290054321289,32.40654545914526,33.31290054321289,181997200
2006-06-30,33.449707777453966,33.46680924692934,33.073485234311185,33.15044021606445,82719200
2006-07-03,33.25304286120137,33.34709930419922,33.18464025105753,33.34709930419922,21598500
2006-07-05,33.03926705627105,33.073469979445974,32.56898827881184,32.62029266357422,93724000
2006-07-06,32.72289852027893,32.90245897620666,32.50058277904148,32.586090087890625,70615200
2006-07-07,32.40654208872257,32.63740375693044,32.12437275371273,32.22697830200195,108063300
2006-07-10,32.31248812519839,32.432195151024146,31.782352351153186,31.944814682006836,105109800
2006-07-11,31.876407076146723,32.269734333396826,31.70539891238854,32.184226989746094,136114200
2006-07-12,32.115825678745544,32.184228294667896,31.500185826585454,31.57714080810547,154458900
2006-07-13,31.329161134600895,31.671183854772856,31.046995162963867,31.046995162963867,177745500
2006-07-14,31.03845845507645,31.106864338319166,30.602382365606296,30.73063850402832,172448500
2006-07-17,30.739189772939056,30.995705302397617,30.670783892138413,30.807592391967773,134311000
2006-07-18,30.970040254420752,31.064096665679276,30.388603586432048,30.910186767578125,206964900
2006-07-19,30.8845307555157,31.49162120469514,30.858880194906067,31.312057495117188,192517600
2006-07-20,31.42322237548207,31.465974406631947,30.816135052549473,30.850337982177734,152292100
2006-07-21,30.67932916969829,30.74773177292266,30.457013370233952,30.525419235229492,119343000
2006-07-24,30.64511567619515,31.149597340482284,30.610912755484485,31.132495880126953,130269300
2006-07-25,31.200902891295325,31.414666261096066,30.98713952149458,31.312057495117188,108869600
2006-07-26,31.218016850971487,31.525836780771012,30.978602799692663,31.286422729492188,107170500
2006-07-27,31.41467524549217,31.67119071026081,30.995697485678882,31.081201553344727,99698700
2006-07-28,31.235113912662765,31.756697246575254,31.20946334272325,31.731046676635742,93556100
2006-07-31,31.7053882947391,31.910599327235552,31.54292602709465,31.72248649597168,78015300
2006-08-01,31.440332058325538,31.46598263136596,31.004252746007886,31.192365646362305,98552800
2006-08-02,31.303526074151183,31.748154525852794,31.303526074151183,31.542940139770508,87370600
2006-08-03,31.226562573189238,31.927706369998283,31.192359641205595,31.739593505859375,99205600
2006-08-04,32.021765177446156,32.17567512101848,31.312068964110285,31.59423828125,123493800
2006-08-07,31.56004573838124,31.58569631683204,31.23512427699057,31.389034271240234,69634800
2006-08-08,31.474534996893933,31.551489977786947,31.004252746007886,31.192365646362305,124139900
2006-08-09,31.62843649395038,31.902053405725844,31.14960526745788,31.235109329223633,145342200
2006-08-10,31.14961944135115,31.53439441792149,31.047013868189843,31.457439422607422,102481300
2006-08-11,31.337718117467592,31.371917785111368,31.0983008733359,31.235109329223633,86903200
2006-08-14,31.500178281084462,31.867851631189115,31.380471285565925,31.440324783325195,109281100
2006-08-15,31.808003927529878,32.27828289349133,31.713947481983272,32.235530853271484,133712100
2006-08-16,32.47492647642266,33.01361101074862,32.35521952696572,32.99650955200195,135452100
2006-08-17,32.88537648069225,33.3300049578311,32.868275009059346,33.116241455078125,129492200
2006-08-18,33.030733010624274,33.201744442669685,32.73146218910186,33.16754150390625,97754500
2006-08-21,32.919563996563795,32.97086838741926,32.71434969491261,32.851158142089844,66668400
2006-08-22,32.799853393487666,33.18462812801644,32.66304496140747,32.85970687866211,102058600
2006-08-23,32.88537620608825,33.06493676407603,32.4236462611721,32.611759185791016,96056300
2006-08-24,32.705806732177734,32.79131080454681,32.423637422171474,32.705806732177734,78985300
2006-08-25,32.637384766425534,33.039260884231,32.543331637919906,32.76564407348633,73572900
2006-08-28,32.74000537409616,33.16753220344156,32.69725334351579,33.01362228393555,80035000
2006-08-29,32.98798531048966,33.141892031641376,32.645962401376025,33.116241455078125,104842000
2006-08-30,33.107671173529866,33.372735659866485,33.00506240936397,33.2701301574707,75687200
2006-08-31,33.31289399541654,33.37274749819344,33.14188258958055,33.235939025878906,61207200
2006-09-01,33.41548538208008,33.5266399654416,33.26157552321227,33.41548538208008,69388500
2006-09-05,33.43259763332473,33.75751894550685,33.21883421300483,33.74041748046875,85582800
2006-09-06,33.43259951201364,33.509554478123995,33.01362501123478,33.06492614746094,97888600
2006-09-07,32.962323326728615,33.26159411369233,32.79986427902012,32.9110221862793,115877400
2006-09-08,32.95377134297866,33.19318534220213,32.88536547933133,33.10768127441406,96627000
2006-09-11,32.842621531056984,33.475362878486834,32.76566654639351,33.31290054321289,142377500
2006-09-12,33.30433533762328,34.03112952668867,33.30433533762328,33.928524017333984,124102400
2006-09-13,33.95420175401019,34.18506678115565,33.88579911361873,34.15941619873047,116054300
2006-09-14,34.0738894402297,34.39026166513216,33.99693447495222,34.193599700927734,98116000
2006-09-15,34.47849337595204,34.615380566611805,34.221830301420994,34.315940856933594,137825600
2006-09-18,34.32449722290039,34.564052270652866,34.170498714933906,34.32449722290039,117806700
2006-09-19,34.41004867017046,34.43571399648378,33.81116603489336,34.0934944152832,159060800
2006-09-20,34.39293892445568,34.6838246025734,34.3843816395313,34.58971405029297,116635500
2006-09-21,34.67527903396936,34.79505495419773,34.290285937135046,34.37583923339844,121886900
2006-09-22,34.350177535484384,34.35873156055711,33.96518113422372,34.11062240600586,100996400
2006-09-25,34.2560422200838,34.786479510329094,33.94804532134555,34.70948028564453,136473400
2006-09-26,34.66672491594926,34.90627675575746,34.56406030798132,34.880611419677734,113375600
2006-09-27,34.79505730456779,35.03461242485528,34.649616038365814,34.83783721923828,113003800
2006-09-28,34.88060424613556,34.9832688329895,34.5897185303424,34.93193817138672,85943600
2006-09-29,34.99183681196613,35.01750215061044,34.75228168457156,34.777950286865234,85438200
2006-10-02,34.73516026322324,34.82071680655683,34.290279292482246,34.341609954833984,97068800
2006-10-03,34.23894763554045,34.63249797001078,34.11917173058414,34.487056732177734,116261400
2006-10-04,34.42715768443761,35.34259125003126,34.341601163007425,35.33403396606445,149209500
2006-10-05,35.33404003271724,35.55648376298045,35.231375453021684,35.505149841308594,91799900
2006-10-06,35.385373541265565,35.55648334785922,35.282708962768616,35.42815017700195,85450400
2006-10-09,35.38539051599872,35.7104989781197,35.35116788553342,35.547943115234375,62786100
2006-10-10,35.590695855689425,35.719029001873714,35.34259011065927,35.60780715942383,98181800
2006-10-11,35.44526473972268,35.78748438434334,35.22282099162474,35.53937530517578,136561300
2006-10-12,35.727595947473894,36.14681488151342,35.67626528134772,36.10403823852539,95260200
2006-10-13,36.1297019397059,36.377811026938204,36.052702680345824,36.300811767578125,80470200
2006-10-16,36.300803177148005,36.46335568015258,36.27513785131774,36.335025787353516,62017400
2006-10-17,36.07836740786193,36.104036002984294,35.72759373524189,35.932926177978516,146149100
2006-10-18,36.1211412008192,36.19814044586253,35.633480403427434,35.761810302734375,120366100
2006-10-19,35.667687867911354,36.02701864627386,35.58213463021147,35.847354888916016,108198400
2006-10-20,35.96714879570936,36.00137141344021,35.624929145697806,35.932926177978516,105454300
2006-10-23,35.864481543321524,36.429144954394424,35.77892826120967,36.300811767578125,126960500
2006-10-24,36.17246827963654,36.317912734185526,35.86447132990701,36.05269241333008,103541700
2006-10-25,36.069813989497895,36.377811026938204,35.975703420985745,36.300811767578125,125399500
2006-10-26,36.42914651667432,36.72002899378866,36.12114946602543,36.63447570800781,130260700
2006-10-27,36.548924876763884,36.63447816829028,36.00137597823765,36.11259460449219,129375000
2006-10-30,36.06981535322781,36.48903428418219,35.984262067881346,36.343589782714844,103899900
2006-10-31,36.41202306471658,36.58312957922053,36.19813665793907,36.429134368896484,135811800
2006-11-01,36.55747426514842,36.59169688287927,35.77892766183816,35.932926177978516,148960600
2006-11-02,35.770380263622066,36.052708753065424,35.71049230332654,35.96715545654297,100216400
2006-11-03,36.018472819284824,36.095472063161544,35.59925725212656,35.87303161621094,119263300
2006-11-06,35.99281653767234,36.54036540344217,35.98426251449098,36.39492416381836,101283300
2006-11-07,36.394934348940886,36.86548408316714,36.3350463789657,36.643043518066406,139706500
2006-11-08,36.437705061266165,36.959588654775196,36.33504045286,36.814144134521484,180245700
2006-11-09,37.0109253634927,37.08792464826788,36.506152999666455,36.643043518066406,124278000
2006-11-10,36.65159156590763,36.82270142235062,36.506147045653925,36.814144134521484,82419400
2006-11-13,36.831258846717276,37.25047787052158,36.78848219456974,37.190589904785156,89146200
2006-11-14,37.21623680334449,37.61834431432262,36.99379636420308,37.58412170410156,121962800
2006-11-15,37.635456463397176,37.986230066909705,37.5755652623434,37.738121032714844,116565900
2006-11-16,37.866450302175174,38.00333748021735,37.661121166935786,37.900672912597656,113513200
2006-11-17,37.69534377735827,37.900672912597656,37.601233230520315,37.900672912597656,95162500
2006-11-20,37.78090125518863,38.0546756418195,37.65256808360936,37.97767639160156,107184100
2006-11-21,38.00333836776759,38.08033761119258,37.85789716554696,38.02900695800781,68092200
2006-11-22,38.14023621009198,38.28567744052147,37.866458530865735,38.2685661315918,69852700
2006-11-24,37.98623258119133,38.379782842664376,37.9691212745645,38.20011901855469,51762900
2006-11-27,38.08033374774218,38.16589026711637,37.33600997924805,37.33600997924805,159506300
2006-11-28,37.22477623303514,37.50710776122146,37.079335092075986,37.44721984863281,118268400
2006-11-29,37.64401525324933,37.79801375855903,37.35312955029193,37.70390319824219,139515500
2006-11-30,37.68678812149318,37.8835632444541,37.464347671430204,37.6782341003418,123457100
2006-12-01,37.64402373849595,37.94346353095622,37.01091826688843,37.3531379699707,144559600
2006-12-04,37.464350777712106,38.05467619554051,37.464350777712106,37.866455078125,89782400
2006-12-05,37.977676345978914,38.114563539129904,37.80656653862815,38.00334167480469,84697500
2006-12-06,37.883566385494426,37.98623422971098,37.70390255358772,37.866455078125,78207500
2006-12-07,37.93490077776124,38.054676667183536,37.387351989746094,37.387351989746094,124936100
2006-12-08,37.26757076098466,37.866450122294424,37.190571519723726,37.55845642089844,133798700
2006-12-11,37.49857170187064,37.96056392542405,37.43012647547871,37.69534683227539,72931300
2006-12-12,37.68679448504664,37.75523972040657,37.26757884123664,37.47290802001953,110985900
2006-12-13,37.72955384330006,37.73811112562461,37.3188924101893,37.54133605957031,79035500
2006-12-14,37.618358661970966,38.131684956478665,37.59269006269129,37.960575103759766,109104200
2006-12-15,38.27238233763915,38.34090773261166,37.98970650585804,38.05823516845703,99942300
2006-12-18,38.18671127642641,38.33232973152736,37.51857012280786,37.68132400512695,121588700
2006-12-19,37.39007490330642,37.741275922073726,37.158795705441435,37.5613899230957,136535200
2006-12-20,37.604217643436655,37.78410035421007,37.407199511495286,37.42433166503906,67213400
2006-12-21,37.46718588786091,37.510014663290995,37.01319171894887,37.1588134765625,102952300
2006-12-22,37.17592046425827,37.18448490649389,36.77332305908203,36.77332305908203,92858600
2006-12-26,36.77333840109076,36.93608901245914,36.730509636796484,36.92752456665039,50848600
2006-12-27,37.013200493204465,37.1759544530974,36.9189752043458,37.11599349975586,54129200
2006-12-28,37.00460955459747,37.158795686428576,36.87612002219671,36.93608093261719,69016000
2006-12-29,36.99606022914426,37.35582913808773,36.93609928892471,36.97036361694336,75152500
2007-01-03,37.2273189296467,37.74127376247916,36.422127272787506,37.03887176513672,167689500
2007-01-04,37.09027444882287,37.86976970710485,36.96178815846607,37.74128341674805,136853500
2007-01-05,37.64705070061489,37.64705070061489,37.24445321533607,37.5613899230957,138958800
2007-01-08,37.59566161358947,37.79267653911797,37.381514529194334,37.58709716796875,106401600
2007-01-09,37.69845774801006,37.9383047455469,37.37295647673807,37.775550842285156,121577500
2007-01-10,37.65563702299407,38.255249743513374,37.5357151324155,38.220985412597656,121070100
2007-01-11,38.29805409172818,38.75204801767736,38.246660895766496,38.614994049072266,174029800
2007-01-12,38.563585200510666,38.84625749039076,38.5207564617559,38.81199645996094,104217300
2007-01-16,38.84629211798835,38.88912416254692,38.65784484596076,38.78633117675781,95690500
2007-01-17,38.623577066421824,38.79489542647048,38.40086548569672,38.469390869140625,127142600
2007-01-18,38.36658052489963,38.409409274970095,37.64704641379362,37.75840377807617,189029800
2007-01-19,37.66418758322128,37.929727857796436,37.61279111025917,37.83550262451172,127544300
2007-01-22,37.86975785430479,37.886890007848564,37.27014555076923,37.42433166503906,123441700
2007-01-23,37.39865309564639,37.67276114922562,37.261599068856775,37.33012771606445,133103600
2007-01-24,37.56995225871811,37.96398197605042,37.49285920379448,37.94684982299805,117615300
2007-01-25,37.99825440510101,38.09247963321968,37.33011663135006,37.45860290527344,158337600
2007-01-26,37.52713874376775,37.5442709037748,37.081712386460744,37.321556091308594,146284300
2007-01-29,37.227307328890475,37.612772516490246,37.1759141489594,37.355796813964844,104191500
2007-01-30,37.415787910691904,37.510013173471336,37.27873387418346,37.37295913696289,69605900
2007-01-31,37.330124732891434,37.85264092177815,37.11597762891925,37.74985122680664,157772500
2007-02-01,37.92116725078813,38.03252465299738,37.56139843889105,37.68988800048828,147365600
2007-02-02,37.7926819359187,37.90403935064108,37.63849575172638,37.82694625854492,98189200
2007-02-05,37.809826258620475,37.998276826053434,37.65564002483473,37.792694091796875,96347800
2007-02-06,37.86120526146448,37.886901866010795,37.38151461497357,37.74128341674805,121110200
2007-02-07,37.92971815454026,38.246658088622276,37.79266419599435,38.08390426635742,117823800
2007-02-08,38.03251533153303,38.20383034817435,37.88689364623851,38.07534408569336,89521900
2007-02-09,38.17814194455425,38.3066315022414,37.45860761028159,37.58709716796875,133472000
2007-02-12,37.57853274455439,37.59566490492086,37.33868903467466,37.44147872924805,126940000
2007-02-13,37.50144434191591,37.68989486186552,37.43291895951434,37.56997299194336,93648000
2007-02-14,37.724139672743306,38.29805211553038,37.724139672743306,38.203826904296875,133370000
2007-02-15,38.22953310601333,38.42654800415039,38.16100448007449,38.42654800415039,110452500
2007-02-16,38.255224989337265,38.400846667687034,38.178131928475466,38.29805374145508,72342200
2007-02-20,38.23809721251999,38.64925916164523,38.05821447245732,38.589298248291016,93629000
2007-02-21,38.4779644237526,38.7263759412364,38.40087457449216,38.70924377441406,95864000
2007-02-22,38.854845349798026,39.01759594852193,38.60643396151547,38.9062385559082,116344400
2007-02-23,38.90624576300042,38.940510085171084,38.59787666634125,38.76919174194336,113467100
2007-02-26,38.957635745737846,38.97476790396449,38.34089112007905,38.58073806762695,101623700
2007-02-27,38.00681852304594,38.101043750354926,36.8846900426838,36.99604415893555,317813200
2007-02-28,36.961807257555655,37.484323669870925,36.773356679838315,37.11599349975586,214978700
2007-03-01,36.4478109812752,37.295834358358476,36.182270849127775,36.94463348388672,231806500
2007-03-02,36.6448427848011,36.95321506495997,36.379302529483525,36.38786697387695,183359400
2007-03-05,36.10520935058594,36.66198995770421,36.02811624896943,36.10520935058594,171885400
2007-03-06,36.4307030736099,36.82473621524302,36.40500646762582,36.704811096191406,155551800
2007-03-07,36.713374997919274,36.81616467880816,36.53349223945748,36.55918884277344,119979300
2007-03-08,36.94464444537884,37.038869656080664,36.69623312036933,36.80759048461914,120900700
2007-03-09,37.1159595657372,37.12452400797282,36.533479464997754,36.77332305908203,128597600
2007-03-12,36.7219434100824,37.07314451971462,36.687682357835044,37.01318359375,81310100
2007-03-13,36.83329547446525,37.038878096263744,36.2850795065025,36.293643951416016,171231800
2007-03-14,36.34505062313191,36.83330581084231,36.06237484728598,36.82474136352539,192586700
2007-03-15,36.747638605024015,36.88469259943966,36.593452452853285,36.739070892333984,111627400
2007-03-16,36.805062398230405,36.89077713035981,36.52221195641012,36.71078109741211,108328800
2007-03-19,36.90793267757225,37.19078321596091,36.81364807488142,37.087928771972656,95913200
2007-03-20,37.07935374272726,37.36220753616658,37.03649799908956,37.3536376953125,78755700
2007-03-21,37.40504988204003,38.090751343689035,37.15648208041649,38.0736083984375,173333500
2007-03-22,38.09075327715094,38.09932638505311,37.790759894227804,37.93647003173828,114856300
2007-03-23,37.93647992841889,38.03076452184341,37.773626802302395,37.81648254394531,68530300
2007-03-26,37.83362003019882,37.98790329357688,37.39648629708302,37.970760345458984,114237300
2007-03-27,37.91076025252045,37.9193333611022,37.670765527157954,37.70505142211914,76419200
2007-03-28,37.542210399621695,37.73934947169608,37.29364246408625,37.302215576171875,142795000
2007-03-29,37.55935574012518,37.585068538647036,36.94222241812501,37.34507369995117,124407000
2007-03-30,37.33648036476982,37.60218783480353,37.04505684271043,37.31076431274414,120418700
2007-04-02,37.43075492903696,37.50789653188431,37.113618681634215,37.362186431884766,89617700
2007-04-03,37.55934541763709,37.97933953961172,37.53363262618192,37.85076904296875,105814500
2007-04-04,37.87648396998488,38.03934037753933,37.82505838417505,38.00505447387695,85147200
2007-04-05,37.962178692576316,38.21074645840809,37.91074986422705,38.193603515625,54220200
2007-04-09,38.32218268873766,38.35646858504599,38.039332218401555,38.09933090209961,63050200
2007-04-10,38.090762324150326,38.29647445678711,38.065049533702016,38.29647445678711,76364500
2007-04-11,38.26220401469222,38.279346971811485,37.77364118068972,37.893638610839844,114012300
2007-04-12,37.83360825654415,38.245029074292255,37.670755204627824,38.193603515625,113801300
2007-04-13,38.202191593342086,38.33076209076538,37.96219681914775,38.2707633972168,94572000
2007-04-16,38.42505711240414,38.699337862958444,38.42505711240414,38.622196197509766,72803200
2007-04-17,38.699323531787755,38.742179270125646,38.5364671485472,38.70789337158203,81852300
2007-04-18,38.51075428766529,38.767891986896394,38.42504281114934,38.579322814941406,82002500
2007-04-19,38.407886804100954,38.78502175011038,38.33074519358969,38.699310302734375,95413000
2007-04-20,39.01647828417568,39.14504555970603,38.74219750608921,38.91362380981445,122377400
2007-04-23,38.96504444129174,39.08504185768562,38.86218998005189,38.97361755371094,85303300
2007-04-24,39.110747157930284,39.28217339259202,38.853609440779415,39.170745849609375,108143700
2007-04-25,39.2993069971698,39.70215809588646,39.170739793314226,39.69358825683594,106818100
2007-04-26,39.78786828471606,39.98501054304641,39.710729926694874,39.899295806884766,99308300
2007-04-27,39.74501285245788,40.02786657940901,39.67644433269218,39.916439056396484,96536500
2007-04-30,39.84787279106372,39.882155418044704,39.359306937808604,39.393592834472656,93290500
2007-05-01,39.402165340464904,39.54787549453257,39.136454549909544,39.35930633544922,135044400
2007-05-02,39.505029405837064,39.92502356189378,39.47074350132553,39.787879943847656,91971600
2007-05-03,39.86504478926264,40.04504425783729,39.7964762100274,39.933616638183594,98003600
2007-05-04,40.08786234335496,40.1907167503608,39.78786569087085,39.967864990234375,93591800
2007-05-07,39.993577774565175,40.09643218157101,39.91643615189013,39.967864990234375,47487900
2007-05-08,39.83074462492586,40.087882405970454,39.68503114486721,40.05359649658203,95138900
2007-05-09,39.84788904300528,40.25931016172264,39.822172975177416,40.139312744140625,116021000
2007-05-10,40.002153533058774,40.096438115802584,39.4878781522347,39.59073257446289,171196300
2007-05-11,39.633600353649406,40.0964469909668,39.58217149631021,40.0964469909668,104767900
2007-05-14,40.087873462126,40.18215805706655,39.5907376959607,39.82216262817383,118899200
2007-05-15,39.787895458215075,40.0278936136937,39.41933328489719,39.513614654541016,179438500
2007-05-16,39.59930240452617,39.907868915342355,39.3507345741817,39.899295806884766,144420500
2007-05-17,39.84786416423622,39.91643267303658,39.676437987711765,39.710723876953125,109869100
2007-05-18,39.839302786323785,40.036441802978516,39.7535913076681,40.036441802978516,104961700
2007-05-21,40.06215366480544,40.49071755254769,40.00215171241319,40.293575286865234,112831400
2007-05-22,40.31931864387252,40.52502761825263,40.17360512314185,40.32788848876953,98029100
2007-05-23,40.44787613091534,40.6021594591449,40.11359667631276,40.139312744140625,119220600
2007-05-24,40.1650116651892,40.31929494011356,39.402168400109424,39.56502151489258,206268600
2007-05-25,39.65073841139077,39.90787941786441,39.58216987409919,39.813594818115234,87143200
2007-05-29,39.856451014716775,40.16501761023818,39.779309365836426,40.122161865234375,99702400
2007-05-30,39.83931577847068,40.456449089033875,39.72788820413357,40.4478759765625,132036500
2007-05-31,40.55929481519679,40.73072106117398,40.46501021642515,40.636436462402344,109457700
2007-06-01,40.78214052591097,40.94499362376685,40.602141210753175,40.662139892578125,125089800
2007-06-04,40.516424262135615,40.83356057598386,40.490711479026494,40.782135009765625,64782700
2007-06-05,40.6707075001553,40.782135009765625,40.284999405106085,40.782135009765625,151160400
2007-06-06,40.6021388808665,40.610711989025496,40.25071664905058,40.345001220703125,183166500
2007-06-07,40.20786186311395,40.46499952932597,39.70215636936774,39.71929931640625,221373300
2007-06-08,39.70216111451375,40.22500961778858,39.565020791497666,40.20786666870117,177587800
2007-06-11,40.182139430575276,40.447846871674805,40.079281773038005,40.13071060180664,97100400
2007-06-12,39.91644460129705,40.319295746061464,39.81359017251926,39.89073181152344,153967700
2007-06-13,40.06218079105479,40.36217440772795,39.89075446594791,40.32788848876953,147985300
2007-06-14,40.37072704476689,40.70500970759703,40.36215720352274,40.59358215332031,101531900
2007-06-15,40.96843719482422,41.062795512557834,40.874082149330775,40.96843719482422,100378400
2007-06-18,41.04563477569628,41.06279112911097,40.89123086720389,40.977012634277344,75713200
2007-06-19,40.856925794084646,41.05421897105486,40.75398766260788,40.96843719482422,109621300
2007-06-20,41.02847565552855,41.10567432617203,40.52237475712772,40.582420349121094,161889500
2007-06-21,40.56527648270451,40.99417557022161,40.385139651285016,40.95128631591797,143181300
2007-06-22,40.865516685331755,40.92556231365787,40.43661747029302,40.56528854370117,153328700
2007-06-25,40.573847898749705,40.81403358253873,40.16210521941987,40.39371109008789,136602600
2007-06-26,40.58242805632113,40.59100459727499,40.09348341595196,40.162105560302734,128211900
2007-06-27,40.119204152865606,40.79686521125311,40.0591585676656,40.77970886230469,141196200
2007-06-28,40.76256561279297,41.04563728081235,40.71967636275852,40.76256561279297,116546300
2007-06-29,40.985572975884374,41.07135470905378,40.49662854965361,40.83116912841797,124794700
2007-07-02,40.92555137681656,41.21720289599233,40.899818477908255,41.20004653930664,80863100
2007-07-03,41.2514956895824,41.44878878783699,41.20860645469903,41.44021224975586,34803300
2007-07-05,41.46595670621336,41.83481011915906,41.42306745936289,41.74045181274414,73588500
2007-07-06,41.78334679182213,41.954907075000044,41.603209966993425,41.912017822265625,65804300
2007-07-09,41.94634303055856,42.01496520093041,41.791939056920384,41.93776321411133,66768800
2007-07-10,41.706154629786084,41.946340391579724,41.54317412219551,41.586063385009766,104383100
2007-07-11,41.4916883373388,41.86912155151367,41.44879909179339,41.86912155151367,99637600
2007-07-12,42.0063843693781,42.60684056975126,41.96349183600212,42.51248550415039,107667100
2007-07-13,42.57250188824835,42.864153244817665,42.52103284688719,42.804107666015625,74232200
2007-07-16,42.7955317219984,42.958515398244856,42.684017091762236,42.7612190246582,77799500
2007-07-17,42.855594274405306,43.147245772795166,42.82128156347939,43.08720016479492,124833700
2007-07-18,42.8470113026013,43.03572463989258,42.581092741193046,43.03572463989258,144915900
2007-07-19,43.24159632826473,43.45604582468981,43.15581783859054,43.16439437866211,116563800
2007-07-20,43.13865797377061,43.198703566101436,42.66686977449731,42.93278503417969,163721300
2007-07-23,43.078626023594104,43.155827991359125,42.82128394955043,42.949954986572266,107464100
2007-07-24,42.63256611211423,42.975683387866106,42.07499603968736,42.315181732177734,175496200
2007-07-25,42.529621321045404,42.60681999045674,42.083566021757235,42.37521743774414,170258700
2007-07-26,42.08355229047134,42.43524918273939,41.217174864385846,42.01492691040039,318522000
2007-07-27,41.93775745676165,42.13505066882734,41.165740966796875,41.165740966796875,246387600
2007-07-30,41.36303498315162,41.80051067541414,41.13142904998647,41.6461067199707,166517200
2007-07-31,42.00637236219778,42.02352871619599,40.68536255449497,40.771141052246094,260224500
2007-08-01,40.65105261796015,41.114264390772355,40.299355517619055,41.088531494140625,301153900
2007-08-02,41.114271920938194,41.54317106196843,40.994180685008246,41.46596908569336,177369900
2007-08-03,41.38875851227766,41.440227576516975,40.44518190690415,40.67678451538086,166048400
2007-08-06,40.71967579030664,41.19146407853306,40.34224254193352,41.14857482910156,190869100
2007-08-07,41.071358939728924,41.706127469376064,40.728238516184234,41.44021224975586,167109700
2007-08-08,41.61179573719742,42.08358743862946,41.51744066915197,41.89487075805664,164831200
2007-08-09,41.33730282802507,42.00638779074408,40.90840363725901,40.925559997558594,242418200
2007-08-10,40.48808330751537,41.02849719135796,39.99913850335719,40.556705474853516,247006400
2007-08-13,40.8997945149535,41.07135470905378,40.72823432085321,40.83116912841797,116935100
2007-08-14,40.91697548625167,40.95128820016952,40.08491017106658,40.13637924194336,153529800
2007-08-15,40.0420138766743,40.39371095191382,39.29573047745678,39.37293243408203,214854100
2007-08-16,39.055537719481435,39.38150184087663,38.07764862753519,38.986915588378906,362468700
2007-08-17,39.724613189697266,39.964795501753315,39.106997790423335,39.724613189697266,223246600
2007-08-20,39.87903589913655,40.076329073377835,39.527338802055965,39.91334533691406,144715100
2007-08-21,39.870463529519725,40.42803371856711,39.793261553686094,40.333675384521484,115027200
2007-08-22,40.64245851453794,40.91695353413199,40.54810023800773,40.88264083862305,115814100
2007-08-23,40.9941703819829,41.04563617173759,40.51380228675281,40.771141052246094,118663400
2007-08-24,40.64246925958245,41.371596234600744,40.591000202711655,41.345863342285156,88189200
2007-08-27,41.225788389130855,41.34587963023226,41.03707171183384,41.07138442993164,72490400
2007-08-28,40.831174903260326,40.916956648562035,40.067735367389595,40.09347152709961,106024800
2007-08-29,40.35939715895622,41.27724080069122,40.35939715895622,41.2429313659668,113201000
2007-08-30,41.028486943328524,41.80908312624018,40.95986152089046,41.4573860168457,138930000
2007-08-31,41.91200527854301,42.083565510375166,41.69755580681264,41.92058181762695,94687200
2007-09-04,41.97207630478955,42.88992033824878,41.9549199439853,42.61542510986328,98480900
2007-09-05,42.51245313166912,42.58965505182075,41.92057065309378,42.18648910522461,114049300
2007-09-06,42.22939693095697,42.340911591894084,41.8691233264153,42.15219497680664,99222600
2007-09-07,41.62893987490416,41.68898547886865,41.13141868887835,41.37160110473633,152438000
2007-09-10,41.70613692366183,41.817651577428734,41.01132265322406,41.345863342285156,125199400
2007-09-11,41.611799382654155,42.02354549856476,41.543177211496555,41.972076416015625,103064500
2007-09-12,41.894861905010735,42.34949387878419,41.84339283784684,41.98064041137695,93993400
2007-09-13,42.28084737121421,42.33231313648971,41.98061622740745,42.18648910522461,80807500
2007-09-14,41.86052558465462,42.29800422821351,41.800480009615306,42.220802307128906,99801200
2007-09-17,42.032101993482115,42.117880484572936,41.680404944426236,41.86912155151367,84882300
2007-09-18,42.109323352988426,42.95854520405746,41.88629721001338,42.924232482910156,151452100
2007-09-19,43.138662757222065,43.396001506066334,42.87274419581381,43.03572463989258,127025800
2007-09-20,42.941377955123286,43.112934972876815,42.82128346155932,42.91564178466797,109970600
2007-09-21,43.152492191780716,43.3584721203307,42.920765999889454,43.221153259277344,86829500
2007-09-24,43.33274836715435,43.736120889448266,43.195429434767604,43.41857147216797,107226800
2007-09-25,43.27267578728217,43.830535888671875,43.221183224899356,43.830535888671875,101102200
2007-09-26,44.07939736756234,44.20813195940087,43.87341743710479,44.045066833496094,96124600
2007-09-27,44.30256534794308,44.32831490060748,44.079423293149944,44.26823806762695,73423200
2007-09-28,44.23389089026074,44.35404451106804,43.924922565933045,44.122318267822266,75546000
2007-10-01,44.15665903280247,44.76601155023225,44.096582208489195,44.628692626953125,100404100
2007-10-02,44.66300234455663,44.680167611202975,44.38836462609481,44.63725280761719,71046000
2007-10-03,44.49136947355496,44.688765202379514,44.199566380088,44.328304290771484,106785000
2007-10-04,44.414147280324244,44.48280840316789,44.06226721060691,44.431312561035156,84129300
2007-10-05,44.77459091960663,45.401111962808386,44.680186823368416,45.33245086669922,115674700
2007-10-08,45.31528946961747,45.624257880659975,45.23804736685685,45.61567687988281,63022400
2007-10-09,45.718657213552206,45.873141391888026,45.51267721779079,45.81306457519531,93965600
2007-10-10,45.821652279537076,45.976136480478544,45.667168078595616,45.92464065551758,91777500
2007-10-11,46.16495383476195,46.29368849351191,44.869003328664284,45.19513702392578,239786700
2007-10-12,45.40111535370594,45.950391067838304,45.31528897715932,45.94180679321289,131676000
2007-10-15,46.010468741304884,46.09629184548963,45.229466707034014,45.589927673339844,121578700
2007-10-16,45.30671219195084,45.72725001736215,45.212304805936355,45.375370025634766,193676600
2007-10-17,46.01904593896361,46.05337648737693,45.21229769489827,45.95896911621094,183985200
2007-10-18,45.77015723355814,46.25077181122949,45.58992349299012,46.15636444091797,144491200
2007-10-19,46.14779895095531,46.14779895095531,44.963420834880914,45.00633239746094,245111500
2007-10-22,44.76600286128316,45.58991624103875,44.64584923597806,45.54700469970703,207052100
2007-10-23,46.01046921972662,46.52541439807272,45.778742907288404,46.49966812133789,162360600
2007-10-24,46.12205416196324,46.293700417842494,45.14365282416217,46.14780044555664,298293400
2007-10-25,46.2507751993637,46.328017301282344,45.2723774243552,45.529850006103516,233833100
2007-10-26,46.41384458930863,46.51683296924216,45.86456559046616,46.28510665893555,146690300
2007-10-29,46.50825764284156,46.62841459548124,46.207873446097885,46.47393035888672,101896600
2007-10-30,46.293687183102094,46.82580090081955,46.25935990610544,46.56832504272461,114616600
2007-10-31,46.7485684801144,47.263513755069766,46.37952316595091,47.229183197021484,148431900
2007-11-01,46.92878288746686,47.0060249795858,46.31943042405139,46.345176696777344,181974200
2007-11-02,46.70565414428711,46.817226822164244,46.001894066493946,46.70565414428711,217882900
2007-11-05,46.22501250411058,46.68846495100278,45.99328628066448,46.405242919921875,150588900
2007-11-06,46.6284068989804,46.93737204722936,46.15636999066605,46.92879104614258,131884700
2007-11-07,46.53400162483546,46.84297006101921,45.75299953290069,45.78732681274414,197908200
2007-11-08,45.607096863186456,45.770165358651006,43.59880527785129,44.39697265625,380626400
2007-11-09,43.53873027958179,43.87344501225132,42.91221237182617,42.91221237182617,309414900
2007-11-12,42.843556143750575,43.11819734625987,41.753588706343116,41.82224655151367,283216000
2007-11-13,42.388678301600486,43.59022142846006,42.35434774964641,43.54730987548828,255625900
2007-11-14,44.10517308754216,44.14808464681423,42.8263909419471,42.98945617675781,263284100
2007-11-15,42.91218983379344,43.37564226974407,42.37149532518437,42.75770568847656,251548800
2007-11-16,43.04952322306265,43.332745342936214,42.3457633344537,43.15251159667969,263623700
2007-11-19,43.04951554449284,43.29840707078649,42.4058325948001,42.65472412109375,198651100
2007-11-20,42.877866595199336,43.58162636635803,41.993876381804085,42.82637405395508,300763600
2007-11-21,42.44017624689999,43.058109843194295,41.92522776372264,42.32002258300781,212225400
2007-11-23,42.59466040407544,42.88646356194639,42.371515079499055,42.7748908996582,46463300
2007-11-26,42.88645968845301,43.22975537180307,41.9681387427308,42.03679656982422,150352100
2007-11-27,42.397254116654565,42.95511074185679,42.1397783023171,42.87786865234375,211369300
2007-11-28,43.452889923757986,44.37121064224068,43.4271403802709,44.182395935058594,216868100
2007-11-29,44.010759202308336,44.534288660469755,43.94210137238673,44.37122344970703,172087300
2007-11-30,44.80892050919325,44.8432510565135,43.7275344601349,44.036502838134766,171417400
2007-12-03,43.847699534168996,44.225325831326195,43.61597319025138,43.6674690246582,108625700
2007-12-04,43.332732257958604,43.718939360886736,43.23832491317515,43.487213134765625,113374100
2007-12-05,43.94210435005989,44.62869906551014,43.907773795801916,44.26823806762695,137614200
2007-12-06,44.31114826128211,44.946247125821436,44.29398298468082,44.90333557128906,99724500
2007-12-07,44.877599523200274,45.09216061871306,44.69736898871573,44.911930084228516,88992300
2007-12-10,45.02348291568077,45.22087865798373,44.90332927027387,45.09214401245117,75657900
2007-12-11,45.16078299912967,45.3495976625541,43.95065950178388,44.045066833496094,167064300
2007-12-12,44.84326386183517,44.9977480949492,43.67605111117006,44.43988800048828,162975200
2007-12-13,44.05365837510399,44.3111308752172,43.753271063354866,44.19955825805664,153476200
2007-12-14,43.847685933727995,44.28538893162442,43.70178275180184,43.74469757080078,128396700
2007-12-17,43.581624969172886,43.76185867957214,42.663304241761395,42.68046951293945,134377000
2007-12-18,43.11818602080745,43.14393229674108,42.20844607516842,42.81779861450195,154251700
2007-12-19,42.81778509951804,43.08384187130634,42.57747786947729,42.8092041015625,137970900
2007-12-20,43.44431695024363,43.73612008544392,43.083855987082906,43.684627532958984,167341700
2007-12-21,44.40028513216414,44.58929668152485,44.228456748868396,44.54633712768555,107573500
2007-12-24,44.683777314147385,45.01884397242821,44.63223111852896,44.88138198852539,34499800
2007-12-26,44.78689791284019,45.21646722988586,44.67520897274925,45.10477828979492,58492100
2007-12-27,44.95872477326297,45.10477676298478,44.42605647846259,44.56351852416992,65778900
2007-12-28,44.70956892484677,44.812664628567425,44.185493908457325,44.52055740356445,67545400
2007-12-31,44.30577454213161,44.40028030654065,43.99648414128511,44.00507736206055,70135600
2008-01-02,44.048037131064724,44.219865509327676,43.06861963552574,43.30917739868164,152344100
2008-01-03,43.309182790425936,43.609880031805886,43.08580816502285,43.489601135253906,114103700
2008-01-04,42.7936910969879,42.81087426076504,41.419067490996966,41.582305908203125,212617600
2008-01-07,41.582317016788224,41.754142145755424,40.74895137640943,41.38471221923828,235083600
2008-01-08,41.47061466688497,41.891590685183616,40.31077575683594,40.31077575683594,261669800
2008-01-09,40.47402542737731,41.204292024895665,39.91558395114273,41.169925689697266,254011800
2008-01-10,40.74895311868428,41.59090874056865,40.628674212322856,41.230072021484375,249958500
2008-01-11,41.00669233710433,41.041058673831,40.12178046919525,40.42247772216797,211685200
2008-01-14,40.97233455766662,41.24725875419084,40.645864122640944,41.12697982788086,168048500
2008-01-15,40.69739035056034,40.82626243815848,39.82106867601166,39.992897033691406,241094900
2008-01-16,39.68361048280488,40.30219131932834,39.056439702375776,39.563331604003906,265625900
2008-01-17,39.726571588992655,40.01867885352031,38.833066629572315,39.013484954833984,254098800
2008-01-18,39.21108410975315,39.6406533980324,38.64405278031869,38.96193313598633,273063300
2008-01-22,36.796920396062205,38.46364867025343,36.71100454026588,37.956756591796875,325732000
2008-01-23,36.54777126538383,37.93098548207134,35.74877178962464,37.81070327758789,390129000
2008-01-24,37.96535361630359,38.60111795829815,37.85366789897979,38.58393478393555,250249100
2008-01-25,39.40869270770358,39.40869270770358,37.75055469323816,37.793514251708984,199299100
2008-01-28,37.81926775802792,38.18010426516209,37.432654873703825,38.085601806640625,163711200
2008-01-29,38.2832223992192,38.38631812757272,37.83646987321514,38.15435028076172,138520000
2008-01-30,38.01688414109858,38.936162207293904,37.95674469956085,38.11997985839844,220824400
2008-01-31,37.69040984822278,39.16812930402672,37.647453573255994,38.772926330566406,246824100
2008-02-01,39.09081397640143,39.41728762617124,38.558148857459116,39.16813659667969,161920300
2008-02-04,39.159532839771074,39.18530594498909,38.609681468745926,38.6182746887207,100209900
2008-02-05,37.94814297708566,38.31757276511933,37.49280065677333,37.51857376098633,188990400
2008-02-06,37.733384768542805,37.9481695268629,36.74537684668359,36.77974319458008,178285000
2008-02-07,36.367344599799814,37.62168637923853,36.2126993637206,37.037471771240234,286254800
2008-02-08,37.11478920486907,37.60449795826311,36.89141132735551,37.45844268798828,173781300
2008-02-11,37.6044913220586,37.99110429002522,37.40688986673192,37.86223220825195,119562300
2008-02-12,38.094225074618066,38.386332478621576,37.38113809997363,37.6474723815918,145412400
2008-02-13,38.137165443411575,38.558144838234355,37.93956394048789,38.47222900390625,148685900
2008-02-14,38.53236872387912,38.53236872387912,37.707596372575004,37.776329040527344,170868900
2008-02-15,37.57014973708042,37.784934496572546,37.32959185520294,37.6474723815918,100053300
2008-02-19,38.145743637133606,38.231656160260535,37.17491639450644,37.578712463378906,110507600
2008-02-20,37.166353578149675,37.879440557354094,37.14917368135315,37.75056838989258,137338800
2008-02-21,38.111401527154776,38.205907329040684,37.235079469696515,37.38972473144531,127857000
2008-02-22,37.518582681637454,37.535765847649365,36.59930460279986,37.52717590332031,157364700
2008-02-25,37.48424145143218,37.86226149172761,37.23509031522679,37.716209411621094,121444300
2008-02-26,37.50139562305189,38.21447885076528,37.260834622232004,37.86223220825195,148375900
2008-02-27,37.60450928956294,38.19731393878614,37.518593434878944,38.05126190185547,125682600
2008-02-28,37.905189514160156,38.25743616631729,37.75913754301481,37.905189514160156,129196700
2008-02-29,37.50139529189087,37.60449098998718,36.814081898307094,36.89999771118164,188724500
2008-03-03,36.874231391076805,36.934374115177626,36.290020090872986,36.659446716308594,132963800
2008-03-04,36.42748700938299,36.977335325737464,36.101013342539595,36.86564636230469,183851000
2008-03-05,36.934372987012054,37.40689860159795,36.728178263497036,37.046058654785156,183208300
2008-03-06,37.02027898574774,37.17492418165236,36.169730408272315,36.2298698425293,152752200
2008-03-07,36.01508314905769,36.63366389723758,35.55115086527594,36.14395523071289,242552400
2008-03-10,36.092401414235646,36.20409031978577,35.370725053689796,35.44804763793945,146801900
2008-03-11,35.96353262216237,36.8140777714795,35.66283222683945,36.796897888183594,196755300
2008-03-12,36.94297201632344,37.32099194547997,36.59931515174132,36.69382095336914,155566100
2008-03-13,36.281422006612345,37.22647641536133,35.920585374486194,36.977325439453125,208967900
2008-03-14,37.22647424761796,37.26943051884297,35.860443847600756,36.29860305786133,309589800
2008-03-17,35.47382694911627,36.0924043968794,35.26763228162652,35.637062072753906,193130600
2008-03-18,36.29001361596388,37.23506470538521,36.178324687352955,37.22647476196289,216300400
2008-03-19,37.381116945826044,37.4584395465802,36.28142064830329,36.307193756103516,216157200
2008-03-20,36.41296380732371,37.057821513096265,36.19801123873286,37.049224853515625,128397000
2008-03-24,37.21259283150884,38.485111822022425,37.21259283150884,38.33034896850586,125018000
2008-03-25,38.43350044444288,38.75162916637405,38.07237860664691,38.5452766418457,118107500
2008-03-26,38.4077132948611,38.56247936599529,38.07238790070871,38.433509826660156,124824600
2008-03-27,38.209967008267526,38.270153464443844,37.582305908203125,37.582305908203125,143868600
2008-03-28,37.848841003720324,38.12397997338621,37.25557321536237,37.39314270019531,111822300
2008-03-31,37.53071397365452,37.84884280750787,37.35875128943919,37.59090042114258,113644800
2008-04-01,38.192766124467745,39.21594232450525,38.1841694659424,39.19874572753906,137494400
2008-04-02,39.29331795064908,39.5684568903192,38.83761641688961,39.11275863647461,132486800
2008-04-03,38.94080333287722,39.47388471916709,38.81183049558855,39.19874572753906,140033800
2008-04-04,39.35349467287477,39.85218264793962,39.035365967406804,39.430877685546875,139261000
2008-04-07,39.671634585735205,39.90378368933455,39.25032950432211,39.344905853271484,102297100
2008-04-08,39.043975830078125,39.31051813720732,38.84621990411073,39.043975830078125,97435200
2008-04-09,39.095567894026566,39.11276449031905,38.37332724931904,38.60547637939453,127182300
2008-04-10,38.631273149110484,39.41370031208062,38.631273149110484,39.155757904052734,112773800
2008-04-11,38.70865632787371,38.777439439615264,37.93482582130825,38.07239532470703,120135400
2008-04-14,38.012182587768464,38.244331579214574,37.78863352929078,37.90040969848633,89274600
2008-04-15,38.037986425665046,38.13256274712123,37.55649176410481,37.952003479003906,124232300
2008-04-16,38.42489637102264,39.10414685759592,38.39050647391446,39.00956726074219,134027900
2008-04-17,39.052572603047636,39.09556573135826,38.67425734528653,38.92360305786133,124953100
2008-04-18,39.95537152847039,40.35088333910217,39.74041902965988,40.16172409057617,133022500
2008-04-21,40.084339384726874,40.47985445874534,39.97256645155496,40.44546127319336,83303200
2008-04-22,40.19611939755443,40.21331599195602,39.491075426664324,39.843597412109375,104689600
2008-04-23,40.13593453918765,40.462663285866846,39.783412539846864,40.282100677490234,131086200
2008-04-24,40.29928990059915,41.09031672997501,39.88658153393483,40.64321517944336,166509000
2008-04-25,40.68621283152439,40.71200608442021,40.0413552698076,40.54004669189453,121945400
2008-04-28,40.634621140441965,40.94415328033835,40.52284819652439,40.617427825927734,71244000
2008-04-29,40.540036729347335,41.0645179955258,40.46265370976127,40.92694854736328,91270600
2008-04-30,41.01293351423922,41.3224656077671,40.43685916685911,40.59162521362305,132152700
2008-05-01,40.608834927655025,41.88995355541781,40.600238268907816,41.87275695800781,143596900
2008-05-02,42.268278406309285,42.294071668292716,41.56323415282068,41.932952880859375,124990000
2008-05-05,41.932933909842404,42.15648306570029,41.614805129612584,41.81256103515625,75624700
2008-05-06,41.69220692054763,42.242485040956446,41.3912713185066,42.07052230834961,139582600
2008-05-07,42.07910202870592,42.328447726607784,41.15910555153764,41.305274963378906,140008300
2008-05-08,41.477237654096434,41.87274948418528,41.322471584946015,41.61480712890625,128058700
2008-05-09,41.30526517711824,41.666383732729734,41.18489232524774,41.45143127441406,97062000
2008-05-12,41.51161788416322,42.29404470470028,41.44283480275303,42.208065032958984,89606500
2008-05-13,42.22526368076386,42.4144229037088,41.92432825517743,42.31984329223633,85448100
2008-05-14,42.48320782176745,42.930309371713015,42.16507907119803,42.22526550292969,143598200
2008-05-15,42.23387720796527,43.00770772012918,42.113504301609936,42.964717864990234,157248900
2008-05-16,43.0507047929999,43.08509799484359,42.51762328408778,42.999114990234375,146563200
2008-05-19,43.03348190512722,43.39460374406257,42.42301770492625,42.68955993652344,140048700
2008-05-20,42.53480139968561,42.53480139968561,42.03611002942867,42.36283874511719,137163700
2008-05-21,42.414434493248805,42.646580337677456,41.28808206326492,41.42565155029297,192806700
2008-05-22,41.52882564329028,41.864151045143956,41.36546291108122,41.571815490722656,153198200
2008-05-23,41.42564779655947,41.571813928319166,41.11611565881542,41.44284439086914,121698400
2008-05-27,41.528821859332794,42.22526913197388,41.52022520259566,42.17367935180664,106984300
2008-05-28,42.37143152300032,42.440217890496584,41.9157333180384,42.345638275146484,121363000
2008-05-29,42.371438881610615,42.964709924597926,42.345645629277286,42.723960876464844,143993000
2008-05-30,42.887342004116775,43.19687426087744,42.775565738082925,42.999114990234375,94153600
2008-06-02,42.92171533588438,42.92171533588438,42.096298490174675,42.47461700439453,144359900
2008-06-03,42.63798163383634,42.904523937126825,41.84695466144384,42.242469787597656,167606900
2008-06-04,42.11348707621027,43.07647321308488,42.07909389420045,42.78413772583008,174870800
2008-06-05,42.89592346999179,43.51498776422768,42.73256073897514,43.46339797973633,126653700
2008-06-06,43.08509465359153,43.17107437161676,42.14790129548614,42.156497955322266,189136000
2008-06-09,42.242485144325855,42.294071668292716,41.227908627370766,41.932952880859375,208897300
2008-06-10,41.50303838495611,42.07910963956318,41.408458738996,41.73518753051758,162798500
2008-06-11,41.649198786921986,41.717985167173396,40.712005675444956,40.72920227050781,170366900
2008-06-12,41.0215396281799,41.365464984709924,40.41107523625865,40.772193908691406,189913200
2008-06-13,41.02155644451852,41.67501423382036,40.806603828548596,41.58903121948242,167855000
2008-06-16,41.374057707737116,42.147888046376046,41.33106786223828,41.9587287902832,136343900
2008-06-17,42.08770957824078,42.182289224200886,41.675001079436704,41.73518753051758,122932000
2008-06-18,41.49443087992208,41.657796885851475,41.12471558209106,41.28807830810547,169338100
2008-06-19,41.21071202607637,42.139305536559476,40.93557296519869,41.932952880859375,221304200
2008-06-20,41.58361634716958,41.600821658611764,40.61995479622552,40.80064010620117,197434200
2008-06-23,40.96411140433683,41.07596559817604,40.42205230733458,40.48228073120117,131488800
2008-06-24,40.29299976117435,40.75761864231974,39.931625873390715,40.27579116821289,178293800
2008-06-25,40.447860675814546,41.29966776769239,40.387632256229544,40.929691314697266,179023400
2008-06-26,40.172557097201505,40.18116303853007,39.26912690779252,39.277732849121094,190028300
2008-06-27,39.234709706888104,39.492835431466325,38.69265356256567,39.277732849121094,181351800
2008-06-30,39.15725124486716,39.43258541941586,38.84750645263075,38.86471176147461,132912400
2008-07-01,38.55495374769478,39.458383133530816,38.443099585348754,39.41536331176758,245494300
2008-07-02,39.535831265619855,39.69070529336806,38.40869323749742,38.46892166137695,199576400
2008-07-03,38.70122752835144,38.7872704668197,38.09894008788357,38.40008544921875,123118300
2008-07-07,38.75285735698549,39.114227889856004,38.06453018803961,38.63240051269531,181011300
2008-07-08,38.67543235120525,39.587464902351186,38.52055827984012,39.55305099487305,206151200
2008-07-09,39.54443291172466,39.60466133406927,38.486129270551416,38.50333786010742,168500300
2008-07-10,38.563570459284456,39.07981507306798,38.184991294656754,38.95935821533203,238811500
2008-07-11,38.55496911493736,38.95075688443548,37.728973109728386,38.339866638183594,265514700
2008-07-14,38.83891178847118,38.87332898055428,37.918273234574805,38.055938720703125,177389800
2008-07-15,37.866643669400794,38.65822259733477,37.25575334077807,38.06454086303711,283891100
2008-07-16,38.167773794490124,39.04539205883964,37.78919143602419,39.0109748840332,186047800
2008-07-17,39.24329275938493,39.42397803544022,38.70123364901605,39.26910400390625,197555100
2008-07-18,38.83888235115172,38.864693584548775,38.365657806396484,38.365657806396484,160661000
2008-07-21,38.71844313323806,38.88191982265195,38.279635555230726,38.529151916503906,128107800
2008-07-22,37.88384453094994,38.55496644382417,37.737576432348526,38.529151916503906,152524500
2008-07-23,38.58937548227372,39.48420239858566,38.47752457938673,39.03678894042969,169259100
2008-07-24,39.21750440063059,39.243315660214336,38.417322531485304,38.45173645019531,145561000
2008-07-25,38.70122883691256,39.131433697192435,38.51193764808459,38.950748443603516,111616700
2008-07-28,38.94215057418507,39.165858985899256,38.03872083691667,38.21940612792969,124028500
2008-07-29,38.382876213726696,39.18305747586295,38.34845903892026,39.0109748840332,142290900
2008-07-30,39.122841695574095,39.42398386687665,38.6151996909473,39.20888137817383,165679900
2008-07-31,38.82169920079432,39.70792375369034,38.73565951163723,39.11423873901367,180473100
2008-08-01,39.15724821951605,39.1916653989509,38.202196106720486,38.61519241333008,180350400
2008-08-04,38.606583554075094,38.64960338400975,38.116150271974185,38.228004455566406,116298000
2008-08-05,38.62381499183633,39.55305962272666,38.58079513645169,39.51864242553711,151657400
2008-08-06,39.5358429841996,40.27579616227654,39.217492180446925,40.12092208862305,133463700
2008-08-07,39.87998447454822,40.3101892834741,39.6476767660662,39.811153411865234,152805800
2008-08-08,39.78533245299805,40.81782111639339,39.70789547502326,40.71457290649414,143121500
2008-08-11,40.69737539905232,41.54057645411792,40.55970998765798,41.08456039428711,157290100
2008-08-12,41.07596768904596,41.43733825064017,40.878070535178914,41.12759017944336,140549300
2008-08-13,41.058773538325255,41.40293563009256,40.65437971623931,41.04156494140625,169652100
2008-08-14,40.90389164769841,41.69546726178993,40.86087180470711,41.5147819519043,158069200
2008-08-15,41.583607341226596,41.790103855847306,41.2652533510317,41.43733596801758,123115900
2008-08-18,41.5578006321256,41.566406569805245,40.6629734812475,40.95551300048828,151399100
2008-08-19,40.74900994131227,40.946903807703755,40.2241594215682,40.4478645324707,155410600
2008-08-20,40.731810881152,40.921102137730344,40.21556617692497,40.51670837402344,155466700
2008-08-21,40.21556833448494,40.508107891162645,39.90582018244927,40.32741928100586,118916200
2008-08-22,40.542508743637526,41.02433941188351,40.50809484620795,40.860862731933594,96515500
2008-08-25,40.57693856154831,40.619958408386616,39.89721382200977,40.000465393066406,128076500
2008-08-26,40.026255202494305,40.24135760365848,39.682090047750755,39.94881820678711,107225500
2008-08-27,39.96605639738893,40.51671842711686,39.82839088995695,40.20697021484375,108489900
2008-08-28,40.37041747279745,40.6801654586781,40.29298375852949,40.533897399902344,112808600
2008-08-29,40.10371219342017,40.54251986641026,39.51002716959359,39.68210983276367,133184300
2008-09-02,40.32741024564327,40.50809881531676,39.010984176641074,39.19166946411133,162277500
2008-09-03,39.10563026031832,39.269106958257304,38.53775986270526,38.821693420410156,161682900
2008-09-04,38.59798311122538,38.641002943623505,37.56549072265625,37.56549072265625,219004700
2008-09-05,37.23852481022564,37.668729591424004,36.83413454779654,37.384796142578125,247977500
2008-09-08,37.875235174545594,38.0473177700169,36.72228605175106,37.31596755981445,311065100
2008-09-09,37.29875401298013,37.677336329122994,36.438344432222095,36.52438735961914,214180600
2008-09-10,36.877164404639046,37.152495276953985,36.524396519347846,36.825538635253906,160658100
2008-09-11,36.30930573581537,37.59131490650789,36.28349120172756,37.513877868652344,203398200
2008-09-12,37.19550926918631,37.60850551280211,36.911575787663985,37.367591857910156,172094300
2008-09-15,36.481374096177625,37.247138235580245,36.16302013087331,36.2060432434082,616772300
2008-09-16,35.68978996688773,36.85994755304834,35.64677014314404,36.48997116088867,349506500
2008-09-17,36.02535651746105,36.49858123933581,34.579867826576184,34.597076416015625,340088000
2008-09-18,35.36284492113978,36.111403883440424,33.98619041955797,35.76723861694336,423934000
2008-09-19,37.685526473764746,37.73718704762749,36.24767170320033,36.936466217041016,263394000
2008-09-22,36.79871523153152,36.884812920540824,35.128392475654046,35.19727325439453,164698200
2008-09-23,35.47277567850463,35.94631934836658,34.81842167863921,34.93035125732422,184011200
2008-09-24,35.136999209766245,35.52444203953129,34.8873113490257,35.17143630981445,159270800
2008-09-25,35.49860386605058,36.1787864967924,35.32640527436196,35.73107147216797,148586800
2008-09-26,34.70651352035361,35.72248214229318,34.629024276835615,35.369476318359375,182678600
2008-09-29,34.66344741441202,34.766768553735226,32.011600575675416,32.5626335144043,307954400
2008-09-30,32.47653718431384,33.836899397165794,32.37321604074368,33.50111389160156,195436700
2008-10-01,33.44083842150444,33.552767996591605,32.74343561668965,33.148101806640625,174033300
2008-10-02,32.93286919107242,32.93286919107242,31.546674694386024,31.64138412475586,192124000
2008-10-03,32.08048310153749,32.87259553898143,31.08173492174533,31.150615692138672,272116100
2008-10-06,30.35848721581807,30.590954766455408,28.33516327849875,30.01409339904785,394046600
2008-10-07,30.25518753263384,30.30684811409845,27.784147196525822,28.111324310302734,329365700
2008-10-08,27.508622594231078,29.376968736148264,27.413913198204828,27.8874568939209,452066500
2008-10-09,28.54182145381871,28.99814512902651,26.664861241004605,27.13840675354004,352433900
2008-10-10,26.277412419195826,27.964951852729246,25.295882806145315,26.966203689575195,472339100
2008-10-13,28.29212526078245,30.349890350531904,27.896070742340175,30.246572494506836,276998700
2008-10-14,31.1247871328764,31.1247871328764,28.57625445623439,28.9378719329834,341595900
2008-10-15,28.610697386919277,28.714015267575423,26.2946354627481,26.346294403076172,312088500
2008-10-16,26.527093799038532,27.78413969089402,25.18395024575,27.775527954101562,494783500
2008-10-17,27.267551725607223,28.97231307114787,27.043694142006775,27.809974670410156,326571300
2008-10-20,28.206022262740678,28.636517130077113,27.29337524601315,28.58485984802246,232783400
2008-10-21,28.119920405860757,28.63651285579183,27.103952407836914,27.103952407836914,239932400
2008-10-22,27.009256765645105,27.20728406963142,25.580011868409397,26.354904174804688,289993600
2008-10-23,26.251577377319336,26.768171557667404,24.88260353839038,26.251577377319336,377966900
2008-10-24,24.305742631912647,26.044942491597098,24.185204580598523,25.40781021118164,322129500
2008-10-27,25.115076068111694,26.001896278178553,24.67597101121692,24.701801300048828,239302300
2008-10-28,25.5541789534189,27.448355633844365,24.839557445210566,27.431137084960938,327239500
2008-10-29,27.47418304238783,28.481542766996537,26.905929933567492,27.362255096435547,341316000
2008-10-30,28.12852479455062,28.464313451368486,27.534443234483728,28.27489471435547,255292100
2008-10-31,27.870236156438278,28.782886436777638,27.629160087237924,28.317951202392578,224261000
2008-11-03,28.249078161632884,28.66235289551388,27.990778579093586,28.257686614990234,128455500
2008-11-04,28.808711426457634,29.282255052841116,28.3954368097367,29.058399200439453,182487600
2008-11-05,28.868991583306062,28.9292606162403,27.48279889919467,27.543067932128906,183893900
2008-11-06,27.1125684592173,27.439745501095196,26.174089450884583,26.311847686767578,220677200
2008-11-07,26.621801416096,27.10395518513392,26.337674882637,26.85426902770996,176946200
2008-11-10,27.525839525509994,27.525839525509994,26.17408598834995,26.492652893066406,142584500
2008-11-11,26.24297365027733,26.48405143085654,25.58862108202636,25.91579818725586,162869800
2008-11-12,25.52834398261033,25.65749210768174,24.667354292524266,24.719013214111328,184946400
2008-11-13,24.632916482187692,26.286016814804622,23.487800217138975,26.225746154785156,317943900
2008-11-14,25.640283404008997,26.19131649167234,24.85678261665963,24.95149040222168,259407000
2008-11-17,24.5296007455431,25.166733040493952,24.331573473235636,24.42628288269043,202835200
2008-11-18,24.58986690743908,24.75345542047076,23.582508829856835,24.400449752807617,252661800
2008-11-19,24.45211584854442,24.779292970549086,23.065923055212572,23.126192092895508,244180600
2008-11-20,22.842062018716963,23.634172770923193,21.929411567078393,22.006900787353516,342472400
2008-11-21,22.394343784858485,22.971206987948626,21.56779276388699,22.962596893310547,282746800
2008-11-24,23.43614908647659,24.658755050118394,23.22951166698606,24.366018295288086,225058200
2008-11-25,24.632915745044805,24.658744384929797,23.69443684438135,24.254079818725586,202968700
2008-11-26,24.004394037373373,25.278660143583124,23.944125016296034,25.270050048828125,164912000
2008-11-28,24.985925985134475,25.13229432616637,24.822337452873455,25.072025299072266,41238200
2008-12-01,24.538212486426165,24.54682258260916,23.1520182029145,23.186458587646484,149161500
2008-12-02,23.505014881874537,24.012998865553936,23.108960463253876,23.961339950561523,181743000
2008-12-03,23.358656437386454,24.719020482008993,23.306997500610606,24.64153289794922,230944900
2008-12-04,24.25409264610201,24.77929716429781,23.52225068850337,23.944135665893555,188868700
2008-12-05,23.67721618056409,25.02896971430128,23.203672513835805,24.917041778564453,212283700
2008-12-08,25.47669187257606,26.225752183586565,25.347543712975067,25.898576736450195,185782500
2008-12-09,25.554174173923126,26.544311985570754,25.459464782842982,25.838300704956055,178148300
2008-12-10,25.915793417526267,26.225748630129683,25.502518705916565,25.75220489501953,162335100
2008-12-11,25.666108112313992,26.062164314909555,24.917047829073688,25.04619598388672,167161400
2008-12-12,24.70179297807605,25.709150912232865,24.512374208205987,25.55417251586914,158600100
2008-12-15,25.597222513441373,25.623052794754702,24.744842936591187,25.10645866394043,107887000
2008-12-16,25.330319845549315,26.397946994746377,25.054803373783326,26.311847686767578,169300100
2008-12-17,26.04494506817081,26.346291868475532,25.67471913998569,25.9932861328125,159813500
2008-12-18,25.993281962484772,26.174089028334393,25.27866050955058,25.536956787109375,142656400
2008-12-19,25.80683172914858,26.18621761713325,25.574026640299476,25.746475219726562,118308900
2008-12-22,25.746482846368135,25.79821677768431,24.780773475778105,25.186025619506836,95379600
2008-12-23,25.289491526031373,25.5395418402096,24.910105579681417,25.056686401367188,68764800
2008-12-24,25.177406967351516,25.18602791953147,24.987713127549057,25.12567138671875,27194700
2008-12-26,25.177408351621864,25.20327449876821,24.97909190414371,25.117050170898438,20937000
2008-12-29,25.186021196272037,25.211888979683167,24.53934141231938,24.910104751586914,52688300
2008-12-30,24.97908511270839,25.513674484480397,24.953218972594655,25.42745018005371,77089500
2008-12-31,25.401589028663263,25.936178540036803,25.392968076101976,25.643016815185547,89189700
2009-01-02,25.651640344375075,26.841530836728833,25.599906404166383,26.755308151245117,107891500
2009-01-05,26.582860864276867,27.01398089233494,26.375923448160083,26.746686935424805,91751900
2009-01-06,26.944996019406616,27.272646447382105,26.82428296350913,27.013975143432617,136791700
2009-01-07,26.4966288121561,26.643209644785397,26.03102017265781,26.246580123901367,133879800
2009-01-08,26.19484323932668,26.556984005058933,25.936171968628717,26.52249526977539,131926600
2009-01-09,26.5311178529998,26.54836304292985,25.798213726890886,25.927549362182617,117137900
2009-01-12,25.962045059241103,25.996533801572898,25.17740684723477,25.453323364257812,102726200
2009-01-13,25.44469176332423,25.84994379871983,25.16015275026102,25.461936950683594,186266700
2009-01-14,25.16878583179426,25.24638756265653,24.54797198489611,24.685930252075195,136294000
2009-01-15,24.634189328365643,25.298114328788895,24.203069454520694,25.091176986694336,192567200
2009-01-16,25.436080805712812,25.522305137362512,24.746289441699908,25.367101669311523,175478100
2009-01-20,25.263624374327605,25.37571646438372,24.10822296142578,24.10822296142578,135105800
2009-01-21,24.51348047038469,25.16878298773257,24.22894137090659,25.134292602539062,149179600
2009-01-22,24.59107635883987,25.203265749468745,24.366893842040206,24.79801368713379,200602700
2009-01-23,24.392768358906796,25.30674222234014,24.263431053999234,24.918733596801758,170164100
2009-01-26,24.953228764936206,25.513684496760376,24.789402686694768,25.099809646606445,140398700
2009-01-27,25.10842536032001,25.496432309228084,25.10842536032001,25.280872344970703,110591300
2009-01-28,25.703369338713483,26.427650940637346,25.703369338713483,26.16897964477539,139722800
2009-01-29,25.849952015079435,26.212092841774002,25.418832061614097,25.505056381225586,130731800
2009-01-30,25.694743612060602,25.80683569931008,24.95321855346652,25.056686401367188,140334200
2009-02-02,24.815262464341803,25.530921444909747,24.780772082342416,25.35847282409668,126796100
2009-02-03,25.41020494056047,26.23795595900946,25.030820633171835,25.755102157592773,120541100
2009-02-04,25.81546052943088,26.617343820759274,25.68612488605996,25.789592742919922,175780900
2009-02-05,25.41883332617384,26.531123650853868,25.40158813247519,26.358675003051758,217578900
2009-02-06,26.453521617139437,27.169180701415197,26.367297294237936,27.0484676361084,164513200
2009-02-09,27.065713679517753,27.307141476974635,26.8932666624134,27.160560607910156,98856900
2009-02-10,26.988103999652107,27.31575603148123,25.953417267909238,26.160354614257812,232795200
2009-02-11,26.19484603355219,26.324183327289518,25.634390457527793,26.039644241333008,169117200
2009-02-12,25.73786283123009,26.393165390449056,25.556791586578655,26.358675003051758,201151400
2009-02-13,26.281074063724933,26.539747043181332,26.117249652454014,26.23796272277832,145066700
2009-02-17,25.42745390535792,25.582657347146007,25.056690493217936,25.19464874267578,157783300
2009-02-18,25.358468167013097,25.582650675062187,24.892859607673937,25.21188735961914,161271900
2009-02-19,25.367099219819274,25.53092526967513,24.76353060114539,24.823888778686523,155322400
2009-02-20,24.547965104081282,25.134288397541624,24.478985989826644,24.89286231994629,210752400
2009-02-23,25.030829844372626,25.048073395896314,23.909916765711724,24.022008895874023,169473500
2009-02-24,24.15134051797781,24.98771265391493,24.108227534934368,24.815265655517578,181337300
2009-02-25,24.668686768688666,25.15154070511841,24.26343291873832,24.65144157409668,220224700
2009-02-26,24.815262341498734,24.96184317508664,23.884043411820237,23.961645126342773,211218500
2009-02-27,23.711589494797884,24.125464116732385,23.616742610549394,23.737457275390625,204492600
2009-03-02,23.38394239426308,23.720215365469766,22.823485249462895,22.97006607055664,188180400
2009-03-03,23.1597648375995,23.41843615643424,22.7803788113287,22.95282745361328,158758800
2009-03-04,23.289093640056667,23.892660421161505,23.21149193833593,23.56501007080078,164911000
2009-03-05,23.306347830948457,23.487417441846343,22.780380903801156,22.857982635498047,199626900
2009-03-06,22.978688918581092,23.116647146473404,22.16818309626989,22.676904678344727,218421600
2009-03-09,22.495835994508862,23.11664804413145,22.099204840472755,22.19405174255371,181098800
2009-03-10,22.63379129474357,23.61674399041739,22.556189593022832,23.56501007080078,175068200
2009-03-11,23.806437699373827,24.134088048762546,23.50465348742085,23.92715072631836,173094900
2009-03-12,23.90990924340931,24.79801682887223,23.659860556763263,24.720415115356445,184395100
2009-03-13,24.711790236348534,24.866993649037465,24.418628600067606,24.78076934814453,156783500
2009-03-16,24.944594424771598,24.987705751313833,24.306537253314744,24.366893768310547,190269800
2009-03-17,24.487610274379307,25.289493560791016,24.401385964463394,25.289493560791016,169773800
2009-03-18,25.18602159503343,26.03964037060671,25.073931154327312,25.6085205078125,208033900
2009-03-19,25.96203759129682,25.979281135206552,25.4015804771423,25.59127426147461,146753400
2009-03-20,25.642236700034246,25.93588318820812,25.029033158031737,25.201766967773438,149410800
2009-03-23,25.82360906676671,26.72182235821483,25.219043948887624,26.687274932861328,179499000
2009-03-24,26.462716527154324,26.669996097526234,26.177706911979,26.19498062133789,118757600
2009-03-25,26.419541441032415,26.816826985800027,25.616331847040772,26.315900802612305,190555200
2009-03-26,26.600902359228403,27.170921577832473,26.272710124730615,27.12773895263672,182459500
2009-03-27,26.773633671226563,26.92909374320996,26.523169855850774,26.618173599243164,156108100
2009-03-30,26.169075419731346,26.186349132629875,25.581784006988673,25.961795806884766,162919700
2009-03-31,26.160437135087218,26.730456415229952,26.14316342421944,26.18634605407715,150243800
2009-04-01,25.858150691387404,26.669995237331506,25.728601169997308,26.574993133544922,137950000
2009-04-02,27.05000041445183,27.870483213993122,26.972270395661138,27.43001365661621,212272400
2009-04-03,27.715034986445556,27.982772564063293,27.490481686175073,27.939586639404297,134577300
2009-04-06,27.6286659426706,27.92231406399029,27.33501946866253,27.870492935180664,160413700
2009-04-07,27.568206324703397,27.568206324703397,26.95500288527703,27.13637351989746,147531200
2009-04-08,27.40411440983714,27.76685574542332,27.196834823296264,27.5941219329834,126126000
2009-04-09,28.11232095272589,28.50960642749579,28.00868197987799,28.44915008544922,131871500
2009-04-13,28.362779367861908,28.561422067035103,28.095041836999126,28.405961990356445,119310500
2009-04-14,28.23322585216583,28.397324416437492,27.87048789990294,28.060495376586914,124069000
2009-04-15,27.861864445866576,28.008689382947132,27.5077631556161,27.98278045654297,124808200
2009-04-16,28.37140633693077,28.87233383736825,28.07775997675548,28.70823860168457,171168000
2009-04-17,28.647789403756477,28.93280066335189,28.44051148279904,28.768705368041992,129835400
2009-04-20,28.25050608361351,28.345509843898334,27.689125319075718,27.844585418701172,123080500
2009-04-21,27.74093765644274,28.27641269105371,27.70639353697005,28.233226776123047,145490200
2009-04-22,28.069142869308404,28.958717727502165,27.974139089380124,28.31960678100586,165040500
2009-04-23,28.500968306329746,28.62188097806537,28.060500245775227,28.595972061157227,181666600
2009-04-24,28.79461355143527,29.304176428199007,28.561423425327483,29.096895217895508,141170000
2009-04-27,28.863697917242106,29.41644657578233,28.80324159897747,29.13143539428711,120749100
2009-04-28,28.950070943327795,29.28689999595276,28.811884580850304,28.915523529052734,108968000
2009-04-29,29.148721300836545,29.7101053992947,29.10553866894522,29.312816619873047,141413600
2009-04-30,29.701470070423387,30.141941528810815,29.399188320254744,29.60646629333496,144120400
2009-05-01,29.59782549342205,29.831015640060137,29.37327055460462,29.68419075012207,100112000
2009-05-04,29.951940288038454,30.306043253428555,29.81375384531609,30.271495819091797,119317400
2009-05-05,30.219660315814934,30.2801166432892,29.908740177591408,30.245569229125977,113569500
2009-05-06,30.478766375104296,30.52194900547457,29.761922191388397,30.25421142578125,178840500
2009-05-07,30.46148821988002,30.46148821988002,29.26099347976453,29.546001434326172,216484700
2009-05-08,29.77056134839572,30.00375151106739,29.260998391733246,29.56328010559082,183507300
2009-05-11,29.183268955832435,29.986478434956165,29.08826518814327,29.666919708251953,142775900
2009-05-12,29.727384206455167,29.77920535612467,28.950086729159956,29.304189682006836,147842200
2009-05-13,29.045086258149396,29.062359972169556,28.466428369658267,28.51824951171875,175548300
2009-05-14,28.58733521225899,29.105536642751,28.570064796403646,28.837799072265625,140021700
2009-05-15,28.79462101522406,29.209180248664953,28.699617239818537,28.82052993774414,121326400
2009-05-18,29.019158377024336,29.60645115822846,28.83778941964073,29.57190704345703,114333400
2009-05-19,29.5028094946476,30.00373700063673,29.32144055404684,29.71009063720703,129086400
2009-05-20,29.822382770490844,30.262854228878272,29.5201010203222,29.60646629333496,131873700
2009-05-21,29.381906603459704,29.589184520079986,28.768704766075345,29.06235122680664,139253200
2009-05-22,29.174624098837416,29.33872267806194,28.777338697408563,28.96734619140625,83510600
2009-05-26,28.71689346698845,30.081487279320605,28.656437112733148,30.046939849853516,144857200
2009-05-27,29.960573361457445,30.39240637597924,29.736021643540862,29.83966064453125,121348800
2009-05-28,30.02102102237021,30.28875859987084,29.546005502940403,30.18511962890625,118931300
2009-05-29,30.202387179154027,30.66012889428232,30.02101489868296,30.556489944458008,111535700
2009-06-01,30.884688286219557,31.523802442915816,30.755140389940664,31.42879867553711,119126200
2009-06-02,31.25606270100964,31.774264134325396,31.186971153341588,31.47197914123535,126858600
2009-06-03,31.376983642578125,31.411527774569418,31.031515965673677,31.376983642578125,93329800
2009-06-04,31.446060279768382,31.77425408763453,31.38560395919072,31.73107147216797,89280600
2009-06-05,31.921087014123874,32.02472928172307,31.454706693798148,31.765626907348633,121958800
2009-06-08,31.566982903130988,31.91245052535306,31.19560636236046,31.670621871948242,89194100
2009-06-09,31.817452733785267,32.102460775158946,31.67062781367686,31.912456512451172,109187800
2009-06-10,32.09382121895772,32.10245642738328,31.34243289023741,31.800174713134766,133404700
2009-06-11,31.756992081759776,32.154277561807426,31.73971837028506,31.800174713134766,147909800
2009-06-12,31.670621245686643,31.713807168577997,31.2647005864194,31.653350830078125,109452500
2009-06-15,31.351075850722903,31.376988071653983,30.729238556991838,31.005611419677734,112152900
2009-06-16,31.126513387956198,31.256061269383874,30.677406817502398,30.70331573486328,110550300
2009-06-17,30.832873884915166,31.27334205279475,30.616957405741566,30.99696922302246,153421800
2009-06-18,30.9451543130816,31.143797097416385,30.72059930844274,30.93651580810547,126266700
2009-06-19,31.173428404460687,31.44149514010814,31.052367071805037,31.2685489654541,122044700
2009-06-22,30.98321336364505,31.035094945118953,30.282782325660303,30.334667205810547,137714900
2009-06-23,30.42113326276927,30.4903097919124,30.066594891886883,30.26548194885254,114903100
2009-06-24,30.52490286615333,31.017797645028548,30.507607907408012,30.77567481994629,103314600
2009-06-25,30.576782243647063,31.441510233348957,30.50760242110667,31.380979537963867,112538200
2009-06-26,31.233973266277363,31.562570817596526,31.173442572439022,31.45015525817871,87677300
2009-06-29,31.53663165652234,31.778754444331533,31.23397487308526,31.519336700439453,93817600
2009-06-30,31.60579959357857,31.761450857352067,31.225320559173745,31.458797454833984,97843000
2009-07-01,31.614440029858404,31.85656268532913,31.467434632841332,31.476083755493164,85976000
2009-07-02,31.208019740348984,31.216665565077697,30.697830315829087,30.7843017578125,113309800
2009-07-06,30.59406769257379,30.73242399598665,30.300060135487147,30.62000846862793,107632500
2009-07-07,30.628656030918002,30.68919000960043,29.841753892142332,29.85904884338379,149773000
2009-07-08,30.040651647954903,30.153063910949715,29.660169223432515,30.014707565307617,152776400
2009-07-09,30.127118133137813,30.2741202828451,29.962821030757624,30.066587448120117,97851500
2009-07-10,29.98012229161657,30.38654556297717,29.885004969448506,30.196304321289062,108482000
2009-07-13,30.22224933480051,30.784320649980902,29.815826050975783,30.77567481994629,127140300
2009-07-14,30.741086533220074,30.948622750497243,30.611379283763572,30.888092041015625,115631700
2009-07-15,31.406924722126277,31.934409397532065,31.251273398279455,31.92576026916504,160869700
2009-07-16,31.778759202344364,32.37542043249765,31.7528184136739,32.306243896484375,120142500
2009-07-17,32.29759919947445,32.487840472297734,32.141947848742035,32.47919464111328,104906500
2009-07-20,32.652113834534795,32.85964991700619,32.52240666933004,32.790470123291016,97168800
2009-07-21,32.92018018487353,33.01530075073242,32.54834704488373,33.01530075073242,130587600
2009-07-22,33.041262191169224,33.45633131199306,32.972085653703324,33.29203414916992,113808600
2009-07-23,33.25745743713838,34.1481300384212,33.19692670581631,34.02706527709961,160239300
2009-07-24,33.66386508274284,34.04434425792934,33.53415454871231,33.76763153076172,109312300
2009-07-27,34.00977360987398,34.07895017480886,33.61199599145796,34.02706527709961,94718600
2009-07-28,33.88005060071585,34.23458902512655,33.66386855415624,33.7935791015625,111564300
2009-07-29,34.00110714252392,34.09622775715604,33.72439442650817,34.018402099609375,126538200
2009-07-30,34.372928789039435,34.744761993292826,34.165392673235935,34.21727752685547,108969900
2009-07-31,34.21728801630218,34.459410810067766,34.07893166291103,34.113521575927734,78208300
2009-08-03,34.47670895245404,34.641009405128,34.27782188224301,34.623714447021484,111722800
2009-08-04,34.45941399434752,34.75342168480643,34.39023746059741,34.623714447021484,100690800
2009-08-05,34.701532904340326,34.71017873226053,34.12216347342797,34.35564041137695,118093000
2009-08-06,34.433476811258046,34.5285974414638,33.93193616836811,34.05299758911133,116937500
2009-08-07,34.51994581054591,34.64965635118585,34.234587239284565,34.48535919189453,107442100
2009-08-10,34.36428978011921,34.459407082612856,34.01839728471852,34.24322509765625,87163200
2009-08-11,34.13083330673501,34.15677410490884,33.767645638914935,33.94923782348633,91922700
2009-08-12,33.923270757383094,34.779352719676645,33.897329979296074,34.4766960144043,147240000
2009-08-13,34.684245183953,34.72748092992233,34.27782191475421,34.66695022583008,110107000
2009-08-14,34.47670554788953,34.55453120234562,33.966515879494146,34.26917266845703,124480200
2009-08-17,33.68980355935286,33.733039301505606,33.257439540474074,33.27473449707031,131797200
2009-08-18,33.482275885806224,33.81951934520268,33.387155259068514,33.75033950805664,84496200
2009-08-19,33.352578087125714,34.07030432777237,33.32663728762004,33.983829498291016,88036300
2009-08-20,33.96650004465172,34.45074870203507,33.89732354998216,34.381568908691406,81473500
2009-08-21,34.58047180386335,34.90042021832891,34.364289818664254,34.83988952636719,114660200
2009-08-24,34.900414622890594,35.08200666966186,34.675583547071604,34.805294036865234,109904900
2009-08-25,34.88312446452852,35.24630860797859,34.80529881969276,34.90906524658203,92900400
2009-08-26,34.831231050961584,35.10794365385244,34.65828814816062,34.84852600097656,96407500
2009-08-27,34.839884600162264,34.99553587139123,34.30375097762921,34.93500518798828,121957800
2009-08-28,35.36738194014734,35.5230332678977,34.727481670654065,34.9696044921875,114300900
2009-08-31,34.710190977072244,34.76207585892291,34.407537412967805,34.61507034301758,96415300
2009-09-01,34.49399919213078,35.0993094483548,33.86274815163339,33.966514587402344,162958900
2009-09-02,33.78493093354568,34.13082353735141,33.75899014279697,33.940582275390625,92757200
2009-09-03,34.10485933947318,34.217274864230546,33.74167528842162,34.16539001464844,76783100
2009-09-04,34.2259306454967,34.91771228110546,34.174045785822905,34.90041732788086,74866600
2009-09-08,35.177134298998055,35.26360577705763,34.98689308885645,35.22901916503906,71024400
2009-09-09,35.254960737008126,35.70461969005809,35.09930943408023,35.531673431396484,99280800
2009-09-10,35.54896713474816,35.91215129633466,35.45384653090158,35.86891555786133,99289100
2009-09-11,35.89485810534103,35.98997871386252,35.64408949040095,35.903507232666016,93868400
2009-09-14,35.67001031560762,36.06778418441513,35.63542042301383,36.04184341430664,90435600
2009-09-15,36.01592145754013,36.27533919015609,35.94674163621564,36.15427780151367,91594600
2009-09-16,36.31857093988317,36.733639926212255,36.18021461110681,36.68175506591797,96888500
2009-09-17,36.58663948936845,36.88929294195333,36.5001647181476,36.67311096191406,102169600
2009-09-18,36.8211356595286,36.890379142118995,36.53549762643861,36.73457717895508,87444200
2009-09-21,36.526833637208426,36.95961601845055,36.492210254260854,36.84709167480469,71351400
2009-09-22,37.054837767584246,37.07214946330805,36.73457634949628,36.91634750366211,75638400
2009-09-23,37.072121390111505,37.366410088958474,36.682616785952504,36.74320602416992,143924100
2009-09-24,36.89036656493483,36.95095582974514,36.15463789117121,36.414306640625,111016400
2009-09-25,36.145990774160694,36.431628791885615,35.990192121245926,36.094058990478516,109216000
2009-09-28,36.29312842745404,36.92499026731898,36.25850504672704,36.70859909057617,84478500
2009-09-29,36.708611281116056,36.89037913749504,36.379695658714745,36.54415512084961,106686400
2009-09-30,36.69128502919421,36.87305281346405,36.007488162426235,36.570106506347656,173102700
2009-10-01,36.440275285742956,36.466244473962874,35.488155364990234,35.488155364990234,140119100
2009-10-02,35.24578715715841,35.70453528114309,35.24578715715841,35.38427734375,145286400
2009-10-05,35.56605503150313,35.83438128755975,35.341009653615345,35.669921875,97054200
2009-10-06,35.86901721619612,36.47491345773322,35.8517055176529,36.30179977416992,124628000
2009-10-07,36.25849578357127,36.42295514907556,36.15462896979299,36.405643463134766,93787600
2009-10-08,36.62204021743072,36.890363136117564,36.47489251523444,36.56145095825195,107850400
2009-10-09,36.48353436892914,36.82975808696219,36.40563345454523,36.769168853759766,62828000
2009-10-12,36.916338440699846,37.106760443176455,36.59607710123605,36.84709167480469,53221900
2009-10-13,36.81247015578797,37.00289546977395,36.673979918853,36.855751037597656,70939300
2009-10-14,37.314491441656216,37.40104658324613,37.08944279053524,37.35776901245117,91004900
2009-10-15,37.15868160059735,37.323137655203496,37.10674654562716,37.27120590209961,85772800
2009-10-16,37.13273598081294,37.210636954831855,36.769197001435295,37.028865814208984,111859300
2009-10-19,37.05482666251663,37.45298563923381,36.864401368492175,37.40105056762695,83512000
2009-10-20,37.61745129523777,37.61745129523777,37.16735713266299,37.40971755981445,89847900
2009-10-21,37.40105099759456,37.929046008465114,37.27121826988587,37.34046173095703,110397400
2009-10-22,37.271207301488474,37.64340028808347,37.03750449814745,37.48759841918945,85871800
2009-10-23,37.85115528189461,37.85115528189461,37.236604953111254,37.331817626953125,117020400
2009-10-26,37.39239630702231,37.87711043369117,37.03751490633946,37.210628509521484,107068600
2009-10-27,37.15868196550428,37.31448383007856,36.50950863040025,36.64799880981445,121438200
2009-10-28,36.51818449280249,36.63070886218439,35.74783220629903,35.82573318481445,143553600
2009-10-29,36.033451228008126,36.51816523707998,35.955550290569214,36.431610107421875,85207600
2009-10-30,36.40565642720363,36.48355739074452,35.418909788396434,35.45353317260742,162796500
2009-11-02,35.48815695591433,35.9815286299325,35.176553098246494,35.60068130493164,142456600
2009-11-03,35.41024949577042,35.76513086815471,35.34966023476826,35.71319580078125,95107000
2009-11-04,35.946902573244074,36.24119471673573,35.730511388378666,35.7737922668457,107970600
2009-11-05,36.189270879041615,36.69995431935164,36.16330168589489,36.656673431396484,135204800
2009-11-06,36.45758762078251,36.91633919959977,36.422967538990775,36.8730583190918,96312300
2009-11-09,37.15869498709286,37.66937832174237,37.11541740996002,37.66072082519531,101620800
2009-11-10,37.617437831546326,37.88576405412177,37.56550606721154,37.75592803955078,72846500
2009-11-11,38.041583865696005,38.20604003331482,37.7472916223628,37.99830627441406,84676200
2009-11-12,38.02427474109029,38.22335431594949,37.695359081733486,37.781917572021484,92426100
2009-11-13,37.894430143934564,38.20603403523464,37.76459739047157,38.093509674072266,87959500
2009-11-16,38.25796015594108,38.64746492882597,38.1887133954872,38.48300552368164,87776100
2009-11-17,38.37913783426862,38.604183197021484,38.30123688141816,38.604183197021484,81884000
2009-11-18,38.483018615803,38.508987810741694,38.12813710241252,38.3878059387207,100240800
2009-11-19,38.12811989699181,38.15408908021184,37.52222401777267,37.790550231933594,114558000
2009-11-20,37.59147016610794,37.69533699171727,37.46163415769613,37.60012435913086,70912100
2009-11-23,37.98963300149063,38.431072834136,37.96366711787638,38.206024169921875,91621500
2009-11-24,38.18870432530362,38.21467350523953,37.85113470293516,38.0761833190918,60670000
2009-11-25,38.206034417712516,38.275281195080446,38.09351005542368,38.240657806396484,37630100
2009-11-27,37.19331836954613,37.93770458295398,37.132729101186655,37.66072082519531,61230000
2009-11-30,37.57416254321551,37.755930333163384,37.31449380016607,37.70399856567383,84819400
2009-12-01,37.98964281092826,38.344524286715995,37.98098861477794,38.093509674072266,81817800
2009-12-02,38.223351576783266,38.50898962146104,38.067549607298766,38.145450592041016,81653600
2009-12-03,38.28391607502891,38.51761887792795,37.98096983156705,37.9896240234375,72460400
2009-12-04,38.474370221544376,38.716727398402526,37.79057298470158,38.1887321472168,125062600
2009-12-07,38.162744646481784,38.33585823275406,37.92904180029426,38.00694274902344,67471900
2009-12-08,37.79055082420456,38.08484292433088,37.530882101002966,37.77323913574219,86621400
2009-12-09,37.73862449519827,38.18871859381441,37.49626740435409,38.15409851074219,78820500
2009-12-10,38.31855468104631,38.55225757686163,38.29258879324496,38.344520568847656,76722400
2009-12-11,38.55226154381315,38.59553912855782,38.04157811934271,38.19738006591797,66643700
2009-12-14,38.457053838169806,38.60419830566058,38.249316781976866,38.56092071533203,47965500
2009-12-15,38.43973322660957,38.66477862524595,38.231996218595604,38.344520568847656,61171100
2009-12-16,38.49165121412115,38.69073063656665,38.33584935275228,38.39643859863281,61629700
2009-12-17,38.22333877444259,38.26661635105564,37.87711155780324,37.929046630859375,90440900
2009-12-18,38.287120080092436,38.56456271559203,38.14839876234264,38.54722213745117,96442600
2009-12-21,38.74662771310936,39.12811375727849,38.7292871377038,38.98072052001953,82357400
2009-12-22,39.11078450134551,39.266846417786525,39.041422179648386,39.21482467651367,51569100
2009-12-23,39.292854762432945,39.509607051858275,39.19748322590541,39.500938415527344,73932200
2009-12-24,39.54428174786907,39.865074157714844,39.53560980557823,39.865074157714844,31770400
2009-12-28,39.960446164646875,40.142517266445815,39.83039348771795,40.073158264160156,49381400
2009-12-29,40.08183067525436,40.099171254303656,39.87375034141735,39.90842819213867,32410200
2009-12-30,39.865081307207866,40.10784281685807,39.84774072689321,40.02981185913086,57612700
2009-12-31,40.107833982966625,40.12517455946196,39.6656608581543,39.6656608581543,50079200
2010-01-04,40.168539117030846,40.30726046120279,40.11651737269972,40.24656677246094,62822800
2010-01-05,40.22055755398424,40.31592909823577,40.02114582844819,40.24656677246094,62935600
2010-01-06,40.229227493328935,40.359276886608356,39.94311287483458,40.00380325317383,96033000
2010-01-07,40.06449301976018,40.116514760704156,39.81305956626389,40.02981185913086,77094100
2010-01-08,39.943092940307196,40.359256744384766,39.82171224420656,40.359256744384766,88886600
2010-01-11,40.41129036832778,40.437299580191905,39.986454499411444,40.19453811645508,104673400
2010-01-12,39.95175944141715,40.00377784273575,39.47490204682684,39.691654205322266,90673900
2010-01-13,39.81304560261169,40.30724369980531,39.54427497044433,40.18585968017578,100661000
2010-01-14,40.10783843107788,40.33326264314087,40.07316058161809,40.220550537109375,75209000
2010-01-15,40.289897659677074,40.35925663982235,39.57895074946448,39.752349853515625,126849300
2010-01-19,39.84774231948903,40.43730884424061,39.839073682674,40.393959045410156,84388200
2010-01-20,40.10783249110859,40.40261566581093,39.38821678389141,39.81304931640625,145680000
2010-01-21,39.92576957568565,40.185871651911555,39.275512731432215,39.44024658203125,204939600
2010-01-22,39.31019963076953,39.431580396908586,38.183088264278254,38.28712844848633,171098700
2010-01-25,38.52121546128986,38.66860542413,38.25244144346822,38.41717529296875,154218700
2010-01-26,38.37382755651233,38.92004430448068,38.19175640964881,38.45185852050781,140816500
2010-01-27,38.382469409724166,38.88533265549663,38.157045331632055,38.75528335571289,161632700
2010-01-28,38.495203239566884,38.52121245277151,37.55883187567578,37.758243560791016,221439800
2010-01-29,38.070356961338966,38.16572846023675,36.96058673571274,37.099308013916016,212099600
2010-02-01,37.19468876158253,37.52414981212845,37.177348184073225,37.50680923461914,136827100
2010-02-02,37.56752031975834,37.95767191870892,37.30741484395326,37.84496307373047,110727700
2010-02-03,37.66286203128191,38.12237895588765,37.64552145795941,38.053016662597656,93581600
2010-02-04,37.77558649753283,37.853617449396225,36.951927185058594,36.951927185058594,151652500
2010-02-05,37.04729726195744,37.29873068669131,36.51842119868175,37.2640495300293,213618600
2010-02-08,37.203372556402314,37.43746548710147,36.96927962570316,36.99528884887695,94354400
2010-02-09,37.43746040361475,37.723571741811554,37.07331479173587,37.37677001953125,118956000
2010-02-10,37.376759888023884,37.55016235584975,37.06463610741272,37.298728942871094,94102900
2010-02-11,37.30740408084987,37.96633291196806,37.07331120458769,37.86228942871094,93050800
2010-02-12,37.52416261063869,38.044370191216196,37.42012241747443,37.94032669067383,93938500
2010-02-16,38.217769545495685,38.45185913383821,38.01835450636595,38.42584991455078,83861400
2010-02-17,38.599232161185626,38.642581939697266,38.37380802112333,38.642581939697266,82691700
2010-02-18,38.61659377482955,38.95472686178319,38.53856280804195,38.8853645324707,65752600
2010-02-19,38.781304791987885,39.058747354592946,38.685933290959355,38.86800765991211,80416500
2010-02-22,39.024086698703755,39.04142728139402,38.63393516399565,38.78999710083008,72055000
2010-02-23,38.76398287576597,38.78999540235135,38.105057299277746,38.28712844848633,95814400
2010-02-24,38.48654114208961,38.83334617462644,38.425850757502346,38.677284240722656,86591000
2010-02-25,38.269774848436285,38.755301055210275,38.00100418837755,38.66859817504883,97961300
2010-02-26,38.659918304649295,38.89401105198372,38.49518784128467,38.807308197021484,66222400
2010-03-01,38.98071784613762,39.44023479442292,38.97204921271776,39.370872497558594,77290100
2010-03-02,39.50960055643656,39.75236202232188,39.405560400682404,39.49225997924805,76368500
2010-03-03,39.58761665223965,39.72633791034159,39.38820505042909,39.53559494018555,65735500
2010-03-04,39.56162070655907,39.717682587640304,39.362209037927876,39.6656608581543,54470900
2010-03-05,39.96045268568218,40.35060747276028,39.8737530918326,40.2639045715332,68136300
2010-03-08,40.28123621100758,40.43729809119953,40.26389563461106,40.34192657470703,58712400
2010-03-09,40.25523230807919,40.79277701774399,40.229223093743265,40.56735610961914,98002800
2010-03-10,40.59336440204393,40.992187780564144,40.57602382375473,40.89681625366211,102578900
2010-03-11,40.801453000836574,41.05288314819336,40.7320906792364,41.05288314819336,67510300
2010-03-12,41.182927055192295,41.20893626655078,40.83612213598731,41.061546325683594,64068300
2010-03-15,40.97484917360165,41.078892648342446,40.6713973073842,40.95751190185547,60150500
2010-03-16,41.08756053285573,41.2783035923485,40.94883920978206,41.217613220214844,74950600
2010-03-17,41.278307646171825,41.529741102490796,41.2089453241345,41.330326080322266,75643500
2010-03-18,41.36501929180981,41.51241261538901,41.26964772491359,41.46906280517578,77829400
2010-03-19,41.59141322963809,41.61745351203484,41.07065393439891,41.218204498291016,86337100
2010-03-22,41.05330452794038,41.756332722065835,41.009908461591124,41.59142303466797,71902800
2010-03-23,41.65217283545358,41.921230377389634,41.461226210151644,41.87783432006836,59182600
2010-03-24,41.808391735283074,41.808391735283074,41.582730284372246,41.67820358276367,62995700
2010-03-25,42.025389143556175,42.1816176267663,41.57406609306865,41.617462158203125,76294800
2010-03-26,41.79104966039207,41.94727814334328,41.43519662942708,41.660858154296875,78067900
2010-03-29,41.86915101500029,42.00802036700251,41.747637434955145,41.860469818115234,57993300
2010-03-30,41.99066598512026,42.13821323961937,41.71292725002213,41.99934387207031,49437300
2010-03-31,41.86917238985191,42.051437886609165,41.72162176563779,41.79973602294922,59947400
2010-04-01,41.973323629297745,42.26842156681777,41.47860110329478,41.79973602294922,83728600
2010-04-05,41.89520210148429,42.285773320261605,41.78236968030247,42.19029998779297,56220300
2010-04-06,42.09481451572516,42.44198956805258,41.99934121078979,42.311798095703125,54097100
2010-04-07,42.25105292440213,42.415959292157254,41.9819920298367,42.20765686035156,77211500
2010-04-08,42.08615505791985,42.37257178723483,41.86917138292954,42.303138732910156,68314300
2010-04-09,42.31181182952979,42.572191547837654,42.207660604388195,42.554832458496094,54227300
2010-04-12,42.5721985555061,42.7023900915443,42.476725203865854,42.58955764770508,44280600
2010-04-13,42.54613893207829,42.832555523676454,42.40726957929295,42.8065185546875,59376000
2010-04-14,43.032179321262554,43.3272737714511,42.96274299587262,43.31859588623047,69004800
2010-04-15,43.28389100081692,43.56162976576024,43.28389100081692,43.50955581665039,72254200
2010-04-16,43.353330458595416,43.50087773953781,42.70237956075136,42.98879623413086,127388000
2010-04-19,42.83257321944528,43.101634150147824,42.44200527962624,42.962764739990234,98251700
2010-04-20,43.19708854418942,43.292561842593415,42.90199076317089,43.17972946166992,69543700
2010-04-21,43.474844907879266,43.56163704483666,43.15371002804756,43.422767639160156,74748700
2010-04-22,43.006158413192274,43.709186625321934,42.75445658664994,43.66579055786133,110477200
2010-04-23,43.657091129537164,43.89143376906787,43.474825735759836,43.84803771972656,77205200
2010-04-26,43.89144047159937,43.96087680987396,43.65709779628289,43.75257110595703,67361000
2010-04-27,43.578992814952485,43.76993947480349,42.711058267858874,42.823890686035156,112608000
2010-04-28,43.049546703155826,43.07558698765383,42.51142827986583,42.84992218017578,130082100
2010-04-29,43.092936228523875,43.68313177506466,43.05821806439645,43.596336364746094,84180200
2010-04-30,43.57897739645526,43.64841372489139,42.70236527084053,42.737083435058594,110897000
2010-05-03,42.91935987250168,43.544270434662735,42.90200078592675,43.335968017578125,74169700
2010-05-04,42.8065496782022,42.8065496782022,41.730312239338524,42.034088134765625,141136500
2010-05-05,41.591428025957946,42.09483172656301,41.34840737651166,41.81709289550781,128560200
2010-05-06,41.5306672404507,41.938597541852566,37.008728991752335,40.41971206665039,274356800
2010-05-07,40.11593092114387,40.61933117523502,38.432135986680656,39.41290283203125,288200400
2010-05-10,41.166140945987344,41.487275841239935,41.06198971445558,41.461238861083984,136041600
2010-05-11,41.04463069784675,41.99935749557178,40.96651644633049,41.417842864990234,113016100
2010-05-12,41.64349705719269,42.23369278411324,41.57406401862359,42.198974609375,85462400
2010-05-13,42.01670316622065,42.34651915738302,41.42650752346984,41.53065872192383,102844300
2010-05-14,41.21821466171568,41.24425163962567,40.254806748153705,40.73217010498047,147386100
2010-05-17,40.81028464085967,41.027268287411935,39.985746121779506,40.862361907958984,120969600
2010-05-18,41.209517550829425,41.29631296186386,40.115921859046644,40.298187255859375,153072100
2010-05-19,40.15064646777286,40.471784600266155,39.53441379878388,39.9770622253418,159000300
2010-05-20,39.19592523057924,39.30007645240823,38.40610490065186,38.492897033691406,189289800
2010-05-21,37.89403427487378,39.61254482869792,37.74648694406312,38.91819763183594,190631100
2010-05-24,38.900824651028536,39.343473107258724,38.744596173642286,38.76195526123047,113038000
2010-05-25,37.91137550588334,38.848742952258654,37.5208043570157,38.796669006347656,155643000
2010-05-26,39.06574170447097,39.55178635719138,38.29328030545535,38.36271667480469,140203200
2010-05-27,39.23062332607408,39.82949668366312,39.1351500420586,39.812137603759766,110671600
2010-05-28,39.88157588291082,39.91629404442338,39.23062525362797,39.577796936035156,128535300
2010-06-01,39.43028252122813,40.14198886983135,39.16990271506505,39.21329879760742,104242700
2010-06-02,39.43894343434021,40.16800856426912,39.169885851865374,40.141971588134766,97249300
2010-06-03,40.25480714263333,40.59330110241108,39.99442742825873,40.52386474609375,98928400
2010-06-04,39.664614467866215,40.17669604768445,39.00498227475731,39.13517379760742,112849900
2010-06-07,39.33480812608249,39.45631847839211,38.380081091442236,38.42347717285156,88436600
2010-06-08,38.492896190800586,38.60572861000738,37.83326738578426,38.354026794433594,133030100
2010-06-09,38.62308993092281,38.97894298661411,37.9200617087927,38.032894134521484,101949200
2010-06-10,38.50156906014291,39.16119772243998,38.39741786312903,39.117801666259766,76892300
2010-06-11,38.71856649868845,39.525746013754265,38.71856649868845,39.49102783203125,74346800
2010-06-14,39.855550554420475,40.13329263978386,39.412905417289736,39.48234176635742,68085000
2010-06-15,39.6906536350409,40.59330652223799,39.44763297729866,40.541229248046875,76332600
2010-06-16,40.428399772691755,40.91444108399685,40.35896340770068,40.706138610839844,78399700
2010-06-17,40.93179229776102,40.94915138566797,40.480465944902875,40.83631896972656,77111900
2010-06-18,40.91370611604361,41.16588491357106,40.74848724034382,40.8702278137207,75921400
2010-06-21,41.391983224421146,41.46155117725919,40.28762016916904,40.522403717041016,95488100
2010-06-22,40.6963090378318,40.99196612134024,40.13108450451207,40.209346771240234,94493400
2010-06-23,40.25284042533698,40.40936501849857,39.73109067573736,40.04413986206055,92397600
2010-06-24,39.87021450845333,39.99195841194079,39.304989883867066,39.4354248046875,114145900
2010-06-25,39.652367727456316,39.78306242935033,39.16444793095457,39.443260192871094,88740300
2010-06-28,39.44328500282491,39.68724505452744,39.042492539683195,39.30387878417969,71350000
2010-06-29,38.70265645091133,38.737508809200236,37.526417610143184,37.787803649902344,136384200
2010-06-30,37.665843291453,38.04920946072356,37.15178237253958,37.212772369384766,101313200
2010-07-01,37.326037679994876,37.43059147637994,36.39375829660698,37.10821533203125,158695000
2010-07-02,37.16920206809703,37.30860822563564,36.67256742413417,37.003658294677734,78565300
2010-07-06,37.552572812206456,37.78782135532618,36.81197813193373,37.11692810058594,88591900
2010-07-07,37.23892023870774,38.345455143651456,37.204067855827546,38.3018913269043,72448400
2010-07-08,38.60683632782384,38.66782632279832,38.05792304934807,38.51099395751953,78264600
2010-07-09,38.49357166985812,38.88565262277906,38.40644404641159,38.87693786621094,47851200
2010-07-12,38.842074841998425,39.234152330207905,38.73751774301828,38.99019241333008,60927500
2010-07-13,39.33000494157796,39.64366967298124,39.03376639788659,39.49555206298828,93310500
2010-07-14,39.57395482748415,39.91376041562932,39.417125825492406,39.69593811035156,87687100
2010-07-15,39.61753538456886,39.85278395290256,39.199316815433086,39.73080062866211,95992500
2010-07-16,39.591389742398654,39.75693685809114,38.59812034306512,38.632972717285156,98831900
2010-07-19,38.746228014181945,39.042466446280166,38.42384864851045,38.96405029296875,81800800
2010-07-20,38.33673562874279,39.4345588684082,38.214755638080575,39.4345588684082,89061200
2010-07-21,39.85277604629154,39.87019890830639,38.82465435475113,38.89435577392578,83577000
2010-07-22,39.44326920514776,40.06188384488895,39.41713158827858,39.87891387939453,82890300
2010-07-23,39.608816151757196,40.16644084758523,39.539114726631375,40.131591796875,81056100
2010-07-26,40.18387224726733,40.4801108208159,40.00090224340945,40.462684631347656,64850900
2010-07-27,40.636936192221945,40.70664093807046,40.26228149254923,40.44525146484375,67655600
2010-07-28,40.40169523124669,40.584668561533036,39.97476521589217,40.12288284301758,51988200
2010-07-29,40.35812432841123,40.43654050655563,39.425844945864014,39.826637268066406,85669500
2010-07-30,39.4955351545953,40.15771338563575,39.268998135028596,39.913753509521484,98958100
2010-08-02,40.41910315081663,40.76762014042003,40.26227083786554,40.663063049316406,68706800
2010-08-03,40.63693672362161,40.68921528369163,40.29713439242964,40.48881912231445,60856600
2010-08-04,40.67177789780796,40.94187873157144,40.51494558448778,40.898311614990234,43820600
2010-08-05,40.6979254879932,40.88089545716317,40.532381704987785,40.80248260498047,39150200
2010-08-06,40.35811572717355,40.81989794243799,40.12286724287717,40.74148178100586,71339200
2010-08-09,40.950597079504185,41.116140849887564,40.76762712428494,41.020301818847656,26927600
2010-08-10,40.68920398394448,40.907026271520515,40.32326081249048,40.663063049316406,86694500
2010-08-11,39.99219001448561,40.00961287990126,39.39099812276814,39.55654525756836,92219700
2010-08-12,38.79851470413993,39.417132684795114,38.728813282648126,39.24287414550781,66000200
2010-08-13,39.09474166601831,39.26028872506697,38.95533554054292,38.96405029296875,46387300
2010-08-16,38.772381523206946,39.30386863318312,38.598122963979506,39.03376770019531,55472900
2010-08-17,39.31256559051266,39.8876162976345,39.234149433918574,39.53038787841797,56927100
2010-08-18,39.45197304940113,39.92247000479808,39.30385548401939,39.68722152709961,61835400
2010-08-19,39.451976575451944,39.6088089079346,38.82465056922606,39.086036682128906,82969500
2010-08-20,39.025040471561255,39.23414799902834,38.807218191622255,39.1383056640625,65806700
2010-08-23,39.382277021893735,39.50425699209213,38.737521477510185,38.754947662353516,69612200
2010-08-24,38.31059256012318,38.44128396422815,37.87494789902996,38.03178024291992,79095800
2010-08-25,37.76169453371358,38.56327943692024,37.70070452254379,38.397735595703125,87247900
2010-08-26,38.528416823524324,38.6155444306319,37.90108741649327,37.93593978881836,91199000
2010-08-27,38.21476556219373,38.476151799165194,37.43931828557233,38.397735595703125,109568800
2010-08-30,38.21475150667932,38.55455382213241,37.98821441390718,37.99692916870117,49373200
2010-08-31,37.796528599306015,38.206032286726554,37.62227008454816,37.86623001098633,72066900
2010-09-01,38.42385441257094,39.12959989824438,38.3977167987809,38.998905181884766,83523100
2010-09-02,39.068618896421555,39.45198505617501,38.972776525556824,39.4345588684082,41816800
2010-09-03,39.87019799376193,40.096735079219634,39.68722803345724,40.08802032470703,64041100
2010-09-07,39.922474467577736,40.10544441833968,39.75693070122714,39.81792068481445,51195200
2010-09-08,39.93119823003213,40.47139677383239,39.92248347400801,40.29713821411133,66879800
2010-09-09,40.65435271512631,40.68920507976615,40.35811426309658,40.453956604003906,61476400
2010-09-10,40.4975160956287,40.663059824524446,40.29712000579572,40.60206985473633,66995700
2010-09-13,40.915747984191135,41.27297649265202,40.898321797960705,41.16842269897461,64523400
2010-09-14,41.116137196339636,41.56049656090655,41.02029817381591,41.342674255371094,91405800
2010-09-15,41.23812880430795,41.64763256126414,41.11614549667081,41.604068756103516,67108200
2010-09-16,41.52565519012617,41.80446754914337,41.4211013864211,41.769615173339844,66885800
2010-09-17,42.04208829781644,42.04208829781644,41.70149027156844,41.91109085083008,76372600
2010-09-20,42.06829442185084,42.73202692846303,42.01589676655797,42.64469528198242,84475000
2010-09-21,42.67088216255921,42.94161218974289,42.45254977599801,42.635948181152344,82272000
2010-09-22,42.46127854911796,42.81061167506498,42.28661198614444,42.52241134643555,88315900
2010-09-23,42.24294946326295,42.93288060834212,42.199283651995835,42.504947662353516,85040000
2010-09-24,42.985284964128375,43.395747620132234,42.924152157245075,43.36954879760742,79495900
2010-09-27,43.34338216342528,43.44818086283989,43.098847422803736,43.13378143310547,43859800
2010-09-28,43.23854903337449,43.2647511880003,42.43508736326461,43.11628341674805,104922900
2010-09-29,43.055152882036296,43.256018310170816,42.88922144092214,43.04642105102539,81679200
2010-09-30,43.26475990301717,43.52675818163337,42.57482854851973,42.85429382324219,122458600
2010-10-01,43.212365094777226,43.25603092554338,42.60103346958305,42.80189895629883,77675400
2010-10-04,42.67962548651139,42.836825113691,42.094496132056314,42.339027404785156,71359900
2010-10-05,42.8193502041696,43.456880427015534,42.79315138164479,43.36954879760742,99301300
2010-10-06,43.31716112461492,43.4132279453607,42.714564701058364,42.9940299987793,81831200
2010-10-07,43.23855769264168,43.26475985251491,42.79316095266294,43.15122604370117,75693300
2010-10-08,43.168685409764585,43.55294926126895,42.863021361009785,43.448150634765625,83223900
2010-10-11,43.47434996440169,43.68395055133559,43.334617350275195,43.46561813354492,46880000
2010-10-12,43.39575015975001,43.84988198852286,43.02021813463954,43.762550354003906,88571700
2010-10-13,44.04201710645923,44.32148234437761,43.9110163186588,44.1206169128418,71122900
2010-10-14,44.1468170309627,44.225416839647636,43.81495080190538,44.03328323364258,68464000
2010-10-15,44.5747401492064,44.97647093469711,44.21667517405376,44.96773910522461,104654000
2010-10-18,44.976493136110264,45.16862679422463,44.80182647705078,44.80182647705078,72399400
2010-10-19,44.38261413574219,44.80181198297432,44.03328093063791,44.38261413574219,105739800
2010-10-20,44.50488026780688,45.03761191252266,44.42628046233261,44.705745697021484,80861400
2010-10-21,44.98520580630135,45.159872390953275,44.356410765637634,44.79307556152344,85885400
2010-10-22,44.80183016679827,45.142428347695734,44.72323033032272,45.09876251220703,47406900
2010-10-25,45.28215508440298,45.61402138729634,45.28215508440298,45.31708908081055,51413900
2010-10-26,45.09002776473693,45.54415975375832,44.90662593714924,45.43935775756836,60498300
2010-10-27,45.203527697137865,45.61399357593801,45.11619609085526,45.57905960083008,57483400
2010-10-28,45.77120717613817,45.80614116196468,45.273409538319186,45.675140380859375,61220000
2010-10-29,45.67514164647329,45.84107641800301,45.56160785513533,45.570343017578125,46668700
2010-11-01,45.736279296941596,46.06814554362722,45.39568121837762,45.605281829833984,60555600
2010-11-02,45.9808146191329,46.22534589342175,45.91968180056069,46.09434509277344,48137500
2010-11-03,46.138015982293155,46.321414444906324,45.727549900882735,46.30394744873047,126225800
2010-11-04,46.810472104970785,47.037539699965684,46.72314046473491,46.871604919433594,84201000
2010-11-05,46.89780707669518,46.99387387984775,46.73187229616309,46.871604919433594,77937100
2010-11-08,46.792999033244094,47.01133142142126,46.67946525857537,46.93273162841797,39623500
2010-11-09,47.11614643469237,47.19474625505398,46.469880874887025,46.679481506347656,66828700
2010-11-10,46.7405937541954,46.95892612225602,46.37379364348004,46.915260314941406,83553700
2010-11-11,46.207884863696464,46.70568264004758,45.989552388753374,46.618350982666016,85163600
2010-11-12,46.37379650558806,46.60959587742515,45.50920214033982,45.8585319519043,99164300
2010-11-15,46.09434256426543,46.18167753706979,45.66641285773405,45.68387985229492,56723400
2010-11-16,45.36074140543438,45.63147479975435,44.40881194142399,44.93281173706055,101097000
2010-11-17,44.95902123384329,45.2996193495446,44.845487418113166,45.063819885253906,77836200
2010-11-18,45.55287779279078,46.1030764459567,45.526678967421894,45.78867721557617,71488300
2010-11-19,45.727537795948145,45.928403201564336,45.53540422036396,45.823604583740234,54506100
2010-11-22,45.64019735694617,46.207862854003906,45.56159757014568,46.207862854003906,69918900
2010-11-23,45.73625655829817,45.80612450454369,45.212260287404945,45.47425842285156,76818300
2010-11-24,45.91967420874721,46.504803470196855,45.90220721611597,46.39126968383789,53444200
2010-11-26,46.094352713585735,46.40002018847177,45.998285888092674,46.08562088012695,23640300
2010-11-29,46.024467988636886,46.19913456507616,45.500468259319064,46.05066680908203,89269100
2010-11-30,45.570340981451466,46.059406780257554,45.308342755175715,45.49174118041992,118862100
2010-12-01,46.16421833612113,46.688214935456045,46.146751338611416,46.452415466308594,81758800
2010-12-02,46.522280309387455,46.99387921578145,46.46987932040293,46.92401123046875,56844600
2010-12-03,46.72315636003237,47.1074203718814,46.72315636003237,47.046287536621094,38014200
2010-12-06,47.055006936449146,47.11613975122654,46.88034032359007,47.028804779052734,39312000
2010-12-07,47.59646758898606,47.6139345823753,47.002603139705336,47.05500411987305,59067300
2010-12-08,47.17727430772989,47.29080811000309,46.889073886149134,47.22967529296875,48066900
2010-12-09,47.517877240399294,47.544076069952474,47.116146306968545,47.273345947265625,51679800
2010-12-10,47.41306002425293,47.64012423160558,47.238393455488286,47.58772659301758,44696200
2010-12-13,47.77113573686151,47.806069724770154,47.395603695564695,47.42180252075195,53110200
2010-12-14,47.544078307928444,47.70127795562516,47.36067982944533,47.50914764404297,69884800
2010-12-15,47.48293227145364,47.77113265587992,47.186000056357585,47.29953384399414,76951900
2010-12-16,47.34319788689544,47.73619688207894,47.212200442826344,47.66633224487305,65519400
2010-12-17,47.72582605232488,47.84833405389498,47.61206719168434,47.70832443237305,36844200
2010-12-20,47.795844892278076,47.918352934085156,47.393317515456566,47.743343353271484,48159600
2010-12-21,47.92709809212682,48.0321044921875,47.795837588481014,48.0321044921875,35775400
2010-12-22,48.01462398043596,48.09337964963241,47.944620795647296,48.02337646484375,35766500
2010-12-23,47.93587501979789,48.01463070001609,47.78711614499417,47.900875091552734,21664800
2010-12-27,47.760863521877226,48.00587970061765,47.437088327861574,47.9271240234375,29263700
2010-12-28,48.023365019098456,48.05836493410364,47.73459318817155,47.839599609375,24160500
2010-12-29,47.97084991679463,48.040856408074404,47.89209428315149,47.94459915161133,24132700
2010-12-30,47.94461141693006,47.95336056153164,47.73459522745705,47.83085250854492,27553300
2010-12-31,47.76959691735426,47.79584768839326,47.4370726857864,47.65583801269531,38540100
2011-01-03,48.10211437869668,48.732156161614,48.084612754435994,48.399635314941406,90994300
2011-01-04,48.574644465977386,48.60964771419943,48.05835823802929,48.36463165283203,43851500
2011-01-05,48.21587880278951,48.79341915730745,48.189628030614095,48.77592086791992,43787400
2011-01-06,48.82842328933566,48.96843297360961,48.72341686065374,48.93342971801758,46139600
2011-01-07,49.02092802408033,49.04717879146172,48.40838452646419,48.88966751098633,72261700
2011-01-10,48.78466112864427,49.16093770574228,48.63590232928127,49.07343292236328,55551800
2011-01-11,49.274696945982775,49.31844933798427,48.959674382622374,49.143436431884766,56663800
2011-01-12,49.37970652659731,49.493465423583984,49.178442839986275,49.493465423583984,51979300
2011-01-13,49.52846554216117,49.64222443962004,49.36220510594727,49.51096725463867,47364500
2011-01-14,49.52845704253394,49.89598444121632,49.40594902233754,49.878482818603516,43867400
2011-01-18,49.502211231622006,50.07975148326924,49.432208072258405,50.018497467041016,65805600
2011-01-19,50.10601066306984,50.10601066306984,49.28345420841065,49.44971466064453,67767200
2011-01-20,49.23971063315164,49.30971381681292,48.723424218532735,49.099700927734375,92357800
2011-01-21,49.34470812114333,49.43221625745471,48.69716460290948,48.72341537475586,59673300
2011-01-24,48.81967263514155,49.405962126758155,48.72341535428651,49.397212982177734,64103300
2011-01-25,49.15218250393019,49.48470667093319,49.047176102068896,49.46720504760742,55305100
2011-01-26,49.5372141700229,49.86098587350004,49.397204514079256,49.72972869873047,60547700
2011-01-27,49.88724856949889,50.184769576781804,49.80849291056828,50.0360107421875,53656100
2011-01-28,50.02724930219118,50.07100503450319,48.53964787020665,48.76716232299805,123359900
2011-01-31,48.83718038431159,49.14345055442962,48.46965284207545,49.003440856933594,70571300
2011-02-01,49.370944170505794,50.035992455777674,49.31844264246907,49.92223358154297,76952900
2011-02-02,49.81724364259391,50.027256500296666,49.73848798643183,49.8434944152832,48661000
2011-02-03,49.74723054239376,50.000999105093214,49.35345565183209,49.93099594116211,45341900
2011-02-04,49.922249574256774,50.24602134054561,49.79099237402332,50.211021423339844,47647800
2011-02-07,50.307275025624655,50.72730404420967,50.228519376009096,50.44728469848633,45627100
2011-02-08,50.46477405761906,50.81479984688728,50.36852013675896,50.7797966003418,38099900
2011-02-09,50.70105566368091,50.858566980707245,50.534795201528354,50.69230651855469,62540800
2011-02-10,50.35976968129592,50.84105265732455,50.307268147459666,50.77104949951172,70194700
2011-02-11,50.62230158267281,51.1735912094444,50.5522984051987,51.138587951660156,47853500
2011-02-14,51.13857033551431,51.33108484891616,51.08606880501798,51.26108169555664,48506100
2011-02-15,51.138584746741124,51.25234365836333,50.95482266203199,51.19108963012695,39723800
2011-02-16,51.32232646833196,51.66359970750068,51.30482484861912,51.523590087890625,53061700
2011-02-17,51.26983279041693,51.60235696129436,51.23482954335754,51.506099700927734,38361900
2011-02-18,51.50611961513567,51.602376912718995,51.1998460920892,51.39236068725586,44334300
2011-02-22,50.692303548262494,50.86731648338076,49.825991355378825,49.904747009277344,92598100
2011-02-23,49.904741940531,50.079754857873475,49.11718881963047,49.493465423583984,97842900
2011-02-24,49.598470158848556,49.90474025025419,49.12593629945675,49.7559814453125,98716100
2011-02-25,50.03600482403909,50.508538721732435,49.98349994493074,50.44728469848633,54094600
2011-02-28,50.64854150361139,50.79730030037146,50.25476330910905,50.552284240722656,51402800
2011-03-01,50.77105211542329,50.77105211542329,49.6159715782032,49.73847961425781,91993900
2011-03-02,49.71223476573601,50.32477501895055,49.694733138773586,50.00100326538086,61552900
2011-03-03,50.46477227821423,51.07731571878846,50.46477227821423,50.989810943603516,64146600
2011-03-04,50.97232630328797,50.98107544848412,50.39478591560711,50.72731018066406,62328400
2011-03-07,50.937309180204316,50.981061570463446,49.58971419642534,50.04474639892578,98470000
2011-03-08,49.98348455872146,50.47351993193869,49.67721453676873,50.246002197265625,62399100
2011-03-09,50.062258317074374,50.11476319903808,49.633480131033416,49.904747009277344,84764200
2011-03-10,49.34469223464151,49.45845110617465,48.924663329857225,49.12592697143555,102894400
2011-03-11,48.845912501383395,49.58096399150838,48.845912501383395,49.43220520019531,81679400
2011-03-14,49.1609410625945,49.51971603989621,48.88092173094896,49.257198333740234,73565800
2011-03-15,47.81334019260591,48.8459126056546,47.66458140097528,48.55714416503906,101276500
2011-03-16,48.15461874493142,48.42588892978285,47.05204305642329,47.38456726074219,176507700
2011-03-17,48.13710549911679,48.3383724723159,47.367054200821585,47.822086334228516,94434500
2011-03-18,48.38907724110906,48.38907724110906,47.67927611559064,47.71432876586914,94887200
2011-03-21,48.44162853598293,48.87977641591853,47.758118912980365,48.63441467285156,57423000
2011-03-22,48.70452459594574,48.730812401558886,48.44163316860086,48.546791076660156,36162100
2011-03-23,48.371545203970996,48.958661984184424,48.03855175125651,48.81845474243164,60365100
2011-03-24,49.18650087190234,49.79114397556177,48.914847878360334,49.68598937988281,69502400
2011-03-25,49.84371123778163,50.14165197456359,49.71226551695295,49.808658599853516,74131100
2011-03-28,50.027737140257805,50.036498629137995,49.51072238342668,49.537010192871094,37824000
2011-03-29,49.423085253775376,50.01896667480469,49.27411322711642,50.01896667480469,47994800
2011-03-30,50.26433047377746,50.32567091583236,50.018968705557874,50.25556564331055,44935900
2011-03-31,50.1679424281614,50.369490092675214,50.08031417152191,50.32567596435547,50004300
2011-04-01,50.57980185566026,50.73753538956884,50.20299434052349,50.35196304321289,68031800
2011-04-04,50.492176671309124,50.54475563689211,49.96640038669566,50.18547439575195,48659100
2011-04-05,50.08907638295895,50.37825565108946,49.94886916463003,50.05402374267578,55349400
2011-04-06,50.4395996995153,50.58856841714342,49.887532275473426,50.17670822143555,49532100
2011-04-07,50.159162208118985,50.47462581989627,49.782354828237885,50.14163589477539,60697000
2011-04-08,50.36948794246845,50.44835470719877,49.64216408355874,49.905052185058594,42782200
2011-04-11,50.09782558186727,50.20298347691995,49.56328799129609,49.73854446411133,42451700
2011-04-12,49.51072040258084,49.633401298818285,49.20401816198722,49.39680099487305,50422800
2011-04-13,49.76484534446422,49.948866682600936,49.423090475695,49.817420959472656,49979800
2011-04-14,49.47566313385483,49.79989500677968,49.27411548849267,49.72978973388672,53544100
2011-04-15,49.53700441188467,49.834945141098984,49.31793044460367,49.64216232299805,68530000
2011-04-18,49.142668743217364,49.30916373731801,48.476682081208565,49.2916374206543,69065000
2011-04-19,49.42309400528667,49.598350524902344,49.16020254025549,49.598350524902344,38608400
2011-04-20,50.474639922835955,50.77258064731867,50.41329948039569,50.72000503540039,67397500
2011-04-21,51.21073999279038,51.237031147414754,50.965378168323845,51.123111724853516,43666800
2011-04-25,51.16691933427122,51.280838742306024,51.070526246149754,51.25455093383789,25376800
2011-04-26,51.38598672917301,51.72774156664659,51.27206733574739,51.54372024536133,49400000
2011-04-27,51.6401109380895,51.955577955908296,51.4035106747254,51.89423751831055,56465500
2011-04-28,51.73651332777598,51.903008353700066,51.59630611047051,51.81538009643555,48100000
2011-04-29,51.7189740926397,51.95557433953521,51.68392146136564,51.77155303955078,44831200
2011-05-02,51.85043888915349,51.999410965149266,51.543736589756804,51.6751823425293,48149400
2011-05-03,51.6488720712268,51.70145102143738,51.11433445336655,51.4297981262207,38100000
2011-05-04,51.456094801368174,51.58753717681263,50.921553783271676,51.35093688964844,53097200
2011-05-05,51.096821090916436,51.6751763186475,50.895273411549965,51.07052993774414,72200000
2011-05-06,51.57879262700169,51.87673345577558,51.096830406492195,51.237037658691406,72507000
2011-05-09,51.32464356860265,51.631345754489935,51.12309594033343,51.4297981262207,40022000
2011-05-10,51.578782132501104,51.946824841088336,51.50867684926322,51.867958068847656,38053600
2011-05-11,51.789094503644215,51.97311921213745,51.14063730755755,51.491153717041016,61900000
2011-05-12,51.33341202130854,51.86794967689462,51.0354713013605,51.797847747802734,66100000
2011-05-13,51.675179047432316,51.76280731515674,51.16692573477905,51.184452056884766,63506600
2011-05-16,50.94785374451714,51.105587306924036,50.18547708808664,50.29939651489258,73115300
2011-05-17,50.03648803736318,50.44834812642984,49.93133347904091,50.4395866394043,63136000
2011-05-18,50.36949110971631,50.94784630650455,50.308150660269355,50.8602180480957,42351100
2011-05-19,51.01793536096202,51.12308990616846,50.69370355380452,51.00917053222656,35015800
2011-05-20,50.95660096803922,51.0091765754699,50.553502368519645,50.62360763549805,44703300
2011-05-23,49.931340249195756,50.080312291254195,49.642164338899576,49.878761291503906,43700000
2011-05-24,50.001453795899884,50.01021528556247,49.563305771079605,49.57206726074219,39314800
2011-05-25,49.510720179096644,50.00144710463507,49.484432370822624,49.76484680175781,41369000
2011-05-26,49.6158666212496,50.21174802500234,49.6071051341958,50.07154083251953,40564100
2011-05-27,50.15918093961894,50.37825492402139,50.115363468495474,50.32567596435547,30127200
2011-05-31,50.798870162308965,51.140625,50.53597873995897,51.140625,47590100
2011-06-01,51.01794425763601,51.140625138904134,49.983914911514255,50.02772903442383,51795000
2011-06-02,50.12412349154605,50.308144818518464,49.852470573536735,50.13288497924805,50198100
2011-06-03,49.554543793615544,49.940116217066155,49.3091819552774,49.3792839050293,57773700
2011-06-06,49.26536414097024,49.53701377233505,48.94989703362678,48.9761848449707,50175600
2011-06-07,49.10762378300985,49.30040661082705,48.853497165883056,48.8885498046875,46311100
2011-06-08,48.783394330043315,48.87102593144068,48.397825312306296,48.53803253173828,46426400
2011-06-09,48.55555085835317,48.86225305574231,48.397817344609265,48.62565612792969,45307500
2011-06-10,48.39782452394496,48.49421761251,47.83699565535245,47.88080978393555,53740600
2011-06-13,47.90709759252465,48.13493640964269,47.71431475819831,47.88080978393555,37736800
2011-06-14,48.24886651433536,48.60814779685056,48.22257535711412,48.49422836303711,40565300
2011-06-15,48.02977086708754,48.32771155335669,47.47770361312939,47.5740966796875,59022400
2011-06-16,47.600407781022284,47.7581413593583,46.98699979224942,47.390098571777344,66316200
2011-06-17,47.777400830046936,47.95305035381409,47.10113944258367,47.241661071777344,70337000
2011-06-20,47.1099230049167,47.62809716743671,47.1099230049167,47.48757553100586,37402900
2011-06-21,47.65444477969774,48.55905597130849,47.452445133108974,48.5063591003418,55892800
2011-06-22,48.30436642632382,48.58540974478019,48.146279140904525,48.15506362915039,36833300
2011-06-23,47.63687302257694,48.62930543428726,47.47878579144974,48.60295867919922,80743300
2011-06-24,48.374613798016384,48.41852617460668,47.66322123617512,47.759830474853516,56298300
2011-06-27,47.812529325279,48.769833983156026,47.70713893963473,48.523921966552734,49968900
2011-06-28,48.62930016678376,49.252867888818486,48.55904104405958,49.244083404541016,47028800
2011-06-29,49.35826594356932,49.54269993856212,49.09478832925109,49.44609069824219,65407300
2011-06-30,49.62174685053441,50.13992097820685,49.59540009244424,50.10478973388672,50347200
2011-07-01,50.131144827004235,50.9303622881072,49.99061983575078,50.86009979248047,53203900
2011-07-05,50.912796037823085,51.167489205586016,50.789840022289226,51.11479568481445,43128800
2011-07-06,51.053300398420674,51.3694748172437,50.88642870498685,51.281646728515625,49282700
2011-07-07,51.66810082933097,52.13357812859697,51.58905719829522,51.98427200317383,54799800
2011-07-08,51.53633721249203,51.8525115948249,51.264075194305704,51.843727111816406,69519500
2011-07-11,51.29921354669313,51.562691118444846,50.72834268264851,50.903995513916016,52080800
2011-07-12,50.89522297399514,51.00061335043189,50.46487363223726,50.51757049560547,84000700
2011-07-13,50.88644648706663,51.23775226414338,50.5439251970819,50.72835922241211,82378100
2011-07-14,50.860089144203066,51.097219991846295,49.946696994088306,50.139915466308594,98774200
2011-07-15,50.7020169767624,50.80740737915039,50.33314889325419,50.80740737915039,68281500
2011-07-18,50.52635650465241,50.754706250974316,50.04331360323298,50.53514099121094,59512200
2011-07-19,51.01819192467958,51.72958468441904,51.01819192467958,51.6856689453125,73904600
2011-07-20,51.97548027087261,51.984261405730855,51.378262591528326,51.466087341308594,57085500
2011-07-21,51.518777526826604,52.09842951105797,51.23773434358104,51.8086051940918,70148800
2011-07-22,51.782277555930605,52.43219229306149,51.74714630520992,52.344364166259766,43620400
2011-07-25,51.93157786198729,52.52879565594153,51.83496860850939,52.23896789550781,48916100
2011-07-26,52.203840520870486,52.54636517687111,52.09845012303201,52.37071228027344,40918900
2011-07-27,52.02817843169238,52.07209080768038,50.886436554207165,51.0181770324707,83969500
2011-07-28,51.044532430160004,51.75592510268714,50.84253278617578,51.10601043701172,61031900
2011-07-29,50.693232097002635,51.47488394508777,50.44731670918354,50.939144134521484,82860500
2011-08-01,51.5539137809954,51.659304147397314,50.08721638474669,50.70199966430664,85421100
2011-08-02,50.46487966818303,50.69322941979113,49.36705334395193,49.41975021362305,90853300
2011-08-03,49.481213544797775,49.95547518028283,48.611733879741834,49.89399719238281,103612300
2011-08-04,49.18260886711163,49.261652479660036,47.57538986206055,47.57538986206055,132830000
2011-08-05,48.05843848484253,48.330697225116324,45.95061094240928,47.27678680419922,214111800
2011-08-08,45.82764816520882,46.65321209944908,44.43121337890625,44.43121337890625,204804500
2011-08-09,45.098694440535816,46.618088697475656,43.85156561034394,46.57417297363281,193707100
2011-08-10,45.52027992053305,46.58297517584717,44.61566860004114,44.668365478515625,205917900
2011-08-11,45.3094893201711,47.15383625085806,45.08992404983694,46.63566207885742,143825300
2011-08-12,46.92546780948602,47.33825139598335,46.44242511162876,47.048423767089844,90483300
2011-08-15,47.241655341273876,47.74226379394531,47.013305627595976,47.74226379394531,73554300
2011-08-16,47.27679789878642,47.733490734864226,46.7059268282387,47.33827590942383,89219200
2011-08-17,47.39974551515439,47.794960270515446,46.56539692549272,47.05722427368164,84416600
2011-08-18,45.78373881275613,45.79251994707922,44.33460707760076,44.74739074707031,130019400
2011-08-19,44.28191715184081,45.37974338051953,43.90426801145112,43.939395904541016,96674600
2011-08-22,44.993315114687945,45.002099601731835,43.96575125036341,44.09748840332031,77107700
2011-08-23,44.39609420864314,45.91548538208008,44.21166019719529,45.91548538208008,75688400
2011-08-24,45.78374591025272,46.363398024113955,45.414874555813874,46.275569915771484,80197700
2011-08-25,46.24922234636694,46.46000645238812,45.362180244631304,45.520267486572266,93623700
2011-08-26,45.37096167730073,46.820093621150114,44.92305005573439,46.66200637817383,91573300
2011-08-29,47.12748533018238,48.01452746989384,47.109919708070294,47.96183395385742,45985800
2011-08-30,47.786183924537106,48.56783572835509,47.52270627778836,48.278011322021484,61617900
2011-08-31,48.567821119149556,48.954258011754185,47.95303789479596,48.35704040527344,60900400
2011-09-01,48.479997918108204,48.86643147267336,47.83008343739043,47.917911529541016,57158400
2011-09-02,47.05720108617105,47.961808365370345,46.539027236368966,46.79372024536133,58185700
2011-09-06,45.704705882665934,46.87279133794516,45.59053100799051,46.80253219604492,52992200
2011-09-07,47.470007926971974,47.99696655432528,47.33827078285861,47.988182067871094,48952200
2011-09-08,47.74226133930714,48.45365049847539,47.61052086893559,47.76860809326172,61422800
2011-09-09,47.43486832690865,47.63687127617633,46.41608584716008,46.70591354370117,63663500
2011-09-12,46.18773939400321,47.33826234246862,46.17017377452671,47.303131103515625,65973000
2011-09-13,47.47878972874798,48.03209173327768,47.25043999805022,47.93548583984375,59020000
2011-09-14,48.18140623819352,49.165057767962196,47.70714442283528,48.62053680419922,90757300
2011-09-15,49.147487369212215,49.428530636131946,48.6468788406177,49.34070587158203,83536100
2011-09-16,49.4498046549143,49.845755713986044,49.353016245306435,49.79296112060547,91902100
2011-09-19,49.17704416964597,50.07453223749865,48.7722956360595,49.81056594848633,73042900
2011-09-20,50.0657288938972,50.461676602326136,49.47620100686953,49.5905876159668,66570100
2011-09-21,49.845743030157195,50.092111023549286,48.71948215355298,48.7282829284668,79938000
2011-09-22,47.487649558927444,47.91879364477165,46.41418301974216,47.144493103027344,151885500
2011-09-23,46.74854998048556,47.848412323809995,46.71335357993594,47.64603805541992,85940600
2011-09-26,47.88361365652043,48.28836561987683,46.81894752945145,48.200374603271484,96261400
2011-09-27,49.01865367727493,49.44980110094706,48.3763346082835,48.7018928527832,81148600
2011-09-28,48.913053572482944,49.24741249587388,47.86598635860225,47.980369567871094,76757100
2011-09-29,48.71069508309416,48.77228709452659,46.60775920458231,47.4084587097168,116900200
2011-09-30,46.77495332156508,47.17090450180547,46.15902963635937,46.185428619384766,104870100
2011-10-03,45.771862467384636,46.50216917093339,44.97116297690872,44.99755859375,99149500
2011-10-04,44.540021027395035,46.00943874838949,44.08247792562187,45.92144775390625,137013700
2011-10-05,45.80706994301984,47.232490658020716,45.45511263626015,47.10050582885742,108825700
2011-10-06,47.038927192323875,47.901219147153974,46.818954652116766,47.89242172241211,71939200
2011-10-07,47.86601071771608,48.09478060918706,47.26768533200612,47.575645446777344,72525200
2011-10-10,48.38514611520107,49.221038818359375,48.29715511304357,49.221038818359375,48230200
2011-10-11,49.089048920735536,49.67857342965172,49.00985871064843,49.555389404296875,66449100
2011-10-12,50.03054252061743,50.356100858562186,49.76657620994564,49.8017692565918,85627600
2011-10-13,49.70497212099323,50.3208922442603,49.652177529064794,50.259300231933594,63443700
2011-10-14,50.875229027042444,51.20078731999905,50.602461975016844,51.19198989868164,65643600
2011-10-17,50.954409236309104,51.11278964101908,50.1273141778891,50.40007781982422,65161300
2011-10-18,50.320892506325066,51.28877322430937,49.85455202299052,51.02480697631836,91434600
2011-10-19,50.74323292621934,50.9016133268146,49.872144079457975,50.03932189941406,67639400
2011-10-20,50.03053175604851,50.08332299291606,49.08904999142962,49.79296112060547,80378300
2011-10-21,50.320890429552605,50.734439660129304,49.960135789000425,50.41767883300781,60455800
2011-10-24,50.60244979965583,51.60552677066925,50.42647456354249,51.464744567871094,61449500
2011-10-25,51.2975664978721,51.3151646938506,50.34728741062218,50.45287322998047,65299200
2011-10-26,50.734433716911155,50.84001952807867,49.458593137800854,50.39127731323242,98193800
2011-10-27,51.59674096337782,52.089480494373326,51.060007610591185,51.781517028808594,104455500
2011-10-28,51.49115041753489,51.92229453083403,51.473552219122844,51.86070251464844,42950000
2011-10-31,51.411982341748214,51.596758469872505,50.954439055549074,50.9896354675293,60520200
2011-11-01,49.73136156101121,50.954407591731766,49.379404371568064,49.66096878051758,99933000
2011-11-02,50.18010902269339,50.294495624669906,49.6081827258365,50.08332061767578,65003800
2011-11-03,50.479278123081755,51.19199008689026,49.89855097511259,51.12159729003906,78994200
2011-11-04,50.8752222507592,51.077596479237336,50.34728977268692,50.85762405395508,61527800
2011-11-07,50.82243649809537,51.25358400348847,50.30330134989392,51.218387603759766,65559000
2011-11-08,51.58794227382361,51.89590237530661,51.00721511351754,51.80791473388672,62906900
2011-11-09,50.80485505554713,50.88404529756803,49.82817652279414,49.98655700683594,69539000
2011-11-10,50.479283037184274,50.52327686124237,49.47620907999969,49.960147857666016,66052400
2011-11-11,50.391284665325045,51.05120195530073,50.32969265344835,50.90161895751953,54471000
2011-11-14,50.760844671055665,51.04240915693584,50.400089963739596,50.584869384765625,44617600
2011-11-15,50.435279287491,51.350365416470936,50.38248469510305,51.14799118041992,52203900
2011-11-16,50.77843640359706,51.174387460346246,50.20651008297092,50.30329513549805,68342800
2011-11-17,50.17132393665476,50.18892213794004,48.81629264631132,49.1242561340332,101706900
2011-11-18,49.13306490740522,49.185859523457964,48.65792343247394,48.745914459228516,60417000
2011-11-21,48.085976566729215,48.15636600190839,47.32047006138496,47.813209533691406,52283700
2011-11-22,47.69002748403424,48.11237418217721,47.39966224102227,47.97159194946289,51940100
2011-11-23,47.610848986832046,47.663640239272716,46.862940464287135,46.889339447021484,48437300
2011-11-25,46.68694868231606,47.22367857975298,46.51976749117659,46.528568267822266,25448100
2011-11-28,47.66364081120596,48.209175040741684,47.6372451846689,48.1475830078125,46710700
2011-11-29,48.12116375935083,48.481918381659256,47.7076179062004,47.8484001159668,52056700
2011-11-30,49.15065991616461,49.660994412092826,48.98347865446106,49.617000579833984,66918600
2011-12-01,49.60819390868761,50.092132686353935,49.581794929041855,49.960147857666016,45362200
2011-12-02,50.45288827314571,50.45288827314571,49.775372630270915,49.819366455078125,36938900
2011-12-05,50.5672844432379,50.699265942560096,50.08334220951359,50.36491012573242,40492200
2011-12-06,50.40889335313671,50.5496756033693,50.05693604929843,50.224117279052734,38670000
2011-12-07,50.083331672306535,50.4528871769881,49.58179469607083,50.224117279052734,44576200
2011-12-08,49.89856412936073,50.28571790107709,49.2826404205963,49.37942886352539,51692600
2011-12-09,49.502592382114074,50.32089006067511,49.484997542081025,50.17131042480469,55757900
2011-12-12,49.643366401129335,50.16250136572004,49.18582679253517,49.60817337036133,55411700
2011-12-13,49.933741063322266,50.136115293925116,48.86027454259052,49.06264877319336,68557700
2011-12-14,48.877876780799255,48.91307317768705,48.02438597360553,48.297149658203125,63682800
2011-12-15,48.71070335213394,48.76349459574469,48.09477977673869,48.1651725769043,58732900
2011-12-16,48.42198560652814,49.07502645436938,48.3337383900378,48.41316223144531,60978900
2011-12-19,48.598479155268635,48.713203219804164,47.80424081066143,47.936614990234375,46733900
2011-12-20,48.713196470172726,49.419184141772234,48.686719618077596,49.3574104309082,81758800
2011-12-21,49.066190285470554,49.10149051185044,48.08663425154034,48.651424407958984,78552300
2011-12-22,48.75731267537488,49.09265803094177,48.68671223571269,49.06618118286133,40334100
2011-12-23,49.16326220971445,49.489784240722656,49.04854152830429,49.489784240722656,26594600
2011-12-27,49.4535669790161,49.83336443579666,49.400570339546064,49.674381256103516,21443500
2011-12-28,49.61256061102878,49.692053902302156,48.967783190415545,49.10027313232422,38180100
2011-12-29,49.17976796614276,49.48890668114703,49.020781378609335,49.45357894897461,28077900
2011-12-30,49.347575955216456,49.56839024239489,49.303413771652494,49.31224822998047,21832400
2012-01-03,50.266159121524645,50.51347001999075,50.12483812677854,50.257328033447266,39514100
2012-01-04,50.177818702734875,50.53995384644684,49.95700450853594,50.46929168701172,29403400
2012-01-05,50.36330823217962,50.92859210223407,50.16899063833929,50.884429931640625,41260600
2012-01-06,50.893282783672554,51.175924839578,50.69896847608698,51.06110382080078,46325200
2012-01-09,51.1935837814067,51.21124932879049,50.725458568491604,50.89327621459961,39195500
2012-01-10,51.43205406513639,51.582209505332536,50.91093230685218,51.26423645019531,35949900
2012-01-11,51.25539965227803,51.48504834576884,51.06108541473719,51.37022399902344,37144100
2012-01-12,51.485062774121374,51.64404933898292,51.10526191021421,51.573387145996094,26188300
2012-01-13,51.29957693881054,51.40556685349243,50.946272730726044,51.387901306152344,35980400
2012-01-17,51.83836396213849,52.07684381095429,51.66171521726056,51.85602951049805,41790800
2012-01-18,51.95318739950846,52.54497146606445,51.82953193259314,52.54497146606445,48692700
2012-01-19,52.783445030787774,52.96893159029204,52.686289575967606,52.87177276611328,47774500
2012-01-20,52.64211902398448,52.81877110849952,52.606791302568084,52.792274475097656,41041700
2012-01-23,52.80110206664971,53.18090284393143,52.500794553667845,52.8099365234375,40958300
2012-01-24,52.57145900827418,52.854100989284404,52.47430019554726,52.7127799987793,38440200
2012-01-25,53.22507341697635,53.507718799690956,52.845275949133026,53.37522888183594,61591800
2012-01-26,53.604863894220216,53.70202269928866,52.9335900845732,53.189735412597656,37852700
2012-01-27,53.07492107138608,53.445887448658404,53.04842443568335,53.348731994628906,45532300
2012-01-30,52.89826953389302,53.47238802218486,52.69512079617585,53.39289474487305,42797800
2012-01-31,53.657864377016374,53.75502318905972,53.11907705158195,53.46354675292969,51449600
2012-02-01,53.77269159466768,54.09066468032297,53.578373960243134,53.89634704589844,46146700
2012-02-02,54.07301674194924,54.24083442764226,53.852202401603954,54.06418228149414,46373600
2012-02-03,54.5676153335493,54.86792284255465,54.479290982989255,54.806095123291016,36453800
2012-02-06,54.60294965184397,54.779601732772846,54.46162866097251,54.76193618774414,28541300
2012-02-07,54.717783456184065,54.98275993864312,54.47046915244467,54.87677001953125,37935700
2012-02-08,54.885601376288626,55.168243408203125,54.682452626435,55.168243408203125,41171100
2012-02-09,55.3802211622827,55.627532073509926,55.04458251893257,55.565704345703125,46856400
2012-02-10,55.16823997416132,55.32722652838668,54.982756784017916,55.17707443237305,58090500
2012-02-13,55.59220274851996,55.76002376021105,55.336060740614236,55.689361572265625,36810200
2012-02-14,55.56570818590066,55.83951912036732,55.37139053115925,55.830684661865234,51648200
2012-02-15,56.09566318851781,56.404805229576695,55.353727007078845,55.442054748535156,105709100
2012-02-16,55.45970510456568,56.26346880016701,55.31838412630691,56.20164108276367,83642300
2012-02-17,56.21048471950036,56.254646903311375,55.7776906010503,56.025001525878906,76112300
2012-02-21,56.08683926457483,56.43130907686607,55.830693835665194,56.183998107910156,38141300
2012-02-22,56.07800430052618,56.245821965103346,55.848355528621624,55.92784881591797,43174700
2012-02-23,55.99849391396132,56.360629141208285,55.72468303702513,56.29880142211914,54250000
2012-02-24,56.457791008938614,56.59028091885241,56.35180110262261,56.49312210083008,41364900
2012-02-27,56.18396995445811,56.75808826682909,55.93665910942818,56.57260513305664,42678500
2012-02-28,56.625632769482145,57.146751403808594,56.55497055979473,57.146751403808594,43717500
2012-02-29,57.190902504255924,57.376385703731735,56.70510835892582,56.89059829711914,59784400
2012-03-01,57.10258034053653,57.394056838998495,56.93475931317034,57.34105682373047,67558900
2012-03-02,57.26156297863859,57.48237726739899,57.111410879573675,57.29689407348633,33358200
2012-03-05,57.2615726867696,57.33223488844515,56.519636415972386,56.705116271972656,45788800
2012-03-06,56.14864730834961,56.281137206300244,55.84833979310517,56.14864730834961,54638600
2012-03-07,56.41362996548995,56.713937513901826,56.325305603339935,56.58144760131836,42741800
2012-03-08,56.917091342656505,57.358719905554295,56.7934358841425,57.19089889526367,43711100
2012-03-09,57.28805706045233,57.535367974640884,57.252725967180105,57.42937469482422,43117200
2012-03-12,57.411713659277936,57.50887248302947,57.16440274017118,57.45587921142578,32687300
2012-03-13,57.7650108453374,58.52461242675781,57.65018311918453,58.52461242675781,61559100
2012-03-14,58.586438883276635,58.94857075196276,58.36562463155801,58.72775650024414,59926900
2012-03-15,58.90442237961686,59.01924338491297,58.6041114399478,58.89558792114258,65531200
2012-03-16,58.98671491812106,58.98671491812106,58.71244255999461,58.854000091552734,53023100
2012-03-19,58.95130077853847,59.41137776391456,58.79204439900887,59.269813537597656,60966200
2012-03-20,58.96017424826638,59.4379435814795,58.800917803862,59.37601089477539,47290600
2012-03-21,59.38487243652344,59.71222809708969,59.305240823035724,59.38487243652344,39648100
2012-03-22,59.030959174968345,59.4025553127226,58.99556810230267,59.2609977722168,56953900
2012-03-23,59.33177911887038,59.34947803205702,58.88940079141049,59.22561264038086,45541700
2012-03-26,59.62374309721138,60.26076889038086,59.57065986449951,60.26076889038086,40855300
2012-03-27,60.304990327371335,60.596954765018026,60.27844196926289,60.34922409057617,37278200
2012-03-28,60.38462771666626,60.61466628372582,59.75645144714164,60.110355377197266,44421900
2012-03-29,59.80953555090828,60.10150680374619,59.455631615664394,59.88031768798828,53975300
2012-03-30,60.145761649225314,60.18114597603512,59.52642792753007,59.765316009521484,39480900
2012-04-02,59.70337633620487,60.4642607765477,59.5972031177083,60.38463592529297,40031600
2012-04-03,60.43770729689903,60.65005369221335,60.03072016444666,60.3669319152832,45539900
2012-04-04,59.915690064199715,59.951081121698515,59.1990397127726,59.54409408569336,54088100
2012-04-05,59.437925998550256,59.96877840614253,59.39368548535315,59.91569519042969,42979900
2012-04-09,59.172487323727886,59.70334639987151,59.066320908622004,59.46445846557617,36908200
2012-04-10,59.437954124685085,59.6679927518864,58.323158816110166,58.50895690917969,69254200
2012-04-11,59.022110897985094,59.18136735308268,58.64166529692737,58.79207229614258,62950000
2012-04-12,58.90706453580963,59.52639112443912,58.81859027317021,59.46445846557617,57407400
2012-04-13,59.26100462919464,59.45564542614202,58.53550443099428,58.56204605102539,55227500
2012-04-16,58.85401518334406,58.889406262847956,57.72152763985209,57.907325744628906,57588000
2012-04-17,58.155047509145064,59.269835835085054,58.066566459333245,59.08403778076172,47362400
2012-04-18,58.915936800168836,59.278690234214736,58.75668709760071,58.93363571166992,42536100
2012-04-19,58.72129686988915,59.4290980865098,58.05772943234396,58.27006912231445,81110900
2012-04-20,58.58855943345083,58.845139553685215,58.022315978504075,58.11079025268555,59906900
2012-04-23,57.562253330640374,57.66842653627117,57.057942416667316,57.579952239990234,70514400
2012-04-24,57.47378441493399,57.712672462428436,57.022556686455275,57.270294189453125,49661500
2012-04-25,58.4558672243397,58.827463369515044,58.367392915987054,58.79207229614258,57526900
2012-04-26,58.783237272343264,59.26984940695292,58.70360565930951,59.13713455200195,41799500
2012-04-27,59.38484613582212,59.676810588882276,59.075176026267,59.49101257324219,46003800
2012-04-30,59.31406062945241,59.42907651348576,59.0220894428817,59.06632995605469,37787700
2012-05-01,59.004409341743475,59.836075808029555,58.91592829732166,59.163665771484375,37643800
2012-05-02,58.87169384622204,59.37600474289202,58.73012957690476,59.331764221191406,38299300
2012-05-03,59.367173176368134,59.411413711398815,58.55319863300384,58.70360565185547,51297600
2012-05-04,58.16389535934104,58.70359741018604,57.23490500554331,57.24374771118164,107554000
2012-05-07,56.89871129092698,57.57112839202337,56.88101912386405,57.29685592651367,50267800
2012-05-08,56.934080926110916,57.27913543019623,56.16434369583768,57.08448791503906,72659700
2012-05-09,56.42093151852742,57.22605992850312,56.1908929013465,56.90754699707031,85715300
2012-05-10,57.16411086457132,57.181803022292556,56.580171782515016,56.79251480102539,49448900
2012-05-11,56.59787808034879,57.38531087674844,56.54479147185457,56.78367614746094,47099900
2012-05-14,56.29706766370334,56.69520883885122,56.164352813627765,56.252830505371094,46360000
2012-05-15,56.40324803087395,56.86331861336957,55.96971569822912,56.067039489746094,66908600
2012-05-16,56.26165068860392,56.429753162916946,55.571541886071515,55.68655776977539,52825900
2012-05-17,55.704257801315194,55.792735459480106,54.50098865089278,54.50983810424805,62253900
2012-05-18,54.677943205086656,54.81950408983786,53.75779576666499,53.80203628540039,79496500
2012-05-21,53.90821216860328,55.35921224427598,53.83743003072749,55.30612564086914,61473000
2012-05-22,55.465386983273234,55.695425576643956,54.84606009745605,55.244197845458984,62954800
2012-05-23,54.77528296815057,55.483087598942014,54.29751357671183,55.35037612915039,56951100
2012-05-24,55.43000343077537,55.48308666776965,54.58063451300189,54.98762512207031,83131200
2012-05-25,55.04070880172766,55.13803257043808,54.75758695188571,54.91684341430664,32078900
2012-05-29,55.43000468106443,55.872382999747856,55.102642295182015,55.61580276489258,44216700
2012-05-30,55.1114824046099,55.34151760627633,54.5717804073378,55.146873474121094,56431800
2012-05-31,55.07609967436157,55.2176605987624,54.49216043932329,54.907997131347656,55260100
2012-06-01,53.917062896450105,54.2532713301882,53.43044746937663,53.448143005371094,71430800
2012-06-04,53.598548615798826,53.93475364461334,53.120779311595356,53.855125427246094,74119500
2012-06-05,53.66934479371186,54.18250533327929,53.64280317100292,54.076332092285156,47916900
2012-06-06,54.48330210194495,55.359209069924844,54.43021550158215,55.314971923828125,58781800
2012-06-07,55.89890869319711,55.89890869319711,55.04954337332873,55.093780517578125,38414800
2012-06-08,55.00529231886581,55.695404462275086,54.819494323557485,55.6246223449707,39730800
2012-06-11,56.0493165714977,56.07586155854187,54.651403214998844,54.68679428100586,51008900
2012-06-12,54.94338551325144,55.37691774809297,54.57178934774045,55.35037612915039,48802600
2012-06-13,55.19111023232064,55.60694348335649,54.78411968598269,54.96992111206055,50840100
2012-06-14,54.96106929165334,55.394601433738046,54.67794749991238,55.17341232299805,65170600
2012-06-15,55.32682596318231,55.93871321055081,55.300223346456825,55.85890197753906,41536100
2012-06-18,55.62831823718926,56.52397774084732,55.53964061910804,56.3820915222168,32191200
2012-06-19,56.66587900372228,57.20682141300187,56.621536800074956,56.967384338378906,36476500
2012-06-20,57.09152658685307,57.260018818879935,56.58606003927665,57.01171875,51389700
2012-06-21,56.9673771140188,57.029452131850746,55.530778528310634,55.59285354614258,42492700
2012-06-22,55.77908977233916,56.24908736808592,55.628333720239965,56.17814254760742,29504200
2012-06-25,55.71700599172096,55.734738811219216,54.93663000324434,55.09625244140625,33136400
2012-06-26,55.28248949617042,55.60173444181787,55.03418937526037,55.44211196899414,30611100
2012-06-27,55.65494124924833,56.02739482396704,55.5928662172678,55.77909469604492,35705800
2012-06-28,55.36230558353721,55.397777999014075,54.57306294477346,55.15834426879883,49793400
2012-06-29,56.22248397414488,56.896446228027344,56.053991719256665,56.896446228027344,44761300
2012-07-02,56.9762599408879,57.09154021018508,56.63927877925757,57.064937591552734,33425600
2012-07-03,57.100401585688516,57.54379653930664,57.011723948098904,57.54379653930664,15895100
2012-07-05,57.49060700616806,57.8630572451341,57.18023180702969,57.57928466796875,37016200
2012-07-06,57.31323520106919,57.36644720166656,56.44418479080449,56.86097717285156,40684100
2012-07-09,56.79890458605587,56.985129681977924,56.47078983666688,56.75456237792969,35628300
2012-07-10,57.06494629786502,57.206835973113506,55.9741947906627,56.195892333984375,47365700
2012-07-11,56.12492405577724,56.27567668942646,55.42435934181642,55.88549041748047,43432000
2012-07-12,55.44210446902355,55.5928571269442,54.85682327545602,55.3622932434082,57680400
2012-07-13,55.51305157407419,56.32890011738229,55.477582545714526,56.204750061035156,32357200
2012-07-16,56.08061554846824,56.32891572998349,55.82344557027814,56.045143127441406,27621400
2012-07-17,56.39983976619287,56.52399320143334,55.539655810455606,56.337764739990234,42467800
2012-07-18,56.23134910991091,57.26889508309828,56.21361290543885,57.10040283203125,44489700
2012-07-19,57.49944375848064,57.91623602070419,57.393033319219356,57.730010986328125,53017800
2012-07-20,57.71229141249768,57.73002423455438,56.94078172245866,56.967384338378906,40573100
2012-07-23,55.8589067773157,56.470790694426135,55.433244576120394,56.27569580078125,48657800
2012-07-24,56.37323687509741,56.453048105945115,55.4687107197685,55.83229446411133,57269700
2012-07-25,55.397782899516,55.823441774385095,55.11401031626994,55.45985794067383,46264400
2012-07-26,56.25796737548756,56.51513733762136,55.841178294371325,56.195892333984375,41928200
2012-07-27,56.60381098428801,57.63248393266274,56.43531870837709,57.52607345581055,42621000
2012-07-30,57.66794886139045,57.916248962710526,57.28662891560023,57.48172378540039,37821300
2012-07-31,57.570403539455114,57.80097082728767,57.41078107336651,57.463993072509766,34588300
2012-08-01,57.87192040782621,57.88965323188508,57.06493821688959,57.29550552368164,30920200
2012-08-02,56.860973148743234,57.659078678842555,56.67474469117356,57.09153366088867,40534900
2012-08-03,58.01380509761931,58.42172772034338,57.80984716909295,58.17342758178711,42117400
2012-08-06,58.47494220385905,58.87399504835594,58.35079212931905,58.616825103759766,23523600
2012-08-07,58.86513133746034,59.343998859757946,58.776453670147234,59.10456848144531,28223300
2012-08-08,58.95380708423966,59.20210722240097,58.8562596348661,59.07795715332031,20723500
2012-08-09,59.06906594898254,59.335105580971735,58.96264874305308,59.25529098510742,20726200
2012-08-10,59.04247899974222,59.3085119366269,58.891726325607166,59.29077911376953,20312000
2012-08-13,59.27304810176603,59.44154038880916,58.971542709869546,59.43267059326172,19890300
2012-08-14,59.654370070098935,59.77852691480217,59.29078962884192,59.45928192138672,24218700
2012-08-15,59.41492862055737,59.69870114334216,59.40605882637548,59.610023498535156,29100400
2012-08-16,59.83171995758766,60.45247022616096,59.760775136701994,60.31945037841797,35699900
2012-08-17,60.452459911282034,60.594349528843026,60.31057705939038,60.585479736328125,22584800
2012-08-20,60.54116301083431,60.68305268809238,60.30173263755156,60.6741828918457,26924000
2012-08-21,60.83377558218273,61.082075630023944,60.19528587878026,60.434722900390625,41391000
2012-08-22,60.301713062743104,60.798313240598354,60.13322081711221,60.68303298950195,44555700
2012-08-23,60.40813318459558,60.60322128834927,60.026813239540544,60.18643569946289,28800400
2012-08-24,60.04455524316503,60.70077800511635,59.947007793536564,60.558895111083984,38384800
2012-08-27,60.816040265973655,60.89584809278634,60.52339803632328,60.65641784667969,20671400
2012-08-28,60.60320586313596,60.82490329184044,60.39924801750225,60.65641784667969,27337900
2012-08-29,60.65641784667969,60.807170474438266,60.39924801750225,60.65641784667969,26672400
2012-08-30,60.390410928264124,60.4170135516074,59.94701583075018,60.04456329345703,24425400
2012-08-31,60.47906915823679,60.70076663574597,59.83171631268523,60.443603515625,42128000
2012-09-04,60.3283331468418,60.61210572574295,59.78739061117524,60.38153839111328,32017200
2012-09-05,60.3549227888608,60.612092690318455,60.159827914260475,60.31945037841797,26129300
2012-09-06,60.6919066826959,61.676244073958685,60.67416709482119,61.658504486083984,43100000
2012-09-07,61.51662280013592,61.676245265740526,61.39247274529573,61.569828033447266,32958600
2012-09-10,61.41021788132362,61.54323775694463,60.73625547300327,60.78059768676758,25490000
2012-09-11,60.78945021290093,61.02888050846114,60.585485559470385,60.68303298950195,29810100
2012-09-12,60.904747181600186,61.0200274643396,60.487954732637284,60.86040496826172,42203400
2012-09-13,60.91361654144467,61.9511593756893,60.851541502618204,61.68511962890625,45417800
2012-09-14,61.906805776448024,62.45661799469517,61.88907295390418,62.234920501708984,38880300
2012-09-17,62.27038254897869,62.28811536857131,62.03981530025797,62.261512756347656,31798400
2012-09-18,62.10190008626564,62.341337165282,62.09303029223935,62.314727783203125,27169800
2012-09-19,62.305857894553995,62.58963038111555,62.12849586190942,62.43000793457031,36484600
2012-09-20,62.12851711957274,62.43002929539792,61.960031587999204,62.36795425415039,42520200
2012-09-21,62.679199983742606,62.73255694734247,62.323471061492214,62.38572311401367,23678500
2012-09-24,61.86993933615461,62.127842730287306,61.73654009298702,62.021121978759766,32341600
2012-09-25,62.181200152110506,62.32349448848411,61.122914861443284,61.149593353271484,41299600
2012-09-26,61.06956969917797,61.10514329410975,60.34032796550018,60.651588439941406,32770400
2012-09-27,60.80276826365118,61.62983555587174,60.69604749579523,61.48754119873047,25339500
2012-09-28,61.28298574700636,61.46974195389506,60.927256730804075,60.980613708496094,30112600
2012-10-01,61.27410068286129,61.6565082504882,60.696041785057666,60.891693115234375,37715300
2012-10-02,61.158483946317645,61.34524696602997,60.58932014948601,61.06955337524414,33254300
2012-10-03,61.23852376536706,61.5764626359443,60.99840376958878,61.460853576660156,38236000
2012-10-04,61.558642565980534,61.843224283511844,61.362991362997136,61.674251556396484,26128600
2012-10-05,61.98554567277457,62.07448302095878,61.18516381885316,61.34524154663086,25207900
2012-10-08,60.98951191501509,61.11401605930037,60.64267797236796,60.78496551513672,30911500
2012-10-09,60.6248626929379,60.77604526484907,59.67329182125561,59.81558609008789,67974000
2012-10-10,59.797807362604985,59.96678014295299,59.40651161832895,59.51322555541992,45134300
2012-10-11,59.957888949780425,60.00235761643527,59.29089965975329,59.326473236083984,30469400
2012-10-12,59.31759571784502,59.637751214697325,59.184203248296505,59.29981231689453,24891200
2012-10-15,59.52210768468959,59.81558451771842,59.166378806924094,59.73554229736328,22220100
2012-10-16,59.824479692519425,60.65154654471853,59.8066962998222,60.580406188964844,33960600
2012-10-17,60.26915584531361,60.740500694460884,60.18912037855086,60.54484939575195,33439400
2012-10-18,60.34916986059044,60.54482106775717,59.61992876976395,59.84225845336914,61707600
2012-10-19,59.77112206296413,59.82447902542562,58.33931810055339,58.410465240478516,75362600
2012-10-22,58.38379732591767,58.86403042988082,58.25039811065581,58.71284103393555,38621500
2012-10-23,58.2326186951476,58.65059298025335,57.97471533733784,58.1525764465332,52591200
2012-10-24,58.48160705124677,58.57943266348824,57.85907981107702,57.94801712036133,39872400
2012-10-25,58.348207872284384,58.44603348452586,57.779044374678044,57.94801712036133,52688700
2012-10-26,57.94802696102665,58.35711287034144,57.49447238951809,58.11699295043945,54213100
2012-10-31,58.045846602064096,58.15256732181561,57.56562032559562,57.76126480102539,38524500
2012-11-01,58.125882725816226,58.695046268042496,57.95690996688621,58.579437255859375,26945000
2012-11-02,58.84622805045747,58.88180161948401,57.90355221862995,57.9569091796875,44083000
2012-11-05,57.965816390425566,58.45494458562497,57.84131226527771,58.33932876586914,28094700
2012-11-06,58.437142203979676,58.84622807047729,58.21481248621154,58.44603729248047,29608400
2012-11-07,57.82351233463513,57.89465947557054,56.82747950139861,57.06759262084961,70737800
2012-11-08,57.22766454474127,57.36106372434887,56.169376373291016,56.169376373291016,58585800
2012-11-09,56.20495717483029,57.014237267163644,56.16938360335833,56.40950012207031,51542100
2012-11-12,56.73855790002515,56.80080996562487,56.24943307353452,56.40061569213867,32663700
2012-11-13,55.96484259169157,56.54290127441464,55.831443390299285,56.009307861328125,43288300
2012-11-14,56.284991864305745,56.34724391355036,55.26227381103181,55.3512077331543,82655300
2012-11-15,55.3867813294319,55.57354088117963,54.959908654333056,55.164451599121094,55124200
2012-11-16,55.208916062893806,55.564641568863905,54.52414013848655,55.404563903808594,70873100
2012-11-19,56.00930964585567,56.76523282369225,55.99152285893782,56.72076416015625,55306400
2012-11-20,56.70297470664581,56.81858711993356,56.196063177015205,56.738548278808594,52012700
2012-11-21,56.80079232871945,56.93418811680609,56.560675839184995,56.85415267944336,19611700
2012-11-23,57.174338265364774,57.73460697838746,57.13876467938381,57.71682357788086,16462900
2012-11-26,57.574498785134885,58.00137480618122,57.396637734261354,57.96580123901367,26430900
2012-11-27,57.95689771327992,58.16144399847322,57.67231600233482,57.7701416015625,25828600
2012-11-28,57.49447762034097,58.312649513407486,57.13874864532245,58.26818084716797,37295800
2012-11-29,58.57943192689047,58.81954501803222,58.32152866012992,58.61500549316406,41136100
2012-11-30,58.623895313102736,58.66836396833651,58.348208648553054,58.517181396484375,33497400
2012-12-03,58.9707444638958,59.02410822106135,58.37490232444708,58.401580810546875,28240000
2012-12-04,58.42825318519383,58.49050524123727,57.98359370346491,58.36600112915039,49584500
2012-12-05,58.277092290903546,58.28598738364072,57.405563181757145,57.71682357788086,54076200
2012-12-06,57.53893655021639,58.23261106915586,57.387753948702176,58.09031677246094,47512300
2012-12-07,58.37490404629583,58.4371561106869,57.54783702797676,57.74348831176758,30089400
2012-12-10,57.58340982839838,58.21482555440574,57.58340982839838,57.91246032714844,33219600
2012-12-11,58.31264416551577,58.997416782028644,58.268175503354506,58.668373107910156,40750800
2012-12-12,58.979621881775756,58.979621881775756,58.38377992086332,58.54385757446289,45917700
2012-12-13,58.42825859821816,58.837351330078135,57.8324164658919,58.081424713134766,45467700
2012-12-14,57.690129887319756,57.876886075796776,57.334400906187625,57.530052185058594,39630300
2012-12-17,57.58341425864519,58.31265568133284,57.503378792907476,58.29487228393555,42302900
2012-12-18,58.58832856008353,59.27310793452816,58.42825088157381,59.18417739868164,55596000
2012-12-19,59.35315031123131,59.37094049145673,58.89070739985671,58.9262809753418,34832500
2012-12-20,59.03299491683129,59.05968018716943,58.63280406631416,58.9262809753418,40754300
2012-12-21,58.020382219770376,58.37809249107842,57.769987076681524,58.306549072265625,51152900
2012-12-24,58.15452065131289,58.25289114010927,58.05615016251652,58.19029235839844,11418300
2012-12-26,58.23500462317642,58.288658768672754,57.49275710428713,57.6805534362793,21751300
2012-12-27,57.73421312699345,57.80575654303012,56.875712602820414,57.59113311767578,52933200
2012-12-28,57.15293082984399,57.617952739795655,57.00984742765712,57.03667449951172,33082100
2012-12-31,56.97408118572563,58.35126119589974,56.857828255626906,58.24394607543945,57544000
2013-01-02,59.67477918088407,60.12191522298561,59.4512111598333,60.0950813293457,70695900
2013-01-03,60.09507160357196,60.22026912927809,59.60322613051316,59.78207778930664,47366500
2013-01-04,59.80892189989824,59.80892189989824,59.44227384806003,59.58535385131836,33972500
2013-01-07,59.43333468036617,59.7016190924317,59.24553832102271,59.603248596191406,26766200
2013-01-08,59.59429937404339,59.75526864433619,59.17399034479242,59.48698425292969,28734900
2013-01-09,59.576420648956784,59.871525310609336,59.51382186342371,59.71055603027344,25600300
2013-01-10,60.12191352648765,60.157678404822576,59.513808253478665,60.06825256347656,37528000
2013-01-11,60.04142376091262,60.17556593043828,59.91622622208978,60.148738861083984,21158600
2013-01-14,59.84471000366594,60.05039566672903,59.62114189382909,59.8804817199707,36768500
2013-01-15,59.58535385131836,59.67478652895462,59.31707628667573,59.58535385131836,31675300
2013-01-16,59.665835863135825,60.032483877898,59.558520754477414,59.826805114746094,33822300
2013-01-17,60.0682711724074,60.345500236045254,59.96990066962565,60.11298751831055,32024200
2013-01-18,59.93412353241201,60.04143865921186,59.71055546864588,59.97883987426758,31992000
2013-01-22,60.04146063881147,60.12194871906489,59.67481242784779,60.077232360839844,32123100
2013-01-23,60.417016772023196,60.62270234300663,60.32759093267335,60.443843841552734,31975700
2013-01-24,59.61219024658204,60.166634663733205,59.522757565197686,59.61219024658203,42596300
2013-01-25,59.79999537053457,60.086162253786846,59.683735596779265,59.9162483215332,39240100
2013-01-28,59.92517933554457,60.25605566809059,59.85363592530295,60.050376892089844,32926100
2013-01-29,59.978845742605714,60.19346919444835,59.585363728597116,60.05933380126953,35554700
2013-01-30,60.166644350387415,60.34550291919614,59.79999622415388,59.93413162231445,34445000
2013-01-31,59.90730373945296,60.22924233623539,59.746334441061755,59.79999542236328,34870500
2013-02-01,60.22025806170911,60.61373982604293,59.97880768443747,60.506431579589844,53120800
2013-02-04,60.157678950947705,60.327592826975696,59.43332075988844,59.451210021972656,48483700
2013-02-05,59.7105561548047,60.51540255816277,59.56747614018323,60.327606201171875,35120300
2013-02-06,60.130859375,60.40808838982256,59.952007668393094,60.130859375,43593200
2013-02-07,60.20239171561378,60.24710804541988,59.522743074534425,60.18450927734375,46017900
2013-02-08,60.48857695638591,60.92676846671321,60.479632323142795,60.801570892333984,39837200
2013-02-11,60.83732900345353,60.86415607443007,60.613760981642955,60.8194465637207,17650400
2013-02-12,60.7389721893122,60.85523195336552,60.50646630671778,60.56906509399414,22057900
2013-02-13,60.74790825693618,61.016192634723765,60.6048214360481,60.7836799621582,23494700
2013-02-14,60.50645231763803,60.855217883651235,60.47068061564251,60.765785217285156,24478800
2013-02-15,60.75685466446216,60.908879299032094,60.41702686629956,60.58694076538086,25333600
2013-02-19,60.70321167008345,61.04303956888129,60.685329223031786,61.025150299072266,23436500
2013-02-20,61.00725426784894,61.03408134383167,60.07721030483128,60.08615493774414,38200300
2013-02-21,59.86258503917062,59.92518382213001,59.22765257693803,59.44227600097656,45855600
2013-02-22,59.78210308020176,60.050387504643496,59.54959036720267,60.04144287109375,21968000
2013-02-25,60.42596380139606,60.64058718890601,59.245524935959565,59.29917907714844,40927600
2013-02-26,59.3796746668961,59.63006978797598,58.98619272076753,59.52275466918945,42088800
2013-02-27,59.52275402067914,60.49751424312602,59.44227279953261,60.130859375,36339500
2013-02-28,60.139814669950226,60.57800620475723,59.99672782109118,60.005672454833984,28557300
2013-03-01,59.79997247701774,60.36336139383541,59.50486107274246,60.256046295166016,31617200
2013-03-04,60.05931547959732,60.53327858492621,59.97882744548716,60.52433395385742,19380500
2013-03-05,60.88201745945596,61.49906027764033,60.88201745945596,61.4185791015625,35581900
2013-03-06,61.60639575360609,61.62428501383123,61.18608683411341,61.26657485961914,29071100
2013-03-07,61.33812241260057,61.52592556481532,61.212924859627364,61.427555084228516,21775900
2013-03-08,61.63324193371668,61.72266779431232,61.2576492255615,61.49909973144531,26159900
2013-03-11,61.41861586691891,61.695838069690474,61.23081952090377,61.677955627441406,23187900
2013-03-12,61.49907809449855,61.64216487931465,61.159257214690456,61.454368591308594,27575400
2013-03-13,61.53484769506332,61.60639108503487,61.15925513184243,61.373878479003906,34297300
2013-03-14,61.58851540067899,61.713712935477645,61.445428605049706,61.57957077026367,31530800
2013-03-15,61.62348723398876,61.65934171991381,61.25598388216497,61.40836715698242,30752600
2013-03-18,60.843682497703185,61.52490422052897,60.709236690638434,61.273929595947266,36163000
2013-03-19,61.46216262559664,61.578684608475676,60.61064057241674,61.15740966796875,33125100
2013-03-20,61.587642669677734,61.72209530392066,61.30081357461384,61.587642669677734,28035400
2013-03-21,61.02295667769026,61.17533315565481,60.745086045380155,60.88850402832031,30050800
2013-03-22,61.13949499638804,61.52492238034361,61.06778598575732,61.4801025390625,28837200
2013-03-25,61.67727077185759,61.81172339583781,60.960201508203994,61.25598907470703,24909800
2013-03-26,61.489044527135924,61.605573334800816,61.354591892893,61.587642669677734,19725200
2013-03-27,61.166359851119424,61.71312887237075,61.076727042735335,61.66831588745117,22539500
2013-03-28,61.6683060917316,61.90134998880332,61.524888150262385,61.820682525634766,23662800
2013-04-01,61.86549726436229,61.928240905905035,61.229095517701886,61.3994026184082,28112800
2013-04-02,61.69521476093628,62.089600547637126,61.64142959660062,61.883445739746094,29431900
2013-04-03,61.919288160743655,62.008920965761256,61.166357553797496,61.31874084472656,35131200
2013-04-04,61.29183484861726,61.48903109060974,61.00500581623099,61.33665466308594,32287400
2013-04-05,60.36860847477219,60.91537742577425,60.2251973674922,60.82574462890625,55610800
2013-04-08,60.852631681773275,61.16634987924495,60.673366094230545,61.1484260559082,17891600
2013-04-09,61.309770669615894,61.811719808899724,61.03190010590309,61.56074523925781,30931400
2013-04-10,61.77585883997677,62.896285792988,61.7400043568552,62.76183319091797,55271300
2013-04-11,62.60948657607013,62.87839190824089,62.537777575685034,62.7349739074707,37233600
2013-04-12,62.5825648817471,62.73494129945406,62.21506841324543,62.690128326416016,32783700
2013-04-15,62.457087344788924,62.55568547479205,61.38148008472013,61.453182220458984,48795800
2013-04-16,61.80276212932637,62.34057266062423,61.67727482896886,62.268863677978516,27682600
2013-04-17,61.731052971021214,61.74897679537356,60.69129335643624,61.04983139038086,60204800
2013-04-18,61.21117676228257,61.24703125163931,59.947331656999836,60.207271575927734,56798200
2013-04-19,60.3237983969375,61.15739644113623,60.234158757214146,61.03190231323242,43062800
2013-04-22,61.24702358660079,61.88342530631213,61.022938185073826,61.659339904785156,34412100
2013-04-23,62.00892532640928,62.475020048404765,61.68624173481812,62.25093460083008,53078300
2013-04-24,62.098557497540156,62.44813024506922,61.9551463686143,62.22404479980469,44500700
2013-04-25,62.38537223375574,62.788730045512004,62.37640690321622,62.55567932128906,26437100
2013-04-26,62.403313626793725,62.5377594152906,62.089588550848504,62.35849380493164,24079800
2013-04-29,62.555708869957506,63.17418703700057,62.52881970418115,62.93217086791992,31664000
2013-04-30,63.01282037692497,63.398247557804545,62.77976963444001,63.3892822265625,30135800
2013-05-01,63.40722032332629,63.50581847355092,62.96801473321831,63.093502044677734,28537200
2013-05-02,63.201070344726,64.02570326531777,63.14728517961185,63.89125061035156,31744200
2013-05-03,64.50972764512578,64.84136977149726,64.45594931945386,64.64418029785156,34061700
2013-05-06,64.76068136287539,64.99373209641294,64.70690305457586,64.89513397216797,19244300
2013-05-07,65.0026945576686,65.04751437635063,64.61726736805333,64.85928344726562,25838100
2013-05-08,64.8234162577227,65.22676719264666,64.71585281708964,65.17298889160156,24252100
2013-05-09,65.04750428297517,65.5225641976956,64.95787149806354,65.08335876464844,29337200
2013-05-10,65.21782801473607,65.5046571028213,65.10129920990637,65.47776794433594,20663700
2013-05-13,65.37020259019066,65.71977531752768,65.3074589426826,65.55843353271484,29730100
2013-05-14,65.57637867861689,66.09625179911492,65.54948267642119,65.89905548095703,36009800
2013-05-15,65.77356072125583,66.09624432565656,65.61221891905548,66.03350067138672,27214400
2013-05-16,66.08730142767814,66.41894360485213,65.9259595874013,65.96180725097656,27253400
2013-05-17,66.30240350415218,66.6250870966271,66.08728338868396,66.59819793701172,31114500
2013-05-20,66.47272173677193,66.71473105228098,66.23070558271657,66.4996109008789,25132400
2013-05-21,66.46374006191031,66.81331278644831,66.23068929937011,66.57129669189453,25900000
2013-05-22,66.6519535051629,67.1807916998714,65.64804857807702,65.98866271972656,59843200
2013-05-23,65.4060558889068,66.06038150978314,65.28056859617588,65.83629608154297,48222100
2013-05-24,65.39710286555353,65.81838464410278,65.21783722463915,65.80046081542969,26430300
2013-05-28,66.57129739858155,66.81331349570443,66.02453523375345,66.2306900024414,27057100
2013-05-29,65.97072470601162,66.1499970865111,65.54048466989701,65.91694641113281,32090300
2013-05-30,65.9439025296439,66.58030474001248,65.92597869266197,66.26658630371094,32390500
2013-05-31,66.01556623870596,66.51751539222865,65.58531922244057,65.65702819824219,38347600
2013-06-03,65.66598769592093,65.791474973153,64.92202252479962,65.77354431152344,47613100
2013-06-04,65.90802832101535,66.16796833014097,65.16406279543656,65.43296813964844,35251900
2013-06-05,65.21780726263198,65.46878178002912,64.52762050124711,64.58140563964844,48654200
2013-06-06,64.67104856952827,64.90409930306582,64.0615360008065,64.89513397216797,62524100
2013-06-07,65.16407630964116,65.85426364493247,65.00273443736317,65.78255462646484,31969800
2013-06-10,65.90802351712519,66.11418517780055,65.66601419581161,65.8094253540039,25390000
2013-06-11,65.15507507324219,65.7376916601205,64.93098966642933,65.15507507324219,40278900
2013-06-12,65.53156881827357,65.55845798601457,64.30357772923844,64.40217590332031,42081900
2013-06-13,64.31254234256168,65.36126090396957,64.13327666726958,65.21784973144531,28221500
2013-06-14,65.2178678586875,65.2895700456056,64.68902234405351,64.7876205444336,27690700
2013-06-17,65.29850261556015,65.79149337006966,65.07441715233685,65.41503143310547,32441900
2013-06-18,65.50464900210018,66.07830710732843,65.48671833963078,65.95281982421875,24853100
2013-06-19,65.97077377392876,66.04248277946446,65.1461407259096,65.21784973144531,43145100
2013-06-20,64.46488827763706,64.68001519221923,63.45202469935237,63.667144775390625,60908400
2013-06-21,63.64378179513041,63.814627713892115,62.79855275727335,63.329071044921875,51558900
2013-06-24,62.807519970956804,63.18517271197399,62.17809873592817,62.699623107910156,41492300
2013-06-25,63.30206711973502,63.40996397765556,62.771549080978076,63.15819549560547,28897400
2013-06-26,63.69771603174454,63.84158769125832,63.472921708888,63.72469711303711,23742300
2013-06-27,64.05741084709209,64.39910272850919,63.95850076143774,63.994468688964844,23545000
2013-06-28,63.79662937104579,64.46202554032773,63.65276456429474,64.08436584472656,28301100
2013-07-01,64.51601707405534,65.01056768420155,64.4171069520261,64.48004913330078,24942800
2013-07-02,64.45304769650875,64.90263647595978,64.15631745562777,64.50699615478516,23067900
2013-07-03,64.27323281038191,65.07350051163438,64.21927747691413,64.76777648925781,18847500
2013-07-05,65.13643713843082,65.28929570651427,64.61491240713022,65.26232147216797,28795900
2013-07-08,65.60397623251706,65.63095045440154,65.08245174215524,65.32523345947266,20558500
2013-07-09,65.63095460631698,65.86474264440318,65.32523759204796,65.72087097167969,26108600
2013-07-10,65.65793933667776,66.19745133554616,65.62197827292123,66.09854125976562,25598900
2013-07-11,66.80887640040444,67.46527199032126,66.76391479115385,67.41132354736328,47768900
2013-07-12,67.4563009848146,67.75303124124314,67.27646820768375,67.70807647705078,31412600
2013-07-15,67.77999422867879,67.90587852382527,67.59116778595907,67.86092376708984,19783600
2013-07-16,67.91486854115793,67.96881699039055,67.60015782033562,67.77100372314453,31747100
2013-07-17,67.9778014107346,68.10368568188844,67.75300708936301,67.94183349609375,24631500
2013-07-18,67.9328559310216,68.10369497365132,67.66309996450009,67.77100372314453,36278800
2013-07-19,67.18655385491006,67.20453438909568,66.87184305530481,67.06965637207031,37732400
2013-07-22,67.32141136116768,67.42032141950602,67.06064910374646,67.2674560546875,21135900
2013-07-23,67.39335417093207,67.40234786722151,66.71897101301009,66.7729263305664,24739500
2013-07-24,67.42931112949033,67.4562853537914,66.83585761432948,66.98871612548828,24426900
2013-07-25,67.3034198012689,67.49224621180025,66.9527412016852,67.41132354736328,23162200
2013-07-26,67.14157542132074,67.77999055789716,67.0336785228555,67.77100372314453,20885600
2013-07-29,67.63614790368351,67.92388449417837,67.46530194488982,67.6451416015625,20958400
2013-07-30,67.88788542289272,68.29251245948765,67.75300745730165,68.00477600097656,24104600
2013-07-31,68.13972337820816,68.52637028133833,68.00484527522131,68.13072967529297,25007600
2013-08-01,68.59824185307608,68.92194625260146,68.52630601758625,68.82303619384766,16880000
2013-08-02,68.83204858942743,69.22768207175413,68.67918318243456,69.20970153808594,18105300
2013-08-05,69.17372362117766,69.30860161484385,69.03884562751145,69.25464630126953,15462800
2013-08-06,69.16472308547189,69.22766522826747,68.56227588154587,68.84101867675781,23675400
2013-08-07,68.64319020881095,68.85000400152816,68.22058265009005,68.71512603759766,20281200
2013-08-08,69.09277715440764,69.21866828178682,68.60722747244789,69.05681610107422,19994000
2013-08-09,68.9399436700768,69.18272545928619,68.58027126469509,68.77809143066406,18558500
2013-08-12,68.51731927569276,69.06581807164697,68.50833244047877,68.93993377685547,20515900
2013-08-13,69.02983844744983,69.47942709839374,68.53529504751856,69.32656860351562,23917000
2013-08-14,69.29959919279668,69.39850925168486,68.9669010983384,69.06581115722656,29921000
2013-08-15,68.292529805636,68.32849772960793,67.69907621054901,67.89689636230469,39406600
2013-08-16,67.90587988527967,68.22059748963525,67.75302136099135,67.86991882324219,23825000
2013-08-19,67.87889025054065,68.45436315502735,67.73502545450805,67.75300598144531,29586900
2013-08-20,67.87890536698563,68.36446202456183,67.82495691398151,68.04975128173828,18842800
2013-08-21,67.83395876779619,68.4184187061119,67.56420274997318,67.81597137451172,30705100
2013-08-22,68.1126953229089,68.52631614785284,68.07672739984683,68.48136138916016,17269500
2013-08-23,68.96690800285657,69.02985015025233,68.69715888266602,68.93993377685547,20697300
2013-08-26,68.99389376407625,69.48843728135907,68.83204153692296,68.97590637207031,27525500
2013-08-27,68.15763874864032,68.49932363625507,67.4023262863103,67.56417846679688,40068900
2013-08-28,67.48326623147666,68.11268766383651,67.48326623147666,67.824951171875,20490400
2013-08-29,67.8069853721458,68.64321394528653,67.70807528840604,68.30152893066406,27287900
2013-08-30,68.37345464309466,68.37345464309466,67.61814201203624,67.86092376708984,26228500
2013-09-03,68.41841291319373,68.7331305274006,67.92386940263138,68.24757385253906,27241500
2013-09-04,68.48136285478749,69.0927969793888,68.2745490077994,68.97590637207031,27142900
2013-09-05,69.02083685307264,69.29058586984385,68.9938626374132,69.09276580810547,17809700
2013-09-06,69.32657983311488,69.54238049967365,68.38244762930807,69.17372131347656,27715100
2013-09-09,69.47045554975811,70.09987705549506,69.44348132239509,69.98298645019531,25161900
2013-09-10,70.3876263050182,70.42359423473081,70.06392179778581,70.3246841430664,27619400
2013-09-11,69.8570823693862,70.23473516589799,69.76715915673087,70.18977355957031,28132900
2013-09-12,70.20775566561554,70.36061413934789,70.00094189631254,70.14481353759766,18332700
2013-09-13,70.21674777929573,70.2617093856234,69.81212076305853,70.18977355957031,16932500
2013-09-16,70.78326356399614,70.78326356399614,69.83912431598979,70.0009765625,25704300
2013-09-17,70.1538263893554,70.55846038541117,70.11786532587398,70.46854400634766,27174300
2013-09-18,70.57643364149901,71.45763052991167,70.43256882186428,71.31375885009766,31714700
2013-09-19,71.53855233101771,71.65544978448382,71.35871959362565,71.48460388183594,26435700
2013-09-20,71.65415874977619,71.73533129612835,71.203220036736,71.23929595947266,26328900
2013-09-23,71.53691156892212,71.61808410892844,70.76129649266596,71.0949935913086,30319400
2013-09-24,71.24831109036947,71.47378042926304,70.8605035522414,71.0949935913086,21871300
2013-09-25,71.14909207598419,71.24829911889036,70.70717417262381,70.85147094726562,22746400
2013-09-26,71.14008893688732,71.57299312922083,71.11303371501249,71.4016342163086,22421700
2013-09-27,70.98676312805634,71.43770178866966,70.87853537242908,71.31143951416016,25151600
2013-09-30,70.57189548773721,71.3294690822126,70.3464261730799,71.14007568359375,28031900
2013-10-01,71.14909603845736,71.89765581088339,71.1130201225935,71.86157989501953,33129700
2013-10-02,71.37458946848898,71.93375603214726,71.30243761238216,71.83454895019531,25503800
2013-10-03,71.74435616210432,71.89767368205192,70.61700931405605,70.99579620361328,42998200
2013-10-04,70.99580802036276,71.7082921726107,70.93267686159548,71.60908508300781,22852700
2013-10-07,70.97774091572244,71.56396253818322,70.95068569758664,71.0138168334961,20227100
2013-10-08,71.01383327174406,71.07696442226708,69.61592725851163,69.64298248291016,43660700
2013-10-09,69.80532347821756,69.84139940577265,68.85834930204054,69.4265365600586,64526700
2013-10-10,70.17508643053726,71.05892941258136,70.15705190798829,70.89659118652344,48062700
2013-10-11,70.71619521723287,71.50984468358796,70.7071745185308,71.45573425292969,25214100
2013-10-14,71.01384118553194,71.9608154296875,70.9597307307048,71.9608154296875,31471900
2013-10-15,71.90668271191885,72.24939362101792,71.59102014107883,71.68121337890625,38684000
2013-10-16,72.01490315152668,72.52897295244809,71.96079271378062,72.4928970336914,46735900
2013-10-17,72.16822903101607,72.93483035230709,72.10509788605103,72.90776824951172,32193500
2013-10-18,73.57514837768913,74.11627335647091,73.36771358075445,74.08921813964844,39628200
2013-10-21,74.26057784523674,74.44095744406556,74.01707398779051,74.2515640258789,31176900
2013-10-22,74.54014364748113,74.76561292234904,73.89079103493741,74.3597640991211,43944800
2013-10-23,73.99906778603712,74.13434393595314,73.54812893756835,73.90887451171875,38021300
2013-10-24,73.95394073857658,74.38684488263738,73.8457129823669,74.2335205078125,23155100
2013-10-25,74.92796317936006,75.10833587608133,74.40487272578015,74.765625,35824500
2013-10-28,74.77466995563948,74.90093226045877,74.44999349159575,74.78368377685547,28618400
2013-10-29,75.03619728369536,75.0903146068815,74.58525858155589,74.9099349975586,36878100
2013-10-30,75.17148934844809,75.29775164983272,74.47704669083271,74.83779907226562,33535500
2013-10-31,74.64839383938319,75.12639466985328,74.38685543281092,74.66643524169922,31309900
2013-11-01,74.91892293257523,75.0091092574046,74.31466698736534,74.68443298339844,30867800
2013-11-04,74.90994331969237,74.91896402135531,74.53115641920067,74.7927017211914,16834000
2013-11-05,74.50409704199753,75.05424283952237,74.2876483796074,74.87386322021484,27975600
2013-11-06,75.18952446058323,75.21657968279051,74.6123234508987,74.85582733154297,25576800
2013-11-07,74.86484557087537,74.97306645614603,73.38576717209561,73.44889831542969,52173200
2013-11-08,73.71948927207883,74.45902879110903,73.51206123180413,74.44099426269531,31470500
2013-11-11,74.33272902923929,74.53114314581214,74.08020447388405,74.32371520996094,24822900
2013-11-12,74.09828317658233,74.54922207552225,74.06220723897336,74.44099426269531,20108500
2013-11-13,73.95395001988629,75.35186280306152,73.95395001988629,75.34284210205078,31345900
2013-11-14,75.14442734812879,75.63144198703172,74.98208913516113,75.57733154296875,31101200
2013-11-15,75.59535637852149,75.72161865234375,75.40596296778811,75.72161865234375,20511300
2013-11-18,75.70360625664244,75.8569237938342,74.83780460565505,74.98210144042969,31679600
2013-11-19,74.93697699765201,75.29772927187186,74.63936273613965,74.765625,25545300
2013-11-20,74.96405989072122,75.24363971243092,74.368817441015,74.58526611328125,32177400
2013-11-21,74.90092408342807,75.40597324756831,74.83779293791054,75.34284210205078,28125000
2013-11-22,75.46910032549123,75.77573533554128,75.41498988390084,75.7486801147461,25361300
2013-11-25,76.01925589359051,76.1004215664495,75.73967606825934,75.92906951904297,21695100
2013-11-26,75.94710269256363,76.51528303482169,75.78476446895,76.32588958740234,26621000
2013-11-27,76.47918444290994,76.87600570671613,76.41605331816055,76.85797119140625,21638100
2013-11-29,77.16462301050012,77.41714756478201,77.08345735267154,77.31794738769531,16708900
2013-12-02,77.4081392357482,77.52538082118647,76.975235054291,77.09248352050781,26354600
2013-12-03,77.0383488398211,77.23676292491851,76.73171389432655,77.02933502197266,37147000
2013-12-04,76.70467247466254,77.35401839616208,76.46116173341927,77.10149383544922,37193200
2013-12-05,77.16461937775755,77.25481261213615,76.81288778216965,77.00228118896484,39829300
2013-12-06,77.65161058183848,77.72376239532267,77.19165137184643,77.5614242553711,36842900
2013-12-09,77.87710571289062,78.0394439067787,77.74182273785424,77.87710571289062,22590000
2013-12-10,77.7508233398855,77.96727191552706,77.66965770431096,77.8229751586914,26965900
2013-12-11,77.81400158772465,77.92222938147962,76.71370976728018,76.82193756103516,36830600
2013-12-12,76.84898929695234,77.0383827668315,76.56940944343262,76.62351989746094,33662600
2013-12-13,76.98425136863278,77.02032728843027,76.39802971328537,76.5242919921875,34072000
2013-12-16,76.90309977890615,77.390114507678,76.84898932485818,76.94819641113281,24902500
2013-12-17,76.94817069954208,77.13756410620579,76.65054954016578,76.79485321044922,24454900
2013-12-18,76.88506599151751,77.75988837117278,75.80281561550319,77.68773651123047,68387200
2013-12-19,77.56144642304415,77.57046712250177,77.12854229918733,77.47126007080078,44964100
2013-12-20,77.61782679838704,78.42304672774013,77.56354448038309,78.26019287109375,40475400
2013-12-23,78.90255878849119,79.08351135253906,78.6673239065462,79.08351135253906,28181800
2013-12-24,79.10161339276685,79.17399442775155,78.95685132279745,79.11970520019531,13852500
2013-12-26,79.26448892929682,79.44543466356683,79.11068436490358,79.3821029663086,15241100
2013-12-27,79.48162637073366,79.52686625629134,79.08354436890326,79.18305969238281,15827400
2013-12-30,79.06543731689453,79.17400888920261,78.83925171823019,79.06543731689453,18983700
2013-12-31,79.21019782583551,79.58113861083984,79.18304975632506,79.58113861083984,24890500
2014-01-02,79.2101741029067,79.23731526165203,78.73065498874651,78.95684051513672,29177500
2014-01-03,78.95685649480187,79.02923753452782,78.36877952927706,78.38687133789062,35723700
2014-01-06,78.40499000822771,78.49546287959836,77.80785663243367,78.09737396240234,32073100
2014-01-07,78.45926862126868,78.93878102911526,78.31450651184623,78.8211669921875,25860600
2014-01-08,78.83924508406542,79.21019274792604,78.66734183470211,78.99304962158203,27197400
2014-01-09,79.28252970435621,79.29157905603547,78.4592181699975,78.73063659667969,23674700
2014-01-10,78.92068472484867,79.07448928037799,78.33260076840706,78.98401641845703,38008900
2014-01-13,78.87542599959171,79.1468514231492,77.51831268707474,77.81687927246094,48842300
2014-01-14,78.07925101719549,79.3639832252644,78.07925101719549,79.30065155029297,37178900
2014-01-15,79.64446380066667,80.10588430777251,79.56304030669057,79.95207977294922,39835600
2014-01-16,79.8887312237463,80.07872623888616,79.76206788031972,79.96110534667969,31630100
2014-01-17,79.71685233124984,79.95208728478653,79.31876347182414,79.50875854492188,36895800
2014-01-21,80.0154146191756,80.1511204478304,79.44542252828047,80.11493682861328,26412700
2014-01-22,80.32303619384766,80.52208064368098,80.08780121653216,80.32303619384766,29376900
2014-01-23,80.07876165433116,80.08780410955036,79.49067764111767,80.05162048339844,35011900
2014-01-24,79.6625809713665,79.78019501301937,78.45022241547801,78.47736358642578,63974600
2014-01-27,78.4773339307005,78.61304663679257,77.12927002949174,77.71735382080078,63519300
2014-01-28,77.35546833863421,77.75355716816782,77.18356508903814,77.67212677001953,44378800
2014-01-29,77.0026137083125,77.5725988427779,76.68595530027616,76.83975982666016,51939300
2014-01-30,77.78068065503342,78.53161826638257,77.69925027539297,78.26019287109375,65833600
2014-01-31,77.39165080544221,78.42305639040607,77.31022041576854,78.05210876464844,45187000
2014-02-03,77.9073653816348,78.26021435077419,76.06169013394756,76.26073455810547,65596900
2014-02-04,76.64976728968149,77.12927959505896,76.41453236345707,76.82167053222656,37675500
2014-02-05,76.56833802674748,76.89404580552353,75.76311793550556,76.62262725830078,41721800
2014-02-06,76.84882337082989,77.69927655191636,76.83072465695156,77.5997543334961,32308600
2014-02-07,78.03403411169468,79.03829875508222,77.80784850557383,78.98401641845703,38359400
2014-02-10,78.95684408437799,79.47254683175461,78.90256176443353,79.43636322021484,30205400
2014-02-11,79.60825679290949,80.49490710306713,79.51778396190593,80.34110260009766,38635500
2014-02-12,80.50394528769378,80.67584157196096,80.25061173234344,80.4948959350586,32507200
2014-02-13,79.90683845867994,81.15538032896205,79.88874665011173,81.09204864501953,40454500
2014-02-14,81.0649030298934,81.43585066021504,80.82062566313768,81.25489807128906,33212400
2014-02-18,81.39064657378367,81.80682735734973,81.19160208976544,81.65302276611328,29546600
2014-02-19,81.49918681548073,81.68918186730828,80.92919475736223,81.09204864501953,41749900
2014-02-20,81.14632292434723,81.6258351433644,80.80251650117674,81.47203063964844,41814800
2014-02-21,81.73443571584195,81.85205666080238,81.2639726439131,81.36349487304688,31192200
2014-02-24,81.553460494082,82.16868545968684,81.46298765556499,81.79774475097656,31500400
2014-02-25,81.915376806849,82.07823071313048,81.44490689864179,81.70728302001953,26771700
2014-02-26,81.92444319111192,82.1868124643853,81.3092179620253,81.63492584228516,42953700
2014-02-27,81.64673000896619,82.24633517468548,81.51954082438056,82.1645736694336,28742400
2014-02-28,82.1463509047276,82.63694043795122,81.34687551611499,82.07366943359375,48609800
2014-03-03,81.30148929832495,81.68306375059998,80.73822493819202,81.46501922607422,38885700
2014-03-04,82.3553610591646,82.65516712082182,82.2735926190349,82.50071716308594,33189000
2014-03-05,82.63696532007451,82.87317670673986,82.46434850697806,82.72781372070312,27203300
2014-03-06,82.91860968853685,82.98220427149872,82.35534536267173,82.6551513671875,24063900
2014-03-07,82.9186092094469,83.00037763351952,81.82841438460265,82.24632263183594,31167800
2014-03-10,82.2008903868246,82.36442028079442,81.79206218625566,82.3189926147461,18131700
2014-03-11,82.51886781896772,82.72781845925313,81.71938521254964,81.96468353271484,27484300
2014-03-12,81.59219377807177,82.31899486699827,81.2923947403318,82.27356719970703,27977200
2014-03-13,82.58247957736691,82.60973341165783,80.73822952324963,81.11071014404297,48542000
2014-03-14,80.8472529605244,81.20156670438611,80.52019305368418,80.55653381347656,38732300
2014-03-17,81.07435298601989,81.68305186429875,81.02893224848745,81.26513671875,28467200
2014-03-18,81.3650784649635,82.34625796609711,81.33782463403584,82.24632263183594,31250200
2014-03-19,82.27357864132449,82.36443398854202,81.26514528256043,81.80116271972656,40869400
2014-03-20,81.54677176803943,82.27356591432213,81.3832418721503,82.02827453613281,31634500
2014-03-21,82.49814883386455,82.5436803931972,80.88643306174075,81.04122924804688,62754000
2014-03-24,81.3326101373188,81.39635014972723,79.5934144003799,80.33097839355469,77735300
2014-03-25,80.74983553520374,81.26886329178672,79.92120849642512,80.59503936767578,41723300
2014-03-26,80.99566465604858,81.17778387196451,79.54785336199008,79.55696105957031,40930400
2014-03-27,79.44767884357765,79.80280258292413,78.67369138467217,79.11076354980469,64784500
2014-03-28,79.36575833615272,80.13974606732259,79.04705137584226,79.26559448242188,39895100
2014-03-31,79.88480130898651,80.36740527066515,79.78463743613163,79.83016204833984,33924300
2014-04-01,80.22171287165585,81.28708470814986,79.86658892615786,81.23245239257812,38683800
2014-04-02,81.57847533138822,81.66043075861256,81.07766285421812,81.44189453125,34631600
2014-04-03,81.52382058642739,81.6604082961356,80.33096894573073,80.79536437988281,30319100
2014-04-04,81.33261090505563,81.41456632014885,78.43698026933579,78.64641571044922,131213200
2014-04-07,78.15469451797802,78.88315072812294,77.35338365553719,77.89973449707031,83995800
2014-04-08,77.99080997008511,78.72837406282397,77.71763448166413,78.61910247802734,51495700
2014-04-09,78.91047945767157,80.01227502499427,78.70104402719005,79.96674346923828,45685200
2014-04-10,80.02135016111984,80.02135016111984,77.27141597344183,77.48995208740234,73659600
2014-04-11,76.79792178755173,77.79956023160831,76.40638105577874,76.58849334716797,93657400
2014-04-14,77.26233135136799,77.5992467941662,76.47923584972662,77.18948364257812,46500700
2014-04-15,77.47177416442838,77.89063810919973,75.83273529607044,77.4444580078125,84631500
2014-04-16,78.11826481973645,78.473388671875,77.48085786802541,78.473388671875,46970900
2014-04-17,78.17291521933952,78.8831630880514,77.97258747234066,78.49161529541016,53719500
2014-04-21,78.67368489710742,79.07433319091797,78.30945349144092,79.07433319091797,25947900
2014-04-22,79.34753577472107,79.90298729631269,79.21094808222273,79.7026596069336,38593400
2014-04-23,79.70267359705934,79.72998975092607,78.95600195376302,79.00153350830078,34376700
2014-04-24,80.3036444834688,80.32185293421394,78.901357573375,79.75729370117188,48926300
2014-04-25,79.28381745722082,79.37487362807192,78.2912933848049,78.48251342773438,44334000
2014-04-28,78.85584486014267,79.32024035715817,77.49908917356531,78.73747253417969,58623800
2014-04-29,78.97420548393183,79.51144162159902,78.59175854586329,79.36575317382812,36742700
2014-04-30,79.00152007860838,79.65713544851911,78.80119238812026,79.57518005371094,38689400
2014-05-01,79.70266387552608,80.26722312609034,79.50233617541815,79.81193542480469,37127200
2014-05-02,80.08511605143019,80.23081147261621,79.47503210627886,79.66625213623047,40074200
2014-05-05,79.19276850252898,80.10334418829403,79.00154844217526,80.08512878417969,27924400
2014-05-06,79.9576336189874,80.00316517351926,79.01063425127123,79.04705810546875,33698500
2014-05-07,79.21095230293551,79.29290770165692,77.88151304919965,78.81940460205078,67489100
2014-05-08,78.53713897451519,79.70267453413082,78.35502664850272,78.74657440185547,46556900
2014-05-09,78.70102560782607,79.0925732754128,78.17289025207869,79.0379409790039,35081500
2014-05-12,79.5114381115349,80.3673811509964,79.43859041729594,80.3400650024414,38951100
2014-05-13,80.4129075470772,80.68608293301055,80.2399029533155,80.39469909667969,30311900
2014-05-14,80.1488270147654,80.44931850170573,79.78460248807868,79.97582244873047,26483600
2014-05-15,79.95764105132443,80.09422878047648,78.83763695598658,79.3475570678711,59680300
2014-05-16,79.43859037017157,79.9120934353054,78.89224655798049,79.86656188964844,66804100
2014-05-19,79.62980929633737,80.54949231867671,79.49322855546285,80.42201232910156,32017000
2014-05-20,80.38559813231537,80.67698199305728,79.80283041083153,80.1306381225586,33716000
2014-05-21,80.27633840830515,80.94105462457419,80.23080685502002,80.89552307128906,36837700
2014-05-22,80.98660360455018,81.47831530784947,80.85912356448827,81.25067138671875,30617100
2014-05-23,81.33258645788369,81.86072180529928,81.15047417463474,81.8425064086914,22687300
2014-05-27,82.20674271988273,82.88056654379393,82.13389502347647,82.86235809326172,29725200
2014-05-28,82.8350275293294,82.95339980503695,82.54364374154828,82.60738372802734,30468100
2014-05-29,82.89876182336855,83.14461405515223,82.73485801980041,83.13551330566406,33036100
2014-05-30,83.15376102123881,83.27213334471952,82.70758093581422,83.1446533203125,29906400
2014-06-02,83.24480303959308,83.26301843834953,82.53455532515211,83.06269073486328,30409900
2014-06-03,82.78952405595395,83.16286335127774,82.68025944045614,83.02627563476562,21774500
2014-06-04,82.81683348317765,83.4724489114727,82.68935347735797,83.33586120605469,20118300
2014-06-05,83.40870332886786,84.19179871059677,83.12642718445588,84.03700256347656,35583100
2014-06-06,84.3466112240654,84.51962280273438,84.18270734615274,84.51962280273438,22680600
2014-06-09,84.53782003654062,84.66530698878726,84.22822772331958,84.45587158203125,23399500
2014-06-10,84.38304223434415,84.64711000154459,84.28287835895291,84.6015853881836,20626000
2014-06-11,84.31017572740363,84.70172344018145,84.22822727333208,84.5833511352539,22878200
2014-06-12,84.4012031419594,84.4922592570298,83.52705193243827,83.81843566894531,35275900
2014-06-13,84.18271101050591,84.27377412775249,83.70010705651717,84.06433868408203,39447100
2014-06-16,83.91864795124324,84.38303649047492,83.73652866877372,84.1371841430664,25212300
2014-06-17,84.07343649841793,84.410344982905,83.93684878575091,84.18270111083984,19977900
2014-06-18,84.26464129772599,84.77456125596738,83.75472133948459,84.65618896484375,34514000
2014-06-19,84.78369773590906,84.83833005079855,84.21913834253493,84.6015853881836,38422200
2014-06-20,84.6371766600525,84.7923957675068,84.48196451840656,84.70108795166016,25897500
2014-06-23,84.6919631636012,84.74674228073474,84.46370755446694,84.71935272216797,20837900
2014-06-24,84.71018180000532,85.4314700308414,84.39062548654762,84.63713836669922,31945800
2014-06-25,84.44542929927599,85.32192985812141,84.4363040917953,85.17584991455078,32818600
2014-06-26,85.23065164592677,85.23978382163871,84.56414910094661,85.22151947021484,22563900
2014-06-27,85.11193975059689,85.61409783510989,85.08455019618074,85.59584045410156,22877800
2014-06-30,85.57759142164365,85.95192697819486,85.52280534165936,85.74193572998047,19751900
2014-07-01,86.0432302898159,86.9106057620452,86.0067085573823,86.6823501586914,31862500
2014-07-02,86.73712170617333,86.956245115847,86.65495303972354,86.82842254638672,18777300
2014-07-03,87.11148842959665,87.37625885009766,86.87410060638555,87.37625885009766,15291700
2014-07-07,87.27579514556705,87.3853603252808,86.94711353803994,87.11145782470703,23266400
2014-07-08,86.94711034196135,87.01102161965996,85.70539954741098,86.06147766113281,40612400
2014-07-09,86.28975759447921,86.80104796049679,86.04323762100016,86.70061492919922,29919000
2014-07-10,85.58671094287939,86.78277492744408,85.48627792969135,86.42669677734375,44245300
2014-07-11,86.6458363418121,86.98365020751953,86.38105898183592,86.98365020751953,19566300
2014-07-14,87.3762134111758,87.70490192905781,87.23013349534263,87.50403594970703,19579000
2014-07-15,87.64102091243461,87.76884349508869,86.58191851818532,87.20277404785156,39467500
2014-07-16,87.83274018192775,87.9240479821912,87.4584046709148,87.5497055053711,22052600
2014-07-17,87.31231468740164,87.62274587258611,86.11625777680105,86.39016723632812,43111500
2014-07-18,86.83755768029084,87.8053591579972,86.73712466289022,87.75971221923828,36682200
2014-07-21,87.57710302384416,87.79623340543671,87.23928920905261,87.650146484375,29750700
2014-07-22,88.0609977446785,88.3440393934504,87.96969690815516,88.20708465576172,25770400
2014-07-23,88.51753356433058,88.87361180208136,88.35318922646027,88.77318572998047,28947500
2014-07-24,88.92838227653266,89.02881529680728,88.54491454410672,88.67273712158203,24707200
2014-07-25,88.21624740857996,88.4445030619149,87.86016914664224,88.3258056640625,29898900
2014-07-28,88.41708358996394,88.58142789635377,87.66840551992306,88.3531723022461,25603400
2014-07-29,88.5449128600004,88.74577193092128,88.12491643821771,88.19795989990234,27022200
2014-07-30,88.69100948941553,88.85535382619494,88.19797647907734,88.54492950439453,35348500
2014-07-31,87.81448024689426,87.96056018461353,86.62754853606803,86.75537109375,50047900
2014-08-01,86.57276099166882,87.04752945023816,85.86060482091165,86.43580627441406,60708000
2014-08-04,86.61846235207985,87.36714065542697,86.29889884809904,87.0293197631836,33230500
2014-08-05,86.6823334362593,86.92884637536942,85.96104503291262,86.3627700805664,50331100
2014-08-06,85.82412808213788,86.83758376888323,85.75108459920976,86.29889678955078,34431900
2014-08-07,86.70060562889331,86.864949938314,85.72367194672819,86.02497100830078,33274700
2014-08-08,86.16191230991876,86.74624599312709,85.79670201646181,86.64581298828125,40236900
2014-08-11,86.98362803295602,87.43101395773121,86.91971675310343,87.1571044921875,28277500
2014-08-12,87.06580347389692,87.34883814609869,86.67320362254911,87.1205825805664,28152300
2014-08-13,87.47666353961365,88.07926159572932,87.43101660451255,88.04273986816406,27996500
2014-08-14,88.16140115764425,88.51747917661032,88.04271080659055,88.49922180175781,25006600
2014-08-15,89.01053627280092,89.13835882920189,88.08838882530918,88.9283676147461,55205500
2014-08-18,89.39403573155292,89.69532786055964,89.2662061738482,89.6131591796875,38938300
2014-08-19,89.82315137588718,90.17010438529334,89.76837225474257,90.11531829833984,21363400
2014-08-20,90.04228179208336,90.29792697850333,89.96010614455756,90.11531829833984,23435600
2014-08-21,90.16093499732817,90.34353663631681,90.02398028518368,90.29788970947266,19339500
2014-08-22,90.33445008351606,90.61748483479761,90.13358401519665,90.43488311767578,24692000
2014-08-25,90.86398327520484,91.01007019811765,90.53530163026682,90.75442504882812,24124700
2014-08-26,90.89137228487772,90.94615139353824,90.63572019091153,90.84571838378906,20100400
2014-08-27,90.87312295858005,90.97355598492986,90.67225690588047,90.8639907836914,15589100
2014-08-28,90.55355161161587,90.87310802210982,90.4622507751615,90.7635498046875,23563900
2014-08-29,90.96442463319597,91.22007677173247,90.63573599231472,91.10137939453125,17906300
2014-09-02,91.32049599671357,91.39353945939865,90.99181434624673,91.36614990234375,18326800
2014-09-03,91.61263861947735,91.61263861947735,90.66310171927329,90.82744598388672,25950700
2014-09-04,91.03746719687062,91.50311059446088,90.51704468161391,90.74530029296875,24663500
2014-09-05,90.88223346911411,91.25656896061388,90.41659018211054,91.20178985595703,30798200
2014-09-08,91.22918774469323,91.60353023620674,90.95528523057335,91.37527465820312,25571300
2014-09-09,91.38438214923276,91.72220284687543,90.44397046470485,90.61744689941406,36449200
2014-09-10,90.73616222684896,91.40267163368628,90.4805170732592,91.36614990234375,31080100
2014-09-11,90.97354203568733,91.33875235134158,90.60833172003306,91.29309844970703,28691900
2014-09-12,91.21091361271598,91.2383031625172,90.54440438239317,90.82744598388672,30444400
2014-09-15,90.9278841689937,90.93701634208387,89.6770481221174,89.9509506225586,32972200
2014-09-16,89.61314666833759,90.90963675702002,89.5218458248459,90.73616027832031,38166900
2014-09-17,90.71788817543086,91.30222183792907,90.32528834289549,90.87310028076172,37196500
2014-09-18,91.15615213537957,91.56701639064099,91.05572608095535,91.5578842163086,30196700
2014-09-19,91.94041083806397,92.03192886392162,91.13504243518767,91.5011215209961,46918000
2014-09-22,91.28148855051656,91.29064244968798,90.2564752794533,90.65000915527344,48658000
2014-09-23,90.28390508073623,90.80556547148704,90.21984176897305,90.40287780761719,33989600
2014-09-24,90.49442291130163,91.41877124257343,90.18326015600225,91.37300872802734,35959000
2014-09-25,91.08017928074503,91.19915906805755,89.41452509980671,89.45113372802734,68642500
2014-09-26,89.74393689669462,90.56761303534783,89.58835556560938,90.40287780761719,56106200
2014-09-29,89.50600651925126,90.53101968011447,89.46024401069337,90.28392028808594,33342700
2014-09-30,90.53102108861538,90.87879940135775,89.98190588926991,90.41204833984375,41834300
2014-10-01,90.15580473949308,90.24732278549455,88.68234115701758,88.96604919433594,58164900
2014-10-02,88.92944057945948,89.24061031471969,87.83121006268314,88.96604919433594,54501300
2014-10-03,89.48770974267237,90.2107141761734,89.17654698977233,89.84463500976562,41627800
2014-10-06,90.1283249224163,90.34796956812278,89.37786598240656,89.65242004394531,36038700
2014-10-07,89.23143330307751,89.4876865584598,88.37114853225627,88.38030242919922,45154000
2014-10-08,88.42608308316498,90.38459848833732,87.91356948481686,90.10088348388672,64931600
2014-10-09,89.98191203481218,90.21071063203073,88.50844851013447,88.6457290649414,62497100
2014-10-10,88.12407763593122,88.61828349480488,86.41266143848235,86.43096923828125,77579400
2014-10-13,86.27537183461199,86.93431291077151,85.0032521946181,85.07646942138672,80835900
2014-10-14,85.60728522481438,86.1838551845785,84.84767219517177,85.08562469482422,71814500
2014-10-15,83.80435592561926,84.89343956091824,82.58714562527095,84.53651428222656,108847800
2014-10-16,82.75188776674769,84.72871130404377,82.72443304801527,84.00570678710938,93165800
2014-10-17,85.11309051513672,85.92761308083095,84.61888463555032,85.11309051513672,69546700
2014-10-20,85.10393443587677,86.45842536551285,84.93005222923031,86.38520812988281,41479300
2014-10-21,87.45595986990902,88.65486907958984,87.23631520604407,88.65486907958984,53609800
2014-10-22,88.92945524308865,89.0484350066506,88.1423873494131,88.19730377197266,39178000
2014-10-23,89.08499572539732,90.01849767393497,88.9294143947668,89.5242919921875,48123800
2014-10-24,89.71650901048827,90.32054068687238,89.35958374076289,90.25647735595703,43157600
2014-10-27,90.08259648202295,90.48528430339259,89.70736337895033,90.32054901123047,29545700
2014-10-28,90.74154713937226,91.70249729215298,90.67748379585355,91.68419647216797,34495100
2014-10-29,91.38218204823414,91.62928850749184,90.69578607844413,91.34557342529297,40552800
2014-10-30,90.93368761350877,91.75736371156856,90.7323437914967,91.53771209716797,35935800
2014-10-31,93.05698119851083,93.12104453707897,92.4987119699684,92.80072784423828,54254100
2014-11-03,92.96546036293616,93.32238566463316,92.82817978942654,93.07527923583984,33481000
2014-11-04,92.78239993569844,93.00205160522698,92.13261279036193,92.76409912109375,22773300
2014-11-05,93.37727903873991,93.37727903873991,92.45293078398277,92.77325439453125,25818600
2014-11-06,92.76410051963681,93.09357104651812,92.36141276847546,93.06611633300781,24671900
2014-11-07,93.23087108644572,93.2674797062388,92.49871265534468,92.9837646484375,20931700
2014-11-10,93.02951674883667,93.432197556697,92.78241033850605,93.31322479248047,20360000
2014-11-11,93.33154780087882,93.6061019897461,93.07528744926984,93.6061019897461,15454000
2014-11-12,93.23088959645793,93.87152311407716,93.23088959645793,93.7708511352539,22050300
2014-11-13,93.94471669513192,94.52128671569974,93.73421888816786,94.17351531982422,28027800
2014-11-14,94.14605297675682,94.46636962890625,93.8348832415407,94.46636962890625,19251300
2014-11-17,94.24671102606234,94.45720180256262,93.73419747581032,94.18264770507812,23361600
2014-11-18,94.26502712195294,95.01548628188108,94.25587322250593,94.88735961914062,26336800
2014-11-19,94.78667724613166,94.78667724613166,94.01791735425006,94.45720672607422,23760200
2014-11-20,94.05455065636785,94.96059838282912,93.9813403913292,94.87822723388672,22874000
2014-11-21,95.7201905916719,95.81171562871197,94.75924054417118,95.0612564086914,34049100
2014-11-24,95.31750693941181,95.84832141609418,95.23513580498465,95.80255889892578,17928300
2014-11-25,95.94902038574219,96.23273552443895,95.70192085965896,95.94902038574219,17526000
2014-11-26,96.04049690719704,96.62622073006867,95.93982497054296,96.57130432128906,18973800
2014-11-28,96.82756253177153,97.23939718572434,96.7634992082149,97.0197525024414,17360400
2014-12-01,96.7543466183345,96.9373826931491,95.56459118490345,95.92151641845703,35969500
2014-12-02,96.02220840960214,96.47980567459153,95.82086449582599,96.30592346191406,26031300
2014-12-03,96.45235790137477,96.61709320792869,95.87578781962637,96.47981262207031,32974300
2014-12-04,96.38828899356783,96.80927764548012,96.03136368037306,96.43405151367188,31008800
2014-12-05,96.58961071430994,96.73603817671,96.23268548313516,96.44317626953125,25622200
2014-12-08,96.19607889292492,96.61706745694028,95.25342982758849,95.75678253173828,32685800
2014-12-09,94.6402601835974,96.13202460385676,94.30163572788625,96.05880737304688,46035100
2014-12-10,95.88492737109804,96.12287990281114,94.37486198982145,94.54874420166016,39330100
2014-12-11,94.82331842341262,96.13204705466902,94.80501062024479,94.99720764160156,47576000
2014-12-12,94.09114699977852,95.17107681993828,93.95387340675914,93.96302032470703,46889400
2014-12-15,94.44805267629796,94.7958309926784,92.72748983838268,92.9928970336914,52968400
2014-12-16,92.40716184702916,93.7799531820274,91.48281372639788,91.5011215209961,65348600
2014-12-17,91.56519610591477,93.43218640678332,91.44621637351742,93.16678619384766,79715300
2014-12-18,94.50298649516867,95.41818099972129,94.24673315107474,95.40902709960938,49840900
2014-12-19,95.50731671170259,96.21463913541001,95.26847756503402,95.82882690429688,51419900
2014-12-22,95.67266486499247,96.09522211513347,95.62673183433512,96.06766510009766,33869200
2014-12-23,96.41670590639819,96.42589391169336,95.61751764718862,95.72775268554688,30156900
2014-12-24,95.84718570377213,96.17788386904806,95.78288367210158,95.8104476928711,14291300
2014-12-26,96.08603848427775,96.69232087626932,96.05848146798664,96.49022674560547,13924300
2014-12-29,96.3983644959693,96.68312966607559,96.34324345681578,96.47184753417969,17073800
2014-12-30,96.19627012800315,96.41673325886829,95.70022282725915,95.82882690429688,18604000
2014-12-31,95.9941801205097,96.3708113682666,94.70813228659384,94.8459243774414,24367100
2015-01-02,95.31439731765494,95.71857849986742,94.10183975422629,94.56114196777344,31314600
2015-01-05,94.1477678489708,94.2580029056781,92.90765324669557,93.1740493774414,36521300
2015-01-06,93.31182279417406,93.46798383699765,91.511359278223,91.92472839355469,66205500
2015-01-07,92.53103813419852,93.33021959634728,92.31056799918137,93.10975646972656,37577400
2015-01-08,93.89975118149961,95.07556379599073,93.79870412790466,94.891845703125,40212600
2015-01-09,95.18579345486796,95.21335046639433,93.71602076176899,94.2671890258789,41410100
2015-01-12,94.4509033645087,94.5519504083639,93.045439765208,93.2842788696289,34129800
2015-01-13,94.19370196848506,95.18579646518384,92.50346612132462,93.25672149658203,56162300
2015-01-14,92.31977512480324,93.2200108415561,91.92477481159504,92.7423324584961,51354200
2015-01-15,93.17405532911535,93.32102840571753,91.42870536593871,91.5389404296875,51005400
2015-01-16,91.41950474090025,92.73310928358704,91.27253168458314,92.61369323730469,35362200
2015-01-20,93.17407279276632,93.58744209460887,92.12686402026085,93.3486099243164,30964100
2015-01-21,93.07300801519287,94.26719667311299,92.74230983325793,93.82626342773438,40128800
2015-01-22,94.19371250225456,95.66347839780553,93.36696699588319,95.56243133544922,40887200
2015-01-23,95.5532344087567,96.06765768048183,95.27765727128576,95.7737045288086,34783000
2015-01-26,95.6634521484375,95.8379892097788,95.1765929861641,95.6634521484375,19960900
2015-01-27,94.15694590771442,94.21205992604716,92.87089841558858,93.1832275390625,45253200
2015-01-28,94.6805753163664,94.78162238247754,92.6872050274411,92.70557403564453,43591700
2015-01-29,92.63206595331418,93.77114047529614,91.82369659018758,93.59660339355469,46539700
2015-01-30,93.51393797946345,94.23044834571697,92.742306579224,92.87091064453125,42927600
2015-02-02,93.08219643984765,93.76196181314062,91.63079963578208,93.67929077148438,43624700
2015-02-03,94.01916427333664,94.64381558111762,93.40370097242774,94.57951354980469,30750400
2015-02-04,94.19369267800047,95.12148505146251,93.98241058979609,94.49683380126953,34073200
2015-02-05,94.73568959635539,95.37871701950236,94.49685744710357,95.31441497802734,23605500
2015-02-06,95.46138571080392,95.69103685445486,94.3958080486299,94.73568725585938,34169300
2015-02-09,94.36825411036027,94.88267044622803,94.20290500120322,94.43255615234375,22604700
2015-02-10,94.95616680697772,96.03093258372434,94.8091866964496,95.90232849121094,23686500
2015-02-11,96.01252656085116,96.47182875011899,95.82880848850212,96.2513656616211,20303600
2015-02-12,96.87604584714414,97.40883822780474,96.72907274705688,97.3720932006836,22520300
2015-02-13,97.64767369365511,98.22639207995378,97.46394856502272,98.20802307128906,29030200
2015-02-17,98.20801430013722,98.36417538922991,97.95998715073455,98.29987335205078,17675300
2015-02-18,98.18044507380367,98.49277424383317,98.05184100626094,98.43766021728516,15149600
2015-02-19,98.37336167142365,98.98883206992917,98.34580465520935,98.92453002929688,19828100
2015-02-20,98.86020108713933,99.6410133704585,98.54787196877473,99.58589935302734,28336700
2015-02-23,99.53079722834805,99.71452233533323,99.31033410836206,99.68695831298828,17868000
2015-02-24,99.5583733769697,99.87989062388888,99.25523915687651,99.76046752929688,19745000
2015-02-25,99.61346006621383,99.99927221936942,99.29194293018901,99.51241302490234,19472300
2015-02-26,99.61345801164187,100.07276018689527,99.33787390313184,100.01763916015625,22255500
2015-02-27,99.9809176939076,100.04522674164917,99.4205753558429,99.57673645019531,27757600
2015-03-02,99.76965198773061,100.5137195144562,99.75127596995618,100.47697448730469,22988600
2015-03-03,100.17381770865941,100.27486475846068,99.37462931706646,100.00846862792969,20788900
2015-03-04,99.67774064492224,99.82471366804636,99.0806465315702,99.62261962890625,21007400
2015-03-05,99.87988875794754,100.1003519161869,99.38384139561089,99.79721069335938,15381000
2015-03-06,99.66859586897529,99.86150198771409,98.41929309280303,98.66732025146484,30990400
2015-03-09,98.86939409896611,99.20009226052893,98.46521290803047,98.95207214355469,26237100
2015-03-10,98.24474776624817,98.27231178810302,97.1148681640625,97.1148681640625,34234500
2015-03-11,97.26184203534135,97.38126510583565,96.5177746322756,96.55451965332031,25459700
2015-03-12,96.48102513458981,97.29858254181094,96.41672310284419,97.1883544921875,21473200
2015-03-13,97.09649867660201,97.48231791614882,96.15952511403766,96.76580047607422,42021100
2015-03-16,97.12404296261887,98.05182832873473,97.02299592141495,98.01508331298828,25674100
2015-03-17,97.74869222973277,98.32741044710521,97.51904114227459,98.17124938964844,19603800
2015-03-18,97.9048764664841,99.58592450668635,97.39964115110199,99.13580322265625,40622200
2015-03-19,99.23683522475845,99.55834537284454,99.08986216066008,99.28276824951172,31314000
2015-03-20,100.10037644542828,100.42262606483112,99.90702667378659,99.9254379272461,31761400
2015-03-23,99.87018752569568,100.14639844808067,99.6952490243586,99.7320785522461,17268500
2015-03-24,99.72288639515844,100.18324503537173,99.3546051026001,99.37301635742188,22445300
2015-03-25,99.52951610497742,99.62158640914944,97.06199402079169,97.09882354736328,41581400
2015-03-26,96.29781200515791,97.31980869550985,95.97556237858636,96.76737976074219,47846300
2015-03-27,96.74896483219041,97.38425492201212,96.60164670877307,97.1540756225586,33878400
2015-03-30,97.74337215858867,98.35104204954087,97.74337215858867,98.26818084716797,30570200
2015-03-31,97.99189596157993,98.19445479526165,97.20007889783078,97.22769927978516,30488100
2015-04-01,97.22772656655562,97.24614484270238,96.09524844152509,96.7213363647461,32970500
2015-04-02,96.813425143511,97.09884525761532,96.47275721493948,96.78580474853516,19164200
2015-04-06,96.21491916607077,97.84458504106456,96.06760108553365,97.57758331298828,24451100
2015-04-07,97.5223544210718,98.24051264159276,97.41187286376953,97.41187286376953,19379400
2015-04-08,97.44871086204734,98.32339646868883,97.4395087471516,98.18528747558594,25866900
2015-04-09,98.13923707296902,98.83898406974203,97.80778536346007,98.80215454101562,23114700
2015-04-10,98.76533565220635,99.2164921593218,98.5443654805573,99.20728302001953,17164300
2015-04-13,99.28092878648145,99.78731898803308,98.8481906159369,98.95867919921875,17783500
2015-04-14,98.85740356631467,99.1428236368236,98.11161789330168,98.67325592041016,23755700
2015-04-15,98.93105910304415,99.50190628878862,98.81136839735412,99.2901382446289,21128600
2015-04-16,99.02315396575632,99.32698535312574,98.88504495812516,99.15205383300781,16195300
2015-04-17,98.20367679453601,98.47067853807793,97.18168038127855,97.60520935058594,46514000
2015-04-20,98.09317990178477,99.24407603303645,98.05635038264322,99.06913757324219,28945900
2015-04-21,99.64002443431441,99.81496296407555,99.37301558213201,99.49270629882812,22759800
2015-04-22,99.75049970551557,100.2016561985352,99.10600046479449,100.03592681884766,21429200
2015-04-23,99.69524814587764,100.86456281633114,99.67683689435323,100.41340637207031,29473200
2015-04-24,101.47224652378172,101.91419389127672,101.30651713903549,101.77608489990234,32508100
2015-04-27,102.15357011806381,102.34692691085672,101.29730284453775,101.51828002929688,31121300
2015-04-28,101.59192289433727,101.78527966967334,100.45944477887804,101.31571197509766,36849200
2015-04-29,100.75407134549495,101.343329720583,100.12798344389967,100.68041229248047,34043900
2015-04-30,100.10958871321603,100.51469952262016,98.57198558198402,99.09679412841797,44080500
2015-05-01,99.48348819697944,100.4686552400551,99.46506992074576,100.40420532226562,32874300
2015-05-04,100.72644360873107,101.19601125680097,100.51467560289142,100.5699234008789,23507300
2015-05-05,100.17406553741942,100.35820622527369,98.88505964888867,98.93109130859375,47843300
2015-05-06,99.10599256450556,99.39141263057034,97.59601701417196,98.24972534179688,42687200
2015-05-07,98.22210284264487,99.11519957478625,98.14844378701144,98.83898162841797,29335800
2015-05-08,99.86100108767603,100.28453021788631,99.71368996715393,100.07276916503906,33023300
2015-05-11,100.13722223877309,100.3397811822968,99.61241362351443,99.68606567382812,19679300
2015-05-12,99.09676958318246,99.7412757070088,98.33257980100088,99.23487854003906,33665000
2015-05-13,99.66762586876197,100.18322519585058,99.2901284867764,99.43744659423828,20738400
2015-05-14,100.24769037377692,100.97505783495032,99.87940909808182,100.89219665527344,23904200
2015-05-15,101.14999635806602,101.28810534870921,100.64359906721269,100.89219665527344,23937400
2015-05-18,100.7264748222231,101.53670352381103,100.65281575175631,101.33414459228516,17631100
2015-05-19,101.44460293346157,101.60112314312127,101.05790346565047,101.2236328125,14212900
2015-05-20,101.29729568055598,101.89576322071943,100.75407594493241,101.28809356689453,21131900
2015-05-21,101.11314977854086,101.9510056958745,100.96583869800158,101.81289672851562,16771800
2015-05-22,101.69319824086438,102.07990475143949,101.62874832652082,101.71161651611328,13543800
2015-05-26,101.4906649135329,101.62876688054344,100.13720944070876,100.54232025146484,25488400
2015-05-27,100.84615487065646,102.27326935572577,100.62518470715726,102.16278076171875,30572700
2015-05-28,101.9694238280651,102.20881225267446,101.619553841724,101.9325942993164,17302400
2015-05-29,101.86817105802291,102.00628007087082,101.08556268457305,101.324951171875,30383000
2015-06-01,101.86813963593883,101.94179869000578,100.83693395254357,101.66558074951172,24570200
2015-06-02,101.28811248114322,101.84054145810146,100.79092429452614,101.34335327148438,19449600
2015-06-03,101.8037141677863,102.02468435853883,101.39859629764356,101.6471939086914,20507200
2015-06-04,101.07633057034923,101.72083680897848,100.55152206042314,100.87377166748047,31374600
2015-06-05,100.75409012913961,100.99347858380906,100.01751351070217,100.6343994140625,22641700
2015-06-08,100.58835422560837,100.66201328758389,99.40983733205907,99.61239624023438,24549200
2015-06-09,99.37298859630276,99.80572672113476,98.70086207857175,99.44664764404297,27554600
2015-06-10,99.78731439444618,101.10394009709381,99.67683284076438,100.80931091308594,30297900
2015-06-11,101.1499766314766,101.41698542144319,100.7816884030912,100.95662689208984,17593500
2015-06-12,100.42264288715087,100.63441097224131,99.98990460095617,100.12801361083984,27201800
2015-06-15,99.3822154195175,99.78732620515562,98.80215909597788,99.63080596923828,31238800
2015-06-16,99.5295278642726,100.3397634955483,99.48349621900496,100.17403411865234,16456900
2015-06-17,100.3397519039817,100.77248303717786,99.833354692935,100.45023345947266,23296700
2015-06-18,100.81850626121768,102.08909312637003,100.76326549193236,101.9141616821289,43032400
2015-06-19,101.96403128594054,102.04709009229002,101.33650324057953,101.41033172607422,27877600
2015-06-22,102.15780639648438,102.46234356086327,101.92709770359198,102.15780639648438,19120900
2015-06-23,102.26858205788466,102.33318023108328,101.8163948454943,102.24089813232422,18127900
2015-06-24,102.12091625851063,102.55464275942973,101.68718271691979,101.7148666381836,15815900
2015-06-25,102.11168492420322,102.21319732827726,101.34573025370693,101.5118408203125,18326700
2015-06-26,101.49337657160605,101.7240852765381,100.4597990388689,100.8381576538086,32311700
2015-06-29,99.72152401487075,100.27523051508012,98.41110031780589,98.45724487304688,50874900
2015-06-30,99.19550363258682,99.40775871940085,98.50337758176366,98.80791473388672,34809900
2015-07-01,99.78614068617577,99.98916550184059,99.13092871604873,99.59234619140625,21293000
2015-07-02,99.87841002514517,99.96146177473219,99.315480253487,99.62001037597656,20499400
2015-07-06,98.9925010671022,99.96148057185091,98.78025297335425,99.38932037353516,24311000
2015-07-07,99.500039265163,99.73074794524737,97.66360014307901,99.63846588134766,44230800
2015-07-08,98.92788105756878,99.04785407948955,97.71896980428919,97.90353393554688,39691500
2015-07-09,99.20471242298291,99.2969944682659,97.83891421452108,97.84814453125,28381000
2015-07-10,99.14936808343388,99.7122978458364,98.78946309313332,99.3431625366211,26415800
2015-07-13,100.20140547605523,101.17037780327924,100.19217515655666,101.08732604980469,25780700
2015-07-14,101.22573926974127,102.0286009429864,101.17036440075648,101.75175476074219,21977200
2015-07-15,101.94555420958658,102.25931463968055,101.57641890778699,101.86249542236328,28631500
2015-07-16,102.70229519882885,103.32059288203155,102.49927039761688,103.30213928222656,29838900
2015-07-17,104.13268008260441,104.8248062133789,103.95734625046454,104.8248062133789,35926800
2015-07-20,105.04627340195736,105.56305857017493,104.72328267182138,105.18470001220703,26539000
2015-07-21,105.22160726623989,105.38771779050433,104.8155647941145,105.12010192871094,35468900
2015-07-22,103.51437710092921,104.43721189446305,103.51437710092921,103.92965698242188,35575000
2015-07-23,104.03118453687013,104.37262895421837,103.27446017749675,103.54207611083984,25698300
2015-07-24,104.09577043877938,104.28033458638072,102.37006679195615,102.52694702148438,30844700
2015-07-27,101.94558625875794,102.38854312763591,101.45648482239694,101.67796325683594,35994800
2015-07-28,102.13013090916034,102.75765888724754,101.31803877779446,102.55463409423828,33553500
2015-07-29,102.77609681890812,103.16368567955948,102.37927764043087,102.94220733642578,26714100
2015-07-30,102.70227231939971,103.60664636247265,102.08397477393784,103.43131256103516,25438100
2015-07-31,103.7543194036365,103.80968723998691,103.09910752436308,103.31135559082031,22081700
2015-08-03,103.32981659360098,103.61589313664592,102.30546937348855,102.98836517333984,25001800
2015-08-04,102.94223551520032,103.1267996782216,102.37007534475994,102.7945785522461,22132300
2015-08-05,103.36671744261709,104.28032183063057,103.2467444247477,103.58819580078125,28989900
2015-08-06,103.68049642904113,103.81892306793263,101.46569132879097,101.92710876464844,42125400
2015-08-07,101.6779542191996,102.03785928342501,100.95814409074879,101.79792022705078,30006800
2015-08-10,102.443877684673,103.18214118904,102.43464736667586,102.96066284179688,21500800
2015-08-11,102.41619122682265,102.81301040280371,101.07807677727273,101.64100646972656,36123300
2015-08-12,100.93968320912437,102.19473929085976,99.8691983398041,101.99171447753906,41889000
2015-08-13,102.09321498732768,102.5823233627283,101.6041136525981,101.82559204101562,22510500
2015-08-14,101.58566363654975,102.13013282741822,101.38263883972719,101.98248291015625,17924900
2015-08-17,101.73331381769293,102.85917348250476,101.4749211813108,102.83148956298828,21224900
2015-08-18,102.6930852546722,102.7761440719535,102.16706954746668,102.30549621582031,13984400
2015-08-19,101.99171812555909,102.53619442081859,101.04119922980678,101.6318130493164,42511400
2015-08-20,100.69051525739037,101.01350606026286,98.80793123978468,98.8171615600586,57747300
2015-08-21,97.42367583031455,98.25422861195213,94.498291015625,94.498291015625,97763400
2015-08-24,86.95874701408133,94.61827345405587,78.20103760685171,90.86233520507812,150829900
2015-08-25,94.19376010699703,94.81205781431997,90.44705258066631,90.5208740234375,75088300
2015-08-26,93.16942085544873,95.26426025048104,91.29606692993897,95.0796890258789,104103800
2015-08-27,96.4546583047503,97.5528336066462,95.31034550251252,97.48823547363281,69377700
2015-08-28,96.97147886749178,97.82048516215713,96.75922377349019,97.46981048583984,49919600
2015-08-31,96.92534463333087,97.46059054417839,96.02097040944352,96.26090240478516,39549400
2015-09-01,93.86152395431282,95.31960458599416,92.86486070931514,93.25245666503906,73155500
2015-09-02,94.94124239601508,95.90099144003908,93.85229704228314,95.88253784179688,43963600
2015-09-03,96.26093292376963,96.91614504001926,95.14430322925912,95.41192626953125,45131800
2015-09-04,94.10143836069923,94.91353021427157,93.75075673248831,94.27677917480469,49379600
2015-09-08,96.08557909322576,97.0545515821006,95.68875977663738,96.93458557128906,37343500
2015-09-09,98.07890106342103,98.106584986459,95.59647270115764,95.84564208984375,47146700
2015-09-10,95.73487664755157,97.52517834649579,95.62414098166752,96.88842010498047,47686700
2015-09-11,96.44548039484313,97.4236831665039,96.1686270998926,97.4236831665039,29106100
2015-09-14,97.7835764386752,97.80203707780493,96.75922922777386,97.12836456298828,19718800
2015-09-15,97.35907765067374,98.57721938325437,96.99917261882068,98.2726821899414,30020200
2015-09-16,98.29110866963825,98.9186364374617,97.9496573557434,98.82634735107422,31329100
2015-09-17,98.72488453035025,100.33984566800957,98.41111699102709,98.8633041381836,56139800
2015-09-18,97.34612540169378,98.61347988447453,97.29061582867926,97.4571304321289,48384000
2015-09-21,97.9937211635706,98.56727328378369,96.88362802655175,97.762451171875,35772600
2015-09-22,96.26383060572579,96.59685999824838,95.40350585134257,96.30083465576172,47359700
2015-09-23,96.55983768130436,96.81886598255373,95.87528052964417,96.37482452392578,21775100
2015-09-24,95.44051046045853,96.38409609740025,94.60793697427492,96.0233154296875,38284300
2015-09-25,97.05014273168429,97.14264931682996,94.61717790133258,95.209228515625,44700000
2015-09-28,94.80218746087677,94.86694276897153,92.2212137963014,92.49873352050781,44077500
2015-09-29,92.73001631227285,93.6736018553655,91.35164910200639,92.01770782470703,49315500
2015-09-30,93.33131680821025,94.23789827646688,92.97053618762853,94.13613891601562,41411400
2015-10-01,94.30264715354876,94.57092117116908,93.05378364377842,94.5616683959961,39339100
2015-10-02,93.24804686748634,96.2175521850586,92.95202161314951,96.2175521850586,59370900
2015-10-05,96.92988090946503,97.85496090601697,96.71711646262624,97.59593963623047,32853500
2015-10-06,97.3646546681722,97.68843120562767,96.37481950635168,97.13338470458984,33051500
2015-10-07,97.74396774345506,97.92898094220799,96.47660545281394,97.7162094116211,37389300
2015-10-08,97.34617858466694,98.27125865194087,96.4025929636791,98.10474395751953,50188900
2015-10-09,98.15099762160577,98.73380260411115,97.88272354451301,98.54878234863281,23916200
2015-10-12,98.73381934226187,98.97433512845623,98.38228432615855,98.78932189941406,16162000
2015-10-13,98.22498617584174,99.2240741831909,98.05847150795022,98.1509780883789,26999600
2015-10-14,98.15097526689429,98.64126648109199,97.58667596736122,97.99371337890625,30902600
2015-10-15,98.35450643448885,99.61261581339852,98.2249957976423,99.60336303710938,38393800
2015-10-16,99.81612697479407,100.07514822884272,99.33508145344672,100.01964569091797,27091100
2015-10-19,99.89013736495728,100.65794836920307,99.66811309254405,100.59319305419922,23776300
2015-10-20,100.41741634836175,100.63018075261166,99.73285220632576,100.07513427734375,23404700
2015-10-21,100.58394491753097,100.68569721769028,99.4275949932679,99.46459197998047,30195200
2015-10-22,100.35267231912437,101.5737775250321,100.06589274607204,101.49051666259766,42778700
2015-10-23,104.21950792627982,104.75604891982007,103.67370709948922,104.33051300048828,53170900
2015-10-26,104.25650789673725,104.59879002021025,103.85872323457131,104.39527130126953,25918000
2015-10-27,104.1177562174517,104.75605661443441,104.08999788906094,104.60804748535156,31390500
2015-10-28,104.76529930519781,105.47760772705078,103.92347320339017,105.47760772705078,42221900
2015-10-29,104.99657240191094,105.4868636371829,104.88556026913623,105.31109619140625,24913300
2015-10-30,105.35738286074708,105.53315035632171,104.8115889333548,104.83934020996094,27199200
2015-11-02,105.11681801870971,106.15290996395858,104.89480083679886,106.02339935302734,22176900
2015-11-03,105.81062022302078,106.77270401867473,105.65335835796732,106.39342498779297,20418400
2015-11-04,106.74496152288249,106.81896960350355,105.9586450752311,106.40267944335938,28633000
2015-11-05,106.4952148472857,106.75423612462043,105.5608820473564,106.11592864990234,25004100
2015-11-06,105.9124069544412,106.3101916357415,105.23710250852692,106.18993377685547,29924900
2015-11-09,105.79213904891714,105.93090244694649,104.41377195950469,105.06132507324219,33479800
2015-11-10,104.50625732981457,104.89478911920617,104.19172655426078,104.79302978515625,35452100
2015-11-11,105.07981919073276,105.58861594305542,104.48776863773874,104.66353607177734,22748800
2015-11-12,104.23802389325867,104.7468207613384,103.57196510515463,103.6459732055664,31196900
2015-11-13,103.21117023521714,103.32218237055862,101.55527626982298,101.61077880859375,52836000
2015-11-16,101.50904523020868,103.09093139715542,101.27777519893927,103.07242584228516,33980600
2015-11-17,103.24815811405331,103.8772126668931,102.87812477865363,103.13714599609375,30579500
2015-11-18,103.55345616665905,105.21859591120612,103.45169680330447,105.11683654785156,32966500
2015-11-19,105.17236606514773,105.67191020046101,104.98734579773455,105.19086456298828,26188100
2015-11-20,105.69041904888084,105.98644444793104,105.58865965628837,105.90319061279297,22727600
2015-11-23,105.94016787454342,106.32870687287301,105.14460549728035,105.59789276123047,20696200
2015-11-24,104.91332807710643,105.75514722221043,104.38602569212208,105.50537872314453,26374400
2015-11-25,105.6626480846519,105.79215873149481,105.37587551775708,105.59789276123047,14159900
2015-11-27,105.82914098723447,105.95865160740591,105.38509953393273,105.74588012695312,8828000
2015-11-30,106.06041258454825,106.06041258454825,105.13533267898359,105.47760772705078,25041600
2015-12-01,105.90316423458256,106.53221893310547,105.77364653806859,106.53221893310547,28639400
2015-12-02,106.61547887200948,107.07801891049976,105.7181500680902,105.87541198730469,22395500
2015-12-03,106.16218722840411,106.34720041304305,103.46094815119156,104.08075714111328,42754300
2015-12-04,104.3952759872365,106.68947747945651,104.18251154082995,106.51371002197266,40037300
2015-12-07,106.5877233090663,106.65247862953667,105.52387985179546,106.03267669677734,25892100
2015-12-08,104.92256996123939,106.3841980280181,104.88556591498927,106.04191589355469,30792600
2015-12-09,105.57937101419256,106.16217589339992,103.79396644763321,104.4322738647461,48509200
2015-12-10,104.67279800510939,105.60713073303428,104.35826715129905,104.90406799316406,30154600
2015-12-11,103.69220846798659,103.96973527680305,102.42485345029793,102.48960876464844,56022200
2015-12-14,102.62838503800306,103.31294231237621,101.18525533211809,103.26668548583984,53098500
2015-12-15,104.21950504717618,104.79305006887476,103.76621081401497,103.89572143554688,48428000
2015-12-16,104.59878667478395,105.61637317914163,103.50719208266942,105.44061279296875,44944100
2015-12-17,105.90318300203245,105.90318300203245,103.88650791036865,103.9050064086914,45668800
2015-12-18,103.58207541838257,103.8140517642729,101.91184997558594,101.91184997558594,53746100
2015-12-21,102.87688389468912,103.06246216035068,102.11600167850543,103.04390716552734,26432800
2015-12-22,103.59134626683169,103.86972068626608,103.04388554246108,103.72125244140625,26540300
2015-12-23,104.2594482174286,104.5656586893902,104.07386997467644,104.49142456054688,25656900
2015-12-24,104.49142431549772,104.7605177224066,104.42647122275119,104.47286224365234,11468600
2015-12-28,104.22231604252346,104.43573736216649,103.47071506518371,104.41717529296875,19183600
2015-12-29,105.03887645495278,106.29155426540756,104.97392336754336,106.05957794189453,27725700
2015-12-30,105.96678831972233,106.00390538330862,105.08528106745518,105.10383605957031,19520100
2015-12-31,104.73268817318225,104.92754746347667,103.77693963599067,103.79550170898438,29886800
2016-01-04,101.55922324526374,101.69841044378938,100.32511468603569,101.60562133789062,50807600
2016-01-05,102.10669524099971,102.2366014105183,100.95609470553988,101.4293212890625,38795200
2016-01-06,99.66629910019574,101.03959480654302,99.66629910019574,100.45501708984375,41891100
2016-01-07,98.31158075974135,99.55497775872837,97.25376910056566,97.3094482421875,61386300
2016-01-08,98.01462308700424,98.627043913093,96.40935106593182,96.51142120361328,69344000
2016-01-11,97.19808340808184,97.48573179525604,95.32371775465164,96.80836486816406,50024100
2016-01-12,97.73630825670362,98.43223752584103,96.5764261414746,97.93116760253906,46734200
2016-01-13,98.33012497745946,98.57138233572543,94.40508247532638,94.55355072021484,69870700
2016-01-14,94.92471882245337,97.41150540919658,93.41222859210686,96.56710815429688,78445700
2016-01-15,93.36585117877284,94.59068611913136,92.3358755380899,93.56998443603516,91443900
2016-01-19,94.84121684747198,94.98968512015011,92.67919541225572,93.77412414550781,56563800
2016-01-20,92.29874018801806,94.48859723542168,90.23878931466759,93.48645782470703,86675000
2016-01-21,93.88546461826967,94.97111219054325,92.6235127621828,93.57925415039062,61660100
2016-01-22,95.46290681014857,96.32585913165492,95.13814132987338,96.28874206542969,42229800
2016-01-25,95.945411625856,96.49287236726127,94.7762489389499,94.8597640991211,38881500
2016-01-26,95.25876829417844,96.12171348858064,94.42365204870973,95.71343994140625,36143900
2016-01-27,95.15668695266491,95.56496045185013,92.9297129196294,93.3287124633789,54524700
2016-01-28,94.87833868288527,94.91545575291978,93.03180869465109,94.6463623046875,47641500
2016-01-29,94.61852294900741,96.65991217371143,94.59068691729844,96.62279510498047,54245100
2016-02-01,96.15881162829511,97.24446607342117,95.78765521833738,96.88258361816406,32750300
2016-02-02,96.43721595603421,96.47433302442468,94.49788983893413,94.7855453491211,44928100
2016-02-03,95.41650382666022,95.41650382666022,92.67917894035712,94.33085632324219,61572900
2016-02-04,94.08029877986547,95.07315696695908,93.19879175482735,94.3215560913086,49321600
2016-02-05,93.98753212308027,94.02464918596009,90.67491036413188,91.04607391357422,70749900
2016-02-08,89.34801770920507,90.05322784194277,88.0025505428399,89.65422821044922,91673100
2016-02-09,88.45719230519447,90.73055690222735,88.31800512837832,89.37581634521484,73778400
2016-02-10,90.40582527406853,91.57498808445759,89.65422414992527,89.71917724609375,59421700
2016-02-11,88.57785095168595,90.30375560718436,88.32731960204882,89.58927154541016,76839200
2016-02-12,90.6006837098829,91.04608142181522,89.75629346763975,90.95328521728516,49186500
2016-02-16,92.29873443935303,93.00394439697266,91.72343064769555,93.00394439697266,40565900
2016-02-17,93.68132307149482,95.24020433909169,93.44006569882877,95.11029815673828,41766500
2016-02-18,95.40723530105002,95.42579029459145,93.90402596735773,94.024658203125,38991500
2016-02-19,93.56997816839637,94.59067978312248,93.36584492480762,94.30302429199219,28257900
2016-02-22,95.1845297743016,95.92684978541502,95.09174065783189,95.83406066894531,23979100
2016-02-23,95.2773013071714,95.53711361708004,94.19165397818689,94.25660705566406,29869700
2016-02-24,93.15245097788387,95.27735584211247,92.57714690568272,95.15673065185547,40739100
2016-02-25,95.35153692567218,96.09385681152344,94.49785879187905,96.09385681152344,29389300
2016-02-26,96.82692257203536,96.84548464361185,95.74127500355948,95.97325134277344,30925000
2016-02-29,95.88046129451634,96.59494529746007,95.11029815673828,95.11029815673828,27553900
2016-03-01,96.01965717355068,98.16311645507812,95.72272771862326,98.16311645507812,37699800
2016-03-02,98.04246838383439,98.21876556066698,97.43932857840505,98.20021057128906,29209800
2016-03-03,98.09817124371449,98.12600727620207,97.30945297935168,98.01465606689453,25474600
2016-03-04,98.12599957560724,98.68274141973936,97.40223447029983,98.05176544189453,31655400
2016-03-07,97.55066326977513,98.11668596253068,96.75266429570516,97.44859313964844,25861200
2016-03-08,96.78053701974389,97.62492726092418,96.47432653563564,96.64134979248047,28898500
2016-03-09,97.00321105157053,97.28157836566233,96.46502433322951,97.26302337646484,31047400
2016-03-10,97.67131237332914,98.22805412898252,95.86189281826131,97.11457061767578,44236100
2016-03-11,98.16312158360114,98.81265258789062,97.85691107614025,98.81265258789062,31454000
2016-03-14,98.44148083065487,99.21164401438189,98.41364480125497,98.97966766357422,25374900
2016-03-15,98.6270434047738,99.05387894226237,98.31155195919672,98.9425277709961,26524600
2016-03-16,98.70128637324477,100.0838632468941,98.67344326841437,99.82405090332031,31693100
2016-03-17,99.53638765272146,100.00034025255196,99.16523123634093,99.76836395263672,29623700
2016-03-18,100.00847654979371,100.17599522141568,99.39424615408309,99.92472076416016,37682300
2016-03-21,99.7479336821398,100.40870006943882,99.69209646923946,100.31563568115234,17288600
2016-03-22,99.74789825109674,100.85538324928642,99.72928822019291,100.62271881103516,18840300
2016-03-23,100.42728882514172,100.50173605451644,99.57107823395329,99.79444122314453,20912900
2016-03-24,99.31049254983999,99.85027577555489,99.14297386256142,99.82235717773438,19017300
2016-03-28,100.10154001236837,100.12015714258052,99.50591965196547,99.68274688720703,13892300
2016-03-29,99.49662422299234,101.34863117158258,99.32910554269463,101.28348541259766,29963900
2016-03-30,101.88843016151415,102.40959631414366,101.56269421576442,101.77674865722656,23807200
2016-03-31,101.70226956465008,102.08384261948288,101.46960514595337,101.62781524658203,21447200
2016-04-01,101.01357050027038,102.74459409709638,100.87397044884501,102.70736694335938,26389000
2016-04-04,102.70739526240021,102.78184959040317,102.07454767508612,102.31652069091797,17163000
2016-04-05,101.52546966089938,101.90704281843632,101.19974080712178,101.33003234863281,20107900
2016-04-06,101.43239753614377,103.03313018134558,101.43239753614377,102.99590301513672,25056000
2016-04-07,102.400296558604,102.58643241510038,101.07876392908594,101.51617431640625,28567200
2016-04-08,102.14901342015251,102.39097936267306,101.08806397877377,101.44171142578125,22898000
2016-04-11,101.87912533845689,102.39098294278409,101.06014181096285,101.06945037841797,25772100
2016-04-12,101.1438732505221,102.11175805439724,100.5296357959967,101.91632080078125,28564100
2016-04-13,102.6980879673183,103.37747129313126,102.56779644187839,103.2192611694336,25356700
2016-04-14,103.23787759754288,103.61014216487283,102.37236549615207,103.22856903076172,17199700
2016-04-15,103.14481432949226,103.35886166524666,102.70740399074701,102.96798706054688,21353300
2016-04-18,102.6701649760879,103.55428701808046,102.60501921615536,103.5170669555664,17126100
2016-04-19,103.71250882248884,103.71250882248884,102.26067780779167,102.88422393798828,42481400
2016-04-20,102.8842312596924,103.44262456645727,102.53057672180162,102.96798706054688,18078300
2016-04-21,102.91213390573537,103.34954417666988,102.51195079619477,102.97727966308594,20216000
2016-04-22,101.6371277416153,102.11176516220954,100.62271424504168,101.42308044433594,39074000
2016-04-25,101.11596169569526,101.4323819091882,100.9298258933275,101.42308044433594,14351900
2016-04-26,101.63710362135069,101.80462225354914,100.6226903655151,100.92980194091797,19118300
2016-04-27,99.89679237808929,100.35281975543936,99.2918705638596,100.12015533447266,33059800
2016-04-28,100.23184892764031,100.81816792510588,98.71487916824864,98.91031646728516,29818200
2016-04-29,98.91030332960702,99.11504916817084,97.60738107540043,98.3891372680664,67502800
2016-05-02,98.6404407455452,99.45942434068054,98.23095604833469,99.31982421875,24813800
2016-05-03,98.61250007754848,99.05921894770533,98.13786260932348,98.39845275878906,38569400
2016-05-04,97.80281454220763,98.16577757848918,97.52362149168576,97.76559448242188,27474500
2016-05-05,98.11923631367482,98.33329069730928,97.54222601460509,97.73766326904297,20788100
2016-05-06,97.25373044001185,98.27745249825679,97.16066608932681,98.25884246826172,30758500
2016-05-09,98.26814095268891,98.99405990686718,98.22161232893498,98.53803253173828,19289600
2016-05-10,98.8917010036923,99.93403320798217,98.71487374745502,99.88750457763672,21178900
2016-05-11,99.73858695692451,100.03639714572475,98.956837873957,98.98475646972656,20966300
2016-05-12,99.21744577854263,99.33842875732994,97.84937743997682,98.54737091064453,29196300
2016-05-13,98.46360265894603,99.06852457679199,97.98896517077465,98.18440246582031,21059300
2016-05-16,98.33331288911135,99.77582831180007,98.24024142283287,99.41287231445312,18311900
2016-05-17,99.32911669963958,99.61761836464176,97.90520420699342,98.1657943725586,29932700
2016-05-18,97.94243686395382,99.04992205353217,97.75630812132927,98.51944732666016,27524400
2016-05-19,98.13785224076979,98.37982523238774,97.29095742063917,98.00756072998047,27334600
2016-05-20,98.39845811982993,99.48732610594537,98.34261382029553,99.08714294433594,29549600
2016-05-23,99.19879112240164,99.55244555800284,98.86376091553042,98.95682525634766,15729800
2016-05-24,99.50594155209873,101.06013855020015,99.4780229509907,100.93915557861328,29931300
2016-05-25,101.32070027837891,101.97215778916558,101.14387305387066,101.6650390625,37951700
2016-05-26,101.76743806286807,102.09316690177286,101.52546502524329,101.96287536621094,21885900
2016-05-27,102.02801064501796,102.50264810454486,102.00940061343209,102.49333953857422,19870000
2016-05-31,102.63295979098697,102.84701424823447,102.16763080600762,102.68879699707031,24366100
2016-06-01,102.37234557043985,102.93073876257132,102.28858978677974,102.69807434082031,19571500
2016-06-02,102.49333962779964,102.92144135820143,101.93494637511711,102.91213989257812,15696600
2016-06-03,102.7167085271866,102.76323715905022,101.75812498609879,102.4281997680664,20269900
2016-06-06,102.6143473247792,103.07036773115578,102.43752004256196,102.80047607421875,12502400
2016-06-07,102.85631440157597,102.95868734499204,102.49335836595779,102.5398941040039,12184300
2016-06-08,102.71670532226562,102.93075264294255,102.33513221096803,102.71670532226562,14568700
2016-06-09,102.29791273148474,102.66086873759993,102.10247542821935,102.5491943359375,17571600
2016-06-10,101.61852106378676,101.81395833745394,101.03220214243015,101.38585662841797,32965000
2016-06-13,100.80886258801674,101.37656447022488,100.40867941040044,100.53897094726562,25154700
2016-06-14,100.26907930651453,100.90192695715527,99.80375036046564,100.53897094726562,24588500
2016-06-15,100.78094008701815,100.92054018550145,100.08294669495766,100.2504653930664,24605700
2016-06-16,99.75720588719247,100.64132790416699,99.1150497714889,100.54826354980469,32079900
2016-06-17,100.34018343509644,100.4801553572865,99.13643629509016,99.36972045898438,29208800
2016-06-20,100.5268293963049,101.00272403274975,99.92028905969254,99.99494171142578,20562800
2016-06-21,100.125539871916,100.51745545639722,99.93890831792554,100.31216430664062,22804100
2016-06-22,100.36814528360529,100.95602575071909,99.98556307543065,100.06954193115234,22724200
2016-06-23,100.84406071924423,101.515920134656,100.4241521442451,101.49725341796875,18714200
2016-06-24,97.8860398148729,99.37905708907108,97.10220129637639,97.31682586669922,68012700
2016-06-27,96.67294932020283,96.67294932020283,94.94664805219813,95.38522338867188,48222600
2016-06-28,96.43966641044801,97.52210828621388,96.39301385189987,97.47544860839844,28260600
2016-06-29,98.24061457481507,99.40703525910811,98.19396201900346,99.20174407958984,31356700
2016-06-30,99.36969881146615,100.41481420097202,99.03376911909878,100.34949493408203,36300800
2016-07-01,100.30283932353149,101.2266495745662,100.26551300961698,100.8533935546875,19902800
2016-07-05,100.32151193099733,100.46148383657929,99.69630503530017,100.2375259399414,21167900
2016-07-06,99.76164873804886,101.10536075469562,99.4443785557276,101.05870819091797,24579300
2016-07-07,101.151993386228,101.5812353022361,100.88138295932299,101.35728454589844,19161700
2016-07-08,101.89852410508229,102.98096608703088,101.73055921544433,102.92498016357422,29457900
2016-07-11,103.27023038026658,103.89543022129047,103.26090413972659,103.51284790039062,20218500
2016-07-12,104.14737934862885,104.31534422600089,103.89542847293706,104.035400390625,21906100
2016-07-13,104.27801615919738,104.34333543712148,103.77412153552541,103.78345489501953,21107800
2016-07-14,104.47399379993374,104.68861839338442,104.23137624196093,104.49266052246094,20871000
2016-07-15,104.73525178359888,104.79124482165919,104.09139235967821,104.32467651367188,17999300
2016-07-18,104.38999791710013,105.20182223319335,104.3713311976109,105.01519775390625,20713900
2016-07-19,104.65126559475836,104.95920236514254,104.44597441450223,104.63259887695312,18936700
2016-07-20,105.20182630380275,106.05098409173118,105.07118773939341,105.85502624511719,24997900
2016-07-21,105.9296898629245,106.13498110471183,105.32315661853167,105.6124267578125,18885400
2016-07-22,105.68705689744411,106.17228481343987,105.3604605002097,106.05097961425781,20003400
2016-07-25,105.96697576212088,106.08828806013182,105.7056986883532,106.06029510498047,12968100
2016-07-26,106.0230090726964,106.5642230228657,105.64975291724689,106.181640625,21223800
2016-07-27,107.07745479993315,107.19876002892643,106.47091441642826,106.9188232421875,27646100
2016-07-28,107.08676202426018,107.41335842204141,106.75083226675162,107.29205322265625,16939700
2016-07-29,107.53467108974031,107.81461494686215,107.18941506779382,107.52534484863281,22385300
2016-08-01,107.60000496725623,108.36517687866312,107.46936638135277,108.09456634521484,13990100
2016-08-02,107.93593326419243,108.02924552147708,106.58288773539282,107.27340698242188,21278400
2016-08-03,107.18942242465768,107.63732408367237,107.12410313608186,107.62799072265625,15011300
2016-08-04,107.59064948161156,108.03855104889205,107.33869862065762,107.93590545654297,12835300
2016-08-05,108.48645943381192,109.21430481806934,108.365147123591,108.97168731689453,23196600
2016-08-08,109.02765576354312,109.05565583629257,108.5051016471409,108.8503646850586,12358200
2016-08-09,108.93434533773338,109.44757322426213,108.86902607210845,109.10231018066406,13276500
2016-08-10,109.1676207038118,109.19561365551417,108.53308769458526,108.8223648071289,14688400
2016-08-11,109.19563633773042,109.52223982680806,108.97168555832693,109.28895568847656,12969800
2016-08-12,109.10236264340602,109.3729731937677,108.98105741156229,109.36363983154297,19379000
2016-08-15,109.5035580939172,110.08210524058552,109.46623178259028,109.83015441894531,11777800
2016-08-16,109.62488180196833,109.63420804132184,109.20496609525959,109.2236328125,14161400
2016-08-17,109.25163656500176,109.45692775933226,108.64509634155274,109.41960144042969,15980300
2016-08-18,109.31692465213614,109.60619464201022,109.13029311087435,109.44756317138672,10036300
2016-08-19,109.25163656500176,109.66221183439538,108.95303313304849,109.41960144042969,18743000
2016-08-22,109.26096829001756,109.69021741931122,109.05568420464948,109.50358581542969,14500600
2016-08-23,109.93280804921598,110.11943961952363,109.65287137265418,109.69952392578125,11997900
2016-08-24,109.62491263205398,109.77421081563122,108.62645655689498,108.9903793334961,17728700
2016-08-25,108.71042659705975,109.14900198936684,108.57978802734293,108.81307220458984,24266300
2016-08-26,108.85038212594063,109.68087310226174,108.31849456673197,108.97168731689453,23896000
2016-08-29,108.99966701362035,109.41024933192237,108.98100741700033,109.12097930908203,11184900
2016-08-30,108.94369379408698,109.26095680844473,108.39314663884254,108.76639556884766,19843300
2016-08-31,108.59845641471918,108.76642132069614,108.19720731262251,108.65444946289062,16169800
2016-09-01,108.69175392954804,109.06500287286046,108.1598663541339,108.93436431884766,20944700
2016-09-02,109.475580151435,109.69953093083849,108.87837332684771,109.28895568847656,18088200
2016-09-06,109.47560011362803,109.97016143798828,109.23298257212875,109.97016143798828,18525200
2016-09-07,110.07278011050366,110.22208536697138,109.61554522128756,110.03545379638672,17546900
2016-09-08,109.70887987724865,109.73687283874297,109.10233960755588,109.39161682128906,20125300
2016-09-09,108.47711203313352,108.71972950290322,106.62017249581031,106.63883209228516,50813300
2016-09-12,106.04165591345004,108.70109413212127,106.0323225528882,108.55179595947266,39646000
2016-09-13,108.01058668647173,108.32784978735135,107.05879026456387,107.58134460449219,45863900
2016-09-14,107.6933243451321,108.68244710104935,107.66532426020795,108.09456634521484,28221800
2016-09-15,108.12256664784077,109.94218061178039,108.1132332861806,109.77421569824219,38521400
2016-09-16,109.65632645504986,109.8340689010926,109.1792324424166,109.72180938720703,27596500
2016-09-19,110.00244490362829,110.33921630033518,109.02955768770187,109.24471282958984,16222900
2016-09-20,109.63760779094167,109.89954664430714,109.26342370319897,109.45051574707031,18078600
2016-09-21,109.9182463409095,110.68533509371936,109.27276669554506,110.52630615234375,31546800
2016-09-22,111.17177866857928,111.52726352238973,111.05952630388423,111.40564727783203,22614400
2016-09-23,111.32147603926562,111.32147603926562,110.53568081068107,110.69470977783203,22213400
2016-09-26,110.0679362759527,110.19890213876832,109.60954861899381,109.7685775756836,16403900
2016-09-27,109.69372020731336,110.90983253490683,109.59081746166511,110.85370635986328,20238400
2016-09-28,110.99409357636925,111.10634599183098,110.4702228014897,111.04086303710938,14794300
2016-09-29,110.85371412455804,111.05951963027009,109.75921081192917,110.23629760742188,27207500
2016-09-30,110.52631958653643,111.38695446022795,110.41406007110102,111.05953979492188,25543200
2016-10-03,110.91924193835774,111.04085108772354,110.47021091351188,110.9005355834961,19216400
2016-10-04,111.22791703137884,111.47114239441913,110.31114890121394,110.73211669921875,21239700
2016-10-05,111.05953995502797,111.48050064858488,111.01276337258635,111.1250228881836,14481300
2016-10-06,110.9846665196751,111.30273148190236,110.52628612701169,111.06886291503906,11987100
2016-10-07,111.17179699536167,111.3308331000695,110.28309898853986,110.82567596435547,19984200
2016-10-10,111.39629398078678,111.77048517061215,111.34951740564486,111.52725982666016,19687300
2016-10-11,111.43371546507933,111.45242181315136,109.45050712558333,109.93695068359375,27774400
2016-10-12,110.03987073863794,110.21761319022812,109.50665052097193,109.84342193603516,14267800
2016-10-13,109.09503800887316,109.74986729952687,108.458915067765,109.45051574707031,22821000
2016-10-14,109.99310831197329,110.43278252842583,109.51601425400297,109.58149719238281,21313300
2016-10-17,109.48791761833405,109.73114294514124,109.14178954315086,109.28211212158203,14182700
2016-10-18,110.58242712228369,110.76952628311552,110.19888633250909,110.25501251220703,19276700
2016-10-19,110.17084970493286,110.40471837446937,110.04924056613181,110.24568939208984,13702900
2016-10-20,110.1334138037836,110.35792568086576,109.47857738473013,110.11470031738281,18132200
2016-10-21,110.19889152683409,110.59178907744568,109.83405706739426,110.52630615234375,15707800
2016-10-24,111.23726589159395,111.92951495892429,111.21855240655337,111.85467529296875,19143000
2016-10-25,111.92014423325996,111.9388577159625,111.33079799597473,111.49918365478516,20341800
2016-10-26,110.77886727798835,111.34950718424153,110.41403286410225,110.74144744873047,20463700
2016-10-27,111.21854856210099,111.31209457276016,110.07726867559097,110.23629760742188,19099800
2016-10-28,109.91826628229113,110.48890636332077,109.20730358284185,109.54407501220703,35369300
2016-10-31,109.94632687129753,109.94632687129753,109.38504354752354,109.44116973876953,18749400
2016-11-01,109.62827236548989,109.64697871745516,107.67312670974121,108.61795806884766,23498700
2016-11-02,108.54313029263236,108.79571246305055,107.4766896860139,107.74797821044922,26960100
2016-11-03,107.57020569840887,107.92569055943973,106.56924831596038,106.69086456298828,36205200
2016-11-04,106.42895619550464,107.14927572967149,106.12960456934726,106.31670379638672,26997500
2016-11-07,108.03795196190268,108.95472014579153,107.8602166536265,108.84246063232422,26591200
2016-11-08,108.73020601668117,110.04922137151159,108.47762390085771,109.55342102050781,20777900
2016-11-09,108.27182624121272,110.23632143814952,108.14086037055725,110.05858612060547,70234400
2016-11-10,110.59180466225472,110.74147688196399,106.8311928990096,108.28118133544922,72825400
2016-11-11,107.81344328928884,108.56182579386106,107.42989529299183,108.32795715332031,41115200
2016-11-14,108.3560102376204,108.45891300091986,106.67215332645071,107.23343658447266,35906000
2016-11-15,108.04730529814245,109.09503931281523,107.88827634524064,108.7208480834961,31796600
2016-11-16,108.206324330771,109.44115027834343,108.206324330771,109.36631774902344,16538100
2016-11-17,109.31019850793402,110.18019011511164,109.08568661685395,110.16148376464844,20598600
2016-11-18,110.29243190007568,110.47952392305062,109.64695228773674,109.7498550415039,16428700
2016-11-21,110.02114469244388,110.99403892434339,109.98372486001276,110.8911361694336,20268500
2016-11-22,111.33083093562362,111.49921664425462,110.95663967898757,111.2279281616211,18850600
2016-11-23,110.86307366599215,110.98468276920933,110.29243370832877,110.77887725830078,22926000
2016-11-25,110.90984227299722,111.18113070469838,110.77887642832816,111.13436126708984,7162800
2016-11-28,110.99404203217492,111.39629632069357,110.7695301684051,110.88178253173828,13479000
2016-11-29,110.98473554974292,111.79860123799057,110.66667752679282,111.265380859375,18553000
2016-11-30,111.4056442974492,111.44306413038099,109.88082357527134,109.91824340820312,30405300
2016-12-01,109.8808180622787,109.89017480431804,107.8508404030257,108.01922607421875,39796600
2016-12-02,108.0847256779662,108.66472244318086,107.7853741204273,108.2343978881836,32876800
2016-12-05,108.79569400700143,109.50664953273711,108.29988649583501,109.07633209228516,21419700
2016-12-06,109.38504868102993,109.52537130283503,108.8798915247946,109.33827209472656,27293300
2016-12-07,109.11374576984232,110.86308566479407,108.78633112028025,110.72276306152344,26622400
2016-12-08,110.76952489283585,111.19984225169325,110.55436264485557,110.91919708251953,18578400
2016-12-09,111.3308117363566,111.82661203262796,111.32145499385052,111.78919219970703,21863100
2016-12-12,111.29340673154569,111.51791862188057,110.82566946337047,111.28404998779297,23259300
2016-12-13,111.62082307224367,113.29532337397221,111.62082307224367,112.68726348876953,54477900
2016-12-14,112.82757561222992,113.19241008202187,112.12596976461408,112.45338439941406,28746000
2016-12-15,112.60307856693429,113.29532776268144,112.33179008034716,112.63114166259766,22762300
2016-12-16,112.90789635821258,113.13307930795675,111.98842436715658,112.2136001586914,26283900
2016-12-19,112.32622573528073,113.36767392984596,112.16672646611238,112.67337036132812,21138700
2016-12-20,113.02989658115753,113.31136459162448,112.89854341129744,113.1049575805664,11461800
2016-12-21,113.15185333903817,113.22691433048833,112.76717828472387,113.02050018310547,7079300
2016-12-22,113.02989047527032,113.05803655897546,112.26053316841733,112.70150756835938,16645000
2016-12-23,112.5138516049483,112.82347283256323,112.41064452907666,112.77655792236328,9007500
2016-12-27,113.02051664407206,114.01504987190074,112.9736088862414,113.35828399658203,16110600
2016-12-28,113.60219634123256,113.70540340058038,112.4012492777768,112.47630310058594,17975200
2016-12-29,112.44818666840145,112.71089301301687,111.9603044795744,112.31683349609375,13267500
2016-12-30,112.53263473496176,112.54201199162536,110.84379796806046,111.16280364990234,41749000
2017-01-03,111.90400428780224,112.57953897344414,111.54747527402944,112.15733337402344,22307600
2017-01-04,112.27929969319123,112.97360319292287,112.26992243702438,112.7671890258789,19749100
2017-01-05,112.68272479138875,113.48022808322374,112.68272479138875,113.4051742553711,20644300
2017-01-06,113.52716244027745,114.69996370515635,113.23631001721495,114.39972686767578,24074300
2017-01-09,114.49352641586604,114.9814156521271,114.41846543210136,114.7750015258789,18909200
2017-01-10,114.82192903890079,115.37549494170109,114.55922270870838,115.0283432006836,16176600
2017-01-11,115.07526058311421,115.33796691894531,114.48416416928347,115.33796691894531,20686000
2017-01-12,114.92511539445698,115.2347365812948,114.09008164198602,115.15967559814453,19622500
2017-01-13,115.21599701251266,115.75079409316355,115.21599701251266,115.55376434326172,16930800
2017-01-17,115.25351175521556,115.43177982153738,114.86883669835449,115.20660400390625,14538500
2017-01-18,115.37547790712917,115.55374595838683,115.08462553567472,115.44115447998047,12499700
2017-01-19,115.61003296630251,116.01347679818376,115.14091256449684,115.38485717773438,12710700
2017-01-20,115.89149017886186,116.18234966862494,115.32854718047537,115.63816833496094,22091000
2017-01-23,115.56314148128232,115.90090881168643,115.000198316679,115.73202514648438,17434200
2017-01-24,115.95719917572266,116.6890331523472,115.76016942908896,116.5107650756836,17640900
2017-01-25,117.24257363679388,117.71169405331028,117.1393665725035,117.68354797363281,15036200
2017-01-26,117.84306486072484,118.0494790202449,117.5991202032729,117.80553436279297,16052200
2017-01-27,118.05888491958493,118.14332318664049,117.64605652541496,118.0307388305664,15053000
2017-01-30,117.63666454752314,117.63666454752314,116.46386319239792,117.11125183105469,25006700
2017-01-31,116.6984027724032,116.90481691962113,116.20113623131095,116.87667083740234,19091100
2017-02-01,117.70230964068129,117.91810818189101,117.1487509851325,117.68354797363281,22861900
2017-02-02,117.47714570849038,117.93688175880428,117.14876281540903,117.58035278320312,15101400
2017-02-03,117.70233038803669,118.0400977201234,117.5897460494816,117.91812896728516,16957200
2017-02-06,117.72108585566278,118.07761481764028,117.6084943716757,118.05885314941406,11630100
2017-02-07,118.30282598622688,118.73442322473653,118.19024162680007,118.490478515625,17541100
2017-02-08,118.33095574345009,118.85636840503675,118.10577275287525,118.68748474121094,12569100
2017-02-09,118.80943550515322,119.38176299268076,118.74375893239807,119.11905670166016,17542700
2017-02-10,119.38176940602699,119.68200620592387,119.17535526393353,119.51312255859375,13915700
2017-02-13,119.87903891830715,120.33877496373266,119.83213116734298,120.18866729736328,19120200
2017-02-14,120.2355507129077,120.60146404591929,119.8508757138328,120.59208679199219,16333500
2017-02-15,120.50765676241791,121.36145936971735,120.4419730312014,121.3051528930664,17891400
2017-02-16,121.380223489534,121.62417529174621,120.9580179379471,121.26763916015625,15098300
2017-02-17,121.08934163550295,121.80241372520527,121.07057281303265,121.79302215576172,15563700
2017-02-21,122.0276259998816,122.46860042903772,121.96195657235938,122.39353942871094,18479600
2017-02-22,122.28096855986217,122.52490610048582,122.07455436532543,122.44046783447266,12110900
2017-02-23,122.62808616138456,122.62808616138456,121.49282265815266,121.98069763183594,17489000
2017-02-24,121.42716712992025,122.21528625488281,121.38964378338935,122.21528625488281,18624500
2017-02-27,121.9900962972467,122.3747642187843,121.78368213621616,122.36538696289062,12008700
2017-02-28,122.33723397846522,122.39352614349458,121.65232210990733,121.9900894165039,16598600
2017-03-01,122.76881380318449,123.54754106490896,122.5342536043373,123.32237243652344,25813800
2017-03-02,123.29423659019307,123.31299109983605,122.55301828312778,122.70314025878906,19951400
2017-03-03,122.61873107643363,122.9658757005555,122.29034096639951,122.92835235595703,13722700
2017-03-06,122.52488920278128,122.86265653667515,122.16836735664222,122.65624237060547,12026200
2017-03-07,122.41228287920588,122.98461036117263,122.2340148299413,122.4498062133789,15500900
2017-03-08,122.52489703530237,123.05030974018665,122.40293543222582,122.66564178466797,15776000
2017-03-09,122.63746073394098,122.92831309004929,122.1026566083857,122.7594223022461,20855300
2017-03-10,123.32241235476245,123.47253436655807,122.74070745458322,123.27549743652344,21922600
2017-03-13,123.22852830590044,123.51000337508108,123.16285890239442,123.48185729980469,10731600
2017-03-14,123.2004399736981,123.24735489328631,122.6844044910746,123.18167114257812,14019700
2017-03-15,123.43496180559411,124.23247224090136,123.04090237336362,123.94161987304688,22709100
2017-03-16,124.17616757804389,124.17616757804389,123.57569407752382,123.8571548461914,18457300
2017-03-17,124.01135904656837,124.14298539516106,123.74810634938298,123.81392669677734,21234500
2017-03-20,123.77635406611077,124.20884898846667,123.5977295171257,123.92678833007812,10105200
2017-03-21,124.39682132212579,124.50963978957145,121.9711238486878,122.04634094238281,35841900
2017-03-22,122.08404365778011,122.99603184268643,121.92419825340342,122.8738021850586,29177900
2017-03-23,122.71390314435361,123.05237294656393,122.35662547918828,122.56346893310547,20311700
2017-03-24,122.95833724230891,123.43783010932663,122.34721803849057,122.81731414794922,22967600
2017-03-27,121.9429366169021,123.2310098040501,121.6608760618816,123.01475524902344,18472400
2017-03-28,123.01477282103377,124.1336040965103,122.74212333149138,123.76692962646484,23721900
2017-03-29,123.85155759984275,124.38747422656023,123.71993121987346,124.34046173095703,13710000
2017-03-30,124.29346148057554,124.67894389781976,124.18064295697269,124.54731750488281,16092400
2017-03-31,124.36864439795521,124.80113919645511,124.22762128224704,124.4626693725586,19841400
2017-04-03,124.56608237398606,124.8669364484724,123.69169607929967,124.38744354248047,23700300
2017-04-04,124.03015180714536,124.60366961607879,123.98313932847326,124.5848617553711,13400000
2017-04-05,124.76352298860934,125.49687187986704,123.8421384950645,124.07718658447266,32011200
2017-04-06,124.19945186775276,124.47210141747951,123.82336620892158,124.14302825927734,18832200
2017-04-07,124.10539120750589,124.45325778904696,123.63529502868957,124.07718658447266,16743100
2017-04-10,124.19939312157925,124.64128459531611,123.78570626563886,124.12417602539062,15619300
2017-04-11,124.01134043963391,124.19939034900464,122.69507715120201,123.5882568359375,33778400
2017-04-12,123.56945869606074,123.67288041587253,122.95833948111523,123.0899658203125,15955200
2017-04-13,122.92075816367364,123.64469597430188,122.58228832961727,122.60108184814453,23683000
2017-04-17,122.94891912314709,123.63525530677559,122.9019066511304,123.61644744873047,13325500
2017-04-18,123.20283828490007,123.7857674820926,123.11822438966611,123.4284896850586,12841100
2017-04-19,123.96435479605734,124.37802733824026,123.4566429435221,123.62588500976562,17764800
2017-04-20,124.12423863656224,124.93280489570706,123.93620297433817,124.66014099121094,21977900
2017-04-21,124.77294971046072,124.8199478572672,124.31225023292825,124.63191223144531,22454900
2017-04-24,126.01397798577432,126.25842282916193,125.79773776484696,126.1362075805664,22469900
2017-04-25,126.54992449302499,127.27386243598241,126.43709163024982,127.04822540283203,19384400
2017-04-26,127.09518194218559,127.40544710738459,126.79432788108659,126.86954498291016,25398500
2017-04-27,127.17984564250771,127.63113403320312,127.10462851969193,127.63113403320312,16136500
2017-04-28,128.13882727397257,128.185839767391,127.6499375117772,127.85678100585938,22771900
2017-05-01,128.27981341115205,129.16359628737564,128.2234041801068,128.99435424804688,24815500
2017-05-02,129.15422307662388,129.26705591801087,128.8251643502548,129.21063232421875,18345100
2017-05-03,128.9192123601378,128.96622486216359,128.44911603228292,128.7969970703125,23827600
2017-05-04,128.77811186032568,129.21059218834577,128.39262965990437,128.8439178466797,14630100
2017-05-05,129.17298754850353,129.3140106201172,128.69349475882464,129.3140106201172,19330700
2017-05-08,129.37985964701585,129.59609985351562,129.11660695748682,129.59609985351562,13279900
2017-05-09,129.79355311336664,130.33886638247697,129.68072027914621,130.0474090576172,28426100
2017-05-10,130.1226043701172,130.16961685283482,129.66191933959263,130.1226043701172,20499400
2017-05-11,129.76535394791253,130.05681128502792,129.1636314094881,130.01919555664062,27232100
2017-05-12,130.07565131403706,130.338904093057,129.96281844717103,130.31069946289062,19738600
2017-05-15,130.36702573700748,130.79950602172684,130.24479618662573,130.7242889404297,20481300
2017-05-16,131.0627946177133,131.28844592355944,130.6773266962447,131.26963806152344,21786000
2017-05-17,130.22601800401256,130.47047716048036,127.91315319841249,127.93196105957031,55642200
2017-05-18,127.88495205800994,129.48327599122518,127.74391461478226,129.05078125,41319900
2017-05-19,129.51148599178038,130.1414130950245,129.4268721300451,129.59609985351562,36730100
2017-05-22,129.8875678220576,130.75255741142809,129.84056968136738,130.68673706054688,19509700
2017-05-23,131.0722153193907,131.08161207799913,130.47988956454452,130.818359375,19687500
2017-05-24,131.21324625039497,131.48591007445083,130.84657179606245,131.4200897216797,15891900
2017-05-25,131.91837954992954,132.87737971455329,131.6363189901936,132.53890991210938,23928600
2017-05-26,132.56718902248883,132.8304418671776,132.3885500894063,132.77403259277344,13851600
2017-05-30,132.70817142455124,133.04664131316147,132.6235575389486,132.88681030273438,20306400
2017-05-31,133.35692205926432,133.35692205926432,132.16288772279333,132.83981323242188,33229400
2017-06-01,133.11244295573277,133.4132970665176,132.54832177198946,133.3568878173828,20120700
2017-06-02,133.82702508284726,134.9082552924009,133.61078477941734,134.8800506591797,37222900
2017-06-05,134.87061450801426,135.0868547712929,134.66377100533055,134.851806640625,15727500
2017-06-06,134.69198927743446,135.13388095554913,134.11847120666013,134.31591796875,22393000
2017-06-07,134.69198822457335,134.95524100783484,134.07147200471456,134.84242248535156,18842400
2017-06-08,135.14327521744488,135.19968447209595,134.25008086480614,134.9834442138672,25417400
2017-06-09,135.14324059920662,135.2936604576783,129.84995358532223,131.6081085205078,109783700
2017-06-12,130.49869355922954,131.1380174343609,129.24823608395627,130.90296936035156,104454000
2017-06-13,131.6363200197745,132.1534286589689,130.94998365113256,131.96539306640625,51193000
2017-06-14,132.50128088028492,132.50128088028492,130.3294391769496,131.39186096191406,60093800
2017-06-15,130.06621517840335,130.949998343422,129.2670602337997,130.80897521972656,55145200
2017-06-16,130.7410982136015,130.8353793535801,129.76064053012254,130.24143981933594,48087400
2017-06-19,131.50471722420286,132.54173765067395,131.30673262003964,132.419189453125,39626500
2017-06-20,132.28720625472772,132.4568950160061,131.33501580995528,131.3821563720703,40935100
2017-06-21,131.68388088778286,132.74919758447177,131.59903647440552,132.68321228027344,35743400
2017-06-22,132.89058724042064,133.13569805942652,132.30607007928054,132.6454620361328,24099100
2017-06-23,132.49461708446245,133.3242450590655,132.12694366576918,133.15455627441406,21654300
2017-06-26,133.91815179970897,134.1444034572029,132.24005154199676,132.5323028564453,34411100
2017-06-27,132.032662456487,132.19292886398063,130.11887353986032,130.1282958984375,65957800
2017-06-28,130.6091085136201,132.11752038689716,129.85491696226333,132.00439453125,57427200
2017-06-29,131.45757045494628,131.45757045494628,128.45018402816515,129.71347045898438,88769400
2017-06-30,130.08119881568268,130.73170140695038,129.33642945129296,129.7606658935547,68898300
2017-07-03,130.354560438452,130.50539010031397,128.30878659940794,128.3936309814453,32797000
2017-07-05,128.79901202638285,130.00573566904586,128.36535335948113,129.65692138671875,42116600
2017-07-06,128.66702529096415,129.2138241816536,128.02595965826086,128.48789978027344,48430500
2017-07-07,128.9216029837048,130.22260804123698,128.91218062288343,129.873779296875,36970400
2017-07-10,129.95863116240625,131.03337003542043,129.62866154254843,130.72225952148438,24853500
2017-07-11,130.53369874899494,131.25018646527263,130.04346274034097,131.0899200439453,31517700
2017-07-12,132.2118033267161,132.79630610257425,131.94783340308453,132.6454620361328,36045800
2017-07-13,132.80569817375428,133.25823026987132,132.55116505312694,132.93768310546875,31073600
2017-07-14,133.53165880185142,134.15387981425283,133.10742243349867,133.9841766357422,34544800
2017-07-17,134.12554712979758,134.52150188140791,133.79557764415043,134.0501251220703,25343200
2017-07-18,133.95587595598116,134.9740517251533,133.5316396484796,134.94577026367188,25748500
2017-07-19,135.3417312931162,135.93567078192234,135.28516836756918,135.73768615722656,33752300
2017-07-20,136.08655807423455,136.17140248950972,135.30407045658563,135.91685485839844,36139400
2017-07-21,135.4171645425587,135.86026000976562,135.14377225133515,135.86026000976562,39697100
2017-07-24,135.84134204447307,136.5766885894495,135.68107568316034,136.482421875,26712700
2017-07-25,136.02996348047355,136.4542142735749,135.76599352070787,136.1336669921875,28120900
2017-07-26,136.47301771106362,136.65214321213537,136.2561883922671,136.57672119140625,18610600
2017-07-27,137.47231780475914,137.60430271505635,134.15382156478887,135.7187957763672,80665900
2017-07-28,134.9080235138816,135.83191786059956,134.6911798644861,135.60565185546875,38013200
2017-07-31,135.99222193777783,136.1619106997329,134.73835778397236,135.03060913085938,33848600
2017-08-01,135.4925799032241,135.5302837264284,134.92692185818856,135.34173583984375,20149400
2017-08-02,136.21847611550308,136.2467575733603,134.44609470163053,135.70938110351562,41769700
2017-08-03,135.84136692385874,135.9167889403976,134.93633149594996,135.1814422607422,27112800
2017-08-04,135.4831672826161,135.72827811426717,134.87036862556445,135.4265899658203,29472900
2017-08-07,135.67170065711977,136.28448486328125,135.4831527771686,136.28448486328125,17933900
2017-08-08,136.0205161444458,137.14239546010086,135.6622650997072,136.04879760742188,30810400
2017-08-09,134.9268754125674,135.9356285557406,134.6157650334189,135.86962890625,36169500
2017-08-10,135.09665974916,135.19092652404052,132.82461901084528,132.95660400390625,63331700
2017-08-11,133.13565852111768,134.2575375560198,132.83397047782938,133.9652862548828,45862500
2017-08-14,135.0306421388811,135.89797403321134,134.99293831098996,135.69056701660156,34161000
2017-08-15,136.02994663763923,136.03938338271638,135.41716238947433,135.7848358154297,25509200
2017-08-16,136.1241960283978,136.66157250230572,135.567974839295,136.02049255371094,31913000
2017-08-17,135.4925606121082,135.69996757340567,133.2393798828125,133.2393798828125,70191000
2017-08-18,133.3147989649157,134.05956802931712,132.5982969743085,133.1450958251953,60751900
2017-08-21,133.13571505497066,133.42796648020735,132.1552428832203,132.97544860839844,37111500
2017-08-22,133.69189234238175,135.14374101411573,133.644751782989,135.0023193359375,36294200
2017-08-23,134.32357601397993,134.82323444641236,134.22930925208294,134.5215606689453,25702300
2017-08-24,134.823223739486,134.97406780888198,133.37138913107572,134.12559509277344,38160800
2017-08-25,134.6440739627806,134.983451443635,133.66360217827426,133.8427276611328,26380400
2017-08-28,134.24811635734204,134.56866353676875,133.82388008446705,134.25755310058594,15362100
2017-08-29,133.10739157910362,135.0117580004974,132.98482899999394,134.78549194335938,24498300
2017-08-30,134.89866037545536,136.59562037663164,134.8138159717175,136.36935424804688,33642700
2017-08-31,136.75584307233814,137.84001840818013,136.68042105360556,137.83058166503906,38480700
2017-09-01,138.0097174453023,138.19826531354403,137.27437068946335,137.6420440673828,22293600
2017-09-05,137.23664066362983,137.52889196138912,135.37941502627447,136.40701293945312,44794300
2017-09-06,136.75589972585027,137.13300997573774,135.83200478787495,136.8218994140625,30722700
2017-09-07,137.07641060072405,137.49122461623537,136.64275186471335,137.1424102783203,22721100
2017-09-08,136.96326787184793,137.02926754131747,135.81310711056526,135.95452880859375,27890100
2017-09-11,137.0198271349045,137.75517391210013,136.98212331427322,137.5194854736328,27126300
2017-09-12,137.90601971141285,138.02858230425764,137.19895438705768,137.84945678710938,30256700
2017-09-13,137.61374288690396,138.05683822568238,137.38747684626878,138.03797912597656,28450900
2017-09-14,137.50062524145991,137.91542476272392,137.14237425212198,137.2272186279297,35296400
2017-09-15,137.19899567936898,138.1983126702404,136.97272952877566,137.6986541748047,46422400
2017-09-18,137.85827745985506,138.29288528695218,137.10242083652608,137.5181427001953,24858200
2017-09-19,137.76379173671748,137.95275229077376,137.2913831431937,137.7543487548828,20871200
2017-09-20,137.70714485025601,137.85831910394157,136.27101827378408,137.3292236328125,34236200
2017-09-21,137.23468039725242,137.24412337798466,136.00641531413063,136.48828125,28841800
2017-09-22,136.05371533309452,136.55446743757608,135.91199847966405,136.35606384277344,21702400
2017-09-25,135.81749548353744,135.89308260234054,134.25855260643394,134.919921875,54947700
2017-09-26,135.6096508584429,135.86475561305951,134.79710725432045,135.26951599121094,29628800
2017-09-27,135.9875149359017,136.9984761280661,135.6473946283673,136.48828125,33249400
2017-09-28,136.1575920274379,136.58275683649245,135.84580065632727,136.4410400390625,24149400
2017-09-29,136.71503219088112,137.5275754777372,136.35601149443184,137.42364501953125,43102400
2017-10-02,137.63155415705748,138.10396287500583,136.93238406445676,137.54652404785156,27351300
2017-10-03,137.72602777760974,138.0000184630089,137.42367930856523,137.8394012451172,19715200
2017-10-04,137.57484290634704,138.26455547497233,137.4425690655591,137.97166442871094,26381100
2017-10-05,138.47244008766555,139.39835713139072,138.3307232400234,139.32278442382812,31562400
2017-10-06,138.85037993052526,139.51174926757812,138.85037993052526,139.51174926757812,23561100
2017-10-09,139.69125482719394,139.8424146506299,139.17160238696988,139.3511199951172,13704800
2017-10-10,139.82349520162856,139.9652120074052,138.84087729235864,139.45501708984375,19223100
2017-10-11,139.38887597227543,139.89908531759434,139.20935840324717,139.8707275390625,12439100
2017-10-12,139.66289010724213,140.1636420866921,139.47391512749232,139.6156463623047,14513500
2017-10-13,140.18253342817283,140.31480726901117,139.6250947001232,140.15419006347656,18409900
2017-10-16,140.50381926396986,140.67387949694037,140.20147073854957,140.63609313964844,21809400
2017-10-17,140.58882008655385,140.83446739969494,140.37151613966873,140.81556701660156,13138200
2017-10-18,140.9572992602861,140.97619964351298,140.43764684730928,140.6455078125,17218200
2017-10-19,139.82350522048978,140.1447396144448,139.143235670487,140.12583923339844,27680300
2017-10-20,140.6927294731952,140.81554590296676,140.33369433209515,140.50376892089844,30173300
2017-10-23,140.7966603707494,140.80610335252504,139.3888775808093,139.58729553222656,29297100
2017-10-24,139.8613184570835,140.11642319157542,139.30387965155288,139.8235321044922,20289500
2017-10-25,139.5495230622813,140.003031364475,138.25512787506838,139.29441833496094,36179100
2017-10-26,139.20934723056226,139.55893935889455,138.81252578092122,138.85032653808594,28230200
2017-10-27,141.18401864276166,143.15869742675545,140.96671473674405,142.89414978027344,60165100
2017-10-30,142.79024342277353,143.79174745591712,142.657969577203,143.2154083251953,31733400
2017-10-31,143.67837932617996,143.96181299380316,143.26265739130804,143.7539520263672,26319300
2017-11-01,144.33029457443016,144.39643870961083,143.139829892097,143.70672607421875,29481600
2017-11-02,143.5460974711371,143.60279862396303,142.45012026824378,143.43272399902344,31017400
2017-11-03,143.95234669183205,144.83101975266578,143.4610377195909,144.8121337890625,26199200
2017-11-06,144.69876902064044,145.3601526882448,144.65153968732733,145.30345153808594,28693900
2017-11-07,145.19007079583898,145.5774493436201,144.87827936104694,145.38848876953125,21333100
2017-11-08,145.31290445122627,146.01206003047804,145.14282983953802,145.97427368164062,17373500
2017-11-09,144.77430118753284,145.284510427931,143.7161107878373,145.20892333984375,40594500
2017-11-10,144.8688160541313,145.31288127016307,144.61371138567853,145.19949340820312,20150800
2017-11-13,144.6515597693563,145.56803386445216,144.6515597693563,145.37905883789062,12522400
2017-11-14,144.86889123432258,145.02950850395587,144.15083501417845,144.84999084472656,25173800
2017-11-15,144.2263644693832,144.5570563126229,143.40437797822648,144.169677734375,24808000
2017-11-16,144.89717698571684,146.34274625429669,144.86883362098135,146.01205444335938,34790600
2017-11-17,146.04985987332424,146.15379035293043,145.31290353312326,145.45462036132812,28725800
2017-11-20,145.55850565694158,145.69077946112856,145.133340887538,145.34120178222656,21143900
2017-11-21,146.030936951758,146.9852115036111,145.96480724772505,146.9190673828125,20147800
2017-11-22,147.05141956387183,147.24038021192368,146.76797138340743,147.09866333007812,17299000
2017-11-24,147.24972098511608,147.68432868972408,147.16467650659547,147.6370849609375,8280600
2017-11-27,147.5899147867371,147.92059218721855,147.23087960421148,147.57101440429688,22653400
2017-11-28,147.90170034135338,148.04343159268387,147.10805723426927,147.94894409179688,25227300
2017-11-29,147.77890103185823,147.81668738653494,144.67044354339544,145.36961364746094,71986300
2017-11-30,145.98372688272934,146.87185751863638,145.64359205231324,146.58840942382812,56595500
2017-12-01,145.6908386335489,146.6734567923974,143.85789059053124,145.96484375,59015800
2017-12-04,146.88128247608793,147.04189966375623,144.14130405383716,144.2830352783203,51319100
2017-12-05,144.2547020935111,146.02152029261273,143.70672073240323,144.37753295898438,40604200
2017-12-06,143.839000038431,145.25622607805656,143.66892541695617,145.0294647216797,28647800
2017-12-07,145.0200151872081,145.93648913810804,144.86884095645243,145.52076721191406,32666200
2017-12-08,146.58834222917093,146.94737727913454,145.93643065174146,146.16317749023438,28081700
2017-12-11,146.22936342787773,147.34424081410103,146.21990602906013,147.2969970703125,20821500
2017-12-12,147.23093722539176,147.53327137892003,146.7868717732446,147.09866333007812,20310300
2017-12-13,147.69388685953177,147.85450411358846,147.1647769195682,147.38209533691406,24418500
2017-12-14,147.63714271057836,148.01507827194212,147.1175047409504,147.2781219482422,24594700
2017-12-15,147.85444721099066,149.1110558033444,147.6087855149303,148.95042419433594,49816200
2017-12-18,149.93411790492215,150.32230644482632,149.65955433213173,150.19921875,26844500
2017-12-19,149.91522744795662,150.06671782279815,148.89268908815228,149.3092803955078,31415000
2017-12-20,149.83003827241023,149.85844091538132,148.56133872997077,149.14834594726562,38972600
2017-12-21,149.35660731218977,149.83000384883698,148.99682132132486,149.16725158691406,18638700
2017-12-22,148.94000564416297,149.0536161820089,148.5991595837103,148.99681091308594,23330400
2017-12-26,148.16367499610274,148.38143338979822,147.65239857117848,148.19207763671875,21918700
2017-12-27,148.20156631984463,148.60869498483066,148.06901582478602,148.21102905273438,22388200
2017-12-28,148.68435738260155,148.7127744620466,148.2109609111954,148.39085388183594,25393800
2017-12-29,148.523444692207,148.55184733245954,147.41569838160427,147.47250366210938,33186000
2018-01-02,148.22988747265373,150.09507055785738,147.86063883607045,150.0572052001953,32573300
2018-01-03,150.19923243030843,151.6478244824633,150.1708297976712,151.51527404785156,29383600
2018-01-04,152.03606425211956,152.23488274752748,151.56266761954237,151.78042602539062,24776100
2018-01-05,152.49996782916037,153.4088810927017,152.21592701671025,153.3047332763672,26992300
2018-01-08,153.30471514989387,153.97694451164543,153.24790988350358,153.9011993408203,23159100
2018-01-09,154.20420915697952,154.36516227287717,153.44678612850072,153.91070556640625,24782400
2018-01-10,153.22901234926837,153.57933566706862,152.547320070258,153.55091857910156,34004000
2018-01-11,153.8160419700184,154.611344854569,153.57934365102702,154.60186767578125,20473500
2018-01-12,154.46932309149284,155.89899023880287,154.27050458622523,155.738037109375,37762700
2018-01-16,156.77000951001182,157.5653122786025,154.82908068789757,155.2930145263672,41231800
2018-01-17,156.03151034349398,157.2055245758842,155.27407295190625,156.9688262939453,33849900
2018-01-18,156.7226600709863,157.357009711862,156.35341134131488,156.9972381591797,26432200
2018-01-19,157.4611450946003,157.7451858904341,156.73211042290708,157.4895477294922,38937600
2018-01-22,157.43276972860292,159.17486572265625,157.25287671185177,159.17486572265625,26081400
2018-01-23,159.66718514268325,160.6329181337102,159.59143996231683,160.4908905029297,37989700
2018-01-24,160.83180379850262,161.18212720995277,158.5311025769983,159.44949340820312,54287400
2018-01-25,160.5477280065856,160.6045332864235,158.88136274777995,159.39263916015625,28925000
2018-01-26,160.28258714305753,161.8542670543452,159.9701581536145,161.8353271484375,32038200
2018-01-29,161.49456989447273,161.81647620857035,160.7087295769366,161.04957580566406,37277800
2018-01-30,159.58195534147566,160.40566058872912,158.89080052995166,159.72396850585938,44987700
2018-01-31,160.62347811095896,160.94539881370935,159.3831811952598,160.38677978515625,42449200
2018-02-01,159.15594219333516,160.69920528053018,158.51211530698257,159.0233917236328,38037900
2018-02-02,158.39849946160183,158.77721094899687,155.71907306987626,155.85162353515625,68478100
2018-02-05,154.39354623256088,156.93094461673147,149.5932986391769,149.7069091796875,105372200
2018-02-06,147.51982576459056,153.86333643730134,146.84761077589522,153.67398071289062,118537900
2018-02-07,153.18163496649186,154.8479999126763,151.67623754553964,151.6857147216797,91028300
2018-02-08,152.07393722493904,152.24436753358066,145.28543090820312,145.28543090820312,94184800
2018-02-09,147.33996242738695,148.8737773317546,142.14207667851255,147.79443359375,113836600
2018-02-12,149.30927645624536,151.4395610379046,148.13526219949108,150.41702270507812,63050600
2018-02-13,149.55542680894234,151.49634087769093,149.3281912908301,151.19337463378906,31785600
2018-02-14,150.30341699623577,154.26100554545883,149.59332211278897,154.02430725097656,52107400
2018-02-15,155.40665645159513,156.88365173339844,153.7971106816023,156.88365173339844,51633900
2018-02-16,156.37233911361537,157.8871992819532,155.91786806089047,156.1829833984375,62256300
2018-02-20,155.633821287671,157.81143339681964,155.56753885025378,156.49539184570312,36785600
2018-02-21,157.2623549452458,158.79615529303103,155.95577571747754,156.0504608154297,41161800
2018-02-22,156.73211173638282,157.56529422530033,155.6338428018912,156.031494140625,37074400
2018-02-23,157.29074686325617,159.22219848632812,156.6469200242878,159.22219848632812,50096900
2018-02-26,159.9701719127196,161.3335418701172,159.83762145379552,161.3335418701172,39266700
2018-02-27,161.3807994061553,161.64590018435828,159.25999318053132,159.33572387695312,42209900
2018-02-28,160.24472973620394,160.76546882266194,158.2091303809506,158.3132781982422,42936300
2018-03-01,158.39846341964983,159.12749803626394,154.3272508453887,155.72850036621094,76809900
2018-03-02,153.853889768467,157.43276678702014,153.3426278144954,157.158203125,57445100
2018-03-05,156.41972061643384,159.30742849774862,155.83269897217284,158.9003143310547,38540200
2018-03-06,159.6766728578498,160.11220410137696,158.56892650962502,159.57252502441406,29480900
2018-03-07,158.35116677849038,160.07433738139287,158.07660310006253,159.9417724609375,34609400
2018-03-08,160.60453774817742,160.93590670541016,159.96071084932066,160.82229614257812,25828400
2018-03-09,161.96787673588125,163.94667053222656,161.73117849860796,163.94667053222656,38310500
2018-03-12,164.42954515186534,165.19644520102713,164.06029644497576,164.81773376464844,37635000
2018-03-13,165.1964900822596,165.8876595894575,162.1572916952937,162.57388305664062,55638900
2018-03-14,163.4259504721992,163.54903819286736,161.83533062087452,162.54542541503906,40536400
2018-03-15,162.6590653184958,163.35022026971095,161.80694281922692,162.40342712402344,28810400
2018-03-16,162.67798479616,163.0377563224348,161.84480230957922,161.92054748535156,31176700
2018-03-19,160.3624170091116,160.47621184250562,157.08119276619917,158.46575927734375,71395100
2018-03-20,158.53221745768548,159.3572593708026,158.0011553310649,158.98741149902344,34075700
2018-03-21,158.57012854605242,160.0400271986878,157.60282873080612,158.29510498046875,43863500
2018-03-22,156.10447406765286,157.2045394398581,154.18884498437893,154.38800048828125,66607300
2018-03-23,154.2078275359964,154.8621770660647,150.24380355067035,150.31967163085938,80110400
2018-03-26,153.36377380983046,156.09496608094653,150.93605377788413,155.90528869628906,57481500
2018-03-27,157.06231274481246,157.06231274481246,149.53257489060994,150.86024475097656,78889100
2018-03-28,149.99714018320236,151.5239498818912,147.97719553695615,149.1246795654297,89369700
2018-03-29,149.9308650085941,153.354334289406,148.5368198088779,151.85597229003906,68692600
2018-04-02,150.7748820837208,151.4861290656429,145.92891873474397,147.4746856689453,85549400
2018-04-03,148.7643685700227,149.7601169339763,146.45993599977672,149.13421630859375,64090000
2018-04-04,146.2513184350684,151.95077125217992,146.0806116684279,151.48609924316406,65768700
2018-04-05,152.99390070720273,153.230982928381,151.23948648234338,152.34902954101562,43054900
2018-04-06,150.67057581169652,152.1689379614468,147.82558768516364,148.53683471679688,59870900
2018-04-09,149.81705363035536,152.56721718836326,149.32393282990395,149.57997131347656,41810400
2018-04-10,151.9318131017785,153.3732629305298,150.85071849503805,152.88014221191406,48296800
2018-04-11,151.92236189456833,153.6293576514336,151.82753763996112,151.99822998046875,41622100
2018-04-12,152.91805844357725,154.35952264308526,152.8327123024469,153.82846069335938,30467900
2018-04-13,154.5965811998808,154.82417087466527,152.36800249861193,153.03182983398438,44604900
2018-04-16,154.1034797826683,154.75782918130977,153.13618004248727,154.1983184814453,28180800
2018-04-17,155.75359367401452,157.85888566451925,155.44064330025242,157.51748657226562,35536100
2018-04-18,157.51747634960722,158.3709667896733,156.76828822367082,157.83990478515625,29573900
2018-04-19,157.04334185845374,157.41318971603692,155.84843764906412,156.3889923095703,34705700
2018-04-20,155.99066143784182,156.1044563012031,153.3732638177011,153.913818359375,49197100
2018-04-23,154.66297052440083,155.2699004953339,152.6999370521454,153.5249786376953,33040600
2018-04-24,154.25521128889727,154.49229355837966,149.2575129965099,150.27223205566406,70256800
2018-04-25,150.53778372191283,151.07832384601252,148.38507236755763,150.45242309570312,52089300
2018-04-26,152.39650497312059,154.1319492073664,151.90336971985946,153.61985778808594,43005500
2018-04-27,155.87683436567752,155.91477562938294,152.84218443509744,153.7146453857422,51043400
2018-04-30,154.07499599994125,155.03280297003732,152.24471371666098,152.62405395507812,35615300
2018-05-01,152.22578482869912,154.3879739288055,151.86541515523035,154.36900329589844,36513500
2018-05-02,154.63459846120384,155.11825574379625,153.2784942876929,153.45867919921875,38646800
2018-05-03,152.6809701307795,154.00862495247145,150.9929456559059,153.43963623046875,60337100
2018-05-04,152.7757781862695,156.71133698814984,152.66196888840724,156.35096740722656,41543200
2018-05-07,157.08120436982844,158.16229877798284,156.9579169776442,157.65020751953125,32500200
2018-05-08,157.31833740128124,157.8304288250851,156.34155943949625,157.48904418945312,26040200
2018-05-09,157.77348882315076,159.3192697013611,157.21397819410782,159.20547485351562,29122700
2018-05-10,159.71755324629663,160.96935435295575,159.59426585751484,160.8555450439453,27067600
2018-05-11,160.66593140924584,161.08319857271485,160.0021038629794,160.70387268066406,24688800
2018-05-14,161.0737205441597,161.9936010265649,160.7133508173417,160.9788818359375,21821700
2018-05-15,159.70808964782313,159.7934357845565,158.35197165931174,159.19598388671875,49361600
2018-05-16,159.40459931864902,160.61845913771896,159.32873127116335,160.2486114501953,22941200
2018-05-17,159.68919115136262,160.8461542064366,158.85465662760862,159.63229370117188,27480200
2018-05-18,159.01585485731508,159.56588760428866,158.57015338564813,158.80723571777344,26217900
2018-05-21,160.04003802270097,160.7418068726531,159.0158407026449,159.69863891601562,22954600
2018-05-22,160.4288413065183,160.69437231211054,159.20550306435084,159.489990234375,19477700
2018-05-23,158.27610893563622,160.85556504861896,158.257152773736,160.83660888671875,26557800
2018-05-24,160.78919982910156,161.07370144968664,159.16755072101418,160.78919982910156,27696500
2018-05-25,160.77022409920974,161.52889023993566,160.46676632513123,160.95040893554688,27460500
2018-05-29,160.22021088339542,161.14009133882874,159.2813742631577,160.2391815185547,41220500
2018-05-30,160.81765366711244,161.6711440857028,160.4762546056055,161.3866424560547,22665800
2018-05-31,161.3866356811501,162.35393539320546,160.86506626410335,161.28233337402344,35670900
2018-06-01,162.0883957948387,163.9091857928924,162.040976449349,163.81436157226562,45543300
2018-06-04,164.2316541147718,165.33171952800967,164.12735178783197,165.29379272460938,20459600
2018-06-05,165.6826047265406,166.08090126329938,165.07567460333357,165.80587768554688,24779300
2018-06-06,165.97656983850254,166.8016115583178,165.14203556627743,166.77316284179688,25036600
2018-06-07,166.80162020330224,166.83954700384436,164.582533377534,165.41705322265625,39600300
2018-06-08,164.63942923496663,165.84381134319102,164.2316401636846,165.42654418945312,31780300
2018-06-11,165.30325014559486,166.28002800256507,165.2748014290116,165.87225341796875,22319700
2018-06-12,166.09983389607814,166.90591940863624,165.91966352454074,166.7447052001953,22511800
2018-06-13,167.00076048285288,167.9870163809881,166.36536725123887,166.7352294921875,37858600
2018-06-14,167.5034134636345,168.69830320493568,167.38012602075366,168.4232940673828,35916000
2018-06-15,167.7879077860644,168.1672482146914,167.01028523050516,167.8353271484375,49615700
2018-06-18,166.77843952261404,167.88084450132735,166.25573938110415,167.73829650878906,31633200
2018-06-19,165.61908169691742,167.30120683532996,165.08688292987196,167.26319885253906,38236000
2018-06-20,168.03298105584255,169.14489940249942,167.88092012775402,168.45114135742188,33038000
2018-06-21,168.87873810162236,169.04981020832233,166.66440059030776,166.98753356933594,43469400
2018-06-22,167.54827575546196,167.61479333729017,166.0181973575027,166.61692810058594,30073200
2018-06-25,165.105854265904,165.3529568706742,161.38044896848186,162.86300659179688,77799700
2018-06-26,163.46175770033645,164.46913597990505,162.86302685438105,163.52828979492188,39008100
2018-06-27,164.2220216399969,164.963300425591,161.19037441365197,161.30441284179688,52843500
2018-06-28,161.1048578152334,163.24316551313595,160.77222637280659,162.69195556640625,46407700
2018-06-29,163.4712497000705,164.33607988800907,162.89153011820625,163.12911987304688,36408500
2018-07-02,161.59901562289045,164.26953622455056,161.24738748196148,164.22201538085938,31770000
2018-07-03,164.83973413041227,164.83973413041227,162.15972980355136,162.3212890625,25512700
2018-07-05,163.3762326392368,164.4691397788063,162.53991200986482,164.33609008789062,31626200
2018-07-06,164.71618665896477,167.01605310983962,164.41206489620922,166.8925018310547,37005600
2018-07-09,167.7573196468111,168.43206619447267,167.0920714655523,168.39405822753906,27362100
2018-07-10,168.70776913492307,168.89783807453367,167.93798050363537,168.5177001953125,23902500
2018-07-11,167.19662667905212,168.2800496968358,167.07308988859677,167.6623077392578,30280600
2018-07-12,168.40360162928044,170.55142211914062,168.2895631966601,170.55142211914062,27930100
2018-07-13,170.54192406109962,170.96958272189627,170.0667445488083,170.69398498535156,28049800
2018-07-16,170.73200929986223,171.01711993477946,170.0002432218808,170.28533935546875,21405300
2018-07-17,168.47960426304041,171.6823087284154,168.47960426304041,171.32118225097656,31034100
2018-07-18,171.3401307449966,171.48269322341827,170.47531551504716,170.9980010986328,23220800
2018-07-19,170.38033568727454,170.95055680523234,169.94317873132223,170.1427459716797,31094100
2018-07-20,170.6559462030538,171.22615281408937,169.91465295645455,170.104736328125,35897300
2018-07-23,169.60108285944463,170.72249958055676,168.91682318166056,170.64646911621094,22184700
2018-07-24,172.40459981511123,173.01282888973145,170.64643016904148,171.34970092773438,36900300
2018-07-25,171.42570559988576,173.84910866479174,171.34016229655228,173.7445831298828,35026600
2018-07-26,171.38774984714377,171.938959843541,170.88406070413617,171.11215209960938,40873500
2018-07-27,172.19549130075748,172.30952970176955,167.83334844617394,168.80270385742188,59456100
2018-07-30,168.8122670427981,168.907294238192,165.61906035075958,166.4173583984375,60193000
2018-07-31,167.0730685211876,168.33704737895636,166.141721021214,167.6907958984375,47285100
2018-08-01,168.08047233613019,168.83124947181568,167.3582048067792,168.3275604248047,37101900
2018-08-02,167.13961806470147,170.81751693378456,167.0635876111949,170.61793518066406,47178200
2018-08-03,170.94107374109615,171.15015388738092,170.19029648949385,171.14065551757812,28934400
2018-08-06,171.02657855518606,172.1955158360841,170.8174984559913,172.1479949951172,24808800
2018-08-07,172.6326755119441,173.09835655869747,172.26203614863422,172.77523803710938,29895700
2018-08-08,172.53765938521263,173.2979493975018,172.07197830862066,172.9843292236328,22680700
2018-08-09,172.87979125976562,173.56405082898172,172.62319029597808,172.87979125976562,18852900
2018-08-10,171.710869061366,172.2240710776816,170.9125709263512,171.55882263183594,33818500
2018-08-13,171.87243301242074,172.974838444637,171.29271343541296,171.36874389648438,26089200
2018-08-14,172.02443625527576,172.64217815843048,171.10258708549367,172.44259643554688,20913000
2018-08-15,171.07411882769944,171.61583041978747,169.27794089294196,170.3328399658203,58528000
2018-08-16,171.64431655746912,172.00545756947528,170.56090802277626,170.89353942871094,27711800
2018-08-17,170.44685604746917,171.3591923718742,169.42046680652018,170.93153381347656,36092600
2018-08-20,171.31170922125713,171.37824131232222,170.11426209403405,170.77951049804688,24939000
2018-08-21,171.29266935207716,172.43309697199612,171.18812930767402,171.40670776367188,26258700
2018-08-22,171.04563188544515,172.2716032819431,170.82705334626445,172.072021484375,18042400
2018-08-23,171.76788617728147,173.01285411298045,171.53979480304895,171.8249053955078,25776200
2018-08-24,172.39508897697198,173.56404079927302,172.35708100369013,173.42147827148438,23136100
2018-08-27,174.29576276186233,175.18910217285156,174.02016514635278,175.18910217285156,29343600
2018-08-28,175.65483512048132,175.83540562952786,175.07511561838103,175.4457550048828,20277000
2018-08-29,175.74983967276864,177.5650283965288,175.68332209982307,177.47000122070312,29175600
2018-08-30,177.12789298155053,178.21130152645128,176.56717022043534,177.15640258789062,29315500
2018-08-31,176.93785154407095,177.8882106508746,176.74778262297605,177.384521484375,28653200
2018-09-04,176.84278502857953,177.14689233447373,175.6738476473947,176.62420654296875,29063500
2018-09-05,176.31054161142313,176.3390512109472,173.7445761450002,174.34329223632812,42623300
2018-09-06,174.4193626832524,174.62844279527658,171.61580691006952,172.7847442626953,46091400
2018-09-07,171.5397568922992,173.6020336699037,171.48273768667426,172.11947631835938,46629500
2018-09-10,173.1078508174031,173.2028924985906,171.75834305222324,172.69920349121094,26132000
2018-09-11,172.00552976886522,174.31489583796568,171.55885975115473,174.02978515625,30116500
2018-09-12,173.77315678807778,173.89669360274684,172.02448512819998,173.5165557861328,36204000
2018-09-13,174.599916905592,175.70233657502786,174.5238864627353,175.3697052001953,31133200
2018-09-14,175.49326026510477,175.7688579377419,174.16274923842084,174.8565216064453,31224100
2018-09-17,174.56187909102744,174.685430362476,172.17648397401638,172.33804321289062,33071200
2018-09-18,172.48068051537692,174.6094756461223,172.39513717425794,173.76365661621094,31877300
2018-09-19,173.79215927805865,174.20082122070147,172.49967035694826,173.63059997558594,31843400
2018-09-20,174.82804063851455,175.7878979675069,174.40988037595886,175.55030822753906,33295800
2018-09-21,176.02552170523325,176.272609862045,174.37189157519555,174.59048461914062,38605400
2018-09-24,173.32418508658094,175.14264058066502,172.61013325117406,175.07598876953125,34945600
2018-09-25,174.9997955981669,175.4472691776588,174.39998749641833,175.31398010253906,25277500
2018-09-26,175.46635082988104,177.0753500505911,175.0950444349035,175.4377899169922,36210600
2018-09-27,176.15183049700406,177.55137324849142,176.05661777519907,176.92300415039062,33113300
2018-09-28,176.4279747538366,177.3514832160462,176.10427465072263,176.8849639892578,28076800
2018-10-01,177.91313425554816,178.54150329934453,176.7992152383203,177.24668884277344,27371300
2018-10-02,177.0943650072503,178.2082840917509,176.4374495426125,176.84683227539062,25618600
2018-10-03,177.58944852684127,178.00836125632804,176.76115305644254,177.03724670410156,29128700
2018-10-04,176.323209495381,176.43746767580012,172.38164366535705,173.6383819580078,80557300
2018-10-05,173.61935353727043,174.20011637600757,169.87771373296724,171.51527404785156,83325600
2018-10-08,170.91543013302953,171.98174275917265,168.44956039394356,170.46795654296875,66864500
2018-10-09,170.5917598557608,172.34357830236922,170.18237705475053,171.02020263671875,49097900
2018-10-10,169.95385251161585,170.0585806953768,163.2798532444409,163.4988250732422,114471100
2018-10-11,162.82283766968902,165.0887519167179,159.7666899148455,161.4709014892578,143084500
2018-10-12,165.82188732745325,166.47881738600185,162.7371779545644,165.96470642089844,102078400
2018-10-15,165.38386788628313,165.6980377876275,163.3369113705555,163.9557647705078,64885300
2018-10-16,165.67907443185885,169.1350755026543,165.37440533643138,168.72569274902344,71979700
2018-10-17,169.5445166013105,169.71588211621017,167.05961494328497,168.79237365722656,66987600
2018-10-18,168.15442267346393,168.21154448926092,164.1747812137926,164.87930297851562,82486200
2018-10-19,166.2122459202444,167.63083428577764,164.12721200720088,164.72702026367188,82923700
2018-10-22,165.71716064642507,166.8501253052679,164.3176177769631,165.57435607910156,52909300
2018-10-23,162.46105027011325,165.7837762423116,160.72829227966218,164.96499633789062,77567000
2018-10-24,164.77460463449026,165.05069827895215,157.1294764647299,157.41510009765625,102997400
2018-10-25,159.86191966261035,163.8320459072541,159.1478678662193,162.86093139648438,83481100
2018-10-26,157.2818171623955,161.81367551274892,156.35830894532376,158.67184448242188,130970900
2018-10-29,161.09961840488236,161.7184575073842,152.41673835569682,155.40623474121094,111871900
2018-10-30,154.94925813425803,158.08155932598135,154.24472171532688,157.96731567382812,92584000
2018-10-31,160.53795541061217,163.0419028595088,160.46178810686092,161.68045043945312,73828600
2018-11-01,161.91841045116647,163.9843988034086,160.6902330885115,163.81301879882812,52706800
2018-11-02,163.30837107963953,164.27948538859604,160.15702546418808,161.2614288330078,75966800
2018-11-05,161.47094174744802,161.52806357492466,159.07172330146813,160.8616180419922,39573500
2018-11-06,160.87112931316187,162.98472403927326,160.63311201992792,162.08026123046875,34410400
2018-11-07,164.02249044560256,167.16432189941406,163.63213856362262,167.16432189941406,51169600
2018-11-08,166.38353992913795,166.89766522165488,165.30771205297685,166.09793090820312,40296500
2018-11-09,164.54608192843838,164.94594915279117,162.00405952028314,163.2988739013672,50602700
2018-11-12,162.15642721523568,162.4610817938873,158.21484692436925,158.357666015625,62578400
2018-11-13,159.10025989159791,161.3566588964998,158.04346266257664,158.49093627929688,64128100
2018-11-14,160.06188569908852,160.61408763510943,156.3773821653386,157.28184509277344,75270700
2018-11-15,156.99616192623805,160.46169227639314,155.62519485976387,160.03326416015625,73254300
2018-11-16,158.47188226096887,160.242731183367,157.83399777379054,159.4715576171875,65390700
2018-11-19,158.70991256763992,158.90032347796026,153.79723263330044,154.2923126220703,67280500
2018-11-20,150.77918354550894,153.644920925807,149.59862712126255,151.5313262939453,102652800
2018-11-21,153.6163265787538,154.20660466240017,151.59793058280061,152.68328857421875,42965800
2018-11-23,151.46467554071668,153.13079653070835,151.46467554071668,151.5789337158203,23503700
2018-11-26,153.70205262640192,155.15871732745188,153.0546380218114,155.08255004882812,42012600
2018-11-27,154.23517374890815,155.9965071613296,153.4544702172646,155.6061553955078,36608100
2018-11-28,156.72958587207154,160.61402893066406,155.63471239073593,160.61402893066406,70141000
2018-11-29,159.93810355909136,161.14722093361175,158.8241843842013,160.09042358398438,44885700
2018-11-30,160.3094139299248,161.3471658544162,159.50966477412817,161.251953125,36722800
2018-12-03,164.81268108890382,165.00309200180993,161.38522654690811,164.070068359375,50771700
2018-12-04,163.2132079750364,163.67021162835886,157.58649031994403,157.7769012451172,70594700
2018-12-06,154.5969817865573,158.90985355473777,154.01621906693325,158.89080810546875,71715500
2018-12-07,158.1958488904134,159.10982734381093,153.14987835950515,153.64495849609375,80432200
2018-12-10,153.3592986918324,155.929882462292,151.76934497259472,155.25392150878906,73960800
2018-12-11,157.7864024031081,157.82449330114315,154.4541606686741,155.7680206298828,59058300
2018-12-12,158.04347030619365,159.5667866743304,157.05332483609985,157.13900756835938,53780000
2018-12-13,158.16722965185673,158.8241595946881,156.16787891518905,157.1865997314453,46378500
2018-12-14,155.3872415427163,155.958474423531,152.99753822991931,153.3593292236328,56547400
2018-12-17,152.702378043532,153.92102545443825,148.68464486689876,149.88424682617188,74834100
2018-12-18,151.04575404774369,152.28344675982314,149.5129222446328,150.8267822265625,63642100
2018-12-19,150.59826060278556,153.01652388824098,145.99025033878092,147.1232147216797,81856500
2018-12-20,146.7614651838538,148.39902541261333,143.18169012867574,144.99061584472656,99002100
2018-12-21,145.71416010791742,146.704305453785,139.68756172894325,140.496826171875,141129400
2018-12-24,139.4761543982672,141.29025515634567,136.97460155799425,137.01278686523438,56163300
2018-12-26,138.5213719326297,145.64411964369242,137.57612160589193,145.5677490234375,98982100
2018-12-27,143.57220516546255,146.25517091060647,140.43094290299098,146.1310577392578,85824300
2018-12-28,147.18132087906773,148.55622499705024,144.86118110670995,146.05467224121094,77856600
2018-12-31,147.48692047168637,147.97385980408944,145.80648952840284,147.28640747070312,53015300
2019-01-02,144.16421243412046,148.70902225134913,144.05918461253182,147.87835693359375,58576700
2019-01-03,145.70139635113395,146.3315485666856,142.73198997199054,143.0470733642578,74820200
2019-01-04,145.45315339882367,149.90249200849834,144.88028637457657,149.16729736328125,74709300
2019-01-07,149.53969028568113,151.6784320691638,149.0527510507349,150.9432373046875,52059300
2019-01-08,152.32767912162282,152.8719181615784,150.09346684693196,152.30859375,49388700
2019-01-09,152.9005531190291,154.21817214421458,152.26084354608716,153.54981994628906,46491700
2019-01-10,152.38499862678634,154.07497207981288,151.52567601622525,153.98904418945312,38943400
2019-01-11,153.0819940832749,153.5880333090585,152.5663976014277,153.42572021484375,30176600
2019-01-14,152.127170502893,152.72869475522367,151.4206184377583,152.06988525390625,30710200
2019-01-15,152.76687938885158,155.2493470065144,152.68095151575173,155.03929138183594,40874200
2019-01-16,155.2970768819006,156.3759976427261,154.95335081635352,155.01065063476562,33812200
2019-01-17,154.5141275370947,156.92975226446188,154.2658866427386,156.23275756835938,39329000
2019-01-18,157.33075671568062,158.5147050347506,156.41416378457905,157.77951049804688,57183200
2019-01-22,156.6433738903528,156.71975909649873,153.49255333952848,154.6192169189453,56711700
2019-01-23,155.4116991205254,156.11823679109222,153.0724586058599,154.81971740722656,38106100
2019-01-24,155.325692972528,156.05134485860142,154.73372607092716,155.8221893310547,32417800
2019-01-25,157.07298460204183,158.1614479936636,156.53830287548863,157.68405151367188,36515900
2019-01-28,155.65035447765231,155.74582503352468,154.43776332309503,155.7362823486328,33491200
2019-01-29,155.82223304220537,155.86043292533694,153.71214842226706,154.26593017578125,30784200
2019-01-30,156.01315211561615,158.76296029590648,155.52621298743276,158.19007873535156,41346500
2019-01-31,159.1640246823243,161.3505092848396,158.94442632404585,160.5580291748047,37258400
2019-02-01,159.76551068152705,160.97810184232978,159.44088456571674,159.8800811767578,32143700
2019-02-04,159.9086996103543,161.86602783203125,159.7654865129804,161.86602783203125,26718800
2019-02-05,162.08562679093305,163.4891734270724,162.01879886820296,163.2982177734375,28156400
2019-02-06,163.33647950514737,163.62290580958523,162.07614548966868,162.81134033203125,27970000
2019-02-07,161.3887155079758,161.7897269585544,159.4027436320222,160.6248779296875,42036200
2019-02-08,159.22125032829962,160.96852299105842,159.0398519248509,160.93988037109375,29020700
2019-02-11,161.52234993112174,161.913818605834,160.38614379031566,160.7871551513672,21434100
2019-02-12,161.9615321723172,163.40326427665735,161.67509137457841,163.16456604003906,29722100
2019-02-13,163.8902112191178,164.37716496909871,163.09774585660995,163.27914428710938,26094100
2019-02-14,162.69670758860892,164.06206903880658,162.15248320058822,163.47964477539062,30326800
2019-02-15,164.7208806476588,164.7590659545719,163.40326173990624,164.16709899902344,32521700
2019-02-19,163.6611252513856,164.9882873734811,163.63248261751943,164.49179077148438,19487700
2019-02-20,164.60628683500653,165.25555356987178,163.57512334436828,164.46307373046875,32593000
2019-02-21,164.0238547817858,164.47260857993902,162.99269134026608,163.86154174804688,25207400
2019-02-22,164.2148650398717,165.188743479738,164.1289225913068,165.0741729736328,27735400
2019-02-25,166.33449921523496,166.76415316248028,165.56110462741094,165.67568969726562,32608800
2019-02-26,165.2746823513627,166.37268852840353,164.9977842089532,165.84754943847656,21939700
2019-02-27,165.0837136532886,165.94303614559277,163.9952501515587,165.74252319335938,25162000
2019-02-28,165.22691002452086,165.95254736509088,164.8927266904916,165.36058044433594,25085500
2019-03-01,166.5541360086706,166.7546344315108,165.35108719567458,166.5063934326172,31431200
2019-03-04,167.60436722649663,167.84306549133208,164.67316011019014,166.53500366210938,38063500
2019-03-05,166.6591033935547,167.17468514853607,165.83798091785584,166.6591033935547,22319900
2019-03-06,166.8214151794805,166.85005780070875,165.44651108459183,165.71385192871094,27194600
2019-03-07,165.29373223982606,165.35101747934172,163.06906316841142,163.6801300048828,39407400
2019-03-08,161.84697052500638,163.51785842304912,161.68465744890344,163.4319305419922,39303200
2019-03-11,164.10981204922217,166.94554819228236,164.08116942708895,166.83096313476562,30518400
2019-03-12,167.27023824429884,168.17728895295429,166.8692268121245,167.7476348876953,33953500
2019-03-13,168.61646521775845,169.88632720446222,168.37776694568856,169.00791931152344,42426100
2019-03-14,169.12247734913709,169.32297570698708,168.67372350387515,168.72146606445312,23751500
2019-03-15,169.38025806945404,170.79336207979668,169.26568758120388,170.28732299804688,38192000
2019-03-18,170.2146362582028,171.20943636618364,169.87028462013257,170.69290161132812,32935100
2019-03-19,171.39113897479314,172.1755010409298,170.53982735902179,171.2667999267578,36893300
2019-03-20,171.27636959890333,172.99812762512659,170.4920220842065,171.94593811035156,50105000
2019-03-21,171.42939091138032,174.88246646995137,171.4102562153629,174.63377380371094,42428500
2019-03-22,173.8781252964126,174.3468305286079,170.61635256012073,170.798095703125,70794500
2019-03-25,170.17637821261172,171.06594474665152,169.2389676295698,170.472900390625,46336500
2019-03-26,171.7928946545936,172.83550946353304,170.39635361302024,171.2667999267578,33248100
2019-03-27,171.52509554713254,171.90770199655512,168.9233308236576,170.16680908203125,37096700
2019-03-28,170.6068046705843,171.19984899382246,169.53549502976716,170.55897521972656,30368200
2019-03-29,171.8789907716897,172.0129044757049,170.82680124335678,171.8502960205078,35205500
2019-04-01,173.61988619815784,174.3372842400806,172.91206280458104,174.12684631347656,30969500
2019-04-02,174.31814405784098,174.95901781668795,173.87813355411828,174.78683471679688,22645200
2019-04-03,175.77207928817913,176.8816584227349,175.24599907026948,175.7912139892578,31633500
2019-04-04,175.83905270315555,176.4799265657825,174.71033880808773,175.72427368164062,28530800
2019-04-05,176.23120871552845,176.73816878233495,176.0207708090617,176.63294982910156,25674700
2019-04-08,176.34597166687823,177.22597801585468,175.6477084565324,177.08250427246094,22697500
2019-04-09,176.47993487388547,177.06341925322354,176.08775373791192,176.46080017089844,25631900
2019-04-10,176.69033215839082,177.46511960279116,176.499028959051,177.40773010253906,24563000
2019-04-11,177.7042141967727,177.7042141967727,176.66159957746527,176.98681640625,20654100
2019-04-12,177.7712251536275,177.86686946025878,177.01555777509446,177.75209045410156,24989100
2019-04-15,177.7616727931922,177.98168537657688,176.5947040992862,177.7808074951172,21073000
2019-04-16,178.43126018346854,178.7851865265728,177.84777577511028,178.39300537109375,27195700
2019-04-17,179.58861840649482,179.76078690698398,178.48861406537347,179.0146942138672,29651600
2019-04-18,179.31122684096454,179.62686908461552,178.19207323148194,179.2442626953125,28580900
2019-04-22,178.45992835633018,179.8182001124958,178.32600005516667,179.75123596191406,17936000
2019-04-23,180.21034618113106,182.25732093341182,179.95209344654953,182.03732299804688,33665600
2019-04-24,182.19036735684764,182.41993993356303,181.40600533302631,181.46340942382812,24977100
2019-04-25,182.8216895307369,182.90777377771232,181.21471060970615,182.19993591308594,29517500
2019-04-26,181.91297828889756,182.4008182247179,180.39209817304214,182.362548828125,26359500
2019-04-29,182.3625349697948,183.00342325228686,182.066012848476,182.71646118164062,21716200
2019-04-30,181.24340701028248,181.59733324356984,180.02862370389855,181.30079650878906,31495300
2019-05-01,182.4869030869885,183.00343777423998,180.59297662322922,180.71731567382812,34797100
2019-05-02,180.65992612668325,181.5973366046341,178.7468649650669,179.93296813964844,44110100
2019-05-03,181.4251752504127,182.93649550064933,181.09995831688713,182.80258178710938,30386200
2019-05-06,178.91905303177734,181.93211860686267,178.64165098215432,181.6834259033203,38371800
2019-05-07,179.70340687061966,180.4686343025898,176.48946333274444,178.14427185058594,58818100
2019-05-08,177.56075794727235,179.03380846672948,176.9198842761419,177.69467163085938,37165300
2019-05-09,175.71467962467898,177.35035347810796,174.1746646756141,176.73817443847656,55351700
2019-05-10,176.10684875309516,177.80947204768606,173.16073276361803,176.95816040039062,58526400
2019-05-13,172.45292012875942,173.380756111166,170.31986067227348,170.8172607421875,67185800
2019-05-14,171.7163811358771,173.73466132962173,171.08506742321788,172.69203186035156,43360600
2019-05-15,171.5537797404279,175.57120559405928,171.51551034054117,175.13119506835938,40944500
2019-05-16,175.2076708156906,177.98161772030863,174.99723296101283,176.8911590576172,39281200
2019-05-17,175.14074759844019,177.51293924936002,174.93030971213705,175.08334350585938,44702300
2019-05-20,172.64420496076946,173.30419878286827,171.54418606627556,172.12767028808594,38608300
2019-05-21,173.6103379616564,174.40426026688064,173.05554835334905,173.92599487304688,31613800
2019-05-22,172.95988086921724,174.15554419367925,172.89291671720758,173.15118408203125,24332600
2019-05-23,171.16161071009108,171.23813491974934,169.43985248153157,170.50160217285156,45351300
2019-05-24,171.41984153614376,172.03202048735562,170.20504368457586,170.4154815673828,25903300
2019-05-28,170.89376677720188,171.85029741234283,169.7554929861043,169.77462768554688,24763800
2019-05-29,168.72246445913737,169.3059488213814,167.47897152044501,168.37811279296875,42178800
2019-05-30,168.82767012185536,169.56420285445284,168.1294067910943,169.0859375,30354800
2019-05-31,167.09632664161444,167.67023622299436,166.3119645729143,166.38848876953125,45446200
2019-06-03,165.9389655592827,166.3885362204301,161.91197890794407,162.7250213623047,75842300
2019-06-04,164.55198004444745,167.36418272131644,163.92066626076243,167.30679321289062,47797800
2019-06-05,168.90415880969064,168.93285355728332,166.79979461174338,168.5502471923828,34412700
2019-06-06,168.8371844462781,170.30067486688836,168.09109186304525,169.88937377929688,29913200
2019-06-07,170.79812645702933,173.86859655189528,170.57812847375257,173.17031860351562,45888300
2019-06-10,174.32766607253336,176.81465096032608,174.28941127840386,175.18853759765625,41385300
2019-06-11,177.0155635320225,177.34078045704422,174.83467477111253,175.42771911621094,41260300
2019-06-12,174.94948856481744,175.31297496240478,174.08861662848204,174.41383361816406,27758100
2019-06-13,175.14078664530234,175.87730481606903,174.7964349905344,175.44686889648438,23715800
2019-06-14,174.54775721480098,175.1503763615785,174.03123694292273,174.7008056640625,22844100
2019-06-17,175.0833922235894,176.24080092031076,174.89208898158225,175.7529754638672,20379500
2019-06-18,177.8286346509859,179.55995296751576,177.3694893837342,178.30690002441406,48177300
2019-06-19,178.5460502467948,179.37822740773072,177.5034351332425,178.9764862060547,31672900
2019-06-20,181.4729850498021,181.511239851456,179.02426906999472,180.64080810546875,40922000
2019-06-21,180.4303448144189,181.5207889518205,179.99033438208303,180.37295532226562,39980400
2019-06-24,180.73341726394594,180.9155622315701,180.2828527528023,180.37872314453125,19375200
2019-06-25,180.2540321438267,180.35948368710635,177.01380711192684,177.2822265625,33921100
2019-06-26,178.4614592890434,179.58307282840747,177.81916852519063,178.10675048828125,22595700
2019-06-27,178.74907516082374,179.20922097917295,178.29851053302093,178.78741455078125,19709200
2019-06-28,179.21873285512942,179.41045898630867,178.3751349523875,179.01742553710938,21179200
2019-07-01,182.44943466353902,182.68909605966422,180.58965988916395,181.43325805664062,31025600
2019-07-02,181.37569079686935,182.1713681641972,180.85802876263156,182.15219116210938,18035800
2019-07-03,182.6124218487881,183.52313232421875,182.4206810095208,183.52313232421875,15792100
2019-07-05,182.26726364174047,183.48473282825694,181.55786074448602,183.1492156982422,21415600
2019-07-08,181.96046451928802,182.01798089762514,181.11685196296642,181.86460876464844,17598800
2019-07-09,181.00189024875985,183.00545622864811,180.84850342781286,182.775390625,19193500
2019-07-10,183.88741334729346,185.10488277585458,183.5518815228031,184.5968017578125,28374500
2019-07-11,184.87478007978802,185.34450698647373,183.8777806245724,184.46255493164062,23736100
2019-07-12,184.6639275939228,185.53628407195063,184.4913637598719,185.52670288085938,20211900
2019-07-15,185.9580799676973,186.15940199136577,185.440417750477,186.1210479736328,15606100
2019-07-16,185.89091806397056,186.063467200755,184.5967410270201,185.16233825683594,20190900
2019-07-17,185.16238884677202,185.48833946269883,184.2325014593257,184.25167846679688,16765100
2019-07-18,183.37928089696462,184.81724906571245,182.80410240612667,184.46255493164062,28877000
2019-07-19,185.72798308934637,185.81425767305612,182.91914418827216,183.11087036132812,29387900
2019-07-22,183.52310355916498,184.96107186165185,183.52310355916498,184.56802368164062,18954900
2019-07-23,185.57460205559488,185.7950864300593,184.33794113965416,185.77590942382812,23786700
2019-07-24,185.0665797140547,187.0893229928913,185.04740270174966,187.07972717285156,20422900
2019-07-25,186.4470040816855,186.47576228194276,184.95150452944614,185.30621337890625,23434700
2019-07-26,186.4852866977165,187.46310909208447,186.38941630753163,187.21385192871094,20431200
2019-07-29,187.04132053155212,187.10841810883542,185.39244913270122,186.5715789794922,20451700
2019-07-30,185.14324358527168,186.49492286766355,185.0090337761061,185.766357421875,18705000
2019-07-31,186.26483696726467,186.38945094434067,181.4907861298046,183.19717407226562,41627500
2019-08-01,183.51348771011567,186.9166819134034,181.40447068890458,182.2864227294922,63251600
2019-08-02,180.9156042348478,181.1744426503962,178.5094089725909,179.60226440429688,55214000
2019-08-05,175.84433662234596,175.92103001749456,171.7892702628374,173.25599670410156,75040000
2019-08-06,174.85691507903786,176.1990274154695,173.58192956969134,175.6813507080078,41897200
2019-08-07,173.77371769083166,176.87972053211294,172.45078188642034,176.63047790527344,49990600
2019-08-08,177.42610848888714,180.532125132757,176.93720455651518,180.47459411621094,38418100
2019-08-09,179.61184906351534,180.22538169267742,177.3782029499703,178.77783203125,33608900
2019-08-12,177.6753681209171,178.2122073047734,175.9114637660263,176.726318359375,24642900
2019-08-13,176.57293458822846,181.83588954612682,176.4099665923143,180.5992431640625,40241900
2019-08-14,177.69451023452507,178.26010750446693,174.87609044496008,175.2020263671875,51000500
2019-08-15,175.43207406601877,175.9976712313057,173.66817038388746,175.0006866455078,36685000
2019-08-16,176.59207070247422,178.26010429072355,176.48661912627026,177.80953979492188,32781400
2019-08-19,180.3787190028665,181.0210096549524,179.74600953862628,180.63754272460938,22494100
2019-08-20,180.1870405216625,180.83891253405264,179.19004086677322,179.23797607421875,19902900
2019-08-21,180.81013817872793,181.404493740183,180.18702442092956,180.82931518554688,20418500
2019-08-22,181.16485954776957,181.62502001387995,178.82576170891213,180.24456787109375,24243700
2019-08-23,179.01749228509075,180.65676813982037,174.05170025774933,174.54061889648438,55372400
2019-08-26,176.5249324832813,177.22473940705694,175.50877087752798,177.17681884765625,27598900
2019-08-27,178.41354132094145,178.71071913002302,176.11279762734003,176.80300903320312,28012800
2019-08-28,176.22782650357368,177.73289252415069,175.34587428638608,177.4357147216797,21792400
2019-08-29,179.6405854207639,180.66634315998814,178.9599406577178,180.14866638183594,25358900
2019-08-30,181.11686873369533,181.1552227413159,178.7010928532463,179.71725463867188,26319800
2019-09-03,178.5189538394535,179.43924526428412,177.37816343287164,177.97251892089844,27964200
2019-09-04,179.68853876469495,180.6951195991559,179.17086193427667,180.54173278808594,21592100
2019-09-05,182.53567476053723,184.37627217961688,182.46856256097482,183.84901428222656,33932600
2019-09-06,184.15578863679715,184.22288620888457,183.26424080135885,183.6668701171875,19487800
2019-09-09,184.2420621500428,184.31875553753463,182.35352953788936,183.28341674804688,24407600
2019-09-10,182.29603405961853,182.85205021187136,181.09772716970377,182.7561798095703,23744700
2019-09-11,183.10128147506973,184.56800784755427,182.67947513541714,184.47213745117188,25063600
2019-09-12,185.60334940650097,186.65786527105584,184.98981689287876,185.2390594482422,28689900
2019-09-13,184.97065438401563,185.40204195231652,184.33794481569691,184.57760620117188,27669800
2019-09-16,183.38882231969103,184.13656437543656,183.20667739856452,183.7530975341797,20319000
2019-09-17,183.77232690924416,184.63511657714844,183.37927877034673,184.63511657714844,20953400
2019-09-18,184.25165233836776,184.63511929455845,182.24808686099064,184.5584259033203,29781300
2019-09-19,184.8843808641463,186.01557558879432,184.510509685756,184.86520385742188,26039400
2019-09-20,185.1240298834248,185.31575605454987,182.29602863296483,182.90956115722656,29086100
2019-09-23,182.85576919672687,183.53778655007187,182.24099939054713,182.99024963378906,22485900
2019-09-24,183.82594406913967,184.22938537072093,179.77230071771646,180.5599822998047,40820700
2019-09-25,180.377473234549,183.06709661727524,178.86937224615068,182.58680725097656,34704900
2019-09-26,182.34667097028182,182.50996760347581,180.5695943701825,181.91441345214844,26826000
2019-09-27,182.25063412339586,182.34669787816506,178.42753413137325,179.65707397460938,40773500
2019-09-30,180.3870726600398,181.65504361492887,180.0124475428713,181.3668670654297,26307700
2019-10-01,182.02967503188114,183.076702362605,179.58981143052011,179.88758850097656,32367600
2019-10-02,178.667635391801,178.69645157976666,175.8051150148275,176.7945098876953,48544300
2019-10-03,176.77530495445313,178.8693742365975,174.65243413986005,178.73489379882812,39392500
2019-10-04,179.70506997206886,181.62622742570576,179.5129571581588,181.3668670654297,31887600
2019-10-07,180.84822843141254,182.2602808589009,180.50241937453225,180.8194122314453,21216000
2019-10-08,179.68582187427702,180.45428764853753,177.9663927126923,178.1104736328125,32379300
2019-10-09,179.6186373358853,180.66566472324038,179.08070088904879,179.8491668701172,20147400
2019-10-10,179.89715447516033,181.9623925499016,179.74345838531252,181.24195861816406,25177700
2019-10-11,183.30725675614372,185.03630155205857,183.2015925003581,183.5762176513672,40976700
2019-10-14,183.3168621261755,184.1429605140476,183.1343498015932,183.5570068359375,14975000
2019-10-15,184.1237590120807,186.32349293096706,184.00849423284512,185.8912353515625,23234200
2019-10-16,185.2572480963629,185.9008342034644,184.84419154567334,185.43014526367188,20457100
2019-10-17,186.5443837302758,186.83256027655185,185.20917990122254,185.92001342773438,19045200
2019-10-18,185.58381522205525,186.0352884160247,183.19198346812016,184.1333465576172,27700800
2019-10-21,185.11314037913849,185.8912068341584,184.56560344722445,185.76632690429688,15801200
2019-10-22,186.49636785039505,186.75572823000394,184.22940129983235,184.28704833984375,22392300
2019-10-23,183.91243664988434,184.6808880190255,183.61464488848125,184.64247131347656,14828400
2019-10-24,185.9584313419501,186.55400011674928,185.14194822231366,186.438720703125,18998500
2019-10-25,185.47811868016754,188.0236607689727,185.43970198529757,187.92759704589844,21507100
2019-10-28,188.80176072349929,190.03130038009007,188.80176072349929,189.78155517578125,18818700
2019-10-29,189.4645500499634,189.75271193716878,188.2830276833498,188.3118438720703,18569700
2019-10-30,188.67688930883773,189.54141903773228,187.5914305562647,189.22442626953125,21764300
2019-10-31,189.77191042702745,189.85835898535908,188.2157777479918,189.3108367919922,26801800
2019-11-01,190.12734233853791,191.03990386430874,189.83918044331378,191.03028869628906,22131900
2019-11-04,192.29830161477,192.62489493878348,191.030330370099,192.21185302734375,19015900
2019-11-05,192.45195480141126,192.64406761633995,191.68348888442827,192.31747436523438,15048900
2019-11-06,192.09653663000452,192.11575230927068,190.95344555860135,191.8852081298828,19725500
2019-11-07,192.84578608381594,193.76794814023677,191.97167055399365,192.52879333496094,17832400
2019-11-08,192.1830114375095,193.31648740893957,191.67389117852713,193.29727172851562,15258800
2019-11-11,192.31748400577246,193.1147514948287,192.05812363111994,193.0379180908203,10147600
2019-11-12,193.20119036883776,194.23861707939673,192.90341332972,193.5950164794922,14778300
2019-11-13,192.92264754684328,193.8255939868118,192.7977822666327,193.64308166503906,15774600
2019-11-14,192.91299575943972,193.61421401073278,192.32704224609463,193.4893341064453,16945400
2019-11-15,194.6612356818178,194.91099548339844,194.0368654923969,194.91099548339844,18427900
2019-11-18,194.60365466690814,195.372120634779,193.81598767636072,195.0647430419922,18365900
2019-11-19,195.80437848065034,195.80437848065034,194.6036549842905,195.3529052734375,16923300
2019-11-20,194.8437402336255,195.42969370735614,192.71125478216422,194.18093872070312,36629000
2019-11-21,193.96964725572263,194.10414234289703,193.14356365577174,193.74871826171875,17883600
2019-11-22,194.2290208984305,194.34430031571728,192.8265841273138,193.8736114501953,17189600
2019-11-25,194.7093040556252,196.2078045170723,194.68048786654109,196.1693878173828,17752800
2019-11-26,196.29429164367195,196.79378208679682,196.0061150604723,196.54403686523438,14780600
2019-11-27,197.05313326352393,197.92726348402437,196.81298856496463,197.9176483154297,16963100
2019-11-29,197.41816608288394,197.71594317628364,196.91866098513,197.0147247314453,9854600
2019-12-02,197.02428859014643,197.09152147424373,193.8255599088774,194.99746704101562,28007000
2019-12-03,192.3174623338657,193.54700186121127,191.37608468225164,193.47015380859375,31104100
2019-12-04,194.45956634011807,194.91103952948296,194.17138978093027,194.449951171875,15300100
2019-12-05,195.1415603066207,195.1415603066207,193.88320453373248,194.8341827392578,14962300
2019-12-06,196.25583846621763,197.06272108366758,196.10214235129337,196.91864013671875,16555300
2019-12-09,196.56326669210748,197.48541423598664,195.9388816073615,196.0253448486328,13984100
2019-12-10,196.12134459694136,196.80336189941136,195.42012627437214,195.8619842529297,21799800
2019-12-11,196.30392082074235,197.10120313253432,195.99652851183708,196.89947509765625,18780800
2019-12-12,196.6977276124945,199.14720651673042,196.42876671747646,198.36912536621094,32612000
2019-12-13,198.26345814950494,199.713941515907,197.84081579026684,199.02232360839844,32519400
2019-12-16,200.32870681521547,201.27006991236013,200.26145926535636,201.02032470703125,21296600
2019-12-17,201.27967055330186,201.44298184384525,200.799381164635,201.13558959960938,15996100
2019-12-18,201.3084612812211,201.846382944159,201.07791714399085,201.28924560546875,15443300
2019-12-19,201.37573067955844,202.6148708308799,201.35651500032137,202.54763793945312,17865900
2019-12-20,203.50823196288925,204.14221750984458,202.94149396967302,203.36415100097656,27672600
2019-12-23,204.08421416623082,204.2286074987485,203.72803415332257,203.90130615234375,23774700
2019-12-24,204.08415576493428,204.17079173965288,203.54506789240583,204.00714111328125,7089000
2019-12-26,204.33447198938006,205.82659986726267,204.30559332695384,205.80734252929688,17067500
2019-12-27,206.52934692947355,206.54860426822833,205.08535499282314,205.6340789794922,18134100
2019-12-30,205.52818831276454,205.65333898272362,203.2755643877755,204.28636169433594,21815500
2019-12-31,203.63177164410772,204.81584109316393,203.31409160869308,204.67144775390625,18170900
2020-01-02,206.39454365339745,208.08883666992188,205.9902277351023,208.08883666992188,30969400
2020-01-03,205.3356530998865,207.42462630603234,205.31639576143465,206.1827850341797,27518900
2020-01-06,204.5655048085431,207.5401243883885,204.31521818483327,207.51124572753906,21655300
2020-01-07,207.5882541561284,208.06958474123246,206.82775829484316,207.48236083984375,22139300
2020-01-08,207.45356075429507,209.99498661866505,207.12625935782717,209.0419464111328,26397300
2020-01-09,210.76503539121364,211.21748730868322,209.58096628481454,210.81317138671875,23547000
2020-01-10,211.64108555426068,211.66032820349986,209.8986563211332,210.2740936279297,21898500
2020-01-13,211.14050559485497,212.72889087103113,210.8035682627954,212.70001220703125,22756900
2020-01-14,212.59408973697424,212.95028435922745,211.5351712610119,211.8624725341797,24418100
2020-01-15,211.97800585985289,212.94066711688131,211.25600991708154,211.94912719726562,25742100
2020-01-16,213.00807927105038,214.01887661802502,212.5556272651574,213.98036193847656,18805000
2020-01-17,214.943019373761,215.21256336951552,213.82632871189446,215.03929138183594,24325200
2020-01-21,214.44242044664878,215.4820963868952,214.34616313252403,214.94300842285156,21146300
2020-01-22,216.03081637437975,216.7431763041171,215.24142709229287,215.51097106933594,20736400
2020-01-23,215.3858482568453,216.30037356977513,214.38467226174947,216.2041015625,26496100
2020-01-24,217.2149161773528,217.44596019978124,213.39314927116754,214.3846893310547,37436500
2020-01-27,209.54242324362212,211.0923080791746,209.07071405400478,209.9563751220703,42264400
2020-01-28,211.43893603364953,213.67231739217365,210.8805906940185,213.1813507080078,26731900
2020-01-29,214.36540366735215,214.606068983858,212.58448913863594,213.52789306640625,28924500
2020-01-30,212.15134247948768,214.38470948337894,211.4871037054832,214.2884521484375,39568100
2020-01-31,215.1836740824446,215.21255274563228,210.13932370267952,210.8902130126953,52015800
2020-02-03,211.92026298780607,214.56758162518346,211.7758696650221,214.07662963867188,25408600
2020-02-04,217.00311905979584,219.3520150965256,216.2618657097352,218.97657775878906,30691200
2020-02-05,221.61432546066166,221.65282546010042,218.3797820129653,219.69862365722656,38534800
2020-02-06,220.24725145642293,221.652743284184,219.46749822768984,221.59498596191406,22467100
2020-02-07,220.60343727223344,221.83564239487563,220.00657735820346,220.64193725585938,25884900
2020-02-10,219.91036970968705,223.3181845582399,219.85261237668485,223.30856323242188,21478900
2020-02-11,224.54075121438615,225.2820045381875,222.75982191005775,223.3470458984375,30198000
2020-02-12,224.665906561869,225.62856789472264,224.10756122612838,225.52267456054688,24471300
2020-02-13,223.9535301346014,226.15801810640116,223.68398613863585,225.23387145996094,22773200
2020-02-14,225.59004388911814,226.09063187443948,224.82954793078483,225.87884521484375,23438500
2020-02-18,224.78143050256236,226.38907323212206,224.54076515941188,225.9654998779297,24394500
2020-02-19,227.31320123464104,228.6031637591401,227.0436572650157,228.13145446777344,22230500
2020-02-20,227.63088940490908,228.1025840242257,223.2218990442658,226.01361083984375,42604000
2020-02-21,224.88731289044486,225.27237154511687,220.75750226626002,221.67202758789062,66017200
2020-02-24,213.4027462416078,215.87679279055124,212.03576898194058,213.1235809326172,84522600
2020-02-25,214.91414523856622,215.6265199218146,206.7219024819188,207.328369140625,97743000
2020-02-26,208.61833429356105,212.0550274551949,206.8759050225816,208.39691162109375,79537700
2020-02-27,203.0252787407927,208.33917366018667,197.82691317530848,197.96168518066406,121822600
2020-02-28,191.22306338168502,199.43456409770943,190.7706113403432,198.11572265625,148173700
2020-03-02,201.08071208166103,208.48358038250777,198.25048529776444,208.33917236328125,112933900
2020-03-03,209.003389634755,211.41004281801688,199.86772886303666,201.6582794189453,131953500
2020-03-04,205.35494063774132,210.17786905149774,203.47773912232438,210.0719757080078,73086200
2020-03-05,204.74841685826274,208.28138176652772,202.25512782838513,203.68948364257812,78705500
2020-03-06,197.02790140158754,201.34062023865172,195.33362267357404,200.25282287597656,89828400
2020-03-09,186.25571076647086,193.64895744898524,184.9368694395479,186.3423614501953,116424000
2020-03-10,193.6008161265127,196.67170804748878,186.44823497394106,196.48880004882812,100599200
2020-03-11,191.9065362300721,193.25425617585452,185.53370842889754,187.9307403564453,89168800
2020-03-12,175.2910115179422,183.65654146842257,170.33331116327355,170.69912719726562,137820700
2020-03-13,180.08503502968375,187.21834325086076,171.47884168071033,185.1582489013672,134882000
2020-03-16,167.64750699137846,177.78433217565438,162.8438351451334,162.97860717773438,92054400
2020-03-17,168.91817755211542,177.50511448711484,163.4406324675826,175.33912658691406,121257100
2020-03-18,165.202296553107,172.5281492023074,160.5718983230018,170.0059814453125,114156300
2020-03-19,169.12995390621245,176.63871444056375,165.22155166133624,171.02639770507812,120896500
2020-03-20,174.9540675165637,176.04186478188208,163.74869072798472,164.32627868652344,118983900
2020-03-23,164.88870592266807,168.06261919939575,159.11007109457017,164.4449462890625,124639800
2020-03-24,173.56149544961423,177.34316812213382,171.67065175317936,177.17916870117188,94881800
2020-03-25,177.91231265868825,182.82269672163997,173.62898595657452,175.86712646484375,88754900
2020-03-26,177.38172993078925,185.9194437189423,177.13090991327815,185.1283721923828,79887600
2020-03-27,180.33374802416697,183.78742144963604,178.14386067142345,178.7612762451172,58845000
2020-03-30,180.45916242068188,185.69756024276714,179.76456807167224,185.263427734375,49356900
2020-03-31,184.95474821430534,188.36018338676848,182.52366771803807,183.6813201904297,62659300
2020-04-01,178.24996973899405,181.03798885377915,174.4779395483002,175.87677001953125,53715400
2020-04-02,174.8445138290625,183.39186790261192,174.5840373099753,179.44618225097656,56465300
2020-04-03,179.00244968850615,180.46881715728819,174.8927640447332,176.8993682861328,47487600
2020-04-06,183.75850613958147,190.675495755822,182.51403299538356,189.54678344726562,64763500
2020-04-07,195.22894158616256,195.50871656586375,189.08372522680358,189.4696044921875,69904500
2020-04-08,191.1577988981167,194.07123511900366,189.24767204087456,193.49241638183594,45940400
2020-04-09,195.20964419193913,196.04893963128802,192.00679057727788,193.772216796875,68252600
2020-04-13,192.94258267125235,196.24189906848866,191.73669152955702,195.86566162109375,42853900
2020-04-14,199.9174086917818,205.00144874228786,199.1359937600668,204.384033203125,63959600
2020-04-15,201.1233207046582,204.35511447733495,199.8113107060023,202.039794921875,47036000
2020-04-16,204.22002618544127,206.8054490590431,202.29060085755438,205.7249755859375,64657400
2020-04-17,208.5420063452604,208.87000523064845,204.596333728925,207.69305419921875,62863200
2020-04-20,205.83111892088505,208.26219924335518,205.06900230315188,205.23300170898438,38249100
2020-04-21,203.16850450565815,203.7087412730322,196.44445567672878,197.6599884033203,72932800
2020-04-22,201.72144351385245,204.856759976232,200.97861056876033,203.52545166015625,40089100
2020-04-23,204.31649839571924,206.8729959097003,202.68614628073763,203.09132385253906,43278500
2020-04-24,203.5254532684973,206.73794854331757,202.1073243259096,206.29417419433594,34231900
2020-04-27,208.56121908230313,208.98569498101517,206.93085243513457,207.9534454345703,36451700
2020-04-28,209.65137833959244,209.65137833959244,203.75698294826117,204.0367431640625,46862800
2020-04-29,208.5612692855443,212.20788260903336,207.5483178689419,211.27210998535156,48716400
2020-04-30,212.18855167132557,212.2753722799079,209.68030752785754,211.1852569580078,43359500
2020-05-01,206.93089089908722,209.02431586108833,204.210393799122,205.23300170898438,48795000
2020-05-04,203.99815849028087,207.8473528266269,203.67014497762716,207.62547302246094,32841000
2020-05-05,209.76717787535256,212.371899792873,209.19800079033365,209.9794158935547,37783100
2020-05-06,211.65798922960508,213.24011768360376,210.41351615459038,211.27210998535156,36455200
2020-05-07,213.9925994873047,214.87047694425198,212.64199274061437,213.9925994873047,38624800
2020-05-08,215.66153688802146,217.06036742289936,214.6292871860654,216.92530822753906,31852300
2020-05-11,215.60367578440025,219.88698838665965,215.37213940575802,218.86439514160156,35714100
2020-05-12,219.46251531178982,220.0509906955732,214.25305747493283,214.28199768066406,41054100
2020-05-13,214.8029511519797,216.68413812912272,209.0629130544002,211.60009765625,65521200
2020-05-14,210.27840605053495,214.04077929257198,208.3682792292197,214.002197265625,51549300
2020-05-15,211.0598828413621,215.44932939218967,210.62576498915945,215.39144897460938,55747200
2020-05-18,218.29521869842316,220.61052360974645,217.51380365886027,219.40463256835938,42398100
2020-05-19,219.6651221405356,221.73926368654432,218.7100658003225,218.85476684570312,36237300
2020-05-20,221.40159264724065,223.58183832561753,221.38229426910294,223.2248992919922,37417000
2020-05-21,223.27314230969628,223.94843835442734,220.282526614009,220.7938232421875,43642900
2020-05-22,220.388675324972,221.75856597762387,219.472200946409,221.5559844970703,28762400
2020-05-26,225.1254068317668,225.32800302122988,220.71666173664335,220.9578399658203,33055300
2020-05-27,220.6201495437032,222.2794565640182,216.03776422232875,222.16368103027344,55665600
2020-05-28,221.0253613371906,225.23150994600775,220.9674809215291,221.8743133544922,42784300
2020-05-29,222.2505564874424,225.35693311746087,220.68771162267484,225.12539672851562,50691800
2020-06-01,224.2571124897475,226.17688127127835,223.81333818707904,225.80064392089844,25776000
2020-06-02,226.2251317619041,227.37314224848882,223.82299180122646,227.3152618408203,33383400
2020-06-03,227.9230107448058,229.09031955568474,227.04513340014336,228.3378448486328,37228700
2020-06-04,227.99059513357238,229.3990676853187,225.4340971868914,226.73646545410156,38716100
2020-06-05,227.88447038261765,231.82050057322505,227.31529333455612,231.23202514648438,47365600
2020-06-08,231.0873154069286,233.15180036888486,229.5148434318343,233.02639770507812,32937300
2020-06-09,232.16777379861546,235.56355207778137,231.98447602097755,234.71461486816406,35046300
2020-06-10,236.40291904787475,239.07517812818392,235.88196579449584,237.53163146972656,58084400
2020-06-11,233.6148304748629,234.99436256720242,225.70418929552545,225.76206970214844,72919400
2020-06-12,230.65317733072695,231.91694872983695,223.56254715943328,227.55645751953125,72034800
2020-06-15,224.23784466597658,231.00047606686667,223.30207207619324,230.32518005371094,45307400
2020-06-16,235.1776321789075,235.766107443033,230.66278435867548,234.28045654296875,48890100
2020-06-17,235.77583611994174,236.83702623970618,234.1647672801912,235.0233612060547,34749300
2020-06-18,234.70497843540934,235.90122764649206,233.93321994603943,235.66004943847656,30578600
2020-06-19,238.02357000153597,238.28404656279602,233.89460065572752,235.62144470214844,49422100
2020-06-22,235.49003718257367,238.57282533145036,235.2001318204436,238.44720458984375,24068700
2020-06-23,240.04175073212235,242.7089833705534,239.49091578053265,240.47662353515625,32767400
2020-06-24,239.72277080949863,240.95009059556097,234.02107404845484,235.51898193359375,46032400
2020-06-25,235.60597049212052,238.06059549512244,233.03536861977014,237.76101684570312,36940800
2020-06-26,237.51944510452128,237.69340305450055,231.62445742433064,232.1463165283203,52824600
2020-06-29,231.90468714607596,234.68789599689202,229.3727492168145,234.67822265625,34377800
2020-06-30,234.6106369476855,239.81948140004152,234.42702038461988,239.27830505371094,38909200
2020-07-01,239.31693302288755,243.06653272793153,238.77575672441694,242.07115173339844,34689200
2020-07-02,244.51612565075843,245.72411376198428,243.25015646954552,243.71401977539062,31956500
2020-07-06,246.86445275514865,250.22748760005902,246.84512081608884,249.70565795898438,34589000
2020-07-07,249.45437549713066,252.11194927639178,247.68586443037847,247.98544311523438,36578200
2020-07-08,249.3094064021136,251.28082158705743,247.87913799077677,251.2518310546875,30426300
2020-07-09,253.16529137370648,254.0350368253854,248.97116062467754,253.36822509765625,40312900
2020-07-10,253.22325340550458,255.34932389816413,250.54636284638087,255.09805297851562,32885300
2020-07-13,257.93926898540803,260.7224780969237,249.02914818707566,249.8505859375,64108100
2020-07-14,247.32828858544156,252.024961276459,244.26483277962885,251.6190643310547,72230500
2020-07-15,253.03000743431622,253.86111858629354,248.835876273032,252.1312713623047,54523900
2020-07-16,249.34803645574152,251.0488929703051,247.0287054307238,250.41107177734375,47594100
2020-07-17,250.86531968295154,251.56112205959127,248.52667106417573,250.7010498046875,35137900
2020-07-20,251.3388016882477,258.44177701059385,250.09217930922563,257.8136291503906,40610100
2020-07-21,259.3791717037534,259.3888450449449,254.2863050258902,255.12705993652344,43243800
2020-07-22,255.61995039275118,256.953573948241,253.72580385416447,256.02581787109375,29865500
2020-07-23,255.6199786347747,256.32542487475257,247.92748847765114,249.33843994140625,51363500
2020-07-24,245.50180090569262,248.29466846011707,242.87323268912843,246.97071838378906,54054500
2020-07-27,248.61362456324807,251.76403747661257,247.83085063304088,251.3774871826172,36445700
2020-07-28,250.5946560709798,251.11651506933757,247.88877513855104,248.17868041992188,31302400
2020-07-29,249.71532571670198,251.89937791513995,249.2418037590197,251.03927612304688,27556900
2020-07-30,249.07746831922572,252.9140396342854,247.92746130972114,252.35354614257812,41774500
2020-07-31,256.97280413842424,257.0114680015226,252.0828724184515,256.8568420410156,53686300
2020-08-03,258.9926398916783,261.07037345511674,258.86700441481855,260.3262634277344,32081600
2020-08-04,259.82364012685207,261.3892169343239,259.0795303325727,261.2925720214844,24911300
2020-08-05,261.7758851460875,262.39435978177585,260.88679283565415,261.9401550292969,21612100
2020-08-06,261.74685683428555,265.7380540741825,261.10903560421986,265.40948486328125,28048200
2020-08-07,264.86818070603744,265.6413104667914,260.20052958626746,262.3459167480469,44969400
2020-08-10,262.6358358875512,262.8387990496852,257.70726980164903,261.22491455078125,35088400
2020-08-11,260.06527192475147,261.3505875018859,255.7358623812855,256.27703857421875,43104300
2020-08-12,258.43218383312404,263.6700043008446,258.38384660861874,262.7229309082031,38773400
2020-08-13,263.49596464838004,265.5930149399611,262.3846217780506,263.322021484375,31895700
2020-08-14,263.9406051686276,264.211193366399,261.6212735460296,263.01287841796875,30799500
2020-08-17,264.72338374822584,266.5691934292546,263.0515467980899,266.0666809082031,24803000
2020-08-18,267.12970037354484,269.1011159467353,265.67044114245454,268.6275939941406,23529500
2020-08-19,268.5888855660594,269.64224759743485,266.30821830368217,266.8204040527344,31999400
2020-08-20,266.02798786526216,271.0048932702151,265.62209086020533,270.5216979980469,27723400
2020-08-21,270.71497434945246,272.8506890877729,270.06747974073045,272.396484375,34748900
2020-08-24,275.6628990160091,276.3876919143859,271.81665408487225,274.09735107421875,36418500
2020-08-25,273.3242182700818,276.44567027218886,272.87968688784093,276.25238037109375,34866600
2020-08-26,277.49897328985776,282.39857926912845,276.2233309949189,282.1473083496094,42216700
2020-08-27,283.1233963607817,283.973824630563,279.00656382383795,281.2679138183594,49482700
2020-08-28,282.504952269954,283.32639018167333,281.1520113228344,282.6982421875,28021000
2020-08-31,283.2201041479217,286.7764145271866,282.78521657513016,284.9692687988281,36321000
2020-09-01,287.61709768256185,289.9557753583132,285.8486162789322,289.8398132324219,36216200
2020-09-02,293.08683237877307,293.29943941238844,286.91161404785015,292.5843200683594,50836800
2020-09-03,288.08095897355446,288.58347132057634,274.8510731938772,277.750244140625,110083300
2020-09-04,275.9624136196439,279.21914423449357,262.66487356215526,274.0489501953125,123959000
2020-09-08,263.07083212371873,268.86917532283803,260.59687471811304,260.87713623046875,99568600
2020-09-09,266.3759134362451,270.6376699381162,263.8246281507631,268.5406188964844,64837900
2020-09-10,271.4978256628641,272.71548747217696,261.4666847375298,263.1868591308594,69667500
2020-09-11,264.935979114663,265.9700241426151,257.9296472111629,261.3603515625,71809000
2020-09-14,265.1388877146155,267.9027799251302,263.7859468911005,265.9120178222656,38525200
2020-09-15,269.6517956130154,271.0240823644698,265.8828805799812,269.6807861328125,41849900
2020-09-16,270.4732968966623,270.9371453230019,265.0325152915734,265.3804016113281,42321000
2020-09-17,258.55778989114464,265.177571313958,257.7170347987162,261.2347106933594,81570800
2020-09-18,262.65522696609054,262.94513225830894,253.80308831036103,257.90057373046875,86251100
2020-09-21,253.64848815537488,258.6543833234212,251.36779148738935,258.51910400390625,57168600
2020-09-22,260.91568974808024,263.9018320310586,257.58166113709177,263.322021484375,41128900
2020-09-23,263.0031581110731,263.18677465804853,254.4022889049728,255.28170776367188,48837300
2020-09-24,252.60477569837306,259.6690864606942,252.44047637027398,256.4703369140625,70631700
2020-09-25,256.9729431203814,263.2448090463775,255.41703882695245,262.43304443359375,55242400
2020-09-28,267.2843578451465,267.883544921875,262.539404910419,267.883544921875,58438300
2020-09-29,267.32281884115525,268.37618048787215,266.1148312428261,266.67535400390625,27050000
2020-09-30,266.8687506981192,271.64272248563236,266.5981625174946,268.501953125,49380800
2020-10-01,272.3191710467639,273.37253309004967,270.43469788715163,272.7637023925781,50020200
2020-10-02,266.74312637993074,272.75407717239364,264.24985157485753,265.0906066894531,75497400
2020-10-05,267.0523087458991,271.06282284456194,266.9460199623273,270.7439270019531,28184600
2020-10-06,270.05784139208856,271.73935145189307,265.0325989140063,265.9120178222656,49704200
2020-10-07,268.550191927096,271.3043804558178,267.9606785581341,270.511962890625,27539700
2020-10-08,272.9086212791073,272.97627567976207,270.88886904334345,271.951904296875,25443300
2020-10-09,273.5948309130464,276.1847801566935,273.20828056817254,276.1074523925781,30201100
2020-10-12,280.7847668966593,287.4625292406142,279.7410780627736,284.6310119628906,79370700
2020-10-13,286.42845159325793,287.06624327495626,283.2586629153269,284.62127685546875,64240000
2020-10-14,285.42348254813834,286.38987319194996,280.5045577101655,282.2440490722656,36949100
2020-10-15,277.5473575407139,280.9393680696546,276.90953628514376,280.3498840332031,42514200
2020-10-16,281.99272738717144,283.4133225579384,278.4654080695763,278.8133239746094,40570700
2020-10-19,280.7268135943955,281.68356040299943,273.28562320201286,274.26165771484375,36756800
2020-10-20,274.9961184692675,277.9532714716513,273.4402436932252,274.8511657714844,32195400
2020-10-21,275.1024584836778,277.66338798626714,274.155384963592,274.6385803222656,29306100
2020-10-22,275.4695696201437,276.36833509912185,271.38175713416496,274.6288146972656,32196200
2020-10-23,275.1990039622046,275.33431278433005,272.3095058897191,275.1700134277344,24658500
2020-10-26,272.88932727895894,275.71117074606025,267.4582179216346,271.04351806640625,38421100
2020-10-27,272.03889571411895,273.9813498420594,270.78259999958595,273.159912109375,30559100
2020-10-28,268.66618613129737,269.2750167602809,262.25901349964,262.5102844238281,53413500
2020-10-29,263.82462976777094,270.09649522850515,263.3607516697765,267.1007080078125,43246300
2020-10-30,265.1195517888943,265.98929729313636,258.09390385369136,260.3262634277344,65838300
2020-11-02,262.7132427871416,264.3270982805242,257.9972527970859,260.9060974121094,39987400
2020-11-03,262.8195357753075,267.5162086489686,261.73718320133173,265.41912841796875,43604100
2020-11-04,274.05866644513554,279.0645619395194,272.39647367770004,277.26708984375,75728200
2020-11-05,283.6646163321199,285.4621180869172,282.1860399735782,284.4957275390625,52054200
2020-11-06,283.8385977939899,285.4331365144011,280.08899724442955,284.7083435058594,40959800
2020-11-09,287.6460889111584,289.0860306228483,278.4363898269844,278.8905944824219,86537100
2020-11-10,275.585592558968,277.02550497020536,271.18849807770005,273.8944091796875,69024900
2020-11-11,276.41665433779593,280.4948231442373,273.8557255890356,280.02130126953125,36102900
2020-11-12,280.98766676986247,282.2536357652556,277.5956272140191,278.70697021484375,34414600
2020-11-13,280.41747994710306,281.77042043794137,278.1947646125416,281.15191650390625,24806900
2020-11-16,280.85236889928893,283.6452512673449,280.24353823818916,283.3456726074219,30168400
2020-11-17,283.53895587325457,283.8675250915629,281.80910868719633,282.4469299316406,21843500
2020-11-18,281.89605303204337,283.5099082644864,280.27249496762283,280.3594665527344,28069600
2020-11-19,279.808737971653,282.8625357563672,279.14192610928717,282.55328369140625,22718400
2020-11-20,282.4758445198724,283.21998385093764,280.533420266466,280.6203918457031,25907300
2020-11-23,281.6158958095342,282.9108557091062,278.3881546583201,280.63018798828125,26875600
2020-11-24,281.6930532518802,285.0657749043103,279.8955817426043,284.5729064941406,24516800
2020-11-25,285.6360755244479,286.960025922202,284.6890021233279,286.32220458984375,23326800
2020-11-27,288.2838422491186,290.0813432574275,287.8876187500189,288.9603271484375,17163100
2020-11-30,289.27924712109086,289.8880776830345,284.87251004364725,289.5498352050781,27836200
2020-12-01,291.82095179431667,294.8844227746876,290.7192524254335,293.2608642578125,27521300
2020-12-02,292.09152566494623,293.975998917608,290.2553896319331,293.63775634765625,23620000
2020-12-03,293.94702540501714,295.5995449812364,293.32852129935674,294.0533142089844,22828700
2020-12-04,294.1015495701713,295.39653853625344,293.4250940494465,295.2515563964844,19332100
2020-12-07,295.43518201800396,297.2906644436841,295.2515654944041,296.9234313964844,20851000
2020-12-08,296.4499212186519,298.2280759717015,294.7007569972105,297.9284973144531,18341500
2020-12-09,297.7158207714324,297.996052680946,290.11997885198525,291.1830139160156,48839300
2020-12-10,289.15369726962035,293.4734640443875,288.07134461326757,292.3524475097656,27519500
2020-12-11,290.6999625785446,291.83065259024386,288.4386120470476,291.70501708984375,26760400
2020-12-14,292.8936549073265,295.7638362163901,292.82602997805446,293.8214111328125,28804800
2020-12-15,296.07312677958816,296.96221923828125,293.88907426620466,296.96221923828125,25709000
2020-12-16,297.35832790563893,299.3780802348846,296.31460979317626,298.5953063964844,25461900
2020-12-17,300.18986457531184,300.77934858265223,298.9915498771804,300.54742431640625,23730500
2020-12-18,301.1852381196582,301.49449012829695,297.2713392718179,299.6390075683594,41173400
2020-12-21,296.6968099330535,299.6109270127023,293.92793779990836,299.0784606933594,37095500
2020-12-22,299.9788528813914,300.8114409536031,297.0744264140137,299.8917236328125,26176300
2020-12-23,299.9400419452799,300.2982497237354,298.2264414056362,298.38134765625,21201300
2020-12-24,298.64281817335035,300.1434267278117,298.5653797992365,299.6980895996094,16785000
2020-12-28,302.30236444379983,303.19306815724786,300.47256173105023,302.7186584472656,22497700
2020-12-29,304.04495619915394,304.6645812057286,302.08932016967725,302.98968505859375,25871900
2020-12-30,304.15151157521103,304.4709854534392,302.37979506898415,302.9994201660156,18138100
2020-12-31,302.90259420245957,304.22894406507703,301.82797072381925,303.744873046875,21611400
2021-01-04,305.071236411445,305.2455244401776,295.4575926553533,299.4560241699219,45305900
2021-01-05,298.46849923876596,302.1958517702346,298.46849923876596,301.92474365234375,29323400
2021-01-06,297.21968755851543,301.944226732957,296.23219304399856,297.74249267578125,52809600
2021-01-07,300.39515450501295,305.7780226635541,300.36611142141976,304.9454345703125,30394800
2021-01-08,307.2302314187697,309.21494058631947,305.0422206690552,308.86639404296875,33955800
2021-01-11,305.91349728743285,307.08494074854116,303.7545301499624,304.4031982421875,32746400
2021-01-12,304.44193435888496,305.52624870479366,301.28581143319,303.9191589355469,29266800
2021-01-13,304.180580307871,306.76550326758513,303.58033691034495,305.9716491699219,22898400
2021-01-14,306.41694864804754,307.4141337446142,303.861039539168,304.33544921875,23500100
2021-01-15,304.1224448556124,305.08089596114627,300.6855230999575,301.92474365234375,35118700
2021-01-19,304.2387041994004,306.83331835673874,303.1446987219593,306.32989501953125,24537000
2021-01-20,309.9409011247694,314.39432935311214,306.426541991308,313.4552307128906,30728100
2021-01-21,314.791416370408,316.7083484771748,313.4166710531678,315.9628601074219,25130600
2021-01-22,314.92702373395787,316.0597337036347,314.36548464262086,315.0528869628906,21609400
2021-01-25,318.43166652611484,319.79675062490884,311.17059975297013,317.6571350097656,39080600
2021-01-26,318.3735220441752,319.25453486339853,316.7954457605857,318.1217956542969,25498100
2021-01-27,315.86602767429855,315.8756890037456,307.249539984331,309.25360107421875,55264000
2021-01-28,310.4541485856806,316.02096581092127,309.83452344318874,311.08343505859375,42836300
2021-01-29,309.39881972207684,310.5025158279426,302.79611347273107,304.53875732421875,55259000
2021-02-01,307.97565699810855,313.2326908464539,305.9522436350412,312.14837646484375,35646000
2021-02-02,315.11088888284706,318.39287510847345,314.94629173240133,317.24078369140625,33930800
2021-02-03,319.31261928071063,319.68051798841714,315.92412209235215,315.9822082519531,24824500
2021-02-04,317.3763509400177,319.8063675249799,316.0596623178328,319.71923828125,22350900
2021-02-05,320.6680338165414,321.81043442600395,319.03187127190756,320.8035583496094,22732000
2021-02-08,322.48816101170837,323.1077566336111,320.85199838952866,322.9528503417969,20462800
2021-02-09,322.0234101778319,324.14364367200585,322.0137193026321,322.88507080078125,17597500
2021-02-10,324.3179823430206,324.77301040965193,319.00289052594974,322.14935302734375,28068700
2021-02-11,323.6789239561336,324.32759214036884,321.5393382627716,323.92095947265625,22046100
2021-02-12,323.07868540357345,325.89598240320623,322.033104956612,325.7314147949219,20346800
2021-02-16,326.5252697267484,327.415973443144,323.68862051418506,324.85040283203125,27080800
2021-02-17,321.87817742268214,324.96655281909017,319.6514626027675,323.2916564941406,31360300
2021-02-18,319.7095148778247,323.2335360809982,317.89906468065965,321.8781433105469,32236200
2021-02-19,323.22388506357134,323.3497482551594,319.45782791752555,320.474365234375,39157700
2021-02-22,316.0984098661009,317.35698283456264,311.96445354950856,312.1677551269531,47256900
2021-02-23,306.90102481836163,312.90351724809113,301.0921726135977,311.2383117675781,97241900
2021-02-24,308.5855941011295,314.11370659641756,305.8941603269146,313.80389404296875,58206300
2021-02-25,311.1513095307379,313.7071901804706,301.32464023717193,302.8639831542969,110182600
2021-02-26,305.78771702281585,308.9438404755262,300.9760491503722,304.1322021484375,104739800
2021-03-01,309.0987465751583,313.6199836054889,307.81113046153894,313.2811279296875,49164500
2021-03-02,313.9201385684016,313.99757695189965,308.0048033387535,308.2565002441406,48370000
2021-03-03,307.1623773128053,308.10147616004815,299.2526743462873,299.3107604980469,86301100
2021-03-04,298.9428537741916,302.09900581292595,290.5490505272397,294.4119567871094,139131600
2021-03-05,297.0259576251309,299.7464343167037,287.97385344428346,298.8460693359375,121523700
2021-03-08,298.30397886158335,300.1821771494048,289.96828845196154,290.38458251953125,88409800
2021-03-09,297.6746172502684,303.73519552966866,297.14215097676424,301.8376159667969,80391100
2021-03-10,306.08780216084256,306.38792384064425,300.2886405826303,300.97601318359375,76798100
2021-03-11,305.7101966431199,309.66989398051334,304.8195225253842,307.90789794921875,53484800
2021-03-12,303.86106196290876,308.0918677112033,301.46977936589934,305.41009521484375,69315600
2021-03-15,305.72962903843666,308.8373571812603,304.09346638127744,308.6727600097656,42955700
2021-03-16,310.8607052243403,313.871642149708,308.93411213610096,310.366943359375,54925900
2021-03-17,307.3367134727356,313.53281684257354,305.6230830912627,311.6449279785156,78258700
2021-03-18,306.7752042507634,307.75303729560653,301.6440625750953,302.0990905761719,82718100
2021-03-19,301.93447260393606,304.70337437905994,299.7948868313532,303.1640319824219,78446200
2021-03-22,305.55343960948335,310.9140252313107,305.55343960948335,308.8492736816406,56194800
2021-03-23,309.93500711765904,311.2533289990368,306.6876292367578,307.50189208984375,53455400
2021-03-24,308.8687114227675,308.9074942979724,302.17039709475154,302.3157958984375,64803700
2021-03-25,300.4739451939925,303.30450283245915,297.9729975511133,301.7922668457031,78729000
2021-03-26,301.5790969053566,306.6391828174355,300.183238678992,306.3193054199219,63519600
2021-03-29,305.78618658592865,307.2789873156319,302.8974683731191,306.2320861816406,54608000
2021-03-30,304.2739151212453,305.26265651500455,301.9959020456259,304.69073486328125,44635700
2021-03-31,306.47440914710774,310.91408735554086,306.1351255168878,309.3534240722656,55032500
2021-04-01,313.1726923053448,314.7624351906503,312.9206479914796,314.6267395019531,55685600
2021-04-05,317.10830969994527,321.67400959517823,316.8659685015175,320.908203125,42172500
2021-04-06,320.59809395273015,322.6337367666103,319.90982350996234,320.6853332519531,33537200
2021-04-07,320.2102959020985,322.2944541130064,319.2797138768823,321.4607849121094,32046400
2021-04-08,324.31069923260867,324.99893998740856,323.5158129621822,324.81475830078125,29940800
2021-04-09,323.45770841704103,326.9862112419978,322.7210111279812,326.7826232910156,36664900
2021-04-12,325.74540496949743,326.7729294463772,324.4755392559447,326.3561096191406,25833000
2021-04-13,327.87799376647325,330.63098669592097,327.66473229251113,330.16571044921875,30374000
2021-04-14,330.40802884439285,330.53405101338524,325.3867258114292,326.20098876953125,42564300
2021-04-15,329.07028894600836,331.5324839641165,325.91985316308563,331.14471435546875,36342800
2021-04-16,331.6682274547277,331.7457932207016,329.66163481322775,331.53253173828125,40860100
2021-04-19,329.9621943432663,331.11571157437174,326.57909009208146,328.4984436035156,34533100
2021-04-20,327.8392364774025,329.1187757229305,324.1362552848905,326.10406494140625,38081800
2021-04-21,324.8244385866254,329.07996414438594,323.7387547729154,328.8957824707031,36598100
2021-04-22,328.50808062439205,329.4871190436578,323.7775752444874,324.9311218261719,45936100
2021-04-23,325.5611805627224,330.33043890861984,325.5611805627224,329.0218200683594,36381900
2021-04-26,329.2641463405706,331.4452170856451,328.5177165304616,331.1640930175781,30812000
2021-04-27,331.4548993148628,331.6681607543951,328.7794725802449,329.72943115234375,33187200
2021-04-28,329.39989881314733,330.4080466367057,327.9652280481862,328.6147155761719,33615700
2021-04-29,331.8813692843512,332.29818898250164,326.57894348476367,329.7972412109375,37708900
2021-04-30,327.35452560683456,329.8360972860039,326.7244147806382,327.6356201171875,38263400
2021-05-03,328.8376550720035,329.58405537117176,325.4448780314179,325.8907775878906,29729700
2021-05-04,323.34127257185094,323.66117947490153,316.2164364274804,320.02606201171875,65147000
2021-05-05,322.0714596460376,322.93420853069864,318.17462374116377,318.9501037597656,46219300
2021-05-06,318.68843337457514,321.5092889550731,316.4492026859882,321.35418701171875,46814300
2021-05-07,324.1265674744462,326.33671847175805,321.52867639706886,323.9617919921875,53324500
2021-05-10,322.58529692328426,322.75977553069424,315.57677703224937,315.7803649902344,60700500
2021-05-11,309.90599292569743,316.13900258664955,309.2468022628767,315.3441162109375,71963600
2021-05-12,310.4196506802592,312.73641679705025,306.319227585293,307.1819763183594,91164900
2021-05-13,310.11916336738483,312.5231688558065,307.1916630827052,309.5569152832031,69877800
2021-05-14,312.7171506629184,317.3022281176415,312.2130619368649,316.39105224609375,44370000
2021-05-17,314.68488007831405,316.37156525838355,311.6023073069235,314.47161865234375,39395000
2021-05-18,315.4216854069224,316.64306516691926,312.07736438898337,312.3487854003906,36528500
2021-05-19,306.9590711096651,313.00789819210576,306.610084387319,312.7073974609375,66319100
2021-05-20,314.1904954170739,319.60924077447305,313.967560459338,318.7561950683594,46466100
2021-05-21,320.3071230561683,320.7239427153021,316.63325268939525,316.9919128417969,50330400
2021-05-24,319.2796970065807,323.4479836254808,316.8853646355601,322.3235168457031,32475800
2021-05-25,323.8357164110421,324.5530369200139,321.59648601653095,322.7694091796875,31280300
2021-05-26,323.4382572317026,324.3591360264829,322.7500165185231,323.89385986328125,25444900
2021-05-27,323.4480270791408,324.2913698816061,322.4786620955859,322.6822204589844,27931700
2021-05-28,323.8841633687067,325.2897541666594,323.38010432071417,323.6999816894531,29927400
2021-06-01,325.02809087441415,325.50309986724034,321.2766528474929,322.62408447265625,31145400
2021-06-02,323.040888905565,324.0974932143302,321.5383849762825,323.254150390625,22047900
2021-06-03,320.4235502295139,321.6934158595787,318.22310259495436,319.8904113769531,37057800
2021-06-04,321.6837596667815,325.7647777608782,321.6158970214758,325.3188781738281,38736500
2021-06-07,324.7856140161759,326.34630648501945,324.09737339810346,326.28814697265625,32611900
2021-06-08,328.03310255552793,328.89585158541155,324.7663473137233,326.443359375,27282800
2021-06-09,327.8101459251218,328.5856260231153,326.33669232319687,326.5208740234375,21485300
2021-06-10,326.8602340034116,330.03004736222584,326.4143343220516,329.9234313964844,33702100
2021-06-11,329.93299548610094,330.79574437440573,329.28353762387894,330.7860412597656,21222800
2021-06-14,331.2126132076751,333.96560615059394,330.02998677040205,333.9559326171875,27827700
2021-06-15,333.60692559305636,333.91712946198913,331.05749116385306,331.77484130859375,35963800
2021-06-16,332.2400925756048,333.3063998058053,327.1121739212168,330.5631103515625,55399500
2021-06-17,329.55504288980995,335.76867651691026,329.50658646954747,334.7605285644531,59722700
2021-06-18,333.1028793451108,334.24672287543035,331.3870844669612,332.1335144042969,55414900
2021-06-21,332.32465556437614,334.51797093685457,330.11194106733024,334.19769287109375,32992600
2021-06-22,333.99390169448657,337.75940508657436,333.69305236731316,337.31298828125,28941600
2021-06-23,337.2547727068681,338.62316628177916,336.643359660952,337.47796630859375,27188500
2021-06-24,339.4092628223047,341.0881905012289,338.86579113679346,339.5645446777344,32581600
2021-06-25,340.1274205664771,340.3700429160233,338.5455181087182,339.147216796875,28682800
2021-06-28,340.428202252157,343.40761122051816,340.36997526919714,343.271728515625,39130300
2021-06-29,343.09707100698824,344.5430905442502,342.26246444955655,344.51397705078125,29426000
2021-06-30,344.3587403732643,344.7469598264053,343.38825097438394,343.9705505371094,32724000
2021-07-01,343.6211701215332,344.6110585931317,342.2721757133601,344.1064147949219,29290000
2021-07-02,345.998873026298,348.37658392233686,345.7659650458484,348.05633544921875,32727200
2021-07-06,348.65799892493936,349.84199706760444,345.9697245818565,349.560546875,38842400
2021-07-07,351.7538908214984,352.05474016267107,348.34746358933484,350.29815673828125,35265200
2021-07-08,345.2418224398353,349.0364388088404,343.9607991902347,348.1824035644531,50890000
2021-07-09,347.600137407865,350.83185348316795,347.01783795171673,350.3563232421875,35184500
2021-07-12,351.7538144183957,352.1808320260807,350.18159707174846,351.7247009277344,25717700
2021-07-13,351.3461959321584,354.684681073889,350.8706657123643,351.7247009277344,39723000
2021-07-14,354.06360134594,354.7041278435109,351.5306384672121,352.3555603027344,35336400
2021-07-15,352.2681926610586,352.47198710735233,347.8815623704829,349.8807678222656,53391600
2021-07-16,350.7348139072601,351.7150175408342,346.697575017042,347.0469665527344,47262000
2021-07-19,343.6017933642096,344.69845123070195,341.6511296216151,344.2035217285156,64404600
2021-07-20,345.1351844508363,349.6479546871026,343.35917208635783,348.2019348144531,42183700
2021-07-21,347.7748438652309,350.8901062011719,347.5516206658584,350.8901062011719,30259900
2021-07-22,351.0939358655894,353.21930999848774,351.0939358655894,353.2096252441406,30252200
2021-07-23,354.5294392236291,357.6155880495975,353.180474514925,357.33416748046875,31960800
2021-07-26,356.6450199602008,358.00372835598495,355.78130008605626,357.6155090332031,28438100
2021-07-27,357.35357784691723,357.35357784691723,349.5314363134525,353.6754150390625,57933100
2021-07-28,354.81089455029075,356.6063056814547,352.52052439792925,355.0340881347656,42066200
2021-07-29,354.4712653627747,356.8295475766185,354.4712653627747,355.66497802734375,25672500
2021-07-30,351.74419309731246,354.39363991627397,351.71507959894967,353.81134033203125,36484600
2021-08-02,355.47083858690587,356.0531381213734,353.13195569506735,353.8404235839844,27334100
2021-08-03,354.50032105152934,356.1016224312695,351.31711741542796,355.98516845703125,35558500
2021-08-04,355.94635621743237,357.4506324293252,354.8400137966244,356.4995422363281,29602200
2021-08-05,357.3147843777116,358.99374172153244,356.6063460622678,358.7608337402344,21443900
2021-08-06,357.49916233742056,358.46965170158194,356.0822561585007,357.1885986328125,33332100
2021-08-09,357.64471717626753,358.3725841736592,356.5480891117972,357.8485412597656,25960200
2021-08-10,358.36294074225583,358.6540757279893,354.83034495809034,356.01434326171875,35130800
2021-08-11,357.27592932393196,357.77085870550394,354.073297005322,355.4028625488281,34249800
2021-08-12,354.89823269441365,357.04300574382904,353.5492383580731,356.6839294433594,25969200
2021-08-13,357.0333650382217,358.2658759329415,356.53840595922236,357.9359130859375,19336200
2021-08-16,356.8198477892723,358.1299847748878,352.9670037183403,358.0911865234375,34856900
2021-08-17,355.3446922389644,356.31518165085123,352.5108797417673,354.9371032714844,44793900
2021-08-18,354.40332034686696,355.8008274852032,351.19100272642396,351.5209655761719,38541900
2021-08-19,349.5896483819814,354.8885115391661,349.3373116926452,353.2192687988281,48499400
2021-08-20,354.28686251287087,357.27598648850346,353.9762987928336,356.8780822753906,39486000
2021-08-23,357.91640853616616,362.9047372880228,357.9067237836199,362.2156982421875,34034700
2021-08-24,362.80763294073813,363.9236894557363,362.34178752173204,363.3219909667969,21732900
2021-08-25,363.5744132863753,364.31199463604713,362.82711756621313,363.7393798828125,20441900
2021-08-26,362.8853603678298,363.56468508570066,360.9928944471551,361.42962646484375,29133300
2021-08-27,362.0604858868606,365.44748439971636,361.5752411891111,364.9428405761719,27104700
2021-08-30,365.7288969907494,369.52351369079594,365.7094682499672,369.03826904296875,27295700
2021-08-31,369.28077615414895,369.3486878747498,367.1942011259009,368.7373046875,29628200
2021-09-01,369.79529288814643,371.41599361649696,369.14505195230834,369.3488464355469,28138300
2021-09-02,370.6977780055514,371.0277407947319,367.96099122725343,369.1741027832031,25453400
2021-09-03,368.02891477427477,370.7074744376355,368.00951565243156,370.3095703125,24605400
2021-09-07,370.4163453946835,371.4838895379319,369.26146076930337,370.8336486816406,23970200
2021-09-08,370.65896446604796,370.65896446604796,367.28168071864684,369.54290771484375,32949200
2021-09-09,369.766107101354,370.87244941105996,368.0289231052142,368.27154541015625,29399000
2021-09-10,369.9796779687276,370.69783063437353,365.146630181552,365.4765930175781,40249400
2021-09-13,367.8056561829559,368.2326737582313,363.1764338172831,365.2241516113281,48741800
2021-09-14,366.70907000117154,367.43693697085075,363.2347313640418,364.1858215332031,41826600
2021-09-15,364.64204148854424,367.2429463188661,362.35167079867114,366.8935546875,34097900
2021-09-16,365.56391065491147,367.71839813414806,363.6423607524732,367.14581298828125,35193100
2021-09-17,366.6703074633272,366.718820085904,361.7596335323379,362.79803466796875,60912300
2021-09-20,357.01129546035133,358.75040525289535,350.6669766834423,355.3013610839844,76203200
2021-09-21,357.12794816062376,358.3229841141822,354.61159767451653,355.7386169433594,41927500
2021-09-22,356.65193901956206,360.5187799843224,355.55406537392423,359.0614318847656,46972900
2021-09-23,360.2176351176691,363.40436877919325,359.57639832817733,362.37451171875,44652000
2021-09-24,360.1106592295025,363.13224261893384,359.74145968515217,362.7144470214844,36056800
2021-09-27,359.6735155077415,360.69364729673265,357.2737478333367,359.8192443847656,43338100
2021-09-28,355.2723346876487,359.77065760688873,349.13203421217105,349.6372375488281,97701600
2021-09-29,350.9002680921135,353.0376940575205,348.4422089595116,349.0639953613281,58076600
2021-09-30,350.7058843035633,352.3672524598552,346.94593179993717,347.7814636230469,61384600
2021-10-01,348.40332487128245,350.97796700376824,344.3033180915017,349.9383850097656,56375500
2021-10-04,348.3255826438038,348.6559112896858,340.3587649288273,342.5933532714844,76766000
2021-10-05,343.6523900245953,349.46236180224014,343.42894895803175,347.2180480957031,47232900
2021-10-06,344.0118856238766,349.7149997897603,343.10833686047704,349.4429626464844,56806500
2021-10-07,352.48383820617084,355.29167583028516,351.9494892129102,352.6490173339844,39411200
2021-10-08,353.72742604039263,353.96062183778866,350.35609379081643,350.8904724121094,41822300
2021-10-11,349.35541514023294,352.8725062066949,348.11181282191984,348.19927978515625,34847200
2021-10-12,349.6469736036361,350.0841602596316,346.3436570535441,346.9848937988281,43905100
2021-10-13,349.28740081060675,350.4338405855879,347.2665286701431,349.7634582519531,40120800
2021-10-14,353.34867306981766,356.41882372946355,352.68801561959475,356.205078125,43433900
2021-10-15,357.4194230091557,358.56586286925926,356.3895662331551,358.44927978515625,40419900
2021-10-18,357.1571351895697,362.2675785774531,356.5547693978069,362.0538330078125,34513500
2021-10-19,363.1225161847525,364.8421760222479,362.10238452095024,364.7936096191406,29091000
2021-10-20,365.2502908972937,365.8623818299415,362.84079808380676,364.3175964355469,31390300
2021-10-21,363.52083540407114,366.73671381413243,363.2196525668617,366.5423889160156,25469300
2021-10-22,365.2891022902149,366.2509423706017,361.8011867064768,363.4625549316406,36275800
2021-10-25,364.8811104953325,368.09698969643966,362.93797963545757,367.1837158203125,32597800
2021-10-26,369.41835789977733,371.82782134537075,367.16431884114246,368.33990478515625,47191300
2021-10-27,368.7866927678403,372.2551875273893,368.5243808468804,369.19476318359375,45760500
2021-10-28,371.0893877086592,373.54744679468445,370.32184280003185,373.2948303222656,38007000
2021-10-29,370.2246197351638,375.2961910870078,369.87487050736155,375.1310119628906,37310100
2021-11-01,375.5682866192368,376.53985193637055,373.4891522584772,376.4135437011719,30765300
2021-11-02,375.80152643627787,378.4636360886758,375.752960020834,377.987548828125,25135300
2021-11-03,378.4732740352497,382.41782702389656,377.4337216341692,382.00006103515625,33748900
2021-11-04,383.2630838420163,387.8488731677204,382.719009655053,386.896728515625,40265300
2021-11-05,388.664986564109,389.5879557988873,385.8668737874535,387.26593017578125,43383800
2021-11-08,387.23668808206634,388.2568195219744,386.09994393062084,386.7411804199219,29256300
2021-11-09,387.81003104170816,388.20837639562905,382.71903806443726,384.0792236328125,50490700
2021-11-10,381.31021202374023,384.11802015749754,376.51067735237274,378.43438720703125,54937400
2021-11-11,381.4074443378712,381.58231899764763,379.14368030363386,379.4837341308594,32243000
2021-11-12,380.6301585760676,384.01121677531194,379.0368067694047,383.47686767578125,34730600
2021-11-15,384.65245709370566,384.9730606264677,380.95079532997596,383.389404296875,33716900
2021-11-16,382.66064649183136,386.61492387931935,382.466351246265,386.11944580078125,27872900
2021-11-17,386.44006941150644,388.3540540965329,385.3616462404101,386.323486328125,28703300
2021-11-18,388.3638644982697,390.83161937112976,386.1486964782499,390.326416015625,45721500
2021-11-19,391.9584894088829,393.77531134736444,391.132653168715,392.5025634765625,45191700
2021-11-22,394.03774784218194,397.08844748180036,387.83915645266666,387.9460144042969,61715400
2021-11-23,386.7898566580349,388.8496000494453,381.747459907539,386.17779541015625,70098700
2021-11-24,383.70021458418785,387.70305822703176,381.37818931168243,387.42132568359375,46954400
2021-11-26,384.84671448351963,386.23607538819647,378.6869940757919,380.07635498046875,51533300
2021-11-29,384.6330147582925,389.3353874223647,383.9043407569417,388.324951171875,54447100
2021-11-30,387.4408432168267,389.782319353698,380.6107397432283,382.62188720703125,81332700
2021-12-01,386.95497556634797,389.09243080494053,375.6459723807642,376.1123046875,77766500
2021-12-02,374.82984957942165,380.6009493514841,373.41137266182295,378.822998046875,84416600
2021-12-03,380.1832061761861,381.1839172255173,368.1260775304697,372.2358093261719,105349100
2021-12-06,372.7216064023511,376.57872188749616,368.5147119860262,375.2185363769531,67588800
2021-12-07,381.8543205406165,387.1299131676193,381.8154496254589,386.517822265625,56005300
2021-12-08,386.84819604677244,388.4512729757663,384.9536317171657,388.2472229003906,39204000
2021-12-09,387.02295823215127,388.8203595725798,382.3400073981176,382.5343322753906,49973700
2021-12-10,385.3422284930987,386.9550304656138,382.17491609468055,386.6927185058594,52545800
2021-12-13,386.6830072813978,387.0036107993027,380.73703211440903,381.1062316894531,50166400
2021-12-14,376.28724959080563,378.9979252293101,372.72162134697993,377.16168212890625,75199200
2021-12-15,376.909063672621,386.11951385042335,372.96451072965965,385.760009765625,73858000
2021-12-16,386.7218756836491,387.1493668046247,374.2566757853387,375.84033203125,82591400
2021-12-17,372.4301505475138,378.123539191252,370.9145109003366,373.9652404785156,80492500
2021-12-20,369.24804728232675,371.1255560766206,367.20514837555993,370.33758544921875,65336800
2021-12-21,373.6062015583831,378.9371901124146,369.8609215154893,378.6258850097656,48899500
2021-12-22,378.3340481411925,383.4412804932483,377.67254707587614,383.23699951171875,37042200
2021-12-23,383.58724190976255,387.59519903351975,383.42188146726215,386.12628173828125,29595500
2021-12-27,387.4200560757079,392.5078430175781,387.39087307820034,392.5078430175781,32820700
2021-12-28,393.40282784093364,393.5779258347806,389.8131705286223,390.6886901855469,33113700
2021-12-29,390.82488316984586,392.08951932991863,388.2566606022235,390.63031005859375,32248500
2021-12-30,390.4163744726131,392.59548096846794,388.8793534427921,389.4630432128906,23850100
2021-12-31,388.79175229221005,390.1536751146718,386.534834650593,387.0309753417969,34752900
2022-01-03,388.19835056295585,391.0097750810497,386.08737747126014,390.7568359375,40575900
2022-01-04,391.30155766728365,391.34047822796384,382.5949599614313,385.6884765625,58027200
2022-01-05,384.00546647257966,385.1242172262459,373.5867215610678,373.83966064453125,75739800
2022-01-06,372.02056019679407,376.8164876394273,369.79282568546137,373.5770263671875,70814300
2022-01-07,373.5867354584606,375.26970074436014,367.7596362625609,369.5301208496094,72652300
2022-01-10,364.6272526796805,370.288992287326,359.267080640251,369.77337646484375,91770500
2022-01-11,369.04386509386603,375.4935770350895,366.96207459042114,375.3282165527344,68295700
2022-01-12,377.89620664905857,379.58890925966904,374.54004379540265,376.81640625,54576400
2022-01-13,378.1978779155955,378.8788541706966,366.4561289540999,367.3900146484375,77994000
2022-01-14,364.8703913946755,370.0068064199914,364.6660807383496,369.6760559082031,80121200
2022-01-18,363.8684722871507,365.98918287000924,359.71457043714145,360.4733581542969,75450900
2022-01-19,362.0297088295389,364.5006441218242,356.2512394231758,356.513916015625,81791500
2022-01-20,359.73400638356384,363.7030425438633,351.3484218440726,351.8834533691406,88610700
2022-01-21,349.6946518810321,352.3309484155579,341.84409858774796,342.126220703125,143388900
2022-01-24,336.503361180351,344.35391352228993,325.0631519590181,343.6923828125,198685800
2022-01-25,337.2427637902628,341.4841848912907,332.38844029940157,335.72515869140625,124398400
2022-01-26,343.3130289963466,347.17507067851926,331.51288540493397,335.1998291015625,146559500
2022-01-27,339.8984675125725,341.7176102878764,330.80272394836476,331.8241882324219,95255700
2022-01-28,333.7016857380433,342.44720335065784,328.7598436579798,342.2331848144531,108167900
2022-01-31,343.5951593572345,353.7609662648605,341.96082238980597,353.1772766113281,94326400
2022-02-01,354.51972302915703,356.2318712803387,349.37360008983933,355.580078125,74433000
2022-02-02,359.7048738939835,360.0356244798105,354.3836221433139,358.4693908691406,78777100
2022-02-03,348.78022424897017,352.0877595673493,342.87528317586026,343.9356384277344,95384800
2022-02-04,344.45123232666253,351.5721813751419,342.3986253392621,348.2743835449219,86318300
2022-02-07,348.86774024734893,351.2316520904139,344.2177279914136,345.47265625,58198100
2022-02-08,344.33447295829444,350.44369468405654,343.2060142079704,349.3541564941406,64720900
2022-02-09,353.8679667596408,356.8350135761256,352.2725504590075,356.7572021484375,55766400
2022-02-10,349.74327756855774,356.52373803272644,346.84433406588846,348.68292236328125,112468500
2022-02-11,348.6829650660236,350.2783816942469,336.3964163917307,337.6221618652344,101569100
2022-02-14,337.06753824749495,341.43545733374987,334.53826642159675,338.04034423828125,80254400
2022-02-15,343.3130280418822,346.6789290679671,342.2526728821173,346.4454650878906,55128800
2022-02-16,344.1983399690961,347.3794059544113,341.17289687012845,346.35797119140625,58947100
2022-02-17,343.14764391072606,343.84806555084964,335.63757898128034,336.055908203125,61801400
2022-02-18,336.9898283493977,337.37894492539755,329.9175373534109,332.22308349609375,80001500
2022-02-22,329.2851455895957,334.6842375572723,325.25774354936186,328.88629150390625,85967100
2022-02-23,332.03817840867356,332.8747773875307,320.15048692148855,320.4617919921875,86215400
2022-02-24,310.1694970315348,331.7658045821459,309.60528254944063,331.2307434082031,130614100
2022-02-25,332.02838980919495,336.5714065678288,328.21500718621655,336.3670959472656,78842100
2022-02-28,333.19582386799624,339.0618434116752,332.0381822442066,337.369140625,77515500
2022-03-01,336.3476849169218,338.6143099045402,329.68395767300495,332.2035217285156,67407000
2022-03-02,333.750339065548,339.11051074418504,330.98757301152676,337.77777099609375,70609000
2022-03-03,340.41404313685024,340.5210672491219,331.0945734414268,332.95263671875,71089400
2022-03-04,330.5984076269794,332.0284337216448,325.81221844037054,328.1274719238281,76936300
2022-03-07,328.1178535672142,329.2754954686106,315.82156737304103,316.0258483886719,89933800
2022-03-08,315.2378618637905,324.14877091450364,311.2396423195089,314.5569152832031,116153900
2022-03-09,322.72839753239333,327.2324941605689,320.14072995348494,325.8802795410156,64723400
2022-03-10,321.82372966537287,323.46777439300604,317.8254810506982,322.261474609375,69362700
2022-03-11,325.2285266941595,325.53983175609693,315.0918745614951,315.5782775878906,66228400
2022-03-14,314.3428716623377,317.70877279649835,308.81733958006123,309.51776123046875,79802600
2022-03-15,312.1540286427411,320.0045810582813,310.54890450229607,319.226318359375,76471000
2022-03-16,323.13703491127427,331.18213115897674,319.4695366915689,331.0653991699219,105243000
2022-03-17,329.16836363870743,335.13166920802615,327.8745447127636,335.07330322265625,67810000
2022-03-18,333.41958640270553,342.2235002966636,332.2619446534584,341.931640625,85446300
2022-03-21,341.0979546293715,343.31869390140747,336.5980082004085,340.9810485839844,73799100
2022-03-22,341.4777283646636,348.549041489872,341.09788040409666,347.6821594238281,63345900
2022-03-23,344.80887821456724,348.3640045280012,342.6270782050995,342.6855163574219,70615500
2022-03-24,344.60431889958267,350.3509948884147,342.4517676660401,350.3022766113281,53555300
2022-03-25,350.24388447861514,351.29583081945475,345.7147486803651,350.0101318359375,57584200
2022-03-28,350.00033128092554,355.5229744553533,348.7633507609772,355.4255676269531,56833900
2022-03-29,359.31183941200896,362.1656780545059,356.54565799435034,361.5423278808594,68073000
2022-03-30,359.6820322233208,361.3378593665474,356.0684672576992,357.5489501953125,68757700
2022-03-31,357.6949804858477,358.0456391088496,352.279493961754,353.1171569824219,67011400
2022-04-01,353.38013902507805,354.1593341944505,349.2698205991994,352.4450988769531,54527800
2022-04-04,353.2827619279761,359.71122665164575,353.0197902241706,359.70147705078125,45950200
2022-04-05,358.250252800888,358.9612900813736,350.5750570202456,351.71466064453125,62738700
2022-04-06,346.4062347899626,347.50686952486234,341.448533407247,344.078369140625,90077100
2022-04-07,343.08484310536005,347.0880346472585,339.62712382661994,344.8965148925781,63777400
2022-04-08,343.1627857534905,343.9127618247843,339.4420650231139,340.0751647949219,61956100
2022-04-11,335.8480054578386,336.76357619913693,331.68899816767185,332.0299072265625,66107400
2022-04-12,336.77328177821795,338.6531115701923,329.2539328859317,330.6272888183594,72790200
2022-04-13,330.9681858074025,338.39987787475087,330.2474287909676,337.34796142578125,61367800
2022-04-14,337.4357027348784,337.9519263501664,329.41959743203574,329.6338806152344,73519400
2022-04-18,328.58191656925595,332.1760118780032,327.062465025245,329.8870849609375,58560600
2022-04-19,329.2442411729046,337.8350071673093,328.2215436745014,337.2603454589844,56515700
2022-04-20,338.06872955151954,338.526514901853,331.1240416669341,332.341552734375,65500000
2022-04-21,336.21812360109845,338.8284602340918,324.53976678286665,325.4650573730469,75801000
2022-04-22,325.6208967999029,326.83840786440084,316.51390809257975,316.9424743652344,82562100
2022-04-25,315.31586648054065,321.3254838822718,314.04963725828924,321.0137939453125,101755900
2022-04-26,318.95874781764684,319.14381191685385,308.6244962424448,308.8972473144531,105819600
2022-04-27,308.9945743408159,314.4879988119312,306.81280391367983,308.5270690917969,111204200
2022-04-28,313.4848115156932,321.31585242137135,309.2673357800152,319.4847106933594,99450000
2022-04-29,315.28668087637624,318.7249309741561,304.4751765510485,305.1082763671875,91977900
2022-05-02,304.69921802742374,310.4361452229706,301.60187658563825,310.202392578125,115511800
2022-05-03,310.2218488222658,312.8224657828059,307.76735698291543,310.5335388183594,78185500
2022-05-04,311.0107361696474,321.7053631030934,305.7316253124771,321.0332946777344,116083400
2022-05-05,316.71847764967674,316.79638528062134,301.57262187157147,304.8647766113281,154607400
2022-05-06,302.868107446833,306.90048921029944,297.1798687855756,301.2122802734375,139572800
2022-05-09,295.59231353786646,301.30974260842095,288.03399286876356,289.42681884765625,113387300
2022-05-10,296.5954346788012,297.8129457012923,288.8618022859869,292.9429016113281,124124600
2022-05-11,290.6832567915973,296.18640185676054,283.3879386812416,284.2547912597656,140326100
2022-05-12,279.97891745066676,288.06318079540245,277.5341451872231,283.5827331542969,120910900
2022-05-13,288.0338283220675,295.12460983811354,286.4364399285068,294.0921630859375,83684900
2022-05-16,292.34874379462224,294.40391787849285,289.40724783468886,290.6831970214844,59190400
2022-05-17,296.53695364221903,298.59209768325974,292.7382960219003,298.2122497558594,62715300
2022-05-18,293.70265421999056,294.3941922213198,282.316487716093,283.5729675292969,79477100
2022-05-19,281.77102563484806,286.738476663522,280.10544911695507,282.053466796875,79920700
2022-05-20,285.51120035510417,286.1637695964297,272.9269937542438,281.1768493652344,91764200
2022-05-23,282.2190483107968,286.23195978971927,279.8229949982693,285.85211181640625,63648400
2022-05-24,280.6411741346291,281.3521815700702,274.913997352395,279.7742919921875,73491100
2022-05-25,278.28408246900483,285.76449362585697,278.07954891697494,283.6898498535156,67144500
2022-05-26,282.8911258210658,293.0987490190363,282.60865493867686,291.550048828125,59462200
2022-05-27,294.6766361236019,301.21222696962036,294.5597598213431,301.0661315917969,66985600
2022-05-31,301.0369313919927,303.2381712461334,296.4201090925534,300.2674560546875,60968300
2022-06-01,302.40051240627986,304.5238444499757,295.83570262602854,298.04669189453125,65341700
2022-06-02,296.92664928605205,306.3842683433846,295.5143243477627,306.2089538574219,59291300
2022-06-03,300.997978827493,302.4005540664085,296.9948163878671,298.2415466308594,60914700
2022-06-06,302.67326610201565,304.23168628909286,297.67659568206346,299.2350158691406,51785000
2022-06-07,295.9136101442326,302.59532594620396,294.8227250478429,301.81610107421875,44900300
2022-06-08,301.01746101503045,303.6180780499389,298.7967217470481,299.6441345214844,38342100
2022-06-09,297.959125360913,301.0174984578301,291.4527517501581,291.6183166503906,55900500
2022-06-10,286.0176516344523,287.20594344916174,280.8846364355447,281.3326721191406,85963500
2022-06-13,272.4789956879142,275.00167522673036,267.3946679306064,268.2518005371094,94442000
2022-06-14,270.44328491828765,271.41729371088064,266.2355598004326,268.73876953125,64697500
2022-06-15,272.1576120466617,279.37499269025363,269.42061936810114,275.4497375488281,86051400
2022-06-16,268.42706149435605,268.884846785,262.2810688052266,264.33624267578125,81910300
2022-06-17,265.10576498452855,269.9855596323229,263.47918658486117,267.550537109375,82703400
2022-06-21,272.0268994799265,276.6135532851158,271.9195668371507,274.3006896972656,51633700
2022-06-22,271.8024357299077,278.30180844546015,271.2071624610074,273.9006042480469,67472900
2022-06-23,276.37924669266306,278.82871750635326,273.5491977794671,277.9797058105469,57457800
2022-06-24,280.800004903636,287.92395446562955,280.5658029808013,287.5043029785156,58422300
2022-06-27,288.8607891347618,289.42678703662733,284.2643977545866,285.39642333984375,54151500
2022-06-28,285.9331509640633,288.5192298202316,276.51590467871944,276.7013244628906,61609800
2022-06-29,276.56467064445394,278.4578821751956,274.06641765612926,276.95501708984375,57302700
2022-06-30,273.9785932439517,277.09165604481103,269.12846343854136,273.5199279785156,79313600
2022-07-01,272.2220832289671,275.71572495682835,270.34837814829655,275.32537841796875,56675100
2022-07-05,271.5974828130593,280.15594985091695,270.0751105884705,280.0388488769531,61829300
2022-07-06,280.4194628152482,283.9326410168725,278.7019024096697,281.83447265625,63194700
2022-07-07,282.6444176772337,288.56802247137284,282.6444176772337,287.8653869628906,56620100
2022-07-08,285.0353812475997,289.5927597706103,284.09854359020363,288.2265319824219,59895500
2022-07-11,285.8161060220792,286.040539649993,281.19043841491765,282.0687255859375,55273900
2022-07-12,283.3178239465647,285.2305426707223,277.74552111118555,279.3362121582031,55797100
2022-07-13,273.8322792280034,281.10257652613404,273.2662514366693,278.7604675292969,73939400
2022-07-14,276.16465439918056,280.6244393274366,273.05159050234846,279.75592041015625,63741800
2022-07-15,282.74204373662945,284.9377762264799,281.13181608551673,284.8304138183594,63818100
2022-07-18,287.61177071837295,289.01704233311307,281.24903463829867,282.4200744628906,59519600
2022-07-19,286.0405209277583,291.39812890521887,284.44009126466915,291.1053466796875,55172600
2022-07-20,291.5250357377501,296.9021215280179,290.74431281740146,295.7213134765625,67769400
2022-07-21,296.17994578756554,300.0249201186976,293.5255477180764,299.96636962890625,55049400
2022-07-22,299.0392748591571,301.10813827886636,292.88146674837793,294.70635986328125,57127700
2022-07-25,294.73562410111066,295.2040577901947,291.0272875191682,293.02783203125,40582400
2022-07-26,291.32981093233593,291.5835495722376,286.4601733164211,287.2701416015625,50074100
2022-07-27,291.82742011675487,301.09828826780597,291.2613925414604,299.4100036621094,69304400
2022-07-28,299.1953693285458,302.91347376867895,295.4479896479993,302.33770751953125,55139900
2022-07-29,303.87962702583735,308.7590324776936,302.45481919119555,307.8514404296875,57501000
2022-08-01,306.08512341017763,311.1206738276758,304.9921412634084,307.6660461425781,46358800
2022-08-02,305.3727216247262,310.86690710604597,304.3187533773326,306.7486877441406,48676500
2022-08-03,308.42718156480026,315.92197036204516,308.3686310866716,315.10223388671875,53735700
2022-08-04,315.1803636806415,316.8881558420076,313.0334130508828,316.57586669921875,38973700
2022-08-05,311.4915533925478,316.01962712162236,310.71086026801095,313.98980712890625,53894000
2022-08-08,314.90710902657366,318.59593879727134,311.5110317053239,312.974853515625,43878500
2022-08-09,311.0816452057415,311.3353838525647,307.812466949981,309.4324035644531,39764200
2022-08-10,316.76123163675936,318.36169088012,314.29225373105913,318.06890869140625,51459600
2022-08-11,320.39156870404844,322.3921133408172,315.56094463561175,316.2635803222656,45897700
2022-08-12,318.3129056437859,322.6165450793937,317.25896710802823,322.42138671875,40928400
2022-08-15,321.4747855946209,325.5246864619341,321.4552489111956,325.0269775390625,38266600
2022-08-16,324.05108255008014,326.35417748127685,321.2210332564173,324.2657775878906,41186900
2022-08-17,321.13322746982783,323.43629276250306,318.48856802587005,320.56719970703125,47842200
2022-08-18,320.5183981966612,322.5189425848019,318.90820030114213,321.338134765625,41937200
2022-08-19,318.3031614705781,318.9569851504218,314.31178143869266,315.0729675292969,51770600
2022-08-22,310.81817780266437,311.05237977233116,305.96804680393296,306.77801513671875,51098900
2022-08-23,306.543737855867,309.3542799275079,305.7727835197443,306.52423095703125,39497100
2022-08-24,306.04609597851845,309.22747829484655,305.4410543854446,307.412353515625,38057100
2022-08-25,309.1883468451625,312.86743706970884,308.1441768674814,312.847900390625,38098300
2022-08-26,312.55524449489485,313.75558914966086,299.93710712291096,300.0249328613281,69047700
2022-08-29,297.272980950009,299.81027849209244,295.96530347573946,297.06805419921875,48321900
2022-08-30,298.7172280617715,299.33203795561866,291.24197482667506,293.7597351074219,51184500
2022-08-31,296.6581631331041,297.55598708223823,291.94466929937244,292.052001953125,50044000
2022-09-01,289.56350871500655,292.54970319492196,285.88444683132894,292.1788635253906,57990700
2022-09-02,295.04792447226936,296.42392056621236,286.440644964557,288.0508728027344,64666800
2022-09-06,288.52899865452224,289.44632923624584,283.85452002401945,285.98193359375,57005400
2022-09-07,286.46009841860774,292.75451258967024,286.196591505597,291.7591247558594,49260400
2022-09-08,289.6902922987745,294.5892043917732,288.32406480087906,293.2717590332031,55649800
2022-09-09,295.52605613582205,300.1810279756889,293.27177320994116,299.6833190917969,56125200
2022-09-12,301.0593663354785,303.57712686254604,300.7470771871738,303.2453308105469,45905700
2022-09-13,294.520884533157,295.7114605874526,285.7282166567736,286.61627197265625,79562200
2022-09-14,287.75811085001067,289.76842392232237,285.9917680998876,288.89013671875,54907200
2022-09-15,286.97740905861184,289.37806861756616,282.4785809670192,284.07904052734375,65299400
2022-09-16,280.78056397116666,282.7323265374109,278.73120732030344,282.34197998046875,79920400
2022-09-19,279.7012841612989,284.69698298823397,279.64262846808947,284.5405578613281,52613800
2022-09-20,282.0378693199994,284.5601839494864,279.9750741000764,282.27252197265625,51271100
2022-09-21,283.1132455183981,287.3757485704161,277.0812557791903,277.2181091308594,82931000
2022-09-22,275.6930108460692,276.6999734866087,272.58413937353527,273.8061828613281,62757100
2022-09-23,271.3425593161207,271.63586769229045,265.93623941777963,269.34820556640625,74815200
2022-09-26,268.8789768686887,273.23922100426324,267.44185209694496,268.2337341308594,71176700
2022-09-27,271.5967278751962,273.94304548411566,266.0241974483463,268.3412170410156,69780100
2022-09-28,268.32162792209664,274.95977629745494,266.84541972207256,273.6790771484375,79652100
2022-09-29,269.69033479435024,270.0716267058167,262.82734890338435,265.7895812988281,81216000
2022-09-30,264.9683877032516,269.0353524973825,261.12628967839305,261.28271484375,78482400
2022-10-03,263.05226226362504,269.00605596137075,261.5466959774545,267.4125061035156,61267400
2022-10-04,272.75037177377175,276.5240582865972,272.75037177377175,275.8201599121094,66696900
2022-10-05,272.05623146486425,277.4625511231233,269.2602100468539,275.6734924316406,55766300
2022-10-06,274.67631791285686,277.8243037680566,273.18053757441095,273.503173828125,53489400
2022-10-07,268.8690933592522,268.996190648069,261.75191370090846,263.0815124511719,71354700
2022-10-10,263.2771014291403,263.6681793088625,257.7437134187237,260.4517517089844,60393000
2022-10-11,258.7799963749924,261.6444597639264,255.19206279838772,256.87359619140625,66522500
2022-10-12,257.50902376665675,259.4251797950677,256.0914710787955,256.78558349609375,50580200
2022-10-13,249.45333399672413,264.12764394193346,248.5734536032913,262.8078308105469,112894100
2022-10-14,265.13457472527824,265.73091764377233,254.32193601889864,254.9084930419922,77244300
2022-10-17,260.8721154137595,264.1960683906086,260.77434594840025,263.32598876953125,64576500
2022-10-18,270.34536935380896,271.0101539048648,262.7295853642135,265.4083251953125,69781000
2022-10-19,263.8930174905795,267.5591488670149,262.0746306486932,264.44049072265625,53115400
2022-10-20,263.55082875225395,268.6931983717576,261.9279809158459,263.0913391113281,60605500
2022-10-21,261.986617180999,269.7979106618397,260.85255709108765,269.2602233886719,77897700
2022-10-24,269.52419104231006,273.1512084780125,265.8873877095541,272.22247314453125,63963600
2022-10-25,273.16100158374826,278.2349296698417,271.68476317219097,277.8536376953125,59014500
2022-10-26,272.232134425371,277.62869675092986,271.225171936152,271.7139892578125,63492400
2022-10-27,270.59958454005965,272.05625105959984,266.2490971046528,266.7672424316406,57760300
2022-10-28,266.14155297108766,275.3997564380177,265.97534191478553,274.93048095703125,62651300
2022-10-31,272.6818884119261,273.50309799405767,269.8173960162846,271.73358154296875,47742000
2022-11-01,275.2042553559678,275.76151447216347,268.59543314016713,268.9571533203125,45895900
2022-11-02,268.9277993452256,271.9878014034031,259.6695955048992,259.738037109375,79803100
2022-11-03,257.1278135643522,258.584480295548,254.28289188335145,254.66415405273438,70038900
2022-11-04,259.59134092171047,260.6471732712029,253.2855851672492,258.7603454589844,78313200
2022-11-07,259.80650185570005,262.1430638319726,257.675264711144,261.6053466796875,47333800
2022-11-08,263.12070123011625,266.74771876778345,259.58163742819613,263.5117492675781,63213800
2022-11-09,261.77148675232706,262.5535826079869,257.1472637052419,257.4307861328125,64862100
2022-11-10,269.8370496054912,276.71957861883755,267.7253543962646,276.4263000488281,99256700
2022-11-11,276.2405222408589,282.1845592972137,274.90116716615194,281.5197448730469,66961800
2022-11-14,279.46674235901037,282.74182575860164,278.07851728924834,279.05615234375,55290700
2022-11-15,285.6746934620761,286.70122803572764,279.57426106914244,282.91778564453125,73985400
2022-11-16,280.9625526340498,283.00580631775176,278.2349424781751,279.05615234375,48859800
2022-11-17,274.5980876597836,279.9164237510192,274.4416625000356,278.440185546875,55462100
2022-11-18,281.4512971712553,281.5490367833149,276.00586416945714,278.449951171875,53588600
2022-11-21,277.0617493138327,278.21535143793466,274.7545450656288,275.5855407714844,40083500
2022-11-22,276.31880913961606,279.7111744196331,274.18754186864925,279.5547790527344,41873400
2022-11-23,279.5742690811381,282.9862055245089,279.39830194977225,282.36053466796875,46390000
2022-11-25,280.7669413787728,281.47083963013006,280.0141733212983,280.50299072265625,15498800
2022-11-28,278.52816875015134,280.5420941973852,275.45841076977536,276.38714599609375,38714200
2022-11-29,276.6120032182411,277.0128370816902,272.92633062269323,274.2950134277344,35618900
2022-11-30,274.5589724039487,286.9065055448826,273.70843484346506,286.7989501953125,74718100
2022-12-01,287.1216426006435,289.1355684335283,284.3744904741825,287.1509704589844,51547300
2022-12-02,282.0868144885837,286.88700597383513,281.9108175119256,286.0071105957031,53583200
2022-12-05,283.8856499926698,285.1565635314254,279.7502432906329,281.2069396972656,41482100
2022-12-06,281.05045709162715,281.1873104465043,273.9919327917334,275.3801574707031,53937600
2022-12-07,274.19729521334705,276.2503347220623,272.54508964298054,274.2559509277344,45614300
2022-12-08,275.60506433206405,278.4695274919775,273.532483071853,277.5016784667969,42594900
2022-12-09,276.48491532642936,279.25163871744275,275.2921995910729,275.7321472167969,47860500
2022-12-12,275.90812369116725,279.2516481889468,274.871833080141,279.1929626464844,35732500
2022-12-13,290.0153531873076,290.24021992861685,279.51556513695834,282.19427490234375,80667700
2022-12-14,281.60780109721975,284.8926708096272,276.8565084528268,280.1022644042969,64984400
2022-12-15,276.01566388796755,276.68047833241644,269.5046413384967,270.6973571777344,60554100
2022-12-16,270.0227941935211,271.5576584419353,266.5130583502916,268.11639404296875,68300400
2022-12-19,268.3858829093709,268.47407711477496,263.11360998326035,264.348388671875,44167900
2022-12-20,263.18222187170676,265.8869638627262,261.6044756479317,264.1426086425781,51064200
2022-12-21,265.18133792927495,269.27762774929147,264.3385435697956,267.9742736816406,46394700
2022-12-22,264.96578045041497,265.0931820504398,257.2043613322855,261.41827392578125,60278400
2022-12-23,260.1541178129993,262.67266222528946,258.25296279970826,262.0062561035156,39373600
2022-12-27,261.3986054611623,261.5064182969755,257.76290542316593,258.3018798828125,38009000
2022-12-28,257.9001022699389,260.1540334047987,254.52898498384604,254.89157104492188,47139000
2022-12-29,257.6943196587652,262.0454127740725,256.9985455070873,261.1046447753906,45893600
2022-12-30,258.3410469092992,261.07518597967055,257.037693105269,260.9477844238281,37858300
2023-01-03,263.27044150482857,264.74040491904475,256.88101129736896,259.1839599609375,42335300
2023-01-04,261.300672498505,262.09445023311,257.27295778358507,260.4186706542969,47754900
2023-01-05,258.75277206510526,258.91935117351017,256.0284410273781,256.3420104980469,45396700
2023-01-06,258.0766004567067,264.5346365777936,255.12686409957652,263.4174499511719,54659700
2023-01-09,265.40672993298676,269.7774418403852,264.5149786181728,265.12255859375,45568700
2023-01-10,264.0935243898107,267.47445101402536,263.583948018736,267.36663818359375,35247800
2023-01-11,268.4349015637978,272.1000003561461,267.65090322153156,271.9921875,44077000
2023-01-12,272.55075772684324,274.4911198155303,268.25846062265697,273.4621276855469,60600000
2023-01-13,270.963257800599,275.5887439039788,270.6300696799657,275.34375,44802900
2023-01-17,275.14771295019546,277.1860787569483,273.98153970173576,275.9023132324219,36269700
2023-01-18,277.4408347282873,278.9892126837552,272.1097958051242,272.3155822753906,47754500
2023-01-19,270.6888397747378,271.8256149685803,268.4055099682429,269.6402587890625,44150400
2023-01-20,271.24737024419835,277.3525971911707,270.18898017810113,277.0194091796875,60613600
2023-01-23,277.8622856509869,284.3987060531024,277.0685078199232,283.1737365722656,52799900
2023-01-24,281.5567180138864,283.751853248069,281.03733226985304,282.5954895019531,44875100
2023-01-25,278.08762887043525,282.5857126972859,275.54949598721333,281.9683532714844,50872000
2023-01-26,285.388429890523,287.64236129032844,282.7424844155557,287.4659729003906,51596300
2023-01-27,286.152809973951,292.28746540168373,286.0352177137922,290.3275146484375,56441900
2023-01-30,287.06422753687195,288.485204031386,284.08512343019765,284.4574890136719,49405800
2023-01-31,284.4967357017723,288.8184320155541,284.3889527326783,288.7204284667969,46705100
2023-02-01,288.5145464564292,297.35391334937026,286.4467829160311,294.8941955566406,67562200
2023-02-02,301.41104382361254,307.3986792194791,300.58786806855676,305.4779357910156,83070600
2023-02-03,298.83372911935095,306.13455850213956,298.44174490358915,300.04888916015625,76170800
2023-02-06,297.43235731063703,299.7842924007308,296.16818061095165,297.5107421875,40802300
2023-02-07,297.383319099846,304.8017398705444,296.26616272305125,303.6747741699219,67584000
2023-02-08,302.36162665672765,303.30239469294725,297.58915111170046,298.2751159667969,56720900
2023-02-09,302.6555733935558,302.80256370985006,294.1886022038024,295.6389465332031,49137800
2023-02-10,293.48301263689365,295.5311574183236,291.29765695881196,293.6986083984375,50050100
2023-02-13,295.0999539885517,298.99045695593253,293.92397171731164,298.4024658203125,39636700
2023-02-14,296.8248219904053,301.5580909500732,294.88445954815694,300.6075134277344,64079100
2023-02-15,298.7944917715508,303.0769794600468,298.1085269393555,302.910400390625,43100600
2023-02-16,298.28489155405015,302.25377962239094,297.07951114869655,297.22650146484375,59498600
2023-02-17,295.041200334183,295.8839648215853,292.1306722050672,295.12939453125,58230700
2023-02-21,291.3075128776228,292.7480779905276,288.0050003843626,288.1421813964844,46526700
2023-02-22,288.72037423239385,290.42552201582805,286.70162711443794,288.3577880859375,51389200
2023-02-23,292.0032780111049,292.16007766757474,286.6917980591671,290.8763122558594,69294400
2023-02-24,285.9176346594632,287.1033965295427,284.24185517881966,286.0058288574219,74332000
2023-02-27,289.16127073235486,290.55281867869644,287.4659029797188,288.05389404296875,48995000
2023-02-28,287.4268069031681,290.1903450360639,287.093618816479,287.6816101074219,48243100
2023-03-01,287.38755155531885,288.0441182255839,284.3888296810601,285.3688049316406,58287000
2023-03-02,282.87970005937706,288.53414730120545,282.59549882206886,287.7305603027344,53565900
2023-03-03,289.47491316481114,293.9141999999953,288.96530687757166,293.6789855957031,60511500
2023-03-06,294.9137669416939,297.9124889444724,293.8161993990393,294.0121765136719,56736300
2023-03-07,294.06126431559863,294.9824437058501,289.7983647809635,290.40594482421875,65955800
2023-03-08,290.8272701587182,292.45403280782995,288.975132322113,291.85626220703125,50876300
2023-03-09,292.35609679890285,294.95305596824016,285.98625563400026,286.7996520996094,71456700
2023-03-10,286.9662054618756,288.4557873254567,281.62535706186685,282.77191162109375,98593600
2023-03-13,280.9882946903504,288.5732930286677,279.4791245363173,284.8689880371094,97123600
2023-03-14,288.4165608377867,291.9640670408029,287.57379633938,291.415283203125,73602500
2023-03-15,288.80856358255966,293.2772493516955,287.3679984394516,292.9440612792969,83631500
2023-03-16,292.0326489647935,301.0288153358868,291.2388713383132,300.6662292480469,98198100
2023-03-17,300.57814381337573,302.9594775544409,297.2952192817158,299.245361328125,89923700
2023-03-20,298.6288768996996,300.6310997605843,296.42051907593594,300.3072204589844,56359500
2023-03-21,302.2408893805846,305.04794435693884,300.7293821110493,304.5964660644531,49757000
2023-03-22,304.5276555015175,309.4154987468772,300.28763082839566,300.4544677734375,75791900
2023-03-23,304.1841703718912,308.33586449885354,301.32802358760387,304.0173034667969,74576000
2023-03-24,303.5953103540764,305.23438628802813,301.26917759155515,305.1362609863281,57195200
2023-03-27,305.833089590293,306.9127374035687,302.19176055680384,303.045654296875,50287400
2023-03-28,302.46658984758324,302.49603342767915,299.1294910219015,301.4360046386719,48585900
2023-03-29,305.1263392079897,307.55062645218385,304.3116838035691,306.9322814941406,53274300
2023-03-30,309.4056958218703,310.4657245286793,307.02067616071264,309.8375549316406,58354800
2023-03-31,310.06333534027965,315.2259960757609,309.7590750261057,314.99041748046875,62138100
2023-04-03,312.8703585335609,314.48984514713516,311.54536759921757,314.2248229980469,47126800
2023-04-04,314.66653846035115,315.6774746560139,311.94778474615265,313.16485595703125,45875400
2023-04-05,312.2127972814154,313.15502177624506,308.25738336194655,310.0731506347656,62795700
2023-04-06,308.4242120369294,312.6544425683742,307.0305093772387,312.1636962890625,46916500
2023-04-10,309.238832639675,312.03609210575996,307.45250919646037,311.98699951171875,45134700
2023-04-11,311.9477567831826,312.0066738913755,309.47440639730115,309.9847717285156,40113600
2023-04-12,311.937962530485,312.5268640380153,306.78512675695106,307.2464294433594,62813300
2023-04-13,309.00329632515286,313.7340977577321,307.8255231987492,313.26300048828125,54613800
2023-04-14,311.71219883461987,314.43092227098646,309.768832905649,312.674072265625,56278300
2023-04-17,312.2618850971799,313.29247036616664,310.1909499532342,312.9391174316406,43007000
2023-04-18,315.04929370487713,315.4713582784349,311.76131752372714,312.9587097167969,46746900
2023-04-19,310.55398106680326,313.8714298207421,310.4263822758413,312.8114013671875,38960100
2023-04-20,309.84740610563057,313.3611364890163,309.14073022453687,310.4264831542969,62462100
2023-04-21,310.0634002440222,311.52581496038187,308.28690063671246,310.75042724609375,59002300
2023-04-24,310.52460416943904,311.85941960168043,307.9334495735245,310.1025695800781,44043100
2023-04-25,308.473335566847,309.1407433849651,304.15477386644125,304.2528991699219,57121600
2023-04-26,307.6390646932986,309.1113036974002,305.5779240970005,306.0981140136719,55400500
2023-04-27,309.8571781627747,314.92165284170386,309.21918410864004,314.4211120605469,65430400
2023-04-28,314.18554141895567,316.678540689249,313.056831064611,316.5902099609375,59712600
2023-05-01,316.12889554696204,317.64040228723445,315.14740310962685,316.22705078125,41013400
2023-05-02,316.1583963914901,316.48230572803664,311.7318551123893,313.4691162109375,56519400
2023-05-03,313.83221822361713,316.5018789481338,311.3097753794873,311.4177551269531,59882100
2023-05-04,311.19205535831844,312.3404149311977,309.2879572324431,310.31854248046875,50224500
2023-05-05,312.5758834631541,317.76798660667964,310.35770107103605,316.9140930175781,51806100
2023-05-08,316.45279521060826,318.0428081183412,315.37314757178615,317.69927978515625,36465800
2023-05-09,316.04054822335024,316.9042663152859,315.37314058968013,315.6872253417969,31768800
2023-05-10,318.1213255801761,319.9763606733042,315.6479754087776,319.1224670410156,60446600
2023-05-11,319.67212605397896,320.7026812198648,318.1213510973268,320.1628723144531,44278500
2023-05-12,320.6928702621586,321.1149348281114,316.9632105060504,319.0145263671875,48432800
2023-05-15,319.4856645520145,320.97752251513634,317.96433305634275,320.7419738769531,33375600
2023-05-16,320.0254547559925,322.8128899714254,319.9861866676694,321.1051025390625,40019200
2023-05-17,322.16511784019536,325.5708983222604,320.9873447050186,324.9918212890625,47486100
2023-05-18,325.3844024044097,331.24391418025004,325.36478333622733,331.0279846191406,64213500
2023-05-19,331.24385630953753,331.9505320267274,329.22198438728304,330.2820129394531,61554900
2023-05-22,330.02685483940945,332.40207988096876,330.0170303294707,331.3911437988281,43015900
2023-05-23,329.67354301090694,330.8218725069687,326.8370151983698,327.1903381347656,48216700
2023-05-24,325.2371462045606,326.7486529543009,323.46064727807794,325.511962890625,62891200
2023-05-25,332.86339520970245,334.69878147156203,330.4391074318428,333.4326477050781,66862800
2023-05-26,334.4534083996253,342.7862705013703,334.3552531548107,341.9519958496094,63007000
2023-05-30,346.18217110868756,347.37959301782007,342.079540123524,343.5027160644531,72652200
2023-05-31,341.9225630348241,344.11130225670985,340.0970012254624,341.5495910644531,65105400
2023-06-01,341.2944217437348,346.8201997459397,340.2442175064159,345.4952087402344,50488600
2023-06-02,347.2520899972519,349.2445188924592,345.4952397075679,348.08636474609375,53372100
2023-06-05,347.87036238875686,350.8835514034604,347.3011099461194,348.3316650390625,47266200
2023-06-06,347.7231632246743,349.2346700680704,346.3981423533168,348.2727966308594,41390400
2023-06-07,348.55747375650026,350.5106344564043,341.73608816769587,342.3642578125,69225900
2023-06-08,342.6586610808147,347.0753773858951,342.4329369727751,346.61407470703125,47153900
2023-06-09,348.06668572991623,351.04060676974495,346.4962917589313,347.9390869140625,53196900
2023-06-12,349.59783135014015,353.9163925495602,348.62616331728384,353.8182373046875,44606500
2023-06-13,356.5664308825815,357.3712319959438,353.3667556384782,356.5369873046875,57097800
2023-06-14,356.5467826318429,359.4127540150757,353.74955286754476,359.12811279296875,69525600
2023-06-15,357.86201338240306,364.88950420626855,357.2436981859481,363.407470703125,71138800
2023-06-16,365.82196393469854,365.9495627793965,360.6789517210808,361.12060546875,80932000
2023-06-20,359.6698977267216,361.9992210577164,357.645252046979,360.60357666015625,49204700
2023-06-21,359.46348986847545,359.89594138420165,354.76552112387077,355.68939208984375,53378300
2023-06-22,354.4411428136905,360.04330568608754,354.03817532737975,359.8860778808594,47603000
2023-06-23,355.9940972689347,358.61829053341046,354.6279666884513,356.3184509277344,48922900
2023-06-26,355.78771119695153,358.5789703043157,351.45338769056457,351.5418395996094,52685500
2023-06-27,353.08485397686843,358.31356381466287,352.35756283184793,357.58624267578125,49428100
2023-06-28,355.76802304065137,360.23008989079324,355.689379134913,358.2840881347656,46498000
2023-06-29,357.98923340395874,358.62810268773603,355.9252956971378,357.5666198730469,46151000
2023-06-30,361.242418880044,364.1319675910211,360.92793323331483,363.0803527832031,58712500
2023-07-03,363.7191380479652,364.56436496345026,362.63800944013485,363.93536376953125,19432900
2023-07-05,362.372725830964,365.62592029282894,362.33340387544496,363.92559814453125,34460900
2023-07-06,360.22028225556915,361.59625066873787,358.2644125170553,361.1539611816406,49374700
2023-07-07,360.9279564882664,364.1221830587918,359.7288917758838,359.9549255371094,47133700
2023-07-10,359.67968541300456,360.75097612528987,357.1734584248159,360.07281494140625,48498800
2023-07-11,360.4955145791754,362.3039346865907,358.3627408147586,361.8518371582031,38214100
2023-07-12,365.95022361188575,367.7684815318609,363.9452239058997,366.4219970703125,61975400
2023-07-13,369.59656492256886,373.46895267792223,369.01669355737863,372.64337158203125,46960000
2023-07-14,373.07579318427884,376.289665406279,371.6899868150142,372.5647277832031,55148500
2023-07-17,373.2821706367002,376.9186862565369,372.80058921448597,376.0439453125,40868900
2023-07-18,375.4051399126897,380.48643025096686,373.4787840563649,379.1202697753906,55262000
2023-07-19,380.1817339767386,381.32183065046223,377.70496086028794,379.03179931640625,54093000
2023-07-20,376.0439558023817,377.50840607614344,369.27221176229006,370.29437255859375,71941700
2023-07-21,372.67287372158023,373.40019495574614,368.751355826418,369.1838073730469,60499600
2023-07-24,370.1567901180446,371.10030708517195,367.9159185749525,369.77349853515625,40380100
2023-07-25,370.48111172850344,373.9406936381096,370.46143575568584,372.2796936035156,38894400
2023-07-26,371.2378700393192,372.7317742066789,368.74145110717086,371.0412902832031,47075700
2023-07-27,376.4960604398785,378.10790044992103,368.8692218728485,370.15673828125,63940200
2023-07-28,374.2060793430186,377.92120924637163,373.6950139044031,376.8990783691406,56902900
2023-07-31,377.20373944509765,378.27503021734213,375.77861108178536,377.0956115722656,44019900
2023-08-01,375.7491127916499,376.977661335996,374.15691867719516,376.22088623046875,41060600
2023-08-02,372.7514160215036,372.7514160215036,366.7266099743299,367.9649963378906,72687100
2023-08-03,365.5571385870663,369.4983325592285,365.3900427604383,367.3753967285156,47666400
2023-08-04,369.30168863408903,371.6113658724889,365.1541075912585,365.6553649902344,61702800
2023-08-07,367.4637349337974,368.8495410886664,365.13441203296577,368.7512512207031,37230400
2023-08-08,366.24508962124304,366.2647356007834,362.490637952567,365.6160583496094,44726500
2023-08-09,365.9010914931724,366.05834931171427,360.83947730891896,361.59625244140625,51150900
2023-08-10,364.6036566449591,367.9354640849476,360.7411079335734,362.2644958496094,72035300
2023-08-11,359.7092158009151,361.68473167795355,358.4315371702507,359.9549255371094,48707200
2023-08-14,359.15880428458615,364.1123206320641,358.44135109912753,363.994384765625,42130800
2023-08-15,363.02135465299926,363.8174817408834,359.4634827031511,360.1318359375,45539900
2023-08-16,359.5912915220789,361.12451792586296,356.2201610313143,356.3184509277344,53190500
2023-08-17,357.71403918779725,358.0580388030528,352.0135855407682,352.4263610839844,62604300
2023-08-18,349.1634180415553,353.24219418836685,348.62283855606046,351.9841613769531,61191400
2023-08-21,353.44851063860824,358.33322103619656,352.9865751686361,357.6550598144531,50696500
2023-08-22,360.2596258226832,360.269463810785,356.4560436666771,357.14404296875,44530200
2023-08-23,358.3233759596713,363.86660148965944,358.1071502121783,362.775634765625,51770600
2023-08-24,366.24509019972004,366.3433500914388,354.81466936489005,355.02105712890625,66842500
2023-08-25,355.85649237018794,359.4634943837441,352.42636416855237,357.77301025390625,69960500
2023-08-28,360.6920066314646,361.3996517770629,357.99903788003854,360.4659729003906,40910000
2023-08-29,360.2694025048502,368.6923385554893,359.94507888520656,368.3385009765625,58492400
2023-08-30,368.4466677665844,370.97257104872966,367.44415284860855,370.3926696777344,41731500
2023-08-31,370.471296535716,373.2035874718416,370.402490614343,371.5032653808594,35730700
2023-09-01,373.87194360321496,374.29455716790716,369.6260719928034,371.11016845703125,39801200
2023-09-05,370.30417020396686,372.800589196893,369.380299316676,371.5818786621094,32344200
2023-09-06,370.80550152185896,371.14950117508664,366.30411204087085,368.30908203125,42998700
2023-09-07,363.8567908141635,366.4514999788388,362.8149839509158,365.675048828125,52060700
2023-09-08,365.6259312968317,368.4171903454123,365.22296372375945,366.1861267089844,35800100
2023-09-11,369.21324644388017,371.0118283442909,367.24756874146516,370.5007629394531,39936600
2023-09-12,368.82987689238536,370.4810687428494,366.1074244266524,366.3924560546875,41391000
2023-09-13,366.6284346570997,369.39020987536315,365.4981757945069,367.7881774902344,46300700
2023-09-14,369.53756076360116,371.77843208818126,367.47362322311847,370.79559326171875,48039400
2023-09-15,369.45904912190156,369.86201675155684,363.51285457956664,364.4465637207031,69811200
2023-09-18,363.5074786408104,365.9386058426175,363.2220343841815,364.8263854980469,36903500
2023-09-19,363.5074353230393,364.84601643811385,361.0270773175103,364.04876708984375,37621700
2023-09-20,365.11182382173274,365.46614355197374,358.7239461147386,358.8027038574219,45514200
2023-09-21,355.1215757656396,355.9090030735523,352.0605365859801,352.22784423828125,69734800
2023-09-22,353.9699695629412,356.1058002061891,351.9620676839268,352.27703857421875,51589700
2023-09-25,351.31247308077525,354.0388968388634,350.32821151607146,353.9502868652344,39168000
2023-09-26,351.37156116070526,351.9129230972597,347.65105327925147,348.63531494140625,53657700
2023-09-27,349.78688532316824,351.36170985960024,345.8301345452568,349.4522399902344,56066000
2023-09-28,348.536874378989,354.50152754238655,347.68057155948935,352.3755187988281,56453300
2023-09-29,355.84993269784667,357.23774510147166,351.4010512242257,352.6313781738281,64829600
2023-10-02,352.89711788749423,356.9719447772727,352.2868805785598,355.5743103027344,51625100
2023-10-03,353.1333414353524,355.3282554041325,347.71990315980014,349.3341064453125,60478500
2023-10-04,350.17073233689933,354.9345547909679,349.70812819170675,354.0881042480469,54786700
2023-10-05,354.0782318748588,354.48178270513296,349.5506528835014,353.0447692871094,45897400
2023-10-06,350.0526198848716,360.1511531623578,349.2652226471083,358.960205078125,75049100
2023-10-09,356.5979902725734,361.3322864922869,355.10192335075635,360.79095458984375,45304800
2023-10-10,361.12556647967915,365.436636991541,360.62361350091794,362.7889709472656,46968800
2023-10-11,364.117679517273,365.56454503556677,362.39522199726974,365.3775329589844,38215100
2023-10-12,365.8795378416843,367.85788302935276,361.7161008874376,364.10784912109375,49587900
2023-10-13,364.73784999596586,365.31856077000174,358.13343264064804,359.5310974121094,52469900
2023-10-16,360.8499408644695,364.64920581637176,360.70230764915857,363.5960388183594,44201100
2023-10-17,360.0527212874597,364.0980519457113,357.93656492665207,362.4051208496094,50999100
2023-10-18,359.91497339834217,362.11970989850084,356.3223943198003,357.6511535644531,54280500
2023-10-19,359.06847962452343,360.2594277757286,353.50740747223784,354.3046569824219,72274200
2023-10-20,353.80269287368304,354.37358146539754,348.79280455823215,349.0191955566406,72559700
2023-10-23,347.70028297707074,353.6058529260909,345.59394861069154,350.0723571777344,60665200
2023-10-24,351.88334538295214,354.2455670218574,350.1904143682358,353.47784423828125,47082100
2023-10-25,351.08609066287613,351.2632505247359,344.24546119183015,344.826171875,71190500
2023-10-26,343.62540266266313,344.56046319125295,336.9619624891379,338.2513427734375,78621400
2023-10-27,340.9777343824353,343.34980841162735,338.664713645482,339.8753662109375,63476700
2023-10-30,342.3556685770316,345.0230389019717,340.99741292148934,343.7041320800781,55298500
2023-10-31,343.7336660603702,345.72186354405744,341.1647278392773,345.34783935546875,47671900
2023-11-01,346.1845194223992,351.9030773823857,346.0860872469054,351.342041015625,58992700
2023-11-02,355.84997109811536,357.95627544374383,354.6294662070536,357.7200622558594,58162400
2023-11-03,359.009384875461,363.21217069923983,358.7829939153068,361.92279052734375,53280500
2023-11-06,362.6905309181117,363.96023673494824,361.1354108770652,363.3992004394531,38848700
2023-11-07,364.44251116996185,367.7004144783928,363.24171088450566,366.83428955078125,50777400
2023-11-08,367.20830712864307,367.90715449646547,364.7870319858255,367.0705261230469,35663400
2023-11-09,367.75945651366055,368.90117334397553,363.75350526946727,364.2456359863281,53859400
2023-11-10,365.96814763286875,372.5823866474113,365.43663796959595,372.43475341796875,58309800
2023-11-13,370.8600033394137,372.3265437751061,369.3343795628028,371.27337646484375,40733500
2023-11-14,377.6710039696422,380.1808890311,377.14934653163624,379.2655029296875,67792600
2023-11-15,381.155284969226,381.6474157438796,378.19264809388204,379.5509338378906,54141400
2023-11-16,378.7831865533611,380.1119455665151,377.52333305315267,379.875732421875,45343500
2023-11-17,379.14743197399827,380.978174311578,378.2419280525446,379.9643859863281,46571900
2023-11-20,379.9741733069402,385.2498310279321,379.9741733069402,384.5903625488281,44429600
2023-11-21,382.88755818006416,383.10409690163175,380.61391662224213,382.3560485839844,43337000
2023-11-22,384.42309513393565,386.8837493567701,382.9171759510523,383.9211120605469,44121000
2023-11-24,383.51751122375975,384.1080741677964,382.3856164361023,383.3797302246094,15718800
2023-11-27,382.8876195179838,384.9939237494987,382.16909772738626,383.04510498046875,34139700
2023-11-28,382.2970268974436,384.62972193238,381.9426771250106,384.04901123046875,35491100
2023-11-29,386.5097273149748,387.9369187872778,383.3305512275053,383.675048828125,38811700
2023-11-30,383.9407456818497,384.40334982807576,379.7478117570499,382.7104187011719,52834400
2023-12-01,381.6474431647872,384.3935414950963,379.99389085209225,383.802978515625,40490100
2023-12-04,380.01350772989355,380.5154906920267,376.6374980933456,380.2398986816406,51186900
2023-12-05,378.34028879793397,382.38558910649584,378.1630989012916,381.19464111328125,42933000
2023-12-06,384.1277451859132,384.2261773485947,378.64543116817373,378.9898986816406,41994100
2023-12-07,381.96240485355264,385.1120239390845,380.86985886236414,384.2852478027344,49593500
2023-12-08,382.552918112793,386.44073289033656,382.36590603082794,385.9978332519531,46687500
2023-12-11,385.5745976420608,389.56087481431933,385.3679111336152,389.29510498046875,41198000
2023-12-12,389.3345300600356,392.5137059555065,388.20263518688597,392.3955993652344,39221200
2023-12-13,393.33061967890825,397.9960100971529,392.56289682480116,397.3857727050781,55408100
2023-12-14,398.60629321740066,399.90549576506845,394.039304750529,397.04132080078125,55447800
2023-12-15,397.818824291693,400.14169715869406,397.2184391667707,398.9605712890625,62896600
2023-12-18,399.3530667480488,402.37092028167035,399.0276249383445,401.47344970703125,46610000
2023-12-19,401.9272183922163,403.64324484426675,401.7398327339718,403.52490234375,35711900
2023-12-20,402.7260644342573,404.81686222390726,397.3511117357138,397.52862548828125,54042400
2023-12-21,401.4537785755834,402.5189211694134,398.8994528678763,402.15399169921875,45568900
2023-12-22,403.36707150520004,404.32371344102273,400.8817888923147,402.755615234375,34314000
2023-12-26,403.61363564115584,405.8918189348546,403.5150068640605,405.22119140625,22722500
2023-12-27,405.5033831511548,406.3322463869044,404.644888619348,406.04608154296875,31980500
2023-12-28,407.20059203535254,407.4472786001535,405.493510166212,405.8487243652344,27029200
2023-12-29,405.82902936827423,406.1842737058646,402.1780559022972,404.09234619140625,42662100
2024-01-02,400.46110631543075,400.7077928852175,394.93532112958644,397.2541809082031,58026900
2024-01-03,394.6294287174648,395.6852544540013,392.61648800716534,393.0506286621094,47002800
2024-01-04,391.1857150566472,394.29395995431605,390.8107466354673,391.02783203125,39432800
2024-01-05,391.19562630582584,394.26439318675887,390.10032213186327,391.49163818359375,44922800
2024-01-08,392.7151405016946,399.86905099818864,392.5671345830091,399.5829162597656,42473800
2024-01-09,396.58324247290847,401.29988897993053,396.3858811510308,400.3723449707031,39132900
2024-01-10,400.68809010616457,404.09234688237234,399.8000244303325,403.08587646484375,33962800
2024-01-11,404.3587923820562,405.75010833943963,398.88233210983117,403.92462158203125,54536200
2024-01-12,404.9606075240667,405.7993477609042,402.7404287217274,404.1317443847656,39595000
2024-01-16,402.89839156386364,405.67114634191273,401.4379961548512,404.09234619140625,43903000
2024-01-17,400.78679371902757,402.18795672683933,397.5798679575851,401.81298828125,54386000
2024-01-18,405.0790624458076,408.0985035821571,403.7371019910327,407.5163269042969,59562500
2024-01-19,409.71683927383793,415.7557223922179,409.1346625144501,415.59783935546875,70325100
2024-01-22,417.79829066520676,419.1008031211105,415.53863301091906,416.14056396484375,44880600
2024-01-23,416.8312383898438,418.08442548159593,414.99590469924146,417.8673400878906,33003800
2024-01-24,421.77483440398146,424.1528965640352,419.6927840841391,420.1861572265625,46948000
2024-01-25,422.68261931824196,423.3536296702719,418.36069593474804,420.69927978515625,44367200
2024-01-26,418.81458709390614,420.5611171421055,417.54167598048286,418.19293212890625,37137000
2024-01-29,418.6468225465606,422.67276412816915,417.99556640503255,422.47540283203125,38694700
2024-01-30,421.43936949466547,422.0116691243493,418.7554182347818,419.6632080078125,36739000
2024-01-31,415.2721839553905,417.2654006290457,411.2659964098067,411.443603515625,64010600
2024-02-01,413.2395011756799,416.7819168628328,412.2724789381055,416.2885437011719,51008600
2024-02-02,418.18309593751326,424.53774491430374,417.18650258936236,423.3240661621094,59602400
2024-02-05,423.3832928537203,423.91611423807007,419.367227704789,422.7715148925781,39889200
2024-02-06,423.9160376085168,424.5179684735846,419.5842372747902,421.9228210449219,35846100
2024-02-07,424.70551086208974,427.0934202261627,423.4029984199902,426.2645568847656,37712700
2024-02-08,426.38291421422974,427.8137083440557,425.7020869952788,427.0539245605469,29889900
2024-02-09,428.1886798363185,432.0468613748132,427.39929486367424,431.2574462890625,36943900
2024-02-12,431.14892949261775,433.31978339162515,428.88927204043836,429.57012939453125,33203300
2024-02-13,421.61699064734256,425.5540990543251,419.692823167463,422.8701477050781,64491700
2024-02-14,425.5442569952469,427.90256520413857,423.19579577332206,427.478271484375,45092700
2024-02-15,428.1689524677369,429.2149010993665,425.6132531423956,428.7511291503906,38796100
2024-02-16,429.1260933343297,429.2247438693549,424.15288377696066,424.86334228515625,53716500
2024-02-20,422.8700811679179,424.3798016822506,417.8870247947105,421.6564025878906,53999500
2024-02-21,418.92310656439344,420.05788883742673,416.0418243903044,419.96905517578125,49779000
2024-02-22,428.73140828484816,433.30004866411934,427.9617473429976,432.26397705078125,53887800
2024-02-23,433.82301548242646,434.75055943637386,430.01418912468716,430.9910583496094,39853900
2024-02-26,431.80017024641353,432.7869165083509,430.576584404699,430.7640686035156,33043200
2024-02-27,431.8692503640229,432.184986282359,429.26422577428366,431.8001708984375,33713200
2024-02-28,429.65889008544724,430.8824758487822,428.5438620627868,429.5010070800781,32938800
2024-02-29,432.4218567885407,434.25719051548447,429.25437937497003,433.181640625,42495200
2024-03-01,434.0696969951267,440.66115513774344,434.01049462540504,439.7040100097656,43853000
2024-03-04,439.7040243935232,440.1283482078863,437.88841473208,438.1351013183594,34325700
2024-03-05,435.0959254018696,435.1058025012789,427.9025362866196,430.2707214355469,57917100
2024-03-06,434.48414693490355,436.13199642628683,431.09961428378455,432.97442626953125,46234500
2024-03-07,436.556272243528,440.79926890872684,435.01692044917235,439.5461120605469,44526700
2024-03-08,439.9013398799173,442.69384860902386,432.5303442452579,433.2013244628906,72096000
2024-03-11,431.7113612748173,432.8461134391734,429.66878931111285,431.59295654296875,45860000
2024-03-12,433.9019708917608,438.13509093051266,430.67529114733907,437.7798767089844,55300900
2024-03-13,436.78325473745014,436.8030089363392,433.30004141473387,434.4150695800781,37928700
2024-03-14,435.64846988201316,436.1714441905976,430.6062109929357,433.31976318359375,52195200
2024-03-15,430.2904743925129,433.0533520394362,427.0045922881317,428.1689758300781,73069800
2024-03-18,433.4876578345993,435.77005339953286,432.015441232783,432.2525939941406,47323800
2024-03-19,430.2468751531262,433.73469442402046,428.15218143620706,433.32958984375,43004100
2024-03-20,434.5250931534227,438.80334096798737,432.8256441272629,438.4674072265625,43653500
2024-03-21,443.51637126483735,443.97086631640985,440.34473575766197,440.5423278808594,39345700
2024-03-22,440.0285427517674,442.1429563269523,439.17880316614946,441.0462341308594,28253900
2024-03-25,438.2500236979711,440.9276637079466,437.2521126584658,439.4455871582031,27789200
2024-03-26,440.967169447926,441.8860798362607,437.79553403539165,438.0227966308594,34142000
2024-03-27,441.10545662114936,441.20426774406604,436.6493373080218,439.5146789550781,41359200
2024-03-28,439.4653172142628,440.31505674341986,438.3488147734117,438.70452880859375,36839600
2024-04-01,439.65311198392817,442.1825204613971,437.7264002216161,439.63336181640625,38729000
2024-04-02,434.8215114618378,436.15538646711934,432.79601878365486,435.8392028808594,44259700
2024-04-03,433.71488798828096,438.694673809478,433.70502798159896,436.8173828125,39949800
2024-04-04,440.9967622085378,441.6093791189941,429.9108294700598,430.1380920410156,57267700
2024-04-05,431.5609373498813,437.8745980464935,430.7507282504202,435.20684814453125,54744600
2024-04-08,436.1356461390755,437.2126182357003,433.9520616185032,435.3353271484375,28144900
2024-04-09,437.66708927505294,437.94374236584986,432.21305827665964,436.9458312988281,39443600
2024-04-10,431.7783023964343,433.99152706641837,431.0669044449502,433.1319274902344,61502200
2024-04-11,434.9993827274123,440.99682993017785,432.7268471276374,440.0483093261719,45474600
2024-04-12,435.82931285671975,436.9556753449203,431.65973632798597,433.0331115722656,53665000
2024-04-15,436.7778950777009,436.8668160640957,425.0694827555355,425.9093322753906,63453600
2024-04-16,425.75116924302756,428.57701077839033,424.5655261365261,425.94879150390625,47619000
2024-04-17,427.92490809219123,427.94465825778315,419.82287756668256,420.75164794921875,56880500
2024-04-18,421.3938920422411,423.12298141821606,417.77762150042236,418.3507080078125,46549400
2024-04-19,417.17495850837054,417.69862441269396,408.134296500219,409.6954040527344,75231000
2024-04-22,412.3236154173701,416.147368473136,408.993887927526,413.8155822753906,47807700
2024-04-23,415.7422677634582,421.1864391995663,413.86497662605376,419.99090576171875,44384700
2024-04-24,423.0834744692618,424.59519137964264,419.1312702431236,421.4136657714844,48440300
2024-04-25,414.230497882568,420.23786493944755,413.1436658883996,419.3782653808594,57392200
2024-04-26,422.5103887021801,427.381473182625,421.81877105316397,425.8500061035156,41874900
2024-04-29,427.9545963388399,428.57707338332096,424.84224126936255,427.5791320800781,30022200
2024-04-30,425.9981832015452,427.39133873179975,419.4375402321003,419.5165710449219,43665900
2024-05-01,418.0938044365129,425.00030192305,415.6335669199923,416.4832763671875,52251700
2024-05-02,420.2181234298724,422.6981413555137,415.60394164929187,421.79901123046875,36559000
2024-05-03,429.24896859531367,431.2646014995406,427.45070816264973,430.27655029296875,48515300
2024-05-06,432.074678486083,435.0783618871992,431.3039999331629,434.98944091796875,30227200
2024-05-07,435.43408847265937,436.68890238965724,434.32744602239535,435.0586242675781,30996100
2024-05-08,432.44030104834115,436.20477300365775,432.32170959807235,434.8017272949219,24896700
2024-05-09,435.068517003567,436.3233611678897,433.22086631601803,435.7502746582031,24580100
2024-05-10,437.2521379272072,439.0009775019168,435.23650526025403,436.7778625488281,27116600
2024-05-13,438.6848051824084,438.78361632455744,436.3727691901708,437.7856750488281,22994200
2024-05-14,437.3607565194814,441.1351184674474,437.1730244226559,440.6015625,34478300
2024-05-15,443.0717828278273,447.7353855974094,441.56006573053315,447.4883728027344,41464700
2024-05-16,447.300603706104,449.25695573333155,446.41136374933757,446.579345703125,34780400
2024-05-17,446.70776275246817,447.31048959544074,444.1684943734974,446.3619689941406,35803700
2024-05-20,446.57935219702347,450.13631207581267,446.3916200736185,449.4743347167969,24474200
2024-05-21,447.6266677481299,450.5414003294952,447.4290454718327,450.3536682128906,23167700
2024-05-22,450.6105638917276,451.3614923460644,447.6661608786562,450.2647399902344,25120000
2024-05-23,455.04694507409687,455.0765854024799,446.4509181608015,448.2392883300781,40899200
2024-05-24,449.8498077178615,453.74273158486886,448.1503585670211,452.47802734375,29669500
2024-05-28,453.69332183491565,454.24662806913835,451.23308410942803,454.1873474121094,26216800
2024-05-29,450.0374719321695,452.76447213726425,449.8991303213493,450.9859924316406,29739200
2024-05-30,450.0572940426685,450.195635675604,444.8304950718889,446.15447998046875,30536800
2024-05-31,446.3817152995183,447.07336311604297,437.76590868384545,445.3244934082031,55941300
2024-06-03,449.1383414785647,450.136252464962,442.54802817081566,447.7155456542969,32997500
2024-06-04,447.458658340774,450.13626814861834,445.7394592236012,448.94073486328125,23767400
2024-06-05,452.50763121803925,458.07033330703183,448.98028172906453,457.9913024902344,33817400
2024-06-06,458.6731014527762,458.98928505430365,456.6673588445365,457.833251953125,21966800
2024-06-07,457.46763107031757,460.17488126832046,456.32148824669326,457.4281005859375,25829700
2024-06-10,456.30183463587343,459.6315625175133,456.0152913311027,459.2758483886719,20660800
2024-06-11,458.0012236295698,462.5462648024494,456.5092567926191,462.42767333984375,22053300
2024-06-12,466.3502419815798,470.80636221517653,465.658624284143,468.48443603515625,34532600
2024-06-13,472.01173265680745,472.6737401049363,468.7511763645749,471.023681640625,25859000
2024-06-14,470.8260932107854,473.5333736936647,470.36170799369097,473.4642028808594,23372600
2024-06-17,473.7309160310512,481.04248727720847,472.42671164925935,479.2640075683594,37054500
2024-06-18,479.21463933122305,480.09398906770866,477.65350181941676,479.4122314453125,24438600
2024-06-20,480.6078143162827,481.0227788796813,473.8890489544044,475.7169494628906,33918700
2024-06-21,475.4403240994677,476.77419915118367,472.9504461150781,474.4423828125,37456800
2024-06-24,473.2172197227776,474.9490574140219,468.9024843141438,469.041015625,37751000
2024-06-25,471.129109923321,474.7016290052878,470.1889574276186,474.4047546386719,29014700
2024-06-26,473.58337252856364,475.92880093044886,473.1677483971883,475.3844909667969,22737100
2024-06-27,475.1371068150206,478.0861899873957,474.3256098735084,476.61163330078125,26222100
2024-06-28,477.4033117975724,482.1436072423702,473.49429478929665,474.1375427246094,34881600
2024-07-01,475.05793318372764,477.4824878396145,471.3171649653183,476.9184265136719,24898300
2024-07-02,475.4241127289852,481.9853087173538,475.2954570898636,481.9259338378906,26723600
2024-07-03,481.17377316359585,486.0724117323164,481.17377316359585,485.9437561035156,18064900
2024-07-05,486.7849168172166,491.44602546018973,486.4880122572662,491.0105895996094,28495900
2024-07-08,491.376753741408,492.73253034096933,490.35744482196145,492.1783447265625,22109400
2024-07-09,493.69247152313164,494.8107486472105,491.08976215311105,492.6038818359375,25614500
2024-07-10,494.5237508797434,498.29420637540426,493.2174734535237,497.7400207519531,28046900
2024-07-11,497.84889132768484,498.05670338480786,485.6369657380776,486.8244934082031,49966600
2024-07-12,487.3984860685638,494.43468031357077,486.9333627636992,489.68450927734375,37109400
2024-07-15,491.4559193387255,495.8102781057871,488.9620840273778,491.0007019042969,31151400
2024-07-16,492.4554349867678,493.2669318468274,488.03182577264374,491.188720703125,25950600
2024-07-17,483.21237345638946,483.72696575198995,476.70067742779014,476.7699279785156,56268800
2024-07-18,480.49093325016867,480.6690578747681,471.32702835165105,474.51361083984375,49347400
2024-07-19,474.17716317121153,476.69081038315727,469.0212433135794,470.3077392578125,42042900
2024-07-22,476.1663054051844,478.3335790011108,472.75209900040915,477.31427001953125,40300000
2024-07-23,476.41370644097475,479.40235260218805,475.1568979647483,475.63189697265625,23282500
2024-07-24,468.90242012051243,469.2685752072546,457.7098044757432,458.5707702636719,58818600
2024-07-25,458.9073044861217,463.08350861797516,450.9012698036603,453.51385498046875,59256800
2024-07-26,457.848383450134,461.0943407799324,454.9982686823399,458.1650695800781,39992100
2024-07-29,460.8766312425985,463.05381067459047,456.8290828356766,459.0854187011719,28218500
2024-07-30,461.01524494912616,461.71786785410876,449.43665973315063,452.7815856933594,41317200
2024-07-31,463.01422923671885,467.88318054552457,461.56939023161044,466.1810302734375,44552100
2024-08-01,466.8638300127631,470.6144736045948,451.2476045693235,454.889404296875,56653900
2024-08-02,446.21045588905764,448.86263428021607,439.85707252429887,444.0926513671875,66323200
2024-08-05,420.3021625718776,437.69972643798087,419.05525994795903,430.8515319824219,87483500
2024-08-06,432.6922358150409,442.4301081222253,430.04993302092026,434.9683532714844,63164400
2024-08-07,441.85608592677744,444.3400455113918,429.8618783945526,430.2577209472656,54929200
2024-08-08,436.48251202336974,444.3302042707087,432.61308784093444,443.4197692871094,47890100
2024-08-09,442.10351876153544,447.36831262214395,440.985241585035,445.7354431152344,33574000
2024-08-12,446.7052794147843,449.65433226208825,443.8947276771572,446.69537353515625,27795000
2024-08-13,451.08929276754145,458.0463309110078,450.9507312570199,457.77911376953125,40084500
2024-08-14,458.69948537304487,460.2828556615313,453.6425036465701,457.9275817871094,34733700
2024-08-15,463.89495485813296,469.89205835527173,463.51889387962433,469.4962158203125,38280600
2024-08-16,467.71489267478665,471.46556648913753,466.75495864422777,470.0998840332031,38383600
2024-08-19,470.23847926625564,476.31473980211405,468.4571423782289,476.275146484375,23737700
2024-08-20,475.36472760047764,477.9278438448903,473.5833906524261,475.2756652832031,29209300
2024-08-21,476.0574073595781,479.34295796614543,474.3453815043976,477.49237060546875,25658800
2024-08-22,479.8080927390778,480.50083988140653,468.89256861321644,469.9217834472656,37739600
2024-08-23,474.2662190268282,477.72989443042314,470.3473261692852,475.0183410644531,36061500
2024-08-26,474.47406807156517,475.39440887231615,468.3284964516656,470.4067077636719,27452600
2024-08-27,468.77377514358506,472.8806980164579,466.81431385011683,471.8119201660156,27510000
2024-08-28,471.346801146548,472.0692054646564,463.0339871430499,466.45806884765625,37372400
2024-08-29,468.3680414193151,472.96977514887374,464.4986179028176,465.7752380371094,41081500
2024-08-30,470.1098112366977,471.9504927515124,465.626826998042,471.3270263671875,33466500
2024-09-03,468.28892418329235,468.41754961460447,454.6420347086688,457.0171203613281,44985200
2024-09-04,453.9096909499647,459.62970181353774,452.9794443561613,455.82952880859375,32505100
2024-09-05,454.20660310052904,460.53026908790207,453.18729411410754,456.255126953125,34452400
2024-09-06,455.55247378914544,456.43325146305574,443.53848390385747,444.0332946777344,50624400
2024-09-09,448.3579744751556,450.73306035335935,445.1516100496232,449.7434387207031,32981200
2024-09-10,451.50488306344096,454.40449687986967,447.53652156460316,453.8997802734375,29680300
2024-09-11,455.13684408962206,464.4986553607296,446.5964054047374,463.7564392089844,57843000
2024-09-12,463.7861380430132,469.12021274769836,462.004831315396,468.3087158203125,40067800
2024-09-13,467.57640460415297,471.5843598337803,467.3487807735019,470.4067077636719,29111800
2024-09-16,468.2790222139315,468.94205173790556,465.0132831893614,468.3284912109375,22585600
2024-09-17,471.3468249743636,472.6432267020708,466.08203143235426,468.57586669921875,30084400
2024-09-18,469.7733253245315,473.8604366394035,465.9434648552166,466.5471496582031,39909200
2024-09-19,477.60122868202563,481.18368396372693,475.50323588556273,478.34344482421875,52782500
2024-09-20,477.4824523914932,478.670010233335,473.33593602484865,477.4329833984375,34577700
2024-09-23,478.60935989339436,479.7886668451641,477.271487358506,478.69854736328125,24843000
2024-09-24,480.10574366251944,481.9589315670274,475.85432326157445,481.007568359375,25952600
2024-09-25,480.3832116885974,483.40581684032236,480.2048367630411,481.4535217285156,26549900
2024-09-26,488.93568125355074,489.2627322137733,481.4337116875212,485.07073974609375,32020200
2024-09-27,486.09141730968315,486.23017351539795,481.19581529488914,482.3751220703125,22851100
2024-09-30,481.4139231192811,484.0202901406472,478.5796426391889,483.683349609375,30281100
2024-10-01,483.31665887950265,483.61395044024334,473.109215140219,476.9444274902344,42735400
2024-10-02,476.0426111384499,479.53099347672526,473.42635462803594,477.61834716796875,23744000
2024-10-03,475.4281875265743,480.1949538329901,474.6849283697324,477.2615661621094,25337200
2024-10-04,483.06886937334593,483.49499732601123,478.054350472024,482.9400329589844,30686600
2024-10-07,481.0274062437878,482.19679333270193,476.5480119306122,477.7669677734375,24975100
2024-10-08,480.3039411365778,485.5860224668313,479.5012237331116,484.9022216796875,28272000
2024-10-09,484.6049871224668,489.29248592230044,483.5644363639998,488.7176818847656,24995000
2024-10-10,486.4383376827158,490.0257969581118,485.13019433844016,488.1626892089844,25750400
2024-10-11,486.32933403584406,489.9465528845827,485.7644800473663,488.92578125,20644500
2024-10-14,491.3140416541778,494.3465361602604,490.80864606535613,493.02850341796875,26060100
2024-10-15,493.355600435728,494.019591930527,484.28784466660454,486.4383544921875,34784500
2024-10-16,486.76533460642946,487.2707604745814,483.18779530560226,486.4977722167969,22996800
2024-10-17,491.97810309485703,492.0276416079537,486.7752890014201,486.8347473144531,27210700
2024-10-18,489.61949922818457,491.11593737118017,488.86632025661703,490.02581787109375,25335000
2024-10-21,488.8167753413639,491.7700026314171,486.8942092236496,490.96728515625,30336500
2024-10-22,488.30143046324906,492.9790090488197,487.54825154691343,491.50238037109375,26685800
2024-10-23,489.1537078148346,489.80777949555636,480.6904551648371,483.970703125,39346600
2024-10-24,487.68697675640317,488.56899209054706,485.0409912405532,487.8951110839844,22024900
2024-10-25,490.68981963359516,495.783606868468,489.98617916142297,490.8681945800781,38762100
2024-10-28,493.97994371032735,494.03940202418397,490.65015716118575,490.94744873046875,20477800
2024-10-29,491.2645761995589,496.8439798063239,489.41138819730327,495.6646728515625,28014100
2024-10-30,494.9015658306743,495.85292901449105,491.43302334965017,491.9186096191406,29756000
2024-10-31,487.954583939498,488.00412245137545,479.40214395365643,479.5012512207031,41245200
2024-11-01,481.1364259666195,486.33924004761803,480.8391344021652,483.049072265625,33655800
2024-11-04,482.44450202328807,484.98149049696445,479.89759375108315,481.64178466796875,23291600
2024-11-05,483.2274099331328,488.450063211135,483.13822247067543,487.78607177734375,24353600
2024-11-06,496.0610489877298,501.8584762261197,495.10968577343385,501.0359191894531,43082200
2024-11-07,503.83059051968576,509.7073157816337,503.77113220784673,508.92437744140625,32853100
2024-11-08,508.42889322268616,510.29200105591366,507.8045506782223,509.51904296875,22924500
2024-11-11,510.7379273428509,510.94606166969805,506.3279414175583,509.2217102050781,24167500
2024-11-12,509.15236530324336,510.0343202052163,505.2477445114932,508.300048828125,25835300
2024-11-13,507.7946721174008,510.3514400261562,505.36668014613633,507.64599609375,24567400
2024-11-14,507.30904134011206,508.1811066415075,503.2062364575977,504.11798095703125,28679500
2024-11-15,498.41964553643646,498.80612454252906,490.04558089937717,492.1069030761719,51461100
2024-11-18,493.6529120920853,497.6268806924794,492.265501060555,495.5259094238281,27080800
2024-11-19,492.94930559999926,499.42061410574536,492.6123348353257,498.93499755859375,24523000
2024-11-20,498.63769372570533,498.9548248827178,492.0970072679585,498.6476135253906,29565500
2024-11-21,501.6900305990874,502.40356062716495,493.0880515474197,500.4413757324219,34526700
2024-11-22,499.88639768637404,501.97741895532835,498.2611231276005,501.24407958984375,23826600
2024-11-25,505.3171131868859,506.8532002381663,499.727820122481,502.036865234375,26375200
2024-11-26,503.5134050919411,505.55491780378014,502.671069017246,504.73236083984375,26557100
2024-11-27,503.6026837920866,503.6720316612962,497.41874708868886,500.7584533691406,24957400
2024-11-29,501.38281512252433,505.7531827283563,500.7683923728992,505.1585693359375,15334000
2024-12-02,506.4170995466131,511.6199130371729,506.0305903133928,510.6585998535156,25147200
2024-12-03,509.33074852467934,512.5019997630951,508.755944494111,512.2244873046875,18597900
2024-12-04,515.6434288103802,518.8146796626284,514.9298686374995,518.5570068359375,26086200
2024-12-05,518.6066356126173,519.330055223799,516.7336078801881,517.1201171875,18169600
2024-12-06,517.7840589262187,521.9859411713386,517.6552224953138,521.7481079101562,23762600
2024-12-09,520.8264281316256,521.6192257616104,516.5353285463648,517.6849365234375,20674400
2024-12-10,518.9138358600111,520.6580271192222,514.4938993957188,515.9209594726562,24350000
2024-12-11,520.2814024633593,525.8409663614733,519.8751140774373,525.1571655273438,32168600
2024-12-12,522.9372703487448,524.2057949010591,521.2922168369533,521.7678833007812,23577500
2024-12-13,525.6922796121901,528.3778835858818,522.560647627192,525.7616577148438,28780400
2024-12-16,528.2887896903175,534.3042408794819,528.2094917796982,533.3330078125,31979900
2024-12-17,531.5393394651472,532.6492683954417,529.3294014053522,530.984375,28579100
2024-12-18,530.3401626443599,532.0545942641155,510.38116393926435,511.8280029296875,54703200
2024-12-19,516.5055998486908,517.0704840052069,509.2117652949213,509.5486755371094,46441800
2024-12-20,505.852260942774,520.1030209685301,504.71260298135905,513.9983520507812,60530000
2024-12-23,515.7106302984251,519.3833002478667,512.3159202923702,519.006103515625,29672800
2024-12-24,520.9516666586724,526.1330632045123,520.3163815436208,526.0437622070312,17558200
2024-12-26,524.4158916610216,527.3142968325767,522.4207352238725,525.6864013671875,19090500
2024-12-27,522.1229428744699,522.5596938208661,514.0331448619471,518.6984252929688,33839600
2024-12-30,511.70047635181544,515.522001257147,508.0476479190875,511.7997131347656,34584000
2024-12-31,513.0802310210817,513.8345638741997,506.48928482473434,507.4521179199219,29117000
2025-01-02,510.49940358547883,512.8221380642742,501.9728857721829,506.4595031738281,36389800
2025-01-03,509.55634989003045,515.8098417331423,508.7424629551306,514.7477416992188,29059500
2025-01-06,520.1476411928097,524.018784806924,518.1723564940825,520.6637573242188,36109700
2025-01-07,521.7059999662438,522.1030076792526,509.4869713360559,511.3728942871094,36690300
2025-01-08,511.2736819109176,513.1000507629971,506.7970001880406,511.4622802734375,30777800
2025-01-10,507.700292461824,507.799529251394,500.1961615298894,503.4419860839844,40532500
2025-01-13,497.4962392396563,502.28059733248006,496.00732395497107,501.8240051269531,31694200
2025-01-14,504.9804910575475,506.39001083545065,497.88333436019064,501.3475341796875,33737200
2025-01-15,509.23891191733566,514.0232404431067,507.6804761210501,512.8817749023438,34957600
2025-01-16,515.1448467748171,515.224272558158,509.1594384871324,509.2884826660156,28229000
2025-01-17,518.9861821179226,520.1971979799845,509.3181691473964,517.8843994140625,51837900
2025-01-21,520.6041714349437,522.0831509199561,516.2168513724278,520.9218139648438,23628000
2025-01-22,525.6566091124832,529.875202608773,525.3489023631776,527.582275390625,33593000
2025-01-23,525.1304853393235,528.8230268358762,524.5448792406889,528.7039184570312,23096600
2025-01-24,529.0811499069405,529.8454186239994,524.247142698527,525.7161865234375,19878300
2025-01-27,507.223825099109,514.1621608800974,506.3801003492405,510.4101257324219,60771700
2025-01-28,511.4125906777684,519.135127001106,507.9980395084438,517.9539184570312,33194200
2025-01-29,518.5992219137866,518.7282661051813,513.0803108268819,516.9812622070312,26649000
2025-01-30,519.8399100776113,522.2122024136221,514.3805539731445,519.1847534179688,27431300
2025-01-31,523.0261489535886,527.5921922182381,517.3385119017584,518.4303588867188,38755200
2025-02-03,509.6755241871737,517.000992221849,507.27342449560086,514.28125,40580800
2025-02-04,514.7974286874838,521.2295233442737,514.4003603770645,520.59423828125,26046800
2025-02-05,517.9638671852232,523.11551659981,516.7727228160936,522.9566650390625,21134100
2025-02-06,523.4629639433027,525.8948713447239,521.8549400712387,525.6864013671875,19434500
2025-02-07,526.2224024701397,528.1678797493125,518.3311390158517,519.0557250976562,29605500
2025-02-10,523.3238397124358,526.440649799091,522.8573420708846,525.3388671875,20852800
2025-02-11,522.0733504071393,526.0040485358071,521.94430621765,524.0883178710938,19325500
2025-02-12,518.4402137606293,525.2793115026069,518.0928244789425,524.3958740234375,25009400
2025-02-13,526.0634630928408,532.2573402077036,525.2793229514261,531.9397583007812,28714800
2025-02-14,532.0490173479468,534.8581212532781,531.7115032138299,534.1732177734375,17862600
2025-02-18,535.7415414788361,536.0095656485804,532.0788070235391,535.3842163085938,20565000
2025-02-19,534.590089236306,536.8135264180986,532.4956962288245,535.5330810546875,19666900
2025-02-20,534.7488027980122,535.1160636766159,528.5251788659228,533.2598876953125,26550800
2025-02-21,534.4014135025412,534.4212850908257,521.8250608987436,522.1923217773438,47093800
2025-02-24,523.9790766643296,525.1602852244356,515.6908057368098,516.0282592773438,39268400
2025-02-25,515.402907751773,515.4823335308943,505.67533996149535,509.52667236328125,48940000
2025-02-26,511.7203707318304,515.8197951624629,507.59107833039616,510.75750732421875,34457600
2025-02-27,514.3011233717788,515.2341793751592,496.35471414579564,496.5730895996094,52448000
2025-02-28,496.43413947250224,505.0202115627976,493.2577747457523,504.41473388671875,47654000
2025-03-03,507.73993161461107,509.2486881332856,489.93250314963643,493.3768615722656,44587200
2025-03-04,490.5281292836156,500.01748091232383,484.1357168084358,491.88800048828125,67875400
2025-03-05,492.53313921136856,499.9082249165119,487.629642939058,498.3002014160156,46323700
2025-03-06,490.0416743008981,494.89552185491164,482.6070344726668,484.5922546386719,57574300
2025-03-07,483.5599718062666,489.6347411717219,476.9789615630039,488.15576171875,54714700
2025-03-10,479.8773847046623,480.393531072757,465.1966722399011,469.2366027832031,76668000
2025-03-11,468.8594173402994,475.27167052229146,463.5588826960084,468.1149597167969,68760800
2025-03-12,475.6190975102553,477.50505079394827,468.3035653299785,473.3956604003906,46971100
2025-03-13,472.73064021166954,472.7604173080319,462.9832001082339,464.87908935546875,46563300
2025-03-14,470.2292160585815,477.0087300371878,469.6237081167645,476.1153869628906,43563000
2025-03-17,476.06574086012523,482.2497130174167,474.2691189068619,479.202392578125,41744400
2025-03-18,475.86724027334935,476.0657441300447,468.9189691557921,471.0332336425781,39072300
2025-03-19,473.2864979024419,481.7435264527976,471.36083156550126,477.33636474609375,40430300
2025-03-20,473.3559058863872,480.9692083343736,472.6610667046265,475.71832275390625,36780500
2025-03-21,470.5765974343295,478.05095050682746,469.41526054496114,477.2866516113281,42234900
2025-03-24,484.8576491349716,488.60538941404207,481.5373907904982,487.7604064941406,34567200
2025-03-25,488.4861096315565,490.70291186860106,487.5218407035887,490.5438537597656,26035200
2025-03-26,489.3907271556028,490.2456607367531,479.96676889831855,481.5175476074219,34627100
2025-03-27,479.55920474042404,483.70454516246133,477.41196560654595,478.77386474609375,33469800
2025-03-28,476.9745201773356,477.6803158784236,465.2840071747282,466.16876220703125,46363800
2025-03-31,459.19026229129486,467.08331235256605,454.6273605455005,466.1488952636719,53000300
2025-04-01,464.538472789733,470.8310825660288,461.6755176682955,469.9065856933594,41156200
2025-04-02,463.36545522057037,476.72603385839966,463.10698198476695,473.336181640625,49894500
2025-04-03,453.7426062022167,457.35115906183495,447.47984907108474,447.99676513671875,70456300
2025-04-04,435.55079068681124,437.7675929050692,420.1722106933594,420.1722106933594,117088400
2025-04-07,406.24500940343484,440.52125924890055,400.01207316550386,421.1861877441406,161557000
2025-04-08,435.57069379132787,440.52127536489417,407.3683513758407,413.6012878417969,101248100
2025-04-09,413.1141801222823,465.0653269802432,412.97499289588256,463.24615478515625,142876900
2025-04-10,450.8796663706337,452.89766878987024,430.07336033484415,443.54327392578125,108384100
2025-04-11,442.0222794815872,453.0964608286063,438.72189215337244,451.71466064453125,52483800
2025-04-14,461.7152518499013,462.30176158755654,449.955174921676,454.7765197753906,43941200
2025-04-15,455.83024573579985,459.64754944257936,453.4543549864483,455.2834777832031,35404200
2025-04-16,446.37642892854547,449.94520996662885,435.17304059444126,441.5550842285156,48980600
2025-04-17,444.5274202476084,445.103979334769,438.75172707786896,441.4755554199219,44837000
2025-04-21,435.6402443758458,436.4851969411389,425.40109511314887,430.55047607421875,44149300
2025-04-22,436.2267468236976,444.93495790304166,435.0338262355641,441.8533020019531,52304400
2025-04-23,455.46243104941027,460.641633756553,450.20368411807647,451.8737487792969,55801100
2025-04-24,453.78243704630535,464.896361425193,453.1362539590864,464.58819580078125,45956100
2025-04-25,464.210432874224,470.2942617606861,462.639783263479,469.76739501953125,38697100
2025-04-28,470.2346173749268,472.0040972114499,463.2759840321813,469.6182861328125,33550800
2025-04-29,467.3915080044207,473.6045731544733,466.8149185696458,472.7198181152344,30613100
2025-04-30,464.36947606745446,474.37997416490805,459.697238824554,472.6601867675781,46810600
2025-05-01,480.5532835490319,484.30099374480625,477.89904861368166,478.83349609375,43316500
2025-05-02,483.66474747370063,488.00891762969025,481.9648310617846,485.9411926269531,39218100
2025-05-05,481.73622270162116,486.14003597307794,481.2391774925475,483.058349609375,28309500
2025-05-06,476.7260205679887,482.1835675083398,475.36412148604,478.5650939941406,32786300
2025-05-07,479.2310866723673,482.9291041737698,473.9624196873836,480.4438781738281,38006300
2025-05-08,485.6430214704163,489.7883921245775,481.3088015351198,485.4044494628906,39577600
2025-05-09,487.31305654497106,488.63521379310254,483.326774588034,485.0863037109375,27767400
2025-05-12,503.99388239825186,504.88858802841014,498.51646492128515,504.84881591796875,45090600
2025-05-13,506.15112683099704,514.3325026354601,505.4155095627927,512.5431518554688,53269600
2025-05-14,513.7161211405411,516.1615447200978,512.7021295054291,515.6148071289062,47014500
2025-05-15,513.4676100523011,518.8456125999866,512.125551562593,516.1814575195312,50153300
2025-05-16,517.5830873308704,518.6169801912382,514.0441278903378,518.4281005859375,48394600
2025-05-19,511.2010686059385,519.442117353632,511.2010686059385,518.9251708984375,52536200
2025-05-20,516.4000527652197,517.8514464284522,513.6066614830175,517.1953735351562,42517600
2025-05-21,513.2191016405527,519.909311026266,508.2187974987168,510.0081481933594,71292800
2025-05-22,510.62447644500173,514.6505913275334,509.27252798800356,510.9624938964844,55607200
2025-05-23,503.1886765918508,508.8152319544728,502.59221627823973,506.2305908203125,58368100
2025-05-27,513.099785560271,518.6269257716245,511.5490069592283,518.1397705078125,47226300
2025-05-28,519.0940785672615,520.5852140545883,515.3264980787542,515.8433837890625,46637200
2025-05-29,523.21968658337,523.3687637584553,514.2629211840699,516.8574829101562,58513300
2025-05-30,516.3703642123456,517.6030267064441,508.9047349583655,516.0422973632812,67662800
2025-06-02,514.1834116366912,520.3567360983059,512.9208971603309,520.1181640625,44762800
2025-06-03,520.4660102317107,525.6153916465726,519.6011563664897,524.1838989257812,44070300
2025-06-04,524.889745168766,526.7089478092026,522.8617616763219,525.645263671875,41359300
2025-06-05,527.0468212855055,529.8998557728775,519.5712423411791,521.6886596679688,61031200
2025-06-06,526.8679353376542,528.6572860020211,525.0885352856423,526.7883911132812,42467000
2025-06-09,527.0071545180014,529.2040557008712,525.8838273941709,527.5638427734375,33688700
2025-06-10,528.0309659877803,531.7389643345455,525.7644714899908,531.0530395507812,40664800
2025-06-11,532.4546626717411,533.6078414430042,526.9772151943893,529.2636108398438,53701000
2025-06-12,527.9515275399644,531.4805365276557,527.703004925698,530.5062866210938,34104900
2025-06-13,524.5616632957901,528.7269048823287,522.6231747023902,523.845947265625,55814400
2025-06-16,527.3649873706377,532.2062030416474,527.3152949826874,531.132568359375,37622100
2025-06-17,528.5677704245282,530.178191841852,524.7901787794913,525.9533081054688,42180900
2025-06-18,526.9673174269449,529.4028511373086,524.2833217813045,525.8638916015625,43983500
2025-06-20,529.1145168591506,530.4068221242078,521.778125534717,523.7166137695312,61643500
2025-06-23,524.2849177292203,529.6192118620138,521.1400908129034,529.1017456054688,50666100
2025-06-24,534.3166475371182,538.1083833993794,533.6996241180443,537.1928100585938,45442000
2025-06-25,539.4618726543914,540.7058813321303,536.7947253384327,538.566162109375,44804200
2025-06-26,540.7456895311693,544.0497840014915,538.9245044882573,543.6019287109375,43811400
2025-06-27,544.6368520201894,547.3537469915822,541.9298580924457,545.462890625,57577100
2025-06-30,548.6177881825827,550.1503850048523,546.3785725646466,548.9959716796875,45548700
2025-07-01,547.0950210069877,548.0703649871544,542.0493151839511,544.3681640625,56166700
2025-07-02,543.5421983416136,548.3590266820488,543.5024119311546,548.1599731445312,36538300
2025-07-03,550.5284872552298,554.5292380064824,550.5284872552298,553.5538940429688,26443500
2025-07-07,550.8669428006658,551.6830197478901,546.9458251844275,549.3840942382812,45349300
2025-07-08,550.7276203014773,551.3546055319305,548.4585193260065,549.692626953125,36153300
2025-07-09,551.8223874180504,554.9573139326626,550.4489968252316,553.5839233398438,43045500
2025-07-10,554.2207589895446,554.6287670725607,550.1005880395711,552.7876586914062,34710900
2025-07-11,550.647990624161,553.126046198862,549.4039819426756,551.543701171875,39618600
2025-07-14,551.3345548330391,554.2803885581213,548.9858815787339,553.5439453125,36453300
2025-07-15,557.5646843377589,558.112036002509,553.9918647207423,554.0515747070312,43277700
2025-07-16,554.6089344039383,557.5248833529374,548.9163193085661,554.6188354492188,52314700
2025-07-17,555.3453275516479,559.6147429299454,554.5392124594489,559.107177734375,40423800
2025-07-18,560.4209556781648,562.0232243547773,557.2959911495041,558.5698852539062,50484700
2025-07-21,559.3958338406302,563.3467757995568,559.365948479278,561.4658203125,39595200
2025-07-22,561.5952444003194,561.6449925970527,555.9325146805868,558.5598754882812,43270600
2025-07-23,559.644679980569,561.1473913894928,556.897899192682,561.1076049804688,40215300
2025-07-24,562.4212998555654,563.5259649748344,560.590092369004,562.3018798828125,42275500
2025-07-25,562.2222949681642,564.9790378534013,561.5654850611911,563.6553955078125,30630800
2025-07-28,565.0187020627711,566.3124587614624,564.1528770013529,565.4168090820312,31498700
2025-07-29,568.0243008153843,569.3678058353573,563.8145950597007,564.5410766601562,45463300
2025-07-30,565.4566917408055,567.8849991894002,562.3416890497874,565.2974853515625,43433800
2025-07-31,571.7861703841629,571.8757657350329,561.1673293990499,562.3018798828125,64613600
2025-08-01,556.1514446022372,556.3405363278684,549.0356915374143,551.2251586914062,69400800
2025-08-04,556.3703360927129,561.6150952409816,556.2708397121321,561.3961181640625,47669800
2025-08-05,562.6799876518158,563.8443626007596,557.047083143738,557.5845336914062,48666600
2025-08-06,558.4205728770752,565.0387235781728,557.9428929652461,564.600830078125,41823700
2025-08-07,568.9298809926769,570.5719965866228,562.4013265086303,566.5115356445312,44463000
2025-08-08,567.7158183687225,572.0151196938974,567.4172684314073,571.796142578125,35255500
2025-08-11,571.9353942373868,574.0352659921666,568.8303539029688,570.1041870117188,33112900
2025-08-12,572.4031988590039,577.5683253251331,569.7460133279651,577.269775390625,42143300
2025-08-13,579.9667330931853,580.5240464797514,576.165035771658,577.558349609375,41209300
2025-08-14,575.508266162602,579.0909866487473,575.139983732242,577.1105346679688,45425000
2025-08-15,577.0209239007323,577.060771050305,572.811218330625,574.57275390625,49480200
2025-08-18,573.67703945311,575.0006815724842,572.4827790837365,574.3438110351562,29831000
2025-08-19,573.6272978127284,573.7964659713523,565.5262993771687,566.5513916015625,53752600
2025-08-20,565.6059676042936,565.7253875756548,556.1614636230435,563.1876220703125,76781100
2025-08-21,561.6449570276834,563.774714247948,558.2911148293009,560.5801391601562,46436900
2025-08-22,561.9634564557491,571.238791941298,560.5702032580724,569.2284545898438,51502100
2025-08-25,567.6660593438861,570.542161218221,566.4319517221652,567.58642578125,34044700
2025-08-26,567.0987131018536,570.1738681264644,566.0736209319145,569.8653564453125,34103000
2025-08-27,568.8503542214644,571.6567843025553,567.6361701841732,570.7412109375,36927100
2025-08-28,571.3581690220095,575.2295381040836,569.716114225579,574.31396484375,46787900
2025-08-29,571.9055458127416,572.273828233091,565.8148847062891,567.666015625,56030400
2025-09-02,558.6195355636612,563.2571726003424,556.8580000613789,562.9088745117188,65876800
2025-09-03,566.5015849549442,568.9597775003773,564.0135677896833,567.3375854492188,54230200
2025-09-04,568.0043095836706,572.840999970597,566.3025448600863,572.4727783203125,47526300
2025-09-05,577.707586970244,578.3345721151251,568.7905728965633,573.298828125,68342500
2025-09-08,575.5978554949527,578.0560483188578,575.0007556046913,576.095458984375,46371400
2025-09-09,576.8915385805233,578.1554707195171,574.274139701763,577.7275390625,44007600
2025-09-10,580.9420329124574,580.971918274203,575.7769069667078,577.9166259765625,49308000
2025-09-11,580.4443950823623,582.0765487866307,578.8321649514098,581.2803955078125,44745800
2025-09-12,582.2357922273038,585.0422828265267,581.3002953608963,583.8480224609375,50745900
2025-09-15,585.6194728964887,588.9533912717069,585.4701675842726,588.8439331054688,44360300
2025-09-16,589.7695130089575,590.018314719858,587.6596793599289,588.3463745117188,36942100
2025-09-17,588.2668225233333,588.913731358415,581.5690989748401,587.172119140625,69384800
2025-09-18,592.058483907603,595.2730433570825,590.1178791327126,592.466552734375,61069300
2025-09-19,594.4668964152456,597.173829761915,592.9939490424024,596.4771728515625,58196100
2025-09-22,595.56457167487,600.6759063866804,595.5446250028239,600.0083618164062,57154800
2025-09-23,600.1777560752951,600.3770403666388,594.8073576106723,596.02294921875,64635500
2025-09-24,597.3979183069385,597.7167610032964,591.2005236200914,593.9305419921875,49850300
2025-09-25,590.0447574609248,592.9541133753095,586.358211090951,591.3699340820312,70920200
2025-09-26,592.1869260081028,594.1298414316656,588.9089213733314,593.801025390625,54337400
2025-09-29,596.929586249639,599.858888854889,595.2357610619866,596.5509643554688,48332900
2025-09-30,596.2520555976123,598.5237869140956,593.9305184146496,598.1849975585938,46533800
2025-10-01,594.9966151966095,601.592517201177,594.1696797218984,601.0545043945312,46899600
2025-10-02,604.8506893778672,604.950301116935,600.7357150581139,603.5255126953125,43765400
2025-10-03,604.3027001978111,605.1197232184186,599.2013385970163,600.9848022460938,46482100
2025-10-06,606.2355880916678,607.1422494333636,603.7645725777412,605.498291015625,41962100
2025-10-07,606.8035939044607,607.4910851983766,600.835403229105,602.3099975585938,58209500
2025-10-08,603.2066381307736,609.523591030116,603.0572205300643,609.2147216796875,50629800
2025-10-09,609.2545466200572,609.3840783602061,605.2691043090726,608.4774169921875,45551000
2025-10-10,609.174937229752,610.9484275974415,586.9062397942465,587.3546142578125,97614800
2025-10-13,597.497493628088,600.7556121211176,595.056398092238,599.8190307617188,65872600
2025-10-14,593.1434568492728,600.4966033203683,587.9823159734815,595.8236694335938,69203200
2025-10-15,601.8117836952674,604.4919961772353,593.7611729131481,600.0282592773438,62805500
2025-10-16,602.9077579751356,606.0961241101174,593.3327470469682,597.806396484375,70982000
2025-10-17,595.7738386787643,603.306322454893,594.1995718879336,601.7320556640625,72024900
2025-10-20,604.9303809627713,610.5697551235123,604.8606284241672,609.3143310546875,45761700
2025-10-21,609.41403175621,610.4900574537519,607.1024677916307,609.1549682617188,44538200
2025-10-22,608.5969960402966,609.1848147458128,597.5573034367524,603.286376953125,61478800
2025-10-23,602.7085014161719,609.1450131867009,602.319966975814,608.35791015625,42844300
2025-10-24,613.7481802624443,616.1693293175521,612.8913247080658,614.8541259765625,47632500
2025-10-27,622.2471843336021,626.2624862060553,621.7589773359792,625.80419921875,54098600
2025-10-28,628.0658354818435,632.3701204498367,626.9598898422056,630.6165161132812,61195700
2025-10-29,633.276839153424,634.69165413006,627.9562469711387,633.4561767578125,67422800
2025-10-30,629.869267455657,631.1944440896802,623.6619603385896,623.7715454101562,61628600
2025-10-31,631.8619318884121,631.8918518941646,624.4091746831857,626.780517578125,66305100
2025-11-03,632.7985429356352,633.5059808284601,627.5576766411583,629.7796020507812,37154300
2025-11-04,621.0117005353788,624.6683271251044,616.2092348629542,616.996337890625,63830800
2025-11-05,616.2390515684897,624.3195213581258,614.9637416360841,621.0116577148438,48688500
2025-11-06,619.5270737190788,619.7761638844125,608.078899450419,609.4439086914062,72115100
2025-11-07,606.0961466218313,607.7301926884926,596.4912153281726,607.5209350585938,81835400
2025-11-10,616.6674802752618,622.0378784586748,614.644899897251,620.9617919921875,55919900
2025-11-11,618.3115007347396,620.4536395227035,615.2726130875191,619.307861328125,44868800
2025-11-12,622.566027998916,622.5859138594624,615.5615832963299,618.8197021484375,47444400
2025-11-13,615.2925422980531,615.8704485105809,603.8742880136988,606.1858520507812,71333600
2025-11-14,597.3679290922347,611.1176919097272,594.9965862233795,606.64404296875,80087300
2025-11-17,604.0934192729386,610.2509204798646,597.6868279161546,601.4630126953125,63850400
2025-11-18,597.4377215700049,600.1179339423381,589.1878876531316,594.1397705078125,83327300
2025-11-19,594.8969703439581,603.953853223184,592.4260157669842,597.686767578125,73111500
2025-11-20,609.3940836964333,611.7953468701894,582.6218784315797,583.5385131835938,117743200
2025-11-21,585.3319113971087,594.807310091711,578.6264242609341,587.9224853515625,103344200
2025-11-24,593.1135933516537,604.4720682054578,592.9939741263881,602.9575805664062,60168100
2025-11-25,601.3135864178203,608.0390203669549,595.1461119637967,606.6740112304688,57560900
2025-11-26,610.2808195033393,613.9474190856081,608.1685399702174,612.034423828125,42393600
2025-11-28,613.8677508272276,617.0660904342964,613.1802595402138,616.996337890625,23034400
2025-12-01,611.3967336448243,617.1855860502521,610.2907880213397,614.923828125,40957600
2025-12-02,617.2055331651553,621.4798980663827,615.3423437866954,619.7362670898438,54541800
2025-12-03,617.3649627124794,621.9481972408511,615.7807833814271,621.2507934570312,47841600
2025-12-04,622.6556605829674,622.665633919662,617.285262025035,620.6729125976562,47067800
2025-12-05,622.1076409382764,626.6310962033638,621.440096358939,623.20361328125,53614200
2025-12-08,624.9273247300189,626.5513972974647,619.4273950138578,622.0079956054688,43462400
2025-12-09,620.7425928652799,623.5921694288306,618.7398984397635,622.775146484375,37156000
2025-12-10,621.5795410824109,626.920080160108,618.7299643381673,625.3258666992188,55031400
2025-12-11,621.5496792982444,623.5025679748155,615.4718431258982,623.3032836914062,58272800
2025-12-12,619.8160122611713,621.2706598008424,609.1349951238292,611.3867797851562,75158700
2025-12-15,616.1195138735233,616.1693197420918,607.102462393675,608.3179931640625,49538200
2025-12-16,606.0462710202155,611.2771638485672,604.7011478051123,609.5235595703125,55152800
2025-12-17,610.8287773715621,611.4166568355257,598.0953215609716,598.2247924804688,70654300
2025-12-18,607.5806797208244,610.6992932536183,604.7111563372118,606.8931884765625,78875800
2025-12-19,609.722906345813,615.3722541519244,609.6431804668954,614.8043212890625,60369800
2025-12-22,619.8862552767364,620.1855972768566,616.3147325600856,617.7513427734375,43703100
2025-12-23,616.7437078609482,620.9437513214359,616.3247143117193,620.6444702148438,41120400
2025-12-24,620.5247726871431,622.809417120355,620.255389239048,622.460205078125,18468700
2025-12-26,623.1884938656726,624.0465142854792,621.6721158574088,622.4203491210938,28959800
2025-12-29,618.6392040742111,621.312944373981,617.2724362589381,619.4074096679688,32458300
2025-12-30,618.3798323976478,620.7142858196408,617.7612369489017,617.9707641601562,31226800
2025-12-31,618.1903012408169,618.4995685313527,612.6034567489972,612.8628540039062,40746500
2026-01-02,618.5993129536024,621.3827185880021,608.7126848809434,611.6756591796875,61859200
2026-01-05,617.8610636312775,619.3475438678657,615.2671519649484,616.5341796875,46828400
2026-01-06,617.7712838046286,622.550039153126,617.0829067758982,621.951416015625,43137500
2026-01-07,621.5723159557587,626.4607976434537,621.0934661514185,622.550048828125,44880300
2026-01-08,621.5623898130801,621.9514248328863,616.3446684463296,619.0083618164062,50435900
2026-01-09,619.946120817708,626.4108973206594,617.6016810573577,625.173828125,49688700
2026-01-12,620.8440291770474,627.368601054656,620.7941591397378,625.6925659179688,37388700
2026-01-13,625.7923733874012,627.9871421828441,622.2307758506613,624.7647705078125,44481400
2026-01-14,620.7741807448011,621.9813522711377,613.1122798122711,618.0905151367188,72598700
2026-01-15,625.1238996016858,628.5159146085045,619.2877047511574,620.3153076171875,53934900
2026-01-16,624.0265108868263,624.6051616315584,617.4221104790464,619.7965087890625,61058100
2026-01-20,609.0918377338978,613.611135001854,605.6199939698072,606.6276245117188,81988900
2026-01-21,608.0342310571399,618.958448118544,606.4280383777512,614.8282470703125,79837900
2026-01-22,620.8838887514372,620.9936758988773,616.3247080096578,619.2976684570312,42254800
2026-01-23,618.2701049354484,623.9267921630139,617.1926928942361,621.2530517578125,43645800
2026-01-26,621.7419335987944,626.1315320367429,620.654474506515,623.9866333007812,35983000
2026-01-27,627.428447510711,630.5510790290263,625.8621995501378,629.6432495117188,38997200
2026-01-28,633.9630457840011,635.1003139672691,630.3216198646463,631.728271484375,50691700
2026-01-29,631.1596506954837,632.1772064107698,616.8135217006399,627.9472045898438,79944000
2026-01-30,624.2360100363766,626.7799907137291,617.8410762491409,620.405029296875,65650700
2026-02-02,617.2425627681274,627.0094788951942,617.2026180242116,624.6650390625,49020300
2026-02-03,626.8199062679399,628.4959413976924,609.5207880738473,615.0676879882812,81234000
2026-02-04,613.5711796318161,613.6509473291842,599.0554072347201,604.322998046875,81850700
2026-02-05,598.7960977080248,603.3852370585454,593.3589241811554,595.6235961914062,89354500
2026-02-06,598.7761302609774,609.9696699932801,597.3594924154261,608.2138671875,78019300
2026-02-09,606.1088060763491,615.0078372205985,603.6446538426547,612.8728637695312,56797600
2026-02-10,613.8605219833995,615.566515685603,609.5706636004911,610.029541015625,53938900
2026-02-11,614.9280269463444,616.0653561148772,606.2584951427149,611.6657104492188,58575100
2026-02-12,613.2619605146361,614.3593449076634,598.1576109292407,599.22509765625,81378900
2026-02-13,599.0155339597561,605.0512695366964,595.0149707463246,600.5020141601562,69237500
2026-02-17,596.9703796848319,602.527265543405,591.9422745141455,599.8834838867188,69013800
2026-02-18,600.6916520079001,608.333642172117,599.3049116850376,604.3629760742188,64250700
2026-02-19,601.3899214380363,604.3928403408552,599.3347767407971,602.04833984375,60960800
2026-02-20,598.70626248816,608.9121436812641,597.8183444916572,607.3757934570312,74127300
2026-02-23,605.1809875790976,606.5777139403463,597.6387991893799,599.9932250976562,63859100
2026-02-24,600.9809641013653,607.5554060860559,598.3172099190714,606.4380493164062,55023700
2026-02-25,609.6305248735758,615.3769659271486,609.5606824638733,615.227294921875,55710700
2026-02-26,614.1398874724765,614.1398874724765,602.5571907580546,607.8048095703125,96178900
2026-02-27,601.5595911757949,606.8870389785335,600.7714740333364,605.8594360351562,68125200
2026-03-02,597.449233707877,608.4831769130049,596.5812880631398,606.6575317382812,75264600
2026-03-03,594.9252095120197,602.5372399706525,590.4756942596103,600.162841796875,97015500
2026-03-04,602.7367159421393,611.436205359631,602.0084551337541,609.3112182617188,70943900
2026-03-05,605.9691941386595,611.3165531665334,600.8412876368789,607.4755859375,89602400
2026-03-06,598.8958365654587,604.5724349663923,596.9205203720956,598.337158203125,86302300
2026-03-09,592.83015152989,607.8347607375977,589.9370196014203,606.3283081054688,93068200
2026-03-10,606.3483040570791,611.8452732023572,603.9938171455258,606.3383178710938,64078900
2026-03-11,607.5154643204306,610.9872467457833,603.6047159994632,606.2584228515625,60114800
2026-03-12,601.3400708370464,602.716824803038,595.6435001258386,595.85302734375,71836600
2026-03-13,598.3172021392496,602.1780807449821,591.1740956767717,592.3213500976562,63145500
2026-03-16,598.6264723831473,602.4374809704295,597.6986704778886,598.9656982421875,49077200
2026-03-17,601.7192114600242,604.4727195335382,600.4521836848432,601.8887939453125,47106600
2026-03-18,600.0730994941966,601.7391485345295,593.1594313501803,593.4986572265625,56128000
2026-03-19,588.1213056121308,594.3964663870662,585.6970372512312,591.623046875,75597600
2026-03-20,589.6676415345306,589.777367794347,577.177115328303,580.6888427734375,91964700
2026-03-23,589.8718065319924,594.426798587646,585.316814476339,587.3545532226562,89936100
2026-03-24,584.168034177979,587.2846043834495,581.291190762444,583.3389282226562,57750900
2026-03-25,588.4933019738706,590.7208345412774,585.0470769253521,587.1747436523438,60475500
2026-03-26,581.9604215239336,583.9882223389391,572.8005050402526,573.1600952148438,81492100
2026-03-27,570.1834096572744,570.3932010852176,560.953562318283,561.9624633789062,82702200
2026-03-30,566.7571613464482,567.4264087803426,554.990063621082,557.6671752929688,70602600
2026-03-31,563.6705222317372,578.0048059355398,563.5906539497258,576.54638671875,95878000
2026-04-01,580.8416686249938,587.0948065489223,579.7828346644924,583.6685791015625,79435100
2026-04-02,573.3399058573888,585.4066623334502,571.2921684003409,584.3378295898438,50941700
2026-04-06,585.5864761740653,589.9616731281693,584.04818857967,587.85400390625,35108500
2026-04-07,584.9971348275072,588.33343423744,577.7650922119919,587.9439086914062,49948200
2026-04-08,608.0418015962135,609.2304976949432,601.4590090396181,605.4246826171875,63086000
2026-04-09,605.2648690435934,609.8298599139192,602.3680889271087,609.5202026367188,37837500
2026-04-10,611.1684052317679,612.9963525292593,608.9108762966896,610.3992309570312,34038500
2026-04-13,608.8109292631304,626.0519920071752,607.4424380458482,616.7122802734375,32972100
2026-04-14,619.5391066149297,627.909912109375,619.4192432257902,627.909912109375,49921100
2026-04-15,628.389443361703,637.1298380333551,627.5104045058445,636.7003173828125,50102400
2026-04-16,638.508341093032,641.4750515662109,634.5626649382287,639.7669067382812,42320600
2026-04-17,644.8813252169399,649.2864572780229,643.3629742993419,648.1376953125,53488900
2026-04-20,647.3285838511964,648.0478251654257,641.8146849601577,646.0799560546875,37138500
2026-04-21,647.6981578004061,649.4862317832127,641.5050128476822,643.6226806640625,39580500
2026-04-22,649.4363527672372,654.6106593494021,647.8081371457112,654.390869140625,37368400
2026-04-23,652.8325617169355,656.1988574654163,644.8114082493845,650.7048950195312,40099800
2026-04-24,657.7871447947734,663.7805584259092,655.8093378063087,663.1512451171875,45563100
2026-04-27,662.6718094811696,663.7006471456002,659.9647623025988,663.5008544921875,32717000
2026-04-28,656.6883250827437,658.9159186391063,653.0923012400261,656.8281860351562,34147900
2026-04-29,657.906975030037,660.9935487523345,655.8692364466933,660.84375,31724900
2026-04-30,664.6195670718752,668.165718724101,656.8381407338443,667.0069580078125,40622200
2026-05-01,668.425399726581,675.2279215792395,668.0658095505829,673.4099731445312,39172600
2026-05-04,673.9193717407993,675.9871067346722,668.165745937857,672.141357421875,34542000
2026-05-05,677.2157986999623,682.0205161358222,676.7662804889583,680.8617553710938,37101100
2026-05-06,687.0250065058129,695.1660231170968,685.7263848294704,695.0062255859375,38778500
2026-05-07,695.8153383268437,700.4701959320079,691.0106209986512,694.1771240234375,43779100
2026-05-08,699.1516368844667,710.44921875,698.7321150158692,710.44921875,44320400
2026-05-11,709.5801817559162,713.805579696499,708.1317613118729,712.5069580078125,36019100
2026-05-12,707.4425277497028,709.4003981235137,695.8752835015275,706.463623046875,45873000
2026-05-13,709.1806902070881,715.8633489513101,704.0563165931343,713.9254760742188,40012500
2026-05-14,713.8355094170396,721.2374091114184,713.4359241362712,718.9998168945312,33327500
2026-05-15,709.3604881552494,714.3450008365951,704.7754998097428,708.1517944335938,51792700
2026-05-18,710.7588622671137,711.2883097073819,698.0827906816122,705.1051025390625,49834500
2026-05-19,699.0418050981273,705.714465040699,694.4868131207006,700.7599487304688,46827500
2026-05-20,704.5157692199168,712.3671875,703.0174157954351,712.3671875,36779200
2026-05-21,708.2116871156971,716.3327671783537,705.9941534147096,713.7256469726562,36415400
2026-05-22,717.2817668085307,721.3273088449104,715.1640988544713,716.7523193359375,33118600
2026-05-26,725.1631283460116,730.3673702569255,723.3650554496121,729.4783935546875,34254700
2026-05-27,732.155448805963,732.515039000156,724.6436840304248,728.6492919921875,35148700
2026-05-28,728.9289290608506,735.7913827320126,725.6125662306399,734.79248046875,32840000
2026-05-29,737.0300569298091,740.815874477768,734.4428732975097,737.49951171875,37541700
2026-06-01,736.2309273283665,744.8315224447946,735.1820921097265,741.9246826171875,33890600
2026-06-02,741.5850600741305,745.6206032443648,738.4184960219842,745.3408813476562,30085200
2026-06-03,746.4896389980919,747.828194840854,740.1965670083828,743.39306640625,40270200
2026-06-04,734.6726235372454,742.6838392688934,731.815777671541,739.7969970703125,40782600
2026-06-05,729.2585667367451,730.8867822650427,703.5468328396532,704.2860107421875,99606600
2026-06-08,717.0220156925686,722.2363170978037,712.2872288217055,715.283935546875,47401500
2026-06-09,722.1863106332692,724.863361278284,685.6165148330579,707.052978515625,91932200
2026-06-10,700.8897497708573,710.4992458337158,692.1693523412803,692.9285278320312,65334300
2026-06-11,698.5223198057862,717.5813914617661,694.2370511794155,716.332763671875,71798900
2026-06-12,716.8222099862159,723.2152086039907,710.4992028084189,720.5481567382812,51168400
2026-06-15,737.2897407963812,743.9424640540115,736.5705604269921,743.1832885742188,46710200
2026-06-16,741.4351902855873,743.4029984406948,728.8390476265988,729.0587768554688,45348700
2026-06-17,734.38293083454,734.8723831709506,720.058646070882,721.7168579101562,51669300
2026-06-18,736.390778085872,741.005701773832,731.7059239216511,739.8070068359375,50154600
2026-06-22,742.02001953125,745.4500122070312,734.3900146484375,737.9500122070312,43518600
2026-06-23,715.739990234375,723.6099853515625,712.1099853515625,713.6500244140625,53354200
2026-06-24,715.3699951171875,719.9299926757812,704.4500122070312,710.6199951171875,52480400
2026-06-25,725.9000244140625,726.8300170898438,705.2999877929688,716.3800048828125,49668000
2026-06-26,707.1300048828125,715.5599975585938,702.8099975585938,706.52001953125,47081800
2026-06-29,713.989990234375,724.5800170898438,705.1699829101562,724.0800170898438,44939100
2026-06-30,724.1799926757812,737.6199951171875,723.9099731445312,736.4000244140625,42121800
2026-07-01,729.1900024414062,731.9199829101562,724.5999755859375,725.1699829101562,40803800
2026-07-02,725.5800170898438,730.8300170898438,707.5599975585938,712.5999755859375,50959800
2026-07-06,719.9299926757812,726.0800170898438,718.4500122070312,722.8200073242188,30220400
2026-07-07,714.1699829101562,716.3499755859375,704.9000244140625,709.4299926757812,42483100
2026-07-08,704.9500122070312,712.260009765625,700.9099731445312,711.4400024414062,35603200
2026-07-09,718.3300170898438,724.22998046875,715.1300048828125,723.280029296875,33654700
2026-07-10,720.7000122070312,726.3900146484375,717.0,725.510009765625,26415900
2026-07-13,717.719970703125,718.739990234375,710.0800170898438,711.739990234375,36552400
2026-07-14,720.219970703125,722.2899780273438,714.3400268554688,719.6900024414062,29448100
2026-07-15,723.8499755859375,724.3599853515625,710.22998046875,717.739990234375,32627600
2026-07-16,712.010009765625,713.5999755859375,702.6099853515625,705.9400024414062,39402000
2026-07-17,691.6500244140625,702.2999877929688,686.760009765625,695.3300170898438,54109300
2026-07-20,702.1599731445312,705.7999877929688,695.510009765625,696.0599975585938,29687600
2026-07-21,706.5700073242188,710.0499877929688,702.7999877929688,708.969970703125,33728300
2026-07-22,703.6199951171875,709.6500244140625,703.6199951171875,705.3499755859375,23692200
2026-07-23,694.6699829101562,698.6599731445312,687.7899780273438,691.9600219726562,44028600
2026-07-24,690.4099731445312,692.6300048828125,682.47998046875,684.22998046875,42876700
2026-07-27,691.6799926757812,692.2999877929688,675.9500122070312,682.1199951171875,42681500
2026-07-28,676.22998046875,679.4000244140625,667.8800048828125,675.489990234375,51398700
2026-07-29,675.510009765625,680.0499877929688,661.1400146484375,661.72998046875,57233300
2026-07-30,674.760009765625,685.1199951171875,673.2999877929688,683.5499877929688,66753700
2026-07-31,692.1199951171875,695.77001953125,680.0512084960938,687.989990234375,50028419
