date,open,high,low,close,volume
2005-01-03,82.024756476718,82.15971309982069,80.90464481934384,81.17455291748047,55748000
2005-01-04,81.28261002064882,81.33659273427972,79.9195799639555,80.1827392578125,69167600
2005-01-05,80.12194939100132,80.46608250607213,79.62262252173174,79.6293716430664,65667300
2005-01-06,79.91951615005047,80.39860076781807,79.79805771540019,80.03422546386719,47814700
2005-01-07,80.27718202399825,80.45262321591755,79.71037399936408,79.9195556640625,55847700
2005-01-10,79.8520823731772,80.60782476244427,79.8520823731772,80.29743194580078,56563300
2005-01-11,80.05447990004919,80.1219556744739,79.61587964418123,79.74408721923828,63099700
2005-01-12,79.89253859120785,80.18943303416016,79.29873940915985,80.00724792480469,72720500
2005-01-13,80.05452587457,80.11525771008004,79.28529027860651,79.36626434326172,55537500
2005-01-14,79.60240652333471,79.98027507338972,79.46070581706408,79.78459167480469,42032500
2005-01-18,79.65637823927212,80.71576397661622,79.58889730914132,80.61454772949219,57391700
2005-01-19,80.58754874312103,80.64827539679206,79.7643308951025,79.77108001708984,54378900
2005-01-20,79.54842224622224,79.75759873968212,79.14356235807583,79.28526306152344,72049300
2005-01-21,79.48094818165431,79.62264888817808,78.71171283305503,78.79943084716797,63160400
2005-01-24,79.00857333276835,79.17726531287734,78.52274475443386,78.64420318603516,58441900
2005-01-25,78.8871373200385,79.26500579082693,78.75892973970451,78.86688995361328,68245000
2005-01-26,79.16378451252334,79.35271873589262,78.97485028915403,79.10305786132812,57195100
2005-01-27,79.07608655436451,79.453955096826,78.93438585094145,79.23802947998047,55878800
2005-01-28,79.27851392436625,79.31900351682484,78.68471976505924,79.23802947998047,60738900
2005-01-31,79.58889262323322,79.79132510556276,79.42694972621271,79.73059844970703,52532700
2005-02-01,79.79129930169644,80.35135786002745,79.69008309326418,80.23664855957031,49841200
2005-02-02,80.33788306630238,80.695509312141,80.22992285438492,80.47958374023438,52468900
2005-02-03,80.33790731487844,80.40538825927545,80.00727230924078,80.27043151855469,48837100
2005-02-04,80.29741324633679,81.26233194757282,80.28392014791794,81.12738037109375,50024600
2005-02-07,81.14086000820318,81.32304512103258,80.94517665112164,81.01940155029297,45412000
2005-02-08,81.08687737293127,81.41076831023119,81.01940159584805,81.1138687133789,39263500
2005-02-09,81.25557720571548,81.30281076902435,80.46609972695067,80.50658416748047,55279400
2005-02-10,80.7427372579853,80.9856489894458,80.47282904205349,80.79671478271484,45858600
2005-02-11,80.7697281765676,81.6739199806822,80.60778529675278,81.49172973632812,53133000
2005-02-14,81.43775650712324,81.55246583854402,81.29605583629672,81.4310073852539,32432100
2005-02-15,81.51201055517417,81.937112719686,81.43103650799759,81.73468017578125,43852700
2005-02-16,81.59972385768188,81.95735020289311,81.424282672986,81.78865814208984,55523000
2005-02-17,81.8021485496344,81.86962433787393,81.120631247848,81.12738037109375,58124000
2005-02-18,81.13412005267165,81.29606811356346,80.90470135518348,81.23533630371094,47723300
2005-02-22,80.90467379580811,81.28929130028337,80.01398035659852,80.02747344970703,80697600
2005-02-23,80.25013618607169,80.68198717443879,80.04095981147601,80.60101318359375,68292600
2005-02-24,80.4593263101397,81.18807690806956,80.28389035543383,81.13409423828125,68563600
2005-02-25,81.15439235279108,82.09906913251088,81.09366566850284,81.93712615966797,60899900
2005-02-28,81.74815248097342,81.84936872080408,80.9991595135271,81.39727020263672,69381300
2005-03-01,81.52544387133429,81.99777926330722,81.49845254206875,81.8021011352539,47294400
2005-03-02,81.48499783926766,82.2744752869486,81.41077293583727,81.76165008544922,64226500
2005-03-03,82.09228686987545,82.25422976719317,81.44450498446082,81.7953872680664,61230800
2005-03-04,82.35548073270094,82.88179923195302,82.18003951692556,82.81432342529297,56168500
2005-03-07,82.76707171924693,83.16518249500399,82.5916305418944,82.85478973388672,43442400
2005-03-08,82.77382181514994,82.99649657809218,82.39595323421038,82.54440307617188,44362000
2005-03-09,82.30150025355277,82.51742592954795,81.61998274728788,81.6267318725586,73263600
2005-03-10,81.78190757875902,81.9843401073892,81.24209608253362,81.80889892578125,65149000
2005-03-11,81.8561217595791,82.132779169215,81.08014251378009,81.23533630371094,57976500
2005-03-14,81.38378302335089,81.75490754702157,81.16110830914847,81.74140930175781,36336400
2005-03-15,81.93032972295082,81.95732106085066,81.02614306962731,81.0666275024414,62438500
2005-03-16,80.76974141647648,81.08013928010351,80.22993001258324,80.37837982177734,74874200
2005-03-17,80.50661139044355,80.79676199118896,80.2839417441626,80.54035186767578,62584200
2005-03-18,80.68733692517489,80.97185152169905,80.03701563242214,80.30120849609375,60232000
2005-03-21,80.41633843449516,80.4637575162297,79.77279301548442,80.00311279296875,61244300
2005-03-22,80.18603744123577,80.56539018397865,79.19023132324219,79.19023132324219,92472400
2005-03-23,79.22410734758999,79.74572259112476,79.08862568781926,79.25798034667969,70817300
2005-03-24,79.56956451343267,79.92859543791765,79.29859612021819,79.35279083251953,51932500
2005-03-28,79.5424958954159,79.8947564843516,79.46797943115234,79.46797943115234,46765500
2005-03-29,79.35280088444371,79.86764037993869,78.74989884652301,78.9395751953125,71160300
2005-03-30,79.10892515535772,80.07085810656577,79.10214952378793,80.05731201171875,62002100
2005-03-31,80.06409558013519,80.24699630431024,79.84732186304586,79.90828704833984,64575400
2005-04-01,80.3621632183834,80.60603431741065,79.19700761761202,79.54926300048828,95255300
2005-04-04,79.50182982206566,79.84053904756243,79.08182852186432,79.68473052978516,71581200
2005-04-05,79.78634287344889,80.19279290296092,79.71182643173756,80.0640869140625,46853900
2005-04-06,80.24022883058575,80.57893812099479,80.05732808781406,80.34184265136719,53268200
2005-04-07,80.21311439851023,80.78891899892047,80.15214405562632,80.7753677368164,46734600
2005-04-08,80.72796509859164,80.75506246002674,79.93538665771484,79.93538665771484,63772900
2005-04-11,80.13180174721847,80.21986425510543,79.82018998666749,79.9963150024414,44945000
2005-04-12,79.86087664491443,80.65345514969573,79.30539361144031,80.40958404541016,86144800
2005-04-13,80.31472511691717,80.47730925665195,79.34601658290644,79.461181640625,65949000
2005-04-14,79.52893920208332,79.59668002376401,78.42474365234375,78.42474365234375,96119800
2005-04-15,78.40439365619066,78.71600545821379,77.29342804261552,77.32730102539062,128677300
2005-04-18,77.30702063169505,77.8760498348231,77.19863116350248,77.56443786621094,100035200
2005-04-19,77.97087441966922,78.26216460420225,77.78797368440121,78.18087768554688,64930100
2005-04-20,78.16052702136541,78.32988160812644,76.92085537417647,77.0902099609375,107735900
2005-04-21,77.76087460641993,78.72280769010341,77.48313052502627,78.58732604980469,86952200
2005-04-22,78.40439785440944,78.91923724406755,77.40859205968206,78.28923797607422,88845800
2005-04-25,78.48572769288039,78.91927522917368,78.39088949233464,78.80411529541016,52284100
2005-04-26,78.55345189417383,79.10215924805232,78.00474454029535,78.03861236572266,72626000
2005-04-27,77.80826089636008,78.62793636169802,77.52374647069722,78.34342193603516,84131900
2005-04-28,78.08601298393931,78.36375699552345,77.36117553710938,77.36117553710938,72481500
2005-04-29,77.95054904639834,78.49248593080523,77.20538970655872,78.41119384765625,103993800
2005-05-02,78.6279521562209,78.85827709585139,78.2553699751828,78.85150146484375,56026400
2005-05-03,78.62796092326931,79.15634649835333,78.37054376749042,78.98699188232422,86000300
2005-05-04,79.02085980480003,79.76601903387841,78.77021312856691,79.59666442871094,81055700
2005-05-05,79.7118755646971,79.93542502762294,79.08187582173062,79.56961822509766,96906700
2005-05-06,79.88795813657177,79.92860158977986,79.29860222359126,79.31892395019531,67415400
2005-05-09,79.40021276390763,79.98956865268306,79.29182850370655,79.81343841552734,43750500
2005-05-10,79.50183136217471,79.5966695336876,78.84473462505488,78.98699188232422,74613500
2005-05-11,79.21056461209159,79.5289522111945,78.47895121436078,79.42056274414062,91647400
2005-05-12,79.47473416465552,79.65763487628924,78.54666900634766,78.54666900634766,95086800
2005-05-13,78.78378844374554,79.00056219780876,77.76766050251904,78.39088439941406,85267000
2005-05-16,78.37732537805701,79.14958212351942,78.35023318373679,79.12248992919922,49207000
2005-05-17,78.85830795127373,79.73217346637334,78.68895328786317,79.65088653564453,61071800
2005-05-18,79.9963392801255,80.66698724164914,79.94214973405981,80.47053527832031,77944900
2005-05-19,80.62634399685038,80.89054195488634,80.40957029325872,80.80924987792969,61768100
2005-05-20,80.84310423524533,80.8769772204086,80.43665425474572,80.69407653808594,46345500
2005-05-23,80.7550384458978,81.31729689981735,80.74149235335507,81.14116668701172,51047900
2005-05-24,80.91087173937457,81.17506455542679,80.74828756927067,80.9515151977539,50654100
2005-05-25,80.84991533115873,81.20217592552667,80.49765990508494,80.89056396484375,47608800
2005-05-26,81.14797402745035,81.43248859665204,81.03281410681544,81.32410430908203,43256200
2005-05-27,81.33086067392819,81.4595718383789,81.15473559112415,81.4595718383789,24596100
2005-05-31,81.34443846624124,81.4054036682574,80.8837935450393,80.93798828125,43377200
2005-06-01,80.96503403300565,81.91342069944405,80.91761495809831,81.62890625,69611000
2005-06-02,81.44600756648265,81.85922799029846,81.35793987644199,81.80503845214844,39704500
2005-06-03,81.66276824761732,81.89308796095884,81.10728551558623,81.39179992675781,60999400
2005-06-06,81.2563514215195,81.42570605571882,80.9853881414352,81.31732177734375,36046400
2005-06-07,81.55439560083366,82.13697580142464,81.29697848571118,81.37826538085938,66501300
2005-06-08,81.58151102595217,81.68989529958796,81.06667151337626,81.22925567626953,46881200
2005-06-09,81.11408594579152,81.68312014666644,80.9108635062805,81.6153793334961,56653300
2005-06-10,81.66957603947166,81.73054639447253,81.01925487312411,81.42570495605469,36465300
2005-06-13,81.24958849601488,82.0218452861537,81.16152077035223,81.68313598632812,49383200
2005-06-14,81.59505105690293,82.1031148995195,81.5476319716571,81.87279510498047,33857100
2005-06-15,82.07602685603216,82.13021640741329,81.44602745262675,82.02860260009766,53195600
2005-06-16,82.00828432978598,82.40118831154847,81.91344615050443,82.23860931396484,46564500
2005-06-17,82.66575501805565,82.910610391081,82.44810637416123,82.54332733154297,51529400
2005-06-20,82.35286989079123,82.86978207936639,82.25764895136147,82.57051849365234,41019400
2005-06-21,82.63855255432402,82.74057649654273,82.31887995697693,82.61814880371094,39879800
2005-06-22,82.76095152409631,82.93779261662395,82.34605810844576,82.6861343383789,46310100
2005-06-23,82.51611638862659,82.70655829366493,81.50269042872809,81.5230941772461,62185600
2005-06-24,81.53667837583313,81.6251015203112,80.82931916576686,80.92454528808594,58572500
2005-06-27,80.91775634438282,81.21702515147139,80.76812194083854,81.0401840209961,48183800
2005-06-28,81.21019971259521,81.78152525268041,81.18979597032805,81.7203140258789,41174200
2005-06-29,81.86993024677987,81.89033398452585,81.4550369487784,81.50264739990234,42316500
2005-06-30,81.76792124283784,81.83593544407984,80.90412480069664,81.06056213378906,62288800
2005-07-01,81.24420868954095,81.48226620015737,81.08097355327232,81.29862213134766,49737500
2005-07-05,81.10818855540144,82.06040312763487,81.06738106445565,81.95157623291016,51549000
2005-07-06,81.88357702050625,82.06041816225772,81.21703033022848,81.26464080810547,52363600
2005-07-07,80.45525415712117,81.58430480957031,80.43485040875653,81.58430480957031,103268800
2005-07-08,81.59790076395046,82.51610565185547,81.42786262955502,82.51610565185547,64491200
2005-07-11,82.52291169730395,83.04662688747983,82.50930574012148,82.93780517578125,49688300
2005-07-12,82.97182766407849,83.40712498347287,82.7337752533399,83.15547180175781,51871100
2005-07-13,83.16223787538104,83.3322759880796,82.97179601942288,83.27106475830078,41182300
2005-07-14,83.64517517519664,83.95804477147948,83.3118966405266,83.59756469726562,63638800
2005-07-15,83.51592224787106,83.68596036503283,83.22345647878677,83.5499267578125,56075900
2005-07-18,83.3186758226885,83.4070937738344,83.01260929328613,83.2166519165039,56598400
2005-07-19,83.4615024338041,83.7335644383249,83.25745982227684,83.67234802246094,59165700
2005-07-20,83.37990447064597,84.15528320613166,83.18266478374495,83.95803833007812,69477000
2005-07-21,84.0328275794975,84.0736350612617,83.2982617728375,83.46829986572266,101110900
2005-07-22,83.57714357858515,84.03964752071944,83.40710544087624,84.02604675292969,52607100
2005-07-25,83.93763641920987,84.30491426359215,83.55674742749626,83.78800201416016,57301600
2005-07-26,83.81517977273857,84.01922237252288,83.62473274812872,83.8899917602539,42758800
2005-07-27,83.99886104523875,84.26412019130197,83.6927943964438,84.19610595703125,43181600
2005-07-28,84.31169959556362,84.77420348293299,84.09405101263401,84.72659301757812,47880700
2005-07-29,84.61780037151867,84.76742960746759,83.99885892025999,84.16209411621094,62358100
2005-08-01,84.22329589803947,84.36612731827952,83.96483459452206,84.10086822509766,40418200
2005-08-02,84.25050232239927,84.7470108020527,84.16207916555373,84.60417938232422,45147400
2005-08-03,84.50897120625424,84.84224456931602,84.4205532252,84.82864379882812,36837200
2005-08-04,84.49533958423146,84.54974783547028,84.04643648473996,84.1484603881836,50855600
2005-08-05,83.96485053601866,84.32533583362108,83.43433224893116,83.57716369628906,53595500
2005-08-08,83.76076864199693,83.93760971799684,83.23704839092251,83.42069244384766,47616000
2005-08-09,83.6995520653356,84.06003200440922,83.57032663891263,83.92400360107422,47170000
2005-08-10,84.21650548030114,84.67900951493681,83.53635279343418,83.88323211669922,72863700
2005-08-11,83.84239051598543,84.35930783272165,83.6655546145676,84.21647644042969,58570200
2005-08-12,84.04645661065517,84.12807679078526,83.48873168598091,83.69957733154297,54776900
2005-08-15,83.80838600685956,84.25048613870695,83.54312696558142,84.21647644042969,36208500
2005-08-16,83.95807317481979,84.01248146146685,83.03986263541852,83.1214828491211,71942100
2005-08-17,83.10784149293673,83.57034543309989,82.99901459447379,83.11463928222656,62275100
2005-08-18,83.01264341208106,83.35951757086448,82.86980677122489,83.10786437988281,53388600
2005-08-19,83.40712343002245,83.53635410308222,83.11465756251837,83.29830169677734,39842100
2005-08-22,83.3731189086379,83.81521919986314,82.89700890687487,83.29830169677734,69912000
2005-08-23,83.3187021091494,83.39351931801231,82.40049704210367,83.14186096191406,55168600
2005-08-24,82.93781099216932,83.47513217720974,82.35967712187156,82.4004898071289,79104600
2005-08-25,82.53651002093305,82.75415862703656,82.44128908008477,82.69974517822266,35631100
2005-08-26,82.62490335539103,82.63170114217556,82.08077944191622,82.13519287109375,61956800
2005-08-29,81.89717439047158,82.82898010107722,81.87676545424792,82.76776885986328,56179200
2005-08-30,82.46849455631212,82.50250425859409,81.88356296329601,82.33246612548828,74160200
2005-08-31,82.42768865755846,83.42751372980344,82.12161689856292,83.37310028076172,102945200
2005-09-01,83.33230865848546,83.7608081915358,82.39369977650263,83.31190490722656,74578700
2005-09-02,83.55675174400947,83.57715549317892,83.00582975982297,83.16226196289062,47653400
2005-09-06,83.42751831669888,84.20289184614138,83.4207153379066,84.13487243652344,57251300
2005-09-07,84.08726287675172,84.42733917192622,83.97163818178899,84.2777099609375,41749700
2005-09-08,84.10767487063062,84.33892426896192,83.8696173040332,83.99884796142578,39068700
2005-09-09,84.22327891660139,84.84221494618257,84.20287517341704,84.74699401855469,43093900
2005-09-12,84.64500245319886,84.79463687925566,84.5225747581663,84.57698822021484,33017600
2005-09-13,84.42735632734012,84.62460124131927,84.01246274778977,84.1076889038086,58427500
2005-09-14,84.16206996513085,84.28449762425065,83.6723593286517,83.80158996582031,57694600
2005-09-15,84.06005155864977,84.10086424046499,83.5907498255683,83.76078796386719,73156900
2005-09-16,84.21979968376392,84.5203371858917,83.92608890785536,84.35640716552734,75424100
2005-09-19,84.33590118543616,84.39054625267335,83.76897033814123,84.07633972167969,53355300
2005-09-20,84.15149822136664,84.43155035852088,83.2430484854267,83.36599731445312,84480300
2005-09-21,83.18841402494057,83.2430591139832,82.49853410669432,82.58733367919922,94469100
2005-09-22,82.61461615087654,83.09958459743041,82.26626558052196,82.8810043334961,84597200
2005-09-23,82.8127128763237,83.25669498355094,82.58047912834579,82.94932556152344,59368100
2005-09-26,83.34546690853593,83.49573821622648,82.70340570009408,83.04492950439453,70415400
2005-09-27,83.0039411454679,83.32497434773278,82.6624173492269,83.0244369506836,66150800
2005-09-28,83.2840468896599,83.41382768355494,82.78541953251812,83.10645294189453,58620500
2005-09-29,83.0244551391525,83.91924601373235,82.7034218665577,83.78263854980469,66607700
2005-09-30,83.75532697202355,84.04220581054688,83.15424154512739,84.04220581054688,47824200
2005-10-03,83.98758165745411,84.2471380220335,83.639225717465,83.74168395996094,50994800
2005-10-04,83.87145732485365,84.03538737159296,82.75809105675073,82.799072265625,60776300
2005-10-05,82.81957529022536,82.86055650524544,81.67205436847601,81.7130355834961,106052100
2005-10-06,81.8154882417656,82.14335357325194,80.71578054976467,81.41931915283203,140941800
2005-10-07,81.76085842649401,81.9999294390883,81.37152120393904,81.69938659667969,75661400
2005-10-10,81.74715325481351,81.76764385309548,80.80454925515842,81.00946044921875,52677000
2005-10-11,81.27584611710748,81.54906624524936,80.81820539893309,80.89334106445312,75629800
2005-10-12,80.86606055852026,81.37151467097289,80.19667636848035,80.25814819335938,100510400
2005-10-13,80.2308177547153,80.65430939234653,79.83464866253539,80.2103271484375,99052900
2005-10-14,80.68161592344246,81.15291540801269,80.29910557429066,81.05728912353516,88651000
2005-10-17,81.14604502867958,81.46707297601812,80.90697423485292,81.3577880859375,68109300
2005-10-18,81.24170761757304,81.25536628073083,80.46303353654923,80.47669219970703,74996900
2005-10-19,80.25811962365898,81.82913170929949,79.99856332560383,81.81546783447266,116563800
2005-10-20,81.61743038948626,81.83600561154584,80.12155833058401,80.37428283691406,131966700
2005-10-21,80.79770565071928,81.13239753388703,80.26492932736332,80.68841552734375,96579500
2005-10-24,80.90020020357547,82.02722514285897,80.87970959904192,81.93843078613281,71308400
2005-10-25,81.77449798583984,82.12968061203016,81.24172144093333,81.77449798583984,76594500
2005-10-26,81.63104192203703,82.33458030400934,81.41246684015009,81.53541564941406,80855800
2005-10-27,81.41930511608203,81.53542721608967,80.55183660244505,80.66795349121094,66623100
2005-10-28,80.89336221951727,81.93159272448372,80.66795516400919,81.82913970947266,72322000
2005-10-31,82.1638021489287,82.85368173209963,82.05451202392578,82.05451202392578,77698900
2005-11-01,82.36193021672184,82.58050537126041,82.11603251646059,82.30045318603516,66365100
2005-11-02,82.08187756619228,83.16109466552734,82.05455502062449,83.16109466552734,74012300
2005-11-03,83.43430345493296,83.78265934904158,83.16108324800938,83.51626586914062,84897600
2005-11-04,83.60506694519673,83.64604815304187,83.024477252008,83.406982421875,59156000
2005-11-07,83.5845254652182,83.75528734229015,83.22933784261478,83.48889923095703,46765400
2005-11-08,83.28398289397514,83.61867471388923,83.18835665971397,83.48889923095703,42152800
2005-11-09,83.38651572261084,83.9807642516889,83.23624430244374,83.59825897216797,57666800
2005-11-10,83.56403799489306,84.37003434348992,83.16104242621434,84.24708557128906,79048100
2005-11-11,84.25399771347432,84.58868988537822,83.62559459566657,84.53404998779297,34867000
2005-11-14,84.55450217466692,84.7116002771028,84.27445002761907,84.48619842529297,45092200
2005-11-15,84.39055083446479,84.75939203024015,83.91924622362633,84.17880249023438,69592500
2005-11-16,84.26757833942845,84.39052710719885,84.00119021113251,84.34954071044922,51133000
2005-11-17,84.47936073002995,85.14191799741475,84.11051425505568,85.13508605957031,55717500
2005-11-18,85.42195919963807,85.5722305547128,84.92333720642608,85.46977233886719,72437200
2005-11-21,85.48342590991219,86.00254365271459,85.36730904452922,85.90008544921875,50021200
2005-11-22,85.76345429702516,86.41917936239032,85.66782805069522,86.26891326904297,66438800
2005-11-23,86.23476365813586,87.02710141373645,86.20744112746965,86.76753997802734,50854700
2005-11-25,86.73340058905765,86.89733058046212,86.61727851770738,86.83585357666016,15270000
2005-11-28,86.91781379563486,86.9314724557416,86.09132676131593,86.22110748291016,54498500
2005-11-29,86.50802155466494,86.73342862272663,86.1255111694336,86.1255111694336,51738900
2005-11-30,86.17336556955628,86.41925813336414,85.57911174463945,85.66107940673828,56007200
2005-12-01,86.07767812786847,86.76755783828575,86.05036080281911,86.53532409667969,65468200
2005-12-02,86.58996247230232,86.80171082210866,86.40554186955833,86.64460754394531,46699400
2005-12-05,86.542159854915,86.56265566770261,86.18697726855191,86.46019744873047,59273400
2005-12-06,86.78124883777816,87.25254840519,86.4943647226775,86.6241455078125,57935200
2005-12-07,86.5899516971102,86.65826063378404,85.84543223077527,86.11865234375,66816500
2005-12-08,86.2143048767965,86.62413256554005,85.70885090105419,86.06403350830078,62608600
2005-12-09,86.17331183713412,86.59679813247374,85.94107287828629,86.2894287109375,50744500
2005-12-12,86.54896224637832,86.65142043037325,86.03667653764346,86.37136840820312,48389900
2005-12-13,86.35089680774081,87.22519710916455,86.26210247474151,86.95880889892578,88630900
2005-12-14,86.87686003138617,87.49159894382541,86.84270555347658,87.30034637451172,64375000
2005-12-15,87.32083000777455,87.43012015936957,86.87002116054825,87.04761505126953,55900300
2005-12-16,87.3991823069782,87.45411705465497,86.76744842529297,86.76744842529297,46238300
2005-12-19,87.0215262200761,87.1176594184851,86.30739014699034,86.32112121582031,48733000
2005-12-20,86.4241102671095,86.92537541048632,86.16317808554798,86.40351104736328,46603200
2005-12-21,86.67133177802597,87.04213353731507,86.38293215597896,86.54086303710938,51806900
2005-12-22,86.73310403749711,86.9940414428711,86.57517320264319,86.9940414428711,32247900
2005-12-23,87.05585295547611,87.1107877062848,86.80865181570323,87.04212188720703,27977300
2005-12-27,87.17944579361408,87.24124869250923,86.0945081362611,86.15631103515625,44499500
2005-12-28,86.3417265111961,86.51339369740987,86.17692747931358,86.34859466552734,30764300
2005-12-29,86.32797617892376,86.49277517403446,85.87477239378732,85.96404266357422,32788900
2005-12-30,85.69624298122022,85.87477304441546,85.39410712217348,85.49710845947266,44645600
2006-01-03,85.96405718025372,87.20692586456337,85.41472011863114,87.00092315673828,73256700
2006-01-04,87.11081263136647,87.54341213031594,87.00094309831205,87.41294860839844,51899600
2006-01-05,87.3099341087892,87.61206480154529,87.12453060934168,87.46786499023438,47307500
2006-01-06,87.90730209369927,88.29183476759503,87.45409838043805,88.1957015991211,62885900
2006-01-09,88.18200213261854,88.62146972604279,88.1545399920381,88.4223403930664,43527400
2006-01-10,88.16138419472733,88.56651616813282,88.07211392075499,88.51158142089844,44960800
2006-01-11,88.59398442757082,88.88238397808216,88.39484466891437,88.7931137084961,49598900
2006-01-12,88.63520617587066,88.77253783445859,88.19573858174896,88.44293975830078,40509200
2006-01-13,88.28498066837034,88.51157206989237,88.0309061795371,88.36050415039062,44856700
2006-01-17,88.03092319964439,88.18199114835397,87.76312283197426,88.12019348144531,52066600
2006-01-18,87.6051900000852,88.51158719424502,87.31679041659197,87.76998901367188,75067600
2006-01-19,87.982857614014,88.42232513158721,87.76311861636133,88.10645294189453,81530400
2006-01-20,88.08584415370818,88.10644337278436,86.49964141845703,86.49964141845703,114957800
2006-01-23,86.66447022194282,87.08333861679795,86.60953545959883,86.80867004394531,67017400
2006-01-24,86.95287111362035,87.3099418351125,86.80867128954876,86.89794158935547,53008800
2006-01-25,87.23438189598906,87.33051508344013,86.41037641072381,86.97344970703125,87747700
2006-01-26,87.37859047595657,87.66699006735087,87.04212428599655,87.4541244506836,71294000
2006-01-27,87.660097405477,88.3467658598936,87.51589241984871,88.26435852050781,65771200
2006-01-30,88.1957015991211,88.44976558486017,88.1339039503299,88.1957015991211,33709600
2006-01-31,88.11329744275952,88.2643548569505,87.54335615305806,87.55022430419922,72937000
2006-02-01,87.77001405686049,88.18887724447598,87.70134821817932,88.16141510009766,63561000
2006-02-02,87.96226547867404,87.98972761672684,87.06959406483037,87.13825988769531,83626900
2006-02-03,86.9185441232943,88.16141306296822,86.6164081534373,86.70567321777344,86040400
2006-02-06,86.82237909583947,87.06958020991064,86.63697564085328,86.93224334716797,45511900
2006-02-07,86.78119040204504,86.97346204308421,86.1082579944408,86.16319274902344,71208100
2006-02-08,86.4172536904259,87.96226348361047,86.24558651772386,86.94599151611328,59422200
2006-02-09,87.1520238776058,87.61895898388096,86.77435908975595,86.80182647705078,62023300
2006-02-10,86.81551701006705,87.29618296609353,86.14257943276398,86.959716796875,64508700
2006-02-13,86.93229001811564,87.06275879804895,86.4859541425945,86.80182647705078,52308700
2006-02-14,86.83609794562184,87.91416728186536,86.66443082049476,87.7219009399414,90964400
2006-02-15,87.67381093986377,88.11328348257713,87.37167520389318,88.03087615966797,85471300
2006-02-16,88.12706635663538,88.72447530413751,88.01719684011385,88.69013977050781,61017900
2006-02-17,88.61458756608944,88.69012153344946,88.29185247625405,88.44978332519531,40342600
2006-02-21,88.65579563011322,88.85492494145979,88.09272227090432,88.23006439208984,46456300
2006-02-22,88.42233640705255,89.02659777218756,88.33992903355832,88.76567077636719,42326700
2006-02-23,88.76563103187564,89.01969499853755,88.08582551302914,88.63516235351562,43423200
2006-02-24,88.6558136603091,88.9098777762531,88.41547537708888,88.86181640625,36777400
2006-02-27,88.85490162248746,89.29436905284265,88.7725047535865,88.89611053466797,35858600
2006-02-28,88.71756000610945,89.20509920680685,87.98283022659677,88.0514907836914,74394800
2006-03-01,88.30560791878155,88.91674270431949,88.23693685076132,88.83433532714844,48641600
2006-03-02,88.51159664059081,88.86866732014731,88.3124673156408,88.82746887207031,60642300
2006-03-03,88.35366101040835,89.3150034839979,88.33992470254384,88.41545867919922,73402500
2006-03-06,88.67636896049966,88.70383109007855,87.79056597393209,88.01029968261719,57478400
2006-03-07,87.79745949390944,87.93479113694384,87.48159252383724,87.87299346923828,61780800
2006-03-08,87.68759602789838,88.19573466762988,87.33053058809612,88.05840301513672,66692400
2006-03-09,88.08586792361463,88.36053123723529,87.46786499023438,87.46786499023438,56313600
2006-03-10,87.69442446419548,88.47035790319791,87.50902629341238,88.29869079589844,60490800
2006-03-13,88.47044781918703,88.69018696916966,88.25758206622847,88.46358489990234,45479100
2006-03-14,88.38117019046271,89.42489950984356,88.3124991004631,89.39056396484375,69877300
2006-03-15,89.36994233254286,89.85748180276747,89.16395006965111,89.78881072998047,53398900
2006-03-16,89.96044582370496,90.2763179769492,89.84371342382126,89.97418212890625,65526400
2006-03-17,90.0906863063314,90.24235497844826,89.883874952897,90.04932403564453,47286800
2006-03-20,90.06308458077457,90.2423245330794,89.76664806126347,89.90452575683594,45538500
2006-03-21,89.87697924496608,90.30441394451654,89.24273318043737,89.33924865722656,87102700
2006-03-22,89.28408093732925,89.97348009356669,89.24271867105841,89.88386535644531,51605700
2006-03-23,89.80114432928751,89.89076959980251,89.38751108258326,89.69773864746094,46704200
2006-03-24,89.61499395214787,90.01484669763401,89.4426441749243,89.76666259765625,43209200
2006-03-27,89.64257898689776,89.81492879045935,89.44265784330109,89.63568878173828,32523000
2006-03-28,89.57364270399107,89.98728647653121,88.96697849550314,89.08417510986328,82079900
2006-03-29,89.2151767615346,89.96661956504647,89.13244168230592,89.6426010131836,61505700
2006-03-30,89.69774377817733,90.29751780587448,89.31168185141141,89.4840316772461,70571700
2006-03-31,89.6357025197064,89.78737121163779,89.18758665012774,89.50471496582031,62925600
2006-04-03,89.67017953327044,90.22169060408267,89.27032664335202,89.43577575683594,61624700
2006-04-04,89.43576244367009,90.12516169896263,89.18068808541915,90.00796508789062,54809300
2006-04-05,90.04243603738371,90.50433227037125,89.88387715606504,90.31819152832031,50607200
2006-04-06,90.20790690420587,90.45609108478864,89.7529008199043,90.22168731689453,57906200
2006-04-07,90.3526457581635,90.5870389311282,89.17377916982035,89.30475616455078,80180900
2006-04-10,89.44268035888672,89.67707362607943,89.11176107877952,89.44268035888672,41496500
2006-04-11,89.51853476406734,89.66330277706676,88.41549128876629,88.68435668945312,72799400
2006-04-12,88.7739657533191,89.02214996388186,88.66365932209115,88.84980010986328,43033700
2006-04-13,88.64986227365982,89.1048683815406,88.45683129202546,88.73259735107422,51051800
2006-04-17,88.81533201963887,89.14624080876779,88.25692015067109,88.69813537597656,64167700
2006-04-18,88.88424487670063,90.26994417369541,88.88424487670063,90.10448455810547,92531800
2006-04-19,90.13893959453685,90.35955237363868,89.78734981216415,90.27681732177734,87269000
2006-04-20,90.31131465988716,90.90419852041506,90.03555912822735,90.40093994140625,86005500
2006-04-21,90.78700782070929,90.8559414484251,90.04934542029066,90.41472625732422,72342600
2006-04-24,90.2354690180536,90.35956635534956,89.88387918127796,90.24925994873047,52546400
2006-04-25,90.33888758123007,90.39404079240401,89.56676366359373,89.87699127197266,84359800
2006-04-26,89.9666187060125,90.40783388655335,89.82874093448092,89.89767456054688,67262400
2006-04-27,89.55297605980631,90.74564457190266,89.33926393318784,90.33200073242188,124478600
2006-04-28,90.16653318858603,90.82836116985827,90.11139049959567,90.63533020019531,55854400
2006-05-01,90.6353369433103,90.86284000006727,89.84253186745399,89.89767456054688,64990300
2006-05-02,90.31822588054615,90.62846407509497,90.13209558709889,90.57331085205078,49063500
2006-05-03,90.41473659683436,90.53194376421449,89.93215907003814,90.2354965209961,60821300
2006-05-04,90.36647066593534,90.73874169713365,90.29063631447278,90.55950164794922,42921400
2006-05-05,91.03517340427676,91.5522228436959,90.89729565764455,91.35919189453125,62588200
2006-05-08,91.35229178922455,91.53154232852026,91.24888610839844,91.24888610839844,30016700
2006-05-09,91.29024573055628,91.53153967134286,91.21441139368599,91.4281234741211,29864000
2006-05-10,91.28335970624963,91.51775293298554,90.92486914104302,91.37987518310547,64378200
2006-05-11,91.352278321408,91.37986017849386,89.9803807341801,90.27681732177734,80626900
2006-05-12,89.87010059819303,90.11828478748596,89.06350461284086,89.09797668457031,91726500
2006-05-15,88.78773589298744,89.4426736779876,88.66364906176575,89.27721405029297,84029300
2006-05-16,89.45644491181287,89.62190452253004,88.93939546264443,89.1462173461914,62137600
2006-05-17,88.70500866791416,89.00145584368273,87.39514891645257,87.45030212402344,144789500
2006-05-18,87.7950244993684,88.07078534887842,86.94017059961799,87.00910949707031,87906300
2006-05-19,87.46411409937711,87.89153841163997,86.72645686466151,87.62267303466797,124309400
2006-05-22,87.05734466502014,87.67090963465319,86.51961404082031,86.95393371582031,110852800
2006-05-23,87.67777739841868,87.98800488830132,86.29208374023438,86.29208374023438,92006500
2006-05-24,86.64368697188557,87.47785932752488,86.00944100457774,86.98149108886719,168405000
2006-05-25,87.49854413776521,88.05696105957031,87.16074000658818,88.05696105957031,78977900
2006-05-26,88.2499810802167,88.50506591796875,87.90528676618149,88.50506591796875,62989700
2006-05-30,88.2224522356228,88.24313337845628,86.89880649727411,86.93327331542969,72419900
2006-05-31,87.29173143849037,87.9052963256836,87.00217976769576,87.9052963256836,86926200
2006-06-01,87.81569550952669,88.89116217254693,87.7398611531695,88.74638366699219,73721700
2006-06-02,89.10486020228659,89.2289470279185,88.46372389772459,88.93251037597656,91702600
2006-06-05,88.82912270482241,88.83601291228884,87.39516533705172,87.63645935058594,86105100
2006-06-06,87.69849028287135,87.81568690950961,86.69886333380447,87.4227294921875,130498600
2006-06-07,87.49167846488213,88.00183253700713,86.7195492602795,86.76780700683594,108599400
2006-06-08,86.57478943271988,87.20903570277552,85.39591693304013,86.69198608398438,204957200
2006-06-09,87.11250116712979,87.52613971987343,86.3748440824988,86.41620635986328,94972200
2006-06-12,86.78159451011508,86.81606658396792,85.36143343033832,85.47863006591797,95815900
2006-06-13,85.30629031417078,86.0646286914013,84.48590850830078,84.48590850830078,185688800
2006-06-14,84.68580966053139,85.23043575267135,84.34111000168579,85.14081573486328,163566400
2006-06-15,85.45105884289431,87.11251402492624,85.38901541768998,86.94705963134766,134057000
2006-06-16,86.75663433029287,86.94359258603357,86.18190238980199,86.31346893310547,94253500
2006-06-19,86.83279194430261,86.88818893207458,85.55176697902394,85.63485717773438,95804400
2006-06-20,85.87028273945434,86.42423671030532,85.66947264202626,85.92567443847656,65494700
2006-06-21,85.86337165037637,87.04052866466205,85.83567315459992,86.562744140625,75008200
2006-06-22,86.52119736667822,86.59736691250562,85.89107373104477,86.18190002441406,74566100
2006-06-23,86.09186026021895,86.76353409851336,85.88412423167236,86.16802978515625,54107000
2006-06-26,86.2372827370321,86.5973525716296,86.0364726297374,86.54888153076172,37899600
2006-06-27,86.56273067445615,86.75661483178173,85.70409328780421,85.80104064941406,69780200
2006-06-28,85.9949145319728,86.39652940289879,85.62099286625843,86.38268280029297,62368100
2006-06-29,86.69430613774718,88.18306728011545,86.6735335864731,88.12767028808594,110634800
2006-06-30,88.31464300907882,88.39773850577339,87.91302269947782,88.13460540771484,54227800
2006-07-03,88.23846754718237,88.64008254693267,88.15537205605396,88.49467468261719,23914000
2006-07-05,88.14151295983588,88.2523016493608,87.60832621247083,87.98917388916016,69653400
2006-07-06,88.07917802146841,88.52926922811686,87.9960878363895,88.24536895751953,50100300
2006-07-07,88.07225921758751,88.32846100424281,87.44905640162762,87.67063903808594,81626500
2006-07-10,87.89914543128474,88.23844267927697,87.53214969405586,87.83682250976562,60964100
2006-07-11,87.6706121652082,88.22457122802734,87.20667448779062,88.22457122802734,73640800
2006-07-12,88.04456508134096,88.21767668972625,87.0543664700593,87.28287506103516,82561300
2006-07-13,86.86743363132138,87.02669869173945,85.86338806152344,85.86338806152344,102405700
2006-07-14,85.95338339437056,86.04340482176744,85.05320610103512,85.53099060058594,103242500
2006-07-17,85.53096684245592,85.93258697465083,85.27476508597854,85.40632629394531,81159000
2006-07-18,85.66255276934581,85.89798731792635,84.74852363386591,85.84259033203125,122771000
2006-07-19,85.98802680159962,87.4283171281946,85.66950197065148,87.03362274169922,133565300
2006-07-20,87.3313748078119,87.4560154181393,86.32040331646694,86.43811798095703,112259800
2006-07-21,86.65967426120727,86.68737275315682,85.73871921493686,85.8287353515625,101560000
2006-07-24,86.1680411900244,87.46983866343678,86.1680411900244,87.39366912841797,92884000
2006-07-25,87.2343898912219,88.14841882411804,87.05435236843967,87.70525360107422,95480700
2006-07-26,87.65682991442962,88.25233453097671,87.37292949934984,87.8230209350586,84525800
2006-07-27,88.20384425592171,88.41850629006704,87.38675707281713,87.73990631103516,87257100
2006-07-28,87.96837675510577,88.73006661266385,87.84373621238201,88.61927795410156,82137000
2006-07-31,88.39772037711082,88.60545115182293,88.25230196698071,88.52928161621094,49593100
2006-08-01,88.17611538816526,88.20381387602929,87.66370657004656,88.09302520751953,65225600
2006-08-02,88.34232199173245,88.95167826697899,88.32154944288492,88.68854522705078,64770900
2006-08-03,88.17612207390833,89.01398686722193,88.04456085026182,88.92396545410156,63693800
2006-08-04,89.38097788518114,89.6233277729156,88.2730647599635,88.77162170410156,96294200
2006-08-07,88.56391143798828,88.68855202357243,88.21768817613763,88.56391143798828,45377300
2006-08-08,88.69542956359493,88.95164183760933,87.90604133299199,88.22457122802734,90901300
2006-08-09,88.75776227606615,89.04859902206205,87.67062707181327,87.92683410644531,78910600
2006-08-10,87.64984338071422,88.28689263219256,87.44210740251914,88.1968765258789,69322300
2006-08-11,88.05843580730897,88.07920836073389,87.5183282864671,87.94764709472656,47482200
2006-08-14,88.37691543862299,88.74391639898377,87.88527922143065,88.016845703125,57839000
2006-08-15,88.80621827956122,89.2355315092627,88.56386318489992,89.06935119628906,68143000
2006-08-16,89.54718787439757,89.94187689140313,89.3532931306934,89.81031036376953,71737600
2006-08-17,89.72720433876934,90.27423233699018,89.66488669958468,90.03880310058594,70992800
2006-08-18,90.1495959018005,90.49581909179688,89.73412384744753,90.49581909179688,58288400
2006-08-21,90.14269951198598,90.21194840310419,89.87957697071096,90.10808563232422,42133600
2006-08-22,90.0111091501144,90.37810488791538,89.79644189598581,90.10111999511719,60839900
2006-08-23,90.14267101975476,90.32271385339534,89.45715581748944,89.85184478759766,66592100
2006-08-24,90.011120371696,90.08728990597481,89.60256892462166,89.77568054199219,57983000
2006-08-25,89.76875997734409,90.19115274681718,89.70644233083854,89.886474609375,41756000
2006-08-28,89.77568844993738,90.58586018858311,89.768767788355,90.3157958984375,52681500
2006-08-29,90.35732958003193,90.59275880729483,89.88646055961316,90.41964721679688,61817800
2006-08-30,90.62046735301018,90.73818198656836,90.39888997392855,90.47505950927734,50052200
2006-08-31,90.60660000848819,90.70354206509974,90.41963655434745,90.461181640625,37510300
2006-09-01,90.80740525344352,91.11208330892043,90.59966925508273,91.00128936767578,48794500
2006-09-05,91.06360638908532,91.29904615413035,90.84894973304013,91.17440032958984,52348300
2006-09-06,90.78667274144226,90.8212971840849,90.24656524708566,90.37120056152344,53795600
2006-09-07,90.059581733134,90.41273617749962,89.5679506807066,89.95571899414062,86269400
2006-09-08,90.07343451656068,90.33656754582094,89.90032290591982,90.21192169189453,45096300
2006-09-11,89.92108567340942,90.49581742613209,89.65795267276955,90.30193328857422,68496600
2006-09-12,90.40579517070492,91.29212566721043,90.27422867161704,91.18826293945312,69875600
2006-09-13,91.15365473473561,91.71453469625466,91.07056453773866,91.5552749633789,62898400
2006-09-14,91.37525711024311,91.56914131111529,91.22983867664072,91.56221008300781,57805400
2006-09-15,92.0205153640323,92.07615597970428,91.5823521483419,91.777099609375,76703100
2006-09-18,91.65884873948694,92.07614801474759,91.56148032357432,91.90227508544922,64154100
2006-09-19,91.88839132985738,91.89535304114155,91.15813328582469,91.67279052734375,92089100
2006-09-20,91.97882097320701,92.34047980029197,91.84667578952022,92.1596450805664,75204100
2006-09-21,92.22918352499454,92.32655196886637,91.40154644590172,91.71451568603516,88932500
2006-09-22,91.57539841405203,91.582349511175,91.10942021012491,91.4363021850586,65966800
2006-09-25,91.61715209184024,92.39611029641287,91.14422265724704,92.1387710571289,92299100
2006-09-26,92.1526685060677,92.91771377257281,92.08311507734423,92.90380096435547,73962700
2006-09-27,92.8412103514724,93.17504346612115,92.68820129634935,93.01508331298828,82432200
2006-09-28,93.01509288046233,93.18896585986268,92.69516192892533,92.98031616210938,58597500
2006-09-29,93.05681001765649,93.15417845045138,92.834247535632,92.90380096435547,47966600
2006-10-02,92.87598876909684,93.07768737412367,92.46565107247642,92.55606842041016,51687400
2006-10-03,92.42389623382388,93.10547516261961,92.2569743969842,92.75077819824219,73108100
2006-10-04,92.66034892786368,93.8913721114525,92.5560294260173,93.83573150634766,80890500
2006-10-05,93.8357470077298,94.17654179066008,93.7175146819855,94.01657104492188,60505900
2006-10-06,93.85666389244612,93.9609940827809,93.47414108595468,93.89839172363281,64983600
2006-10-09,93.78709872474111,94.10006799652761,93.64104073797913,93.95401000976562,41176800
2006-10-10,93.96092266564189,94.2043383666733,93.78008805145629,94.07915496826172,56403700
2006-10-11,93.78012498267294,94.19046265554007,93.40456402717987,93.96791076660156,104071800
2006-10-12,94.2043795253957,94.8581436356959,94.16960280652266,94.7816390991211,59158600
2006-10-13,94.69815770661062,95.08068028544169,94.61469148154455,95.02503967285156,53944000
2006-10-16,94.94856016393402,95.31717003360886,94.87900672678745,95.17111206054688,42273000
2006-10-17,94.91375233979971,95.07371245797654,94.35735686206519,94.87202453613281,90500600
2006-10-18,95.31021505310602,95.53972867706008,94.65646151463825,94.99724578857422,86848600
2006-10-19,94.85817837023825,95.19897336020054,94.74689707404217,95.15028381347656,64063200
2006-10-20,95.17111206054688,95.2476165964623,94.81641500077426,95.17111206054688,48094500
2006-10-23,94.97638319778514,95.83879707440795,94.85815083453583,95.60928344726562,66219900
2006-10-24,95.47710227421553,95.92916764633158,95.43537446908006,95.89440155029297,53234900
2006-10-25,95.79704778009912,96.26302602928845,95.63707701947419,96.22129821777344,78105400
2006-10-26,96.43688435545103,96.67334899307166,95.96394446784834,96.52033996582031,66843700
2006-10-27,96.40215604621478,96.49952451131712,95.72057679049846,95.91531372070312,80238000
2006-10-30,95.74145221167578,96.11701330439381,95.56061746020173,95.84577178955078,49717800
2006-10-31,96.02656510890644,96.15869964641396,95.45625669627654,95.83181762695312,71274100
2006-11-01,96.13088984124343,96.1934815643477,95.087652006716,95.18502044677734,83005600
2006-11-02,94.94157064886686,95.28931650803219,94.83725113606184,95.12935638427734,60693100
2006-11-03,95.47016478794377,95.55362041011233,94.32259692131136,94.96244812011719,71346400
2006-11-06,95.25453061650681,96.17257397549044,95.24756890885897,96.03347778320312,63303300
2006-11-07,96.11696830172083,96.65945107741247,95.97787205889071,96.4021224975586,63318900
2006-11-08,95.97787107658219,96.70813960942007,95.18501082696581,96.61077117919922,87517800
2006-11-09,96.68032504026125,96.77074238306976,95.90832860803062,96.10306549072266,95916300
2006-11-10,96.07523722418182,96.21433346228359,95.7831319404593,96.14479064941406,48991500
2006-11-13,96.10309865690894,96.70122232084299,96.02660470950494,96.38130187988281,59398200
2006-11-14,96.65250302491302,97.18803471966369,96.06133070880456,97.10456848144531,96704000
2006-11-15,97.06975190069626,97.68177719263963,97.04192629830554,97.38272094726562,76509600
2006-11-16,97.67489127121928,97.84180254750264,97.01417604041274,97.63316345214844,76728800
2006-11-17,97.32017013655832,97.6679160639166,97.1810738880877,97.66096496582031,56353800
2006-11-20,97.57751750941405,97.88353564909053,97.32713999625733,97.71661376953125,69174200
2006-11-21,97.70965294153521,97.8348363794664,97.57054608290501,97.81397247314453,51367900
2006-11-22,97.89043470332906,98.17558878300113,97.71656181753274,98.0086669921875,45505300
2006-11-24,97.53576202730817,97.95305068929889,97.50793641575862,97.61226654052734,30998000
2006-11-27,97.56360439217677,97.61229391986474,96.24217400668186,96.26998901367188,84545100
2006-11-28,96.14479596034168,96.78464718084463,96.05437862501776,96.6872787475586,106652900
2006-11-29,97.0002176048271,97.73743702795934,96.72897629608298,97.69570922851562,90034900
2006-11-30,97.67485793874985,98.09910830846555,97.20191805515728,97.7374496459961,83994300
2006-12-01,97.73748955414443,97.82790690977131,96.65252373608445,97.52188873291016,126080000
2006-12-04,97.54270742650235,98.44684872654636,97.52879462154023,98.2660140991211,87813200
2006-12-05,98.45380483562303,98.73200788722632,98.2451552000109,98.69026947021484,73374400
2006-12-06,98.6694566685906,98.80856357261607,98.41212799840375,98.60686492919922,53253200
2006-12-07,98.78072618375575,98.96851199193458,98.14087482842791,98.17565155029297,62857400
2006-12-08,98.15477259516996,98.69029370282172,97.91134619179087,98.35646057128906,79625500
2006-12-11,98.35645498980115,98.82243325030426,98.30081436897585,98.64160919189453,39779400
2006-12-12,98.5442224623557,98.669405876698,97.98782696976909,98.5650863647461,77451600
2006-12-13,98.91982640263784,98.99633094884484,98.45384802569183,98.66944885253906,55520200
2006-12-14,98.66247951402501,99.62226171403867,98.64856670482314,99.5387954711914,64755200
2006-12-15,99.75770193005188,99.9325436686191,99.47795941694147,99.54788970947266,70857400
2006-12-18,99.68773216002997,99.92552496610277,99.13523712126465,99.27510833740234,48954600
2006-12-19,98.99537661675787,99.70173327115172,98.74360413187148,99.46395111083984,65023600
2006-12-20,99.50590042017609,99.77166320027686,99.31706840949975,99.40798950195312,41469600
2006-12-21,99.4989369522174,99.61082755161999,98.83454049745293,99.04434204101562,48698400
2006-12-22,99.05834933862647,99.06533916744522,98.37996244090436,98.4359130859375,62069100
2006-12-26,98.47787991235914,99.03737572818532,98.45689975302149,99.01639556884766,32696900
2006-12-27,99.21914617501226,99.72969152818595,99.19117620363421,99.66674041748047,39727100
2006-12-28,99.59684145867544,99.79965316150763,99.30310864518131,99.45697021484375,37288800
2006-12-29,99.35206520023097,99.68775834142382,98.91146061576423,99.04434204101562,45461200
2007-01-03,99.48497622566819,99.9115906103323,98.31004454616453,98.8695297241211,94807600
2007-01-04,98.77156920096249,99.34505509361676,98.33796520411974,99.07929229736328,69620600
2007-01-05,98.84153020773331,98.89048034400898,98.17713375375759,98.28902435302734,76645300
2007-01-08,98.48483664017093,98.89746048574195,98.08619244694819,98.74359893798828,71655000
2007-01-09,98.82754736308053,99.03036976562909,98.19112084286634,98.65970611572266,75680100
2007-01-10,98.31699422417029,99.00937125565078,98.12117235755807,98.9883804321289,72428000
2007-01-11,99.01636300403212,99.74369985535074,98.96041237370122,99.4219970703125,54476800
2007-01-12,99.41498161350931,100.17729949951172,99.3870116382981,100.17729949951172,55370600
2007-01-16,100.05844477618932,100.31720715897629,99.82065187881047,99.98151397705078,44871300
2007-01-17,99.90455405111427,100.33116823623317,99.82062277648237,100.02344512939453,50241400
2007-01-18,100.12837165167225,100.19131212022607,99.52691560756215,99.6877670288086,68177300
2007-01-19,99.68777336769998,100.07942787486836,99.63183339531294,99.88360595703125,56973000
2007-01-22,100.05841625460813,100.07939640552974,99.26112783362404,99.57585144042969,60253600
2007-01-23,99.4919646777135,100.0654508501224,99.35209338516114,99.86962890625,54064400
2007-01-24,99.988474521628,100.69483116394106,99.94651422011307,100.6738510131836,55834700
2007-01-25,100.6109270878137,100.65288739622126,99.3170939972873,99.49193572998047,73583800
2007-01-26,99.70876232335307,99.76470229468909,99.01638512376277,99.40103912353516,67255600
2007-01-29,99.44296555017829,99.86957971882053,99.12825262906294,99.34505462646484,66114600
2007-01-30,99.55491255716971,99.91158594217657,99.35209011886553,99.86262512207031,70407600
2007-01-31,99.7507166021868,100.79976708091472,99.58985451197333,100.53400421142578,91868600
2007-02-01,100.81374639206996,101.17043038337223,100.64590514580372,101.13545989990234,69312400
2007-02-02,101.2193789514593,101.37324053914327,100.97460691395707,101.27532958984375,49607000
2007-02-05,101.1984332420718,101.36628521435887,100.94666061938959,101.3033447265625,45705300
2007-02-06,101.38721894235091,101.42917924833098,100.93962455941046,101.33126831054688,57081300
2007-02-07,101.49209496642669,101.65994682092132,101.10745180771322,101.55504608154297,55669700
2007-02-08,101.25435114597414,101.49213335950766,100.89767782567385,101.42220306396484,70641000
2007-02-09,101.45016529435443,101.63899735372546,100.28222380026791,100.66687774658203,79084400
2007-02-12,100.66687422894915,100.73680451670383,100.14234904907468,100.32418060302734,65657000
2007-02-13,100.54797409230615,101.33825136895952,100.54097359411583,101.17041015625,64081800
2007-02-14,101.26836842529642,102.03766590996847,101.25437809386715,101.83485412597656,66039400
2007-02-15,101.8767684082035,102.07259027373222,101.7089165213969,101.96768951416016,38715200
2007-02-16,101.71589714855425,101.93968894908528,101.5690254423548,101.91870880126953,39841800
2007-02-20,101.79985067808447,102.24744509545899,101.40820689681834,102.13554382324219,56911800
2007-02-21,101.83480458220912,102.1565180195885,101.65297304807613,102.09356689453125,63971600
2007-02-22,102.14248545967365,102.40124766499919,101.5270394886437,102.01659393310547,79067400
2007-02-23,101.92574226682243,101.96070207683053,101.42918704109387,101.6180191040039,71966200
2007-02-26,101.98867669690055,102.07259731034347,101.23335916143824,101.52709197998047,69192800
2007-02-27,100.62489051952637,100.84868232838268,97.21197739467826,97.56166076660156,274466500
2007-02-28,98.1841065647259,99.2960972375351,97.77148270573241,98.56175994873047,177536300
2007-03-01,97.44974009513645,98.78553287068645,96.54756187092238,98.26799774169922,212828600
2007-03-02,97.9463539692763,98.37296828131518,96.97423423154757,96.9812240600586,162574000
2007-03-05,96.46368315291242,97.61764508146729,96.04406936465973,96.05805969238281,143750400
2007-03-06,97.0581522385774,97.99530146545523,96.31682491965931,97.70156860351562,143333300
2007-03-07,97.6246331095527,98.23308963211485,97.49175167736679,97.60365295410156,115144900
2007-03-08,98.28903499181243,98.72264979507754,97.96034231454594,98.42891693115234,117891600
2007-03-09,98.82751931864846,98.90445009235451,97.96730115556471,98.45685577392578,107765100
2007-03-12,98.20509264717215,98.84850887416712,98.02326110633379,98.6037368774414,80366900
2007-03-13,98.03725788689084,98.44989251438528,96.54061298032424,96.68748474121094,190605200
2007-03-14,96.81332518621137,97.46374175313404,95.6383942764641,97.40779113769531,231853800
2007-03-15,97.19104977647999,97.90440722878031,97.07215864634584,97.54073333740234,132435900
2007-03-16,97.81523182578191,98.03992202141012,96.97968257074413,97.26756286621094,121531600
2007-03-19,97.78009537957551,98.53139095867895,97.70285948559119,98.44010925292969,96161200
2007-03-20,98.35584639655643,99.03692356546604,98.27159296166096,98.98075103759766,82147400
2007-03-21,99.07208453915885,100.86253524979513,98.87548594572569,100.6097640991211,152368700
2007-03-22,100.74315322081078,100.88357923001361,100.25867438231593,100.53250885009766,118942200
2007-03-23,100.60275674097639,100.97489059581225,100.51147498698315,100.67999267578125,74416800
2007-03-26,100.7572295174461,100.86254637775477,99.76720817526079,100.54658508300781,113787500
2007-03-27,100.49040648357403,100.51849812051633,99.9778466044907,100.30785369873047,99864600
2007-03-28,99.80230096296437,100.03400873138052,99.18441358052128,99.57762145996094,152907900
2007-03-29,100.08311403642249,100.13226901988811,99.13523067719099,99.68289947509766,139432700
2007-03-30,99.87246654815907,100.29374441131294,98.69286496093838,99.70394897460938,128194100
2007-04-02,99.81634521484375,100.02698961135727,99.33888386849185,99.81634521484375,79416400
2007-04-03,100.38506752576853,101.09422585201676,100.34294079345132,100.89060974121094,82417800
2007-04-04,100.89064558734917,101.07319839685684,100.51851170123852,101.00299072265625,63995200
2007-04-05,100.87656902869885,101.41722045302726,100.83444229425065,101.27679443359375,46822800
2007-04-09,101.56462643836869,101.66995394932998,101.21355616279352,101.41718292236328,50967400
2007-04-10,101.3399919917358,101.7051082401825,101.29786525418797,101.53659057617188,56620000
2007-04-11,101.68403687120824,101.71211778942435,100.78528678101522,101.12232208251953,106365700
2007-04-12,100.92570241014195,101.75422324700605,100.64483971761632,101.57167053222656,115534400
2007-04-13,101.74023993383454,102.03514862060547,101.3610884582792,102.03514862060547,84287000
2007-04-16,102.39320732112846,103.11641158105321,102.38618976920036,103.00406646728516,83064600
2007-04-17,103.19363197128028,103.49554736603001,102.9689417775723,103.27788543701172,108424100
2007-04-18,102.93381057879448,103.70615876798583,102.91274721905928,103.40424346923828,88345300
2007-04-19,102.8987243810785,103.49553756317763,102.76531593042776,103.37617492675781,102947700
2007-04-20,104.07132078860424,104.3521728515625,103.24278898938434,104.3521728515625,124114100
2007-04-23,104.17658518612761,104.42935620106041,103.89573326456406,103.95892333984375,77270800
2007-04-24,104.0783345543894,104.1976972124957,103.43939452732853,104.0010986328125,114471000
2007-04-25,104.42941087652348,105.08240747107449,103.93089684767216,104.95601654052734,108418800
2007-04-26,104.96302877718321,105.18069070418755,104.6891943022716,105.07536315917969,88741600
2007-04-27,104.68217569966966,105.13857367585925,104.50664048893958,104.99111938476562,108191100
2007-04-30,105.0683857257392,105.13860411588867,104.064329172299,104.12049102783203,100874100
2007-05-01,104.21171002240123,104.94895981961433,103.68510455493698,104.38724517822266,134342700
2007-05-02,104.54875351695009,105.28600344811254,104.44343668984871,104.99812316894531,87129800
2007-05-03,105.30006993572646,105.60198537523479,105.1315522654629,105.56688690185547,86569700
2007-05-04,105.84770128089103,106.10748988878126,105.47556759949633,105.9670639038086,96409000
2007-05-07,105.93899201379564,106.16367146612177,105.88983702227058,105.9881362915039,63461400
2007-05-08,105.72836988577295,105.96709520211768,105.41240864780856,105.84773254394531,80584000
2007-05-09,105.77049624925885,107.30116885946248,105.58091522162128,106.13561248779297,102070100
2007-05-10,105.83364911188467,106.03727588460872,104.80852984071853,105.02619171142578,153617800
2007-05-11,105.14557301678477,105.97409392530315,105.12450965225071,105.9249496459961,113408900
2007-05-14,105.92497560273695,106.23391931003204,105.17367970419481,105.69326782226562,108027500
2007-05-15,105.81263791947497,106.48669793853111,105.45454989568233,105.72136688232422,180673300
2007-05-16,105.88281201040833,106.4655900347277,105.58791422349059,106.44452667236328,114166500
2007-05-17,106.29007452550246,106.69731746287357,106.10049351535324,106.23390197753906,101132800
2007-05-18,106.73242972499936,107.16073608398438,106.59200369385104,107.16073608398438,99182000
2007-05-21,107.13260669749651,107.5889937707182,107.07643416768524,107.1045150756836,174664600
2007-05-22,107.21688510327341,107.53987454645033,106.99220564552094,107.0202865600586,82148800
2007-05-23,107.39244314771166,107.778622766185,106.9781826087218,107.03435516357422,133786600
2007-05-24,107.09752400534732,107.57498526988093,105.84069682075916,106.06537628173828,187593000
2007-05-25,106.37432012433966,106.73943630219301,106.14962994910151,106.50772857666016,83309200
2007-05-29,106.683246054983,107.07644308258398,106.33919329892441,106.89389038085938,82020000
2007-05-30,106.34623278665299,107.80667598222972,106.26196861911913,107.7645492553711,129013600
2007-05-31,107.89799509371333,108.05246695494118,107.51181544064372,107.65225219726562,114866700
2007-06-01,108.04541841885457,108.41052388267471,107.78561906466199,108.18584442138672,107771700
2007-06-04,107.80673554232516,108.40355973939478,107.76460879219272,108.19994354248047,78008800
2007-06-05,107.94716458901196,108.05949901003758,107.32927706117316,107.7716293334961,126917900
2007-06-06,107.32926199821033,107.3924521100105,106.54988514454747,106.61307525634766,164096800
2007-06-07,106.41646954103555,107.07648367923673,104.66111734957266,104.689208984375,232414600
2007-06-08,105.02623377287844,106.15668101453743,104.6821808858276,106.05135345458984,175886000
2007-06-11,105.97410260398108,106.69028919824189,105.81261322472258,106.23390197753906,102015600
2007-06-12,105.79154975272465,106.40240880126176,105.00515550965915,105.07536315917969,233898000
2007-06-13,105.67216490562888,106.77453083830588,105.12449607086444,106.64813995361328,193208200
2007-06-14,106.76754689934621,107.51181456255422,106.74648352878901,107.32926177978516,146396500
2007-06-15,107.98928987893878,108.35597978582712,107.84120005269668,107.93993377685547,154030800
2007-06-18,108.15850104280025,108.16554883810359,107.65078002114731,107.8129653930664,88537500
2007-06-19,107.57324196804949,108.15853194523604,107.43925849905553,108.08096313476562,110851700
2007-06-20,108.29958157959831,108.29958157959831,106.45204692958491,106.57897186279297,177119700
2007-06-21,106.5366566504855,107.26297797012036,105.95136661194532,107.17130279541016,205262000
2007-06-22,106.84690806117204,107.02319981316579,105.66928044905313,106.16289520263672,204964700
2007-06-25,105.94431826229157,106.65653322210973,105.08401346409694,105.65519714355469,232014400
2007-06-26,105.92315948635027,106.09945126910766,104.56218132826501,104.56922912597656,198445700
2007-06-27,104.45640731576596,106.17701678359545,104.40704045333005,106.05712890625,213638000
2007-06-28,106.04304504394531,106.76936638589036,105.54237160668353,106.04304504394531,157705000
2007-06-29,106.40972227934276,106.93859765997567,105.17567972453263,106.07829284667969,199701800
2007-07-02,106.38852497575786,107.12895236034012,106.31801474293604,107.03727722167969,103357000
2007-07-03,107.3123339403116,107.53799259777435,107.17836121743973,107.42516326904297,54048400
2007-07-05,107.46744686647108,107.58027616925871,106.92447602179536,107.31230926513672,89279000
2007-07-06,107.45331782423223,108.01039484834128,107.13598416392621,107.87641143798828,81109000
2007-07-09,108.0034289229158,108.14446023440577,107.62263254589361,107.96112060546875,72348100
2007-07-10,107.38984981522924,107.61550836144151,106.3180040006961,106.42377471923828,180362600
2007-07-11,106.30397153918197,107.22069119035883,106.14178607135813,107.17838287353516,175607600
2007-07-12,107.44633243122279,109.12463396053587,107.42517827413047,108.87077331542969,133882500
2007-07-13,108.99770631475113,109.62530473292115,108.87077061534688,109.19515228271484,111794300
2007-07-16,109.29382904984054,109.67461446703484,109.00470801901145,109.18099975585938,98378700
2007-07-17,109.25155873141689,109.63940287749728,109.07526691592568,109.1246337890625,126201300
2007-07-18,108.75786487100308,109.15981508341429,108.10206495810988,108.92710876464844,237887400
2007-07-19,109.4419528149441,109.67465929389574,109.12462971091843,109.35028839111328,145212700
2007-07-20,109.22330753739199,109.29382853579696,107.77066535419627,108.24312591552734,245502500
2007-07-23,108.72264875453185,109.10344498065082,108.10210907788571,108.57456970214844,121183900
2007-07-24,107.97516312317204,108.79315939167947,106.31096864172319,106.69176483154297,256732400
2007-07-25,107.199513877075,107.46042228113151,105.95136500037792,106.91039276123047,265214500
2007-07-26,105.90905664880583,106.33920904342168,103.22941930988733,104.37884521484375,467592500
2007-07-27,104.51278861217338,104.97819057801951,102.28445867633222,102.32676696777344,422987600
2007-07-30,102.90503505491661,104.23075271461016,102.45372851799914,103.92753601074219,283017500
2007-07-31,104.5974679987256,105.39431049929408,102.27746153176045,102.7569808959961,316976700
2007-08-01,102.37612499644241,103.66658170984205,101.50877272546633,103.25758361816406,467670000
2007-08-02,103.49033114157812,104.19549831938664,102.43258037486535,104.08267974853516,294758400
2007-08-03,103.85700887288564,104.06856115334836,100.97992583458242,101.40303039550781,359398200
2007-08-06,101.69215146725276,103.5396858122801,100.50746515288701,103.10248565673828,324980000
2007-08-07,102.91208808446362,105.06989768443727,102.41141471009254,104.20254516601562,232568700
2007-08-08,104.65386106499963,106.19112031292306,103.89932703707608,105.65519714355469,274930600
2007-08-09,103.96275918383296,105.03461597001466,102.45370232802185,102.52422332763672,357622100
2007-08-10,101.81909535115827,103.30699862870195,100.92352996116804,102.04475402832031,411018400
2007-08-13,103.3069726353578,103.58198735395314,102.2633284160723,102.41140747070312,181917200
2007-08-14,102.74281747301775,102.99667799308807,100.64142307687591,100.84591674804688,264134500
2007-08-15,100.64144283807222,101.86843738600108,99.16058772022689,99.45675659179688,323834000
2007-08-16,98.57532404148517,100.7966073101605,96.60791217037098,100.20426940917969,546743700
2007-08-17,102.60183140256746,102.82043152106948,99.7035936727548,102.04475402832031,388218100
2007-08-20,102.36910665988079,102.5806589419711,101.0433890681112,101.99536895751953,187320400
2007-08-21,101.96718678788135,102.93326245950156,101.64280512441864,102.19988250732422,157066400
2007-08-22,102.96143613735187,103.51852412725742,102.48192771261837,103.4127426147461,173156700
2007-08-23,103.8992914601444,104.11789148385013,102.67935570075845,103.32106018066406,203915300
2007-08-24,103.29287158645609,104.5974349975586,103.15184032147101,104.5974349975586,128901900
2007-08-27,104.25897026272483,104.59744749111731,103.46917571647957,103.62431335449219,113024300
2007-08-28,103.06727468848048,103.13073717511105,101.16332476955559,101.34666442871094,219790700
2007-08-29,101.80494080713639,103.47619365883001,101.51583055886246,103.33515167236328,207654200
2007-08-30,102.5665581894927,103.79355288463975,102.46783522045764,103.06017303466797,191817300
2007-08-31,104.11790797073093,104.71730425192851,103.53967659968872,104.07559967041016,185477500
2007-09-04,103.97690908090699,105.76098136638895,103.94164856633259,105.12633514404297,120062000
2007-09-05,104.50577304025832,104.61860237050352,103.65957458341356,104.2166519165039,166261800
2007-09-06,104.32945472660079,104.79486752555826,103.74416482972902,104.45639038085938,127878400
2007-09-07,103.29285631719802,103.5819773616754,102.43255173996896,103.00374603271484,235447600
2007-09-10,103.32104631462441,103.4620775277664,101.77672924473879,102.80626678466797,192305900
2007-09-11,103.12363758611684,104.15317549665352,103.04606877696718,104.00509643554688,162081900
2007-09-12,103.86405022004962,104.67499878479562,103.64545015581223,104.2730484008789,149554600
2007-09-13,104.75259383538081,105.38724003636338,104.50578100166648,105.00645446777344,154079000
2007-09-14,104.33649604487982,105.13332730054256,104.18135847085856,104.99934387207031,121911000
2007-09-17,104.5832901894301,104.8230443277505,104.10378191278934,104.43521118164062,109870800
2007-09-18,104.95005065657301,107.53801335899617,104.45643569807251,107.50981140136719,263759500
2007-09-19,108.17968494467763,108.8707456742361,107.68607013785015,108.14442443847656,193779900
2007-09-20,108.13033377229713,108.19379623666914,107.2629811458876,107.38285827636719,175186800
2007-09-21,108.19691037848135,108.48739218438801,107.50965263158018,107.672607421875,141457500
2007-09-24,107.99147716554172,108.2748886605992,107.24045562296484,107.4742660522461,139450200
2007-09-25,106.85071175595371,107.45295138613646,106.60982022829543,107.26165008544922,142289900
2007-09-26,107.87097732296738,108.23940667654688,107.26165642748644,107.8284683227539,135547000
2007-09-27,108.33862896870333,108.47324804861746,107.82849919799757,108.46615600585938,102713300
2007-09-28,108.29613690697151,108.53702855555369,107.67972369777978,108.1048355102539,133372100
2007-10-01,108.1189794539746,109.64227654848769,108.04812390077139,109.32344818115234,148162300
2007-10-02,109.54312743460703,109.57146318017382,108.97631522387793,109.17469787597656,112978800
2007-10-03,108.9762258079731,109.4013373199733,108.40941406231778,108.95497131347656,119055900
2007-10-04,109.18883981144995,109.29511234062433,108.82041035857775,109.12507629394531,76864400
2007-10-05,109.84066084371342,110.59877419290541,109.55726024854317,110.42164611816406,134579700
2007-10-08,110.09570316632737,110.1665587061351,109.65642909042441,109.83355712890625,71280400
2007-10-09,110.24451277403861,110.8821694882133,109.84065559363256,110.86799621582031,94054300
2007-10-10,110.55624665820946,110.83965804464076,110.1098912925185,110.68378448486328,101711100
2007-10-11,111.18685746157733,111.6048880380283,109.4935130795438,110.15243530273438,233529100
2007-10-12,110.14530897950911,110.77588439138871,110.01068993466325,110.76171112060547,124546700
2007-10-15,110.71924783808458,110.7830113663818,109.06841246889917,109.8265151977539,161151900
2007-10-16,109.4013373199733,109.47927407013884,108.73533432965591,108.95497131347656,166525700
2007-10-17,109.80524353218767,109.88318032494368,108.02688138426177,109.28803253173828,216687300
2007-10-18,108.7212037765378,109.24550673918422,108.45905770073414,108.89125061035156,148367500
2007-10-19,108.46617165772575,110.86802850345738,106.03597906999525,106.04306030273438,297169900
2007-10-22,105.46914358764185,106.81531266101494,105.32744328692468,106.65943908691406,261989800
2007-10-23,107.3113120076094,107.6584762264849,106.45400709378877,107.52385711669922,180085100
2007-10-24,107.13415653315998,107.50966721143817,105.45497492260985,107.32544708251953,326694200
2007-10-25,107.44586344436692,107.89931078885928,106.19180472023118,107.58048248291016,237374500
2007-10-26,108.44494758606048,108.84171295166016,107.62307029386379,108.84171295166016,176484000
2007-10-29,109.06128420308616,109.42263236550914,108.79205690267868,109.20299530029297,106841000
2007-10-30,108.72116635988556,108.9337221262414,108.31022809454038,108.4448471069336,132981600
2007-10-31,109.09670164364812,110.0106884032797,108.2889981968544,109.57140350341797,220954400
2007-11-01,108.60782540351477,108.69285421512379,106.69484471339663,107.006591796875,333040800
2007-11-02,107.36088559004477,107.69388729062938,105.71714240577148,107.1270751953125,331228200
2007-11-05,106.02181652778584,107.09875862049914,105.54711442118597,106.31230926513672,226841000
2007-11-06,106.8861570409709,107.77179734165142,106.2059805331912,107.74346160888672,177800500
2007-11-07,106.58859393912881,107.07746916413888,104.5409937900425,104.79605865478516,306639700
2007-11-08,104.85275316931835,105.14323503471441,102.78389827440164,104.26468658447266,374509900
2007-11-09,103.22318010168945,104.53392164161417,102.65636798205406,102.83349609375,277745100
2007-11-12,102.88309309335611,103.87500615528407,101.813232421875,101.813232421875,243087800
2007-11-13,102.99643828374445,105.0794663513058,102.8901657541916,104.91651153564453,191117400
2007-11-14,105.7242726614602,105.851799766243,103.99549983409428,104.6260757446289,230558800
2007-11-15,103.84662925492768,104.49845912455673,102.39417720983462,103.11685180664062,263111100
2007-11-16,103.66245109426075,103.77581567682574,102.42964639475171,103.29402160644531,308770600
2007-11-19,102.93267762267519,102.98935991035668,101.45188934425923,101.8557357788086,267746000
2007-11-20,102.03993577089734,103.10978536068387,100.68667479865692,102.47920989990234,414767500
2007-11-21,101.37394276508942,101.96200928060155,100.37493781183242,100.38201904296875,259012400
2007-11-23,101.36686803615558,102.26667094498266,101.10471111273677,102.11788940429688,77688400
2007-11-26,102.33044255630193,102.64928179078572,99.65935854491202,99.86482238769531,214232000
2007-11-27,100.42453725367683,101.48021366118779,99.86480648271917,101.01260375976562,293897900
2007-11-28,102.16036555640835,104.48428447342002,102.12493778776961,104.24339294433594,258596900
2007-11-29,103.88210433938933,104.66147245168564,103.51368560543409,104.27886962890625,199409900
2007-11-30,105.59671921220715,106.18478600130875,104.38516865080518,105.3274917602539,222908000
2007-12-03,104.99443533605232,105.17864463483082,104.35676780451574,104.63308715820312,146430400
2007-12-04,103.91040128003296,104.53388466112717,103.66241768696992,103.69784545898438,136533900
2007-12-05,104.81023669240072,105.71005048938189,104.73939193730205,105.43373107910156,171130000
2007-12-06,105.30619403628566,107.13415719654547,105.26368502505365,106.94285583496094,154457400
2007-12-07,107.28291477943874,107.33959705210435,106.66651263213706,106.92157745361328,148980100
2007-12-10,107.18372973843002,107.87098746929153,106.88615589790835,107.75054168701172,123914300
2007-12-11,107.79306270723136,108.32444694119188,104.73937637250458,104.79605865478516,250346400
2007-12-12,107.02787004144224,107.53091854884643,104.29301203560685,105.83048248291016,322435600
2007-12-13,105.08657803614877,105.84468078108759,104.36389226698707,105.61087036132812,237551300
2007-12-14,104.81023218456282,105.63920119079175,104.2221764172656,104.27176666259766,159152900
2007-12-17,103.87504027337259,104.05924967079436,102.63514313319368,102.783935546875,177269400
2007-12-18,103.5136463905569,103.78287370013945,101.99743057370661,103.35777282714844,245569300
2007-12-19,103.40028183334361,104.0733663238588,102.69176956731938,103.35777282714844,198917200
2007-12-20,104.03797166809716,104.05214494502059,102.86183833743384,104.00963592529297,214813800
2007-12-21,104.9676302999523,105.71551885123503,104.76819480206618,105.50896453857422,146084400
2007-12-24,106.00041880130438,106.47051048060086,105.7582378453068,106.29244232177734,45601400
2007-12-26,105.87930344949207,106.61294325967413,105.77246692118047,106.52035522460938,67093100
2007-12-27,106.14291588888479,106.15003470560752,104.93205407224761,105.18134307861328,122981700
2007-12-28,105.80098157376236,105.85084587936677,104.63285478604307,104.91777038574219,116398100
2007-12-31,104.77529480546313,105.13854988762337,104.03452527879358,104.14137268066406,108126800
2008-01-02,104.36930822572549,104.6969584195798,102.48179009235643,103.22966766357422,204935600
2008-01-03,103.2154406381555,103.62856011265939,102.61713417235774,103.17982482910156,125133300
2008-01-04,102.09714996932293,102.16838157535992,100.36633280047937,100.65123748779297,232330900
2008-01-07,101.00739388278885,101.30654712452824,99.78941360345125,100.56578826904297,234991000
2008-01-08,101.19970612447598,101.78376408461425,98.6070339413512,98.94180297851562,326365700
2008-01-09,99.070004182866,100.28086556188333,98.07994559510013,99.9817123413086,301824900
2008-01-10,99.49021897365014,101.71251659523207,99.26941623451071,100.63697814941406,335701200
2008-01-11,100.27377046642981,101.07151257665987,99.00592566906226,99.82503509521484,267076600
2008-01-14,100.54442881508886,101.04301759029026,100.0030945433672,100.62989807128906,170365500
2008-01-15,99.5685429035197,100.77941454313576,98.22234865247165,98.41466522216797,239940100
2008-01-16,97.83774464694005,99.09134025246348,97.06848909295462,97.56707763671875,378802600
2008-01-17,98.1582701696476,98.20813446081846,94.68237693836991,95.03851318359375,397892600
2008-01-18,95.97161754173575,96.1710530075462,93.37894561778207,94.0627212524414,348561500
2008-01-22,90.6081905621617,94.3262487137106,89.74634142754189,93.10826873779297,435923700
2008-01-23,90.52272919357011,95.5798693957972,90.3446610296666,95.34481811523438,511913000
2008-01-24,95.78639991252038,96.48443476705202,94.95304241647636,96.14966583251953,259949300
2008-01-25,97.23235247106314,97.4104206645722,94.44737418458044,94.7607650756836,269603900
2008-01-28,94.91745109205232,96.5271942650889,94.06272607073657,96.3277587890625,217934600
2008-01-29,96.94031859802753,97.18960752141216,96.07134503652019,96.80498504638672,168968300
2008-01-30,96.56991847175543,98.67823923907757,95.87189438093823,96.09269714355469,334939200
2008-01-31,95.01717100486101,98.67825213916817,94.87471864278427,97.84489440917969,343680800
2008-02-01,98.25086469134389,99.44035839315482,97.95171156290179,99.41899108886719,206843600
2008-02-04,99.15546365511842,99.21956557438024,98.0371905664976,98.1654052734375,124694300
2008-02-05,96.82633626464903,97.04713902550344,95.20947446488385,95.53712463378906,286882500
2008-02-06,95.8576364924332,96.33485777386831,94.3120064371659,94.76786041259766,250792900
2008-02-07,93.8775427684678,96.00723115697727,93.82767846329878,95.3946762084961,297368100
2008-02-08,94.79634974712324,95.60122119527546,94.09120688825811,94.78211212158203,221643500
2008-02-11,94.80352933299423,95.60839033640973,94.04851091362657,95.2665023803711,188576300
2008-02-12,96.09268273000171,97.08985985302478,95.43026367309565,96.14966583251953,256654400
2008-02-13,96.87621077519321,97.62409932063076,96.2565369736344,97.13262939453125,181967800
2008-02-14,97.54576070707864,97.58137652182914,96.00724880459086,96.27791595458984,215207200
2008-02-15,95.8006842687349,96.31352151496303,95.38044595731505,96.25653839111328,154110300
2008-02-19,97.38192385289994,97.50300890699266,95.87902802981453,96.5271987915039,145190000
2008-02-20,95.4374071466807,97.26082321711652,95.27357662760868,96.81208801269531,220085700
2008-02-21,97.33919774376594,97.58848668808339,95.49441390845375,96.00724029541016,201051200
2008-02-22,96.13543110050867,96.76223444950914,94.63253552027682,96.59840393066406,205491000
2008-02-25,96.54140950529228,98.04430490938411,96.00008631995516,97.8163833618164,190107000
2008-02-26,97.40326675221705,98.9702641167779,97.22519862287113,98.5500259399414,212420700
2008-02-27,97.9801996832495,99.10559149521647,97.87336315962607,98.45030212402344,168395800
2008-02-28,97.75231019389648,98.26514741226617,97.26084028725727,97.48876190185547,170831100
2008-02-29,96.58415119387564,96.64112342721968,94.57553761341417,95.3163070678711,252715200
2008-03-03,94.83197558873371,95.30919693688747,94.19093458217914,95.08839416503906,189483500
2008-03-04,94.18379409240433,95.01715165266238,93.30058310636143,94.72512817382812,282513100
2008-03-05,95.03142139798979,95.99299388092895,94.26216558532221,95.32345581054688,270681400
2008-03-06,94.71801848703413,94.88896784384626,92.98720108153815,93.35045623779297,247911700
2008-03-07,92.43159721714824,93.83477478788338,91.58399127794716,92.38886260986328,326434600
2008-03-10,92.48147749411874,92.54557942366228,90.87886404502206,91.1708984375,235683600
2008-03-11,93.10828112577505,94.53282641733414,91.84755549958821,94.44735717773438,341440600
2008-03-12,94.54704155511835,95.28068125195351,93.4216498676396,93.56410217285156,229161100
2008-03-13,92.31767450258296,94.47586013434825,91.59828291480119,93.77070617675781,351504200
2008-03-14,94.56843381015433,94.59691993134734,91.01418971128243,92.3176498413086,484687800
2008-03-17,90.15232587317423,92.06833511291784,89.79618963990197,91.38455963134766,405311100
2008-03-18,93.03707444983323,95.22375727529668,92.581220269092,95.18102264404297,334416600
2008-03-19,95.5442319037312,95.9074869630161,92.62391033116945,92.82335662841797,345971600
2008-03-20,93.08966866992736,95.13685439054176,92.52418130378005,94.54273986816406,245320700
2008-03-24,95.42312475700169,97.2126215408993,95.37302452660776,96.43240356445312,208977300
2008-03-25,96.53263623444778,97.02653920327245,95.75241808595105,96.52548217773438,192947200
2008-03-26,96.24630428013992,96.69725006341748,95.27997160327556,95.34439086914062,196934300
2008-03-27,96.06021059740544,96.23200626612491,94.74314323722959,95.04377746582031,225153200
2008-03-28,95.19414106316673,95.45898327629108,93.81264290550283,94.13475036621094,180896100
2008-03-31,93.97724028734724,95.00799253329693,93.83408268034874,94.4639892578125,166692100
2008-04-01,95.63787437467401,97.94990135027437,95.56629012857688,97.78527069091797,254547300
2008-04-02,98.10026549065114,98.54405742238887,97.33435523712741,97.8497314453125,210910800
2008-04-03,97.32003296506076,98.37941238459385,97.14108322219654,98.09308624267578,175884800
2008-04-04,98.15034083140868,98.75162020314426,97.43454193754549,97.98571014404297,204446800
2008-04-07,98.6871810111131,99.18824892894804,97.87833576184843,98.03581237792969,154245500
2008-04-08,97.48467390386996,98.00720414966374,97.31287820068461,97.93563079833984,148937300
2008-04-09,97.78528145844031,97.92128498766725,96.55410656111313,97.22695922851562,195610600
2008-04-10,96.93346195308753,97.82821035863836,96.56124355815629,97.36294555664062,192967800
2008-04-11,96.26780386592309,96.71874977332092,95.20841356529225,95.4732666015625,222973300
2008-04-14,95.3372759345691,95.58779904536303,94.87916498562073,95.15116119384766,160522000
2008-04-15,95.61644646875622,95.6951848077818,94.72169758084178,95.37307739257812,172389200
2008-04-16,96.3035950094425,98.00004610804493,96.28928689309527,97.95709991455078,189268900
2008-04-17,97.36295546850424,98.24338493097473,97.10526746458326,98.10022735595703,179665700
2008-04-18,99.45312032547409,99.89691223498451,98.96637129891049,99.12384796142578,218530600
2008-04-21,98.94487405704135,99.48172320582562,98.67287791543625,99.17393493652344,118587400
2008-04-22,98.9162391309024,99.00213149284292,97.9928525511496,98.73728942871094,162166000
2008-04-23,98.84469905504912,99.3386022013796,98.15037302647262,98.5798568725586,193309000
2008-04-24,98.8375121954604,100.02574097604075,98.09307523225796,99.00930786132812,229381300
2008-04-25,99.78239143795892,100.13313693341392,98.71585775564365,99.9255599975586,190788100
2008-04-28,100.1259712408551,100.3908133853332,99.7680717278949,99.947021484375,105610200
2008-04-29,99.77517189263388,100.01854080865685,99.21684982777153,99.55327606201172,125514100
2008-04-30,99.70364175359288,100.63418267396452,98.96636962890625,98.96636962890625,208395900
2008-05-01,99.05226008433137,101.01354217529297,98.97352176462104,101.01354217529297,187279500
2008-05-02,101.88682381244054,101.90829690798253,100.61270250656341,101.29270935058594,181585500
2008-05-05,100.96347644912176,101.36432224207007,100.50536541114813,100.80599975585938,118504500
2008-05-06,100.22620405379958,101.78664102060242,99.98998901417528,101.67927551269531,179339800
2008-05-07,101.5646798257609,101.67204526474734,99.58907929285893,99.86824035644531,199267300
2008-05-08,100.02572980669973,100.44089442785258,99.48171571997796,99.61056518554688,178321200
2008-05-09,99.20973804863122,99.77521440884782,99.10236165365143,99.42446899414062,152588200
2008-05-12,99.67498579876758,100.61268050648215,99.30276735372024,100.54110717773438,147865900
2008-05-13,100.78450373807632,100.84892302824649,100.01859354752149,100.5554428100586,159132200
2008-05-14,100.97774231348039,101.78658753321092,100.54110460705722,100.76300048828125,181910800
2008-05-15,100.95626009356819,102.09438851066567,100.80594845881588,102.0228042602539,166927000
2008-05-16,102.25905576213788,102.26620982084908,101.36430692301873,102.11589813232422,204236800
2008-05-19,102.22322388891611,103.28976802257127,101.85817043645724,102.39501953125,165664400
2008-05-20,101.8367349200356,101.88683517447869,100.92766705922193,101.56472778320312,178552100
2008-05-21,101.50741089891622,101.72930674617365,99.49601831929735,99.84676361083984,252724800
2008-05-22,99.80382639625975,100.33352146655758,99.49603813964609,99.86109161376953,170820400
2008-05-23,99.5318623122117,99.96850017936282,98.43669061500472,98.5225830078125,181376400
2008-05-27,98.63709042769459,99.49604692171052,98.44382166681807,99.25267791748047,168322900
2008-05-28,99.61774280831861,100.2118572728174,98.78025931177714,99.71080017089844,181288100
2008-05-29,99.58911901776945,100.8775484884324,99.55332688308968,100.21186065673828,173927200
2008-05-30,100.54827946392032,100.74154823880416,100.16890689388275,100.46238708496094,117362000
2008-06-02,100.09016769189508,100.11164078644602,98.78025431316222,99.42446899414062,181069900
2008-06-03,99.71074850378176,99.9397983793041,98.22904013921358,98.8446273803711,271965700
2008-06-04,98.56552524704686,99.61059664723452,98.39374046832806,98.79458618164062,246637700
2008-06-05,99.19539413290103,100.84888753197096,99.00929038606012,100.77014923095703,237867100
2008-06-06,99.88971663884779,100.06866632436265,97.506105517123,97.55620574951172,384276300
2008-06-09,97.96423798995187,98.42234884952614,96.92633176834721,97.79244232177734,228263900
2008-06-10,97.11245629495338,98.13605462119838,96.88340627735055,97.30572509765625,260234900
2008-06-11,97.32718601344483,97.53476290723543,95.86695001036979,95.87411499023438,283890100
2008-06-12,96.3465426551731,97.25559945405048,95.57347848158494,96.23916625976562,252791800
2008-06-13,96.75450637398052,97.72083896195805,96.21765736337547,97.45598602294922,244726900
2008-06-16,97.02653716681309,98.01433216150593,96.96211789107255,97.51327514648438,185832500
2008-06-17,98.11456911111372,98.15035032148707,96.89770213610895,97.0408706665039,191707700
2008-06-18,96.41097689272222,97.00509142167206,95.70949687393733,96.09602355957031,265893000
2008-06-19,96.02443597567971,96.80466522309125,95.55917097279266,96.21770477294922,304204900
2008-06-20,95.56232812641724,95.74217292233877,94.39693736143941,94.65591430664062,289275700
2008-06-23,95.02281076826199,95.12352343295316,94.46889660088917,94.56240844726562,165096400
2008-06-24,94.27462306930987,95.27455947124892,93.65595667104775,94.37533569335938,267300600
2008-06-25,94.75661624228246,95.96516786537362,94.41131734666412,94.82135772705078,287853900
2008-06-26,93.92932698398077,94.54079258487839,92.13806921389765,92.2459716796875,297775000
2008-06-27,92.28195071058202,92.69919190870148,91.38992215714806,91.74241638183594,303423400
2008-06-30,92.00139987252797,92.73516968557217,91.57696880469894,92.06614685058594,258842600
2008-07-01,91.01585349163832,92.41864621733616,90.59142240031012,92.3539047241211,388622000
2008-07-02,92.64887662705877,92.91505449383156,90.60584157738727,90.77130126953125,288064600
2008-07-03,91.44029746902841,91.44029746902841,89.9152114738134,90.86479187011719,239352500
2008-07-07,91.21007932400542,91.60573454712524,89.14545927285276,89.93677520751953,372427300
2008-07-08,89.91521017744292,91.64172146085608,89.34689991602956,91.5338134765625,375973700
2008-07-09,91.7208409819353,91.89349043996518,89.48357140204685,89.77132415771484,336729400
2008-07-10,89.51234466787707,90.49070071612702,88.90087350982765,90.1382064819336,436475700
2008-07-11,89.18147450461744,90.56987711262833,88.11679046538652,89.08795166015625,481124600
2008-07-14,90.1094116649545,90.28206108165814,88.05198736378047,88.28218841552734,322720800
2008-07-15,87.62036706065552,88.83611387550697,86.33986779142657,87.03766632080078,502502500
2008-07-16,87.36857445724195,89.61303883864262,87.11679291327697,89.1742172241211,371642900
2008-07-17,90.0231155531974,90.82882225902462,89.26776517345765,90.06627655029297,375490600
2008-07-18,90.7640815890641,90.94392640737728,90.03031714525486,90.62740325927734,267030100
2008-07-21,91.00863277559735,91.21725333033731,90.05905277827195,90.67771911621094,222863000
2008-07-22,90.0302817915292,91.93663721473331,89.81446589893021,91.70643615722656,296904200
2008-07-23,92.00144022659313,92.90785440956078,91.7568538405818,92.20286560058594,311698400
2008-07-24,92.32511488929096,92.3754766972699,90.03749452528812,90.28927612304688,248634500
2008-07-25,90.56265810813656,90.9942845831598,90.0447041427373,90.26771545410156,219131000
2008-07-28,90.28928713318605,90.6849424097894,88.78578171449533,88.94404602050781,205201300
2008-07-29,89.1886393765581,90.91514513832387,88.94404758430356,90.84320831298828,261505600
2008-07-30,91.44026747382112,92.51214616297352,90.84318157128813,92.46178436279297,354710000
2008-07-31,91.64889932602729,92.49057705239007,91.09497434013906,91.23885345458984,277402100
2008-08-01,91.44749276867431,91.56259059536232,90.25332057227068,90.75688934326172,248690900
2008-08-04,90.6705649768378,90.74250180704664,89.74976037793675,89.91521453857422,188239600
2008-08-05,90.656172973673,92.48339697371429,89.90082803503648,92.33952331542969,251577600
2008-08-06,92.09494589891828,93.0157505731561,91.7064803978938,92.74957275390625,209555400
2008-08-07,92.05177053644515,92.39707500022531,91.03025329242239,91.36836242675781,246312500
2008-08-08,91.05904502385984,93.46895940801839,90.91516585198,93.06610870361328,260811700
2008-08-11,93.138018100115,94.6055467153659,92.96536315491008,94.0300521850586,249425800
2008-08-12,93.72074485015739,94.02288287286292,92.60570461457331,93.05172729492188,213200800
2008-08-13,92.64886157348079,93.26752825299951,91.84316021479881,92.49060821533203,256393200
2008-08-14,91.96542739804312,93.72071427072966,91.90068590934271,93.18836975097656,239555300
2008-08-15,93.46893896461253,93.87899039846224,93.01573750970965,93.64159393310547,181000800
2008-08-18,93.82865129984482,93.8646224657635,91.83597823488283,92.36112213134766,172275100
2008-08-19,91.66328373345962,91.8575191642514,91.02303677263497,91.35395050048828,194673700
2008-08-20,91.6416975706215,92.04454808597447,90.88634736590804,91.77838134765625,225498200
2008-08-21,91.18132557085242,92.39707833476089,91.07341757900004,91.93667602539062,180609800
2008-08-22,92.56251334192562,93.26750183105469,91.9366569978823,93.26750183105469,167715300
2008-08-25,92.65604898322606,93.26751475557259,91.18131933509783,91.37554931640625,171936900
2008-08-26,91.37554372313527,91.9870204349083,91.05902060673253,91.64171600341797,159117200
2008-08-27,91.75679887174716,92.67760316604706,91.57695411150338,92.53372955322266,171032800
2008-08-28,93.0013300904771,93.7638701877289,92.87903695948899,93.65596771240234,167537100
2008-08-29,93.32507542886039,93.62002358235318,92.4474317867181,92.64885711669922,189195800
2008-09-02,93.54089883486236,94.03008251564137,91.7352550749256,92.0733642578125,252364900
2008-09-03,91.99423217773438,92.44024936451044,91.31082396924386,91.99423217773438,251947000
2008-09-04,91.33957836051589,91.52661849021428,89.17424542088987,89.22460174560547,340042500
2008-09-05,88.69225340202311,89.88641990122504,87.76425366774471,89.5051498413086,289503400
2008-09-08,92.1092952634925,92.25317986517764,89.5051464304299,91.35395050048828,364075300
2008-09-09,91.43308034551224,91.62012044383927,88.3397535818748,88.64189147949219,377326800
2008-09-10,89.12388004903933,89.85045450768929,88.15991464850116,89.0015869140625,298916600
2008-09-11,87.85058131196159,90.45473024939098,87.47650109092527,90.28927612304688,375369400
2008-09-12,89.41164082237376,90.79284755981699,89.08072705122137,90.7065200805664,297851200
2008-09-15,87.49806495001286,90.38997157563134,86.24634703884837,86.39022064208984,483607000
2008-09-16,84.31122316851116,87.99444591109453,84.16734955268065,87.836181640625,581744300
2008-09-17,86.0665206080705,87.65634786248322,83.44798095510518,83.88680267333984,624095600
2008-09-18,84.92271852225642,87.61319524947417,81.86535685864555,86.37586212158203,776114700
2008-09-19,91.67293567486982,92.61354419114005,89.2345982396388,89.80619812011719,501087800
2008-09-22,90.04493510900116,90.26200024351675,87.08564652826637,87.77301025390625,249966500
2008-09-23,87.44019276559595,88.28673696683465,85.58068700175373,85.77604675292969,327470400
2008-09-24,86.35486638615053,86.82517049704867,85.22614093615151,86.05097961425781,311818400
2008-09-25,86.39105733651051,88.20715227532718,85.69645654178859,87.39678192138672,328253000
2008-09-26,85.97864586709021,87.9105050229952,85.74711224750831,87.44020080566406,285917400
2008-09-29,86.2029548124431,86.34766127526221,80.291606931099,80.5882568359375,459562300
2008-09-30,82.1293906639242,84.50984846844193,79.97322948627159,83.92377471923828,328154400
2008-10-01,83.40279614036942,84.43023135825882,82.44771963599791,83.97439575195312,332783000
2008-10-02,83.17126589416993,83.28703542421465,80.35668405724927,80.92828369140625,365337800
2008-10-03,81.65907855433822,83.53305262192174,79.3582111671432,79.83574676513672,461798000
2008-10-06,77.52765758239481,77.86772378102364,72.81738964687416,75.76944732666016,610637500
2008-10-07,77.30333325753388,77.65787331027113,72.1010627209917,72.37600708007812,540012100
2008-10-08,70.55991242485096,73.93162552592294,70.04619754639914,70.55268096923828,725414800
2008-10-09,72.10831815839497,72.80291896986616,65.29977397812794,65.6253662109375,534485200
2008-10-10,62.77462074834995,67.96966206961137,60.473752742104416,64.03358459472656,871026300
2008-10-13,67.9189934821704,73.33109283447266,65.08270030567735,73.33109283447266,455584000
2008-10-14,75.75497204643933,76.3555142369145,70.26328172008985,72.24578857421875,546268300
2008-10-15,70.51653369557526,70.7625413032186,64.90907277545939,65.13336944580078,484627500
2008-10-16,66.05226497355976,68.57019243108012,62.615434483058095,67.84664916992188,708811200
2008-10-17,66.55872855671461,71.33411193659369,66.31272655117644,67.44145202636719,476649000
2008-10-20,68.9898646839353,71.70315253611051,68.0781984199489,71.49332427978516,321294200
2008-10-21,70.16197421266372,71.37028984625908,68.89577380711039,69.35884094238281,356502000
2008-10-22,67.4342394642734,69.35886746641961,63.331749906264236,65.58197021484375,516168000
2008-10-23,65.32872077889567,66.89157133016289,62.087244586338684,66.34168243408203,634666400
2008-10-24,60.821027379594874,65.06099011952,60.777616562798265,62.97718811035156,545812600
2008-10-27,62.20301947578046,64.76436346515102,60.56057306464805,60.741458892822266,397288600
2008-10-28,63.19425754764313,68.1867065033154,61.161103015107564,67.83940887451172,639939500
2008-10-29,67.84662249195561,70.30666971661803,66.63830704579027,67.34738159179688,531270100
2008-10-30,69.30096241534159,69.85085675810359,67.21716011883804,69.67720794677734,414582100
2008-10-31,68.79450617218792,71.31967103289786,68.36038124647988,70.06070709228516,411394000
2008-11-03,70.02451979108403,70.68294684472198,69.42397752637635,70.26329040527344,205419400
2008-11-04,71.6742053691972,72.97658565969296,69.97387953230398,72.65099334716797,346793400
2008-11-05,71.77547116494686,72.86802275892087,68.73659244392526,69.59761047363281,387844100
2008-11-06,68.34589695355432,69.05497179048315,65.1623054460605,65.74114227294922,477721900
2008-11-07,66.31275112196288,68.0130769414598,65.480675140448,67.91178131103516,380391000
2008-11-10,68.88855543734869,69.12008906752207,65.78455408520732,67.02181243896484,301773000
2008-11-11,65.6687497410351,66.66723687352763,64.14207390615987,64.95243835449219,418498200
2008-11-12,63.838196877367615,64.35914316415918,61.58797786231015,62.09445571899414,454330600
2008-11-13,62.3187656709246,66.37061147667711,59.39565086314979,65.96542358398438,753141900
2008-11-14,64.69201505481526,66.60940056007038,62.600969646842856,62.6733283996582,540352300
2008-11-17,62.49964596799485,64.07697002004228,61.616928093898224,61.841224670410156,415254900
2008-11-18,61.60967325823872,63.107406699899485,59.988938859965685,63.00611114501953,523811800
2008-11-19,62.15957703619647,62.85417760076698,58.54909376717784,58.96875,558327600
2008-11-20,57.97749357564786,59.6995292992593,54.301899649697525,54.591312408447266,814180400
2008-11-21,56.04565468503674,58.53464501844078,53.78819795100542,57.53615188598633,718536500
2008-11-24,59.27268637189869,62.9410519545881,58.14396019882479,61.52290725708008,523305300
2008-11-25,63.1653321869489,63.3172756172579,60.64739907849202,61.978721618652344,454112400
2008-11-26,60.99469641316904,64.53282236138594,60.95128006569497,64.37364196777344,370134200
2008-11-28,64.12762579768297,65.21294049561178,64.0190987440469,65.18399810791016,118308100
2008-12-01,63.31726779637678,63.346210187174606,59.22924755947747,59.410133361816406,369927100
2008-12-02,60.394151139809765,61.85570595925551,59.35948415409347,61.69652557373047,469508400
2008-12-03,60.343491614957756,63.548787554750824,60.15536887586373,63.179779052734375,519863500
2008-12-04,62.268104610727455,63.70795905808432,60.58948518483434,61.71821594238281,444173800
2008-12-05,60.524372579196694,63.97567023323383,59.50417430750703,63.62113571166992,471905300
2008-12-08,65.36488896092287,66.84091772701767,63.72968533041677,65.8424301147461,412859300
2008-12-09,65.38661822122482,66.66005061463356,64.3808933495155,64.75713348388672,370790000
2008-12-10,65.35042210948404,66.1029077057374,64.39534529889261,65.19847869873047,396187400
2008-12-11,64.78605540666793,65.84242776107034,63.21596806952027,63.628387451171875,365061000
2008-12-12,61.89915180362913,64.44602262519547,61.645907149498576,64.38813781738281,415060400
2008-12-15,64.40981853117721,64.50388268783736,62.434548524071715,63.49092102050781,256694200
2008-12-16,66.47915649414062,66.5804521146428,63.802048489102184,66.47915649414062,377699500
2008-12-17,65.7266572425552,66.87709372411706,65.16229446753083,65.83518981933594,281819800
2008-12-18,66.13183213563757,66.32718631920831,63.82372817015107,64.60515594482422,374673300
2008-12-19,64.9910677461961,66.09978494415103,64.25435485749024,64.32730102539062,301451300
2008-12-22,64.6117378300134,64.67738266710136,62.35783715152034,63.503021240234375,243759500
2008-12-23,63.845862877272445,64.13763076174779,62.583974707055184,62.84656524658203,221625200
2008-12-24,63.05806790966395,63.364427135680145,62.72983263929851,63.21125030517578,62061600
2008-12-26,63.634337900470825,63.67810670493813,63.094570875461606,63.57598876953125,74767700
2008-12-29,63.63434200840324,63.69999243683723,62.438098489261634,63.393638610839844,127795900
2008-12-30,63.831261920098164,64.95456439291938,63.37172580189373,64.89620971679688,168256300
2008-12-31,64.97643513973851,66.35503213380397,64.82325831428761,65.82255554199219,193987200
2009-01-02,65.96844442816621,68.1566944054118,65.53808570550402,67.80657196044922,227566300
2009-01-05,67.56586106765674,68.31716487821441,67.02609431459263,67.72633361816406,240349700
2009-01-06,68.30257310046396,68.8933987926645,67.60233380026143,68.17857360839844,328260900
2009-01-07,67.1063563030816,67.29600625953208,65.7934036276697,66.13623046875,280899200
2009-01-08,65.76421271587476,66.44256490831135,65.40679452404375,66.40609741210938,263834400
2009-01-09,66.4936243052865,66.61032807516688,62.26300552073066,64.98372650146484,330953600
2009-01-12,64.80139567270352,64.85246019885942,63.02891792218484,63.42279815673828,277858500
2009-01-13,63.2623134010367,64.10113816147478,62.87571787199924,63.53948974609375,356432300
2009-01-14,62.39433689467379,62.54751381171754,60.65832626983403,61.54092025756836,435491600
2009-01-15,61.35852365095027,62.18276236868108,59.60792277624998,61.56275939941406,532647300
2009-01-16,62.62770970014253,62.72253185470812,60.57805083563396,62.04417419433594,399237200
2009-01-20,61.43877182924945,62.04418346813193,58.38980976394345,58.76910400390625,419855200
2009-01-21,59.76841751371212,61.44607290287001,58.69617387096294,61.30748748779297,364360700
2009-01-22,60.11852880138228,61.30018597127295,59.20675783958623,60.35923767089844,427940300
2009-01-23,59.009838111461846,61.26373403513012,58.769129158931186,60.621849060058594,386800600
2009-01-26,60.971943440271126,62.2630142037305,60.40299926586862,61.037593841552734,317978800
2009-01-27,61.36583637031279,62.10984465896532,60.7604246262239,61.6576042175293,273789700
2009-01-28,63.021618935770434,64.15221174983547,62.78091003209518,63.74374008178711,330007000
2009-01-29,62.81007225760721,63.81666529660508,61.613829319085305,61.672183990478516,294392500
2009-01-30,61.985838229735506,62.29219193094309,59.96535070389652,60.4175910949707,383383600
2009-02-02,59.49854347910266,60.672905274796804,59.30889350405001,60.23525619506836,288233300
2009-02-03,60.614514639548624,61.53358105753645,59.97263007421163,61.08134078979492,278385800
2009-02-04,61.489841897023105,62.270317693971876,60.57077511953849,60.78230667114258,322989300
2009-02-05,60.32274521036475,62.21193692956344,56.69754970650897,61.6867561340332,417679400
2009-02-06,61.89833588470195,63.70728718604231,61.76704058339411,63.4447021484375,366101700
2009-02-09,63.43008195652857,63.999026149464136,62.96325566668357,63.53219985961914,240075200
2009-02-10,62.92680395259608,63.48116244675481,60.14043115499727,60.621849060058594,536212800
2009-02-11,60.869815366213075,61.30746979491544,60.1039312459984,60.97922897338867,324442500
2009-02-12,59.93616400876425,61.13970257847989,59.119220933084165,61.02299880981445,469302200
2009-02-13,60.942763566176694,61.44605727239319,60.351932293215924,60.36652374267578,293998400
2009-02-17,58.470046806508925,60.51241027861763,57.74792024863097,57.784393310546875,478910100
2009-02-18,58.20018290877539,58.30959657142205,57.09876168414983,57.64582443237305,362964800
2009-02-19,58.23661985498883,58.46274278978386,56.90908183864035,57.02579116821289,316867500
2009-02-20,55.9681494054093,57.14250524742193,55.26790443158891,56.47144317626953,477176600
2009-02-23,57.091439168133356,57.091439168133356,54.407185653727886,54.45095443725586,379641400
2009-02-24,54.917777406892604,56.858022701772455,54.48741871183955,56.515201568603516,426260900
2009-02-25,56.26719913834386,57.200851546710346,55.16577845425184,56.07025909423828,461985800
2009-02-26,56.76319185864947,58.11261127186656,55.092827404340596,55.158477783203125,363353900
2009-02-27,53.98413210753408,55.209552399353115,53.838245426955716,53.925777435302734,470510900
2009-03-02,52.897293369721176,53.91847779967873,51.32905201354459,51.4968147277832,426452600
2009-03-03,52.23351631781455,52.29916113199814,50.796564913951045,51.11021423339844,443761000
2009-03-04,51.95635184571313,53.15259473915158,51.11022583742334,52.32106018066406,462753100
2009-03-05,51.13211061348819,52.321063420659264,49.72433613080049,50.18387222290039,485549400
2009-03-06,50.6215037296002,51.387387678023536,48.94384363590072,50.27138137817383,490470000
2009-03-09,49.56386316508762,51.05916964497944,49.40339616366714,49.680572509765625,379905300
2009-03-10,50.70174554776743,52.78787730947145,50.599627676775484,52.641990661621094,406227900
2009-03-11,53.24740407328168,53.79446644389759,52.393988110722354,52.98481369018555,356648300
2009-03-12,52.970268584553864,55.25334196532799,52.496146385380634,55.070987701416016,409702700
2009-03-13,55.44295552975868,56.15049049926002,54.509303202378,55.501304626464844,337474700
2009-03-16,56.13593382038064,56.8726465770381,55.29710312497982,55.33357620239258,360644900
2009-03-17,55.486721665769515,57.15708638147844,55.0344813611866,57.02579116821289,356814300
2009-03-18,56.75592606973232,59.009827139326255,56.21615913276209,58.30229187011719,473273200
2009-03-19,59.0316920518998,59.08275099682762,57.397800249202014,57.58015441894531,428520400
2009-03-20,57.86006292277671,57.97025969131989,56.221818496030735,56.35405349731445,371078200
2009-03-23,57.84536736967446,60.45333328615417,57.52947295391642,60.40190887451172,419933300
2009-03-24,59.681951938098194,60.50474799730214,59.14566967478424,59.21178436279297,330271000
2009-03-25,59.674630882755025,60.75454373928784,58.08046259914243,59.836246490478516,441775100
2009-03-26,60.4239628048889,61.19533478476044,59.74074938423873,61.05575180053711,422025200
2009-03-27,60.27701966333728,60.62964258632412,59.733383782735416,59.95377731323242,322332300
2009-03-30,58.624065404296616,58.67548979691217,57.27232970508458,57.882080078125,324108500
2009-03-31,58.44776309789884,59.56441533961318,58.073101973822965,58.41837692260742,364238300
2009-04-01,57.691084877821005,59.814186911142485,57.54415961237216,59.54971694946289,377018300
2009-04-02,61.033699011726576,62.157693750843315,59.60115219131376,61.29082107543945,476230700
2009-04-03,61.334892007113055,61.915256387029,60.73248939584488,61.90056610107422,284646300
2009-04-06,61.22469547266269,61.91525661674197,60.45332934827213,61.41570281982422,264866600
2009-04-07,60.4239510563838,60.717807258477244,59.88032072565749,59.98316955566406,258947800
2009-04-08,60.28435052603516,60.93083510315462,59.902341498060316,60.62963104248047,230402800
2009-04-09,62.20174796498355,63.04658210480879,61.95197393668734,63.03923416137695,269653500
2009-04-13,62.38542830716438,63.575543325810976,62.13565419482896,63.053951263427734,224847500
2009-04-14,62.46623624235904,63.00252417375475,61.7683327418257,61.96668243408203,276598800
2009-04-15,61.592000465606596,62.75272896947938,61.423036992605205,62.62784194946289,250726100
2009-04-16,63.12740701416068,64.02366575201222,62.27522473723958,63.54615020751953,335202900
2009-04-17,63.7885848606583,64.3909874751461,63.281683117487276,63.97224426269531,262649000
2009-04-20,62.84090700861789,63.950211460454156,61.22470077057578,61.29082107543945,293690100
2009-04-21,60.842694363941035,62.53970566503806,60.79126994890297,62.48828125,114090900
2009-04-22,61.922614220739376,63.42861818698087,61.76099302522719,62.10627365112305,340395200
2009-04-23,62.23115134852946,62.75274337970249,61.43774138357324,62.71601486206055,324903700
2009-04-24,63.200863445976196,64.14119855244171,62.95108938543851,63.66368865966797,287703000
2009-04-27,62.943728790517895,63.920797817672664,62.840880009221415,63.0612678527832,289581600
2009-04-28,62.42216407309198,63.612273518189255,62.267890834091986,62.862945556640625,247926300
2009-04-29,63.560860043955344,64.91259651162322,63.399244435884775,64.19999694824219,311505700
2009-04-30,65.05215169865332,65.39742660938744,63.854689008061584,64.22200775146484,301419800
2009-05-01,64.23672179797964,64.80239035659136,63.70778176118693,64.56730651855469,236110300
2009-05-04,65.05214640576332,66.80792940798659,64.92725378349014,66.76384735107422,287120000
2009-05-05,66.5361099243164,66.80057984000463,65.99982214949345,66.5361099243164,243036300
2009-05-06,67.3515587321443,67.7335677235211,66.56549691877778,67.68949127197266,291941000
2009-05-07,68.32863244319519,68.43148124029068,66.32306969015508,66.74916076660156,317728000
2009-05-08,67.60870098780408,68.48292157134158,67.1752674713264,68.30661010742188,299081700
2009-05-11,67.36624520381872,67.66744921859872,66.88138744969567,67.02831268310547,247923600
2009-05-12,67.31484449699042,67.46177538693759,66.00719040308252,66.82998657226562,282431300
2009-05-13,65.92636560428903,66.12472086175185,65.01541670233445,65.14765167236328,269619100
2009-05-14,65.17704607602761,66.20553979450409,65.01542491393047,65.70598602294922,260098700
2009-05-15,65.65456412738743,66.11738379621853,64.75830536137539,65.1697006225586,271502700
2009-05-18,65.78679711359145,67.10179344119011,65.06684982362914,67.02098846435547,241447400
2009-05-19,66.9842772817292,67.5646418375681,66.71245926802993,66.94020080566406,206102200
2009-05-20,67.54993224524426,68.17437875537134,66.41859515346646,66.49205780029297,285722200
2009-05-21,65.72067721721811,65.97045690887026,64.83911436338214,65.53701782226562,258988400
2009-05-22,65.72067272649977,66.11737766507093,65.14765635017682,65.39743041992188,166811900
2009-05-26,64.91257439209211,67.26341231108714,64.88318821749971,67.0724105834961,236318500
2009-05-27,67.17528151334707,67.40301743538328,65.77212063989963,65.87496948242188,246015800
2009-05-28,66.45531081432382,67.10178982807037,65.45620331727216,66.79324340820312,289095000
2009-05-29,67.16058011150915,68.83555324362551,66.61694975920706,67.97602844238281,258641500
2009-06-01,68.81350465679797,69.9154610889848,68.63719319700336,69.6216049194336,276246800
2009-06-02,69.34978947263185,70.06238883022314,69.22490242775339,69.68037414550781,230874500
2009-06-03,69.08532874509443,69.15144344658846,68.14499340268544,68.79882049560547,235310500
2009-06-04,69.05593259079166,69.54813842473465,68.54168852620046,69.4452896118164,210102300
2009-06-05,70.15053161838914,70.2827665894022,68.90899808454115,69.45997619628906,284257900
2009-06-08,68.93836495637908,69.86400956958332,68.35065845017108,69.17345428466797,238565100
2009-06-09,69.56282664622081,69.89341127917898,69.07061526170092,69.52609252929688,225125500
2009-06-10,70.1432024555908,70.15054479630916,68.4608816324458,69.34979248046875,296100400
2009-06-11,69.4820137705662,70.60600821118747,69.46731788234784,69.6583251953125,275414200
2009-06-12,69.34981129284157,69.89344171000268,69.05595504402629,69.849365234375,184361800
2009-06-15,69.02651643824585,69.07059288040081,67.88048410351705,68.247802734375,224190500
2009-06-16,68.4902737933432,68.534350260865,67.27812049292743,67.32219696044922,227319000
2009-06-17,67.29280151431063,67.82908941628905,66.72713304125719,67.25607299804688,223445200
2009-06-18,67.35891116656815,68.07885274577254,67.03566888742549,67.7482681274414,211725100
2009-06-19,68.39693167037706,68.48558254171782,67.6138132757006,67.99798583984375,215655600
2009-06-22,67.33309141081968,67.37003303993286,65.93678350515992,65.95894622802734,251913600
2009-06-23,66.09930714864495,66.40220704052372,65.64125694835228,66.01065063476562,188309800
2009-06-24,66.60906571820449,67.2887486819005,66.1953409971071,66.57951354980469,211577700
2009-06-25,66.24704699463288,68.09401499807306,66.17316940179508,68.02752685546875,279411000
2009-06-26,67.79854296135879,68.14577407304412,67.42914912109825,67.85025787353516,167579000
2009-06-29,68.04973654710955,68.57427514581653,67.67295323607951,68.4856185913086,168481300
2009-06-30,68.50037278484447,68.75155781056026,67.42912760796598,67.93150329589844,228888200
2009-07-01,68.21961068175791,68.87713650752221,68.12357037019649,68.21222686767578,173041100
2009-07-02,67.32570126581346,68.23441234954778,66.31356602192778,66.35050201416016,212309900
2009-07-06,65.70774397535217,66.43914182090057,65.50088443410614,66.34310150146484,174499600
2009-07-07,66.27660199035607,66.35786903689903,65.01327649841451,65.05760192871094,197088900
2009-07-08,65.44919530206244,65.60434566890763,64.27452564239502,65.01331329345703,248050500
2009-07-09,65.46393076426935,65.67817971726438,64.94678200634944,65.13886260986328,163777600
2009-07-10,64.79164784311362,65.37529052151409,64.53307339989826,64.98373413085938,173520300
2009-07-13,65.2422979753049,66.61644266344499,64.71037027196046,66.56472778320312,217413500
2009-07-14,66.7715971242759,67.0006250303152,66.2913898670484,66.94152069091797,181487400
2009-07-15,67.82804723027269,69.08398878184536,66.9932197701587,68.8992919921875,220877900
2009-07-16,68.70723847712337,69.82280919620888,68.5742564997721,68.78850555419922,231174500
2009-07-17,69.49032308468983,69.68240933727675,69.1061562160151,69.54203796386719,138561700
2009-07-20,69.94838596246171,70.39904669326734,69.5863817420851,70.28083801269531,164179400
2009-07-21,70.8275420750792,70.8497047927383,69.75629708405634,70.60590362548828,217718300
2009-07-22,70.15523807056292,71.01961781862362,70.10352318742679,70.59112548828125,196068100
2009-07-23,70.6354547764256,72.46026032405575,70.57635043918661,72.14997100830078,258795500
2009-07-24,71.81013794700361,72.50459995427967,71.43336040546106,72.44549560546875,154003100
2009-07-27,72.31250566793777,72.6966782563608,71.91355981219094,72.65973663330078,159259400
2009-07-28,72.14996733861129,72.67450562280368,71.7066904683646,72.31988525390625,186685200
2009-07-29,71.98747915242699,72.46768667397863,71.64763746858135,72.14262390136719,194399300
2009-07-30,73.0143497249779,73.75313702005245,72.84442616705087,72.8961410522461,225575400
2009-07-31,72.8814001827102,73.48720580849628,72.68192436793177,72.99960327148438,207358000
2009-08-03,73.76791654406053,74.27029217279069,73.36897069449537,74.20380401611328,175776900
2009-08-04,73.87135090209078,74.4993190678026,73.71620622372672,74.39588928222656,176714600
2009-08-05,74.44760654254748,74.51410034196128,73.5684533371929,74.18164825439453,184726400
2009-08-06,74.52146878845792,74.63228236207705,73.45022393931335,73.79745483398438,193203800
2009-08-07,74.57320862375614,75.37848425619761,74.16687326284462,74.76528930664062,220640900
2009-08-10,74.4254258684577,74.78004622795365,74.07819495966982,74.61012268066406,130898700
2009-08-11,74.27767616602713,74.32939105180918,73.47978452553275,73.67926025390625,157301000
2009-08-12,73.55366436702558,75.03123901890797,73.51672838262851,74.46976470947266,219052400
2009-08-13,74.80959775362243,75.06817216119705,74.07081051112388,75.03861999511719,176449500
2009-08-14,75.00167570816092,75.0607800382164,73.65708320014411,74.46236419677734,199616100
2009-08-17,73.02913386339654,73.10301147660294,72.48243276186844,72.63018798828125,237667500
2009-08-18,72.79272462919933,73.46502389651047,72.65974266624221,73.2064437866211,173461500
2009-08-19,72.63018938913166,74.10038041184809,72.55631177450034,73.84918975830078,192812800
2009-08-20,73.94521302942125,74.78004622795365,73.78268456933915,74.61012268066406,174131300
2009-08-21,75.22333040198339,76.19114006090346,75.0755751813774,76.07293701171875,224605000
2009-08-24,76.38319992746727,76.79691891121304,75.79216797654612,76.06552124023438,191279000
2009-08-25,76.36845491800041,77.02597524749137,76.05077611324069,76.21331024169922,215310600
2009-08-26,75.97687908833528,76.56791115074414,75.71830467471872,76.2206802368164,194620700
2009-08-27,76.17636074279967,76.62702145730269,75.31198093426104,76.39060974121094,196230100
2009-08-28,77.0038053392454,77.09245621085599,75.85129327980805,76.3758316040039,147024400
2009-08-31,75.62967882234048,75.7848235218182,75.20118071721075,75.6961669921875,176051600
2009-09-01,75.31934381566084,76.27237986654417,73.87132175248487,74.0264663696289,321276800
2009-09-02,73.71619825791771,74.20380059708611,73.56105359631866,73.7457504272461,171805000
2009-09-03,74.17426613766949,74.44761390534687,73.57584442976494,74.35896301269531,143572300
2009-09-04,74.50671029185399,75.42280511581279,74.28507744742079,75.40064239501953,142687900
2009-09-08,76.09509142525447,76.13203304462391,75.64443072414609,76.05076599121094,132909100
2009-09-09,76.18374635168415,76.89298146418746,75.94733464751639,76.63440704345703,154612500
2009-09-10,76.6861207974357,77.46923349910658,76.2576228285405,77.41751861572266,162902400
2009-09-11,77.56528222659998,77.79431013770844,77.04074388496474,77.40274810791016,152360100
2009-09-14,76.74521488539048,77.91250005336937,76.20590336770984,77.7795181274414,149593800
2009-09-15,77.90513847929356,78.3927409276721,77.3953789445811,78.1046142578125,196795900
2009-09-16,78.38536038777852,79.30145540030917,78.11201259306075,79.28668212890625,206406300
2009-09-17,79.17585610685927,79.83337653994646,78.73258472808722,79.16847229003906,229170900
2009-09-18,79.53810973629858,79.5455343839679,78.95168716405239,79.21891784667969,153799100
2009-09-21,78.60282675551109,79.42678733891728,78.4320994495288,79.01851654052734,151892000
2009-09-22,79.4861538962175,79.70142338638821,79.12984440754079,79.47872924804688,143126700
2009-09-23,79.66432888505258,80.19136579088892,78.67705993622522,78.81809997558594,225947400
2009-09-24,78.9888226288814,79.15954992051527,77.60813234371616,77.94959259033203,228636800
2009-09-25,77.77884455205547,78.20938351734532,77.26665144978489,77.53388214111328,204059000
2009-09-28,77.83080602096437,79.09272999275586,77.81596238843962,78.9219970703125,118285800
2009-09-29,79.06304127902983,79.44161339373578,78.52115521776349,78.68446350097656,133733900
2009-09-30,78.9517137149922,79.02594322660782,77.66010209016432,78.38013458251953,254383000
2009-10-01,76.45756339206567,78.48406246704918,76.4204458046912,76.43529510498047,281840600
2009-10-02,75.73010218098003,76.53179451299968,75.70783389342651,76.07898712158203,224748800
2009-10-05,76.38331936050533,77.43739294672004,76.1606252052892,77.2146987915039,149875000
2009-10-06,77.77142900334587,78.76612239596818,77.72689243736272,78.32073974609375,202491100
2009-10-07,78.14257604509784,78.61765725294221,77.99411706119768,78.53600311279297,159200300
2009-10-08,79.09275437993628,79.55298075361974,78.57313646780015,79.13729095458984,183305800
2009-10-09,79.15951917249309,79.6197509765625,78.95167437818623,79.6197509765625,135008300
2009-10-12,79.99093494026985,80.23589173492816,79.63462539559254,79.93154907226562,118031000
2009-10-13,79.71629591178042,79.95383376920913,79.24864484778463,79.76825714111328,157692700
2009-10-14,80.70355954450069,81.22317180313885,79.73855887748827,81.14151763916016,191421600
2009-10-15,80.74804025045349,81.43838500976562,80.71092835099925,81.43838500976562,173873600
2009-10-16,80.76293757488367,81.11181682130606,80.33982315871135,80.82974243164062,192069400
2009-10-19,80.96333375630677,81.75017648443936,80.71095237684789,81.49779510498047,159530400
2009-10-20,81.6165811155745,81.64627404924845,80.67385454065581,81.06727600097656,180921100
2009-10-21,80.94106414935254,81.88379047815674,80.28041212178859,80.33979797363281,225379300
2009-10-22,80.31013555242221,81.41617056223707,79.79794229657263,81.15636444091797,238444000
2009-10-23,81.4235912411554,81.47555246288496,79.89443619832444,80.22847747802734,240033200
2009-10-26,80.31754024617959,81.14150070098295,79.1372759350734,79.35997009277344,242028200
2009-10-27,79.44906137157614,79.7162921565134,78.80325836076857,78.99625396728516,253266300
2009-10-28,78.79579190794892,79.0407542747435,77.45963869211121,77.50418090820312,248821400
2009-10-29,78.08318771360786,79.32283765638427,77.89761117139535,79.16695404052734,198110600
2009-10-30,78.90716092286023,79.14469870921822,76.78416447957126,76.87323760986328,325608100
2009-11-02,77.29633033234649,78.24648687516233,76.51691234372477,77.43737030029297,254222900
2009-11-03,77.00686387920534,77.79371250946902,76.85840486545283,77.68236541748047,228362600
2009-11-04,78.32074568004644,78.92943666910662,77.68236175696528,77.88278198242188,247996700
2009-11-05,78.4320663786177,79.33767507650306,78.26875812812072,79.3154067993164,180015300
2009-11-06,78.87748951725736,79.72371846605215,78.72160583335823,79.5232925415039,170954100
2009-11-09,80.13194986464943,81.37902447356754,80.07256967439368,81.33448791503906,159495700
2009-11-10,81.1415127141407,81.60174473196342,80.88913125050627,81.34935760498047,171899800
2009-11-11,81.88380359598938,82.26238138296148,81.37161611598324,81.7650375366211,169466200
2009-11-12,81.65367740599184,82.07679168965267,80.72579470819647,80.93363952636719,157144500
2009-11-13,81.14147854635392,81.72047640226891,80.72578893971672,81.37159729003906,150963000
2009-11-16,81.93573402763734,82.90815873617763,81.89119748002393,82.55184936523438,210922200
2009-11-17,82.33660919411209,82.68549404327018,82.02484192338042,82.64837646484375,147134100
2009-11-18,82.58898604520778,82.71517673488208,82.0767929757282,82.59640502929688,156486800
2009-11-19,82.03225838940703,82.6260999415658,81.00787222582733,81.52006530761719,208734600
2009-11-20,81.09696020604594,81.47553799045674,80.91880828652508,81.23057556152344,134196000
2009-11-23,82.1881453887759,82.94529523949979,82.09906660378314,82.26237487792969,148010200
2009-11-24,82.39600497151402,82.54446397639376,81.66112326966768,82.38858032226562,138420100
2009-11-25,82.52216358669428,82.76712594645629,82.2623575975584,82.67804718017578,109564800
2009-11-27,80.46599104365323,81.89121755003202,80.38433691078653,81.33448791503906,126001800
2009-11-30,81.26771633281909,81.80217224390589,80.25817906185122,81.60917663574219,160874800
2009-12-01,82.33662568899399,82.88593651034512,82.19559132208359,82.61870574951172,159613700
2009-12-02,82.60384176854839,83.1457278437473,82.33661105521024,82.58157348632812,132315100
2009-12-03,82.80424767997752,83.27189848394498,81.8689404086965,81.93574523925781,167324900
2009-12-04,83.01952169974483,83.42036772256714,81.68337395368395,82.40341186523438,274907800
2009-12-07,82.3292038222052,82.78943015604618,82.01743083657468,82.27723693847656,127973800
2009-12-08,81.68338106446394,82.22526145970112,81.11180207604704,81.36418914794922,169863700
2009-12-09,81.34192241750486,81.78730504678995,80.92622705527104,81.66853332519531,155063400
2009-12-10,82.1732825862173,82.48505545077272,81.9877060621623,82.12874603271484,138014600
2009-12-11,82.47769165039062,82.66326831135122,82.10653832846945,82.47769165039062,124854000
2009-12-14,83.04179382324219,83.13829158717249,82.49248317621733,83.04179382324219,107141500
2009-12-15,82.73745400635059,83.07891420200046,82.3959938107007,82.65579986572266,120408800
2009-12-16,82.98984055733413,83.23479731433835,82.59641348979369,82.78199005126953,155358200
2009-12-17,82.18816148460141,82.34404514135691,81.71308586496136,81.78731536865234,183390100
2009-12-18,82.24255063793424,82.31718545880769,81.55595355906291,82.25001525878906,174591200
2009-12-21,82.66049176693208,83.36201245960672,82.66049176693208,83.08588409423828,118039600
2009-12-22,83.26496539900168,83.56348752235883,83.16048350990208,83.3843765258789,91707500
2009-12-23,83.58590139646206,83.66799514798346,83.21275005094213,83.548583984375,111783100
2009-12-24,83.72769386852679,84.0336749859832,83.58589454682124,83.94412231445312,39677500
2009-12-28,84.25756467621817,84.32472917717438,83.82470780171039,84.12322998046875,87508500
2009-12-29,84.33965426702964,84.35457781300647,83.99635577119555,84.00381469726562,80572500
2009-12-30,83.75755336582965,84.07099912896581,83.71277133264044,83.9739761352539,73138400
2009-12-31,84.16056238344957,84.18295624977706,83.13066659208162,83.16798400878906,90637900
2010-01-04,83.8620034372494,84.62322938631097,83.22018291238932,84.57845306396484,118944600
2010-01-05,84.5262246182069,84.83967030863525,84.22023785338185,84.80235290527344,111579900
2010-01-06,84.72028409317747,85.07104729014362,84.65311957997358,84.8620834350586,116074400
2010-01-07,84.70537846579887,85.32481123431688,84.46656176748147,85.22032928466797,131091100
2010-01-08,84.99641256569927,85.54121603248998,84.82476613624083,85.50389862060547,126402800
2010-01-11,85.88450341271869,85.92181512591176,85.2576062764038,85.62329864501953,106375700
2010-01-12,85.05609713200016,85.23520813834931,84.49637025505237,84.82474517822266,163333500
2010-01-13,85.04115653441295,85.78000001285845,84.60830546803831,85.54118347167969,161822000
2010-01-14,85.4442003460331,85.92929827282762,85.39195938122988,85.77257537841797,115718800
2010-01-15,85.62330253263977,85.70539058292641,84.48145473541886,84.80982971191406,212283100
2010-01-19,84.79487349056784,85.92178591869182,84.77247963766001,85.86954498291016,139172700
2010-01-20,85.28745647149218,85.41432654139966,84.31726655040133,84.99639892578125,216490200
2010-01-21,85.0188000029724,85.2800048024012,83.25752522134177,83.36200714111328,344859600
2010-01-22,82.98885626345728,83.39186039646722,81.41415714318863,81.50371551513672,345942400
2010-01-25,82.25002113318041,82.39928509175049,81.65298238041358,81.92164611816406,186937500
2010-01-26,81.60071152794524,82.4440369857457,81.37682419723488,81.57832336425781,211168800
2010-01-27,81.47386054289906,82.1529987008524,80.84696903756134,81.96642303466797,271863600
2010-01-28,82.2350818519663,82.2798581840523,80.53351290665691,81.02606964111328,316104000
2010-01-29,81.37683962879416,81.94403122305579,80.0185690671046,80.14543914794922,310677600
2010-02-01,80.71262179177522,81.3992187701529,80.22752399628618,81.39175415039062,187865000
2010-02-02,81.5409989285476,82.53357675805675,81.25740038254334,82.3768539428711,216327900
2010-02-03,82.00373475160237,82.451520905515,81.72760640970539,81.96642303466797,172730700
2010-02-04,81.33207197205677,81.36938369131416,79.42153315957053,79.43646240234375,356715700
2010-02-05,79.52601214921975,79.76482878023876,78.04833602411388,79.60064697265625,493585800
2010-02-08,79.66036489189645,80.10068653572472,78.96630301122796,79.02600860595703,224166900
2010-02-09,79.9513997479151,80.71263162902116,79.30957902221286,80.01856994628906,337820500
2010-02-10,79.89169208037605,80.30215507595223,79.19016584532008,79.8618392944336,240511500
2010-02-11,79.75735575544938,80.7872512270851,79.29464612358237,80.69769287109375,223591600
2010-02-12,79.84691132562222,80.67530764374328,79.48868927628364,80.63053131103516,304622100
2010-02-16,81.24250197370367,81.98133995781451,80.46634658183653,81.89924621582031,159317500
2010-02-17,82.29478955427375,82.39927716213644,81.89925006634358,82.2873306274414,168845100
2010-02-18,82.15299784809831,82.94407684248087,82.12314505855818,82.77243041992188,193708600
2010-02-19,82.55601685056018,83.26500222499317,82.36197653048356,82.944091796875,222684900
2010-02-22,83.2500801603634,83.27246833349523,82.71274122984555,82.95902252197266,132346900
2010-02-23,82.73509696620349,82.98883708733521,81.73504863896143,81.95147705078125,207497000
2010-02-24,82.19773727686119,82.83955772918871,81.98877353774708,82.7052230834961,176350700
2010-02-25,81.52610207863066,82.65302070463426,81.30221469392738,82.59331512451172,259634700
2010-02-26,82.66794938873923,82.92915989454447,82.17539255672045,82.64556121826172,173589300
2010-03-01,82.98885639258422,83.58590081882517,82.96646822302178,83.5038070678711,147709700
2010-03-02,83.86203661420367,84.1381649696922,83.5859025648774,83.73516082763672,160992400
2010-03-03,83.9515851994953,84.30981298401758,83.60082203589822,83.8097915649414,150785000
2010-03-04,83.9217306428556,84.18294112520104,83.6082848966459,84.06352996826172,135770400
2010-03-05,84.60833141738773,85.33224018741423,84.40682651825183,85.26507568359375,176118800
2010-03-08,85.2725322238539,85.4665667901736,85.13073291522,85.27999114990234,114631200
2010-03-09,85.02625162743676,85.81733052588356,84.98147529547539,85.42179107666016,154556700
2010-03-10,85.45914581073345,86.0337965326442,85.38451666025453,85.80244445800781,186088800
2010-03-11,85.60089476614608,86.18301550096565,85.33969002901718,86.1606216430664,160791100
2010-03-12,86.53380045695451,86.54872970030925,85.92929705936271,86.1681137084961,162074800
2010-03-15,86.01885191736284,86.25020393534999,85.52628939590113,86.19049835205078,146816800
2010-03-16,86.42928155822749,86.95915559390325,86.19046501124919,86.87706756591797,168673000
2010-03-17,87.13828867073781,87.6756274260053,86.8845428390452,87.39202880859375,177468100
2010-03-18,87.39950811120411,87.51891358030277,86.99650397705062,87.3472671508789,196509100
2010-03-19,86.90509796142578,87.89427362392696,86.56787547724056,86.90509796142578,226641100
2010-03-22,86.41054300113012,87.52711733522938,86.35808691087134,87.36974334716797,184477800
2010-03-23,87.49711178564202,88.05914358282087,87.21234534934356,87.98420715332031,182941600
2010-03-24,87.65451330019086,87.99922558066613,86.61288109778279,87.55709075927734,196072600
2010-03-25,88.14908857878717,88.55375226702051,87.30979119633398,87.41470336914062,223396300
2010-03-26,87.57957864581151,87.99173203175904,87.01754662355864,87.36225891113281,205808500
2010-03-29,87.80438627757077,88.07416210026808,87.44468899216453,87.91679382324219,134513500
2010-03-30,88.0217063369913,88.29897752171267,87.60955295770228,87.97674560546875,145772500
2010-03-31,87.6395384880911,88.06668266505808,87.38475334129403,87.67700958251953,161078700
2010-04-01,88.27650451660156,88.61372146570898,87.75193783019631,88.27650451660156,161215200
2010-04-05,88.61373481468814,89.05586402422283,88.36643929887046,88.99591827392578,105847600
2010-04-06,88.74111899904598,89.36310255248236,88.64370216140463,89.20573425292969,110384200
2010-04-07,89.02587903235741,89.44552780027927,88.28399260969971,88.69615173339844,184576300
2010-04-08,88.38889934297049,89.15326608566326,88.12661887921722,89.00338745117188,158704000
2010-04-09,89.19071659772844,89.62535598941737,89.02585870318013,89.587890625,133006500
2010-04-12,89.7003022899391,89.96258845609707,89.5953901103899,89.73027801513672,110279000
2010-04-13,89.64036883071081,89.95510541245325,89.17575360245831,89.79773712158203,125043600
2010-04-14,90.1274262928725,90.81685638427734,89.98504877650461,90.81685638427734,161609000
2010-04-15,90.66700771049348,91.10164719654047,90.63703198208138,90.8918228149414,144615300
2010-04-16,90.569582477017,90.89181438093959,88.98839868303457,89.44551849365234,366786700
2010-04-19,89.18324793406924,89.87267254819552,88.77858416909449,89.78274536132812,217947800
2010-04-20,90.34474891149179,90.65949110758334,89.82768347267462,90.58454895019531,157708000
2010-04-21,90.63702990209852,90.84685999616791,89.91762958857416,90.41971588134766,192910100
2010-04-22,89.78271668293513,90.80186827275215,89.2656512461443,90.68946075439453,115360300
2010-04-23,90.62951791633601,91.31894233218074,90.3972075130635,91.2814712524414,177335500
2010-04-26,91.3114708632032,91.51380559907923,90.84686136966744,90.93678283691406,143457300
2010-04-27,90.41219303212529,90.92925845562955,88.61368993646958,88.78604888916016,355853300
2010-04-28,89.21322811233239,89.68533300303856,88.62870994447132,89.46051788330078,300674100
2010-04-29,90.0000603222174,90.75693171556631,89.97757995601744,90.56958770751953,193775000
2010-04-30,90.58457924141858,90.68200179168727,89.01089060385947,89.03337097167969,270000900
2010-05-03,89.4604900443875,90.43468097038138,89.32560215797734,90.18738555908203,182747900
2010-05-04,89.18322456178612,89.19820956369404,87.61702600869265,88.066650390625,360353400
2010-05-05,87.34728248675948,88.27651303210234,86.90515330117864,87.54212188720703,328973200
2010-05-06,87.12244940562235,87.6769860068774,78.68447462155663,84.634521484375,647356600
2010-05-07,84.40972443526833,85.25651737996348,81.9892428055985,83.3755874633789,637558800
2010-05-10,86.78522970445783,87.41470849549758,86.11079590180199,87.04751586914062,396159600
2010-05-11,86.23070451710412,87.94677641085956,86.11080731837697,86.80023193359375,317849800
2010-05-12,87.14492522099935,88.14159655300188,86.9950466086957,88.01419830322266,235607100
2010-05-13,87.77443153108305,88.18659072463238,86.84520665151061,86.9201431274414,234452500
2010-05-14,86.26815515523137,86.4255234072251,84.58205939021859,85.34642028808594,345601400
2010-05-17,85.57872428240825,85.81852433832444,83.75774064247824,85.3913803100586,325739800
2010-05-18,86.08829196777874,86.34308271904659,83.95257202859185,84.22984313964844,360556800
2010-05-19,83.75774904261449,84.50712500716867,82.70113190558125,83.75025939941406,394742700
2010-05-20,81.96674739335691,82.34893076618717,80.53544216144022,80.58789825439453,530418300
2010-05-21,79.36640372166451,81.96673327276162,78.95424469282317,81.764404296875,500909400
2010-05-24,81.32227897016801,81.97423813208232,80.64034980021434,80.71528625488281,269823000
2010-05-25,78.76689866907445,80.83517768466305,78.21985176478579,80.7977066040039,396505200
2010-05-26,81.29229415453732,82.03417464000444,80.07080786852627,80.31060791015625,349719300
2010-05-27,81.82437247303248,83.03086836714064,81.51712554919669,83.00089263916016,300870500
2010-05-28,82.91097951833444,82.97093098446419,81.56959547943528,81.95927429199219,297933500
2010-06-01,81.19490201225848,82.39390266897796,80.46051661133048,80.58041381835938,277909400
2010-06-02,80.99256896313395,82.68615480556701,80.56542482166567,82.67866516113281,240243700
2010-06-03,82.91845632233158,83.22569751222929,82.11662422349117,82.96341705322266,226618300
2010-06-04,81.38973901313035,81.92929072211521,79.77857924804664,80.04835510253906,398475600
2010-06-07,80.33310618334852,80.64035309250372,78.99172815334899,79.05167388916016,264609100
2010-06-08,79.11162096179036,80.05583628527869,78.42219644121124,79.89846801757812,357774300
2010-06-09,80.36309002109942,81.14244183815858,79.13411369500615,79.4713363647461,268023300
2010-06-10,80.82771475302275,81.89182755016574,79.46385034219942,81.7944107055664,317890600
2010-06-11,81.07497516177814,82.24399965998832,81.02251908089139,82.19154357910156,214128200
2010-06-14,82.82101341374293,83.27064348121465,81.98171615133452,82.06414794921875,207196100
2010-06-15,82.6411495080122,84.00501302405662,82.4987662985368,83.9300765991211,238268700
2010-06-16,83.49545993126392,84.24483581802942,83.33059632141003,83.9001235961914,216374000
2010-06-17,84.13996165262402,84.17743275079964,83.21823209728748,84.03504943847656,263185800
2010-06-18,84.20142976339679,84.42730871423167,83.85507744319415,84.12613677978516,174006600
2010-06-21,85.17271405642907,85.23294498905588,83.41835961080585,83.88518524169922,213140700
2010-06-22,83.88516270899831,84.25410220436024,82.3792806526004,82.49974822998047,239355400
2010-06-23,82.55247733623557,82.84612396113822,81.67906848240575,82.2437744140625,254639900
2010-06-24,81.83719728994603,81.94260861954194,80.67013589793709,80.8809585571289,268523600
2010-06-25,81.12187868254894,81.63387889931445,80.39152484081878,81.21976470947266,238726500
2010-06-28,81.3402616078329,81.55861531145273,80.67014419597666,80.96379089355469,169218600
2010-06-29,79.8268340601063,80.94872073259785,77.96707387536749,78.4640121459961,373649500
2010-06-30,78.245638631577,78.96846140653678,77.46257918924937,77.71858215332031,284101700
2010-07-01,77.66586944651361,77.92186664283243,76.14492532837912,77.37222290039062,382924800
2010-07-02,77.63576362597563,77.86917354781785,76.51388290373647,76.9505844116211,233385200
2010-07-06,78.03483274580206,78.58448240035307,76.70965450244212,77.45507049560547,256935300
2010-07-07,77.65080270548029,79.99244965825696,77.56797873651514,79.89456939697266,253769400
2010-07-08,80.56473017033855,80.77555284418973,79.74402679791972,80.6852035522461,210842100
2010-07-09,80.6625561515245,81.29502949153927,80.51197027005978,81.2874984741211,144999900
2010-07-12,81.01649071661286,81.49837273655137,80.67766939601093,81.34025573730469,131283600
2010-07-13,82.18355655864306,82.89131758216884,82.01790852830072,82.56755828857422,213025900
2010-07-14,82.30402500554312,82.88379311743087,81.96520366341757,82.56002807617188,184426800
2010-07-15,82.5298825433991,82.86870377391197,81.44564541458148,82.58258819580078,232337900
2010-07-16,82.13836533123508,82.22872035708893,80.15060071834121,80.30872344970703,282693400
2010-07-19,80.6023691202751,81.03907071202777,79.97742645750068,80.78307342529297,186709000
2010-07-20,79.71389983821068,81.73930808839543,79.67625047431137,81.6790771484375,258162400
2010-07-21,82.10071927754906,82.12330659722113,80.28612800407694,80.61742401123047,264527000
2010-07-22,81.57365771618625,82.77836839224103,81.56613243921343,82.41695404052734,274781300
2010-07-23,82.25128718080545,83.25270025931447,82.01787726945557,83.13223266601562,222020800
2010-07-26,83.27530782927812,84.08095480209042,83.04189786115539,83.99813079833984,184445700
2010-07-27,84.45742816655115,84.54778319476445,83.65931218970312,83.99060821533203,204855600
2010-07-28,83.81742595963303,84.07342899082266,83.16989597687169,83.448486328125,163056200
2010-07-29,83.96800754663032,84.19389222446651,82.37930675859678,83.0418930053711,220149100
2010-07-30,82.1985983198422,83.47107092376885,82.05554338261268,83.0268325805664,220070600
2010-08-02,84.32190427867422,85.03720204265161,83.98308295249177,84.90167236328125,188263200
2010-08-03,84.69083775250571,84.90918566868825,84.2164810693516,84.49507141113281,146657300
2010-08-04,84.72847270898929,85.16517998568679,84.44988814017076,85.05976867675781,158171700
2010-08-05,84.51765018363618,85.01459413583287,84.38965155758024,84.96941375732422,140473800
2010-08-06,84.13365678365392,84.75859942298433,83.51624516555856,84.6230697631836,239728300
2010-08-09,85.02215394321227,85.2179203442981,84.57039018604242,85.07485961914062,120800400
2010-08-10,84.3520036442624,85.06730124729769,83.85506542804018,84.61553192138672,242916300
2010-08-11,83.31294777734006,83.34306611570804,82.16094862107124,82.29647827148438,273406900
2010-08-12,81.05413578499386,82.08566173649697,81.01648642048487,81.7920150756836,239542600
2010-08-13,81.53600724043206,82.04047649052298,81.4531832448069,81.55106353759766,158698500
2010-08-16,80.99387365053862,81.77693308149183,80.70022708199176,81.5134048461914,147895300
2010-08-17,82.21365202710795,83.11717917547774,81.98023634726545,82.51482391357422,172270300
2010-08-18,82.47719283173612,83.10966078279615,82.00284186844111,82.6654281616211,182922100
2010-08-19,82.23624684531589,82.4395384616724,80.88848127584669,81.22730255126953,265847600
2010-08-20,80.98637821729342,81.27249963661669,80.37649749839863,80.96379089355469,209714200
2010-08-23,81.3477796987179,81.74683767329661,80.6174257100046,80.65507507324219,163490300
2010-08-24,79.77413499429294,80.10543103175962,79.03625567655475,79.45790100097656,280677800
2010-08-25,79.02116288010635,80.06775050627681,78.52422476178411,79.7665786743164,272234800
2010-08-26,80.14307582363966,80.24848714872897,78.96848345988019,79.23201751708984,224439500
2010-08-27,79.72895085639387,80.54212880907399,78.539302267601,80.45930480957031,272649000
2010-08-30,80.24848259519527,80.49695459501521,79.28471868078758,79.29224395751953,167238600
2010-08-31,78.99859731936363,79.79671897837743,78.67483234082172,79.29224395751953,273933100
2010-09-01,80.36142391980259,81.77695143313673,80.30871826091477,81.66400909423828,256828100
2010-09-02,81.85981616887477,82.43957870515466,81.68663706378456,82.42452239990234,156112200
2010-09-03,83.23012406275123,83.56894531768027,82.78588575093698,83.49365234375,212197300
2010-09-07,83.10215531502442,83.20756666532841,82.48474351560625,82.55250549316406,141973700
2010-09-08,82.71811274799012,83.46352285595111,82.68046339381146,83.13223266601562,149924400
2010-09-09,84.06589262701742,84.0884799456457,83.29036405018834,83.51624298095703,147017900
2010-09-10,83.66682980240978,84.0357693889669,83.47859449883168,83.9378890991211,127819000
2010-09-13,84.76612494237808,85.0447095206467,84.42729794262515,84.87153625488281,178503500
2010-09-14,84.70591291952103,85.3007373529166,84.38967888996513,84.81885528564453,209823600
2010-09-15,84.57037161211477,85.24048894937997,84.31437431225461,85.14260864257812,168608400
2010-09-16,84.87903897522429,85.17268549707767,84.59291772712238,85.11997985839844,199962900
2010-09-17,85.56814675419189,85.6514141665537,84.91715013494868,85.15180969238281,195836900
2010-09-20,85.44700686890266,86.6430241491646,85.17449645630529,86.45378112792969,214555200
2010-09-21,86.52190152323945,86.93066131920234,85.9238929528847,86.27967071533203,268389100
2010-09-22,86.14342701902893,86.62788869948537,85.61354308555303,85.85577392578125,191322400
2010-09-23,85.15178382604849,86.04501107121817,84.91712433989625,85.15935516357422,202354300
2010-09-24,86.10559018602846,86.97610939570438,86.02989411893483,86.9155502319336,209671800
2010-09-27,86.94584612871733,87.04425045688008,86.4159677843936,86.49922943115234,128761800
2010-09-28,86.61276651334586,87.08209140398301,85.67412250731172,86.80200958251953,209207500
2010-09-29,86.58246612699395,86.98366618845174,86.30995571083785,86.65059661865234,179665800
2010-09-30,87.08964536833243,87.64980312426069,85.98446098264513,86.39322662353516,287106700
2010-10-01,87.04422386925121,87.14263394259545,86.24183525715294,86.75657653808594,174638700
2010-10-04,86.57493869307103,86.93828222447505,85.67413965542801,86.1056137084961,166153200
2010-10-05,86.9004139778622,88.05100922190483,86.8020038921895,87.83905792236328,229634100
2010-10-06,87.8239258521304,88.05859119803124,87.47571927864583,87.83149719238281,148626600
2010-10-07,88.18727082685152,88.20997907126636,87.19563898580242,87.72551727294922,164860000
2010-10-08,87.84663737659734,88.45978308908802,87.51356771784178,88.2175521850586,177760100
2010-10-11,88.35380722663115,88.54305030044583,87.99802932382113,88.30081939697266,103098300
2010-10-12,88.01313973461409,88.83067095345517,87.54382074898344,88.57330322265625,182210000
2010-10-13,89.06533741410817,89.73904210108938,88.85338038119977,89.26214599609375,194347200
2010-10-14,89.17889480870129,89.33029271685804,88.35379786639577,88.91395568847656,217764300
2010-10-15,89.53468743301251,89.58767526579214,88.38409201755162,89.09564208984375,243705000
2010-10-18,89.12590989562996,89.82989430964285,88.80041160151131,89.53467559814453,141204800
2010-10-19,88.70955746739352,89.20915602335091,87.8238957689316,88.3613510131836,280604700
2010-10-20,88.52035775573145,89.65581640000613,88.46736991667495,89.2243423461914,200051800
2010-10-21,89.62552834893508,90.14783534883033,88.72472939477083,89.421142578125,221585500
2010-10-22,89.5573821611118,89.7239169747793,89.32272261925658,89.58766174316406,108212400
2010-10-25,90.18567737981462,90.65500227459638,89.78448299366191,89.85260772705078,151145700
2010-10-26,89.39841958214998,89.95857741762752,89.22431920265554,89.86774444580078,158982900
2010-10-27,89.2394596587325,89.70878454106656,88.76256921193823,89.6103744506836,190024000
2010-10-28,90.12511749878512,90.16296842275102,89.19404483172156,89.62551879882812,168576000
2010-10-29,89.5346705648127,89.86774017967237,89.37570709642229,89.69363403320312,144305500
2010-11-01,90.13268078640266,90.6474221200564,89.20917376644391,89.72391510009766,174074800
2010-11-02,90.39761966057254,90.64742187517962,90.15538878510984,90.43547058105469,158345900
2010-11-03,90.59443291379735,90.85180068907665,89.66335456888322,90.79881286621094,226702800
2010-11-04,91.80560414353681,92.59285606735624,90.81397222975262,92.54743957519531,215039400
2010-11-05,92.60797674887938,93.04702201365339,92.4868641992546,92.8956298828125,180654100
2010-11-08,92.60796486963504,92.8729097274803,92.30518064679278,92.72151184082031,156107100
2010-11-09,92.97130195436876,93.06970623649538,91.68445184861037,92.05536651611328,186621600
2010-11-10,92.03268466164346,92.4717299389647,91.33627159948962,92.42630767822266,221387400
2010-11-11,91.63149885811495,92.21436498567485,91.35141702915016,92.07810974121094,158017600
2010-11-12,91.45739252934221,91.85858692199791,90.57173632949016,90.98806762695312,239068800
2010-11-15,91.27569670402565,91.63147451311482,90.82151460156155,90.85935974121094,163940800
2010-11-16,90.2992242562349,90.45061640261163,89.01236791107192,89.44384765625,299566200
2010-11-17,89.481709359392,89.86019557059419,89.21677016659872,89.4892807006836,172308900
2010-11-18,90.3522294415458,91.13191011811806,90.34465810020046,90.80641174316406,197723700
2010-11-19,90.7609869915457,91.09405090231408,90.26895380318877,91.05620574951172,156852900
2010-11-22,90.60202072903482,91.01835204862208,89.90560179084636,90.98050689697266,181361000
2010-11-23,89.90560678441685,90.09484987889678,89.31516925367804,89.66337585449219,222309000
2010-11-24,90.23109533130379,91.01078164702444,90.21595842649654,90.98806762695312,140046100
2010-11-26,90.20080940203296,90.69283670790249,89.92829895019531,89.92829895019531,76007800
2010-11-29,89.7012164389245,90.44305182484158,89.12591588098313,90.20082092285156,223642300
2010-11-30,89.30758237078619,90.2083753583319,89.17889270807434,89.69363403320312,233930700
2010-12-01,90.98806011185505,91.77531192733665,90.98049454769644,91.60121154785156,221037200
2010-12-02,91.74502302078946,92.84263611241636,91.69203520086535,92.77450561523438,191213600
2010-12-03,92.45658572009123,93.13029052827082,92.43387747771837,93.0243148803711,151288900
2010-12-06,92.82746275879708,93.13782401238805,92.7290584900971,92.92587280273438,103050500
2010-12-07,93.81912900386337,93.87211682272394,92.92590164647146,92.97888946533203,206581000
2010-12-08,93.09246132269503,93.39524563983082,92.66098731801182,93.31954956054688,138019200
2010-12-09,93.84184769058623,93.87969283670581,93.22113069687558,93.6828842163086,123705100
2010-12-10,93.97053171336397,94.31873824444247,93.66017610369738,94.2279052734375,117571700
2010-12-13,94.65938799069741,94.7729292149841,94.25818782233668,94.28846740722656,133812700
2010-12-14,94.43228615449992,94.79563536778308,94.08407962002514,94.3717269897461,147249600
2010-12-15,94.19763542749563,94.56855023966261,93.7812983498916,93.94026184082031,160823100
2010-12-16,94.00082108467176,94.5534134085378,93.67532276244717,94.48528289794922,185035200
2010-12-17,94.41905333276567,94.70821339407537,94.22120391944277,94.58646392822266,141075300
2010-12-20,94.84520475432637,95.04305420849919,94.34297866987181,94.81476593017578,119085500
2010-12-21,95.1115188070781,95.47677882060502,95.02020815790459,95.41590118408203,94965500
2010-12-22,95.48443261843362,95.74315398078078,95.43116611409076,95.71271514892578,78878100
2010-12-23,95.60615293388449,95.71268591002585,95.33982049353106,95.57571411132812,70053700
2010-12-27,95.21810861021513,95.7051183819056,95.14962558245291,95.61380767822266,58126000
2010-12-28,95.80399890801657,95.84204308062534,95.49961649908839,95.750732421875,55309100
2010-12-29,95.86489026749662,96.0322951010288,95.80401261587815,95.81922912597656,58033100
2010-12-30,95.72790797942977,95.97901810505728,95.52244737910245,95.66703033447266,76616900
2010-12-31,95.52246209508212,95.78118922320292,95.3702737648553,95.68987274169922,91218900
2011-01-03,96.42036533770737,97.09761312336184,95.65180109123236,96.67909240722656,138725200
2011-01-04,96.89217934088853,96.9226181677584,96.02469309474148,96.62584686279297,137409700
2011-01-05,96.3214433417473,97.18892939824306,96.23012688110146,97.1280517578125,133975300
2011-01-06,97.16612399446731,97.27265698682098,96.64867554348695,96.93783569335938,122519000
2011-01-07,97.06719571567965,97.22699520315814,95.99425464100617,96.74759674072266,156034600
2011-01-10,96.32146439970691,96.76281868090106,96.03229844724949,96.62584686279297,122401700
2011-01-11,96.97587287594548,97.2041553413028,96.60300164632163,96.96826171875,110287000
2011-01-12,97.56181954839565,97.94990151892111,96.9910988154796,97.84336853027344,107929200
2011-01-13,97.88141086020465,97.9270661930228,97.44005662425592,97.68355560302734,129048400
2011-01-14,97.54659966185218,98.41408590850875,97.47811665556422,98.3912582397461,117677900
2011-01-18,98.299914281452,98.64995781068123,98.18577596280261,98.55864715576172,114401300
2011-01-19,98.47494780151338,98.57386381324511,97.33351810116386,97.59223937988281,151958400
2011-01-20,97.37156652557057,97.70638197114135,96.73997400378933,97.46288299560547,175745700
2011-01-21,98.07164915442958,98.29232046679194,97.57702262271034,97.68355560302734,151462900
2011-01-24,97.62267762362087,98.35319777989949,97.59984995728942,98.23905944824219,113715500
2011-01-25,97.98028863703685,98.37598738573095,97.48567390958382,98.29228210449219,167552200
2011-01-26,98.53583215675488,98.96196408277986,98.3379768973689,98.67279815673828,141281500
2011-01-27,98.69560739835156,99.08370088163466,98.52059144952658,98.91629028320312,123302700
2011-01-28,99.03043950048405,99.19024476611996,97.02913486614759,97.18893432617188,295637300
2011-01-31,97.45525578350879,97.99552590845366,97.21174525137161,97.91942596435547,149249200
2011-02-01,98.51301837302107,99.66205366485345,98.45214071626344,99.4870376586914,167194300
2011-02-02,99.22828883735687,99.56311009033683,99.17502815323219,99.29678344726562,118323600
2011-02-03,99.12172675329961,99.66961380435296,98.59667897299227,99.51742553710938,145886700
2011-02-04,99.55551984606974,99.83706884642575,99.09894322977152,99.79901885986328,134634800
2011-02-07,100.01967704920402,100.75018552092831,100.01206008704216,100.42298126220703,112439100
2011-02-08,100.51429651414381,100.93282305938386,100.24035292191608,100.87956237792969,99072800
2011-02-09,100.60560505204157,100.9252039308083,100.14902859024811,100.65126037597656,146436700
2011-02-10,100.14143624448026,100.80346174995259,99.91314798393776,100.68932342529297,162708500
2011-02-11,100.29363472677257,101.4198422188672,100.27080705952382,101.29048156738281,137710300
2011-02-14,101.22958947042663,101.61767136949382,101.1154511504724,101.53396606445312,101690700
2011-02-15,101.2219953199219,101.37418363377508,100.68933041582372,101.2143783569336,119575400
2011-02-16,101.55681302399171,101.97532796963948,101.35135242130507,101.85358428955078,130183500
2011-02-17,101.55681869756948,102.29493261572993,101.46549641837157,102.15796661376953,109810500
2011-02-18,102.24930027753032,102.49281092852436,102.01340659139669,102.37105560302734,130002400
2011-02-22,101.29808415433669,102.39385859726399,100.0425160450299,100.31645965576172,233116400
2011-02-23,100.2555580533317,100.49906858745469,99.0836955387235,99.70006561279297,227584000
2011-02-24,99.59359156021233,100.01972363573631,98.69566044859118,99.63162994384766,260431400
2011-02-25,100.05012270160903,100.75781520990549,99.9892450527387,100.69693756103516,141686900
2011-02-28,101.06977282842392,101.45024929000742,100.73495168443523,101.32087707519531,141585500
2011-03-01,101.64055820485196,101.7318689035419,99.60119691469376,99.63162994384766,258565500
2011-03-02,99.49461437514849,100.3088397373032,99.1902377901915,99.84465789794922,200277400
2011-03-03,100.7501895572395,101.67855330279981,100.74258420599575,101.56441497802734,176480100
2011-03-04,101.48832768279598,101.68618295205118,100.14144883754565,100.80347442626953,277202300
2011-03-07,101.1002619118503,101.32855023766494,99.48704453555291,100.01209259033203,216790400
2011-03-08,100.1718710735364,101.20676781033158,99.73813382075689,100.88716888427734,174615000
2011-03-09,100.68930829662897,101.05456249188322,100.14142119813681,100.74256896972656,153806000
2011-03-10,99.68488164515907,99.82184766487089,98.77934536631149,98.8782730102539,301291800
2011-03-11,98.5586582012111,99.92075927170912,98.53583053492294,99.5631103515625,225621800
2011-03-14,98.91629688162253,99.28915646654717,98.20860446627711,98.96195220947266,234974100
2011-03-15,96.32906905791984,98.41408514138328,96.26058605216569,97.8281478881836,359585400
2011-03-16,97.51614750563847,97.835758066107,95.3322155468575,96.01707458496094,468670300
2011-03-17,97.40200882527314,97.69878010646367,96.71714978959801,97.2878646850586,254303700
2011-03-18,98.46711116121857,98.49768804690777,97.45065128368803,97.64171600341797,230435400
2011-03-21,98.85689250104541,99.36129450769671,98.74224667006514,99.15495300292969,153992600
2011-03-22,99.13964195187414,99.26956453469187,98.71929732413291,98.81100463867188,129538600
2011-03-23,98.5358708865916,99.35363331222098,98.069684263938,99.09378814697266,148603100
2011-03-24,99.65935158459531,100.1866920686518,99.10144587699367,100.0414810180664,159129800
2011-03-25,100.30132956519726,100.78280468144999,100.0338343193183,100.34718322753906,155642800
2011-03-28,100.5611906343693,100.82103586976841,100.07206538940272,100.10263061523438,109762400
2011-03-29,100.0185413636826,100.80572696279108,99.68991569062288,100.77516174316406,129798800
2011-03-30,101.30253469132008,101.76873315657198,101.15732361271695,101.47067260742188,135835000
2011-03-31,101.3407570487739,101.61589077963185,101.22611119161013,101.3331069946289,132537100
2011-04-01,101.95979267787332,102.23492637540562,101.5165210728676,101.76107788085938,153850100
2011-04-04,101.97504588736238,102.15847219720334,101.55471287751386,101.84512329101562,100768900
2011-04-05,101.64643054405414,102.28076681075895,101.60057687734428,101.8298568725586,120791500
2011-04-06,102.31899392322954,102.41070126725805,101.7381496466055,102.1508560180664,120411600
2011-04-07,101.96742536597048,102.39540850226709,101.3865927755202,101.89100646972656,170731500
2011-04-08,102.34191050517717,102.40305261562553,101.11909161954027,101.53943634033203,147945400
2011-04-11,101.64641346478055,101.99032756898292,100.98915047515831,101.23371887207031,121385400
2011-04-12,100.6681688847642,100.86687197222787,100.11026323259277,100.47710418701172,161187400
2011-04-13,100.94328855746812,101.01970742900365,100.08732256163307,100.46945190429688,162059000
2011-04-14,99.88863532082895,100.69874788428426,99.56000959332607,100.5458984375,161220400
2011-04-15,100.72930509092164,101.16492651223166,100.43124464634226,100.9127197265625,170006700
2011-04-18,99.8045583018062,100.90509288828565,98.9791573619466,99.78163146972656,210759300
2011-04-19,99.93449077782283,100.38541239715735,99.68993399092278,100.3548355102539,124258800
2011-04-20,101.55470150569145,101.94446925108657,101.48590935866439,101.72283935546875,156133800
2011-04-21,102.25022262152146,102.28843790988803,101.72289362407007,102.24258422851562,135935400
2011-04-25,102.16612430694413,102.30369697321552,101.7992832996627,102.13555908203125,65757100
2011-04-26,102.44890596128508,103.22080323764916,102.34191018375279,103.01445007324219,146600000
2011-04-27,103.21313692256918,103.83982297523204,102.79279231682226,103.68697357177734,143031000
2011-04-28,103.50355999439853,104.16082300542031,103.4882832153414,104.02326202392578,124791100
2011-04-29,104.06150362934872,104.37485260426884,103.9239309513758,104.2678451538086,115094100
2011-05-02,104.7569702938113,104.8410275754246,103.90099241815969,104.10734558105469,126278700
2011-05-03,103.90865233539527,104.08442862924159,103.20552383667774,103.73286437988281,138375000
2011-05-04,103.68702639325642,103.73288007148597,102.58649146907581,103.04505157470703,182678500
2011-05-05,102.47186599463579,103.13676770888813,101.66175317918606,102.11266326904297,226900000
2011-05-06,103.12910870024659,103.65644926268745,102.16613492129667,102.56355285644531,222787200
2011-05-09,102.55591170173722,103.2590285454925,102.39541218901428,102.96096801757812,114104500
2011-05-10,103.30484971987039,104.02325478209738,103.1749271369493,103.83982849121094,114806900
2011-05-11,103.68702173564316,103.70231018158889,102.27314951984908,102.74698638916016,193564200
2011-05-12,102.47182515564405,103.45007552348652,101.94448469795343,103.236083984375,171550700
2011-05-13,103.28958916567814,103.43480022745858,102.07442027235622,102.4412612915039,157444900
2011-05-16,102.07443623860188,102.87691056861203,101.62352620061236,101.79166412353516,141675400
2011-05-17,101.4095033358868,101.9139169491425,100.97387021671214,101.7763442993164,192686200
2011-05-18,101.82984020482962,102.79280203311211,101.60819863645739,102.68580627441406,135217900
2011-05-19,103.0220854993088,103.19786175279974,102.36482248444761,102.93036651611328,119489500
2011-05-20,102.66293077796522,102.93041447762506,101.92159848571355,102.11266326904297,182594900
2011-05-23,100.86687455834961,101.43243027639616,100.56881408868031,100.92801666259766,168700000
2011-05-24,101.21844703974664,101.44007698185798,100.65289127533862,100.84395599365234,147199600
2011-05-25,100.43888201891039,101.60055856674965,100.40831680050064,101.18021392822266,151050100
2011-05-26,100.90507620196664,101.82983436902347,100.71401152512254,101.64640808105469,164850000
2011-05-27,101.92920569758424,102.31133514734549,101.61586841164566,102.03620147705078,120921900
2011-05-31,102.99915740290884,103.11379155341487,102.28839068478136,103.09850311279297,164731200
2011-06-01,102.80047255190343,103.1138215366193,100.69876032929704,100.78282928466797,233094300
2011-06-02,100.85160733646964,101.0655988907863,100.08734845343434,100.67581939697266,200466800
2011-06-03,99.46828368807643,100.43889568333081,99.41479163316622,99.67463684082031,234690200
2011-06-06,99.42243109583988,99.62878425080964,98.49003436498634,98.61995697021484,179951200
2011-06-07,99.12436669559267,99.40715038913517,98.47475369510667,98.55882263183594,161660500
2011-06-08,98.40597101868455,98.73460840725545,97.96269946065011,98.14612579345703,198696400
2011-06-09,98.41362065382462,99.3001521044694,98.17670226349432,98.89509582519531,160964400
2011-06-10,98.47476150013424,98.53589194836054,97.25958684708158,97.5194320678711,238629400
2011-06-13,97.74108968681064,98.00858501965854,97.09911488197687,97.59587860107422,207599800
2011-06-14,98.49005847862436,99.17789860970818,98.4518548560648,98.833984375,160570400
2011-06-15,98.00855917750252,98.81867169309331,96.81631140586381,97.07615661621094,300958000
2011-06-16,97.10675002706809,97.80222853988185,96.54119998017394,97.29017639160156,308032800
2011-06-17,98.25635480468203,98.26403692337134,97.25021406675188,97.58047485351562,233284900
2011-06-20,97.25021709234707,98.28708047755308,97.21949447637374,98.07970428466797,159479000
2011-06-21,98.58662821502244,99.61580958106289,98.11811853055913,99.42379760742188,193157300
2011-06-22,99.11658424346425,99.70029643083369,98.76327705145054,98.82472229003906,176703000
2011-06-23,97.66495338930362,98.80166076256349,96.91994614426399,98.54052734375,334286500
2011-06-24,98.51749601304348,98.59429376246716,97.25021595275749,97.3961410522461,226129300
2011-06-27,97.45760068003078,98.64038932729832,97.26558869888804,98.26405334472656,168904700
2011-06-28,98.65572324560337,99.56202561217712,98.5174802870203,99.54666137695312,165556300
2011-06-29,99.99980473841443,100.56047625857431,99.56202365868005,100.3991928100586,244295500
2011-06-30,100.72175678825103,101.52052109597415,100.39150196201693,101.35923767089844,223322700
2011-07-01,101.4514276492555,102.99521117537486,101.21333471444558,102.8569564819336,202385700
2011-07-05,102.74942044404128,102.97983709810637,102.4498823096,102.7724609375,165936000
2011-07-06,102.52671840220378,103.02594484947078,102.2348564499352,102.89537811279297,143331600
2011-07-07,103.80936729696504,104.22410804762521,103.5943148011439,103.96297454833984,170464200
2011-07-08,102.78784291371981,103.9629551608457,102.44989999202717,103.22562408447266,194100500
2011-07-11,101.9583138315597,102.2885686577938,101.12114480185046,101.35923767089844,195918600
2011-07-12,101.1442492858261,101.98141884521843,100.89079202372433,100.9215087890625,214675700
2011-07-13,101.45146483369045,102.3193628866005,101.01368353620673,101.25945281982422,204062600
2011-07-14,101.51289236961898,101.98140207047308,100.3684967476688,100.56050872802734,226111800
2011-07-15,101.12120083094504,101.2824843453845,100.43763859095735,101.14424133300781,220012800
2011-07-18,100.67570354486942,100.82931075565556,99.56203661732128,100.3147201538086,196872100
2011-07-19,100.87542216467398,102.06589891632815,100.85238166208244,101.94300842285156,166554900
2011-07-20,102.20412878788251,102.26556230019321,101.70489067439081,101.88153839111328,137145400
2011-07-21,102.45758814501309,103.54822650780115,101.89691644319987,103.29476928710938,245246300
2011-07-22,103.3178182269727,103.47142548008121,102.73409425788536,103.36389923095703,126019400
2011-07-25,102.38078498647938,103.29476384092617,102.27325875180803,102.78784942626953,136653800
2011-07-26,102.71871863887138,102.88769009514046,102.1733995355522,102.40381622314453,131278200
2011-07-27,101.83547580504171,101.86620428623122,100.17648940526097,100.30706787109375,249020100
2011-07-28,100.30705205237578,101.20566661400575,99.85389492240792,100.01519012451172,207939900
2011-07-29,99.00907102487737,100.26866928286877,98.28710402587942,99.33164978027344,307038400
2011-08-01,100.4913870452417,100.5835607648936,97.94915030502924,98.90921020507812,325790900
2011-08-02,98.16419501786096,98.69414991587237,96.38232421875,96.38232421875,346653800
2011-08-03,96.5129246368083,97.01215120148726,94.87697847462539,96.90462493896484,370830800
2011-08-04,95.56053231249575,95.71414543084629,92.21184250909086,92.3654556274414,520721800
2011-08-05,93.51750874499719,93.75560170564188,89.75407307230243,92.22718811035156,655619200
2011-08-08,89.79247778454416,92.25791070261988,86.03671837243502,86.22105407714844,702263900
2011-08-09,87.61121681116317,90.35314736359415,84.69263267737412,90.23026275634766,717828700
2011-08-10,88.52519792896466,89.30860416738906,85.98295552933125,86.24409484863281,662607400
2011-08-11,86.98909690626296,91.33624447903699,86.26713008721542,90.11505126953125,487979700
2011-08-12,90.93687713131446,91.55899408666268,90.07666133030027,90.7218246459961,313731600
2011-08-15,91.54359839894106,92.73406870314946,91.39766747491525,92.64190673828125,258810600
2011-08-16,91.75867571762079,92.69569501319103,90.86773741699992,91.85083770751953,294095200
2011-08-17,92.3577463442723,93.08738939769088,91.1826341682611,91.91227722167969,238201100
2011-08-18,89.47754795355205,91.94298011674312,87.08891938060519,87.94913482666016,512956300
2011-08-19,86.75867636089609,89.00137446790022,86.40537508593567,86.51290130615234,428281300
2011-08-22,88.45605610669392,88.50214295535045,86.33624858014768,86.58202362060547,275090600
2011-08-23,86.90462489027017,89.53134741779596,86.4668378023492,89.43150329589844,331136600
2011-08-24,89.23946092469079,90.81395513715144,89.0320847717044,90.69107055664062,246869700
2011-08-25,91.19031430217423,91.70490490169043,88.99369721139287,89.30859375,312365400
2011-08-26,88.85542744683896,91.02132141343705,87.44221683601019,90.60657501220703,314495900
2011-08-29,91.82779298972747,93.26404448362032,90.67572129102166,93.21028137207031,190977200
2011-08-30,92.8032303945758,94.03210587893145,91.59739540996739,93.45606994628906,241315700
2011-08-31,94.0551413101873,94.86159391632431,93.16420882944318,93.87081146240234,301828400
2011-09-01,93.92457401600906,94.77710761404866,92.764820100342,92.88771057128906,254585900
2011-09-02,90.95222950569058,92.83395034744653,90.1918637371719,90.51444244384766,255517200
2011-09-06,87.8570041235307,89.98450021660106,87.84932200333895,89.85392761230469,285130500
2011-09-07,91.21339893860676,92.42691054895008,90.90617851001338,92.38851165771484,209803200
2011-09-08,91.8355084524745,92.88773642884618,91.22106764617507,91.4284439086914,250568200
2011-09-09,90.38387033565284,91.44377424874793,88.5405543417892,89.0321044921875,380195100
2011-09-12,87.91844363928098,89.67727402522213,87.5958649291277,89.60814666748047,305793500
2011-09-13,89.89999031402377,90.76788215074784,89.26250928346417,90.42993927001953,272514700
2011-09-14,90.89076777405094,92.78017039253926,89.64653417131386,91.6818618774414,319389500
2011-09-15,92.66497694203908,93.29477596277981,91.70491710190137,93.26405334472656,326777200
2011-09-16,93.6384784115141,94.16345321088254,92.88961669432102,93.8160400390625,284528300
2011-09-19,92.27972119568338,93.3605523828415,91.65438571806634,92.88189697265625,241517000
2011-09-20,93.27561876371732,94.17888232468772,92.65028335843864,92.7738037109375,218932200
2011-09-21,92.82015294035112,93.10579714234429,89.8941905782031,90.0408706665039,316251300
2011-09-22,87.43141315638583,88.17255290547439,85.92597396137077,87.13032531738281,513911300
2011-09-23,86.55131319943867,88.13395930796177,86.48182821576836,87.65530395507812,307242500
2011-09-26,88.48137617695139,89.86329523742086,87.22298337196918,89.7397689819336,260673700
2011-09-27,91.50770014850875,92.30288128762888,90.20298203283234,90.74340057373047,311753900
2011-09-28,90.92870045830104,91.47683507153582,88.75932171027848,88.89056396484375,286696800
2011-09-29,90.3651384268134,90.81290651697392,87.95642870672691,89.5931167602539,298108900
2011-09-30,88.35788805944108,89.1299098192966,87.29250015126155,87.35426330566406,288392300
2011-10-03,86.84468183362766,87.97183232146008,84.77566433663314,84.8683090209961,365136800
2011-10-04,83.64848864461837,86.91414063125562,82.93823061534417,86.72885131835938,459177500
2011-10-05,86.94504379803857,88.56628740357394,86.1421409127137,88.33467864990234,284108000
2011-10-06,88.28835885063951,90.06401024717141,87.6321419049839,89.9327621459961,257800800
2011-10-07,90.45773975348824,90.51950287481998,88.82877424121028,89.3305892944336,312657900
2011-10-10,90.85147186909525,92.356911131745,90.84375000645065,92.31831359863281,230666300
2011-10-11,91.77017648746376,92.67344001882772,91.67753180858467,92.41094970703125,209088000
2011-10-12,93.10579898151401,94.29471289102126,92.89735575188645,93.22160339355469,281544900
2011-10-13,92.67344965839649,93.31422883467083,91.96319138327728,93.03630065917969,212538800
2011-10-14,94.11712455612445,94.64981527644612,93.5921498083768,94.62665557861328,211397600
2011-10-17,94.17889046919422,94.61122646546684,92.58852824413488,92.82013702392578,202311600
2011-10-18,92.75065754134634,95.34465011278533,92.02495548562939,94.63439178466797,318857900
2011-10-19,94.48001123243702,95.0204299433553,93.1907364383432,93.51498413085938,226601300
2011-10-20,93.74657338898909,94.26382639366395,92.50361827085256,93.92414093017578,262075600
2011-10-21,95.02813674767295,95.82332395027403,94.74249252281206,95.70751953125,278999400
2011-10-24,95.86189814940931,97.12029683156611,95.77697532214513,96.88096618652344,203215600
2011-10-25,96.41777023278921,96.46408964064645,94.78880430249724,94.99725341796875,268596800
2011-10-26,96.00084728674983,96.32509481849407,94.34872217922816,95.96224975585938,289053800
2011-10-27,98.53310260946003,99.91502181087222,97.74564326561149,99.30513000488281,393220200
2011-10-28,98.8187495624667,99.47497253332513,98.66434762229794,99.28196716308594,225906500
2011-10-31,98.17024550398077,99.29739016779806,96.74972304413039,96.88868713378906,228146700
2011-11-01,94.20975942831471,95.35235355766471,93.81602691136946,94.18659973144531,416565800
2011-11-02,95.59941054810136,96.03946250669001,94.79650759224462,95.72293090820312,244717600
2011-11-03,96.71113632620349,97.66072541793974,95.42186175999139,97.46772003173828,291174800
2011-11-04,96.6802627370688,97.04310792332134,95.73839548964138,96.8732681274414,249401600
2011-11-07,96.80377254410001,97.57579402121385,95.88506510151649,97.47543334960938,196617200
2011-11-08,97.9849572502569,98.83418552462645,97.0508120385064,98.7260971069336,224426300
2011-11-09,96.41777018149645,97.12031261392802,94.85056738921917,95.0821762084961,337982000
2011-11-10,96.34058090962043,96.4563853333281,94.97409931197362,95.97772979736328,231866500
2011-11-11,97.14346149873795,98.039003327419,97.11257993360324,97.78424072265625,189924400
2011-11-14,97.42138155374008,98.39412426894113,96.44091108533077,96.85780334472656,159258300
2011-11-15,96.63391402089118,97.85370920606735,96.28650675843036,97.33645629882812,184709400
2011-11-16,96.35599177309425,97.53718360607672,95.6534553420631,95.79241943359375,235782500
2011-11-17,95.61486116486945,95.85419183402632,93.59216861364699,94.27154541015625,331219600
2011-11-18,94.57262929455999,94.76563466046726,93.77744812943106,94.17118072509766,215580400
2011-11-21,92.79699053026512,92.91279494399156,91.60036062857773,92.3801040649414,229611600
2011-11-22,92.1793662362428,92.71977891825004,91.49998356165486,92.01724243164062,216494900
2011-11-23,91.152547235387,92.0172131414212,89.9867935180664,89.9867935180664,224329100
2011-11-25,89.8478447573515,90.86691272830244,89.7088806754011,89.81696319580078,99557000
2011-11-28,92.28745130040633,92.78154459179092,91.7315948750845,92.41869354248047,210686000
2011-11-29,92.6811752319336,93.41459323602874,92.34148391716646,92.6811752319336,199241500
2011-11-30,95.33693236204448,96.67253213432754,92.64257900519262,96.49496459960938,324439500
2011-12-01,96.38687800954766,96.99677566916316,96.06263041027552,96.47952270507812,176954800
2011-12-02,97.3673177772985,97.6606837186424,96.33280628614622,96.39456939697266,221109700
2011-12-05,97.92321442954162,98.18570482970424,96.84238892904027,97.44456481933594,225263900
2011-12-06,97.43682991973111,98.13165042714485,97.08942261105246,97.47543334960938,178842100
2011-12-07,97.15116764756505,98.24744248378332,96.4795128164929,97.83827209472656,237802500
2011-12-08,97.19749233511486,97.41365737780515,95.46044424056774,95.69204711914062,240862800
2011-12-09,96.12436479967032,97.5603247557341,96.03944199333985,97.31327819824219,209111400
2011-12-12,96.46407834554029,96.47952207305568,95.08216512578221,95.89278411865234,215826100
2011-12-13,96.39461052886058,96.94274511871349,94.53403577916848,94.99725341796875,245159800
2011-12-14,94.61895830777793,94.98180937494651,93.77745765418011,93.98590087890625,238618800
2011-12-15,94.98179380739617,95.11303603441891,94.17889082846236,94.32557678222656,199109200
2011-12-16,94.96263337384124,95.52200902274222,94.2400998256741,94.46540069580078,220481400
2011-12-19,94.83057851374146,95.03257878808775,93.25343643219668,93.45543670654297,183903000
2011-12-20,94.92381821068918,96.44657640616218,93.51759887213458,96.2834243774414,225418100
2011-12-21,96.28342054319393,96.61749542510299,95.36665732730945,96.46987915039062,194230900
2011-12-22,96.82726647399501,97.42549651907868,96.51650408567438,97.32449340820312,119465400
2011-12-23,97.63525934407889,98.22571853683833,97.43326498207662,98.19464111328125,92187200
2011-12-27,98.02369494765948,98.52869258745456,97.93823353504442,98.27230834960938,86075700
2011-12-28,98.28788836692739,98.30342411736797,96.90497540859542,96.982666015625,119107100
2011-12-29,97.30114160132028,98.08582990019661,97.00591509865654,97.98483276367188,123507200
2011-12-30,97.90716843433174,98.14801695809304,97.503173828125,97.503173828125,95599000
2012-01-03,99.25903003264592,99.74072125223192,99.00264570960438,99.0570297241211,193697900
2012-01-04,98.82393583774889,99.29785614140188,98.44324779834982,99.21239471435547,127186500
2012-01-05,98.6763363723857,99.6241711567596,98.22572260327195,99.47655487060547,173895000
2012-01-06,99.60086477893839,99.61640645509917,98.89387262635358,99.22017669677734,148050000
2012-01-09,99.44544923496878,99.5852887076412,98.98707071255846,99.46099090576172,99530200
2012-01-10,100.5253661922611,100.72736049731517,100.18352055692222,100.32337188720703,115282000
2012-01-11,100.01262478627625,100.50985170264957,99.84947868744857,100.37777709960938,111540700
2012-01-12,100.6652468530662,100.76623810760795,99.86501059818514,100.61862182617188,118983700
2012-01-13,99.94267184152626,100.26121087798803,99.22790912751846,100.09805297851562,179836200
2012-01-17,101.0614651668504,101.24792969979801,100.14469603172178,100.48654174804688,132209200
2012-01-18,100.46320645284428,101.65188935547485,100.28451873576688,101.5975112915039,163395200
2012-01-19,101.94711859508261,102.21904447080406,101.62081465710924,102.13358306884766,126328900
2012-01-20,101.96266974176149,102.51427459716797,101.71405042030038,102.51427459716797,138230200
2012-01-23,102.17244081842001,102.74736417492339,101.76067539241865,102.25013732910156,129295800
2012-01-24,101.62081465710924,102.16465455373152,101.46543352304869,102.13358306884766,103083300
2012-01-25,101.97820960901382,103.22904753819353,101.58198586305859,102.98820495605469,198613200
2012-01-26,103.44657674796203,103.64080615368844,102.0558994190826,102.45989990234375,184880500
2012-01-27,101.962716243583,102.59201788765517,101.89278461826498,102.413330078125,135259100
2012-01-30,101.3955176480301,102.11805722286391,101.0459070785142,102.06366729736328,147311800
2012-01-31,102.56866600485037,102.69296381255946,101.52758739968073,102.02482604980469,157212000
2012-02-01,102.77842259530489,103.43880728764333,102.65412479077452,102.91827392578125,166234500
2012-02-02,103.120292045993,103.3456048374555,102.71630334203326,103.0814437866211,113090400
2012-02-03,104.10696656641957,104.58865172266123,103.92827882375293,104.52649688720703,160598500
2012-02-06,104.09145926370226,104.50322481157691,103.97492631801194,104.45661163330078,107694500
2012-02-07,104.23904845257395,104.89943325259296,103.8272830117981,104.72073364257812,135528100
2012-02-08,104.77514034849284,105.05483124501085,104.34783316564236,105.03152465820312,139361400
2012-02-09,105.20243010466402,105.34226960234604,104.54204530830306,105.16358184814453,148602900
2012-02-10,104.2312765531488,104.47211913199939,103.9826572105787,104.38665771484375,167907500
2012-02-13,105.13251035582302,105.28789152707752,104.68189666080853,105.16358184814453,115841900
2012-02-14,104.88390837187065,105.0936795079655,104.30121999202692,105.03152465820312,165329500
2012-02-15,105.37339168702913,105.52877291540513,104.33231256177147,104.54208374023438,195195100
2012-02-16,104.54984140794988,105.79290286270115,104.36337685506564,105.69967651367188,186567800
2012-02-17,106.06478574430368,106.15024714778706,105.62971381923225,105.97932434082031,129869400
2012-02-21,106.22794952632933,106.47656887063842,105.69965120190676,106.02595520019531,134042300
2012-02-22,105.86278501380336,106.08809775034314,105.49763280340147,105.68409729003906,124455300
2012-02-23,105.62975030512271,106.22796848131784,105.27236289761301,106.15028381347656,137704300
2012-02-24,106.38333892822266,106.59311003437682,106.15027309341107,106.38333892822266,105539100
2012-02-27,105.6763564688622,106.84949801244562,105.50543361419122,106.56204223632812,145728900
2012-02-28,106.59310426352503,106.99710478003246,106.38333316872769,106.87279510498047,129355900
2012-02-29,107.02815080529965,107.36223149565843,106.08031050449603,106.45323944091797,185934700
2012-03-01,106.67857116045792,107.20688137914232,106.38333863075712,107.00487518310547,145023500
2012-03-02,106.93492729575917,107.07477861428063,106.4377005556773,106.67854309082031,120638300
2012-03-05,106.51539510805875,106.59307974598063,105.87831706106935,106.24346923828125,140765000
2012-03-06,105.15584512978813,105.21798813109095,104.38669212186599,104.68968963623047,202129900
2012-03-07,104.93049050475875,105.59087521515562,104.82948742192062,105.41995239257812,143692200
2012-03-08,106.06480711017548,106.68634363754695,105.84727110381895,106.46879577636719,116968900
2012-03-09,106.67080598236288,107.16025608769007,106.53873139173024,106.88057708740234,122836800
2012-03-12,106.86507536593714,107.02822151043183,106.50768786280669,106.88838195800781,104003500
2012-03-13,107.46327228269666,108.86949155807781,107.28457265904893,108.81510162353516,184090500
2012-03-14,108.84619416728754,109.11810829849559,108.36449704502321,108.69857788085938,145163600
2012-03-15,108.8616798260087,109.37444823774361,108.58198904277334,109.32783508300781,165118500
2012-03-16,109.52602732804128,109.61966218431913,109.24511085243556,109.47920989990234,152893500
2012-03-19,109.40901087947859,110.24394967073373,109.3309738753874,109.90841674804688,125291100
2012-03-20,109.28419848254201,109.72117729731919,108.96426331215882,109.5885238647461,121729700
2012-03-21,109.65094047119433,109.75237431756705,109.18274212548847,109.40904235839844,122388400
2012-03-22,108.60533137080473,108.89405892942145,108.26199930957692,108.62094116210938,135216700
2012-03-23,108.71453469668222,109.09688509530108,108.11368304728315,108.97203063964844,120521000
2012-03-26,109.7523348823524,110.50144958496094,109.71332828987453,110.50144958496094,120164000
2012-03-27,110.60291637508213,110.67314254305177,110.08790066308505,110.15812683105469,119868500
2012-03-28,110.10352263212494,110.27519455512267,108.96424640739255,109.6119155883789,148562100
2012-03-29,108.96422656424524,109.62750541020128,108.53504683490755,109.42461395263672,164963700
2012-03-30,109.96306374889768,110.06450950111264,109.28418686999065,109.87722778320312,135486800
2012-04-02,109.74456924716655,110.96968143615284,109.52607987318316,110.68095397949219,151741100
2012-04-03,110.52487412696101,110.71215580611975,109.58067869968595,110.22834777832031,155806700
2012-04-04,109.41680367547099,109.51043854970447,108.73011617969357,109.1358871459961,146896000
2012-04-05,108.76136037432452,109.40121867112448,108.66771357210767,109.08128356933594,137439400
2012-04-09,107.70792272061547,109.12030465852474,107.559659528145,107.85618591308594,127555900
2012-04-10,107.64548563718255,107.94981093349017,105.93657747069493,106.04582214355469,235360300
2012-04-11,107.13045542887292,107.32553602590814,106.70908657825775,106.90416717529297,154133000
2012-04-12,107.00561532274294,108.38677740819834,106.92757831944914,108.30094146728516,154321500
2012-04-13,108.05125039023999,108.32436800990983,106.91197437651299,107.01342010498047,169246700
2012-04-16,107.55967170319443,107.71573385254213,106.576469446203,106.94322204589844,147825300
2012-04-17,107.55964047202421,108.74573389487276,107.45039580852338,108.5272445678711,147877600
2012-04-18,108.04347120558596,108.52726740191203,107.98104396948294,108.16051483154297,123884200
2012-04-19,108.17610734956028,108.5818664592935,106.95880620680882,107.46601104736328,198666700
2012-04-20,107.94203423139459,108.33219555866481,107.58308057132331,107.6455078125,143199600
2012-04-23,106.54521481097294,106.83394219437113,106.07702851699791,106.74029541015625,171844900
2012-04-24,106.8339253527326,107.41916705802316,106.74808942635241,107.14604949951172,137484200
2012-04-25,108.191717297777,108.65991559266455,108.09808240151038,108.61309814453125,150252200
2012-04-26,108.37897473266099,109.49484192604692,108.31654751353402,109.36998748779297,136291600
2012-04-27,109.69771688625212,109.86157791120343,109.08906640859912,109.54945373535156,130725000
2012-04-30,109.33098132451006,109.40901833391821,108.84718520515221,109.1436996459961,115092200
2012-05-01,109.08131567294001,110.54052736140503,108.95647307787047,109.8226318359375,138832200
2012-05-02,109.18273686252424,109.60411773470328,108.82379513399331,109.494873046875,121081000
2012-05-03,109.51045311882228,109.59628906721396,108.45702492322562,108.65990447998047,143759700
2012-05-04,108.09026053916394,108.6989110493718,106.84173995542874,106.90416717529297,193927300
2012-05-07,106.52181657282519,107.34115755136908,106.48280997457036,106.98221588134766,127765900
2012-05-08,106.34237959952517,106.72474201973839,105.28114022135486,106.55307006835938,213377700
2012-05-09,105.4215688346148,106.59985145971199,104.94557165898136,105.92097473144531,220752500
2012-05-10,106.65446144486663,106.78712673272935,105.89755966025484,106.13945770263672,150600000
2012-05-11,105.47617528868972,106.80272096104311,105.42935785070159,105.81951904296875,153032400
2012-05-14,104.8050946840403,105.81951613743642,104.49297050150658,104.64903259277344,163910000
2012-05-15,104.57881268599925,105.19526215070545,103.88432621760997,104.04818725585938,207629300
2012-05-16,104.51638109316657,104.99237821946541,103.62681405954945,103.65022277832031,207265500
2012-05-17,103.67365939534577,103.79851386690478,102.05838592484267,102.1130142211914,247992900
2012-05-18,102.51096175217863,102.69044449784693,101.09078101119509,101.23904418945312,319615900
2012-05-21,101.56677473983025,103.01817499868349,101.40290178346055,102.97915649414062,177861100
2012-05-22,103.2444739566535,103.96236926877289,102.48756013595407,103.15863800048828,197531200
2012-05-23,102.41730943847266,103.36150473018134,101.43410755430205,103.21324157714844,204958400
2012-05-24,103.49419761175959,103.65805870162262,102.55000195959796,103.4161605834961,167357600
2012-05-25,103.37710369685847,103.66583106883779,102.83088042210278,103.0805892944336,135465600
2012-05-29,103.90772511068128,104.50856473647373,102.35487937573276,104.32909393310547,152883500
2012-05-30,103.43956811574802,104.32133651646895,102.60462907551153,102.8153076171875,162370400
2012-05-31,102.77627856791369,103.35370957990114,101.70722867903024,102.58899688720703,196186000
2012-06-01,100.98153715406355,102.61240831451583,100.00613403320312,100.00613403320312,253240900
2012-06-04,100.18558542129718,100.45870300481955,99.21018248982308,99.95929718017578,202545800
2012-06-05,99.76421681504726,100.86446829408496,99.70959448563953,100.71621704101562,164149400
2012-06-06,101.41851156663287,103.02597393688171,101.38729200028823,102.97915649414062,184202800
2012-06-07,104.1496674778105,104.19648493281814,102.83092026346009,103.04161071777344,184772700
2012-06-08,102.77627602836398,103.88433248825275,102.44853011853174,103.86092376708984,143915400
2012-06-11,104.6958609534251,104.75828817780035,102.440729565012,102.54217529296875,169756100
2012-06-12,102.83869836718726,103.79069278205222,102.3471032824319,103.72046661376953,181931800
2012-06-13,103.41613925050018,104.06380834979191,102.70604292283109,103.05719757080078,172223900
2012-06-14,103.26787472680465,104.56321290852158,102.9869581561525,104.14964294433594,230615500
2012-06-15,104.61871478869979,105.30894855779891,104.39909332101294,105.21482849121094,169444500
2012-06-18,104.77561120197872,105.6776273101615,104.54029900943857,105.41878509521484,131360900
2012-06-19,105.95215063052021,106.8698573269457,105.39524555740344,106.4384536743164,137382600
2012-06-20,106.44625895454004,106.75216105437678,105.31677059561392,106.2658462524414,206451800
2012-06-21,106.39140030433965,106.50121106203261,103.79515084365431,103.88143157958984,205272200
2012-06-22,104.42262299817799,104.87755659932816,104.02258877953489,104.68146514892578,130029200
2012-06-25,103.57549039430481,103.61471107198247,102.6342539723932,103.0029067993164,146375700
2012-06-26,103.30093982326576,103.83431461716191,102.69697500279273,103.52056121826172,141634000
2012-06-27,103.8656748677676,104.65787968966627,103.512712797356,104.45394897460938,108088000
2012-06-28,103.76375426515726,104.31281994146957,102.97154905588035,104.15593719482422,169242100
2012-06-29,106.04623050183214,106.88550746857786,105.77170971314001,106.75216674804688,212250900
2012-07-02,107.0502309720173,107.18357170926897,106.29724657712887,107.07376098632812,129524500
2012-07-03,107.05025759065906,107.85815353214132,106.94044684041314,107.77972412109375,80450000
2012-07-05,107.37967671563129,108.08561313961276,106.90121308337271,107.29339599609375,126177500
2012-07-06,106.25801386488774,106.49332594982125,105.77171099956966,106.2737045288086,151192100
2012-07-09,106.18741799189685,106.33644936977684,105.65404316414049,106.1403579711914,103780500
2012-07-10,106.68158871507796,106.85415014947084,104.85401495516975,105.21482849121094,167884800
2012-07-11,105.2697123118289,105.57561441671149,104.6186874284184,105.2304916381836,141733400
2012-07-12,104.61870557103119,105.28540926474186,104.006901255169,104.72066497802734,143583200
2012-07-13,104.99519515053831,106.58745659544934,104.97950448505718,106.47764587402344,129642600
2012-07-16,106.23447485068624,106.54037694463602,105.81091074000574,106.22662353515625,97525200
2012-07-17,106.65017551652402,107.17569895310751,105.53637796859768,106.9560775756836,138860300
2012-07-18,106.70510607182993,107.96009599697727,106.6423673471964,107.7483139038086,113349700
2012-07-19,107.96790423220503,108.3836169818136,107.62279347228785,108.03065490722656,129847300
2012-07-20,107.4189193850815,107.58364150826453,106.92477695248263,107.04242706298828,142904500
2012-07-23,105.47362764948163,106.97176859718509,104.97947356437784,105.95993041992188,145210900
2012-07-24,106.03838766418183,106.08544768535333,104.344155091192,105.05007934570312,173301200
2012-07-25,105.26969977484148,105.54422052072638,104.51670362332435,105.0736083984375,129122300
2012-07-26,106.58747690397475,107.03457119184101,106.09332257916955,106.80709838867188,156526500
2012-07-27,107.37183880839788,109.08176255443753,106.7835644314138,108.77584838867188,236768900
2012-07-30,108.65035895095463,109.29353271285136,108.45426749195992,108.77584838867188,106782000
2012-07-31,108.62678829657189,108.92483906418288,108.01498413085938,108.01498413085938,120575900
2012-08-01,108.79151427829956,108.81504429054192,107.77183653007351,107.92086791992188,138293800
2012-08-02,107.10512255554148,107.90517879990273,106.34428698395197,107.17571258544922,199556600
2012-08-03,108.681720673592,109.52883715307965,107.20710917576476,109.30137634277344,157825000
2012-08-06,109.59159444636148,109.94455667526927,109.46609304144721,109.51315307617188,86326200
2012-08-07,109.952387385982,110.53282236175146,109.83473730841403,110.06221008300781,109545100
2012-08-08,109.69352502920364,110.32100788341333,109.6621437054122,110.19551849365234,89754700
2012-08-09,110.03867766902009,110.50930195716543,109.92886693091589,110.28968048095703,90291700
2012-08-10,109.84255213038868,110.50926767032587,109.66215139557605,110.47004699707031,99792700
2012-08-13,110.28182802239266,110.470068140497,109.84257315371593,110.41516876220703,79426900
2012-08-14,110.8230070681434,110.89360906608422,110.10139217378051,110.43082427978516,102379400
2012-08-15,110.31317640121283,110.74457987058906,110.24258637035193,110.55632781982422,71085900
2012-08-16,110.71321689801616,111.5054339372373,110.43869607633657,111.3720932006836,112014200
2012-08-17,111.56030831749955,111.61521965061445,111.27009689523051,111.52108764648438,90813700
2012-08-20,111.36420864544145,111.5524606712273,111.05830658383167,111.5289306640625,78255700
2012-08-21,111.80351590194364,112.23491956294905,110.94855989916213,111.19171142578125,105581100
2012-08-22,110.90933295193419,111.41917796562495,110.65050273840626,111.23877716064453,133243500
2012-08-23,110.96421460102167,110.97205394923546,110.15631890159078,110.3288803100586,111466400
2012-08-24,110.05433859769751,111.24657769528216,109.98374856409258,110.99557495117188,99481200
2012-08-27,111.29363675684803,111.44266813881818,110.86223327442644,111.01910400390625,68785900
2012-08-28,110.73672511663074,111.25440926380885,110.572015049736,110.90928649902344,75689600
2012-08-29,111.00342626721881,111.29363771768544,110.68967283708096,110.99557495117188,65421300
2012-08-30,110.51709926747091,110.54848059126236,109.96020643908959,110.19551849365234,96589900
2012-08-31,110.82301346945208,111.23873826011608,110.09355918583641,110.72105407714844,151970400
2012-09-04,110.62691130725815,110.95635536872774,109.91314775665646,110.61907196044922,120226200
2012-09-05,110.66615108604837,110.96421387480947,110.30534957504645,110.52497100830078,100660300
2012-09-06,111.19169703301301,112.776119379037,111.18385768327289,112.76828002929688,158272500
2012-09-07,112.95650150059014,113.25456430006899,112.85454209692966,113.20750427246094,107272100
2012-09-10,113.09766002620137,113.29375139542122,112.52507657925022,112.56428527832031,86458500
2012-09-11,112.63495363741934,113.23890679319939,112.60357229751098,112.87810516357422,88760000
2012-09-12,113.25457763671875,113.38007903743296,112.8702340852086,113.25457763671875,87640900
2012-09-13,113.23885575799954,115.33311043523979,112.94080497404406,114.98014831542969,225470200
2012-09-14,115.20762576264659,116.17239212128767,115.11349374995928,115.48999786376953,169777000
2012-09-17,115.25464900009852,115.4507403419475,114.80755499581937,115.0977783203125,119427800
2012-09-18,114.90174847197041,115.15273930026103,114.71349637439836,115.00370788574219,98326600
2012-09-19,115.13707260705598,115.43513549815601,114.83902168443053,115.06648254394531,128318300
2012-09-20,114.5409277479632,115.13704140011701,114.227186240192,115.07430267333984,154009800
2012-09-21,115.63341140790406,115.65706703530866,114.97891097419473,115.0262222290039,108737500
2012-09-24,114.45841531512343,115.11291547555004,114.37167404007029,114.85269165039062,95682000
2012-09-25,115.09715587168945,115.3179496621953,113.59889854198924,113.63044738769531,133165200
2012-09-26,113.60679667175678,113.63833348646452,112.72360943926445,112.99171447753906,146502200
2012-09-27,113.46485223510027,114.31649063036093,113.1651983462975,114.05626678466797,111830300
2012-09-28,113.62253841387663,113.9931590892265,113.12575847026353,113.52791595458984,150696100
2012-10-01,113.96168165397191,114.88428720976543,113.5595119277588,113.82762908935547,135911200
2012-10-02,114.277044845264,114.45840857975398,113.41752537272654,113.94585418701172,113422200
2012-10-03,114.25337893199163,114.6791920164085,113.65408332331236,114.41108703613281,121283100
2012-10-04,114.84482885793206,115.3968134092837,114.68712070502599,115.2312240600586,124311600
2012-10-05,115.84629424710918,116.04343244627763,114.89214006889519,115.23910522460938,124842100
2012-10-08,114.81332706434428,115.22336598051115,114.58463994536231,114.84486389160156,78415400
2012-10-09,114.75806601757097,114.85268848507249,113.66985951186943,113.70928955078125,148872900
2012-10-10,113.6935336288417,113.80394256870382,112.83401398955337,112.98384094238281,124247500
2012-10-11,113.77237249329181,113.93797383982869,113.02324990126688,113.04690551757812,123601500
2012-10-12,113.12577322438308,113.51215633843539,112.43184301282277,112.6762924194336,124181900
2012-10-15,112.94436488181492,113.73291733766128,112.58163749024472,113.61463928222656,107689100
2012-10-16,114.15086775211547,114.84479787653532,114.07201971311348,114.76593780517578,108815500
2012-10-17,114.84481226403217,115.38103434526715,114.6713297111937,115.2863998413086,128834100
2012-10-18,114.98675537109376,115.53873983005126,114.60036023364412,114.98675537109375,148108500
2012-10-19,114.77385637446487,114.78173757039802,112.80247447875905,113.0705795288086,185645200
2012-10-22,112.88134853978552,113.29139943761712,112.19531133239194,113.08638000488281,125578600
2012-10-23,111.86410077756872,112.021808931221,111.05189235551666,111.51713562011719,192056300
2012-10-24,111.91929510750064,112.0533596743488,111.02823860974974,111.20172119140625,120179400
2012-10-25,111.99025675905163,112.19527612745442,110.84685776138683,111.5250015258789,134457400
2012-10-26,111.42248402629745,111.84829713315494,110.70489827742728,111.4619140625,146023500
2012-10-31,111.85619035981007,111.99812405131,110.93357323562972,111.4619140625,103438500
2012-11-01,111.69851437517164,112.77094680913709,111.59601067934928,112.62901306152344,100995600
2012-11-02,113.29923782140308,113.33078666520224,111.50923198745002,111.62751007080078,137702200
2012-11-05,111.46197805396844,112.10858529595481,111.13077518560623,111.85625457763672,98378500
2012-11-06,112.19526144192788,113.17307098429916,112.07698336647708,112.73148345947266,107068100
2012-11-07,111.70637647363618,111.72213886406993,109.65613467549375,110.17658233642578,264304500
2012-11-08,110.1608069770428,110.7206846740173,108.76506536454046,108.851806640625,181517300
2012-11-09,108.52060886356496,109.95578042269909,108.46541643640653,108.9464340209961,201055300
2012-11-12,109.28548024430438,109.45896274444283,108.78870038695831,109.03314971923828,97677500
2012-11-13,108.45752492572962,109.80595523578923,108.31559122591199,108.6546630859375,123018300
2012-11-14,108.9858999355113,109.15937050108343,106.9435388111686,107.18798828125,191505000
2012-11-15,107.22743144627815,107.62960116902224,106.59658665230526,107.00663757324219,178128400
2012-11-16,107.16432944753043,107.74786289877416,106.21806841682421,107.53495025634766,239483900
2012-11-19,108.74142092798398,109.72711187922518,107.56648501481504,109.71134948730469,151495800
2012-11-20,109.53783509886156,109.93999255850001,108.88333505347268,109.75862884521484,119807400
2012-11-21,109.85331765974328,110.05834914261173,109.63252378001113,109.96371459960938,81710800
2012-11-23,110.49987893447482,111.50133206634484,110.42890005636714,111.4619140625,65409200
2012-11-26,110.90995919773334,111.46983704403515,110.54723160635095,111.22538757324219,100124400
2012-11-27,111.11497772865188,111.49347970288534,110.58664879751997,110.6576156616211,128646200
2012-11-28,110.20810364439592,111.61172626650509,109.60880801853318,111.54865264892578,177086500
2012-11-29,111.96665674250157,112.37669568292878,111.47774564835348,112.06916046142578,151085900
2012-11-30,112.08486935473513,112.30566312659202,111.70636746474592,112.0927505493164,136568300
2012-12-03,112.60532238959593,112.69994485855469,111.45403021037657,111.540771484375,124656300
2012-12-04,111.53288356234542,111.87195541056911,111.08340279718416,111.383056640625,127512200
2012-12-05,111.47773785694986,112.10070148797034,110.689184827967,111.58025360107422,147300500
2012-12-06,111.47766929547663,112.00599805607641,111.3120799993557,111.95868682861328,103220600
2012-12-07,112.39242827064014,112.51859960489037,111.71427238949602,112.29780578613281,108726400
2012-12-10,112.14011911664399,112.6132436621755,112.09279583296414,112.34513854980469,98840700
2012-12-11,112.81035434477616,113.63833713768359,112.75516190917436,113.1100082397461,152570400
2012-12-12,113.55158679822833,113.98529318205449,113.00748351964269,113.16519165039062,145880100
2012-12-13,113.09418830941776,113.41749769417683,112.18735782591378,112.47123718261719,135715000
2012-12-14,112.22685020869604,112.43186962319965,111.87988502079615,112.0533676147461,137701700
2012-12-17,112.34512577326035,113.4333325592427,112.3135769210617,113.37024688720703,143238200
2012-12-18,113.55160634527165,114.73443557803489,113.38600495844588,114.63191986083984,177762800
2012-12-19,114.75807550510875,114.79750554728041,113.74084779829334,113.78026580810547,150895400
2012-12-20,113.8512321745038,114.45052783957429,113.53580390418391,114.43475341796875,168487000
2012-12-21,112.90363750756497,114.428395051869,112.72098747883317,113.39600372314453,245883800
2012-12-24,113.1498768199269,113.21340993054348,112.91957989693091,113.04664611816406,53874600
2012-12-26,113.27690308017581,113.33249907649075,112.25246081242052,112.57011413574219,106947700
2012-12-27,112.60187766005235,112.83218662571937,111.11682955101182,112.41922760009766,167920600
2012-12-28,111.68857637794223,112.30800864198,111.07708120324568,111.20414733886719,148806700
2012-12-31,110.9103610906592,113.21337814483283,110.8150553926414,113.0942611694336,243935200
2013-01-02,115.23846876489641,116.06437485900175,114.93668955854051,115.99290466308594,192059000
2013-01-03,115.93729000035596,116.23905700891734,115.4210882255615,115.73080444335938,144761800
2013-01-04,115.9214593920554,116.4297122017947,115.68321323674262,116.2391128540039,116817700
2013-01-07,115.82614652530668,116.03262002948453,115.49259469268742,115.92144012451172,110002500
2013-01-08,115.71492627385815,115.87375292305518,115.1351914336289,115.58786010742188,121265100
2013-01-09,115.8419965405102,116.19937169835688,115.65934647424737,115.88170623779297,90745600
2013-01-10,116.52496171817855,116.81085457281769,115.92141552180622,116.80291748046875,130735400
2013-01-11,116.77113976936072,116.85849625217203,116.42966304781498,116.79497528076172,113917300
2013-01-14,116.65201257076053,116.79496503814146,116.28670036985075,116.71554565429688,89567200
2013-01-15,116.17553069138287,116.90615515727634,116.10406051027299,116.79497528076172,93172600
2013-01-16,116.55673873956361,116.96174858327485,116.42967255097622,116.77909851074219,104849500
2013-01-17,117.29530796291137,117.86709379000004,116.8585254397602,117.53355407714844,133833500
2013-01-18,117.50971564354003,117.92267471420443,117.08087026923877,117.79560852050781,169906000
2013-01-22,117.79561222056881,118.4309310913086,117.51765642783904,118.4309310913086,111797300
2013-01-23,118.43091096147224,118.7247408906957,118.21648830403207,118.62149810791016,104596100
2013-01-24,118.44681942837478,119.23302798808339,118.33563952154033,118.65330505371094,146426400
2013-01-25,119.02652832666124,119.32035827636719,118.62150637685211,119.32035827636719,147211600
2013-01-28,119.35213771353129,119.38391032366205,118.73270511068469,119.17743682861328,113357700
2013-01-29,118.93919930917943,119.79687807911796,118.85977989581987,119.64598846435547,105694400
2013-01-30,119.63009352252412,119.86833962770365,119.06624481085592,119.17743682861328,137447700
2013-01-31,119.03448029701497,119.42361599291847,118.80418341099852,118.88359069824219,108975800
2013-02-01,119.63796673993636,120.24946192261515,119.43149335512642,120.10652160644531,131173000
2013-02-04,119.37595248644334,120.13038825699931,118.66915138740563,118.75650787353516,159073600
2013-02-05,119.39978901174015,120.29716524863211,119.35213009958439,119.9556884765625,113912400
2013-02-06,119.53480756746048,120.12246759773593,119.44745106056804,120.04306030273438,138762800
2013-02-07,120.08278326213899,120.19396318157249,119.01068166083562,119.88424682617188,162490000
2013-02-08,120.09067896323695,120.62275497410366,120.09067896323695,120.55128479003906,103133700
2013-02-11,120.50368056418222,120.6307346748304,120.22572470437792,120.52750396728516,73775000
2013-02-12,120.53544435344186,120.94840354800549,120.40044102627165,120.72604370117188,65392700
2013-02-13,120.97224485874715,121.19460473849571,120.48781538121536,120.82929229736328,82322600
2013-02-14,120.46388879714456,121.08332109128946,120.32888556562008,120.94036865234375,80834300
2013-02-15,121.05157505563892,121.17864122531465,120.35273535781624,120.79745483398438,215226500
2013-02-19,121.00391468142583,121.7265898078835,120.83715095544053,121.70276641845703,95105400
2013-02-20,121.61546929020514,121.65517899785634,120.12247152997023,120.18600463867188,160574800
2013-02-21,119.88416746935505,120.2494674838124,119.07413595384948,119.455322265625,183257000
2013-02-22,120.03511530696797,120.62278747558592,119.5109883649049,120.62278747558594,106356600
2013-02-25,121.21045024127967,121.3931003415007,118.32769775390625,118.32769775390625,245824800
2013-02-26,118.89946449921248,119.28065094391586,118.11325609666935,119.13771057128906,186596200
2013-02-27,119.03449422549149,120.97221160293124,118.93125141052421,120.638671875,150781900
2013-02-28,120.63065689482748,121.40097874567589,120.2415334832427,120.40036010742188,126866000
2013-03-01,119.98742314942277,120.98010487933267,119.44741010484628,120.79745483398438,170634800
2013-03-04,120.51950041148876,121.44071197509766,120.32891327260211,121.44071197509766,99010200
2013-03-05,122.02841356224373,122.85431963928143,122.01252725757955,122.52871704101562,121431900
2013-03-06,122.96552514066485,123.0290582548506,122.42551184663984,122.69551849365234,94469900
2013-03-07,122.8543135818633,123.0766733653983,122.71137320003338,122.9178466796875,86101400
2013-03-08,123.45790290942688,123.6087804221801,122.82258388957796,123.4420166015625,123477800
2013-03-11,123.34668593700103,123.91845955363422,123.19579635187192,123.9105224609375,83746800
2013-03-12,123.82317528712076,123.9661277903091,123.25933872076037,123.63257598876953,105755800
2013-03-13,123.69611685133879,123.98200975795831,123.27522064405177,123.80729675292969,92550900
2013-03-14,124.13285293706407,124.5219885059421,123.8151996563812,124.46639251708984,126329900
2013-03-15,124.31807335595403,124.46962189352422,123.88732058552519,124.30211639404297,138601100
2013-03-18,123.11357851754434,124.15056200583759,123.00190412167254,123.61611938476562,126704300
2013-03-19,123.87932554156909,124.04683101042541,122.51529158005769,123.32892608642578,167567300
2013-03-20,124.05484119582141,124.39783676966384,123.84743720085069,124.19044494628906,113759300
2013-03-21,123.4485980758632,124.15055835590391,122.92214003742859,123.12953186035156,128605000
2013-03-22,123.52038648887803,124.11864471435547,123.42465689611721,124.11864471435547,111163600
2013-03-25,124.44564134518042,124.65304524992061,123.12150616954777,123.60010528564453,151322300
2013-03-26,124.11062209615879,124.6211351385136,123.97501840055106,124.5892333984375,86856600
2013-03-27,123.84738709706461,124.62911970222589,123.63999535759238,124.5892333984375,99950600
2013-03-28,124.50948302211944,125.11572573612968,124.2382755824797,124.97213745117188,102932800
2013-04-01,124.9083406744723,125.16360336561887,124.17447869481846,124.47760009765625,99194100
2013-04-02,124.92431733304494,125.40292886861245,124.73287028449853,125.09183502197266,101504300
2013-04-03,125.16360640478328,125.2593238304899,123.49646299188468,123.82350158691406,154167400
2013-04-04,123.98305727288343,124.57334323932872,123.71184973624541,124.32606506347656,131885000
2013-04-05,122.80245163590133,123.91920746564055,122.65887552482239,123.76764678955078,159666000
2013-04-08,123.8553981262646,124.61318937380527,123.44060238709535,124.60521697998047,86571200
2013-04-09,124.83654556396095,125.49064704442496,124.42174980004707,125.03596496582031,101922200
2013-04-10,125.37093556726025,126.72698449737166,125.33903383183177,126.56745147705078,135711100
2013-04-11,126.59143339671816,127.3970955670637,126.46380205881866,126.9822998046875,110142500
2013-04-12,126.57548927314019,126.86265372673947,125.96925861402863,126.67121887207031,116359900
2013-04-15,126.03303264310722,126.13673460284944,123.71977298854756,123.7357177734375,217259000
2013-04-16,124.66904689060571,125.62626990253447,124.36593763031807,125.56245422363281,147507800
2013-04-17,124.66899856903156,124.69294008948665,123.0656713372124,123.72774505615234,226834800
2013-04-18,123.93516531242969,123.96707923265001,122.48339840385631,122.95402526855469,167583200
2013-04-19,123.24125865581527,124.07882304216531,122.93813710207309,124.02297973632812,149687600
2013-04-22,124.26223229180076,124.86846296768321,123.44062522686175,124.57332611083984,106553500
2013-04-23,125.19553093183052,125.97725178436828,124.57334320835795,125.85760498046875,166141300
2013-04-24,125.89741533464532,126.27232465609353,125.66608209123758,125.93730163574219,96781200
2013-04-25,126.30421907070648,127.04606527900626,126.1127843110855,126.44780731201172,131060600
2013-04-26,126.29635169318145,126.51172814842695,125.81774005299133,126.22456359863281,95918800
2013-04-29,126.56751988135814,127.34924062352944,126.36810045528209,127.07006072998047,88572800
2013-04-30,127.04611512000845,127.40506760670664,126.51964498133418,127.37315368652344,116010700
2013-05-01,127.09395723998766,127.15777290043036,126.11281732531562,126.25639343261719,138874200
2013-05-02,126.57544963845928,127.54064469103423,126.45580289175615,127.42897033691406,96407600
2013-05-03,128.53772902189735,129.12801464877657,127.45288732781073,128.72119140625,144202300
2013-05-06,128.81694243286245,129.23172596473077,128.76109916611523,129.0482635498047,66882100
2013-05-07,129.3274983183211,129.7422819873884,128.96056119550366,129.70240783691406,90359200
2013-05-08,129.5588167744745,130.33256515423605,129.4870286992215,130.2926788330078,97419200
2013-05-09,130.2368139652392,130.579809461391,129.59866950577353,129.92572021484375,106738600
2013-05-10,130.01344192326732,130.46013931333798,129.6305480132716,130.3484649658203,103203000
2013-05-13,130.18100196800114,130.66758586592758,129.87789270992621,130.45220947265625,81843200
2013-05-14,130.55588738028652,131.8959920369588,130.55588738028652,131.80026245117188,119000900
2013-05-15,131.58492645290076,132.77345850567798,131.54504013124594,132.51022338867188,120718500
2013-05-16,132.2389652511352,132.70161962770175,131.6885658691579,131.8879852294922,109913600
2013-05-17,132.37461656668438,133.2440823692801,132.19912649274443,133.16432189941406,129801000
2013-05-20,133.03666426818828,133.67480875906975,132.90106054175993,133.15631103515625,85071200
2013-05-21,133.27599024921045,133.850319161218,132.81333572722684,133.3477783203125,95804200
2013-05-22,133.48340172834725,134.86339310241303,131.75244234222276,132.35867309570312,244031800
2013-05-23,130.94670963728996,132.34264492452917,130.77121965602413,131.9757080078125,211064400
2013-05-24,131.19404366307742,131.91993324351304,130.80317723401328,131.8640899658203,151573900
2013-05-28,133.24403634255773,133.83432203932463,132.2628964837895,132.6537628173828,143679800
2013-05-29,131.9518915620169,132.25501309293784,131.090397872768,131.7923583984375,160363400
2013-05-30,131.89598781280245,132.88510018537005,131.7922858363519,132.27886962890625,107793800
2013-05-31,131.91189483247362,132.6617134625412,130.12510542117047,130.38035583496094,176850100
2013-06-03,130.68347100549724,131.18601158973803,129.7501900430425,131.0982666015625,168390700
2013-06-04,131.17011513640037,131.6965853082807,129.80608099500037,130.46815490722656,157631500
2013-06-05,130.09323107154208,130.35646612841512,128.52978986123355,128.64146423339844,211737800
2013-06-06,128.58563026159214,129.81406061584704,127.82783895483715,129.8060760498047,200225500
2013-06-07,130.69948407913998,131.57692216606145,130.13312760835328,131.457275390625,188337800
2013-06-10,131.86408659870358,131.93587466396545,131.1142676817161,131.457275390625,105667100
2013-06-11,130.2607598989164,131.2498723739831,129.81406237190632,130.10122680664062,159505400
2013-06-12,130.99463318361163,131.13023693234715,128.9047214994826,129.0243682861328,177361500
2013-06-13,128.95259821891932,131.21800028750192,128.66543371926818,130.98667907714844,163587800
2013-06-14,130.8430392882323,131.3535524011226,129.9496443835724,130.16500854492188,141197500
2013-06-17,131.05046128375994,131.7923078587411,130.19695249153358,131.1701202392578,136295600
2013-06-18,131.24189701555372,132.4065116888961,131.23392462117815,132.20709228515625,114695600
2013-06-19,132.09536938006207,132.32669044792186,130.32452475165272,130.38035583496094,206149500
2013-06-20,129.1120644028128,130.39632550319848,126.81474959675859,127.14977264404297,321255900
2013-06-21,128.01502849333704,128.1112523620701,126.27491086310584,127.55795288085938,271956800
2013-06-24,126.22682869410939,127.04475624320597,124.87963303418833,125.94615936279297,222329000
2013-06-25,127.08480992151715,128.38389318913545,126.23479987682512,127.15699005126953,162262200
2013-06-26,128.1994996202335,128.704699552689,127.70232650321323,128.416015625,134848000
2013-06-27,129.18584119927183,129.76320904431878,129.06554909388768,129.1697998046875,129483700
2013-06-28,128.80889165041717,129.42634435800085,128.1914267068399,128.64048767089844,160402900
2013-07-01,129.31413814726946,130.29245522384082,129.16980230121752,129.3943328857422,131954800
2013-07-02,129.20189819595848,130.1481449043319,128.70472498071237,129.27407836914062,154863700
2013-07-03,128.68858779447956,129.72304306808672,128.4800987191443,129.33010864257812,75216400
2013-07-05,130.2844173564216,130.77357580727158,129.3461978167907,130.7254638671875,122416900
2013-07-08,131.39903876410492,131.824043828711,130.7735591506848,131.47120666503906,108092500
2013-07-09,132.29717312789086,132.57784241672448,131.72783220848075,132.41746520996094,119298000
2013-07-10,132.28921852880583,132.91469848396787,132.0165759300946,132.46563720703125,121410100
2013-07-11,134.0052237804537,134.40617292560066,132.4575537174681,134.2698516845703,135592200
2013-07-12,134.22971913906963,134.66273871848827,134.02123004320046,134.32594299316406,104212700
2013-07-15,134.69486705089986,135.03166289013652,134.46230967685693,134.83920288085938,69450600
2013-07-16,134.9273965137931,135.0075912340081,133.97314786481434,134.33399963378906,88702100
2013-07-17,134.84725233248912,135.10385348527035,134.50242962081455,134.67884826660156,92873900
2013-07-18,134.96750384142982,135.73733160995891,134.8792945370775,135.41656494140625,103620100
2013-07-19,135.13589080490348,135.70523168618385,134.9674867956823,135.65711975097656,103831700
2013-07-22,135.84963077612517,136.11425875520035,135.52886402754905,135.9217987060547,79428600
2013-07-23,136.16232769035523,136.18638365939833,135.56090399228475,135.63307189941406,80829700
2013-07-24,136.1543428511992,136.2104816202709,134.86328575855282,135.1359405517578,112914000
2013-07-25,134.895380538226,135.58501380867327,134.67084991398747,135.4647216796875,111088600
2013-07-26,134.89539575346458,135.64918246385912,134.33406912955462,135.6090850830078,107814600
2013-07-29,135.26429137253265,135.5690168493148,134.80721539336477,135.19212341308594,79695000
2013-07-30,135.60109965529466,135.74543557418812,134.8713687693192,135.19212341308594,85209600
2013-07-31,135.47267166870677,136.20240190164566,135.11181995839453,135.28823852539062,142388700
2013-08-01,136.31468886561782,136.97223907244936,136.24250872326127,136.85195922851562,110438400
2013-08-02,136.54729361143944,137.10060560718023,136.36286035819307,137.08456420898438,91116700
2013-08-05,136.77980999493994,137.09254986785828,136.60339137575545,136.88404846191406,54072700
2013-08-06,136.61940030125797,136.91611097285477,135.8014728999813,136.10618591308594,87495000
2013-08-07,135.67320320728865,135.8656510077868,135.1599886792944,135.66517639160156,84854700
2013-08-08,136.3066740822953,136.46705130036042,135.46467839245673,136.16233825683594,102181300
2013-08-09,135.98594044578007,136.40293106532772,135.29630729022017,135.76942443847656,91757700
2013-08-12,135.08785583994916,135.76946237041028,135.02370247778762,135.6090850830078,68593300
2013-08-13,135.8496477480899,136.2425702396838,135.04774913046728,136.01002502441406,80806000
2013-08-14,135.94587245745348,136.1623885115515,135.28029513263493,135.3123779296875,79829200
2013-08-15,134.24579986672296,134.26182902310683,133.18728821751864,133.4198455810547,152931800
2013-08-16,133.1632387373742,133.62032667253578,132.71417761679305,132.9788055419922,130868200
2013-08-19,132.8264931313083,133.2835812393385,132.12081839722762,132.12884521484375,96437600
2013-08-20,132.34528838378748,133.27549333672852,132.20095256488122,132.7783203125,89294400
2013-08-21,132.40941867245988,133.13914892592916,131.66365926589955,131.96035766601562,159530500
2013-08-22,132.2330486515827,133.35571381588917,132.2250340720945,133.1632537841797,101471400
2013-08-23,133.55616291101822,133.78069345378285,132.9306832224601,133.61228942871094,90888900
2013-08-26,133.74859122029108,134.15756712056535,133.02688775721134,133.11509704589844,89702100
2013-08-27,131.80002974206948,133.11514271073557,130.87785141889483,130.9740753173828,158619400
2013-08-28,130.91790673379876,131.90425041264112,130.7495149497989,131.43914794921875,108113000
2013-08-29,131.1505014087714,132.34532233623182,131.03020929282573,131.64767456054688,119200500
2013-08-30,131.92028488267144,131.93632627474508,130.8457440976803,131.23065185546875,134928900
2013-09-03,132.49764248684622,132.77831176464673,131.27073916113972,131.8240509033203,142375100
2013-09-04,131.85610043726086,133.13914230846845,131.61554079290428,132.91461181640625,97389400
2013-09-05,132.99485953090235,133.4358938786728,132.89862339880784,133.08306884765625,63090500
2013-09-06,133.52409475530177,133.9009879725176,131.896242023922,133.14720153808594,159756500
2013-09-09,133.47602497911356,134.50245425019241,133.47602497911356,134.42227172851562,87559300
2013-09-10,135.23213175448677,135.44062091204805,134.92740647836106,135.41656494140625,105847200
2013-09-11,135.23220563789164,135.84164428710938,134.9996603826387,135.84164428710938,94545900
2013-09-12,135.79348332056017,135.9699019619923,135.29631018706937,135.48074340820312,83209000
2013-09-13,135.62505370685824,135.88968159527556,135.31231388163704,135.78543090820312,72727800
2013-09-16,137.25296880949048,137.3171221665103,136.35483404721455,136.57135009765625,106299200
2013-09-17,136.69159713583366,137.2128261651633,136.69159713583366,137.18075561523438,82523300
2013-09-18,137.13268977602203,139.1454633072818,136.78787921460474,138.76856994628906,203460600
2013-09-19,139.14541558871983,139.20956892986706,138.39964370438193,138.5359649658203,146616900
2013-09-20,138.8647326760714,138.8647326760714,137.45457031547815,137.5673828125,132867100
2013-09-23,137.38209433646844,137.511014162907,136.49570136670613,136.9308319091797,104616500
2013-09-24,136.90655825122508,137.41422042477336,136.35056193690426,136.60841369628906,106333100
2013-09-25,136.69711221190212,136.97108366745204,136.09275690343833,136.213623046875,117306500
2013-09-26,136.43926680066994,137.12419547197402,136.22169543654238,136.73741149902344,77146900
2013-09-27,136.05250482207532,136.29424947696288,135.75436004857892,136.10891723632812,99141800
2013-09-30,134.9566053586741,135.81075914327903,134.69068746986702,135.38368225097656,143937000
2013-10-01,135.48844745663567,136.5843459454277,135.35146168249221,136.45541381835938,127160000
2013-10-02,135.6576222408335,136.45536335380012,135.2385991306487,136.32643127441406,113350000
2013-10-03,136.01214381163192,136.1330222262991,134.4408227860605,135.06935119628906,176698000
2013-10-04,135.17415374885655,136.22975918191753,134.99687518651817,136.0927734375,96878000
2013-10-07,134.90823663783192,135.73821704981256,134.77125089267065,134.91629028320312,96295000
2013-10-08,134.8920881647861,135.06936669012342,133.24824727923166,133.34494018554688,178015000
2013-10-09,133.60283989350694,133.92515786411457,132.57946127858193,133.44168090820312,168973000
2013-10-10,134.80343838418665,136.3908790490781,134.75509193480124,136.318359375,195955000
2013-10-11,136.1089294835486,137.24512085680496,135.99611694053593,137.19676208496094,105040000
2013-10-14,136.35064687549774,137.85750246184435,136.24588800093287,137.74468994140625,112106000
2013-10-15,137.3981852823111,137.91390141363706,136.56015117977225,136.7454833984375,155485000
2013-10-16,137.56735292631546,138.727716812534,137.50288689978805,138.6551971435547,161676000
2013-10-17,138.09116110150356,139.66249480929125,138.06698787175057,139.5819091796875,129389000
2013-10-18,140.097627187068,140.62139689984755,139.8155897751769,140.5247039794922,138316000
2013-10-21,140.57302291000988,140.8147674591963,140.21846587728828,140.53273010253906,104104000
2013-10-22,140.9436846937309,141.76559886058297,140.5568885374787,141.34658813476562,126663000
2013-10-23,140.86318570609217,140.92765177177532,140.17825681254268,140.6697998046875,105484000
2013-10-24,140.95176804057175,141.31437875479287,140.62138419834457,141.13710021972656,70350000
2013-10-25,141.42718123622248,141.8220310901193,141.15320980893355,141.78173828125,93625000
2013-10-28,141.73342901352822,142.20079866862383,141.5803236770401,142.0074005126953,84979000
2013-10-29,142.3297163645197,142.82125920239216,142.12826458335297,142.7648468017578,87401000
2013-10-30,142.93406416185863,143.03881072149943,141.54807499695318,142.05572509765625,140002000
2013-10-31,141.94287722397885,142.53917874257544,141.4432808921724,141.6527862548828,133795000
2013-11-01,141.8382123860879,142.31363576893935,141.19356405061174,141.99131774902344,142805000
2013-11-04,142.37806273858112,142.5472753490999,141.80593427033165,142.49087524414062,85677000
2013-11-05,141.93486821308,142.42641105706866,141.4755645400381,142.0396270751953,85825000
2013-11-06,142.6520342961301,143.0307646283748,142.25718437861258,142.7648468017578,87348000
2013-11-07,143.03075366191763,143.1435661588958,140.82283788318495,140.95982360839844,157000000
2013-11-08,140.91145985316106,142.87763081252675,140.89535256674156,142.86151123046875,136713000
2013-11-11,142.7246013901015,143.05498537190056,142.5553887232791,142.88577270507812,62614000
2013-11-12,142.5795072466139,142.9179447460286,142.12019130735374,142.5956268310547,83990000
2013-11-13,141.89457816287776,143.78016394385847,141.89457816287776,143.73988342285156,103844000
2013-11-14,143.86884404558515,144.5779584737559,143.63516531574422,144.45709228515625,103435000
2013-11-15,144.69066051329008,145.14191033363116,144.50532840042902,145.08551025390625,102818000
2013-11-18,145.32731838908316,145.44818453831022,144.25559344858715,144.57791137695312,104796000
2013-11-19,144.50537065754662,144.94050102708022,144.01382789615622,144.2636260986328,93891000
2013-11-20,144.55376491508815,144.98889542852228,143.41757371939468,143.8124237060547,124909000
2013-11-21,144.2153327535336,145.08560610871956,144.12669345914492,144.97279357910156,92841000
2013-11-22,145.02913102832926,145.7140718522432,144.8599184548416,145.6979522705078,81296000
2013-11-25,145.95583626803113,145.98806314025146,145.34341503508614,145.5529327392578,79486000
2013-11-26,145.6255314216773,146.02843516901578,145.3757330656309,145.59329223632812,86994000
2013-11-27,145.74633263998533,146.04448964110864,145.56905408655237,145.94778442382812,58800000
2013-11-29,146.10893837341948,146.45542949866194,145.6899152699014,145.85107421875,55870900
2013-12-02,145.92361637754436,146.1975878623499,145.24674131073954,145.4723663330078,99726000
2013-12-03,144.99694688523886,145.3595576594831,144.3764719097993,144.84384155273438,116563000
2013-12-04,144.32006287839408,145.43206836428718,143.71570752680222,144.8277130126953,123033000
2013-12-05,144.56984663236193,144.83576443588544,144.05413060918778,144.1911163330078,106934000
2013-12-06,145.58517825760637,145.93973537563994,145.16615509123565,145.80274963378906,127728000
2013-12-09,146.2297980123089,146.39095695399516,145.9799998083493,146.1733856201172,70124000
2013-12-10,145.83497514679672,146.1411857996252,145.5610036656562,145.64964294433594,80976000
2013-12-11,145.70603947739014,145.73021270570257,143.83656118362848,144.0138397216797,130591000
2013-12-12,143.94939412496484,144.1266726881935,143.24027987205014,143.53843688964844,115565000
2013-12-13,143.83657263833808,143.96550473003217,143.24833687649019,143.52230834960938,107808000
2013-12-16,144.19919192500387,144.8921865893378,144.15889910700875,144.41676330566406,96195000
2013-12-17,144.5457525975304,144.56992583876377,143.6351861922517,143.95750427246094,89886000
2013-12-18,144.17498812091782,146.43930384177713,142.88570428796018,146.41513061523438,234906000
2013-12-19,145.99611538953005,146.41513849823008,145.61739738809015,146.2459259033203,136531200
2013-12-20,146.39180993692648,147.44504917041462,146.29459203803157,147.09666442871094,197087000
2013-12-23,147.8177065381563,147.9716430993791,147.5098457781072,147.8825225830078,85598000
2013-12-24,147.89064870910352,148.27143532014992,147.8825513378213,148.2066192626953,45368800
2013-12-26,148.53869355599596,149.04101456111363,148.5224988247011,148.95999145507812,63365000
2013-12-27,149.15446499299165,149.21926865403114,148.79798304531232,148.95191955566406,61814000
2013-12-30,148.96815729029663,149.08969200521037,148.7332099546303,148.9276580810547,56857000
2013-12-31,149.13015284512767,149.63246154785156,149.0167155381727,149.63246154785156,86119900
2014-01-02,149.05727724911557,149.13020302275123,147.84200427886944,148.198486328125,119636900
2014-01-03,148.4496226911046,148.74939839369858,147.9635209796238,148.17416381835938,81390600
2014-01-06,148.6603217639927,148.71702808398945,147.51796200693553,147.74481201171875,108028200
2014-01-07,148.33620544756394,148.90333032169139,148.22278047273844,148.6521759033203,86144200
2014-01-08,148.62782114550268,148.9356941283134,148.1741213997127,148.68453979492188,96582300
2014-01-09,149.16260108522135,149.17880818588506,148.10126469606624,148.7818145751953,90683400
2014-01-10,149.03295311453414,149.25170568178598,148.27138017568237,149.1868896484375,102026400
2014-01-13,148.8061530346556,149.2193414779922,146.9184271540029,147.20199584960938,149892000
2014-01-14,147.68805160085304,148.88712970151192,147.41259272464544,148.8061065673828,105016100
2014-01-15,149.15448495211024,149.83503474562457,148.83851452209328,149.60818481445312,98525800
2014-01-16,149.30031709578466,149.60819016870454,148.9357377192395,149.4137420654297,72290600
2014-01-17,149.1545037160873,149.4380599845266,148.5225627765538,148.7818145751953,107848700
2014-01-21,149.64065858156783,149.6973772728224,148.30386281868172,149.2193603515625,88621200
2014-01-22,149.47043431198546,149.53525033495393,149.00052741725827,149.31649780273438,61270900
2014-01-23,148.56310784874572,148.58741232604675,147.30733531352863,148.09320068359375,132496900
2014-01-24,147.12902408433578,147.1776330157601,144.884816971896,144.9334259033203,208677100
2014-01-27,145.07110630764927,145.44379525995322,143.49935212328853,144.2204132080078,180843100
2014-01-28,144.3258697600438,145.26568416462663,144.30966265309567,145.079345703125,110463200
2014-01-29,143.87212942500952,144.65800699978388,143.30500446444992,143.685791015625,216597300
2014-01-30,144.8848250198401,145.6787997894586,144.42301542086977,145.20889282226562,118938100
2014-01-31,143.4103494005094,145.25756386138025,143.33743596814858,144.35826110839844,194677900
2014-02-03,144.18811535763393,144.51218326623115,140.8339618178197,141.1094207763672,254837100
2014-02-04,141.7413115886185,142.46237293758875,141.06076180445658,142.09779357910156,165012400
2014-02-05,141.60358523152996,142.235526096595,140.7366970653076,141.9195556640625,164230500
2014-02-06,142.25175112791763,143.7910919189453,141.96008512555076,143.7910919189453,132877600
2014-02-07,144.46354101651005,145.72742287606482,143.99363400368154,145.573486328125,170787200
2014-02-10,145.5896963993232,145.8894721323108,145.1927151490573,145.84085083007812,92218800
2014-02-11,145.96236510941324,147.80957873900942,145.8651348809544,147.4368896484375,117814100
2014-02-12,147.65568401812249,148.12559110781325,147.21819113456073,147.50985717773438,94717700
2014-02-13,146.5132693350919,148.42529882003706,146.50517196779717,148.2713623046875,100542200
2014-02-14,148.133609355149,149.36508891993077,147.99587995866017,149.08963012695312,96498400
2014-02-18,149.21932302885187,149.47048984707172,148.7899275342391,149.2679443359375,80460900
2014-02-19,148.87903725558706,149.84315579664292,148.157975782743,148.27951049804688,126524300
2014-02-20,148.4820579574759,149.4947854530835,147.93923750331774,149.15451049804688,104998100
2014-02-21,149.43804435438753,149.79452635733034,148.91143108065475,148.98434448242188,118116400
2014-02-24,149.3002810415507,150.81531684788794,149.23546502277804,149.81069946289062,114063900
2014-02-25,149.9322693378867,150.36166478138946,149.2598168374741,149.7540283203125,117085000
2014-02-26,149.97274302255957,150.36973652730612,149.34080225166824,149.76210021972656,98677200
2014-02-27,149.54338931718624,150.5885186177119,149.37324566424704,150.5480194091797,93880800
2014-02-28,150.523650610442,151.62549820234793,149.9241240723111,150.92874145507812,150842000
2014-03-03,149.60011584760392,150.24826398287271,148.8709569219249,149.8674774169922,167748500
2014-03-04,151.3338721036812,152.2979905454811,151.3014702670402,151.9739227294922,167545900
2014-03-05,152.1035969651313,152.37095855051444,151.86863722537115,152.1116943359375,88376900
2014-03-06,152.48430828028918,152.80837602613695,152.13592370923035,152.45999145507812,82516500
2014-03-07,153.09199384873963,153.09199384873963,151.852404034045,152.5248565673828,114513500
2014-03-10,152.28992634208242,152.5005692321088,151.5688647864413,152.44386291503906,74939200
2014-03-11,152.67067893018606,152.88943150424993,151.34198111115174,151.6903533935547,99009100
2014-03-12,150.95309777624945,151.78758414555313,150.61281049881393,151.73086547851562,104824400
2014-03-13,152.18456682546682,152.30610152925843,149.60819428869675,150.02947998046875,155014300
2014-03-14,149.7621213454039,150.53179163776375,149.42994381676212,149.60818481445312,153919600
2014-03-17,150.36168823143123,151.31770950773668,150.296872181987,150.9612274169922,98359500
2014-03-18,151.26907171395297,152.24128754541803,151.10702544004627,152.0387420654297,101804600
2014-03-19,152.05492272348843,152.26557791510368,150.26442776912222,151.22854614257812,176267300
2014-03-20,150.8964211455039,152.22511933921538,150.62905956012074,152.1116943359375,117241000
2014-03-21,152.75040329500638,153.81642347631558,151.3832844395071,151.52162170410156,163128000
2014-03-24,152.04248187469906,152.22965508121388,150.23593883265067,150.89508056640625,121411000
2014-03-25,151.6599532149877,152.1238008642236,150.76482758093246,151.6111297607422,103852000
2014-03-26,152.2052392438912,152.44936904449938,150.4800768423198,150.52076721191406,119843000
2014-03-27,150.34172170607778,150.82183572631462,149.65002275580326,150.20338439941406,142383000
2014-03-28,150.6347072707036,151.70072800493435,150.54519341577802,150.94393920898438,101642000
2014-03-31,151.90414202401686,152.41681332702916,150.9683256748882,152.18081665039062,99745000
2014-04-01,152.6772090689357,153.27939421088394,152.17268329027638,153.18988037109375,89193000
2014-04-02,153.3851954141977,153.90599985255164,153.1003752485691,153.7025604248047,78774000
2014-04-03,153.9385386735108,153.97922904085934,153.02713404629642,153.49911499023438,77435000
2014-04-04,154.33727555329568,154.3698203951336,151.44030036843486,151.68441772460938,169381000
2014-04-07,151.31823751450284,151.57050040759265,149.69886768455598,150.00808715820312,140803000
2014-04-08,149.94300567587646,150.87068905831688,149.39778944748207,150.62657165527344,112660000
2014-04-09,151.0334500081458,152.29476464254302,150.59401385032615,152.24594116210938,100254000
2014-04-10,152.23778000500036,152.31101521215746,148.8606783660459,149.0478515625,172959000
2014-04-11,148.21781042732383,149.25941917363315,147.54239012172462,147.70513916015625,167251000
2014-04-14,148.86067466742165,149.21873000501265,147.6481837669817,148.8688201904297,132382000
2014-04-15,149.17803633871435,149.9999269737949,147.70512477938016,149.89413452148438,157093000
2014-04-16,150.92757780950697,151.47279374798853,150.26029081745526,151.46466064453125,105197000
2014-04-17,151.26125765007822,152.09942693478808,151.00084927345333,151.67626953125,105255000
2014-04-21,151.71698355599767,152.254066603841,151.52982276670323,152.20523071289062,68329000
2014-04-22,152.35981343158943,153.31190821770062,152.27844513166394,152.8968963623047,85790000
2014-04-23,152.84000876687873,152.92137710352367,152.4168511986621,152.53890991210938,73869000
2014-04-24,153.2875224162851,153.30380104580553,152.11570942993745,152.8480987548828,88170000
2014-04-25,152.35166474693656,152.4411785595686,151.25308726617547,151.59486389160156,100380000
2014-04-28,152.21336477070057,152.7341691489963,150.51261433093316,152.0750274658203,135121000
2014-04-29,152.5633171835949,153.0190195897222,152.23781901263519,152.7830352783203,84098000
2014-04-30,152.53068252660654,153.39326334704472,152.31909766479583,153.2386474609375,101508000
2014-05-01,153.16538428079735,153.66990978159623,152.76663877461615,153.25489807128906,93019000
2014-05-02,153.2387330340173,153.91415351437263,152.80744238295264,153.03529357910156,98122000
2014-05-05,152.28663805328154,153.43403956041934,151.86348050981306,153.3282470703125,75883000
2014-05-06,152.9864530251011,153.09224550327892,151.9611227568461,151.99366760253906,85454000
2014-05-07,152.5063420703446,152.96204442112963,151.3670737764242,152.88880920410156,106500000
2014-05-08,152.75045259526684,153.84088485656233,152.23778130687074,152.7260284423828,93618000
2014-05-09,152.75041805717186,153.018947091661,152.03430751999167,152.953857421875,83679000
2014-05-12,153.63745727644346,154.51631708838772,152.98644862867468,154.4430694580078,86940000
2014-05-13,154.64648005824205,154.9557119021067,154.42677445892704,154.58139038085938,66454000
2014-05-14,154.44305387051818,154.5163014935054,153.6292962471767,153.84901428222656,72367000
2014-05-15,153.53976231470514,153.57231956887262,151.7494982610775,152.49815368652344,154956000
2014-05-16,152.58772446791798,153.09226276021317,151.9448612531172,153.02716064453125,97458000
2014-05-19,152.73419020646597,153.710696998282,152.59585288251313,153.58863830566406,63839000
2014-05-20,153.51536516115488,153.5316437897845,152.22963908938956,152.6202392578125,111644000
2014-05-21,153.05967567853824,153.9792258101026,153.03526394203269,153.90599060058594,89093000
2014-05-22,153.94666035132914,154.59766892970487,153.68626437015237,154.28030395507812,61549000
2014-05-23,154.41867716735567,155.00458378243965,154.28033983003843,154.8988037109375,61092800
2014-05-27,155.47657229889722,155.89972985618869,155.38705843902707,155.8509063720703,72010000
2014-05-28,155.85090985740675,156.09503970041752,155.47657577586233,155.7369842529297,66723000
2014-05-29,156.09498476900586,156.56695323792064,155.69623908517897,156.54254150390625,64377000
2014-05-30,156.3960969893883,156.89248969144475,156.265892775121,156.79483032226562,76316000
2014-06-02,157.0145520643685,157.04710932717757,156.2170729629523,156.97386169433594,64656000
2014-06-03,156.59141823964956,156.97388542525232,156.44494778573844,156.89251708984375,65047000
2014-06-04,156.62391717704,157.2993374358825,156.46116814987485,157.20982360839844,55529000
2014-06-05,157.3889570495067,158.39800914631965,156.8111833352322,158.23526000976562,92103000
2014-06-06,158.5769951848325,159.03269761403016,158.50375995520287,158.9920196533203,78696000
2014-06-09,158.96756333664337,159.5371912134205,158.821080501497,159.15472412109375,65119000
2014-06-10,158.95940506942534,159.20353483045977,158.61762837075932,159.17098999023438,57129000
2014-06-11,158.6013361189016,158.780363767152,158.25955944959293,158.61761474609375,68772000
2014-06-12,158.4305342751687,158.52004814465377,157.1447952484558,157.4947052001953,106350000
2014-06-13,157.8038826510117,158.12939316253255,157.2993568793498,157.9747772216797,82017000
2014-06-16,157.77946712321838,158.4386088198935,157.5923063441892,158.10496520996094,87424000
2014-06-17,157.8852765674043,158.65834391926754,157.71438198246568,158.54441833496094,84834000
2014-06-18,158.5443559478423,159.79753688208902,158.19443380855068,159.70802307128906,105267000
2014-06-19,159.84637934386478,159.98472904541995,159.33372056374375,159.88706970214844,85929000
2014-06-20,160.2853323660032,160.34257435600642,160.01550400554117,160.2117462158203,100587000
2014-06-23,160.2526014613287,160.30165888556718,159.86830166951967,160.16265869140625,70611000
2014-06-24,159.8764717466059,160.66960003241414,159.0179294038133,159.19781494140625,96237000
2014-06-25,158.8625738760735,160.08088730400664,158.82987308554198,159.9173583984375,82782000
2014-06-26,159.9419329726717,159.9582896108555,158.73180375271724,159.8029327392578,84312000
2014-06-27,159.42674512074063,160.16264384547245,159.35315899120386,160.11358642578125,71445100
2014-06-30,160.01551897218388,160.39981887213872,159.87651873890692,160.03187561035156,70201200
2014-07-01,160.42432465971527,161.5935808306111,160.3670951489979,161.1029815673828,90470000
2014-07-02,161.119307227388,161.47089373315694,161.04572109498824,161.2664794921875,52475000
2014-07-03,161.72435849484407,162.13318695933793,161.60171494607775,162.05960083007812,52938800
2014-07-07,161.74889121943968,161.87970683912883,161.25829209713004,161.4954071044922,61696000
2014-07-08,161.20110504663452,161.25834703686934,160.06456208664272,160.45704650878906,108143000
2014-07-09,160.8576736864346,161.32374421024554,160.5142592103693,161.1765594482422,72992000
2014-07-10,159.62300073434784,160.9639577169381,159.49217261983762,160.5387725830078,99040000
2014-07-11,160.44066625368862,160.8740234891133,160.08089515791195,160.75955200195312,64243000
2014-07-14,161.5772180998856,161.7816323724437,161.43821789172094,161.5690460205078,58658000
2014-07-15,161.66713589601142,161.9778495347506,160.55512192607958,161.2664794921875,111307000
2014-07-16,161.98606216380327,162.10870574850497,161.42187672125894,161.86341857910156,79986400
2014-07-17,161.3646080550795,161.9778507827125,159.7946956930584,160.02365112304688,145398000
2014-07-18,160.54690661758542,161.8224491415371,160.4569638767195,161.65892028808594,124330000
2014-07-21,161.15203104232307,161.48727343976287,160.61237437470638,161.3564453125,67592000
2014-07-22,161.90424401733773,162.3539578235719,161.78977254633764,162.05960083007812,67678000
2014-07-23,162.30491633514671,162.59110127896483,161.97785852203103,162.4193878173828,65612000
2014-07-24,162.5747360111355,162.76279361986664,162.2640223716583,162.42755126953125,56888000
2014-07-25,161.96965858883283,162.10865877003243,161.34824381233076,161.66712951660156,76837000
2014-07-28,161.6998001697517,161.96962840407315,160.7676719404833,161.73251342773438,69259000
2014-07-29,162.03514052887746,162.26408356753365,161.0130689361411,161.03759765625,80466000
2014-07-30,161.60987082666983,161.8224695918301,160.39157010951192,161.06204223632812,104222000
2014-07-31,159.94189264820605,160.0808928465753,157.78327858116978,157.8813934326172,183479000
2014-08-01,157.4480442446354,158.42923023858918,156.63857172594055,157.39898681640625,189261000
2014-08-04,157.70150878949482,158.87076484057556,157.03103650667495,158.5355224609375,91340000
2014-08-05,157.8895771762751,158.2984056904794,156.42596410860835,156.99832153320312,152690000
2014-08-06,156.26249828019053,157.71792738018684,156.2379695575527,157.04745483398438,94818000
2014-08-07,157.75870317238048,157.91405995882468,155.804503941932,156.1969757080078,135733000
2014-08-08,156.5486302316989,158.11034577443928,156.1316171354197,158.00405883789062,117014000
2014-08-11,158.6009295143126,159.16511484135017,158.38834318553347,158.46192932128906,74544000
2014-08-12,158.3065792211802,158.7481085309297,157.75875050429667,158.2411651611328,73632000
2014-08-13,158.86254210166624,159.4921413624585,158.59272632349422,159.312255859375,69047000
2014-08-14,159.57397313011776,160.06455993652344,159.42678835467544,160.06455993652344,57371000
2014-08-15,160.64511853881658,160.79229085294773,158.87897591048707,160.03187561035156,139951000
2014-08-18,160.91491676317918,161.44638887764782,160.82497398480447,161.372802734375,75424000
2014-08-19,161.7652672078942,162.337624645587,161.43820937962872,162.21498107910156,59135000
2014-08-20,161.9941417964757,162.84451175330904,161.96144101803648,162.6482696533203,72763000
2014-08-21,162.78733148335488,163.3351601840809,162.65650336711872,163.12257385253906,67791000
2014-08-22,162.9917384043023,163.2779233361382,162.501151705169,162.8690948486328,76107000
2014-08-25,163.64590411430171,164.01384734238377,162.83641903135464,163.69496154785156,63855000
2014-08-26,163.80117797851562,164.2018342769362,163.7602926457867,163.80117797851562,47298000
2014-08-27,163.88299686555166,163.99748083017533,163.48235289519477,163.73582458496094,47874000
2014-08-28,163.19611452058982,163.7521276214527,163.0325856590839,163.6458282470703,58330000
2014-08-29,163.8992939590768,164.1282368522414,163.3841786876825,164.1118927001953,65907000
2014-09-02,164.32452363670265,164.34905234789187,163.41692389333517,164.03016662597656,72426000
2014-09-03,164.65975816233868,164.6842868723616,163.71127311993584,163.94021606445312,57462000
2014-09-04,164.2182710759296,164.82334190290595,163.25344155674833,163.70315551757812,85236000
2014-09-05,163.67041099316566,164.50442468160844,163.04899612368357,164.4390106201172,102177000
2014-09-08,164.28365278623264,164.52078031725583,163.53140979833506,164.01382446289062,64146000
2014-09-09,163.86664598738696,163.98111747085966,162.64016046026978,162.97540283203125,88591000
2014-09-10,163.06529544006267,163.69489469188173,162.52565141495654,163.58860778808594,67251000
2014-09-11,162.93448679143233,163.80120107108627,162.81183077595358,163.77667236328125,66774400
2014-09-12,163.61316610769742,163.6295102641915,162.353967376153,162.82003784179688,117409300
2014-09-15,162.84452662649255,162.9753547051007,162.20675533884315,162.6973419189453,76401000
2014-09-16,162.39485928485348,164.21823092407925,162.30491651467878,163.9238739013672,116201000
2014-09-17,164.161025215083,164.9050837200585,163.32701145043856,164.14466857910156,151266000
2014-09-18,164.64337311622384,165.04402943821168,164.43078684056132,165.01950073242188,94990000
2014-09-19,165.54448379590644,165.8566373529881,164.53405540429287,164.87086486816406,121649000
2014-09-22,164.58339573914253,164.60803911730224,163.25259064461656,163.5976104736328,125553000
2014-09-23,163.00612207684068,163.6879513606726,162.61181554533042,162.66110229492188,111393000
2014-09-24,162.68572017026568,164.04116824547012,162.2585600509073,163.9343719482422,107276000
2014-09-25,163.50717537324027,163.51539818553277,161.2316875581392,161.2891845703125,150300000
2014-09-26,161.58489131453874,162.97319261119705,161.3548782335889,162.57066345214844,103547000
2014-09-29,161.17418447817954,162.5624860556339,161.05096763659645,162.27496337890625,95112000
2014-09-30,162.39818299639077,162.8992856800085,161.5109841859803,161.84779357910156,131302000
2014-10-01,161.58488671510403,161.64239625109093,159.29296624703053,159.6544189453125,177798000
2014-10-02,159.51484755137233,160.23775336052373,158.01155143381914,159.6791534423828,157285000
2014-10-03,160.74702079838477,161.78209246427897,160.25414086989917,161.43707275390625,121569000
2014-10-06,162.11066336986852,162.32425593280718,160.6648648377657,161.24810791015625,104778000
2014-10-07,160.41845519396728,160.7799080430721,158.72621006841072,158.75906372070312,147913000
2014-10-08,158.84935943570792,161.76561182752698,158.01967031901097,161.5355987548828,186461000
2014-10-09,161.28095439549315,161.50275720885446,158.2004085118154,158.33184814453125,210705000
2014-10-10,158.2908307642907,159.07944378533804,156.48357901171443,156.52464294433594,221909000
2014-10-13,156.4588668746991,157.0256767504991,153.86299070718275,153.95335388183594,230939000
2014-10-14,154.78308580983855,155.93316403572277,153.64944067519184,154.19161987304688,215847000
2014-10-15,152.10506133763343,154.18340229625286,149.4434647480626,153.14833068847656,380715000
2014-10-16,150.37996845823096,154.09305765843254,150.24031850944425,153.0169219970703,270391000
2014-10-17,154.78306600060583,155.87563453471907,154.125880317747,154.8241424560547,214625000
2014-10-20,154.54483063223748,156.45065517651102,154.49554390342996,156.3274383544922,130011000
2014-10-21,157.46110666797045,159.53123749388763,157.29681335618127,159.42445373535156,154949000
2014-10-22,159.70373159227262,160.11447108248385,158.22506692055734,158.29078674316406,151822000
2014-10-23,159.87623341698531,161.1741716960859,159.580500485864,160.13088989257812,154944000
2014-10-24,160.39378937044268,161.41242793581398,159.76946978605272,161.36312866210938,117927000
2014-10-27,160.78808440907653,161.3795503038094,160.2130516044126,161.14132690429688,82954000
2014-10-28,161.6835361871969,162.9978953377704,161.6095935354976,162.98968505859375,106736000
2014-10-29,163.10470849278974,163.57294514978378,161.66711979737192,162.74325561523438,142557000
2014-10-30,162.30783420821595,164.2547355696385,162.15996145930595,163.7864990234375,113330000
2014-10-31,165.7580278123125,165.79089399103194,164.92833855387656,165.65945434570312,146903000
2014-11-03,165.87304899744913,166.30843189307168,165.371946273366,165.7498321533203,93600000
2014-11-04,165.30617073019314,165.61012640122513,164.34504206560004,165.17474365234375,93343000
2014-11-05,166.3823719268475,166.42344838893314,165.48696271335152,166.21807861328125,91709000
2014-11-06,166.25917944852188,166.9738623614327,165.64307003124614,166.8834991455078,107089000
2014-11-07,166.8998703517129,167.25311280471678,166.4398441629601,167.03952026367188,89540000
2014-11-10,167.07239723756584,167.6145638323363,166.86702749468742,167.56527709960938,66319000
2014-11-11,167.6309950171113,167.83636475765658,167.29418563427126,167.7295684814453,54499400
2014-11-12,167.04777117544438,167.7788870344358,167.01490499370564,167.5488739013672,90120300
2014-11-13,167.71316485896764,168.26355431502145,166.93276227306376,167.73780822753906,85357900
2014-11-14,167.66390881929192,167.98428520415314,167.35174271386592,167.77891540527344,80417500
2014-11-17,167.45852104157512,168.05819728018307,167.29421519228953,167.88568115234375,80441000
2014-11-18,167.94319914755718,169.1589847777636,167.94319914755718,168.85504150390625,76068100
2014-11-19,168.65789923879782,168.85505876714114,167.82820972639567,168.58396911621094,82373000
2014-11-20,167.79531079731285,168.98646547998158,167.72959096735502,168.87966918945312,72840300
2014-11-21,170.5719354601238,170.73622878823045,169.20827702076141,169.78330993652344,142327300
2014-11-24,170.18578975270128,170.36651612149424,169.9722097417522,170.2597198486328,65880800
2014-11-25,170.48971976682105,170.6950894850466,169.88183342312803,170.13648986816406,79108300
2014-11-26,170.28440721568992,170.6705034183542,170.07082714955146,170.57192993164062,62167800
2014-11-28,170.44873099275716,170.76088457842636,169.97227153225558,170.2104949951172,57890100
2014-12-01,169.5532423399224,169.6682488861552,168.7153428751293,169.02749633789062,103968400
2014-12-02,169.06857936617251,170.32544114701997,169.043936000648,170.1200714111328,74507200
2014-12-03,170.2926130737235,170.99086275971644,170.1283197673002,170.77728271484375,68952000
2014-12-04,170.48971662572725,171.08940521693367,169.79967739354814,170.5883026123047,91316600
2014-12-05,170.76080322649796,171.2536955466203,170.49793651459913,170.8675994873047,91025500
2014-12-08,170.4733485596189,170.96622850516556,169.16718724719559,169.72579956054688,108588200
2014-12-09,167.88565270285022,169.7175598267876,167.50777939699023,169.6107635498047,125180100
2014-12-10,169.1507605881323,169.20825760572254,166.70274390155328,166.89169311523438,159856400
2014-12-11,167.48315172911757,169.3807663177685,167.3435017956211,167.73780822753906,159012800
2014-12-12,166.46450475996315,167.43385650213014,164.99406285906872,165.02691650390625,202330200
2014-12-15,165.92233427661947,166.37415025907953,163.29360383518193,163.89328002929688,189965800
2014-12-16,163.12929259461615,166.2673356886068,162.53782674348534,162.5789031982422,259543800
2014-12-17,163.01433334746906,166.21809719181957,162.89110394743852,165.7662811279297,253910100
2014-12-18,168.18962103416158,174.95038993808632,167.5160022131921,169.8654327392578,257633900
2014-12-19,170.51381455293904,171.25723362789523,169.83649061775313,170.58816528320312,245084600
2014-12-22,170.77820961900173,171.37294006347656,170.53867136406922,171.37294006347656,148318900
2014-12-23,171.95114151074378,172.0007002789563,171.31510790944475,171.60421752929688,122167900
2014-12-24,171.82724606982146,172.091563703884,171.5794396226657,171.62074279785156,42963400
2014-12-26,172.06670184119687,172.51275575305792,172.01714309631308,172.17408752441406,57326700
2014-12-29,171.99240432314073,172.61191398833196,171.92632177971223,172.40541076660156,79643900
2014-12-30,171.98423054334367,172.11638308910827,171.40601116427862,171.48036193847656,73540800
2014-12-31,171.80245910013662,171.96765918962677,169.65482012488775,169.77871704101562,130333800
2015-01-02,170.47257341496748,170.8855799305739,168.6553346631324,169.68785095214844,121465900
2015-01-05,168.6470505972124,168.81225065477216,166.31770079651972,166.62332153320312,169632600
2015-01-06,166.92899586962346,167.44938819178975,164.26097690167924,165.053955078125,209151400
2015-01-07,166.37558176833852,167.44940147841223,165.92954017391855,167.11073303222656,125346700
2015-01-08,168.51491617689666,170.2908517797395,168.4984049909054,170.07608032226562,147217800
2015-01-09,170.48904203900992,170.50556582461752,168.10186547890984,168.71311950683594,158567300
2015-01-12,168.84528539651083,169.00222985064968,166.78850891492957,167.39149475097656,144396100
2015-01-13,168.60574554907672,169.72912357347792,165.62383853897953,166.92068481445312,214553300
2015-01-14,164.91351297227266,166.11124206931527,164.0214299016989,165.91299438476562,192991100
2015-01-15,166.54900663505038,166.86288300701946,164.27747086579527,164.3931121826172,176613900
2015-01-16,164.18659841874955,166.70594044959492,164.00487456052744,166.5489959716797,211879600
2015-01-20,167.18503146744484,167.44936168573867,165.3430259480595,166.90419006347656,130991100
2015-01-21,166.44155676464086,168.22574719709152,165.97899167562477,167.7466583251953,122942700
2015-01-22,168.49836906255456,170.37340919341256,167.12718468012818,170.2412567138672,174356000
2015-01-23,169.98521597655784,170.24129060330148,169.17572673589194,169.30789184570312,117516800
2015-01-26,169.09314984264265,169.7952534260455,168.3827780615787,169.7043914794922,92009700
2015-01-27,167.6558760859974,168.60578608771726,166.63988352531175,167.4658966064453,134044600
2015-01-28,168.64708417164115,168.74620170511815,165.12827308965936,165.31825256347656,168514300
2015-01-29,165.51649304484636,167.10243653138437,164.1122608271368,166.84637451171875,173585400
2015-01-30,165.67340346122168,166.99501645954078,164.4839429399654,164.74826049804688,197729700
2015-02-02,165.24390342208943,166.87940563546837,163.4349329327051,166.78854370117188,163107000
2015-02-03,167.68065470962785,169.20878394437813,167.3089513455954,169.2005157470703,124212900
2015-02-04,168.4405873095906,169.64657196321926,168.101918918727,168.5562286376953,134306700
2015-02-05,169.2170253881554,170.40648613676643,169.14268724235677,170.25779724121094,97953200
2015-02-06,170.62127129310568,171.18296677943948,169.26661025471967,169.78700256347656,125672000
2015-02-09,169.1426798861956,169.86130713891177,168.622287680321,169.02703857421875,87219000
2015-02-10,170.05951193306993,171.08375969418503,169.06828653282952,170.82769775390625,96164200
2015-02-11,170.66256225237188,171.35641021173268,170.01827306097127,170.9268798828125,91087800
2015-02-12,171.71977982609982,172.62839883835463,170.9598496540111,172.57057189941406,97545900
2015-02-13,172.69454368851316,173.33056462266381,172.43846907159076,173.281005859375,93670400
2015-02-17,172.9670836873572,173.7270265917829,172.71928991847454,173.55355834960938,76968200
2015-02-18,173.18188702097638,173.64445228011232,172.91755681349412,173.5701141357422,80652900
2015-02-19,172.9753766774431,173.80964522816615,172.83495598696246,173.44619750976562,91462500
2015-02-20,173.03319335975746,174.56132239525118,172.4136836324964,174.4869842529297,140896400
2015-02-23,174.2391617104285,174.46218872070312,173.85919023381086,174.46218872070312,74411100
2015-02-24,174.38787367741764,175.15607237940614,174.09050847083483,174.95782470703125,72472300
2015-02-25,174.8338461444413,175.31293500931721,174.47039855012488,174.80906677246094,73061700
2015-02-26,174.7182566612815,174.87520113297848,173.99961684898244,174.6026153564453,72697900
2015-02-27,174.50350429733115,174.76783451094943,173.95834528867053,174.00790405273438,108076000
2015-03-02,174.10704020970294,175.1643359693863,174.0574814403365,175.1065216064453,87491400
2015-03-03,174.67698803921306,175.15607714083993,173.52883035557673,174.38787841796875,110325800
2015-03-04,173.79310011661133,173.86745085276726,172.68624591289165,173.65267944335938,114497200
2015-03-05,173.97478855966102,174.12347739776735,173.33876786384678,173.84263610839844,76873000
2015-03-06,172.98366399574914,173.41319434208773,171.067320134475,171.39772033691406,188128000
2015-03-09,171.59598437672534,172.46328814178636,171.43903985422142,172.1081085205078,89818900
2015-03-10,170.74514307546252,170.82773680839537,169.27482842335175,169.31613159179688,157121300
2015-03-11,169.57216126199876,169.74562949481395,168.83701037807722,168.91961669921875,110145700
2015-03-12,169.54738756835224,171.13333067656885,169.49782881558852,171.0672607421875,93993500
2015-03-13,170.7947190412468,171.75288458432593,168.98574847515465,170.0182647705078,162410900
2015-03-16,170.74518487235875,172.38068739069163,170.04306864879194,172.28982543945312,136099200
2015-03-17,171.55465239072544,172.1576383881858,170.96817757941653,171.77767944335938,94510400
2015-03-18,171.3067711027498,174.51170436999337,170.67073780298216,173.84263610839844,228808500
2015-03-19,173.42966934545456,173.850931375652,172.66147081514595,173.04969787597656,117917300
2015-03-20,173.9963762827,175.08328115532012,173.81384128696973,174.57716369628906,177715100
2015-03-23,174.5854872808226,175.15798235498923,174.2370147705078,174.2370147705078,71784500
2015-03-24,174.11257043384242,174.5688953590549,173.191602819688,173.2579803466797,77805300
2015-03-25,173.46540362154204,173.69771863356073,170.67761081709924,170.71908569335938,159521700
2015-03-26,170.0553560026632,171.22522364528578,169.358398223387,170.31256103515625,153067200
2015-03-27,170.1963970468826,170.8767445914697,170.00555689564965,170.7025146484375,118939000
2015-03-30,171.73135707604655,173.0837725574656,171.71477218612802,172.7850799560547,96180400
2015-03-31,171.96367717248643,172.66063503633413,171.2169519772045,171.2750244140625,126768700
2015-04-01,171.24174538987097,171.26663537166056,169.68190567657894,170.66925048828125,137303600
2015-04-02,170.60294970108774,171.73134247042432,170.4204146457377,171.28330993652344,86900900
2015-04-06,170.39548636758687,172.950963908092,170.26274398824668,172.43655395507812,114368200
2015-04-07,172.46143685403993,173.20816176547933,171.94702692216907,171.98020935058594,81236300
2015-04-08,172.20425493830373,173.0007599290921,171.81429488606952,172.56101989746094,89351900
2015-04-09,172.3950959634002,173.5566711080269,171.90557591389464,173.32435607910156,85548900
2015-04-10,173.57327279212356,174.31170543599447,173.37415285413942,174.2702178955078,72722900
2015-04-13,174.12914439239796,174.75972452913572,173.4321993930522,173.4819793701172,74436600
2015-04-14,173.2828505371855,173.9963930455423,172.66057553548654,173.81385803222656,75099900
2015-04-15,174.27848786713062,175.09988276617088,174.19551280288417,174.59376525878906,99529300
2015-04-16,174.26195705390805,175.05016982521738,174.06282441959135,174.54405212402344,68934900
2015-04-17,173.35758646133294,173.59819398304518,171.75625826434415,172.5361785888672,191113200
2015-04-20,173.4571243470922,174.4444696253035,173.37416192199962,174.1125946044922,92189500
2015-04-21,174.79293925483387,174.95058431814448,173.60647404818283,173.90516662597656,72559800
2015-04-22,174.24532765331014,174.94228541591448,173.324359960795,174.75975036621094,78264600
2015-04-23,174.3615033079398,175.84667385227195,174.2453457787927,175.1995086669922,102585900
2015-04-24,175.6143536888242,175.87155873444283,175.1580160303617,175.60604858398438,61327400
2015-04-27,176.17024581984043,176.2946957863419,174.685075365081,174.87591552734375,79358100
2015-04-28,174.8509600433508,175.48152740447884,173.68108015553585,175.43174743652344,86863500
2015-04-29,174.54402602905753,175.30734868948554,173.9051659940532,174.70997619628906,125684900
2015-04-30,174.13749290674085,174.52745303792176,172.26236223504856,172.95932006835938,161304900
2015-05-01,173.73917105110024,174.87586863463142,173.63961110459596,174.83438110351562,103399700
2015-05-04,175.25751647959154,175.91298652826424,175.1496640952936,175.3321990966797,70927200
2015-05-05,175.09162144791608,175.44839909533542,173.183308572984,173.32435607910156,113326200
2015-05-06,173.87195706754807,174.17894206411373,171.5487941735033,172.61080932617188,135060200
2015-05-07,172.5112411819484,173.722608883763,172.17936621005825,173.29945373535156,88244900
2015-05-08,174.9671305995728,175.7802330107883,174.8841555399682,175.5811004638672,155877300
2015-05-11,175.5396205318406,175.8051179265287,174.66843307198297,174.74310302734375,75708100
2015-05-12,173.91342824033026,174.75972583742453,173.09202063195485,174.2204132080078,119727600
2015-05-13,174.62697884122056,175.2492539083147,174.02130132077684,174.2536163330078,94667900
2015-05-14,175.26586853292397,176.16194623607984,174.99206595749692,176.0706787109375,95934000
2015-05-15,176.26148986816406,176.40253736481634,175.7802622947641,176.26148986816406,76510100
2015-05-18,176.09550910230482,177.05795135234536,176.02913159192002,176.80905151367188,74549700
2015-05-19,176.92529548891795,177.19909810553395,176.46895779455798,176.7510528564453,72114600
2015-05-20,176.85058157999936,177.37329672479893,176.31128154758866,176.62657165527344,76857500
2015-05-21,176.48550322428738,177.34838570588087,176.31955308609574,177.14096069335938,64764600
2015-05-22,176.75930935079924,177.17415941398292,176.65145694332057,176.71783447265625,57433500
2015-05-26,176.22831309072097,176.65146828487644,174.40297522756453,174.8178253173828,124308600
2015-05-27,175.2741711023209,176.70954893500715,174.86761343770593,176.47723388671875,93214000
2015-05-28,176.1701958658901,176.38591330006497,175.58940841986788,176.27806091308594,74974600
2015-05-29,176.21167855992059,176.25315342904204,174.9173486699629,175.18284606933594,124919600
2015-06-01,175.84665786635355,176.17853287368334,174.75144755376922,175.5396728515625,93338800
2015-06-02,175.0833529472345,176.05410073518627,174.46107775032527,175.36544799804688,91531000
2015-06-03,175.8964251361335,176.45232269634687,175.34052757592013,175.83004760742188,87820900
2015-06-04,175.1248145661451,175.78027210602187,174.0296043048185,174.3448944091797,151882800
2015-06-05,174.1955130192715,174.71822807219536,173.39070300390694,174.04617309570312,121704700
2015-06-08,173.93831567945017,174.08766826979198,172.90119063064117,172.97586059570312,89063300
2015-06-09,172.9509735107422,173.49028614130725,172.32040602815917,172.9509735107422,105034700
2015-06-10,173.71431032637201,175.40690566336218,173.65623790120128,175.02523803710938,134551300
2015-06-11,175.46495390674622,175.971071417342,175.23263891764168,175.58941650390625,73876400
2015-06-12,174.7680612814801,175.46500645752488,173.9715434658424,174.24534606933594,135382400
2015-06-15,173.1086208896227,173.78067591599498,172.40337077095992,173.4985809326172,124384200
2015-06-16,173.34926288666625,174.52744835364663,173.17503292818068,174.44447326660156,85308200
2015-06-17,174.7265625,175.33225276281615,173.70603479640596,174.7265625,126708600
2015-06-18,175.32391899123522,177.00820911307417,174.75972902303343,176.5435791015625,165867900
2015-06-19,176.30179312772805,176.37682630299184,175.38467857961558,175.75985717773438,130478700
2015-06-22,176.67701763935042,177.24395207329624,176.4519053332587,176.66033935546875,70696000
2015-06-23,176.8687332929665,177.1188566072924,176.39351044536755,176.7853546142578,68476800
2015-06-24,176.5185779533559,176.89375658989982,175.47640800639996,175.5014190673828,92307300
2015-06-25,176.00167167480106,176.12672698393885,174.89280128717357,174.96783447265625,97107400
2015-06-26,175.3263076494394,175.56809817200963,174.384194782506,174.93446350097656,104174800
2015-06-29,173.45876660249095,174.94281557284336,171.19100380518373,171.2660369873047,202621300
2015-06-30,172.8000848380619,172.85011967454733,171.1492914444219,171.62452697753906,182925100
2015-07-01,173.1919998852783,173.44212326454112,172.2165301557765,173.000244140625,135979900
2015-07-02,173.47545965044043,173.6422043099479,172.4249441241193,172.84181213378906,104373700
2015-07-06,171.55785267148914,173.1252676311306,171.35775146051736,172.3498992919922,117975400
2015-07-07,172.5499731339721,173.55878636499753,170.17382092755489,173.43373107910156,173820200
2015-07-08,172.09976241238823,172.3832295642684,170.29055704167047,170.5240020751953,164020100
2015-07-09,172.61668341636218,172.87515224406943,170.72411199229873,170.83248901367188,144113100
2015-07-10,172.82515438619453,173.40043434338125,170.87421492236402,172.9835662841797,129456900
2015-07-13,174.24250913650008,175.00119930594377,174.20081978785296,174.892822265625,106069400
2015-07-14,174.85115541311302,175.96002607641583,174.79278777313695,175.6515350341797,81709600
2015-07-15,175.6931533625977,176.15171062773106,175.11787358650312,175.59310913085938,97914100
2015-07-16,176.6436688574949,177.00218200683594,176.40189097866778,177.00218200683594,106683300
2015-07-17,176.99382504937782,177.21060456995625,176.58530251623148,177.15223693847656,89030000
2015-07-20,177.37734308080402,177.73584347269255,176.92713121534828,177.2439422607422,70446800
2015-07-21,177.1105134144091,177.3689822330543,176.24343366482006,176.5435791015625,77965000
2015-07-22,175.85988456258156,176.56023229667733,175.8265407284811,176.2267303466797,88667900
2015-07-23,176.36018313968574,176.4602273932913,174.87613400945932,175.23463439941406,90509100
2015-07-24,175.3346636099752,175.3930185080703,173.08357920770112,173.4170684814453,117755000
2015-07-27,172.53330165520254,173.04188104088917,171.9663546525979,172.40823364257812,132361100
2015-07-28,173.24194921997795,174.66764297743268,172.41655895358676,174.52590942382812,123544800
2015-07-29,174.65102063440906,175.95164681042806,174.50928703541234,175.72654724121094,105791300
2015-07-30,175.21788937011775,175.9349025466358,174.60092040183125,175.76815795898438,91304400
2015-07-31,176.26845462172625,176.2934656827091,175.21795189504306,175.5014190673828,103266900
2015-08-03,175.4680839189179,175.52643882350162,173.9590110746571,174.9094696044922,113965700
2015-08-04,174.8344463902207,175.293003760113,174.08408903716236,174.56765747070312,81820800
2015-08-05,175.45970953616686,176.17672288604265,174.8594186980476,175.1428985595703,85786800
2015-08-06,175.32628370010627,175.43467341761115,173.12522184868564,173.70884704589844,116030800
2015-08-07,173.55051743255973,173.70058383084157,172.47499069099115,173.37542724609375,117858000
2015-08-10,174.4842726082692,175.64316516294912,174.4842726082692,175.55979919433594,80270700
2015-08-11,174.22583137864711,174.64269942277045,173.2170051142753,173.9757080078125,126081400
2015-08-12,172.67505252000194,174.36753547494192,171.2160146125157,174.18411254882812,172123700
2015-08-13,174.025685828599,174.7093553533563,173.42539498015836,173.9673309326172,89383300
2015-08-14,173.77557948836994,174.67601584894675,173.63384590223302,174.60098266601562,72786500
2015-08-17,174.00906187998444,175.57647705078125,173.55050449419164,175.57647705078125,79072600
2015-08-18,175.301331420975,175.65149902362893,174.83444128410312,175.06788635253906,71692700
2015-08-19,174.32583589007928,175.09287138975742,172.87514356925766,173.68386840820312,172946000
2015-08-20,172.1748281472573,173.65887730749114,169.99877653472075,170.05714416503906,194327900
2015-08-21,168.18956903137342,170.03213129099785,164.67954740121536,164.93800354003906,346588500
2015-08-24,156.31716098493249,164.64617515076566,152.07343524562975,157.9929656982422,507244300
2015-08-25,162.937051181498,162.953729466756,155.8419610598146,156.13377380371094,369833100
2015-08-26,160.1440002975013,162.4034175624489,157.0508343737949,162.1282958984375,339257000
2015-08-27,164.2626591901485,166.26362036631141,162.75359916753715,166.13856506347656,274143900
2015-08-28,165.49659854882236,166.61380175279606,165.0130301347587,166.14691162109375,160414400
2015-08-31,165.17142653523922,166.02184075075263,164.25431191833255,164.80458068847656,163298800
2015-09-01,161.01111043486603,162.38678262332616,159.01848167867516,159.8855743408203,256000400
2015-09-02,162.2616905798971,162.96203846399754,160.4274739883416,162.92034912109375,160269300
2015-09-03,163.62897835613708,165.12137251517248,162.54513202783446,163.0370330810547,152087800
2015-09-04,160.78599337005926,161.62806215377893,159.75215614582967,160.5692138671875,207081000
2015-09-08,163.36224883448918,164.75458655536866,162.72026849359887,164.60450744628906,116025700
2015-09-09,166.18030968579984,166.305365030235,162.03663964944573,162.40347290039062,149347700
2015-09-10,162.21162888709986,164.42936908185118,161.9531728346661,163.2871551513672,158611100
2015-09-11,162.89535429755907,164.09593625077846,162.18667356295515,164.02923583984375,119691200
2015-09-14,164.2042918267338,164.25431394794666,162.93700962820373,163.4205780029297,79452000
2015-09-15,163.92082498705662,165.90512061114862,163.37890171043026,165.46324157714844,113806200
2015-09-16,165.76339385199034,167.08903100857285,165.4215590465416,166.8972625732422,99581600
2015-09-17,166.7638853009481,169.1567036506817,166.14691605513212,166.5220947265625,276046600
2015-09-18,164.01877931187536,166.50783687324343,163.39022645170527,163.80087280273438,223657500
2015-09-21,164.63054336180713,165.669742422647,163.59972040089897,164.64730834960938,105726200
2015-09-22,162.4851128142571,162.97119523935484,161.37885361480554,162.51025390625,153890900
2015-09-23,162.67785382616628,163.1471712270909,161.67217185447925,162.2504425048828,92790600
2015-09-24,161.0351893936544,162.1246832489856,159.70266079859564,161.6637420654297,159378800
2015-09-25,163.1220430473588,163.42374894153775,160.7503019768851,161.6219024658203,155054800
2015-09-28,160.72509511724047,160.83404833075986,157.25548514789057,157.56556701660156,178515900
2015-09-29,157.78352463470284,159.0154891991918,156.66050053114188,157.65780639648438,159045600
2015-09-30,159.5434342791708,160.7670225082803,158.76403506104677,160.5994110107422,163452000
2015-10-01,160.97660282342954,161.32021483947682,159.08256786590152,161.0185089111328,131079000
2015-10-02,159.04067627959884,163.44892344595866,158.49592266567052,163.4237823486328,211003300
2015-10-05,164.64734619822048,166.55814603288178,164.53839293436835,166.3318634033203,126320800
2015-10-06,166.19776314261216,166.75926885770076,165.09989280505525,165.761962890625,110274500
2015-10-07,166.6922352386378,167.47164753708097,165.50217653537078,167.11965942382812,124307300
2015-10-08,166.7341111939089,168.9130994493407,166.43240532450972,168.62815856933594,153055200
2015-10-09,168.77058954139574,169.20637686021877,168.1001307897503,168.7286834716797,107069200
2015-10-12,168.8041578059088,169.089098705504,168.37674645651603,168.88796997070312,56395600
2015-10-13,168.158770307759,169.4242644172241,167.6559358910424,167.82354736328125,88038700
2015-10-14,167.76487912609082,168.34314958475105,166.7256803080332,167.0189971923828,99106200
2015-10-15,167.68114875415054,169.59194848911545,167.31239568460623,169.5835723876953,134142200
2015-10-16,169.9857850193439,170.37129016102787,169.22313804661948,170.3545379638672,114580100
2015-10-19,169.7092526096829,170.43836975097656,169.3991706600181,170.43836975097656,76523900
2015-10-20,170.00261102800798,170.8322926630684,169.7511873130431,170.2205047607422,78448500
2015-10-21,170.6395196068124,170.79036614497844,168.9968959484565,169.16452026367188,102038000
2015-10-22,170.11158449985703,172.2319023153456,169.16457331916388,172.0223846435547,174911700
2015-10-23,173.69011103451444,174.27675782662064,172.89394661751743,173.9080047607422,144442300
2015-10-26,173.73201452401705,173.79067280838166,173.1118377599379,173.4805908203125,69033000
2015-10-27,172.81013461050176,173.48059356835412,172.46652263626052,173.14537048339844,77905800
2015-10-28,173.48060264294352,175.1399787397741,172.8185325397445,175.11483764648438,135906700
2015-10-29,174.61198147797265,175.3830047490535,174.49465212776337,175.01425170898438,90525500
2015-10-30,175.20698758913662,175.52545841839262,174.10074136256867,174.2599639892578,131076900
2015-11-02,174.58682573847673,176.514377360471,174.46110751012557,176.32162475585938,86270800
2015-11-03,175.96967410022543,177.3860153733307,175.74339147149564,176.8328857421875,95246100
2015-11-04,177.12618784722594,177.25189329467037,175.76012897461092,176.29649353027344,96224500
2015-11-05,176.3551573584658,176.8160986601643,175.23214603282946,176.12049865722656,78408700
2015-11-06,175.77687892154736,176.2629612566358,174.70414990202073,176.02828979492188,110471500
2015-11-09,175.4165194582403,175.56737878519792,173.43867273416632,174.3856964111328,131008700
2015-11-10,173.9080329189441,174.82153963021315,173.63985696539157,174.7880096435547,75874600
2015-11-11,175.05615355217398,175.10643573134107,174.03370661597697,174.1007537841797,67846000
2015-11-12,173.0615183821333,173.53083570794695,171.6535664046923,171.67031860351562,121315200
2015-11-13,171.25967005237672,171.5278458972901,169.6589527183827,169.7427520751953,153577100
2015-11-16,169.55838346146123,172.38267618416583,169.44104134703582,172.32400512695312,117645200
2015-11-17,172.63416454297757,173.51412842756272,171.7039056813815,172.1983642578125,121123700
2015-11-18,172.67603876700397,175.07292088872342,172.6341454727028,174.93045043945312,121342500
2015-11-19,174.81313450517308,175.1986525882852,174.48628749929313,174.7796173095703,88220500
2015-11-20,175.53378743741195,176.09529289401104,175.03932912624884,175.4164581298828,94011500
2015-11-23,175.4751928567913,175.97802744813458,174.75445176671988,175.21539306640625,64931200
2015-11-24,174.20967417883455,175.8522976407663,173.82416899099331,175.4500274658203,98874400
2015-11-25,175.5757580407517,175.77689955099623,175.16509891948007,175.42491149902344,51980100
2015-11-27,175.5170995987319,175.8271943811606,175.03940606095202,175.6260528564453,37317800
2015-11-30,175.78527952413694,175.90260887737918,174.78797362760773,174.8969268798828,112822700
2015-12-01,175.52549796832068,176.68203941900245,175.24893315237756,176.564697265625,97858400
2015-12-02,176.51442766375988,176.83289858748088,174.51143941876535,174.7628631591797,108441300
2015-12-03,175.01424632913574,175.28242221225327,171.59491750079425,172.31565856933594,166224200
2015-12-04,172.3156725330037,175.96966035065273,172.3156725330037,175.67633056640625,192913900
2015-12-07,175.34944691037563,175.76848206425177,173.64816520867367,174.61195373535156,102027100
2015-12-08,173.05318491064102,174.56170160436466,172.45814921945004,173.43869018554688,103372400
2015-12-09,172.8017816397177,174.8885692805868,171.11725152428724,172.08941650390625,162401500
2015-12-10,172.1564097185433,173.84092651795578,171.92175104363824,172.53353881835938,116128900
2015-12-11,170.42164670400737,171.0837167933455,168.8795872161852,169.18968200683594,211173300
2015-12-14,169.34893777928676,170.17024341333217,167.57221935379252,170.04452514648438,182385200
2015-12-15,171.55304028445954,172.7347228377243,170.01936963216863,171.82960510253906,154069600
2015-12-16,172.95258061456695,174.64548636656923,171.63681676475792,174.34378051757812,197017000
2015-12-17,174.65386687143496,174.72091403822824,171.6703382828012,171.68710327148438,173092500
2015-12-18,170.94690416829022,171.08178369521318,168.46831115642496,168.6284942626953,251393500
2015-12-21,169.8003255285047,170.19656384250655,168.6874827238922,170.01951599121094,99094300
2015-12-22,170.9047174300948,171.85737707901342,169.91834112162374,171.5623016357422,111026200
2015-12-23,172.5655446669815,173.72896882744485,172.47280777210335,173.6868133544922,110987200
2015-12-24,173.43390652848993,173.94817246379162,173.18098653564485,173.40017700195312,48539600
2015-12-28,172.70889178931722,173.0461099010935,171.93327984099471,173.00396728515625,65899900
2015-12-29,174.09997460624697,175.17908826127268,174.06625793254906,174.8502960205078,92640700
2015-12-30,174.6058079314911,174.69011890851283,173.46767406194292,173.61099243164062,63317700
2015-12-31,172.93649841504953,173.57721788903368,171.87423706054688,171.87423706054688,114877900
2016-01-04,169.0247378144135,169.47998356786456,167.42291956654066,169.4715576171875,222353500
2016-01-05,169.7919106364143,170.2134397222684,168.6537898230363,169.75819396972656,110845800
2016-01-06,167.21214413008352,168.6622051229766,166.58828935540473,167.6168212890625,152112600
2016-01-07,164.67455717559412,166.45341046435007,163.2076312994672,163.59544372558594,213436100
2016-01-08,164.5564702376845,165.1128915278234,161.51303076555442,161.79966735839844,209817200
2016-01-11,162.71860109243212,163.0558319717789,160.02925718988166,161.95985412597656,187941300
2016-01-12,163.40155500404893,164.01698392014976,161.14215222113893,163.26666259765625,172330500
2016-01-13,163.93268573198264,164.27834272629687,158.81532848192018,159.1947021484375,221168900
2016-01-14,159.80171165185732,162.92945090371774,158.20833189652004,161.8081817626953,240795600
2016-01-15,157.4579876827775,159.13566531111854,156.40416490555924,158.3347625732422,324846400
2016-01-19,160.14736603081948,160.27381963470282,156.97745847695202,158.54554748535156,195244400
2016-01-20,155.9909953751776,158.07334932609,152.61033797531212,156.51368713378906,286547800
2016-01-21,156.98580824517373,159.2283323543087,155.6622012430965,157.39047241210938,195772900
2016-01-22,159.99557812528212,160.82177152815098,159.23683091955206,160.61944580078125,168319600
2016-01-25,160.11362383775347,160.30752363639772,157.9975522277229,158.1914520263672,130371700
2016-01-26,158.84902781199466,160.62788116564204,158.51180967058326,160.34967041015625,141036800
2016-01-27,159.82695436366987,161.49620578116728,157.70244437337146,158.60452270507812,185681700
2016-01-28,160.14732966105083,160.3496553813156,157.78676430027338,159.43072509765625,143798800
2016-01-29,160.19791755880993,163.45212261959614,160.07988992920824,163.31723022460938,210529300
2016-02-01,162.3139123433442,164.04218335438827,161.73220042052074,163.2581329345703,136061600
2016-02-02,161.8334403978046,161.84186634784507,159.79322845197512,160.31593322753906,182564900
2016-02-03,161.36974495700076,161.68167232000985,157.73616680805867,161.27700805664062,205054900
2016-02-04,160.77961654673646,162.49944941735478,160.14732296923702,161.52993774414062,139531800
2016-02-05,161.0156624789085,161.58893578129417,157.8204652481133,158.4527587890625,180788300
2016-02-08,156.61493026107567,156.9099929217756,154.1110463004901,156.31985473632812,191526700
2016-02-09,154.5831537838088,157.60130371702277,154.44826138293897,156.32827758789062,184513100
2016-02-10,157.1544756864922,158.7815717708362,156.06692344935064,156.19338989257812,148214100
2016-02-11,153.72325766393695,155.20704860463027,152.66943471812618,154.16165161132812,219058900
2016-02-12,155.93207520421836,157.3568329836755,155.08901686974585,157.33998107910156,127632400
2016-02-16,159.14410602685712,160.02088092779238,158.18302015711848,159.99559020996094,120250700
2016-02-17,161.15900869027703,162.98001749067555,161.03254224177735,162.60906982421875,136009500
2016-02-18,162.8788033190904,162.9378235539374,161.6310810787867,161.94300842285156,102343000
2016-02-19,161.16743240085756,162.01891654044448,160.56042947582927,161.86717224121094,114793000
2016-02-22,163.44369040940836,164.3541948162909,163.37624420918957,164.21087646484375,103640300
2016-02-23,163.55327913205167,163.82306391154782,162.01890714277164,162.13694763183594,111455300
2016-02-24,160.71216217133053,163.1570254008844,159.60775817044836,162.87881469726562,150812200
2016-02-25,163.32567486757412,164.86004709204892,162.56692757101848,164.8516082763672,110728300
2016-02-26,165.71996446159756,165.81268851853963,164.3120458800102,164.47222900390625,129833700
2016-02-29,164.48899302138926,165.43321355564552,162.98835130200058,163.1822509765625,125918100
2016-03-01,164.4047791383236,167.1025757382741,163.93266859254652,167.0182647705078,141799700
2016-03-02,166.70632132039938,167.81915137646766,166.29321820053025,167.76856994628906,102415000
2016-03-03,167.5915456709263,168.44304274563157,167.0182722294656,168.42617797851562,95172200
2016-03-04,168.6200839320446,169.7497918171889,167.79389040987522,168.9741668701172,129293600
2016-03-07,168.05521656875482,169.5137165001027,167.97934441899835,169.10903930664062,100219000
2016-03-08,168.03839660932854,168.54422390123773,167.1026013256396,167.2627716064453,123974900
2016-03-09,168.07209397322683,168.43460284757697,167.288043107976,168.08895874023438,94801200
2016-03-10,168.57797282143812,169.51376821272046,166.4028804832129,168.223876953125,156838700
2016-03-11,169.67381352881603,170.98055573268763,168.20690114370575,170.9384002685547,137964500
2016-03-14,170.43263212624063,171.17451452211145,170.1038399749677,170.71926879882812,73612000
2016-03-15,169.75818029203575,170.74455672977479,169.49683433811077,170.44105529785156,93169100
2016-03-16,169.9604860968941,171.83207575554053,169.9183306270241,171.42739868164062,129303200
2016-03-17,171.34317934497128,173.02085718598437,170.94694090138395,172.51502990722656,134278500
2016-03-18,173.01492535802336,173.53184366636853,172.7013891962115,173.19288635253906,138372400
2016-03-21,172.93022360575443,173.66746300768244,172.70142026604074,173.43865966796875,72926700
2016-03-22,172.66753124752051,173.91321974650177,172.5065348857441,173.345458984375,97471900
2016-03-23,172.96415303947393,173.1505835166322,172.03200065368247,172.2014923095703,81052500
2016-03-24,171.1761376031501,172.15913238773123,170.95581653642625,172.12522888183594,84360900
2016-03-28,172.54040388108646,172.7522554642158,171.77774335397856,172.22686767578125,62408200
2016-03-29,171.82012757996412,173.93017430072314,171.51506073997965,173.82000732421875,92922900
2016-03-30,174.81989904080604,175.3029138438038,174.21823495839973,174.58262634277344,86365300
2016-03-31,174.48943875381522,174.91314191454202,173.99794153572478,174.15895080566406,94584100
2016-04-01,173.16749404386812,175.5317520880499,172.85394489943778,175.34532165527344,114423500
2016-04-04,175.2690546011857,175.47243677743458,174.47249057387086,174.77755737304688,63497000
2016-04-05,173.43865755883377,174.78603056334993,172.7776816347166,173.0319061279297,99662200
2016-04-06,173.03187289015037,174.9809097231996,172.85391189996736,174.9215850830078,91839800
2016-04-07,173.83698339286025,174.19289260089965,172.09979733687882,172.8285675048828,113859000
2016-04-08,174.00638903997393,174.43857448496388,172.76070086981346,173.29457092285156,95040600
2016-04-11,173.9301694457003,174.62504892364467,172.79464793483095,172.8878631591797,83757500
2016-04-12,173.05736677253682,174.77760103557026,172.6167117457782,174.49795532226562,115350600
2016-04-13,175.41310699169452,176.34525910921872,175.2775188781648,176.26051330566406,96336400
2016-04-14,176.31980664735522,176.76893087958223,175.92152471607588,176.26895141601562,65212900
2016-04-15,176.2690270780215,176.40461522567665,175.752108579184,176.07412719726562,75761600
2016-04-18,176.07407569837335,177.34518511746666,175.41309983487633,177.31129455566406,82531000
2016-04-19,177.73498452482514,178.12478414344164,177.05705696546582,177.8705596923828,88316100
2016-04-20,177.9129813720752,178.7349666619935,177.43843582952366,178.04010009765625,81100300
2016-04-21,178.057001050569,178.16716800323152,176.8113128010852,177.08248901367188,85695000
2016-04-22,176.72657993244698,177.35365229586503,176.18424043766717,177.08248901367188,99251700
2016-04-25,176.48082268141187,176.81979294293484,175.87068914106388,176.7774200439453,66166500
2016-04-26,177.1417847029803,177.54854898506105,176.56555469895437,177.04010009765625,75864200
2016-04-27,176.6588192206628,177.79434073179453,176.3029100722661,177.404541015625,77329400
2016-04-28,176.65030689544608,177.7519246407792,175.37919756123753,175.79441833496094,97216200
2016-04-29,175.17580955389846,175.5232491969226,173.74369101639257,174.84532165527344,142424100
2016-05-02,175.34534331077683,176.41307079640367,174.91317067072708,176.23512268066406,62188000
2016-05-03,175.0063607445574,175.24363348503738,173.95557222929278,174.7012939453125,106422100
2016-05-04,173.70977627624188,174.43854601924568,173.2267486060506,173.72671508789062,92243800
2016-05-05,174.1928224068987,174.54873147151844,173.2691527203575,173.69285583496094,67619200
2016-05-06,172.9217325732904,174.37080307810095,172.76920564141264,174.32843017578125,89315000
2016-05-09,174.20132510208984,174.90466097577874,174.0233640837867,174.4724884033203,74374900
2016-05-10,175.1758515148401,176.65881271037375,175.1080574513968,176.64186096191406,77472200
2016-05-11,176.18424108823578,176.7180982468476,174.98939514160156,174.98939514160156,81727000
2016-05-12,175.65887101006464,175.82836263828253,174.03185223626025,175.04026794433594,89586300
2016-05-13,174.74367267247877,175.29448163900955,173.1929174688306,173.51492309570312,96474600
2016-05-16,173.68442685674904,175.70124535905617,173.62510220030677,175.22669982910156,77486800
2016-05-17,174.95551118991153,175.2436262299386,173.06578582235952,173.5911865234375,114924900
2016-05-18,173.24379248276094,174.81996914050632,172.55739526461974,173.64207458496094,120062100
2016-05-19,172.92175363194215,173.32850509687862,171.8370744385142,173.04039001464844,115430500
2016-05-20,173.65048663677024,174.6504327323409,173.5996443307976,174.13351440429688,104990400
2016-05-23,174.15046704320636,174.4301126786471,173.7098250695369,173.89625549316406,58682600
2016-05-24,174.7097415792183,176.46387868885245,174.6843204266491,176.15032958984375,93537800
2016-05-25,176.82828119514468,177.76043335068047,176.1503535302454,177.34519958496094,76621400
2016-05-26,177.48081820927177,177.7096215832107,177.0825361225769,177.3960723876953,55280700
2016-05-27,177.55704249760646,178.16717607316846,177.50620018804196,178.15870666503906,64211200
2016-05-31,178.42989685111044,178.54006382536642,177.2604718333041,177.81976318359375,109879400
2016-06-01,177.20961797158864,178.36209116510832,177.0147181247832,178.18414306640625,69936200
2016-06-02,177.78586458863467,178.74342502410155,177.31131907541297,178.7264862060547,63044700
2016-06-03,178.16720579410213,178.5400667002992,176.98931134792298,178.192626953125,101757100
2016-06-06,178.54851283883448,179.45524382712608,178.38750356574386,179.09933471679688,64887000
2016-06-07,179.25184625873365,179.9382432647417,179.22642510520694,179.3789520263672,60974800
2016-06-08,179.5145293053772,180.09077225481346,179.38742354540955,179.96365356445312,66170900
2016-06-09,179.23488301978054,179.83654711891666,178.9637197560857,179.71791076660156,73786900
2016-06-10,178.3451363787507,178.6840937280972,177.47229598991518,178.0146484375,113829200
2016-06-13,177.41300388688646,178.26887969336636,176.55712808040656,176.64186096191406,117751200
2016-06-14,176.26055828070614,176.88764376799406,175.34535767644707,176.29444885253906,125059300
2016-06-15,176.29441769806408,177.413000326839,175.86224509898022,176.04867553710938,109124500
2016-06-16,176.04866312222205,176.74354251177266,174.21826236624872,176.5740509033203,149533100
2016-06-17,176.47017740743334,176.49573076917162,175.26060396047285,175.91650390625,117055700
2016-06-20,177.8755912887902,178.5485178186072,176.96414516867182,177.04933166503906,82789600
2016-06-21,177.43270284148394,177.96082289803414,176.98975631147866,177.5519561767578,72461700
2016-06-22,177.73083125459377,178.4548777236498,177.1175246684293,177.26234436035156,95560500
2016-06-23,178.7189417271232,179.62186172192614,178.2589682760942,179.5707550048828,102731400
2016-06-24,173.4547347208247,179.6048273711775,172.67958155075527,173.12252807617188,333444400
2016-06-27,171.71705772062828,171.72558417299607,169.21272428096913,170.02195739746094,230775800
2016-06-28,171.6233504543078,173.11402381972314,171.31669712780246,173.08847045898438,159382400
2016-06-29,174.48539942212344,176.26568575451566,174.3831860051859,176.03570556640625,137328600
2016-06-30,176.5041987902838,178.48891188233904,175.950512474756,178.43780517578125,165021900
2016-07-01,178.43783741644256,179.29817712440217,178.27599081800903,178.81263732910156,106055300
2016-07-05,177.98638642688363,178.09712631512292,176.93014625342386,177.5264129638672,109803700
2016-07-06,177.0323211874561,178.71039406322262,176.37642144980018,178.5911407470703,96021500
2016-07-07,178.77003634904318,179.43444962093204,177.71379627457281,178.4804229736328,85593800
2016-07-08,179.77516827919834,181.38509461612574,179.5451750888838,181.1380615234375,133971000
2016-07-11,181.59805826929212,182.34765804487338,181.3936184220505,181.7769317626953,73633900
2016-07-12,182.739469050371,183.39536879733734,181.80246941184768,183.09722900390625,101275600
2016-07-13,183.5146322808212,183.52314573341144,182.58615904062134,183.07168579101562,87324100
2016-07-14,184.33239401470564,184.56238724640937,183.70206048745473,184.09388732910156,91230900
2016-07-15,184.65602151008179,184.8519348611789,183.4038553574915,183.8468017578125,107155400
2016-07-18,183.96609672111055,184.50274319307965,183.7105501631425,184.3408966064453,58725900
2016-07-19,183.92349496786622,184.1875549664378,183.67647487174233,184.1534881591797,54345700
2016-07-20,184.15350877137692,185.15864216846145,184.15350877137692,184.92013549804688,58159500
2016-07-21,184.8093717578081,185.03083847970123,183.77867221092137,184.22161865234375,67777300
2016-07-22,184.3409060500352,185.09901931234043,184.07684602574125,185.04791259765625,62787500
2016-07-25,184.84348897979444,184.89459569896835,183.96612230693654,184.54534912109375,55873100
2016-07-26,184.44309323845644,184.98825311359136,183.78719349883522,184.6304931640625,70080500
2016-07-27,185.00529881803118,185.07344542926506,183.66794594313563,184.43458557128906,84083900
2016-07-28,184.23871846764345,184.93721170929925,183.77874494086717,184.64759826660156,65035700
2016-07-29,184.38346144963597,185.3034081203237,184.10236157895633,184.94564819335938,79519400
2016-08-01,185.00529642288348,185.39712318535925,184.34088321900114,184.79234313964844,73311400
2016-08-02,184.54530878477047,184.69864190641763,182.77354891834582,183.6083221435547,92295500
2016-08-03,183.548691897201,184.20459165480156,183.25056509657313,184.14495849609375,53993600
2016-08-04,184.25571008791,184.65606332927777,182.50097698624077,184.3408966064453,46585500
2016-08-05,184.3408871172442,185.89118029320792,184.3408871172442,185.8485870361328,71892200
2016-08-08,186.03599608154948,186.1382225030644,185.47380925258756,185.7378692626953,39906500
2016-08-09,185.80600677669491,186.3426402234022,185.52490687716386,185.8485870361328,51251700
2016-08-10,185.9593393883668,186.03599945766584,185.03937956386426,185.3886260986328,57941100
2016-08-11,185.91675575387725,186.49599552416987,185.6526957253063,186.24896240234375,72504300
2016-08-12,185.94230799561387,186.30008099732774,185.68677441958778,186.08712768554688,61313500
2016-08-15,186.45337349587163,186.97298001947587,186.44486004381267,186.6237335205078,49813500
2016-08-16,186.20638433318723,186.2745179562473,185.66122436523438,185.66122436523438,53213600
2016-08-17,185.69523983348304,186.14669969785453,184.860466706597,186.01040649414062,75134300
2016-08-18,185.98484900675498,186.4618622115094,185.87412215413093,186.42779541015625,52989300
2016-08-19,185.95932953177365,186.3341294031093,185.47380278764328,186.15524291992188,75443000
2016-08-22,185.91676580332864,186.37675226307763,185.5504923239354,186.14675903320312,61368800
2016-08-23,186.76003679823123,187.05817660563002,186.46189699083246,186.5215301513672,53399200
2016-08-24,186.37675544805694,186.47045543237448,185.15014219795066,185.56753540039062,71728900
2016-08-25,185.18418122816422,185.85712092302123,185.03086109372353,185.43972778320312,69224800
2016-08-26,185.62714639773398,186.64931972308202,184.2046197953318,185.0904998779297,122506300
2016-08-29,185.2182560579585,186.26598260806702,185.1841762527955,186.00192260742188,70502200
2016-08-30,185.91677929447332,186.19787926302044,185.1416390149965,185.6953125,58114500
2016-08-31,185.3630428835759,185.48229619359975,184.39197650262852,185.16712951660156,85269500
2016-09-01,185.1586040200542,185.46525724706987,184.01717761857662,185.17564392089844,97844200
2016-09-02,186.02744639401368,186.43631300752017,185.43969332592826,186.01040649414062,79293900
2016-09-06,186.29156241038206,186.64932242955953,185.57604237202705,186.57266235351562,56702100
2016-09-07,186.41082683790157,186.73452006397048,185.95085335663944,186.55563354492188,76554900
2016-09-08,186.2233386140888,186.4959249905775,185.8229854971421,186.129638671875,74102900
2016-09-09,184.81789031099626,184.86899701764105,181.64914452265418,181.67469787597656,221589100
2016-09-12,180.91659072552463,184.68160321216067,180.84844411519546,184.28125,168110900
2016-09-13,183.00357638087698,183.26763643886903,181.0103362679948,181.6321563720703,182828800
2016-09-14,181.68324870057552,182.88430854433517,181.01032192860217,181.56399536132812,134185500
2016-09-15,181.40214184170566,183.76165500904514,181.22325535365334,183.3783416748047,134427900
2016-09-16,182.76366792581595,182.94345806111463,181.98461217497623,182.66949462890625,155236400
2016-09-19,183.32012466255208,183.9622116674637,182.37839183003095,182.70372009277344,80250500
2016-09-20,183.55987049912048,183.71396513879625,182.67807189218635,182.71231079101562,69665300
2016-09-21,183.41428773203177,184.94672955056805,182.72939235227372,184.76695251464844,110284400
2016-09-22,185.77714930568925,186.23088968519738,185.52888144386645,185.93124389648438,76678700
2016-09-23,185.53743652724677,185.67441820469017,184.81830231560664,184.9124755859375,73630900
2016-09-26,184.08209142666828,184.2618684960777,183.21740578661957,183.41432189941406,89827300
2016-09-27,183.25167821266945,184.64713875839672,182.88354144774857,184.552978515625,78494800
2016-09-28,184.77552697769812,185.62308656236328,183.8166811905737,185.46897888183594,87411000
2016-09-29,185.26349035952774,185.66586590978932,183.24305615132027,183.7909698486328,128070600
2016-09-30,184.62140374429694,185.879895265527,184.37313586079327,185.17788696289062,117202900
2016-10-03,184.7669484862553,184.95528197487212,184.09916603466326,184.73269653320312,83512100
2016-10-04,184.844001895467,185.06658734449323,183.20026080352932,183.7909698486328,119948100
2016-10-05,184.41596250490633,185.0323671094434,184.34747165292507,184.60430908203125,72816000
2016-10-06,184.3816858625273,184.95528197487212,183.84234170323464,184.73269653320312,62927400
2016-10-07,185.0066914120333,185.1779120165763,183.37150655256386,184.0991973876953,89788300
2016-10-10,185.05804443359375,185.52034134257795,184.91250627588957,185.05804443359375,51855000
2016-10-11,184.62998863208392,184.6984794829944,181.99314965685426,182.72084045410156,130367400
2016-10-12,182.85781322727746,183.48278731258375,182.36126437989276,182.96055603027344,73866100
2016-10-13,181.63359151521533,182.85783124494432,180.82028384808063,182.3612823486328,101357000
2016-10-14,183.33725813528716,183.79956814610816,182.37841228068805,182.45545959472656,93346200
2016-10-17,182.42971907912928,182.68655644078692,181.64209408312584,181.82188415527344,58275700
2016-10-18,183.41429646501757,183.47421779207957,182.5838629003062,182.96055603027344,76869700
2016-10-19,183.22596189159376,183.75674966585316,182.8663947158089,183.44854736328125,66519200
2016-10-20,183.097540097914,183.6625798404998,182.44689658612387,183.10610961914062,73639800
2016-10-21,183.10606190251767,183.27728245960162,182.14720326892362,183.19166564941406,89089100
2016-10-24,184.06495270797885,184.33891611727435,183.61976869952085,183.9707794189453,60146600
2016-10-25,183.79095400311965,184.04779138418704,183.19167548949028,183.35433959960938,66542300
2016-10-26,182.53254180507346,183.56843509761592,182.29281724945483,182.9862823486328,75705500
2016-10-27,183.70541800756126,183.739656908129,182.42124369187502,182.498291015625,77220200
2016-10-28,182.47262886613797,183.1489549997593,181.24838881942526,181.95895385742188,140623200
2016-10-31,182.2927529041506,182.51535139937488,181.80477363248966,181.96743774414062,61272500
2016-11-01,182.2927891440418,182.34416708158656,179.44193411679908,180.6490478515625,122781800
2016-11-02,180.34080785481316,180.72607045776593,179.12512485286732,179.56175231933594,103330800
2016-11-03,179.77580479671514,179.989833798208,178.4659483526424,178.73989868164062,88939300
2016-11-04,178.85117098823267,179.6901608899193,178.39743061851397,178.54296875,109122100
2016-11-07,178.54299901440498,182.51537683425684,178.54299901440498,182.4811248779297,109794900
2016-11-08,182.08731064527544,183.86803345879056,181.82191678048162,183.30299377441406,106772100
2016-11-09,181.8133801094974,185.8628188492065,181.78769767041217,185.2464141845703,258429000
2016-11-10,186.03400745605103,186.89867990417122,184.2532846271845,185.70867919921875,172113300
2016-11-11,184.98957855253008,185.52036638324668,184.33893498380345,185.28065490722656,100552700
2016-11-14,185.80287114251522,186.00834370377714,184.68136117179486,185.42617797851562,94580000
2016-11-15,185.81144289060984,186.87303161621094,185.6059833757356,186.87303161621094,91652600
2016-11-16,186.25660928341745,186.7531581694383,186.1367535566741,186.52200317382812,65617700
2016-11-17,186.67611427140054,187.54078681133552,186.56481500049895,187.48086547851562,69797200
2016-11-18,187.54933270762592,187.72055328977922,186.88155022962977,187.06134033203125,86265800
2016-11-21,187.63499351271832,188.49966620661488,187.48945532047617,188.47398376464844,72402600
2016-11-22,188.7821371419699,189.02184858031546,188.11436769753672,188.84207153320312,67429000
2016-11-23,188.32837394303928,188.99614330677943,188.1314709417549,188.9447784423828,56620200
2016-11-25,189.28728337550007,189.6810894836144,189.2102229949598,189.6468505859375,37872300
2016-11-28,189.33866606577988,189.61261646285374,188.65377047815005,188.75650024414062,76572500
2016-11-29,188.7907185282828,189.5783437413918,188.49107267987097,189.12460327148438,69886700
2016-11-30,189.74101303143192,189.90367717850862,188.61093352329578,188.67086791992188,113291800
2016-12-01,188.97047105412133,188.97047105412133,187.6178062778789,187.97738647460938,79040500
2016-12-02,188.06299200507038,188.55954083115392,187.71198132508658,188.07154846191406,74840300
2016-12-05,188.90196858880603,189.5440555154346,188.70506558902835,189.2016143798828,67837800
2016-12-06,189.39000177393402,189.83518579680896,188.91057885543555,189.80093383789062,59877400
2016-12-07,189.6468220127813,192.34358221640227,189.5269662940269,192.28366088867188,110738100
2016-12-08,192.25801124482192,193.22541361716267,191.9926042635398,192.75454711914062,99714400
2016-12-09,192.9771338845785,193.93597973954576,192.94288192501824,193.91885375976562,88005800
2016-12-12,193.8246554596792,194.30409138860358,193.27674174705902,193.6962432861328,102016100
2016-12-13,194.35546564979694,195.48553202149307,194.33833967139873,194.98898315429688,110477500
2016-12-14,194.68932715558245,195.3913354266373,192.942843339538,193.3794708251953,142501800
2016-12-15,193.6192042449696,195.0317904674374,193.3880492594279,194.17567443847656,124972600
2016-12-16,194.63121133752213,194.69149898252175,193.47725745596665,193.79588317871094,156420200
2016-12-19,193.9767864007674,194.63988497695757,193.8303904029604,194.21791076660156,90341100
2016-12-20,194.7517810332149,195.11348063664968,194.51927675423596,194.96707153320312,89838800
2016-12-21,194.8379146533777,195.010144436063,194.424560546875,194.424560546875,67909000
2016-12-22,194.2782171302688,194.39877932479175,193.6926199423763,194.08876037597656,56219100
2016-12-23,194.13174158145424,194.38148591773765,193.94229803224883,194.3728790283203,36697800
2016-12-27,194.63979682683177,195.25121435604572,194.62256991127623,194.85508728027344,42672500
2016-12-28,195.1135303322501,195.13074411562522,193.13285459982077,193.2447967529297,64095000
2016-12-29,193.31364806068328,193.66672764527488,192.76250488924578,193.2017059326172,48696100
2016-12-30,193.52895156569957,193.61507303026372,191.80662739674145,192.4955596923828,108998300
2017-01-03,193.79592722132304,194.47625268810015,192.79698909968164,193.96817016601562,91366500
2017-01-04,194.29536427788966,195.26848153297962,194.2867573884805,195.12208557128906,78744400
2017-01-05,194.855129408606,195.12208752614507,194.17480407008122,194.96707153320312,78379000
2017-01-06,195.07904528556946,196.12966407630134,194.5365089692909,195.66464233398438,71559900
2017-01-09,195.4062733251903,195.54406239938967,194.98429921306328,195.0187530517578,46939700
2017-01-10,195.0359668308157,195.87129502525147,194.63121963803593,195.0187530517578,63771900
2017-01-11,194.93265109478259,195.56991577148438,194.26955260662038,195.56991577148438,74650000
2017-01-12,195.0531762032134,195.2684666846739,193.72699261914352,195.07901000976562,72113200
2017-01-13,195.25130776674516,195.82828488116763,195.21686705944367,195.52688598632812,62717900
2017-01-17,194.88958876507553,195.2943359950259,194.4504008335571,194.83792114257812,61240800
2017-01-18,195.08764384121375,195.31155438264042,194.53650065817047,195.26849365234375,54793300
2017-01-19,195.34599463170878,195.483783712224,194.11453921786523,194.5451202392578,66608800
2017-01-20,195.2254643669878,195.75077382452264,194.59681965232878,195.25991821289062,129168600
2017-01-23,195.25988085598757,195.32015536434764,193.9939716372401,194.7517852783203,75061600
2017-01-24,194.967083306671,196.41384238690753,194.855141175314,196.00048828125,95555300
2017-01-25,196.94772539634906,197.6969451904297,196.78410253166146,197.6969451904297,84437700
2017-01-26,197.55060044787433,197.8175717636981,197.2147477205455,197.49032592773438,59970700
2017-01-27,197.5678029008803,197.7141988777078,196.9994327741686,197.18028259277344,59711100
2017-01-30,196.49139014809327,196.51722396452,194.97574930978664,195.9574737548828,79737300
2017-01-31,195.4665894924151,196.00051898366206,194.89823243571473,195.9402313232422,75880800
2017-02-01,195.94022927055596,196.85305907660958,195.43214673930603,196.01773071289062,79117700
2017-02-02,196.01775990858116,196.4311272765187,195.3288405759399,196.14694213867188,69657600
2017-02-03,197.05115223483276,197.6797969976758,196.7411332994059,197.4989471435547,80563200
2017-02-06,197.09417587961693,197.49031624796152,196.809990794992,197.14584350585938,57790100
2017-02-07,197.53334759389273,197.77447190734355,196.96497750920597,197.15443420410156,57931200
2017-02-08,197.15441429595157,197.54193453627462,196.61187807532636,197.4127655029297,51566200
2017-02-09,197.4128337377141,198.88541378798945,197.4128337377141,198.58401489257812,65955200
2017-02-10,198.92841162072386,199.5915100054071,198.60116587290565,199.3675994873047,66015900
2017-02-13,199.85852425311793,200.71107955863835,199.83269043843177,200.45272827148438,55182100
2017-02-14,200.27187670372177,201.26222110590146,199.92741708401107,201.25360107421875,71109000
2017-02-15,201.03830504218527,202.49367120529897,200.98663741466746,202.30421447753906,86785800
2017-02-16,202.33003687434092,202.51088670074023,201.38276642928537,202.13197326660156,84722400
2017-02-17,201.46880704747807,202.45053100585938,201.45158013163652,202.45053100585938,77204100
2017-02-21,202.8209064325544,203.82846453736573,202.81228640155743,203.65623474121094,88946100
2017-02-22,203.251490149344,203.6992849971404,203.08786724175664,203.4753875732422,62115200
2017-02-23,203.9920878749946,204.00930165644274,202.8553475654405,203.61317443847656,74615900
2017-02-24,202.769204202893,203.91453806498942,202.72614347613032,203.87149047851562,82381600
2017-02-27,203.78539254474492,204.36236955714747,203.535661325161,204.1901397705078,56515400
2017-02-28,203.81126790769045,204.0523922862032,203.25151770192008,203.6390380859375,96961900
2017-03-01,205.29242616150023,206.95447579618843,205.27519924075014,206.48944091796875,149158200
2017-03-02,206.29999552679604,206.30861555778915,205.13743454805757,205.18910217285156,70246000
2017-03-03,205.1029620528857,205.48187545397204,204.72404865179934,205.31825256347656,81974300
2017-03-06,204.52598307687302,205.05989933306515,204.10400894970482,204.7068328857422,55391500
2017-03-07,204.40544736476315,204.7585269980592,203.88874482138883,204.09542846679688,65103700
2017-03-08,204.38819704453468,204.6465482866462,203.57870261805394,203.71649169921875,78168800
2017-03-09,203.83700343339126,204.3020381822061,203.01029543149986,203.97479248046875,90683900
2017-03-10,204.93076058441957,204.97382132054474,203.74235259688214,204.68963623046875,81991700
2017-03-13,204.62930009929119,204.83598369955777,204.3020674908966,204.7929229736328,57256800
2017-03-14,204.25041693502382,204.3020976979482,203.3978748809851,204.00929260253906,59880800
2017-03-15,204.57765871334672,206.19664760561835,204.34514127577168,205.77467346191406,96081800
2017-03-16,205.91240921393336,205.9899106262883,205.04264048128076,205.369873046875,78344000
2017-03-17,205.63199726496683,205.82227819204954,205.00926208496094,205.00926208496094,89002100
2017-03-20,205.00931060056578,205.29473205873504,204.39523280666853,204.78443908691406,52537000
2017-03-21,205.38982235241298,205.51090901439778,202.02532881856098,202.15505981445312,131809300
2017-03-22,202.18966922638143,202.91618921870486,201.56693403368797,202.63076782226562,97569200
2017-03-23,202.63076264780625,203.54756354767736,202.04263120164606,202.41453552246094,100410300
2017-03-24,202.71722735977934,203.28805685215687,201.48905906185442,202.26747131347656,112504900
2017-03-27,200.59820862722134,202.31938117796201,200.32144478844586,202.05990600585938,87454500
2017-03-28,201.75723863446456,203.95410073492422,201.64479629003603,203.53030395507812,93483900
2017-03-29,203.24486140080134,203.95407953685887,203.01997673531778,203.72055053710938,61950400
2017-03-30,203.66002924668305,204.56818591683856,203.4870501660482,204.36924743652344,56737900
2017-03-31,204.03194530025047,204.55954010476322,203.84166434141252,203.89356994628906,73733100
2017-04-03,203.94546381276962,204.14438910844746,202.3107869801188,203.53895568847656,85546500
2017-04-04,203.25350299956253,203.75515152683073,202.8729411376724,203.6686553955078,56466200
2017-04-05,204.34327805151034,205.32062888253068,202.85563437139967,203.06321716308594,108800600
2017-04-06,203.2015942350403,204.1529856156892,202.76048247725743,203.63404846191406,69135800
2017-04-07,203.38323508840378,204.11841261621606,202.94213649019045,203.42648315429688,74412300
2017-04-10,203.56486351066155,204.3432758756478,203.01996693669741,203.5475616455078,67615300
2017-04-11,203.16700087724368,203.4091742008586,201.8177457321159,203.30538940429688,88045300
2017-04-12,203.02862636532242,203.21890729142282,202.1896640631861,202.41453552246094,81864400
2017-04-13,202.07721959380586,202.81239709117327,201.09986877441406,201.09986877441406,92880400
2017-04-17,201.61881958860167,202.881591796875,201.41989433024537,202.881591796875,68405400
2017-04-18,202.14639206600955,202.8123752285135,201.59285121855888,202.276123046875,83225800
2017-04-19,202.83832324402883,203.21022752414882,201.67933594893105,201.9042205810547,68699900
2017-04-20,202.51831842688946,203.98867342346213,202.19830650755497,203.5475616455078,92572200
2017-04-21,203.46970747536926,203.52159986940245,202.5010142602025,202.89886474609375,110389800
2017-04-24,205.13898490980165,205.3379233603899,202.87292893794245,205.13034057617188,119209900
2017-04-25,205.7703726936147,206.66987167555047,205.68387656955395,206.32391357421875,76698300
2017-04-26,206.28935434519522,207.17156485058885,206.15097899328634,206.1942138671875,84702500
2017-04-27,206.5141745623842,206.6698517337253,205.83088956162,206.3671417236328,57410300
2017-04-28,206.62666817107635,206.65261437439855,205.78770573710236,205.91744995117188,63532800
2017-05-01,206.43637084960938,206.86018079937156,206.02121843190722,206.43637084960938,66882500
2017-05-02,206.57472740158775,206.6958140545623,206.10768265367307,206.51419067382812,57375700
2017-05-03,206.5141822668873,206.60932271874108,205.588723944541,206.2633514404297,73137700
2017-05-04,206.5661346571339,206.64397326831687,205.6579779342895,206.50558471679688,61462700
2017-05-05,206.87750484935884,207.33590538414293,206.4363929856339,207.318603515625,62001300
2017-05-08,207.36178939446052,207.50882223911654,206.86014093756975,207.28395080566406,48385700
2017-05-09,207.54342977867722,207.74235501951878,206.74770242040077,207.0936737060547,51363200
2017-05-10,207.05043905844082,207.46559143066406,206.8428562736012,207.46559143066406,54293800
2017-05-11,207.01583236805536,207.20611327327558,205.96064305636312,207.04177856445312,62358300
2017-05-12,206.79097176249238,207.08503748747037,206.4277117732625,206.69583129882812,53912700
2017-05-15,207.11961833133617,207.95858054618077,207.10231646782097,207.83749389648438,61918900
2017-05-16,208.1315939933016,208.15754019413583,207.25804110448254,207.64724731445312,51241800
2017-05-17,207.64724366280345,207.64724366280345,203.90218810458956,203.96273803710938,172174100
2017-05-18,203.88492663738796,205.63204592794244,203.62545138473777,204.78443908691406,107047700
2017-05-19,205.26871121619024,206.7823009092626,205.21681882402052,206.11631774902344,115011400
2017-05-22,206.62665054837157,207.32723757069516,206.5574694770516,207.16290283203125,61010600
2017-05-23,207.5348112360203,207.78564211492287,207.15424934903544,207.62130737304688,48341700
2017-05-24,207.85480369589155,208.2094061280343,207.51747673301352,208.10562133789062,46927700
2017-05-25,208.61588842779958,209.37701198821208,208.40831887310807,209.10023498535156,64071700
2017-05-26,208.91000654420898,209.22137415187208,208.8321679416575,209.0570526123047,46629900
2017-05-30,208.7370082051156,209.12621437940422,208.58133101438253,208.87539672851562,35201900
2017-05-31,209.16944440934273,209.20404813593743,208.13155696823463,208.823486328125,91796000
2017-06-01,209.28193892827278,210.50146324456628,208.9965175012174,210.48416137695312,68962000
2017-06-02,210.53602626420476,211.3403980348541,210.24196054050776,211.18470764160156,88666100
2017-06-05,211.01176612473392,211.2971875652669,210.83012949986428,211.02906799316406,44698800
2017-06-06,210.4668297647165,211.0203706729839,210.27654884023806,210.35440063476562,50375400
2017-06-07,210.69168365933325,210.96844747433232,210.02570052088976,210.7435760498047,54144300
2017-06-08,210.83872200018845,211.32306858716709,210.31977168702295,210.8473663330078,65950700
2017-06-09,211.11550569356558,211.91121990384883,209.26460209199337,210.52737426757812,132256400
2017-06-12,210.28523609050535,210.53605378233445,209.6365546283226,210.48416137695312,86108100
2017-06-13,211.02036254185137,211.56525909526675,210.67440443656096,211.51336669921875,60067000
2017-06-14,211.7815241526878,211.79016848775927,210.42361129135838,211.2452850341797,78602300
2017-06-15,209.89600002888105,210.9598470447608,209.61923615628442,210.83876037597656,66464900
2017-06-16,210.99778680066592,211.0499322546097,210.00698339029083,210.88479614257812,84553100
2017-06-19,211.71048558799038,212.7012891020136,211.61488115848746,212.6404571533203,65123800
2017-06-20,212.28412717005747,212.29281365996601,211.18903265983135,211.20640563964844,56906400
2017-06-21,211.59749874860742,211.71047615166384,210.68491346435795,211.15423583984375,55977600
2017-06-22,211.16295897267005,211.6583541315483,210.88483215505542,211.05865478515625,44148100
2017-06-23,211.11946010978448,211.64092790155846,210.73704243872845,211.3106689453125,66986800
2017-06-26,211.97992043403343,212.39711064820162,211.2411709623493,211.4497528076172,56700500
2017-06-27,211.23242948028994,211.5279424723989,209.72884484149196,209.74623107910156,82247700
2017-06-28,210.76312587024884,211.82346100773714,210.52845805803364,211.62356567382812,70042600
2017-06-29,211.77129021282053,211.82343566222565,208.5555259686431,209.76361083984375,106949700
2017-06-30,210.57191628538862,210.9456474858864,209.96353053531456,210.1547393798828,86820700
2017-07-03,211.09334498233878,211.52790801910294,210.5110321044922,210.5110321044922,39153800
2017-07-05,210.87606457875398,211.2063234704089,210.06777042995765,210.99774169921875,54427600
2017-07-06,210.23292419970764,210.35460133041263,208.88577601287994,209.06829833984375,65400800
2017-07-07,209.64190986623126,210.57186788577764,209.07696995101577,210.4241180419922,57972300
2017-07-10,210.42420889538926,211.02390827791277,210.1200093280225,210.65017700195312,36663300
2017-07-11,210.65013448651465,210.80658411472686,209.3290720753313,210.4936981201172,50354600
2017-07-12,211.45842825120994,212.24063660467954,211.45842825120994,212.07550048828125,59610400
2017-07-13,212.0842090236191,212.54484491380276,211.85822769210736,212.43185424804688,39471600
2017-07-14,212.4318497416446,213.77899816590127,212.3362453176828,213.4226531982422,60262700
2017-07-17,213.34441521740746,213.72683287777014,213.22273807654784,213.3965606689453,33531900
2017-07-18,212.98813184736824,213.56175850371997,212.64917305258177,213.50961303710938,42742500
2017-07-19,213.8224585033008,214.6741985738077,213.81375875263902,214.66551208496094,51034300
2017-07-20,214.9175905723724,215.03926774664197,214.213600259683,214.7611541748047,47135200
2017-07-21,214.18751329032523,214.5960037614684,213.96153193754682,214.56993103027344,82340800
2017-07-24,214.4916752404168,214.65681136046095,214.04842559857326,214.51776123046875,46622300
2017-07-25,215.26522896300702,215.3695331531979,214.81329276550863,215.0392608642578,54915600
2017-07-26,215.32606993450494,215.36082915600542,214.78721579943908,215.04794311523438,47575400
2017-07-27,215.50861286514385,215.54337208995847,213.5269922434443,214.8480682373047,70766600
2017-07-28,214.36998121506053,214.72632615533806,213.91804511998137,214.59596252441406,50088400
2017-07-31,214.99580262225925,215.09140706086657,214.26573959752176,214.47433471679688,65838700
2017-08-01,215.0739934319725,215.10875264770706,214.43083521545947,214.9523162841797,55050400
2017-08-02,215.0827286169467,215.19571930184148,214.12668419510814,215.05665588378906,47211200
2017-08-03,214.94363633984614,214.96970906950318,214.36132327447956,214.6394500732422,40856000
2017-08-04,215.12615252230128,215.36080708246598,214.6481303893106,215.03054809570312,60191800
2017-08-07,215.10005416294103,215.43031311035156,214.99574999792543,215.43031311035156,31995000
2017-08-08,215.11742804149972,216.33421271848638,214.52642857179112,214.900146484375,61719400
2017-08-09,214.21359245470444,214.94365547372158,213.85724743524958,214.89151000976562,62632600
2017-08-10,214.05713457402004,214.18751149071593,211.80610038765755,211.85824584960938,120479500
2017-08-11,212.08419213347946,212.7621095503957,211.84952433168104,212.1710968017578,74869900
2017-08-14,213.4487314454998,214.491680385441,213.4139722276217,214.27439880371094,73291900
2017-08-15,214.65679667125985,214.67418290949976,213.9441200451935,214.24830627441406,55242700
2017-08-16,214.76985074420944,215.16965477089622,214.1962240692398,214.62210083007812,56715500
2017-08-17,214.01369614334953,214.32658218751973,211.27593994140625,211.27593994140625,128490400
2017-08-18,211.11075577820276,212.2319360405409,210.50237007009596,210.9456329345703,136748000
2017-08-21,210.88481073859253,211.37151935817374,210.18082053799722,211.11077880859375,65469700
2017-08-22,211.6930974516388,213.47479574199497,211.6757112124789,213.318359375,63140100
2017-08-23,212.35363249443412,212.97940449734378,212.20588261344366,212.55352783203125,50203800
2017-08-24,212.93599476276896,213.09243116875874,211.84958662622424,212.0581817626953,50741700
2017-08-25,212.84902759401217,213.46611310809237,212.40577795104076,212.55352783203125,64445900
2017-08-28,213.0837237566261,213.10979648839782,212.14506562739396,212.562255859375,40565600
2017-08-29,211.24990479607044,213.06637616872854,211.13691409668337,212.80564880371094,51135700
2017-08-30,212.78818857668327,214.08319150724105,212.60566622281107,213.81375122070312,62030800
2017-08-31,214.43086661448717,215.34345198746985,213.84855351750988,215.10009765625,103803900
2017-09-01,215.47379805521166,215.8301430332035,215.25651647279935,215.40426635742188,62007000
2017-09-05,214.90018779183964,215.12616914224762,212.89250793998733,213.85723876953125,91398800
2017-09-06,214.53511956173446,214.91753723218903,214.0049520207523,214.58726501464844,57916900
2017-09-07,214.89147523696337,214.90886147607426,214.15271258561899,214.5612030029297,58034700
2017-09-08,214.27440110391774,214.76980948125174,214.06581927077957,214.30917358398438,63832800
2017-09-11,215.57809645054567,216.67320415146062,215.56072347185696,216.59498596191406,71364800
2017-09-12,216.95999602215846,217.3597866815819,216.7774736694203,217.3250274658203,56896000
2017-09-13,217.03818665019978,217.46406324464596,216.92519600514385,217.42929077148438,59228000
2017-09-14,217.10777668488015,217.55972612475762,216.93395405779384,217.3598175048828,95446300
2017-09-15,217.2156393232552,217.73969494931958,217.11083086356777,217.65235900878906,95432400
2017-09-18,218.0192775480726,218.4647269838403,217.73104085635288,218.1153564453125,46235200
2017-09-19,218.35989657938688,218.42104374769173,218.01052607591205,218.3336944580078,47108100
2017-09-20,218.4210659244812,218.525874420639,217.4166023016523,218.41232299804688,59574100
2017-09-21,218.25509286573282,218.34242882969582,217.65241740557613,217.8271026611328,48211400
2017-09-22,217.53014764359605,218.03674424025084,217.50394552028905,217.87078857421875,51214000
2017-09-25,217.61748127360232,217.96686512666057,216.68290778788798,217.42532348632812,57064400
2017-09-26,217.85331699185963,218.0978790288707,217.32051826959304,217.5563507080078,54082000
2017-09-27,218.25509657578533,218.78789527725007,217.37291402963743,218.40357971191406,81001400
2017-09-28,218.1240620366598,218.74421000106764,218.03672607545622,218.6656036376953,44778800
2017-09-29,218.65687388117044,219.5128543148782,218.47345902225527,219.43423461914062,85578000
2017-10-02,219.6613046021802,220.38626098632812,219.4866060401173,220.38626098632812,59023000
2017-10-03,220.38635005263825,220.88420383835725,220.30773033688516,220.85800170898438,66810200
2017-10-04,220.70946216621985,221.3645418885094,220.5959107495144,221.11997985839844,55953600
2017-10-05,221.45186859770155,222.447589200853,221.15490233464226,222.4301300048828,63522800
2017-10-06,221.98469156749644,222.46508606184125,221.72267032297378,222.17684936523438,80646000
2017-10-09,222.40395875357316,222.4650926032154,221.54797823752332,221.8100128173828,35803100
2017-10-10,222.3777281817695,222.7707733374642,221.83618656529862,222.3951873779297,43057400
2017-10-11,222.29908992244182,222.7445526123047,222.13314760699538,222.7445526123047,47674300
2017-10-12,222.43011595511425,222.77948643927715,222.1768110256109,222.4126434326172,47065100
2017-10-13,222.84935102131928,222.9629024198992,222.41263127617069,222.6833953857422,54800400
2017-10-16,222.91049850746452,223.17251969283203,222.5698576388578,222.98036193847656,38221700
2017-10-17,222.92798871346952,223.1812936647346,222.70962881020068,223.1376190185547,31561000
2017-10-18,223.5131697489327,223.5568443908322,223.1637992689959,223.35595703125,40888300
2017-10-19,222.5786044856064,223.45204404486665,222.15935722889787,223.41709899902344,61903800
2017-10-20,224.2119206013549,224.59623609713063,223.3996149711692,224.57000732421875,89176400
2017-10-23,224.89322883296725,224.9194309537116,223.61798787604818,223.69659423828125,63915300
2017-10-24,224.12459043068006,224.32546446473933,223.73153197709217,224.0896453857422,66935900
2017-10-25,223.75772255286773,223.87127395161298,221.85363085850938,222.98036193847656,103715300
2017-10-26,223.5918279839053,223.86257882405025,223.14636521841157,223.26864624023438,69798000
2017-10-27,224.01107480102058,225.25137086942868,223.27738867171036,225.09413146972656,85562500
2017-10-30,224.01105321483814,224.99804421858872,223.95864897174172,224.255615234375,54285700
2017-10-31,224.63122837139065,224.85833123593787,224.30805992892934,224.6050262451172,60304800
2017-11-01,225.38238536234172,225.72301298114465,224.53514779573626,224.9019775390625,54202700
2017-11-02,224.83215185048127,225.129118196706,223.76655418213673,224.98936462402344,56449500
2017-11-03,225.14647366519628,225.78409404892494,224.73595606435163,225.7404327392578,59589700
2017-11-06,225.60942075481384,226.2208390901341,225.53955732047456,226.08982849121094,49652600
2017-11-07,226.19465366347248,226.5265649754122,225.42602255271962,225.93263244628906,57502200
2017-11-08,225.7579527790393,226.41303253214264,225.47844568711866,226.3169403076172,50469600
2017-11-09,225.1116407909184,225.68811423588843,223.91500591945956,225.49595642089844,95085500
2017-11-10,225.11164563856462,225.60076978629652,224.79719345487018,225.4260711669922,59984700
2017-11-13,224.74473659867962,225.86273819686548,224.70979155194425,225.63563537597656,50228600
2017-11-14,224.83211094747693,225.2164265386195,224.05473683871833,225.1116180419922,61315200
2017-11-15,224.14206074959475,224.6661298286348,223.27736409509808,223.98484802246094,80811500
2017-11-16,224.92812724822468,226.25577232872615,224.88446593594833,225.888916015625,67777000
2017-11-17,225.53956501844647,225.86273339190677,225.1465065530022,225.22511291503906,75756800
2017-11-20,225.4696939076753,225.80157853989257,225.22510524931647,225.6094207763672,48075500
2017-11-21,226.3780568662347,227.26898226933415,225.57450740471495,227.08554077148438,69176800
2017-11-22,227.09427576911906,227.22528636639564,226.71870317183996,226.88465881347656,45033400
2017-11-24,227.37377301865303,227.513526534814,227.23401950249206,227.40869140625,27856500
2017-11-27,227.4523787251362,227.74934495040995,227.09426533885556,227.295166015625,52274900
2017-11-28,227.75808396140033,229.62723056018447,227.66199175928952,229.6010284423828,98971700
2017-11-29,229.7320372936807,230.2648492252935,229.0158371941007,229.46127319335938,77512100
2017-11-30,230.3784306347225,232.37858806797493,230.29982427167096,231.47023010253906,127894400
2017-12-01,231.25183970097865,231.7322207413393,227.75808186488112,230.9897918701172,164390900
2017-12-04,232.60569136026692,233.03366822283851,230.65791150982508,230.71034240722656,94040600
2017-12-05,229.88059997558594,231.59253434794377,229.749589349815,229.88059997558594,77994500
2017-12-06,229.976659620051,230.35225894459674,229.4613334017952,229.92425537109375,75898600
2017-12-07,230.6492156982422,230.9636411789777,229.66222462493982,230.6492156982422,77218600
2017-12-08,231.60119700357745,231.91562239645032,230.6142062060786,231.9069061279297,76563900
2017-12-11,232.60568237304688,232.66682953826898,231.8807392812659,232.60568237304688,83077500
2017-12-12,233.39177744765638,233.48786966002598,232.64063222031234,233.01620483398438,85195800
2017-12-13,233.2607543511489,233.69747410791436,232.9026409519702,232.989990234375,102905400
2017-12-14,233.28699142018422,233.4005428387963,231.98557487973446,232.03797912597656,100666700
2017-12-15,233.03965390050294,234.43551820355714,232.9869817978599,233.97023010253906,144610300
2017-12-18,235.3660769189462,235.80502893603057,235.26073272148673,235.45387268066406,83653600
2017-12-19,235.6997350038883,235.74361949835358,234.47943527623028,234.5496826171875,82382900
2017-12-20,235.51536577852528,235.56803789071338,234.12828883838594,234.42677307128906,76751500
2017-12-21,235.05005956036698,235.6207187178105,234.66377957294816,234.9095916748047,67032300
2017-12-22,234.92713742476712,234.96226108962753,234.31259385148846,234.84812927246094,78720900
2017-12-26,234.44432602491867,234.78672155224467,234.3038849173879,234.56724548339844,45244400
2017-12-27,234.73405333966332,235.04132519945648,234.4092330390153,234.68138122558594,57751000
2017-12-28,235.181775060121,235.20811111513945,234.7954950588432,235.16419982910156,45116100
2017-12-29,235.74360810502137,235.76115654365725,234.08438313836797,234.27749633789062,96007400
2018-01-02,235.13787066453907,235.98943885710432,234.75159065194177,235.95431518554688,86655700
2018-01-03,236.12108775526218,237.59598705803205,236.12108775526218,237.4467315673828,90070400
2018-01-04,238.08760791196542,238.93038836501717,237.50818797814625,238.44752502441406,80636400
2018-01-05,239.2376944978411,240.1594832389474,238.74607026371623,240.03659057617188,83524000
2018-01-08,239.9399589710568,240.6335106872347,239.65026241653015,240.47549438476562,57319200
2018-01-09,240.89691697282984,241.6431409316476,240.61598118737896,241.01983642578125,57254000
2018-01-10,240.2647516047838,240.91441875952185,239.59756280712446,240.65103149414062,69574300
2018-01-11,241.2041360978791,242.4068603515625,241.03733218619251,242.4068603515625,62361500
2018-01-12,242.67023506663259,244.1538681759935,242.37172413060318,243.98709106445312,90816100
2018-01-16,245.24250740468787,245.89214784344935,242.4595397134825,243.15309143066406,106555100
2018-01-17,244.08365705963055,245.85701356015943,243.15308092859505,245.47073364257812,113258800
2018-01-18,245.35660485466306,245.77798160283706,244.56646986883223,245.05812072753906,100728000
2018-01-19,245.63757548785358,246.17311096191406,245.0581823135061,246.17311096191406,140920100
2018-01-22,245.9624951757326,248.1748046875,245.909796261901,248.1748046875,91322400
2018-01-23,248.21859845859058,248.99115835882742,247.89377822587898,248.7014617919922,97084700
2018-01-24,249.3423404855951,249.9393357013387,247.42851576534068,248.6049041748047,134816100
2018-01-25,249.46526240327177,249.56181900601126,247.92014242735834,248.7102508544922,84587300
2018-01-26,249.54427764501574,251.63369400129739,249.28967791641975,251.58978271484375,107743100
2018-01-29,251.0191178174703,251.45806987609902,249.76372135975387,249.92173767089844,90118300
2018-01-30,248.09565140466236,249.9743518486628,246.88413971694652,247.35821533203125,131796400
2018-01-31,248.20987669807295,248.7102617559007,246.41015692190018,247.481201171875,108364800
2018-02-01,246.75254341754422,248.49956422699574,246.4101479147717,247.20025634765625,90102500
2018-02-02,245.88338406187754,246.01509111839752,241.78358665930918,241.81871032714844,173174800
2018-02-05,240.0628793719165,242.16984378788024,231.16091921572408,231.70521545410156,294681800
2018-02-06,228.20247265308834,236.77082819942626,227.1138797666824,236.27041625976562,355026800
2018-02-07,235.7172349914964,239.1059317295895,234.90955148557242,234.98858642578125,167376100
2018-02-08,235.28710323131492,235.42757111233564,226.13933006721916,226.17445373535156,246449500
2018-02-09,228.95738632420708,231.42429478550562,222.039510890829,229.57192993164062,283565300
2018-02-12,231.61742570067418,234.409181085586,229.71238881690365,232.9430694580078,143736000
2018-02-13,231.74033205487234,234.06677241807566,231.16091216963022,233.52247619628906,81223600
2018-02-14,232.0388312280291,237.03410771542661,232.03004361372035,236.67416381835938,120735700
2018-02-15,238.4124355383196,239.7029557055696,235.95428785276758,239.6941680908203,111200300
2018-02-16,239.07084883629025,241.70456111309323,239.02693755677285,239.76437377929688,160420100
2018-02-20,238.81625220681488,240.25602779649859,237.47306000010119,238.26316833496094,86369700
2018-02-21,238.7021770413317,241.17787363079094,236.98149209167454,237.0780487060547,98883700
2018-02-22,237.99984336345477,239.71174054605476,236.71811068253444,237.3852996826172,110511300
2018-02-23,238.6056321866141,241.16909790039062,238.1315563332114,241.16909790039062,92766400
2018-02-26,242.24011676430848,244.06617263387662,241.6519359115766,243.96958923339844,86491400
2018-02-27,244.15391392223984,244.8650409424878,240.86177331085185,240.92323303222656,99099200
2018-02-28,242.02061880237406,242.46835850910344,238.1666333695874,238.482666015625,121907800
2018-03-01,238.27192412429704,239.81704371338597,233.5224603436801,235.01490783691406,176855100
2018-03-02,233.34694599182436,236.788342544187,232.48661694736793,236.22647094726562,139083200
2018-03-05,235.04134121098951,239.57133087082536,234.9359701841439,238.956787109375,97307400
2018-03-06,239.9312506039078,240.0102855727528,238.0700976494251,239.5625457763672,79213200
2018-03-07,237.40295068542704,239.82594892809215,237.20981062050623,239.47479248046875,87063500
2018-03-08,240.15063585578204,240.75639177769847,239.15862681019166,240.6334991455078,66901200
2018-03-09,242.03821028889664,244.82115173339847,241.72215083012168,244.82115173339844,113625300
2018-03-12,245.11078898171166,245.7340932729573,244.12751407120209,244.5137939453125,71924800
2018-03-13,245.67274250351971,246.17315439753227,242.3279291766168,242.93368530273438,91968900
2018-03-14,243.89057519707148,244.07492758617036,241.1339698102425,241.68702697753906,105895100
2018-03-15,242.19628150832244,242.83713460378348,240.92330935206263,241.42372131347656,83433000
2018-03-16,241.94979427346908,242.7342709987508,241.63249597929055,241.6853790283203,100343700
2018-03-19,240.93622002883185,241.86170049075108,236.7670927477109,238.41534423828125,109208400
2018-03-20,238.81193219744125,239.45537846820034,238.14204440316075,238.8207550048828,59757300
2018-03-21,238.77672584368344,240.86568740550535,238.15092503585717,238.36245727539062,78709600
2018-03-22,236.14134292192287,236.98749897543712,232.13086395702769,232.4041290283203,148785900
2018-03-23,232.844799765795,233.1709209551684,227.25657169813346,227.4504852294922,183534800
2018-03-26,231.04663385001984,233.95530915276683,228.64917032274315,233.67324829101562,141956100
2018-03-27,234.60762172890932,235.13645231917573,228.1467967301256,229.69810485839844,129941400
2018-03-28,229.83037357461598,231.49627107303166,227.91767943556277,229.0194549560547,146452300
2018-03-29,230.15650308888857,233.80559665521437,229.02828599134764,231.94578552246094,111601600
2018-04-02,231.41690411803935,231.92814298876075,224.47132084605792,226.93930053710938,186286300
2018-04-03,228.1732682393446,230.32393591836862,226.38398611035794,229.84796142578125,119956900
2018-04-04,226.30464403356794,233.01223907187764,226.17243637884116,232.30711364746094,123715300
2018-04-05,234.06113617759715,235.02190791920242,232.97700648742247,234.14048767089844,82652600
2018-04-06,232.18378222983324,233.673358014265,227.4064716488622,228.92251586914062,179521200
2018-04-09,230.37676505100026,233.43529384498132,229.11634077565296,230.05064392089844,105442900
2018-04-10,232.93290306078362,234.4930340065151,231.79589038705828,233.70855712890625,103529000
2018-04-11,232.22780953419007,234.1405034372823,232.15730774505533,232.48342895507812,91140200
2018-04-12,233.80549024324878,235.33915251720393,233.62919547435055,234.39602661132812,68890500
2018-04-13,235.7005753585113,235.81516428659432,232.70375210342695,233.70855712890625,85079200
2018-04-16,235.33916334821905,236.3968782126774,234.5194491226073,235.63002014160156,63405300
2018-04-17,237.39290453761745,238.7502992568039,236.88169262714564,238.15093994140625,64682000
2018-04-18,238.5916858634493,239.12933938618258,237.86891469295483,238.3272705078125,57303900
2018-04-19,237.67495751316204,237.87769384781993,235.97382294019738,237.00509643554688,77655900
2018-04-20,236.93451137365278,237.15486637674564,234.11395657454264,234.99537658691406,99953100
2018-04-23,235.56837191092225,236.1236709422671,233.88485609641046,234.96018981933594,65558000
2018-04-24,235.9826910730158,236.20304617086572,230.29751878896144,231.7959442138672,112885500
2018-04-25,231.73427263267587,232.80960674530996,229.91854850952944,232.368896484375,103840900
2018-04-26,233.3912538357174,235.5595399175105,232.9505437516809,234.7310028076172,67731900
2018-04-27,235.33918200158953,235.6388616272177,234.01705176562555,234.95135498046875,57053600
2018-04-30,235.56836039425437,236.1236593984513,233.07392627997427,233.1444549560547,82182300
2018-05-01,232.5803406831274,233.66449719784265,231.02903254476593,233.55873107910156,74203400
2018-05-02,233.36485118585458,234.17574281224557,231.60201055601448,231.98983764648438,86368900
2018-05-03,231.1612782885642,232.1308190231915,228.3318999811481,231.47857666015625,136311500
2018-05-04,230.50892174342403,235.15402181511192,230.1828006853937,234.47531127929688,91222100
2018-05-07,235.2422657435835,236.2382480408607,234.55473211897424,235.26870727539062,55304900
2018-05-08,234.89849893127885,235.63006591048455,233.70857620233372,235.26870727539062,67499200
2018-05-09,235.93856383142008,237.86887631255698,235.41852911669892,237.54275512695312,59666100
2018-05-10,238.28310618835678,240.09003352947272,238.1773400803513,239.76388549804688,72063900
2018-05-11,239.8873622488972,240.75995977528183,239.3761233898816,240.49554443359375,59871500
2018-05-14,240.92746691331217,241.57970945043496,240.06366517318418,240.61016845703125,54790600
2018-05-15,239.38487489995578,239.40249361788256,238.00986173509827,238.95298767089844,87036100
2018-05-16,238.98828401389073,240.41618042257653,238.96181558524657,239.95782470703125,53942600
2018-05-17,239.69343633576486,240.8304760440051,238.97948805121726,239.75514221191406,56536400
2018-05-18,239.4113811412176,239.7727666974474,238.8031989732715,239.15576171875,64368000
2018-05-21,240.63655903279187,241.4915377795711,240.2487319580376,240.953857421875,58025900
2018-05-22,241.4739348076698,241.72955426545334,239.95789058372594,240.2840118408203,52966400
2018-05-23,239.01472187827835,240.971475752457,238.85604580289476,240.94500732421875,64694200
2018-05-24,240.54835569359437,240.82159376470986,238.67092663161597,240.45138549804688,76043800
2018-05-25,239.87850952148438,240.5043103513088,239.3760935361218,239.87850952148438,56374800
2018-05-29,238.25669904659816,239.01473442804837,236.0090882306861,237.11965942382812,115908600
2018-05-30,238.42422763465862,240.7247220582596,238.3537258353478,240.2840118408203,69678400
2018-05-31,239.87844608631977,240.178125656547,238.2125762843502,238.8119354248047,93519900
2018-06-01,240.10769344433027,241.45626535039463,240.0371647610212,241.15658569335938,71258400
2018-06-04,241.97624704695025,242.55798751212566,241.73827331525345,242.3023681640625,45385200
2018-06-05,242.4346573498942,242.85774880293667,241.66782594654146,242.47874450683594,51135000
2018-06-06,243.0868470183322,244.61168651404307,242.4698422139183,244.50592041015625,62732200
2018-06-07,244.9907462065433,245.28160302621228,243.57164575012257,244.47950744628906,72969400
2018-06-08,244.02117074995135,245.2551535642236,243.85369877171357,245.2022705078125,72139700
2018-06-11,245.4226304914903,246.2423447812001,245.3080415673529,245.5283966064453,58892500
2018-06-12,245.9426616881948,246.20707697185418,245.20227199514045,245.84571838378906,72329000
2018-06-13,246.0836687594085,246.33928810853234,244.8584819643025,245.06121826171875,79070600
2018-06-14,245.92500392262775,246.20703788081565,245.08764415930972,245.67820739746094,77097600
2018-06-15,244.89564925179792,245.70134676711317,243.7889263493762,245.36489868164062,120041600
2018-06-18,243.912837792134,244.98416489512724,243.43475300624846,244.86019897460938,52917600
2018-06-19,242.59360943082888,244.1430211698944,242.17748062583885,243.9216766357422,97531500
2018-06-20,244.603401698487,245.00183265741478,244.00135106598808,244.33779907226562,53785500
2018-06-21,244.32885065596773,244.3465755045416,242.31019034834375,242.80599975585938,71061400
2018-06-22,244.06336968656635,244.17847318128233,243.0274652537223,243.24880981445312,54898500
2018-06-25,242.09780964362213,242.25717122996454,238.25527161742454,239.93748474121094,137854200
2018-06-26,240.50414217516678,241.31867497111477,239.7515653170251,240.46871948242188,68547400
2018-06-27,241.0530156445214,242.4784612120571,238.3260363559265,238.4765625,105110700
2018-06-28,238.42349268702802,240.60151539893317,237.7151739460364,239.84010314941406,76650500
2018-06-29,240.9291087243102,242.29259870231078,240.070290799281,240.18539428710938,97592500
2018-07-02,238.61826608752668,240.85827165334734,238.3791967022646,240.69888305664062,63554800
2018-07-03,241.59308793390554,241.69049356304407,239.42392806903175,239.84889221191406,42187100
2018-07-05,240.9733268418652,241.86754019174154,239.90200007581,241.80555725097656,56925900
2018-07-06,241.8322297707401,244.22273484975983,241.45149658583094,243.85089111328125,66493700
2018-07-09,244.8513343486122,246.09972087308518,244.80707624573822,246.04660034179688,50550400
2018-07-10,246.4981648755513,247.02939723604592,246.2059749184592,246.93199157714844,51966800
2018-07-11,245.382530148852,246.17052961164364,244.82473763376936,245.12576293945312,77054700
2018-07-12,246.3829637811254,247.4011429739848,245.7809132868629,247.3480224609375,60124700
2018-07-13,247.17097255653775,247.84384142076897,246.71942115875308,247.54281616210938,48216000
2018-07-16,247.58714758902812,247.7287843093492,246.87882888944463,247.32151794433594,48201000
2018-07-17,246.55128025824675,248.71160533141384,246.4981597252672,248.32203674316406,52315500
2018-07-18,248.40171700765376,248.95064719365996,247.95902788737786,248.8444061279297,44593500
2018-07-19,248.18036413165808,248.56107027763503,247.42778724848594,247.90589904785156,61412100
2018-07-20,247.70223938621334,248.33087733719734,247.46319700882336,247.62255859375,82337700
2018-07-23,247.41891322282152,248.28656644152343,247.0736028050646,248.08294677734375,47047600
2018-07-24,249.49064160583424,250.17237284975738,248.46360001759905,249.3312530517578,68026900
2018-07-25,249.08343422718482,251.77499148944142,249.03917612553772,251.45626831054688,78882900
2018-07-26,250.7391744771245,251.54484504640865,250.64176880262355,250.8631134033203,57919500
2018-07-27,251.19059746428582,251.28800309937907,248.24230046443236,249.16310119628906,76768700
2018-07-30,249.24285179323138,249.40221340119325,247.3392668484823,247.86166381835938,63742500
2018-07-31,248.62300243369685,249.69430228447183,248.24229636551306,249.08338928222656,68570500
2018-08-01,249.28707288390544,249.79174492044822,248.0209885982045,248.66729736328125,53853300
2018-08-02,247.36579266220008,250.19012385564247,247.16214597845703,250.0219268798828,63426400
2018-08-03,250.14580935728253,251.14629067682418,249.96872297486175,251.09317016601562,53935400
2018-08-06,251.128690386701,252.3239293637216,250.73912180973468,252.01406860351562,39400900
2018-08-07,252.67810121530914,253.22703138431552,252.54527286766023,252.84629821777344,43196600
2018-08-08,252.67811058599844,253.13849754684549,252.27967956747327,252.7400665283203,42114600
2018-08-09,252.80205708931322,253.19162569081698,252.261989312447,252.39479064941406,35717000
2018-08-10,250.9604109905374,251.5004786142231,249.99532516990476,250.70364379882812,77076000
2018-08-13,250.97805424486992,251.58896710839204,249.4729011278703,249.7650909423828,65732900
2018-08-14,250.49117247783963,251.59789505219464,250.10160397009915,251.35882568359375,43842000
2018-08-15,250.0130743094144,250.15473804896044,248.0475338300558,249.48184204101562,102925400
2018-08-16,250.9160746289314,252.36810725695676,250.88065194982195,251.50042724609375,69967900
2018-08-17,251.29685472442358,252.82856856746483,250.88958836311608,252.38587951660156,65618500
2018-08-20,252.83736013103712,253.19150586855085,252.38580877944412,252.9259033203125,39807500
2018-08-21,253.43945374344452,254.37795226648169,252.96134205561293,253.51913452148438,67272000
2018-08-22,253.11193086980177,253.89106802965605,252.8463011909792,253.3686981201172,44993300
2018-08-23,253.19160341162674,254.0504213412442,252.71349162101544,253.03224182128906,49204900
2018-08-24,253.6077231096326,254.69674797691286,253.55460258143327,254.55508422851562,57487400
2018-08-27,255.75032058083627,256.6711214264323,255.5909589978284,256.56488037109375,57072400
2018-08-28,257.0252637708789,257.1315318443619,256.2284288471343,256.6888427734375,46943500
2018-08-29,256.9013929354146,258.30027888148373,256.6623505008469,258.0700988769531,61485500
2018-08-30,257.5918929605646,257.96373661193746,256.4320498724357,257.0252380371094,61229500
2018-08-31,256.6180203252793,257.4768382804098,256.1310731115822,257.0341491699219,66140800
2018-09-04,256.61799092686505,256.94557650796173,255.59094906584016,256.5914306640625,57594400
2018-09-05,256.23728113360505,256.4409278252253,254.89151613831157,255.9008331298828,72452400
2018-09-06,256.00700861906597,256.30803385594004,254.10345158082768,255.1304931640625,65909900
2018-09-07,254.085789808222,255.60864105884195,253.84672045413873,254.6347198486328,73524800
2018-09-10,255.64406629350196,255.90969593769657,254.88265408992106,255.0774383544922,50210900
2018-09-11,254.43104389633044,256.36116124194683,254.08576056402885,255.91847229003906,50530500
2018-09-12,255.92742451264513,256.58259574508,255.1925724832599,255.9805450439453,59810800
2018-09-13,257.04295190384914,257.68042515569164,256.75962445423187,257.4944763183594,51034200
2018-09-14,257.69811887974004,257.8840406945149,256.75962035999163,257.53875732421875,55079900
2018-09-17,257.4856929408959,257.5210886145558,255.90085840767378,256.1753234863281,68244000
2018-09-18,256.3878005462383,258.1585568998184,256.3612402817185,257.56536865234375,61930400
2018-09-19,257.61849919719697,258.2559725900537,257.4945332782199,257.83984375,49080600
2018-09-20,259.0970602153132,260.2480409377501,257.85750925934076,259.9292907714844,100360600
2018-09-21,260.6701329824998,260.78575750232153,259.5317200165653,259.6918029785156,105479700
2018-09-24,259.1137115939335,259.25601660965026,258.2510060962114,258.8291015625,53409600
2018-09-25,259.2826786788656,259.38940064759277,258.3488343105982,258.5889587402344,44370000
2018-09-26,258.7313438038446,259.91421551245395,257.3972644981479,257.8152770996094,79739700
2018-09-27,258.2865870236804,259.6206660004718,258.0108795398294,258.5356140136719,59249500
2018-09-28,257.9130857394722,259.0604014939994,257.8775298349885,258.5623474121094,70091400
2018-10-01,259.7985457060066,260.5278487801344,258.7935622699914,259.4606018066406,62078900
2018-10-02,259.3094482421875,260.0209463727001,258.9359212233382,259.3094482421875,47258200
2018-10-03,260.35885464256023,260.77686715736866,259.09594169443756,259.4516906738281,64694600
2018-10-04,258.9713507316017,259.02471170825,255.8407224866659,257.423828125,111545900
2018-10-05,257.6462407924696,258.16207274661025,254.56007018759942,255.98309326171875,105951700
2018-10-08,255.29824864888656,256.3388422447717,253.9197111613411,255.98309326171875,87742200
2018-10-09,255.60068270102317,256.90805420357475,255.049240523284,255.60955810546875,74339000
2018-10-10,255.10257478593394,255.1737408654989,247.14258636020767,247.51611328125,214731000
2018-10-11,246.43105499541062,248.04974399043707,240.4543801338489,242.06419372558594,274840500
2018-10-12,246.15537764841622,246.4399877104538,242.2420842920822,245.4261016845703,183186500
2018-10-15,245.07031967564035,246.3955233707276,243.9585870929312,244.0475311279297,102263700
2018-10-16,246.00416376411522,249.75737362844944,245.53279028754295,249.38381958007812,118255800
2018-10-17,249.41944218007552,250.05089871671996,246.85800584754992,249.4283447265625,110626000
2018-10-18,248.49452916473874,249.09042993387257,244.5545543321718,245.8263702392578,134557500
2018-10-19,246.47559630970608,248.4055491200804,244.99921199445404,245.69293212890625,139901600
2018-10-22,246.35988075496186,246.68004663324515,244.05637465763868,244.5900115966797,82415800
2018-10-23,240.9792119371778,244.4655907891369,238.89802425628625,243.34495544433594,146352700
2018-10-24,243.0958722305184,243.47832885220126,235.42049357209595,235.97190856933594,177806700
2018-10-25,237.8040873548617,241.74406172098753,236.78129864956196,240.20541381835938,138061500
2018-10-26,236.50555084001812,241.02362004077827,233.27707512923888,235.9807891845703,201574600
2018-10-29,239.06697033859635,240.35659102695715,231.10698111147096,234.67340087890625,160749100
2018-10-30,234.50441802808442,238.462169433922,234.01523944405503,238.15087890625,157116000
2018-10-31,240.71234277026565,243.0069741099624,240.24096922248452,240.69456481933594,128296300
2018-11-01,241.55726602534855,243.4516627284058,240.4722139163721,243.25599670410156,99495000
2018-11-02,244.35883203457692,244.78574713551563,239.76959648164814,241.81520080566406,122634100
2018-11-05,242.30433388342226,243.70067647437028,241.33490636095422,243.14926147460938,65622500
2018-11-06,243.08704294125727,244.8480102481948,243.02477939313587,244.68792724609375,60085900
2018-11-07,246.85796861882702,250.00640256456597,246.43105358048592,249.92636108398438,102752100
2018-11-08,249.12590474479975,250.11313733964522,248.33436530171073,249.4727783203125,65584900
2018-11-09,248.16530726205036,248.35207067171905,245.63055242037794,247.03579711914062,98812600
2018-11-12,246.528911435274,246.76903588800957,241.9040933048996,242.41995239257812,99673600
2018-11-13,242.88235960344028,244.87457506687497,241.24589302391894,241.96629333496094,98176600
2018-11-14,243.8340951264555,244.23430258416514,238.75570812240255,240.3121337890625,125335900
2018-11-15,239.04920193961252,243.28268858618313,237.47499826716003,242.8201904296875,135101400
2018-11-16,241.72621869757143,244.3587935506492,241.21035963910745,243.45162963867188,126668000
2018-11-19,242.84687550829725,243.14038813498033,238.41774988663542,239.3338165283203,103061700
2018-11-20,236.00746255389294,237.46606866293442,234.0419270384769,234.90463256835938,136021300
2018-11-21,236.4521591402249,237.5994747294918,235.6962027211134,235.705078125,75563700
2018-11-23,234.06861109703652,235.527217228284,233.97079166091788,234.13087463378906,42807900
2018-11-26,236.3810366819656,238.13312838545468,235.98970462643132,237.91078186035156,79981400
2018-11-27,236.87907905299704,238.71121215820312,236.27430304857938,238.71121215820312,75502400
2018-11-28,239.77847091805359,244.2075958251953,238.64893332775299,244.2075958251953,127629600
2018-11-29,243.4338443710822,245.07031142067817,242.29543133041074,243.6739959716797,82346400
2018-11-30,243.52283439912432,245.71961940916108,243.20266839373255,245.1593017578125,98204200
2018-12-03,249.2770797576099,249.3838017232441,246.813490577875,248.4054718017578,103176300
2018-12-04,247.5783616693744,248.00527669492658,240.0452616142607,240.35655212402344,177986000
2018-12-06,236.50556502661695,240.1075678957514,233.41049160957218,239.991943359375,204185400
2018-12-07,239.65395115076464,241.2192792431404,233.57945653094646,234.4154815673828,161018900
2018-12-10,234.23758739782187,235.82959594381217,230.01300388121976,234.86016845703125,151445900
2018-12-11,238.05305993563306,238.23982339583532,233.44604697126593,234.9135284423828,121504400
2018-12-12,237.8841411103909,239.24490098571113,236.01642455907125,236.09646606445312,97976700
2018-12-13,237.03913056400617,237.90183601004946,234.90460973993248,236.01634216308594,96662700
2018-12-14,233.87294881626218,234.82459840670106,231.1069712205048,231.65838623046875,116961100
2018-12-17,230.70673052985472,231.81846306627645,225.4860388815235,227.11361694335938,165492300
2018-12-18,228.75003960307924,229.41707895595536,225.26363530961035,226.86453247070312,134515100
2018-12-19,226.9446507542669,230.70675017805107,221.7684306807493,223.46714782714844,214992800
2018-12-20,222.22201009148066,223.78732473209402,217.58830256839778,219.82955932617188,252053400
2018-12-21,220.72858607171847,223.38548870397216,214.68121894770843,215.3253173828125,255345600
2018-12-24,213.84037176907972,215.45061830766886,209.57323550457585,209.63584899902344,147311600
2018-12-26,211.093979247737,220.22763061523438,209.1169520452067,220.22763061523438,218485400
2018-12-27,216.998192653221,222.115175702482,213.7687595647507,221.9183807373047,186267300
2018-12-28,223.26922375327266,224.89735185930846,220.46918466599615,221.63214111328125,153100200
2018-12-31,223.25131500932955,223.81490460672552,221.38164665156634,223.5733642578125,144299400
2019-01-02,220.04876678962827,224.7274296395637,220.02193048381426,223.80599975585938,126925200
2019-01-03,222.06147084511196,222.36563825663606,217.98219041027323,218.46527099609375,144140700
2019-01-04,221.4890188084166,226.42710333610125,221.11329691449131,225.7830047607422,142628800
2019-01-07,226.05129930824398,228.96762360634867,225.15671979530634,227.56314086914062,103139100
2019-01-08,229.74599353972656,230.18432891084558,227.2232719214142,229.7012481689453,102512600
2019-01-09,230.40798400007034,231.61567225774735,229.18241397353972,230.77476501464844,95006600
2019-01-10,229.2450116148356,231.83928738611394,228.56512228014213,231.58880615234375,96823900
2019-01-11,230.51531358491874,231.7051199930724,229.9338421818793,231.67828369140625,73858100
2019-01-14,229.78173558745547,231.0699325784489,229.37919109052422,230.2648162841797,70908200
2019-01-15,230.64053836674492,233.21693219887842,230.63158383386505,232.90382385253906,85208300
2019-01-16,233.33325943861294,234.35309361191258,233.12752353728553,233.46746826171875,77636700
2019-01-17,232.59968415725848,236.09749417495806,232.5549387905483,235.23867797851562,96118400
2019-01-18,237.0458053793808,238.83496528240164,235.27452724724128,238.36976623535156,127900300
2019-01-22,236.9026577503023,237.11734819205563,233.539028560635,235.14926147460938,115531200
2019-01-23,236.17801920347108,236.87579034797807,233.18117144550067,235.64126586914062,86030300
2019-01-24,235.46234089582398,236.34799345977734,234.451461356412,235.76649475097656,59204100
2019-01-25,237.60932299896712,238.58443898655247,235.86490880279874,237.76141357421875,96883400
2019-01-28,235.62335558879,236.0169455325683,234.19202263725006,235.954345703125,85613700
2019-01-29,236.09751029838282,236.6610726340007,234.80931321615319,235.64126586914062,66136300
2019-01-30,237.15307247227437,240.21251961023302,236.39267430393105,239.37161254882812,92473700
2019-01-31,239.30903974505677,241.95698818402894,239.0943220389077,241.47390747070312,104012100
2019-02-01,241.6707188640082,242.61004400064866,240.80297539703585,241.5902099609375,85782500
2019-02-04,241.63501466190394,243.35262044444397,240.96407959535856,243.2899932861328,60744800
2019-02-05,243.71932746285626,244.61390727961893,243.2183649495019,244.30975341796875,79552800
2019-02-06,244.03244678910357,244.52445479019647,243.25416668172613,243.98770141601562,58347800
2019-02-07,242.3773806107919,242.92306102117962,240.0067503108111,241.66172790527344,95482000
2019-02-08,240.4182768919302,242.05534561170498,239.59525161560148,241.9569549560547,75788900
2019-02-11,242.61001223279428,242.8694206752519,241.56334202911273,242.0911407470703,68021400
2019-02-12,243.70136709504527,245.57996226402665,243.62978544456178,245.20425415039062,72270200
2019-02-13,246.03629437805574,246.8414107807634,245.61584075769358,246.00050354003906,65277200
2019-02-14,244.9180349153441,246.581967392561,244.10396409321197,245.4547882080078,83234400
2019-02-15,247.22601295848074,248.16533794838358,247.02027711624203,248.12954711914062,97088700
2019-02-19,247.33340539822623,249.21200092876802,247.32445086509222,248.55897521972656,59120800
2019-02-20,248.5231680196707,249.51616561794017,248.02220560446585,249.05992126464844,76610800
2019-02-21,248.4248129084809,248.78263935619668,247.2171247595832,248.17433166503906,64214700
2019-02-22,248.79153890928347,249.90976349673753,248.15639498772296,249.71298217773438,78114600
2019-02-25,251.13548588906835,251.65433034436302,249.97251535757155,250.0530242919922,69030700
2019-02-26,249.70395960975142,250.75060225020997,249.49819651357697,249.87393188476562,56844100
2019-02-27,249.15829721146872,250.1155039234547,248.2279540955296,249.76663208007812,56921600
2019-02-28,249.55191857492036,249.9902811449562,248.9794018248287,249.3014373779297,69268300
2019-03-01,250.87599029042724,251.26960763195135,249.4267752150031,250.8581085205078,78880500
2019-03-04,251.91362747398094,252.15515414421546,247.65541972937822,249.94554138183594,106494600
2019-03-05,250.07086612193086,250.2676747866207,249.05998649422446,249.6056671142578,59114600
2019-03-06,249.72189143423049,249.73084596641513,247.77171444618895,248.09375,75039800
2019-03-07,247.6464551651984,247.7895911752292,245.17743406827364,246.01834106445312,94885100
2019-03-08,244.16658535488742,245.6963089968519,243.70141373931386,245.52633666992188,85795800
2019-03-11,246.241944383977,249.24771818589943,246.2151080929026,249.08670043945312,65098900
2019-03-12,249.6413993075936,250.54493350601277,249.45354522192397,250.02606201171875,79667500
2019-03-13,250.91167447017656,252.61137010400643,250.75062940771232,251.68099975585938,80639200
2019-03-14,251.70788888521233,252.12834244134714,251.08169946783266,251.52003479003906,67518400
2019-03-15,252.07084468455997,253.57135794452324,251.88213571458323,252.7626953125,81309000
2019-03-18,252.97833933405315,253.97571096745602,252.75370929471526,253.67918395996094,62199800
2019-03-19,254.73945229726,255.50317247562955,252.85255452926685,253.74208068847656,90268100
2019-03-20,253.526398183946,254.7304116540192,251.8731247285923,252.97828674316406,84609200
2019-03-21,252.1606734468245,256.23993462503853,252.11573099309788,255.8356170654297,79550400
2019-03-22,254.4789155595248,255.00004525839176,250.8488859396825,250.9117889404297,122659300
2019-03-25,250.57027724900775,251.75633027368409,249.46511515748892,250.72303771972656,85575200
2019-03-26,252.4752137289537,253.54445509403368,251.19033626357648,252.59202575683594,68125900
2019-03-27,252.58294971576728,253.1670096654195,249.72566263249684,251.2711181640625,72224700
2019-03-28,251.90014817890042,252.6728624031701,250.75004339861144,252.22360229492188,56238500
2019-03-29,253.73305556436193,254.13737307946633,252.60990565465173,253.8139190673828,82186800
2019-04-01,255.808730776996,257.12056268797323,255.5391582447158,256.82403564453125,77617900
2019-04-02,257.0127626231394,257.18348367932794,256.1591573421968,256.9498596191406,40070400
2019-04-03,258.16278854117206,258.55813955865335,256.75210547518907,257.3541259765625,68243200
2019-04-04,257.67761523563604,258.2886023749723,256.98576457085767,258.0370178222656,48997500
2019-04-05,258.7018866821242,259.3398281950125,258.41435370537175,259.2859191894531,58621700
2019-04-08,258.8635701451157,259.591369018369,258.2076407936316,259.4835510253906,53566300
2019-04-09,258.522205126451,258.8456592016085,257.60572449284734,258.15380859375,66142300
2019-04-10,258.56705387482947,259.1241592292054,258.15374241120253,259.0343017578125,52601500
2019-04-11,259.5195414386195,259.528535413988,258.3963913438245,258.96246337890625,55093100
2019-04-12,260.57083310063365,260.9931386511058,259.0074168766403,260.714599609375,69727800
2019-04-15,260.7864442960236,260.88529575789886,259.7441577724898,260.5438537597656,49596700
2019-04-16,261.4244381773299,261.47834719052565,260.12157304356356,260.714599609375,52153200
2019-04-17,261.8287579409137,261.8557124477344,259.6633211574548,260.07666015625,58268300
2019-04-18,260.6606115425039,260.8582870044896,259.36674077689725,260.5887145996094,68708500
2019-04-22,259.8250957710666,260.96620654252615,259.73523826780877,260.8134460449219,40160100
2019-04-23,261.1817838739017,263.39216279015545,260.94818732275957,263.1585388183594,52246600
2019-04-24,263.07769295982763,263.4101409908237,262.4307574273886,262.57452392578125,50392900
2019-04-25,262.47565322395,263.06867970360906,261.2267247054764,262.4127502441406,57770900
2019-04-26,262.4577369591944,263.7066656882998,261.68499538422964,263.6347961425781,50916400
2019-04-29,263.7247025915081,264.56931386896713,263.6348450771833,264.04815673828125,57197700
2019-04-30,263.7066772500253,264.47042488251304,262.29602141570473,264.1828918457031,81111700
2019-05-01,264.8119019337827,265.018571472677,262.18821061229863,262.19720458984375,71671900
2019-05-02,262.08036361263817,262.99687175976754,260.13955670306206,261.631103515625,65030200
2019-05-03,263.10466237001356,264.4704030511326,261.7388942682371,264.1918640136719,56543700
2019-05-06,259.896981941665,263.54497195780687,259.5824943704813,263.1047058105469,107198100
2019-05-07,260.70574587597673,261.2987727607972,256.80616977337496,258.7110290527344,144729900
2019-05-08,258.3514709472656,260.0586535717971,257.7584444190409,258.3514709472656,91568300
2019-05-09,256.2849771773048,258.1718480337544,254.55081200881037,257.5698547363281,103471100
2019-05-10,256.6353077314568,259.6184010578606,253.652214405053,258.8636474609375,112429300
2019-05-13,253.76000792849115,254.7214034034117,251.52267468114528,252.35829162597656,127290500
2019-05-14,253.37366265002794,256.16807429211826,253.24788410051545,254.6405792236328,77003200
2019-05-15,253.01424507952993,256.7700521218785,252.80757560681195,256.1321105957031,73956400
2019-05-16,256.8330409507783,259.86104999438817,256.7611713913975,258.5043029785156,76749600
2019-05-17,256.2040905747572,259.3129631236966,256.18610261959776,256.8330383300781,100353000
2019-05-20,255.2336049280397,256.94078755040437,254.3889938816998,255.13478088378906,62877600
2019-05-21,256.82398306292055,257.8123606375981,256.57239853669876,257.43499755859375,46847100
2019-05-22,256.48259057914987,257.59674680267347,256.16810303909295,256.6443176269531,49482500
2019-05-23,254.4248726686738,254.46978769091064,252.0977096514474,253.50839233398438,98733800
2019-05-24,254.94608296590505,255.35942195245426,253.46353029337246,254.08351135253906,55268100
2019-05-28,254.36206462869922,255.31449378901283,251.70245267653993,251.7204132080078,70029400
2019-05-29,250.60617854574073,251.0104960321297,248.62942387678302,250.03111267089844,104972900
2019-05-30,250.785904569244,251.62154901071113,249.6178395350318,250.7140350341797,62523800
2019-05-31,248.1712922154684,248.9979154505843,247.30869307361624,247.3356475830078,86862800
2019-06-03,247.37159172372733,248.48574798655588,245.37687580180707,246.70669555664062,96428000
2019-06-04,248.99787195128627,252.1966011366948,248.54861192613726,252.06182861328125,77231900
2019-06-05,253.6791519839394,254.27217850352002,251.8731453413565,254.24522399902344,71169700
2019-06-06,254.5417215538303,256.5723579727726,253.89478610001754,255.89846801757812,69430400
2019-06-07,256.9138642871934,259.53755523499956,256.74314326213107,258.4593200683594,74272200
2019-06-10,260.0047272218072,261.3075921861058,259.5554672231737,259.64532470703125,60799100
2019-06-11,261.46036226590786,261.8287588074491,258.93552290959707,259.58245849609375,58641300
2019-06-12,259.3488670961745,259.9059451972257,258.61207399835774,259.1242370605469,47096300
2019-06-13,260.0316933843536,260.55285036170267,259.33084885188674,260.19342041015625,48945200
2019-06-14,259.9059753417969,260.5079685515309,259.1422276479497,259.9059753417969,52324700
2019-06-17,260.13953327502185,260.7685083224592,259.83403972704474,260.0047607421875,39205700
2019-06-18,261.8197473625696,263.7785143172778,261.46031743785153,262.72723388671875,85434800
2019-06-19,262.862058449699,263.85043609708407,261.8916687545038,263.3203125,78674400
2019-06-20,265.9978445130148,266.24043501972335,263.3831482581043,265.8360900878906,116570000
2019-06-21,265.5670566296167,266.8220594796023,265.23299171747703,265.4496765136719,83309500
2019-06-24,265.6573967423069,265.97338627298683,264.9711913645555,265.12469482421875,47582700
2019-06-25,265.1788831412484,265.2059687471691,262.41604112123906,262.5243835449219,82028700
2019-06-26,263.41824118962137,263.92385754593755,262.1542002988309,262.2625427246094,51584900
2019-06-27,263.02092303525444,263.6980906365372,262.64172460878746,263.1924743652344,40355200
2019-06-28,264.16764892571615,265.0434536754882,263.6530223625105,264.546875,59350900
2019-07-01,267.8694855427903,268.0861979498704,265.7476878432094,266.94854736328125,78705600
2019-07-02,266.9033916424673,267.69793952489164,266.0637102660974,267.6437683105469,61504500
2019-07-03,268.3208916824014,269.80164477374774,268.1764259500246,269.7835693359375,40898900
2019-07-05,268.5556853748782,269.63916472557844,267.2645588956779,269.47662353515625,51677300
2019-07-08,268.16730932360645,269.2959215778501,267.45401866380166,267.9957580566406,45841800
2019-07-09,266.840222998623,268.6279282653834,266.7860517816925,268.3299865722656,41101300
2019-07-10,269.3954061841779,270.5601425237143,268.8627041508156,269.6120910644531,58448500
2019-07-11,270.2530867910683,270.48781949375126,269.2418542299152,270.2440490722656,50826100
2019-07-12,270.7316782304043,271.526226150782,270.42469881644513,271.4539794921875,40326000
2019-07-15,271.88738375791934,271.88738375791934,271.0386645988323,271.5442810058594,33900000
2019-07-16,271.45393658906914,271.6616112571717,270.3614471482306,270.6684265136719,36650100
2019-07-17,270.64135633183906,270.80386996621183,268.8265380859375,268.8265380859375,36036300
2019-07-18,268.32997368121545,270.1899255172124,267.88756624619475,269.8106994628906,51392600
2019-07-19,270.9031184581802,270.9302040555339,268.14027731203566,268.31182861328125,58678600
2019-07-22,268.7091014293009,269.51268682028854,268.194475028688,268.970947265625,43638100
2019-07-23,270.09069831266294,270.8942565917969,269.26002686455917,270.8942565917969,44564500
2019-07-24,270.1357029970052,272.1672058105469,270.04540847226593,272.1672058105469,47213200
2019-07-25,271.7157538258222,271.76992502848304,270.0634494826073,270.8670349121094,55394100
2019-07-26,271.55321120558057,272.8804606370098,271.4267933768651,272.68182373046875,45084100
2019-07-29,272.56449822490094,272.68187835964795,271.6345224202421,272.1852722167969,38126500
2019-07-30,270.78587286819317,271.92352363022513,270.4066467628394,271.5172119140625,45849000
2019-07-31,271.7609178303265,271.9505446149553,266.5332033083149,268.546630859375,104245200
2019-08-01,268.70014633011544,271.65258755474997,265.4136125645929,266.2081604003906,142646600
2019-08-02,265.314330902532,265.5581013739478,262.650793388134,264.2037658691406,116749700
2019-08-05,260.1136629564653,260.2220053837113,254.36225615994783,256.2583312988281,178745400
2019-08-06,258.14529773750104,260.06845795439847,256.6735825460155,259.85174560546875,120711700
2019-08-07,256.78201534695285,260.7728029003708,254.65120730275834,260.0053405761719,140572300
2019-08-08,261.4951276540409,265.106689453125,260.9443777056149,265.106689453125,87713900
2019-08-09,264.167639801697,264.76355072411707,261.52217775603447,263.3008728027344,93730000
2019-08-12,261.80205988649254,263.2918233491414,259.1475602385619,260.0956115722656,65527600
2019-08-13,259.79760350315723,265.58513268360247,259.4545008367751,264.1405029296875,94299800
2019-08-14,260.0956003464888,260.70052138237736,256.204145582048,256.3305358886719,135622100
2019-08-15,257.2154261800236,257.9016317136364,254.96723786093705,257.00775146484375,99556600
2019-08-16,258.6600201444486,261.23323542718947,257.06188669690755,260.79986572265625,83018300
2019-08-19,263.8154737214388,264.6190316225491,263.13830611256157,263.9418640136719,53571800
2019-08-20,263.4362519312439,263.9689538188934,261.79301278192634,261.9194030761719,51596400
2019-08-21,264.0774090977041,264.42048432378965,263.39120353747325,264.0503234863281,49524700
2019-08-22,264.75444001961625,265.3864464762261,262.19924593376106,263.9689025878906,51666400
2019-08-23,262.6688127245855,264.3301272824833,255.94227013252467,257.1882629394531,149161500
2019-08-26,259.37328982123614,260.03240966796875,257.84740299073746,260.03240966796875,72423800
2019-08-27,261.4227829094938,261.79297112248156,258.2536301365124,259.0120544433594,66668900
2019-08-28,258.3530803749549,260.99854271685837,257.54949466784865,260.8360290527344,59696700
2019-08-29,263.3912519046586,264.69141659751693,262.3890289916476,264.167724609375,57899400
2019-08-30,265.6484296655696,265.6664775551436,263.1203474237136,264.0503234863281,62901200
2019-09-03,262.35278021837604,263.2646804730789,261.1790065682752,262.5062561035156,69101400
2019-09-04,264.6732746057014,265.5039182477998,263.9238602297381,265.4858703613281,46887300
2019-09-05,267.96879736456265,269.8106735830968,265.44972592383255,268.8987731933594,83258100
2019-09-06,269.21478476498777,269.7474866798832,268.53761711069353,269.1064147949219,49584300
2019-09-09,270.09057074583126,270.1808377169626,268.3028383422982,269.2418518066406,51260300
2019-09-10,268.48337640040836,269.24182830225595,267.22837353862485,269.1786193847656,57947100
2019-09-11,269.4856603743414,271.1740607730114,268.83557827685104,271.0928039550781,68821100
2019-09-12,271.99570650637503,273.0881960688336,271.23728195073244,272.0318298339844,72908700
2019-09-13,272.4742232943265,272.8263637238987,271.4810384912023,271.8512268066406,62104800
2019-09-16,270.7226346420475,271.896408609539,270.3705217396185,271.0115661621094,58191200
2019-09-17,270.81294193474486,271.78805141832373,270.6413905587591,271.6977844238281,41475500
2019-09-18,271.30945217296875,271.968571901471,269.27794933684083,271.8602294921875,73375800
2019-09-19,272.24844412507855,273.2416287217111,271.5080676481326,271.8421325683594,76560500
2019-09-20,272.44453398766126,272.72574806029104,269.7687235406922,270.557861328125,89565000
2019-09-23,269.89563042755236,271.21087820036234,269.64165479267564,270.4942932128906,43476800
2019-09-24,271.58282618385135,271.97285532348826,267.4103448279325,268.371826171875,94869400
2019-09-25,268.4534446997761,270.4036179808236,266.97493260928337,269.95916748046875,71854000
2019-09-26,269.9682417151954,270.1768477756016,267.99085778219984,269.39678955078125,56179700
2019-09-27,270.14967534254725,270.25854579792986,266.39446122946606,267.9455261230469,84746600
2019-09-30,268.4624736286267,269.8956158448682,268.4171317139182,269.1881103515625,51662400
2019-10-01,270.067820212335,270.72090399887117,265.7683680983689,265.9860534667969,88242400
2019-10-02,264.4079159140389,264.4169953695027,259.9996188362365,261.2876281738281,122539500
2019-10-03,261.06090402575535,263.45555541593865,258.34880381994094,263.4283447265625,85278800
2019-10-04,264.081418140647,267.2470481606347,264.02696908285304,266.9930725097656,65091200
2019-10-07,266.19480049123445,267.818445039267,265.5598476544299,265.8410339355469,59610500
2019-10-08,263.99081079153757,264.72552734580586,261.6777906514539,261.7140808105469,95708100
2019-10-09,263.72767961308983,265.1336114585525,263.10180603510383,264.1993408203125,62359400
2019-10-10,264.1175135711174,266.86590207252965,263.9542495447964,265.9860534667969,55296300
2019-10-11,268.73451185546395,270.9749499590257,268.61661737107397,268.74359130859375,98720400
2019-10-14,268.42629908909544,269.09754241222,268.099770727531,268.4444580078125,40394800
2019-10-15,269.48754603678105,271.8459076999341,269.369623801432,271.10211181640625,46754500
2019-10-16,270.6394458056109,271.35603084525394,270.2312854776649,270.6666564941406,48928200
2019-10-17,271.8276621175921,272.3356133684746,270.77546947468795,271.46484375,45736600
2019-10-18,270.9296954952778,271.5737002063706,269.4239728965291,270.276611328125,64304000
2019-10-21,271.5918531611871,272.30841046123777,271.15645449887944,272.1088562011719,39048600
2019-10-22,272.6440336093649,272.93429940069217,271.12925918317654,271.219970703125,48594700
2019-10-23,270.965950615548,272.0634850874928,270.75731692201106,272.0090637207031,34352200
2019-10-24,272.94331115214135,273.0884440118041,271.62806364231596,272.4534912109375,35453100
2019-10-25,271.88203808422276,274.11342465074256,271.8276167222357,273.5691833496094,45205400
2019-10-28,274.7847083190437,275.61013608971376,274.75749763127527,275.1112365722656,42147000
2019-10-29,274.8390662452186,275.9547595486964,274.7120646107723,275.029541015625,44284900
2019-10-30,275.22913658461215,276.24503908773704,273.9229683145181,275.8731689453125,49643900
2019-10-31,275.864092158819,275.864092158819,273.68715424802167,275.138427734375,69053800
2019-11-01,276.58073316174546,277.73268933726877,276.41744133237114,277.6873474121094,71141500
2019-11-04,279.2384383344362,279.37449180392974,278.43114161331516,278.80303955078125,60606900
2019-11-05,279.0025497152499,279.30189498204095,278.2043325788355,278.4945983886719,42933200
2019-11-06,278.494543609944,278.83015127599856,277.61469457781413,278.55804443359375,46487100
2019-11-07,279.89145582645773,280.87106825413883,279.06602806695554,279.5376892089844,54272300
2019-11-08,279.1930197495144,280.2815026770793,278.4945936077772,280.2270812988281,49032100
2019-11-11,278.848365987301,279.86426864392786,278.71228485760133,279.6919250488281,35797300
2019-11-12,280.05463769906544,281.17938268963474,279.5103964296329,280.2814025878906,46484600
2019-11-13,279.29278899604503,280.77130091310977,279.0660240438884,280.3721923828125,53917700
2019-11-14,280.09104877139123,280.8620552625586,279.4560957360127,280.7803955078125,51219900
2019-11-15,282.1137105902836,282.8575062211695,281.4243640106054,282.8121643066406,62023600
2019-11-18,282.5762710973889,283.25656578539156,282.1227413053871,283.0207214355469,49228000
2019-11-19,283.6194121870548,283.62849164179835,282.2951128139359,282.9391174316406,67804700
2019-11-20,282.3496028123388,282.86663359563494,280.3359287395858,281.8869934082031,79406200
2019-11-21,281.9958415043259,282.10468425402297,280.6352517705745,281.4334411621094,54664700
2019-11-22,282.1772178522817,282.31327128023827,281.05247260615073,282.0592956542969,44850200
2019-11-25,282.984501675249,284.24530029296875,282.984501675249,284.24530029296875,48647200
2019-11-26,284.2816591210013,285.0707968398084,283.9641826057425,284.8893737792969,37569000
2019-11-27,285.37010586387197,286.1592712402344,285.15242034281846,286.1592712402344,44444600
2019-11-29,285.59686381058185,285.8417876970087,284.87122697075444,285.0979919433594,36592700
2019-12-02,285.351926627072,285.4154274537873,282.2497977488334,282.6761169433594,75767800
2019-12-03,279.9640470918064,280.8620552625586,278.58532593769104,280.7803955078125,73941700
2019-12-04,281.8234099210745,283.1114189653201,281.47872286715346,282.51275634765625,49080000
2019-12-05,283.21122387869605,283.2293551051219,281.71455342008073,283.0207214355469,40709000
2019-12-06,284.92557074598903,286.00497393609896,284.91649129155104,285.6058654785156,48927000
2019-12-09,285.21586750080536,285.88708285190785,284.63533597889335,284.7079162597656,34838500
2019-12-10,284.6535275182076,285.31566348978197,283.73738821573176,284.3904724121094,52649800
2019-12-11,284.8439568182491,285.4516989977195,284.3087949163725,285.1977233886719,53429100
2019-12-12,285.206841471859,288.43597254390977,284.971024718016,287.6559143066406,96389600
2019-12-13,287.42005905278955,289.0527834416107,286.6490526203965,287.8282470703125,81503900
2019-12-16,289.5516273932872,290.39518635483904,287.7647184989822,289.80560302734375,82749700
2019-12-17,290.18664767916056,290.48596529970865,289.78753906424686,289.8691711425781,61097700
2019-12-18,290.25913538779594,290.4859003373177,289.8328161754444,289.8872375488281,48133000
2019-12-19,290.07769870351285,291.1480502526444,289.8237230792523,291.0754699707031,85310500
2019-12-20,292.1054650052227,293.48186803995895,291.13016050237536,292.3515930175781,147142100
2019-12-23,293.13550600154747,293.1901949374519,292.65240185614937,292.7982482910156,52990000
2019-12-24,293.0260371698532,293.07160199650855,292.5064646226813,292.8072814941406,20270000
2019-12-26,293.1901602146185,294.37515192605576,293.1810639379538,294.36602783203125,30911200
2019-12-27,295.0952016079266,295.1498905317027,293.7643914337797,294.2930603027344,42528800
2019-12-30,294.37524973919426,294.5119721081925,292.18758056574677,292.6706848144531,49729100
2019-12-31,292.1692833540794,293.6277198137139,291.82290156546304,293.381591796875,57077300
2020-01-02,294.9130269972677,296.14358388648566,293.9923834001532,296.1253356933594,59151200
2020-01-03,292.74365706670307,295.00423583561826,292.6889681125446,293.883056640625,77709700
2020-01-06,292.1328420420894,295.0861837981025,292.01434006994486,295.004150390625,55653900
2020-01-07,294.4389421396399,294.9129499592201,293.72795822762987,294.17462158203125,40496400
2020-01-08,294.3660286722624,296.9547400028766,294.1199284891358,295.742431640625,68296000
2020-01-09,297.3011366636997,297.820709338136,296.71775096243204,297.7477722167969,48473300
2020-01-10,298.3312381801406,298.4861809242892,296.42616567870095,296.8910217285156,53029300
2020-01-13,297.51074112791366,298.9418050156996,297.0823260256532,298.9327087402344,47086800
2020-01-14,298.49524063629786,299.54348231822837,297.9209789989077,298.4770202636719,62832800
2020-01-15,298.38587734482564,299.90809914567166,298.30384393795646,299.15155029296875,72056600
2020-01-16,300.52792945323296,301.6399841308594,300.30004962435345,301.6399841308594,54050300
2020-01-17,302.3510385750234,302.78855014536276,301.5762414127228,302.57891845703125,95846000
2020-01-21,301.62169549358066,302.7884389482875,301.5487861977557,301.9862976074219,77742400
2020-01-22,302.8432196250379,303.4904184768439,301.8679149339362,302.0228576660156,48914900
2020-01-23,301.37570973553994,302.7794576149532,300.2636547848771,302.3692626953125,51963000
2020-01-24,303.02546369041266,303.1074970853696,298.3949302922052,299.68017578125,87578400
2020-01-27,294.44811064824233,296.35318285602233,294.1108529210448,294.87652587890625,84062500
2020-01-28,296.298487210109,298.84163406721996,294.9676767051918,297.9665832519531,63834000
2020-01-29,299.32471133178075,299.55259115613137,297.5198931086739,297.7204284667969,53888900
2020-01-30,295.6603946749964,298.89630496665,294.91296997027223,298.6866455078125,75491800
2020-01-31,298.06685040639036,298.2218209474655,292.35163365596884,293.2631530761719,113845600
2020-02-03,294.73976005288546,297.30112696346464,294.6212580975968,295.4416198730469,69083000
2020-02-04,299.0421238964606,300.8104734483571,298.723086598825,299.94451904296875,62573200
2020-02-05,302.87059303020703,303.618045742721,301.4121839936726,303.40838623046875,65951100
2020-02-06,304.3654167083422,304.6206410029242,303.35361580732535,304.4292297363281,50359700
2020-02-07,303.37190028539015,304.4383624299263,302.2598454793981,302.8067626953125,64139400
2020-02-10,301.92250576733755,305.13104324290214,301.8860372115477,305.0672302246094,42070000
2020-02-11,306.41630901268127,307.20020220152,305.06725053223005,305.595947265625,54864500
2020-02-12,307.0269680668399,307.77442040951746,306.6623659881099,307.5647888183594,43992700
2020-02-13,306.1428904532812,308.20293318619815,305.8694457619048,307.2367248535156,54501900
2020-02-14,307.64690946641167,307.8474448392001,306.4528213248784,307.72894287109375,64582200
2020-02-18,306.7353777212436,307.79274347896046,305.550385905375,306.9359130859375,57226200
2020-02-19,307.902056949455,309.07789660720476,307.61948824248975,308.40338134765625,48814700
2020-02-20,307.8565243216202,308.67691395841035,304.15575813081296,307.1364440917969,74163400
2020-02-21,305.7873641141862,306.0972773213097,303.153060127596,303.97344970703125,113788200
2020-02-24,294.5483849080448,304.0464012409805,292.8164758374308,293.89208984375,161088400
2020-02-25,295.2774773337713,295.88817950725,284.1113691962221,284.9864196777344,218913200
2020-02-26,286.38112799579915,289.9633921811157,283.2090586238566,283.9382629394531,194773800
2020-02-27,278.4326260777627,283.99289834255785,271.1860656738281,271.1860656738281,284353500
2020-02-28,263.15557910658106,271.5324419822393,260.2751753707995,270.0466613769531,384975800
2020-03-02,271.82421045255126,281.80535966924487,268.40601247661044,281.7415466308594,238703600
2020-03-03,282.11520716459734,286.07119736155244,271.24078921564694,273.6745300292969,300139100
2020-03-04,279.0342862432625,285.3967010302959,276.4911395839047,285.17791748046875,176613400
2020-03-05,277.995197331708,281.17639114422417,273.46494478951723,275.6981506347656,186366800
2020-03-06,267.2118271902237,272.34368433894815,264.5502069103932,271.1404724121094,228667200
2020-03-09,250.94129282702897,259.04471406948755,249.25500410266218,249.9659881591797,309417300
2020-03-10,259.4548490211814,262.9915202948296,249.3005113667445,262.900390625,276444100
2020-03-11,255.86351506144038,256.99379025278967,246.91238758499932,250.08445739746094,255316300
2020-03-12,233.3489613279396,243.06576125881952,225.76511340861424,226.15707397460938,392220700
2020-03-13,239.8115967480577,247.45925662714072,226.53076847464146,245.49037170410156,329566100
2020-03-16,219.84020754106757,234.1692913616769,216.35821121478764,218.62789916992188,297240000
2020-03-17,223.35868442017195,233.50391264622428,216.0938883539165,230.4320831298828,262070500
2020-03-18,215.34646582603455,226.39407689191867,207.84466479454713,218.76466369628906,327597100
2020-03-19,218.08101328487268,225.49167035009614,211.67303310856974,219.22952270507812,289322000
2020-03-20,222.3707795638826,224.14952799674725,209.50696155565487,209.7820281982422,347158800
2020-03-23,209.22271174158334,210.58885308857097,200.1180920586079,204.4182586669922,326025200
2020-03-24,214.93488557553914,223.81028619851725,214.3664247760725,222.93923950195312,235494500
2020-03-25,224.5162352253458,235.04201992086357,219.82181757105965,226.27664184570312,299430300
2020-03-26,228.7797629312914,240.95590684573168,228.34882847309677,239.48892211914062,257632800
2020-03-27,232.21804924789328,239.13131375893414,230.18257586335054,232.35557556152344,224341200
2020-03-30,234.44602980585432,240.61662346155654,232.45640344110245,239.90145874023438,171369500
2020-03-31,238.90209724302795,241.44184313996882,234.92284395447982,236.32566833496094,194881100
2020-04-01,227.36769465180856,236.24309237023044,223.62682592656952,225.68980407714844,189554600
2020-04-02,224.8096867942336,231.67710529382802,224.25955349816576,230.89776611328125,177660400
2020-04-03,229.91662928983567,232.26385185645358,224.83712454211462,227.5602569580078,135561200
2020-04-06,236.40818218401068,244.80680088287363,227.54196002564834,242.84466552734375,188061200
2020-04-07,251.41744466183374,252.16929234238347,242.87215154323118,243.09219360351562,201427200
2020-04-08,245.6869771638037,253.0586948036147,243.20224201687972,251.25244140625,153774500
2020-04-09,254.5073322785615,257.8264586985217,252.57273047385536,255.07582092285156,189999200
2020-04-13,254.10397034489313,254.44321124594032,248.85024130979565,252.74697875976562,114839100
2020-04-14,257.6247131889089,261.2188637812924,252.60938312795597,260.2011413574219,134143400
2020-04-15,254.4982302449213,260.3387477403847,252.56360009643504,254.6724395751953,121775000
2020-04-16,255.94674217696698,256.75360009486184,252.8385372215808,255.90090942382812,131798300
2020-04-17,261.65902364519036,263.4194162623719,258.9267132107058,262.8143005371094,146684800
2020-04-20,259.1192277447229,262.95180422099605,257.9639789331066,258.18402099609375,100109300
2020-04-21,253.72805974076354,254.92916957927525,249.4095373940222,250.3447723388672,126385700
2020-04-22,255.2132502412028,257.6429737569609,253.89294237208824,255.90090942382812,92951600
2020-04-23,257.17538638916534,260.33863018852236,255.5800258543211,255.88258361816406,104709700
2020-04-24,257.39554010912246,260.1186727932332,255.35088916404356,259.4493408203125,85063200
2020-04-27,261.420615255831,264.3087793852271,260.96217561684955,263.190185546875,77896600
2020-04-28,266.8302216256885,267.1786402598977,261.67736409264813,261.9799499511719,105270000
2020-04-29,267.2978754969445,270.36942737195216,266.27097494933463,268.8382263183594,118745600
2020-04-30,267.462857175173,268.9390474225819,264.60219818898923,266.3351135253906,122901700
2020-05-01,261.5947967015309,266.5001059124838,258.1198167734185,259.2842712402344,125180000
2020-05-04,257.4046969992286,260.30203907180845,255.92853469244014,259.9994812011719,80873200
2020-05-05,262.81430977989436,265.20735144767355,260.1278320243504,262.4017028808594,79569900
2020-05-06,264.09793589455825,264.4830095523587,260.192020908388,260.6229553222656,73632600
2020-05-07,263.8320410550969,265.6933050734505,263.2635803176103,263.7678527832031,75250400
2020-05-08,266.8944094168429,268.5998195757135,265.7666377314456,268.1322021484375,76452400
2020-05-11,266.206792766085,269.5625751201923,265.7850360274315,268.187255859375,79514200
2020-05-12,269.36994163003214,269.78252047171196,262.70421209592996,262.8417663574219,95870800
2020-05-13,262.2825114779081,263.31858964743844,255.7726623265701,258.1932373046875,144721100
2020-05-14,255.7635079143885,261.41146013220174,250.29888679853764,261.2831115722656,121977900
2020-05-15,258.89913044969927,262.52996361907503,257.9547461562705,262.484130859375,111146300
2020-05-18,268.6914444443786,272.0839087534759,268.37055910186746,270.4793701171875,119703800
2020-05-19,269.8834715117107,271.58885385664627,267.68296642946405,267.7012939453125,95189300
2020-05-20,271.2312094120459,273.1108005640989,271.0019896139452,272.2489318847656,85861700
2020-05-21,272.1206583812847,272.92751677002803,269.278326504917,270.3694152832031,78293900
2020-05-22,270.0851015880697,271.0569912617553,268.84730912262285,270.8827819824219,63958200
2020-05-26,276.833326122004,277.07172366444183,270.90111666487996,274.22021484375,88951400
2020-05-27,277.007581296367,278.3370675296901,272.19396476879547,278.3003845214844,104817400
2020-05-28,279.3272767982314,281.3352447299404,277.1175942986496,277.78692626953125,90405200
2020-05-29,277.3193394971249,279.61153803025144,274.577879005406,279.0247497558594,119090800
2020-06-01,278.38292576798335,280.7576401144218,277.8694755298853,280.1524963378906,55758300
2020-06-02,281.069313365472,282.5179982006775,279.73985528660774,282.4721374511719,74267200
2020-06-03,284.4526057998422,287.1849160018017,284.17755322085765,286.2313537597656,92567600
2020-06-04,285.2503028822557,286.98321817364206,283.3890390401753,285.4795227050781,75794400
2020-06-05,290.86163222663976,294.56580447547407,290.79744395981476,292.7962341308594,150524700
2020-06-08,293.60316862277716,296.52801660585413,293.0622130496706,296.3354797363281,73641200
2020-06-09,293.67644251654445,296.40875303318035,292.814573695221,294.125732421875,77479200
2020-06-10,294.7034187889176,295.5927930158741,291.76939322056137,292.48455810546875,95000800
2020-06-11,285.57119193533765,286.2038408309795,275.0729417317749,275.623046875,209243600
2020-06-12,282.6188503742168,283.3890255846192,273.78014897594073,278.923828125,194678900
2020-06-15,273.2483818586524,282.65557322051234,272.0747773753375,281.5278015136719,135782700
2020-06-16,289.25711767246935,289.4038217313861,282.0962919334156,286.9465637207031,137627500
2020-06-17,287.96425988813667,288.2576679504427,285.0210574809537,285.75457763671875,83398900
2020-06-18,284.2417880969982,286.3414217497539,283.7833484028866,285.8646545410156,80828700
2020-06-19,289.323611161699,289.5169952642536,282.2878135586834,284.23095703125,135549600
2020-06-22,283.6323733290194,286.45036871018254,282.4904486423991,286.05438232421875,74649400
2020-06-23,288.69736494870455,289.6274972240298,286.9660418676936,287.3712463378906,68471200
2020-06-24,285.3360276763805,285.95305250280444,278.20816137818287,280.040771484375,132813500
2020-06-25,279.4699077593408,283.3101333609369,277.45310287638495,283.0430603027344,89468000
2020-06-26,281.94717552133596,282.1589959654122,275.7402210305701,276.32037353515625,127961000
2020-06-29,277.5726630447487,280.5195706737061,275.2887864464556,280.3814392089844,79773300
2020-06-30,279.94875319007417,285.6676517208702,279.7922134838648,283.97314453125,113394800
2020-07-01,285.08742860608777,287.22395639224413,284.62697148514405,285.9622802734375,72396500
2020-07-02,289.38797461324,290.7325291406338,286.8738976557018,287.5369567871094,69344200
2020-07-06,291.3496151795207,292.55601050927066,290.6036769406393,291.975830078125,61713800
2020-07-07,290.4379766600847,292.40871878523126,288.58692979485284,288.9645080566406,82910000
2020-07-08,289.7287492933504,291.2850962513282,287.96982822881216,291.1745910644531,54638600
2020-07-09,291.7823777440841,292.0218243686505,286.10954433852584,289.5169372558594,83354200
2020-07-10,289.4525470058198,292.74021752489676,288.02514120267125,292.47314453125,57550400
2020-07-13,294.81228763297554,297.1882340667077,289.2868020526864,289.9406433105469,102997500
2020-07-14,288.522406144319,294.4715320808562,287.32522893206374,293.6979675292969,93657000
2020-07-15,296.9118887955538,297.49206911744704,294.0202053194717,296.39617919921875,87196500
2020-07-16,294.49912983927373,295.87128286396967,293.85447872341933,295.4200439453125,54622500
2020-07-17,296.42383888823116,297.0592718738817,294.4530691984586,296.2764892578125,62774900
2020-07-20,296.00935218735395,299.41674490566004,295.2634141664596,298.6708068847656,56308800
2020-07-21,300.63245415579655,301.0744749886083,298.32095050262376,299.30633544921875,57292200
2020-07-22,298.94714058873586,301.32311478404205,298.83663538971115,301.0099792480469,57792900
2020-07-23,300.65084417889534,301.3507479273714,296.05549155599056,297.4184265136719,75738000
2020-07-24,295.56746146986495,296.5251921252175,294.00189588834417,295.50299072265625,73766600
2020-07-27,296.193647698937,297.8328739008944,295.40164684860423,297.65789794921875,48293000
2020-07-28,296.9303216498821,298.0446479275418,295.4752897615271,295.7699890136719,57495000
2020-07-29,296.64485042658015,299.9693649980808,296.60800599281623,299.4075927734375,48454200
2020-07-30,296.44227447076116,298.7537780991364,294.36102749576685,298.33935546875,61861700
2020-07-31,300.1259370973195,300.79821459184643,295.9173523890963,300.6968994140625,84986800
2020-08-03,302.3545227663099,303.5516998495723,301.8111868221174,302.787353515625,53077900
2020-08-04,301.930856580021,303.9568786621094,301.930856580021,303.9568786621094,41917900
2020-08-05,305.2554476092795,306.10270108517585,304.98837460760626,305.8448181152344,42697700
2020-08-06,305.26457778295924,308.008883470918,304.94225226748324,307.88916015625,43679400
2020-08-07,306.922272863609,308.3957411535914,306.0197668612782,308.1102600097656,57308300
2020-08-10,308.56154419446693,309.2153854806249,306.6276185368531,309.0312194824219,44282100
2020-08-11,310.2099129722672,310.8453459347755,305.7526922046899,306.4801940917969,69601100
2020-08-12,308.91146746286313,311.52686046889016,308.88384116049235,310.7532958984375,53774400
2020-08-13,309.98886506986986,311.49917760274417,309.2705532345938,310.19146728515625,41816100
2020-08-14,309.8046668206931,310.73479890808306,309.07713692746546,310.2006530761719,47260400
2020-08-17,311.2136919707807,311.5820519648369,310.2098990427494,311.1860656738281,35481000
2020-08-18,311.58210731482745,312.2820111007127,309.98891563003593,311.8583984375,38733900
2020-08-19,312.2360098565189,312.7517196619163,309.9981946540898,310.5599670410156,68054200
2020-08-20,308.83774337602864,312.0056901723592,308.70883001435334,311.5268249511719,42207800
2020-08-21,311.19527337116966,312.8529073408649,310.8545115814278,312.63189697265625,55106600
2020-08-24,315.06311760311377,315.87352648257695,312.6042927708127,315.79986572265625,48588700
2020-08-25,316.36163229349035,316.9878471615432,315.2012714878101,316.90496826171875,38463400
2020-08-26,317.4943564112972,320.34916765874164,316.9510204608459,320.0821228027344,50790200
2020-08-27,320.9477683119042,322.22782424225835,319.12434835411756,320.781982421875,58034100
2020-08-28,321.804237442081,322.983006410203,320.61625033931085,322.85406494140625,48588900
2020-08-31,322.6422984405211,323.5171500758055,321.4543112428884,321.6845397949219,66099200
2020-09-01,322.51332671022755,324.8156120146118,321.6200388879637,324.7143249511719,54908700
2020-09-02,326.6206419236981,330.37795938167653,325.4786892390397,329.4110107421875,69540000
2020-09-03,327.72571683022153,328.19539204398836,315.4959779391516,318.0745544433594,148011100
2020-09-04,318.7560217314167,320.32155893623025,308.3865193279406,315.4775695800781,139156300
2020-09-08,310.0810183653904,315.54206103531834,306.5539292774732,306.8578186035156,114465300
2020-09-09,310.8545223596372,315.3762136597868,309.9888609153848,312.9173889160156,91462300
2020-09-10,314.78681929289183,315.44066034104674,306.52621987560775,307.4839782714844,90569500
2020-09-11,309.26138178450964,310.32042738546795,304.8225690491499,307.64056396484375,84680200
2020-09-14,310.7992781526269,313.46073328485505,307.78789928384793,311.69256591796875,65605700
2020-09-15,314.1422160421619,314.97103311859536,311.70179927663685,313.2673645019531,52920900
2020-09-16,314.5013391992171,315.92874461250403,311.7477873154288,312.0240783691406,82096000
2020-09-17,307.1800415307334,310.99263860758003,306.65511385712773,309.27972412109375,91523300
2020-09-18,310.08323122180803,310.1941787550104,303.24119391420174,305.7191162109375,105877900
2020-09-21,301.14235702314835,302.4645288032245,297.47169236186676,302.31658935546875,99450800
2020-09-22,303.7960278580259,305.9503348545205,301.2903399000604,305.39556884765625,63612100
2020-09-23,305.95029107636867,306.2276881483939,297.8138181951708,298.3131103515625,93112200
2020-09-24,297.0001579503366,302.15941605078405,295.68721289484193,299.1082458496094,76681300
2020-09-25,298.2577132755709,304.7299188674738,297.3886144839091,303.94403076171875,71069400
2020-09-28,308.0953240484511,309.7041195983492,307.1059949203024,308.9921875,64584600
2020-09-29,308.78890660469386,309.5285759012924,306.61608924814516,307.3095397949219,51304000
2020-09-30,307.97519790754353,312.78313211808506,307.781039690102,309.6394958496094,104081100
2020-10-01,312.2283956676877,313.1992150632846,309.7504726983646,311.6274108886719,88698700
2020-10-02,306.68994901464,311.5995746419569,306.2183938043288,308.6685791015625,89431100
2020-10-05,310.7211794634582,314.32711504704287,310.6749607343537,314.1422119140625,45713100
2020-10-06,314.28103543468586,316.37064209992303,309.16799456037955,309.676513671875,90128900
2020-10-07,312.6259052380061,315.87126190492677,312.598168352672,315.0668640136719,56999600
2020-10-08,316.9992592418316,317.92385966066934,316.0838856399177,317.859130859375,45242500
2020-10-09,319.50504152354176,321.1600848112874,318.88557480562906,320.6977844238281,59528600
2020-10-12,323.2310413996827,327.3270142850216,322.7410043300661,325.8569030761719,80388500
2020-10-13,325.71820121665775,325.89387753565416,322.7687239239019,323.7303161621094,73255500
2020-10-14,324.30366960004284,325.39469156684834,320.96587488382295,321.6962890625,57727900
2020-10-15,317.7944619067174,321.7794882050628,317.25820597808996,321.2987060546875,60357700
2020-10-16,322.6486204375523,324.30366342738694,320.9288768497177,321.10455322265625,89501900
2020-10-19,322.36198948401005,322.9907111121093,315.3257925506402,316.22265625,68425600
2020-10-20,317.56327447111846,320.72542054305353,316.8051235185024,317.48931884765625,60051900
2020-10-21,317.443073902537,319.6066638803036,316.5832022185799,316.8883361816406,63575000
2020-10-22,317.1010016263074,319.20908978421284,314.96517658013624,318.6265869140625,55399300
2020-10-23,319.8470889921267,319.9025627725712,317.25821851614603,319.7084045410156,49143900
2020-10-26,316.33359795190205,317.1195140807674,310.31443920384794,313.8002014160156,91473000
2020-10-27,314.1422764667609,314.4751191044585,312.5057155150436,312.7183837890625,65994100
2020-10-28,307.0598897426626,312.7461782493359,301.54002258547484,302.0300598144531,127094300
2020-10-29,302.26117045534187,308.2618190207296,300.57839067530114,305.0997009277344,90597700
2020-10-30,303.52789396877716,304.8315842442729,298.27616915749184,301.9190979003906,120287300
2020-11-02,305.30316162109375,307.3002742972392,302.56632324038145,305.30316162109375,86068300
2020-11-03,308.52988951947157,312.74606480991656,305.3862540087451,310.6934509277344,93294200
2020-11-04,315.15928696801785,321.70547377095147,313.9850545875487,317.6372375488281,126959700
2020-11-05,322.907491721787,325.63507467035436,322.55613899305547,323.83209228515625,82039700
2020-11-06,323.5454189031764,325.00630337123437,321.43733106964845,323.7580871582031,74973000
2020-11-09,336.52688050400957,336.90597013486416,327.3640851994297,327.8263854980469,172304200
2020-11-10,326.8370033607283,328.39958037530033,324.0817120840673,327.3455505371094,85552000
2020-11-11,329.5276530081711,330.6001931058199,328.28869157206935,329.7773132324219,58649000
2020-11-12,328.76942360523407,329.82348168786507,324.7751710085161,326.578125,67546200
2020-11-13,328.48285175165734,331.8391565132532,327.965077662347,331.0994873046875,62892200
2020-11-16,333.762310414162,335.42658008620566,332.4771021299016,335.232421875,74541100
2020-11-17,332.8284586496354,334.63144099542336,331.3213552496351,333.429443359375,66111000
2020-11-18,333.6976230414402,334.24313403742127,329.3797256027603,329.4167175292969,70591300
2020-11-19,328.7879360767462,331.1733928980095,327.44725409515723,330.8035583496094,59940900
2020-11-20,330.5447258643978,330.7481391320541,328.4643744428736,328.538330078125,70417300
2020-11-23,330.34126910985094,331.7651617960009,328.1129784945893,330.5076904296875,63230600
2020-11-24,333.0503479254816,336.37891546594994,332.1997312419318,335.8334045410156,62415900
2020-11-25,335.75020670349176,335.77794359169803,334.2246214190069,335.3156433105469,45330900
2020-11-27,336.4066780190502,336.7210388362217,335.24167223686067,336.24951171875,28514100
2020-11-30,335.47285766997896,335.7409997721045,332.08884395768695,334.76092529296875,83872700
2020-12-01,338.00618794494244,339.9570813197066,337.4144301223281,338.4222412109375,74231400
2020-12-02,337.3127522431998,339.2913825881508,336.7395044630417,339.13421630859375,45927000
2020-12-03,339.0324624961436,340.42861810719086,337.94144081350913,339.0417175292969,62882000
2020-12-04,339.62432345507125,341.96356201171875,339.53185774514355,341.96356201171875,50749900
2020-12-07,341.19604390236077,341.75080980917244,339.9940746180739,341.2607727050781,48944300
2020-12-08,339.9940864550397,342.82336164005824,339.9478677180988,342.2593688964844,42458900
2020-12-09,342.91589783781166,343.0730641489794,338.3576233487797,339.18975830078125,74098300
2020-12-10,337.82132486772645,340.12357138803657,336.95219802540623,339.07879638671875,57735400
2020-12-11,337.38671728522763,339.0879788216525,335.8703871356922,338.68115234375,57698600
2020-12-14,340.8447456280566,341.91725738932104,336.9891490851876,337.1648254394531,69216200
2020-12-15,339.69817587761173,341.7230529785156,338.3297853661233,341.7230529785156,63865300
2020-12-16,341.935753088197,343.1747143338236,341.0573713537836,342.2593688964844,58420500
2020-12-17,343.8960014260122,344.37678365275156,343.0730932236162,344.1733703613281,64119500
2020-12-18,344.46113944048307,344.6282701572163,340.79338813671035,342.7990417480469,136542300
2020-12-21,338.8898932592316,351.4159127548199,336.15997816972384,341.5733642578125,96386700
2020-12-22,341.89839793934385,342.0098184311258,339.87418344037354,340.9977111816406,47949000
2020-12-23,341.9633643931626,343.20760697353194,340.979112376798,341.3041076660156,46201400
2020-12-24,341.7776565578183,342.659782611028,341.19269902115246,342.6319274902344,26457900
2020-12-28,345.1761449139129,345.9654111690172,344.5540377310399,345.575439453125,39000400
2020-12-29,347.09821664709926,347.27464186044676,344.3311518128284,344.9161376953125,53680500
2020-12-30,345.73332055862136,346.4390215375945,345.01835342882407,345.4083251953125,49455300
2020-12-31,345.2132645868987,347.8874694685123,344.7025779385661,347.1632080078125,78520700
2021-01-04,348.4910332362678,348.6210426946345,338.7506384714175,342.43695068359375,110210800
2021-01-05,341.7962685644844,345.8818471316903,341.7498244688002,344.7954406738281,66426200
2021-01-06,343.29118386394964,350.04170094295614,342.743347597711,346.8567810058594,107997700
2021-01-07,349.2245069915542,352.7529537930365,349.04808181779595,352.0101318359375,68766800
2021-01-08,353.3937336428552,354.22941562712896,350.1531317059406,354.015869140625,71677200
2021-01-11,350.84951439553026,353.3844152987946,350.7287994312137,351.6294860839844,51034700
2021-01-12,351.8151841603632,352.71584242095815,349.4659464169587,351.7037353515625,52547700
2021-01-13,351.62941645625875,353.6443358349037,350.8494449222503,352.65081787109375,45303600
2021-01-14,353.3936612748807,353.89508169750326,351.0816016465891,351.4158630371094,49989100
2021-01-15,349.8002212044383,350.59875344385847,346.9960355450777,348.8531188964844,107160000
2021-01-19,351.3045005009363,352.13091630295105,349.8281224423444,351.59234619140625,51233300
2021-01-20,353.87651262058415,357.2935676023044,353.48654097639,356.4578857421875,61836100
2021-01-21,357.0150639404166,357.4422136144088,355.8636810590546,356.7829284667969,47840100
2021-01-22,354.9350642448892,356.6807271719311,354.5543587480902,355.5200500488281,52860500
2021-01-25,356.25356805531067,357.2749411455946,351.41584591793816,356.922119140625,70402000
2021-01-26,357.86928439217473,358.2778450349725,356.1329158287073,356.36505126953125,42665300
2021-01-27,353.0500980152295,353.14295784515673,345.4267792034528,347.6552734375,123351100
2021-01-28,349.465906140877,354.6378897005829,349.02951878829003,350.6451721191406,94198100
2021-01-29,348.7881786860428,349.75387014169314,341.95409595375736,343.62548828125,126765100
2021-02-01,347.0146573120808,350.37597423640665,343.91333096928156,349.3453063964844,75817600
2021-02-02,352.52084118245415,355.83574176244537,349.42880987347587,354.2850646972656,64450700
2021-02-03,355.11149587959494,356.281467508707,353.2915620518551,354.56365966796875,52427100
2021-02-04,355.59430609700564,358.63992160762723,354.67505892160796,358.593505859375,47142600
2021-02-05,360.4598874996903,360.71058354923707,358.54709392712255,360.0048828125,48669800
2021-02-08,361.4534777465929,362.6513046740329,360.59923510850524,362.6048889160156,38365200
2021-02-09,361.76912302259905,362.95768361802595,361.3605907389764,362.3634033203125,35551100
2021-02-10,364.09979957873327,364.24836966450124,359.8099410732521,362.20556640625,59154400
2021-02-11,363.2826838806573,363.7005390243798,360.3670773709089,362.7905578613281,42913300
2021-02-12,361.9920325190132,364.82407372216704,361.91773330512245,364.5826721191406,50593300
2021-02-16,365.80828939947554,366.0033035639086,363.5519398125603,364.26690673828125,50972400
2021-02-17,362.52135717971964,364.60128206037706,361.50922152730385,364.3505859375,52290600
2021-02-18,361.7505480599932,363.542626693373,360.0327402924635,362.7998046875,59712800
2021-02-19,364.05341301185115,364.34125872083973,361.71346939446187,362.1591796875,83241000
2021-02-22,359.4013597570989,361.77842431901905,359.1042196026477,359.3735046386719,67414200
2021-02-23,357.1729115862207,361.15636405887625,353.0316228676275,359.8099670410156,107284100
2021-02-24,358.72354113198065,364.20196042155277,357.7392890909114,363.7748107910156,72433900
2021-02-25,362.5119712403062,363.8769286831077,353.5701100677541,355.00933837890625,146670500
2021-02-26,356.8850154751008,358.0271036542426,351.20234468696304,353.18011474609375,152701600
2021-03-01,358.0364901808045,362.9856346855263,353.3752197529631,361.7413635253906,105348800
2021-03-02,361.9641337209318,362.19626914684636,358.41709761211445,358.91851806640625,79595300
2021-03-03,358.22212100889243,359.1877840030245,354.06224386816876,354.1643981933594,119940200
2021-03-04,353.97867561907805,356.5600204671109,345.30609935501286,349.78167724609375,183433000
2021-03-05,353.27297148908974,357.26571784913307,346.01179684391315,356.2164611816406,152039600
2021-03-08,357.17293919990277,359.97712560372787,354.1644724397162,354.4430236816406,123149200
2021-03-09,358.2777972390248,362.04767402813786,357.7763768194202,359.50347900390625,113633600
2021-03-10,361.8435178759324,363.43131668977617,360.43214430105473,361.7413635253906,109899400
2021-03-11,364.2019341812967,367.3775310399198,363.7469294630154,365.4090270996094,86245000
2021-03-12,364.0533645809201,366.04042915723414,363.2455378059453,365.9011535644531,64653600
2021-03-15,366.15186917399524,368.343242519141,364.0162344057818,368.083251953125,73427200
2021-03-16,368.6960999272851,369.40177242737843,366.84828247321997,367.6189880371094,73722500
2021-03-17,366.3375684287189,369.67102984650717,365.19545189698175,368.87249755859375,97959300
2021-03-18,366.2912103516865,368.371135091279,362.82773894437463,363.5055847167969,115349100
2021-03-19,363.205574280837,364.77995178052817,360.66234252833834,362.83294677734375,113624500
2021-03-22,363.3452527508921,367.10885537239466,363.2893600550484,365.7301025390625,73778600
2021-03-23,365.09665013615654,366.5405922291803,362.0690057743006,362.8515319824219,90686600
2021-03-24,364.248968775631,365.87923909623805,360.9604817803928,361.0070495605469,97588600
2021-03-25,359.5724129695901,363.82972563036685,357.63470442840975,363.03790283203125,116128600
2021-03-26,364.18376357430776,369.2888490443927,363.58756519155156,368.8882751464844,114409100
2021-03-29,367.4163760803508,369.60560209374427,365.9351623341809,368.70196533203125,108107600
2021-03-30,367.43499693096027,368.39452632963565,366.13075792489735,367.7237854003906,76262200
2021-03-31,368.2919754370403,370.76998933005086,368.26402908759354,369.2142333984375,112734200
2021-04-01,371.1426257443496,373.2573371455199,370.93767636691575,373.201416015625,99682900
2021-04-05,375.8565200890422,379.0984396024881,375.7820059480064,378.55810546875,91684800
2021-04-06,377.9991469225459,379.3778716395841,377.66376224160524,378.3345031738281,62021000
2021-04-07,378.16681558663885,379.1170200378233,377.7103490017058,378.7723388671875,55836300
2021-04-08,380.02055999616584,380.6260831226117,379.0889772078951,380.5701904296875,57863100
2021-04-09,380.4491519037927,383.50474266034735,380.3280415787718,383.3370361328125,61104600
2021-04-12,382.74087863290447,383.7469757570129,382.135355372954,383.4768371582031,56704900
2021-04-13,383.37441024740957,385.23757653606214,382.9924577466764,384.6134033203125,56551000
2021-04-14,384.58536523914717,385.6380584899132,382.7594706720506,383.2998046875,61659900
2021-04-15,385.43314308577106,387.6875864651336,385.3865753074208,387.41741943359375,60229800
2021-04-16,388.70298586402646,389.31783402254797,387.28699001478793,388.7123107910156,82037300
2021-04-19,387.78073043129933,388.2278720552796,385.4797193923822,386.80255126953125,78498500
2021-04-20,385.5914650988826,386.69072605086455,382.498603179726,383.97052001953125,81851800
2021-04-21,383.3556830388797,387.80864810285476,383.21592286206607,387.60369873046875,66793000
2021-04-22,387.43607511013636,388.2651692129653,383.00173084573123,384.063720703125,97582800
2021-04-23,384.6226532391619,389.6345741269456,384.54813911119874,388.2278747558594,73209200
2021-04-26,388.8800074072831,389.60664100563645,388.2931055721406,389.0383605957031,52182400
2021-04-27,389.33648125494796,389.53213415675737,387.8179963971385,388.95452880859375,51303100
2021-04-28,389.2246953658085,390.342606350338,388.3769514146441,388.8427429199219,51238900
2021-04-29,391.56292987909427,391.93555735176267,387.94838369193803,391.3207092285156,78544300
2021-04-30,389.057011063111,389.90475500080083,387.8552610382918,388.74957275390625,85527000
2021-05-03,390.7338109557142,391.11576335825885,389.09424437535307,389.5879821777344,68128300
2021-05-04,387.6037329855272,388.09747082223015,383.5047736052085,387.18450927734375,101591200
2021-05-05,388.8241183887439,389.0570141395226,386.7466780571217,387.3056335449219,60162200
2021-05-06,387.3801805344539,390.5289359008101,385.3772825937991,390.3985290527344,74321400
2021-05-07,391.16239525650957,393.8919265936675,390.4823294392389,393.23980712890625,67733800
2021-05-10,393.59381081117,393.81738162988034,389.2246843410474,389.3457946777344,81852400
2021-05-11,384.8369282355566,386.8584473474661,382.0049080638009,385.8709716796875,116888000
2021-05-12,383.09488503627756,384.3618242624742,376.3595297518344,377.6730651855469,134811000
2021-05-13,379.2194353787123,384.13819166106964,379.1728391786905,382.2098083496094,106394000
2021-05-14,384.93945733886034,388.9266319996469,384.9115109821357,388.0788879394531,82201600
2021-05-17,386.97028771615726,387.90187074432333,385.0791468765085,387.09136962890625,65129200
2021-05-18,387.3522140021612,387.59443468838975,383.5979355139091,383.7563171386719,59810200
2021-05-19,379.0797117393857,382.92712508894346,377.5984699667049,382.7501220703125,106467100
2021-05-20,383.62581816312553,388.1253793888649,383.50473626977606,386.86773681640625,78022200
2021-05-21,388.3490042918943,389.5880256140857,386.0945893314259,386.5510559082031,76578700
2021-05-24,388.7868558465473,391.5629834929008,388.54463516280316,390.4916687011719,51376700
2021-05-25,391.57227976579446,391.9262858634761,389.0476977323679,389.6252746582031,57451400
2021-05-26,390.2122010644439,390.9015634477315,389.17815748951244,390.3985290527344,43088600
2021-05-27,391.42328278237954,391.9356421143981,390.3239931202354,390.6034851074219,56707700
2021-05-28,392.1684587891069,392.42930086674016,391.069197778342,391.3020935058594,58520200
2021-06-01,393.6589206542093,393.7986523776429,390.5194914059235,390.95733642578125,54216600
2021-06-02,391.6095674253817,392.410743642536,390.60347022695476,391.5722961425781,49097100
2021-06-03,389.26197808041053,391.2555509981351,387.7993858877597,390.1190185546875,58138800
2021-06-04,391.96345581454096,393.98500296201263,390.1841292880553,393.6868896484375,55938800
2021-06-07,393.67771179486715,393.8547148640748,392.3735010978064,393.3050842285156,51555000
2021-06-08,394.1620563356279,394.25522031845156,391.56296032167944,393.38885498046875,47134300
2021-06-09,394.22738419206837,394.30192677103173,392.578492110719,392.80206298828125,48436300
2021-06-10,394.02225396425393,395.57800975260335,392.708718801907,394.6277770996094,51020100
2021-06-11,395.1775688004502,395.39181472194224,393.89197955285624,395.280029296875,45570800
2021-06-14,395.39174825118516,396.26743850654356,394.1527554254345,396.16497802734375,42358500
2021-06-15,396.3140447697688,396.3512876197017,394.56266421460623,395.4383544921875,51508500
2021-06-16,395.57807599910893,395.8016468115362,391.19032822728997,393.23046875,80386100
2021-06-17,392.8205731235447,394.07818729216916,390.63134762723126,393.10003662109375,90949700
2021-06-18,389.82509911514796,390.51671667728624,387.5913466663332,387.7969665527344,118676300
2021-06-21,389.5540951870982,393.53563141151994,388.74097097735967,393.34869384765625,72822000
2021-06-22,393.33932268734105,396.28340358966534,392.6196388178262,395.4515686035156,57700300
2021-06-23,395.5263737663793,396.3301424887815,394.8908317268986,394.9749450683594,49445400
2021-06-24,397.115319978314,397.7321512462469,396.86295139148933,397.31158447265625,45110300
2021-06-25,398.05925946140326,399.17147241602134,397.73213297075046,398.72283935546875,58129500
2021-06-28,399.2462030135846,399.6948074887242,398.0498768754374,399.5265808105469,53159600
2021-06-29,399.9098038354574,400.5453458904214,399.20883078354126,399.7415771484375,35970500
2021-06-30,399.2835611544407,400.75093815402226,399.25552337520446,400.0780029296875,64827900
2021-07-01,400.8349475624241,402.4518684729153,400.7695165869497,402.29296875,53441000
2021-07-02,403.45206040174946,405.72320623377107,402.3772122424309,405.3680419921875,57697700
2021-07-06,405.42411100289456,405.63908633581775,401.90056347036705,404.6296691894531,68710400
2021-07-07,405.3119686849688,406.34006819983387,403.3025183056718,406.0596618652344,63549500
2021-07-08,400.75094475455643,403.5081166897468,399.57330096190816,402.7510681152344,97595200
2021-07-09,404.2557870176814,407.3494121346729,402.55475241821676,407.0503234863281,76238600
2021-07-12,406.9662877159468,408.76079142536776,406.53636552867664,408.5084228515625,52889600
2021-07-13,407.72331850573784,409.2187334442086,406.854118733952,407.1158142089844,52911300
2021-07-14,408.8075027783235,409.29352904474496,406.48028123314407,407.72332763671875,64130400
2021-07-15,406.3868250791765,407.059760411339,404.4334500856128,406.33074951171875,55126400
2021-07-16,407.5084154784258,407.5551356129404,402.7511477644121,403.1436767578125,75874700
2021-07-19,398.3303448309812,403.209119261047,394.3862012992217,397.1900939941406,147987000
2021-07-20,397.85366978150347,404.1531013655724,397.05922782172377,402.8819885253906,99608200
2021-07-21,404.07824240394586,406.28398573679834,402.83519609526724,406.1437683105469,64724400
2021-07-22,406.3213884076943,407.23733686784163,405.34003746820474,406.99432373046875,47878500
2021-07-23,408.91963853760046,411.5179109011736,408.2373763394922,411.18145751953125,63766600
2021-07-26,410.5926462837905,412.20021236866125,410.5459261537889,412.19085693359375,43719200
2021-07-27,411.15338725210887,411.18142503169713,407.4896224241449,410.3122253417969,67397100
2021-07-28,410.93839316496434,411.51785959844165,408.72332311063053,410.1439514160156,52472400
2021-07-29,411.06927031045103,412.91982079238494,411.05991487644866,411.8450012207031,47435300
2021-07-30,409.28412555399376,411.29357581662805,409.1532635675781,409.84490966796875,68951200
2021-08-02,411.55528082300833,412.1067095157106,408.62988215553224,408.98504638671875,58783300
2021-08-03,409.7795060797524,412.43385397257424,407.5924735593852,412.3123474121094,58053900
2021-08-04,411.03187281061224,412.28427447929056,410.0505220211944,410.2841796875,46732200
2021-08-05,411.4431679198543,412.96662067268136,411.1253968736616,412.88250732421875,38969700
2021-08-06,413.2002671340216,413.9853535543252,412.9198607907698,413.56475830078125,46930000
2021-08-09,413.53671760242094,413.8544886377314,412.4618979342041,413.2283020019531,41222600
2021-08-10,413.67690908891893,414.4526685963435,412.9946468851688,413.7423400878906,43339300
2021-08-11,414.8078705152535,414.86394608441594,413.6863020866646,414.7704772949219,44034300
2021-08-12,414.62089804805976,416.15370620330873,413.72366049428854,416.01348876953125,38909400
2021-08-13,416.46212471839107,416.7892511950456,415.9761269822574,416.77056884765625,39470300
2021-08-16,415.47142121296486,417.8827560853764,413.91993068902,417.7519226074219,73740000
2021-08-17,415.2003367624512,415.87327201338974,412.0319534928369,415.013427734375,92673900
2021-08-18,414.00406428357036,415.5649103189403,410.22817626839674,410.4711608886719,89351900
2021-08-19,407.7513380397817,412.3030136509168,407.61114913490746,411.1066589355469,92812200
2021-08-20,411.452559017406,414.7050561972092,410.9665327094938,414.3779296875,72008700
2021-08-23,416.0602189821948,418.9295421673049,414.45265298648917,418.02294921875,54973000
2021-08-24,418.6865234375,419.21926979163254,418.1724879522138,418.6865234375,38744700
2021-08-25,418.8733849636058,420.079037833394,418.49950992653027,419.56500244140625,40529700
2021-08-26,419.2846772641112,419.5183349461485,416.9948490937456,417.08831787109375,57829600
2021-08-27,417.8921060042868,421.19135148689224,417.83603043980827,420.8175048828125,77235100
2021-08-30,421.4904164695936,423.4531466839395,421.2474033554113,422.6680603027344,48357400
2021-08-31,422.57464706002395,422.91110047218524,421.4437517278113,422.0419006347656,59300200
2021-09-01,422.9764722664043,423.4905077483613,422.03248612109024,422.2661437988281,48721400
2021-09-02,423.6867836507604,424.3690457877398,422.3689509787344,423.5652770996094,42501000
2021-09-03,422.4344228744772,423.9765579301553,422.0325099688313,423.4624938964844,47170500
2021-09-07,423.1167138270563,423.21018261431715,421.2754899564276,421.94842529296875,51671500
2021-09-08,421.4156743425341,422.14468518971387,419.5183465302411,421.4343566894531,56181900
2021-09-09,421.23805907529504,422.98581388405796,419.38748005990004,419.6304931640625,57970400
2021-09-10,421.55580611377326,421.9763727824504,416.2003623513121,416.3218688964844,89948200
2021-09-13,419.3127250750678,419.57442052650157,415.07882068151736,417.3873596191406,83738600
2021-09-14,418.82672304337876,419.03234294728094,414.2470381175579,415.13494873046875,78197100
2021-09-15,415.55554197274927,419.0978006931455,414.45268447355176,418.6024475097656,78792200
2021-09-16,418.07903168064803,419.0510271190857,414.99473310868217,417.9388427734375,77786700
2021-09-17,417.16810338516024,417.5900174422534,413.5113432060983,413.8676452636719,118425000
2021-09-20,407.7543985068498,409.3296017705494,402.10987722418974,406.966796875,166445500
2021-09-21,409.30147394535885,410.59540113058426,406.0572991890718,406.5823669433594,92526100
2021-09-22,408.85136298150707,412.5831207202877,406.69483696311266,410.5484619140625,102350100
2021-09-23,412.4143728690153,417.14001100580157,412.17996661282217,415.5366516113281,76396000
2021-09-24,413.90522575092706,416.9337651199925,413.6895616772255,416.2211608886719,62094800
2021-09-27,415.1896841659372,416.3523298980062,414.33644206403306,415.0303039550781,61371100
2021-09-28,412.2643708805607,412.5925453791143,405.93540163406385,406.666748046875,130436300
2021-09-29,408.0449990691309,409.77961092728947,406.78858508585967,407.3511657714844,82329200
2021-09-30,408.8232109595568,409.52642965582174,402.0348156347722,402.37237548828125,140506000
2021-10-01,404.0976283486504,408.8326231008619,400.58153463739126,407.1542663574219,129240100
2021-10-04,405.9915954205408,406.8917073430287,399.7657521393978,401.903564453125,128570000
2021-10-05,403.4037658375677,408.3262970264828,402.6068074886927,406.08538818359375,90682500
2021-10-06,402.49417817520293,407.9792888496401,400.8721056221493,407.77301025390625,113032200
2021-10-07,411.04549653422066,414.1302626252565,410.8673454695045,411.29864501953125,72437500
2021-10-08,412.06743842451107,412.45186810178103,409.92026919841044,410.5484619140625,74557400
2021-10-11,409.8921372238028,412.7987803671197,407.5105617770027,407.5762023925781,65233300
2021-10-12,408.49511604042164,408.89828794249456,405.785365924999,406.5729675292969,71181200
2021-10-13,407.59495963247764,408.8513737107969,404.62270437794365,408.03564453125,72974000
2021-10-14,411.69235787459854,415.0490712799511,411.2235453911505,414.8990478515625,70236800
2021-10-15,417.00870250976914,418.42452536112467,416.3898666001841,418.058837890625,66260200
2021-10-18,416.2772946730389,419.6339789561459,415.62094584996555,419.29644775390625,62213200
2021-10-19,420.91859501540216,422.59692303340495,420.30911592133424,422.53131103515625,46996800
2021-10-20,422.9907287152216,424.4909342886698,422.87821830467027,424.1908874511719,49571600
2021-10-21,423.5908483463569,425.5223536137635,423.1595488456662,425.2973327636719,41305400
2021-10-22,424.86601382430814,426.30996431243693,422.91573783259383,424.85662841796875,58845100
2021-10-25,425.9441755842086,427.46312311985855,424.1720796639626,427.13494873046875,45214500
2021-10-26,428.68220582792407,429.8917216010357,427.1444869339798,427.51953125,56075100
2021-10-27,427.9788747791164,428.64458041154234,425.550401234135,425.62542724609375,72438000
2021-10-28,427.05070773419686,429.80732773792477,427.0413509410185,429.7323303222656,51437900
2021-10-29,427.435131798945,430.89497056169455,427.14447031928165,430.60430908203125,70162400
2021-11-01,431.5887337216653,431.96380657611127,429.61974430603044,431.344970703125,48433600
2021-11-02,431.51381650455664,433.3984520764042,431.38253525829714,433.0890197753906,48908400
2021-11-03,432.5264031559585,436.1362651463071,432.08571825925554,435.73309326171875,52509800
2021-11-04,436.33313266603705,437.87085131761023,435.9862160130472,437.7864685058594,52847100
2021-11-05,440.00863863956613,441.29318025230174,437.79585747597196,439.305419921875,66390600
2021-11-08,440.4024399467041,440.8993800137787,438.99600255528054,439.6804504394531,50405200
2021-11-09,440.0461369788913,440.28054321030675,436.8207049454919,438.2271423339844,51149100
2021-11-10,436.53945827784827,438.2272005366199,433.2202862022842,434.70172119140625,69429700
2021-11-11,436.1924978999976,436.2675239203641,434.8235734757579,434.8423156738281,34848500
2021-11-12,436.1081354103615,438.6772187538003,435.1611250038921,438.1240234375,53466700
2021-11-15,439.4085029164484,439.5678831096425,437.1488236998005,438.2739562988281,46980500
2021-11-16,438.0114603688836,441.1431240587056,437.93646296807935,440.00860595703125,48857500
2021-11-17,439.74610202390977,439.9242530537252,438.32092239942926,438.93975830078125,47858300
2021-11-18,439.9711168325113,440.6931063478928,437.25201023461375,440.4305725097656,50625600
2021-11-19,440.31809847431913,441.5651558500262,439.2773483740664,439.6430358886719,57315600
2021-11-22,441.51828711942284,444.0029878555942,438.1990863283232,438.4053649902344,72762000
2021-11-23,438.0771054886185,439.83984487309516,435.47989482517465,438.9866027832031,73206500
2021-11-24,436.98945366666055,440.28052618496287,436.17372459112534,440.15863037109375,61858800
2021-11-26,433.50155816840993,434.96425094373944,429.21660486222436,430.3417663574219,112669600
2021-11-29,435.1236653350825,437.4583425612124,432.9296261441328,435.62060546875,86268800
2021-11-30,433.18271599479897,435.0860934508205,426.9006175423312,427.1444091796875,148559600
2021-12-01,432.8452422514508,435.68624501124225,422.2031922004538,422.40008544921875,131939200
2021-12-02,422.6157769864965,430.4355669860337,422.22196184931875,428.8697204589844,127637800
2021-12-03,430.5292522904625,431.58874442702455,420.9185967447433,425.1379089355469,137331600
2021-12-06,427.6788877462588,432.0482235973753,425.2691846744251,430.1729736328125,98977500
2021-12-07,435.442440658666,439.63362565886325,430.0417113660508,439.071044921875,95484700
2021-12-08,439.4648728181905,440.68377393878586,437.71148993714627,440.23370361328125,72238800
2021-12-09,438.94912708653544,440.3368223530035,437.06452034105865,437.26141357421875,61272600
2021-12-10,439.9617996675269,441.52761743144606,437.41145846142433,441.3775939941406,77159800
2021-12-13,440.86187964178026,441.20879629669554,437.1863772299923,437.4676818847656,87724700
2021-12-14,434.20470680540546,436.6894070406909,431.54185555192583,434.4578552246094,97264100
2021-12-15,434.51422720060384,441.49013147147207,432.0013702393154,441.2463684082031,116899300
2021-12-16,443.0934545318682,443.3747305871484,435.80808994562267,437.3551940917969,116568600
2021-12-17,434.28123782567144,437.2827723193572,430.997439062657,432.70050048828125,135511600
2021-12-20,427.6290276394633,428.49465734331153,424.48636052151494,428.0994873046875,107134800
2021-12-21,431.5148943716561,435.84312797159805,429.3507919289712,435.7019958496094,69806300
2021-12-22,435.4478830766361,440.1712858051097,435.250269425295,440.0583801269531,58890200
2021-12-23,441.0558636062711,444.29262786782226,440.95237627994055,442.79656982421875,56439700
2021-12-27,444.1702284294298,449.1100532638039,444.12319396445406,449.0630187988281,56808600
2021-12-28,449.4958623974338,450.52146074512336,447.9339332846144,448.6960754394531,47274600
2021-12-29,448.79952954031546,450.28616884171197,447.8021577539653,449.2699890136719,54503000
2021-12-30,449.69343150623797,450.7002217741406,447.56697399413,448.02801513671875,55329000
2021-12-31,447.5387725895835,448.68666632067624,446.6260799179109,446.89892578125,65237400
2022-01-03,448.15972040589463,449.6181621243115,445.8544860219246,449.4864196777344,72668200
2022-01-04,450.9072545217483,451.6223622300133,447.4822951975026,449.3359069824219,71178700
2022-01-05,448.96894028365364,449.74050080120287,440.61357447061033,440.7076721191406,104538900
2022-01-06,440.2465751581237,443.0034607516756,437.9318938989192,440.2936096191406,86858900
2022-01-07,440.30313360714865,441.4792825603523,437.1980831419466,438.5530090332031,85111600
2022-01-10,435.36328278709937,438.2236562011222,429.62367048499374,438.00726318359375,119362000
2022-01-11,437.7437907456816,442.0908322693714,434.75164626994354,441.9967346191406,74303100
2022-01-12,443.7279505495623,445.2428449440867,441.23452115159574,443.1916198730469,67605400
2022-01-13,444.29252568167936,444.94176206075105,436.0594847879406,437.0850830078125,91173100
2022-01-14,433.94247281173614,437.6120514809011,432.7286791584299,437.263916015625,95890900
2022-01-18,432.5781593461344,432.7851627070061,428.4098944174529,429.5201721191406,109709100
2022-01-19,431.0632797435182,432.45582165960354,424.7873365975809,425.0602111816406,109357600
2022-01-20,426.94202425230395,431.6372011815895,418.2385229314581,420.3555908203125,122379700
2022-01-21,419.2358828982697,421.58818048554997,412.0755028255823,412.1037292480469,202271200
2022-01-24,406.5052754832323,414.36195566976323,395.90112761933347,413.8538513183594,251783900
2022-01-25,407.47438716618876,413.7409112645625,401.9135523304981,408.80108642578125,167997300
2022-01-26,414.6818862839636,417.80574473347866,403.5225703047687,407.7755432128906,186391100
2022-01-27,412.3672026513168,415.50045053402,404.0777079047049,405.7619323730469,149878300
2022-01-28,407.1168944257264,415.88626787051186,402.54404110046244,415.8392333984375,164457400
2022-01-31,415.17107731403024,423.67699284659494,413.8255700778436,423.328857421875,152251400
2022-02-01,424.05336552481776,426.82908804425705,420.53433767425685,426.18927001953125,123155400
2022-02-02,428.58867006151223,431.05387362428513,426.28340667304684,430.3293762207031,117361000
2022-02-03,424.30745056905977,426.2080966836343,419.3770152968473,420.2144470214844,118024400
2022-02-04,419.97923360740066,426.0293363499769,417.6080991681987,422.1903991699219,118454400
2022-02-07,422.95254768054906,424.3450895509773,419.50878037886775,420.8354797363281,84472900
2022-02-08,420.3368340105605,425.2202068332441,418.9160368655322,424.298095703125,81012000
2022-02-09,428.32517855026134,430.82802671260504,428.1275935863995,430.50811767578125,92589900
2022-02-10,424.67441942143387,430.66806944150386,420.7790293131962,422.7737731933594,140103700
2022-02-11,422.85849404433793,424.92849902096657,413.0070690365457,414.437255859375,153214600
2022-02-14,413.92909493615394,415.5098319487012,409.6196698794952,413.0822448730469,123006300
2022-02-15,417.5140448697904,419.9133771021189,416.99652213320917,419.7440185546875,88482700
2022-02-16,417.7021805621434,421.58818077331404,415.82976087005267,420.2144470214844,84863600
2022-02-17,417.03413227878895,420.18621676202645,410.63589438127366,411.2380676269531,102259100
2022-02-18,411.4922051366793,412.7436438259374,406.30775956776904,408.57537841796875,132642900
2022-02-22,406.373613297068,409.77031787811296,400.69984286814764,404.190673828125,124391800
2022-02-23,407.0981107701267,407.66266804171244,396.4563167518518,397.0208740234375,132578000
2022-02-24,386.7365259239518,403.4284488931798,386.3790008159794,402.99560546875,213942900
2022-02-25,404.22820402320997,411.97197784953823,402.5815957478885,411.8872985839844,121804500
2022-02-28,406.50529284633944,412.3107765451423,405.25388303089113,410.8335266113281,145615000
2022-03-01,409.3375262480345,411.3416888825079,401.87601463231823,404.57647705078125,137785900
2022-03-02,406.82521187285215,413.7409734291532,406.07248803205465,412.01910400390625,117726500
2022-03-03,414.446680076633,415.04885343146157,408.17073639481583,409.9678955078125,105501700
2022-03-04,406.2418252656333,407.7661096277124,402.60047290853925,406.63702392578125,113978200
2022-03-07,406.05359214668294,406.7592814126414,394.5837869801388,394.649658203125,137896600
2022-03-08,394.82845492231417,401.9700272063481,390.5943191141427,391.6575622558594,164772700
2022-03-09,400.02232727972273,404.13413881650297,397.8393882545467,402.158203125,116990800
2022-03-10,397.55708322285636,401.2360799371363,395.5999843486872,400.34222412109375,93972700
2022-03-11,402.8263726443944,403.43796445638185,394.74387917226875,395.2519836425781,95636300
2022-03-14,396.02340888185535,399.4671471285895,391.2247162730047,392.36322021484375,95729200
2022-03-15,394.96952056412135,401.6218241501706,393.6993030071115,400.9914245605469,106219100
2022-03-16,404.49170046381727,409.939601038674,399.7023972745846,409.8831481933594,144954800
2022-03-17,407.9731146505722,415.0111999511719,407.5967527483876,415.0111999511719,102676900
2022-03-18,413.4028311487186,419.8775739934096,412.66663547827596,419.5566711425781,106345500
2022-03-21,419.3868116069883,421.3877523283893,415.93234592986585,419.43402099609375,88349800
2022-03-22,420.8214687288552,425.27640505720075,420.8214687288552,424.3420104980469,74650400
2022-03-23,421.8125003060186,423.303758234989,418.79219389310117,418.87713623046875,79426100
2022-03-24,420.8969665486931,425.200884406194,419.7832397355188,425.1914367675781,64736900
2022-03-25,425.8238668662759,427.54166664957455,423.247167191328,427.2679443359375,77101300
2022-03-28,426.67326991890525,430.30706787109375,424.7855856636152,430.30706787109375,68529800
2022-03-29,434.18623279666707,436.12112638537604,431.50572468711965,435.63031005859375,86581500
2022-03-30,434.48825466782915,435.2999738252827,430.8355904687236,432.94036865234375,79666900
2022-03-31,432.17589947274035,432.9970375414447,425.823831381212,426.2768859863281,121699900
2022-04-01,427.853038256275,427.99460880330986,423.91723302983837,427.4849548339844,89048800
2022-04-04,427.6832403411355,431.2509628688752,426.8621021980193,431.1471252441406,59601000
2022-04-05,429.6558116325977,432.119225743506,424.5590699380688,425.70111083984375,74214500
2022-04-06,421.79370385778503,423.7191214319922,418.5657504830329,421.4444580078125,106898000
2022-04-07,420.56664291276263,425.38024389891154,418.6223302828864,423.56805419921875,78097200
2022-04-08,422.8129864370016,425.32361011547357,420.89698794603316,422.4354553222656,79272700
2022-04-11,419.16969873165914,420.0097320215141,414.7147916975716,415.21502685546875,89770500
2022-04-12,418.1975577653763,420.71762892299597,412.12865978994853,413.67657470703125,84363600
2022-04-13,413.4312174671857,419.16976564370555,413.25188513631514,418.4147033691406,74070400
2022-04-14,418.64119283709516,419.7549485147844,413.1008437773758,413.2046813964844,97869500
2022-04-18,412.27968190004844,415.0545800894282,411.14705981320014,413.3745422363281,66002500
2022-04-19,413.27067735850744,420.7647857423862,413.10079269782085,420.0474853515625,77821000
2022-04-20,421.8219961207023,422.4354878298303,418.57517643732126,419.736083984375,65224400
2022-04-21,423.3509483444846,424.7383973991878,412.55339229515056,413.45947265625,85417300
2022-04-22,412.37409241070765,413.4783716367902,401.5482213990768,402.1145324707031,132471800
2022-04-25,399.87760832355883,404.6156854519276,395.31883470061024,404.44580078125,119647700
2022-04-26,401.9162927984164,402.1145203899857,392.70441293823944,392.73272705078125,103996300
2022-04-27,393.80869150273776,399.169736833569,391.70394193167726,393.8370056152344,122030000
2022-04-28,398.57509707971343,405.51234242525084,394.14847523083597,403.78509521484375,105449100
2022-04-29,399.8021348013602,401.95409397695,388.11736315002133,388.8630065917969,145491100
2022-05-02,388.92901145512707,392.5628092111438,382.2749075321882,391.20367431640625,158312500
2022-05-03,391.7039196895496,395.40376459664327,390.1465571793375,392.9969787597656,100028200
2022-05-04,393.65766562044956,405.53121582781534,390.47692222902697,404.96490478515625,144247900
2022-05-05,400.7081751004019,401.1329155913623,386.4467339742489,390.5713195800781,172929100
2022-05-06,388.01350785652954,391.50570647733946,382.9450801949944,388.2400207519531,151770800
2022-05-09,382.35045035687074,383.5868812355381,374.23340232623997,375.80963134765625,155586100
2022-05-10,381.7746896823651,383.27539519585025,372.6477525173204,376.6779479980469,132497200
2022-05-11,375.7152782695393,381.35001745771194,369.94838734516037,370.69403076171875,142361000
2022-05-12,367.5038249274551,373.5727232304534,363.5208097766853,370.3070373535156,125090800
2022-05-13,374.43164996045624,380.53831045425517,373.3934177273955,379.1603088378906,104174400
2022-05-16,377.51798684544667,381.28390774009296,375.271637959596,377.6217956542969,78622400
2022-05-17,383.70010209131334,385.625547911558,379.971914524219,385.38958740234375,83029700
2022-05-18,380.840309909265,381.12345103452697,368.61754246873323,369.8539733886719,117674500
2022-05-19,366.7959211904098,372.0059481432004,365.3707103676318,367.5887451171875,98510700
2022-05-20,371.1659411793916,374.7336635050742,359.1697150107811,367.7492370605469,131432200
2022-05-23,370.7694520093487,375.39430099984236,368.45705631787473,374.6297912597656,76414900
2022-05-24,370.5146932699092,372.95924112163084,365.22917116715337,371.77001953125,91448800
2022-05-25,370.2786961363731,377.0177426324369,369.88229858000193,375.0545349121094,91472900
2022-05-26,376.28154835892093,384.18150224653084,376.07390194163645,382.54864501953125,82168300
2022-05-27,385.00257520796123,392.0530757619011,384.8043764625249,391.9398193359375,84768700
2022-05-31,390.3258696030877,393.07245343451956,387.0035559449801,389.7406921386719,95937000
2022-06-01,391.8549424707136,392.86483164009155,384.0776638781302,386.5882873535156,86585800
2022-06-02,386.4278638148007,393.9974674509903,384.1815149003103,393.9502868652344,79609600
2022-06-03,389.24045670832646,390.78837150030967,386.512768154437,387.48492431640625,71874300
2022-06-06,391.48681245747764,393.21403077110097,387.49435013390536,388.66473388671875,57508900
2022-06-07,385.18200495505744,392.84599895820924,384.7195026936411,392.3929443359375,59272400
2022-06-08,390.6845741806073,392.4684496696644,387.333946070098,388.12677001953125,64350000
2022-06-09,386.3523744576506,388.61759004588066,378.8960266113281,378.8960266113281,86289800
2022-06-10,372.70440234363315,373.55385453962793,367.86248738155257,367.90966796875,132893900
2022-06-13,358.5184668650851,360.3683895194282,352.3362831480851,353.9408264160156,170004900
2022-06-14,355.68689685396777,356.71568127410126,349.7784361620524,352.8742370605469,104011800
2022-06-15,356.1682429235863,362.3409783554577,351.22251951050276,357.9049377441406,125666800
2022-06-16,349.70293778443306,350.1087829653544,343.63401132773026,346.0596923828125,134473300
2022-06-17,346.474006989018,350.14245020385545,343.30795986691686,346.8057556152344,111113900
2022-06-21,352.521725834006,356.92005638665404,352.44587608946637,355.5361022949219,76811900
2022-06-22,351.3178962620308,358.9960494687862,350.9008093965039,354.8915710449219,90059400
2022-06-23,357.0243321478926,359.1002487608876,353.46963484148904,358.370361328125,79292100
2022-06-24,361.5363809433128,369.77380119326506,361.507944524138,369.7643127441406,98050300
2022-06-27,370.68377119718616,370.97762381876527,367.26179695896616,368.3518981933594,66009600
2022-06-28,369.9065216331798,372.68391795995,360.7116937770823,360.825439453125,86548900
2022-06-29,361.3752782573753,362.36109348225904,358.7116273894593,360.5316162109375,65676000
2022-06-30,356.6452226652421,360.83503957475165,353.15688585542324,357.6026306152344,112508300
2022-07-01,356.9484798436387,361.82079880218214,354.33221338787916,361.3847351074219,74839700
2022-07-05,356.3039239194396,362.08623764291843,353.4791138897527,362.0672607421875,81438000
2022-07-06,362.2094276989218,365.7736135029027,359.8301699411462,363.2900695800781,70426200
2022-07-07,365.06266665246835,369.52735833895935,363.3090102076316,368.7311096191406,64525900
2022-07-08,367.10071569720793,370.2952282014979,365.5745794315864,368.4278259277344,72397800
2022-07-11,365.7546798643806,366.72154716840924,363.52706364959664,364.21905517578125,58366900
2022-07-12,363.6691716276499,366.04845792183517,359.25186497173377,360.99603271484375,62219200
2022-07-13,355.56452982281553,362.02934629353234,355.14744302288534,359.1002502441406,84224600
2022-07-14,354.1521096552973,359.3087928722651,351.715979081912,358.2281799316406,89704800
2022-07-15,362.62649570213034,365.1858892356065,360.7211976903377,365.0721435546875,79060400
2022-07-18,368.1528836213448,368.825898190188,360.8349458407432,362.0577697753906,63203600
2022-07-19,365.97270864034476,372.40908945598443,365.3186708693351,371.84033203125,78506000
2022-07-20,372.02988023942527,375.62250240338216,370.6648741646818,374.2100830078125,71843800
2022-07-21,373.6318507302927,378.068105826219,371.2336162126565,378.0207214355469,64903900
2022-07-22,378.1439748043947,379.33833343517273,372.29530007355766,374.513427734375,72197300
2022-07-25,375.1390328241593,375.8215358224329,372.7313098957775,374.9684143066406,53631500
2022-07-26,373.3285099278068,373.53705331768873,369.6411191276845,370.53216552734375,52946400
2022-07-27,373.8214115297532,381.8977018374365,373.52755888438156,380.1535339355469,82342100
2022-07-28,380.9593347805678,385.6135934950256,377.4140966164,384.921630859375,73966600
2022-07-29,386.3529667558723,391.51913892921795,385.58515437514285,390.5332946777344,87003700
2022-08-01,387.84120629648845,391.8793520889404,387.1302667656035,389.3768310546875,69997500
2022-08-02,387.8127450392465,391.4906766053588,385.63254218875403,386.8079528808594,63435400
2022-08-03,388.93125481134643,394.0310649800449,388.6468906090099,392.8651428222656,67820600
2022-08-04,392.7893590044414,393.4718621327927,390.9598814965707,392.59979248046875,45656600
2022-08-05,388.3246175842232,392.5807659148732,388.26774474140564,391.9361877441406,56814900
2022-08-08,393.62347746477167,395.87004150956847,390.3815808280443,391.4811706542969,53886100
2022-08-09,390.7512903773344,391.25368644325886,388.8554517997777,389.9266052246094,44931800
2022-08-10,396.96963344138766,398.258818700046,395.01692204612334,398.1166076660156,68665700
2022-08-11,400.96036549541424,402.8183081055924,397.3772317875,398.1166076660156,59489700
2022-08-12,400.0503354779772,404.96054995020353,399.10241628589347,404.8562927246094,61694500
2022-08-15,402.6477019536426,407.0460617331619,402.5908291054767,406.5246887207031,54048300
2022-08-16,405.45349035046,409.2451671553258,404.6477532437864,407.3208923339844,59289000
2022-08-17,403.7282670715911,407.13129350400095,402.4296224053403,404.4297180175781,63563400
2022-08-18,404.62877901944364,406.2876376325339,403.3396227828059,405.60516357421875,49023200
2022-08-19,402.84675039895933,403.11216664311075,399.28256461046794,400.1546630859375,68016900
2022-08-22,395.329701995395,395.5003494416631,390.92188337608326,391.8224182128906,77695600
2022-08-23,391.3959168557966,393.78469227238185,390.3247632987665,390.87457275390625,49105200
2022-08-24,390.6470127203874,393.49077064865355,389.96453858867704,392.12579345703125,49177800
2022-08-25,393.6139873082117,397.70900548583626,392.5238859364247,397.66162109375,50942300
2022-08-26,397.5478603350803,398.088152311537,384.14426851779484,384.2011413574219,103087000
2022-08-29,381.2531682301508,384.70357956798847,380.30524889484775,381.6607666015625,65370800
2022-08-30,382.81725710753153,383.05423695854176,375.3760840001701,377.4709777832031,85652400
2022-08-31,379.10137171228644,380.3431437236325,374.4660612189248,374.5987548828125,76029700
2022-09-01,372.4280160542996,376.1154069737023,369.7264403478649,375.774169921875,78740100
2022-09-02,379.4331695900639,380.6465052435593,370.00136015495065,371.8118896484375,99632100
2022-09-06,372.65546883916255,373.59389956272736,368.19077763747265,370.4089050292969,76637400
2022-09-07,370.0961415467539,377.83116684452074,369.87813861226584,377.0633544921875,70964200
2022-09-08,374.7978759378246,379.98296742981955,373.5939997520912,379.5279846191406,80821700
2022-09-09,381.7650275183075,386.28662130528346,381.49961125899546,385.42401123046875,76706900
2022-09-12,387.49046061347366,390.2868341942052,387.1871194866291,389.56640625,69256300
2022-09-13,380.9024232007864,382.1062993004574,371.5085678123265,372.6271057128906,122947100
2022-09-14,373.9257160615463,375.5656268148488,370.7501807174359,374.0489501953125,85023700
2022-09-15,372.49436398050875,375.33812191068284,368.53206820723454,369.8022766113281,87633800
2022-09-16,365.6295206827052,367.63783250475103,363.6973120856197,366.9810791015625,103084800
2022-09-19,363.84014194343365,369.8270263671875,363.763980617156,369.8270263671875,73278500
2022-09-20,366.505230286068,367.51415006942193,362.8312448574466,365.58197021484375,77274900
2022-09-21,367.504586823731,370.5504007332188,359.19527603958755,359.2048034667969,106746600
2022-09-22,358.4337649769324,360.0708846733697,355.44508694272207,356.1875,89472600
2022-09-23,352.722940486398,352.7610211494688,345.78424282582023,350.2196960449219,122346900
2022-09-26,348.7538794551558,352.3707580104209,345.53674617910787,346.75506591796875,92581200
2022-09-27,350.2862710344236,352.5515910179344,343.4808127042095,345.869873046875,108294100
2022-09-28,346.821678453464,354.3600222961964,345.1274522170946,352.6753234863281,110802200
2022-09-29,349.1345668445761,349.4200991606359,342.367189530678,345.30828857421875,112952300
2022-09-30,344.36596930372804,348.2779362644351,339.83535868204586,339.9685974121094,153711200
2022-10-03,343.6806581182504,350.79070306991537,341.9007722856018,348.9441833496094,89756500
2022-10-04,354.45516931282157,359.78532813158415,348.90611208555885,359.75677490234375,103602800
2022-10-05,355.39758915348943,361.17507392455065,353.07516233117366,358.9192810058594,88065700
2022-10-06,357.5200770483229,360.47070383972516,354.72174385776447,355.2167053222656,82333500
2022-10-07,351.19048666130027,355.3023262947486,343.5474284997668,345.30828857421875,107789500
2022-10-10,346.42189898919605,346.659852271921,340.43501530969775,342.6717529296875,76042800
2022-10-11,340.9775239932869,345.5367169870272,338.5694379532379,340.5016174316406,92482800
2022-10-12,340.91091321016154,342.48139902682294,339.1309983011124,339.37847900390625,76991800
2022-10-13,332.3826842498608,349.8008834901985,331.3356839052994,348.3350830078125,147254500
2022-10-14,350.7907254903841,352.4183468938871,339.7592145462475,340.3969421386719,123737000
2022-10-17,346.4695719640728,350.2482719633379,340.0638579364615,349.1441650390625,93168200
2022-10-18,357.0536821558411,357.35826934412756,349.81036876588746,353.2464294433594,97162900
2022-10-19,351.2095737934234,353.9317748856679,347.9353337780581,350.7431945800781,79746900
2022-10-20,350.2957474382865,354.71217382958656,347.04053410271376,347.802001953125,88283100
2022-10-21,347.52610037471834,356.7396470203639,346.0222479989325,356.2542419433594,131038400
2022-10-24,357.77707959447656,361.74612439325887,355.13101099924324,360.61346435546875,85436900
2022-10-25,360.5372686391246,366.6859727287409,360.4230557221393,366.37188720703125,78846300
2022-10-26,363.23094435236135,368.9037428227225,362.97396524839513,363.6116638183594,104087300
2022-10-27,364.6111129190357,366.44810554176166,361.0513115703601,361.6700134277344,81971800
2022-10-28,361.5652682350303,370.75025961760167,361.3844214069697,370.27435302734375,100302000
2022-10-31,367.81865891657014,369.6842044707059,366.69552642305183,367.5997314453125,96631300
2022-11-01,371.34045662683894,371.5784099530066,364.82052968043666,365.9912414550781,85407600
2022-11-02,365.4010229977816,369.9031091678092,356.70146685113565,356.80615234375,126990400
2022-11-03,353.56999750398336,356.1684576069525,351.0191454820897,353.1321716308594,87100100
2022-11-04,358.8335469874606,360.61343287804317,352.170855133582,358.2148742675781,103505200
2022-11-07,359.50936758378657,362.23156853069116,357.43442171013305,361.6414489746094,68286900
2022-11-08,362.745493209243,366.5622732100706,359.5188617569453,363.5926208496094,84641100
2022-11-09,361.622403460563,362.77411841444257,355.6069367100275,356.1018981933594,78495500
2022-11-10,369.35108918360226,376.00428299719744,367.0572450041489,375.671142578125,141455800
2022-11-11,376.52785157305476,380.1066791775204,374.6432506233978,379.3071594238281,93839900
2022-11-14,377.5462448649226,380.89661702699635,375.80441036199727,376.0804443359375,71903500
2022-11-15,381.8198514474499,382.9239582221826,375.4807721813481,379.28802490234375,93194500
2022-11-16,377.6604912310654,378.6123045593404,375.76639200285024,376.39459228515625,68508500
2022-11-17,371.64500584373235,375.9186672305997,371.3404476693323,375.24285888671875,74496300
2022-11-18,378.57415608736795,378.64078997970154,374.10065167393867,376.9465637207031,92922500
2022-11-21,375.6235663390515,376.7466989172969,373.73896579052973,375.5759582519531,51243200
2022-11-22,377.5176474312929,380.79188693120494,376.1089535381112,380.63006591796875,60429000
2022-11-23,380.29692789864373,383.51406095455076,380.06850204043604,383.0286560058594,68261600
2022-11-25,382.4671170422372,383.4950916496888,382.19111210524926,382.9430236816406,30545400
2022-11-28,379.8591259436192,381.4962458070925,376.0708989562592,376.8323669433594,67881600
2022-11-29,376.9655537509073,378.1553200852392,374.34806781537714,376.1850891113281,52310000
2022-11-30,376.4325818837763,388.0351867675781,374.51945716113363,388.0351867675781,144566700
2022-12-01,389.0726695441886,390.24341023181614,385.2463909544575,387.7496643066406,76398200
2022-12-02,382.86685419503635,388.20651222768515,382.76216868711776,387.30230712890625,85342700
2022-12-05,384.4849116571129,385.41766990087285,378.98343312541476,380.3349914550781,77289800
2022-12-06,380.1731688832667,380.7156802284318,372.76806475628393,374.8525085449219,77972200
2022-12-07,374.0054437050733,376.5753507067164,373.0821838315825,374.21484375,65927900
2022-12-08,376.0995130057314,378.21251059995166,374.3195977744953,377.146484375,60737900
2022-12-09,375.9090843451082,378.45993659247966,374.205330689029,374.3290710449219,81447700
2022-12-12,375.11908962319546,379.72589111328125,374.45283780553007,379.72589111328125,75405800
2022-12-13,390.45280046353844,390.70977956297014,379.8400894083029,382.600341796875,123782500
2022-12-14,382.257673780074,385.9602409589763,377.21307559103866,380.1541748046875,108111300
2022-12-15,375.2999318308924,376.20416598654884,369.1988348015829,370.85498046875,117705900
2022-12-16,368.302907769073,369.6415593936089,364.34432159505855,366.4765930175781,119858000
2022-12-19,366.6678340994925,367.00250429400353,361.70523742151596,363.3689880371094,79878100
2022-12-20,362.61364283927566,365.482194633709,361.2941043449694,363.8662414550781,74427200
2022-12-21,366.457416214542,370.4351440513577,365.92195565770254,369.3068542480469,78167400
2022-12-22,366.26628710078785,369.28783218740784,358.3490843681481,364.03839111328125,100120900
2022-12-23,363.01521636298173,366.2758070046261,361.4662030943732,366.13238525390625,59857300
2022-12-27,366.01764723973866,366.3618594408892,363.0152157544233,364.68853759765625,51638200
2022-12-28,364.6216127041186,366.59137848650926,359.9267751898031,360.15625,70911500
2022-12-29,362.9961017998292,367.5092910145083,362.47018314198056,366.63916015625,66970900
2022-12-30,363.9618223377231,365.8167920978852,361.8486350909296,365.6733703613281,84022200
2023-01-03,367.52841345608357,369.49815002254616,361.274962367188,364.13397216796875,74850700
2023-01-04,366.3905264117615,368.9722345195995,363.34986872415914,366.94512939453125,85934100
2023-01-05,364.99457777745386,365.1093151949147,362.1642811518745,362.7571105957031,76970500
2023-01-06,365.84547897836046,372.19455357778276,362.785708249104,371.0758056640625,104189600
2023-01-09,373.26550947515705,376.44961824670435,370.6838304181261,370.865478515625,73978100
2023-01-10,370.28225918611713,373.53327899556643,369.34518834804146,373.4663391113281,65358100
2023-01-11,375.04405606095594,378.26639143115705,374.231293835196,378.18988037109375,68881100
2023-01-12,379.2894696301709,381.0297021014003,375.2256881711222,379.5667419433594,90157700
2023-01-13,376.3730941204777,381.61299228704434,376.10536380133436,381.0392761230469,63903900
2023-01-17,381.0201285443082,382.69345018295724,379.66233471813666,380.3412170410156,62677300
2023-01-18,381.52697849057256,382.58832869980466,374.1356658339176,374.3364562988281,99632300
2023-01-19,372.2997525257694,373.94439001524745,370.29178966269103,371.611328125,86958900
2023-01-20,373.0073162714171,378.68705053096147,371.36267892386525,378.5340576171875,91806400
2023-01-23,379.3373059432333,385.0074698849866,378.3811219727352,383.07598876953125,84178800
2023-01-24,381.40259479828296,383.5731214964874,380.2169362364954,382.6647644042969,59524900
2023-01-25,378.6010544265812,383.14292828207675,376.3157607326886,382.8082580566406,84800300
2023-01-26,385.46642861189923,387.17800600043023,382.5022526217131,387.01544189453125,72287400
2023-01-27,385.97321255052447,390.2760402786123,385.7628509166012,387.9046936035156,68346200
2023-01-30,385.1508780562935,387.37880296998725,382.7413050405992,383.0377197265625,74202000
2023-01-31,383.5540574493801,388.7174447402499,383.20981606709955,388.6696472167969,86811800
2023-02-01,387.4552591361378,395.5445957142965,384.7205872650518,392.8003234863281,101459200
2023-02-02,396.6824854385565,399.981331954011,394.7892597691829,398.51837158203125,101654500
2023-02-03,393.5557615392747,398.70003602985804,393.0776695484089,394.282470703125,94736800
2023-02-06,391.834637420615,393.2689133762878,390.2186841761235,391.87286376953125,60295300
2023-02-07,390.9549267928235,398.24104381969875,389.7118993305467,396.9980163574219,90990700
2023-02-08,395.0282373142556,396.36688886374986,391.96843733219856,392.6568908691406,76227500
2023-02-09,396.25223443266196,396.40522738183785,388.0290457920925,389.2529602050781,78694900
2023-02-10,388.07678232835883,390.54375312300726,387.26404936045475,390.1612854003906,70769700
2023-02-13,390.8115223602018,394.8753043260224,390.352543539111,394.7414245605469,64913500
2023-02-14,393.22104214899304,396.864100329501,390.6106788806823,394.5597229003906,88389300
2023-02-15,392.3700513500147,395.9174852871057,391.52860488743005,395.84100341796875,61555700
2023-02-16,390.87841017898984,394.8178830322616,390.25689650308516,390.3907470703125,76431500
2023-02-17,388.26800352329917,389.65448174842203,386.34606468801917,389.4154357910156,89257800
2023-02-21,385.39947527197734,386.4512833840668,381.3452649276504,381.6034240722656,82655900
2023-02-22,382.01458672604707,383.55405800104023,379.624126941612,381.0775451660156,83742300
2023-02-23,383.965204449082,384.577176151522,378.88787027584414,383.1046447753906,96242400
2023-02-24,378.0942177024235,379.8440212478962,376.3922116756281,379.01214599609375,108194400
2023-02-27,382.3492579579314,383.7070519585176,379.365968807818,380.30303955078125,80444700
2023-02-28,379.82502171973454,381.7851874586126,378.7923265475118,378.89752197265625,96438600
2023-03-01,378.0846868266854,379.30860107550785,376.1436346387775,377.44403076171875,99706800
2023-03-02,375.4743186281051,381.2209936912257,375.1396483986959,380.3795471191406,85127800
2023-03-03,382.1962358283126,386.7285670881584,381.54603781817946,386.4799499511719,90120000
2023-03-06,387.3023461383792,389.59721125223996,386.30793571482315,386.7477722167969,72795900
2023-03-07,386.69995200651795,386.9389980101572,380.2074543771584,380.81939697265625,108310600
2023-03-08,380.93414163742426,382.1962822868647,379.21299300204765,381.44091796875,74746600
2023-03-09,382.2249589763906,383.88873887527785,373.41851305631604,374.40338134765625,111945300
2023-03-10,373.85828575920306,375.9332173953836,367.4805563054659,369.0008850097656,189253000
2023-03-13,365.0805347641921,373.28460811867615,363.9713580532645,368.4749755859375,157790000
2023-03-14,373.3898317252391,376.21058604424246,370.0909854321958,374.5659484863281,149752400
2023-03-15,368.98181836154816,372.4240570496017,366.89731528704147,372.2232666015625,172996900
2023-03-16,369.87107021323396,379.0982391870772,369.36429390384325,378.7539978027344,143254200
2023-03-17,377.4255889740926,378.55818505074,372.9431553160695,374.3253173828125,140553400
2023-03-20,375.1028011958168,378.33746367070916,374.40214170963634,377.9247131347656,93055800
2023-03-21,381.28415054635593,383.3670015855469,379.69082383763816,382.8870849609375,91524200
2023-03-22,382.71431965042825,386.3232727268631,376.3218267349629,376.3601989746094,111746600
2023-03-23,379.22048781510506,383.25179889041164,374.6708879123496,377.37762451171875,119351300
2023-03-24,376.10105243097433,379.94038538264834,373.7590569871103,379.85400390625,107682400
2023-03-27,382.1288028794633,382.8966870426311,379.6716321408978,380.56427001953125,74010400
2023-03-28,379.87314668350865,380.564227707631,377.8767066648121,379.7099914550781,62871700
2023-03-29,383.86611930354206,385.4690537806492,382.6663276952182,385.2290954589844,77497900
2023-03-30,387.8589388033637,388.1085047730431,385.6225406555873,387.484619140625,69840000
2023-03-31,388.4060846284512,393.2436518891425,388.3004877505952,392.94610595703125,112062600
2023-04-03,392.42785614585927,394.846625551224,392.0343209722465,394.4435119628906,67391100
2023-04-04,395.08655642138893,395.37452397054454,390.88248211307797,392.25506591796875,66601500
2023-04-05,391.52554275858984,392.2838191469049,389.577082640603,391.2279968261719,65200200
2023-04-06,390.4313411526847,393.0325102209904,389.3851264771968,392.754150390625,63743300
2023-04-10,390.2777272293107,393.23402961478297,389.66344926995697,393.1572265625,63681000
2023-04-11,393.78116601430696,394.6641961280183,392.4949930804865,393.2628479003906,59297900
2023-04-12,395.32651264091214,395.6144801885437,391.07445840947173,391.6599426269531,86420400
2023-04-13,392.7445509263928,397.21737725795947,391.60234704835096,396.86224365234375,85814800
2023-04-14,396.2287697684171,398.4171884519207,393.5892282764297,395.892822265625,78161500
2023-04-17,395.80637894641507,397.3325100919648,394.5777937246766,397.3133239746094,66436400
2023-04-18,398.88753782707477,399.02192855853326,396.20001611580255,397.57257080078125,63560000
2023-04-19,395.66238716810176,398.40749567354555,395.6047995275526,397.5052795410156,55227300
2023-04-20,394.6929585087422,397.0829628319808,393.79071305675006,395.3360595703125,75840400
2023-04-21,395.6336418065236,396.10395069254025,393.6947893230702,395.64324951171875,73457400
2023-04-24,395.44166194381876,396.4782981802782,394.1075090570705,396.05596923828125,64332100
2023-04-25,394.088353969468,394.6450737017642,389.7115163477085,389.76910400390625,97766700
2023-04-26,390.3833550986097,391.4583635816679,387.56144318468967,388.1181335449219,80447000
2023-04-27,390.65214704527966,396.11360078097556,390.4025810177756,395.8448486328125,92968400
2023-04-28,394.9617272106124,399.2329963765921,394.904139565875,399.223388671875,89433100
2023-05-01,398.78194148395835,400.8455772162606,398.589963107647,398.8203430175781,62122300
2023-05-02,398.11002828382885,398.1580375216088,391.4392047424731,394.337890625,103998500
2023-05-03,394.837004192524,397.24619509986604,391.3912062306647,391.63116455078125,91531800
2023-05-04,390.5848655498766,390.9112052798367,387.52299570222164,388.857177734375,94901900
2023-05-05,392.48538864162396,397.1021838881152,392.22624422840113,396.05596923828125,87891800
2023-05-08,396.3823627822816,396.64150723066325,394.76024214675766,396.1615905761719,50046800
2023-05-09,394.61623373049684,395.53766541370464,394.1939047732381,394.42425537109375,49220100
2023-05-10,397.2557473304781,397.8892407221348,392.44697389350114,396.2671203613281,96142900
2023-05-11,395.40325635953116,395.86395749973974,393.502776280826,395.5760192871094,70157100
2023-05-12,396.8142503993596,397.0254148728848,392.63897016343816,395.0577392578125,70481500
2023-05-15,395.66240845072787,396.8237983199805,393.75234992228525,396.4206848144531,54289400
2023-05-16,395.31683206708055,396.23829289950714,393.76190718855895,393.7715148925781,57705500
2023-05-17,395.78721992832476,399.1562144912637,394.14591338269895,398.5515441894531,87287000
2023-05-18,398.23477512417634,402.8131980774416,398.01403224251106,402.390869140625,97177200
2023-05-19,403.29314851307697,403.8210450825171,400.5864117249465,401.8053894042969,103793300
2023-05-22,401.8245977682805,403.50430592203884,400.58640469895295,401.96856689453125,60745400
2023-05-23,400.3271976557855,401.90133808318683,397.06377080135275,397.4573059082031,86383500
2023-05-24,395.85444497777297,396.238372422446,393.4164603018304,394.5778503417969,89213700
2023-05-25,398.0811934806872,399.4441694496832,395.84479511708275,397.99481201171875,90961600
2023-05-26,398.6475192492727,403.86901432087706,398.5707454798897,403.1491394042969,93830000
2023-05-30,405.07843177412394,405.60632835331285,401.920572129655,403.302734375,72216000
2023-05-31,401.479097047602,402.38134275024066,399.50184266738273,401.0663757324219,110811800
2023-06-01,401.29664281865877,405.93265339027886,400.04887142591303,404.8768310546875,88865000
2023-06-02,407.44919955900986,411.5188830151562,406.92130300774403,410.7318420410156,91426200
2023-06-05,411.0773593229492,412.36353228842165,409.2440744066445,409.94476318359375,65460200
2023-06-06,409.5320736758542,411.3653294424387,408.87936479133043,410.8374328613281,64022200
2023-06-07,411.2309384070294,412.3635345526036,408.9945106484148,409.4168395996094,85373300
2023-06-08,409.48405866767195,412.34437231335727,408.71620378018724,411.89324951171875,61952800
2023-06-09,412.6899118726264,414.63837227354514,411.6436971048215,412.63232421875,85742800
2023-06-12,413.61128515907586,416.4523828840486,412.8914103465747,416.3755798339844,76104300
2023-06-13,417.8345851160925,419.76382988102273,417.1722978814529,419.1207580566406,95899700
2023-06-14,419.4566872999007,421.4243335080621,416.1740450929453,419.6198425292969,100612100
2023-06-15,418.8040313332803,426.06997610483035,418.7080714411939,424.82220458984375,110303100
2023-06-16,426.80484934957235,427.3732510116979,422.9030966686289,423.3751525878906,114165800
2023-06-20,421.4387253030806,422.32503554227975,419.1072877770987,421.1785888671875,76160400
2023-06-21,420.19591625792975,420.9955241203809,418.43288044222425,419.02056884765625,76982300
2023-06-22,418.06687430704443,420.6391323512952,417.72967888460175,420.5331726074219,70637200
2023-06-23,417.0841314152319,419.13617505158805,416.6409763099136,417.3538818359375,92074500
2023-06-26,416.78554609984883,418.7027001286234,415.40789299777055,415.64874267578125,72823600
2023-06-27,416.5253768197751,420.82212620155866,416.0725783167209,420.20556640625,72813700
2023-06-28,419.1265614695,421.4290983033547,418.5100016357142,420.41754150390625,75636000
2023-06-29,420.00328366247703,422.2383756741101,419.5986726779713,422.0745849609375,67882300
2023-06-30,425.28267848094407,428.0379843526411,424.96474047999936,427.0553283691406,104964000
2023-07-03,426.70850932168867,427.82602579498047,426.4291155030701,427.5466613769531,32793400
2023-07-05,425.7354192979581,427.6429588433256,425.72577590511764,426.9107666015625,58418400
2023-07-06,423.3366343156822,423.991738320798,421.06299828536083,423.5678405761719,80658300
2023-07-07,422.5755624788719,426.4388005460157,422.2576244540767,422.49847412109375,86134200
2023-07-10,422.1420000351028,423.7412452715391,421.57359837767063,423.5678405761719,62443500
2023-07-11,424.3289694634643,426.75672360489915,423.35592736761294,426.265380859375,64463800
2023-07-12,430.0514894814251,431.1015903646367,428.62564905437046,429.69500732421875,91924500
2023-07-13,431.5061931540125,433.8954320784897,431.0726814584312,433.1054382324219,72425200
2023-07-14,433.9918445617416,434.83961069702235,432.07466121110787,432.83575439453125,69815800
2023-07-17,432.6912804700556,435.3887851797582,432.64309289273456,434.33868408203125,52680200
2023-07-18,434.0110663595222,438.2114701147798,433.5775252322227,437.5660095214844,80668200
2023-07-19,438.3559839057652,439.7239933832524,437.48890168977437,438.5390319824219,65891700
2023-07-20,437.5467608684042,438.44271452207744,434.91667207150675,435.62957763671875,70591600
2023-07-21,437.3444259913096,437.5467608684042,435.61996364299455,435.62957763671875,71275600
2023-07-24,436.77598531715506,438.38487379289774,435.7451418375123,437.57562255859375,54023400
2023-07-25,437.30596920574715,440.0227313093904,437.25778162836633,438.77032470703125,55191200
2023-07-26,437.8357342912967,440.26348802035136,436.7856334140258,438.8376770019531,71052900
2023-07-27,442.2191833737535,442.62382369326946,435.0225951669556,435.9281921386719,92194400
2023-07-28,439.1941327220315,441.0245840745933,435.92819754722996,440.1960754394531,80011800
2023-07-31,440.6681750532694,441.39072403261815,439.35793761574195,441.0342712402344,62040400
2023-08-01,439.5698514127993,440.51399258801536,438.8184017102693,439.7721862792969,55291500
2023-08-02,436.66033942017077,436.9204464126687,432.9030914144886,433.654541015625,93933400
2023-08-03,431.64112757810364,434.2904737931767,430.9956375639887,432.4118347167969,64276100
2023-08-04,434.2230076857938,436.32320952695244,429.9358722590493,430.45611572265625,100128900
2023-08-07,432.28655130575453,434.3674956833761,431.5929031798807,434.2133483886719,58357500
2023-08-08,431.6795833163524,434.20371206163696,428.97243590614755,432.3250732421875,71361300
2023-08-09,432.59491357535535,432.75870428928835,428.6738738420237,429.4349670410156,78789600
2023-08-10,431.7856591547792,435.167197948671,428.4234071509756,429.589111328125,93005500
2023-08-11,427.720120293532,430.3502093181606,427.1228178060312,429.338623046875,68690900
2023-08-14,428.4233935882657,431.70855712890625,428.11509896255956,431.70855712890625,47867400
2023-08-15,429.9358583347008,430.29234049304716,426.1111649328765,426.6795959472656,75707500
2023-08-16,426.2653150386881,427.9223617239687,423.44256433778145,423.5485534667969,80107200
2023-08-17,425.0130058613244,425.27311294559695,419.8010149757795,420.3212585449219,95711300
2023-08-18,417.50808644271694,421.55437270930423,417.1612770258868,420.5235290527344,98852000
2023-08-21,421.5350602162778,424.00135836533855,419.3867000805202,423.2595520019531,68719000
2023-08-22,425.032225506542,425.032225506542,421.5543703601319,422.1131286621094,64994200
2023-08-23,423.1728380844883,427.43107286328376,423.0283341735705,426.8144836425781,68441000
2023-08-24,428.41372832126285,428.9243284062607,420.8703007742917,420.89923095703125,88517300
2023-08-25,422.62372359066535,425.14782341445994,419.07842352366526,423.86651611328125,102325100
2023-08-28,426.0534267072631,427.17097271429145,423.8665222680011,426.5544128417969,61595400
2023-08-29,426.4483889303442,432.999517120143,426.26534084235647,432.7201232910156,83081900
2023-08-30,433.05731299234867,435.1382574911251,432.35402143192493,434.5024108886719,69053900
2023-08-31,435.11898360214246,436.2557869248091,433.6835290574293,433.8665771484375,66084600
2023-09-01,436.5833209067049,437.06502016743536,433.2210400744053,434.67578125,58944100
2023-09-05,434.23266409054196,434.55057269413254,432.72976461783867,432.79718017578125,55166200
2023-09-06,431.9879277285903,432.093916863234,427.56593166865076,429.8877258300781,70758500
2023-09-07,426.89156794336543,429.24226303585164,426.5447585365695,428.5679016113281,70355400
2023-09-08,428.61604594030854,430.74514868706615,428.25959315019446,429.2133483886719,61659700
2023-09-11,431.8337369226589,432.344336954817,430.12853215124545,432.03607177734375,60180100
2023-09-12,430.59102153155527,432.11317840274216,429.0881220484013,429.6661376953125,67565400
2023-09-13,429.88768993651144,431.32314432701645,428.78940150844926,430.1670837402344,60199300
2023-09-14,432.6334271290332,434.5698383708397,431.332833106535,433.8761901855469,83430800
2023-09-15,432.29352436707654,432.62223173023705,428.2136407942197,428.648681640625,111848900
2023-09-18,428.3393572391215,430.1956202798295,427.8656361967372,428.9001159667969,55752200
2023-09-19,427.9815868766938,428.5713482483716,425.332573169419,428.0105895996094,66514600
2023-09-20,429.2675311788192,429.68324679400325,423.8727875752747,424.0758361816406,82562600
2023-09-21,421.2334205936458,421.4944451347644,416.9118372759941,417.0665283203125,104095800
2023-09-22,418.091288955446,419.6864977783781,415.71294757869936,416.1286926269531,100829700
2023-09-25,414.92023546020613,417.91728222441265,414.4851650567311,417.8786315917969,70874500
2023-09-26,414.84291199312287,415.5486844090262,410.90804120931955,411.739501953125,96168400
2023-09-27,412.9092856337623,413.4700443597365,408.26867230252077,411.90380859375,104705800
2023-09-28,411.35270706101295,415.964317107926,410.762945679416,414.291748046875,92258300
2023-09-29,417.3371661441051,417.5111824781116,411.7684074215334,413.2862854003906,115111300
2023-10-02,412.4548256054054,414.3690937958554,410.36654108063146,413.1219177246094,83798600
2023-10-03,410.94667474306095,413.1799731499237,406.2287013020404,407.5918884277344,103760600
2023-10-04,408.0559969911016,411.3044205907774,406.59612415084763,410.55999755859375,87453000
2023-10-05,410.26984669791165,411.2463208378169,407.18579226927517,410.40521240234375,70142700
2023-10-06,407.9592644123595,416.81512702154566,406.6347574601129,415.2779235839844,113273300
2023-10-09,413.3830409925468,418.5070827048213,412.83198913552894,417.9366760253906,80374400
2023-10-10,418.56502711101643,422.70291641435927,418.16863686530417,420.1119079589844,78607300
2023-10-11,421.17540990507433,422.08417183466213,418.797068320578,421.83282470703125,62451700
2023-10-12,422.44187816631086,422.8189135801861,416.91179922986146,419.2611083984375,81154200
2023-10-13,420.75959814761615,421.95844616014017,415.606584539678,417.17279052734375,95143100
2023-10-16,419.4157827397426,422.6255551040407,419.1740835467255,421.56207275390625,75433200
2023-10-17,418.4393454760135,423.5923892481788,418.09131276942526,421.5427551269531,75324700
2023-10-18,419.77352121429993,420.73064064200355,414.8428514424272,415.9256591796875,93559800
2023-10-19,416.64115074369084,418.449056290601,411.5944695651963,412.2712097167969,121323000
2023-10-20,411.8361348739324,412.3775387523352,407.09880668145956,407.2051696777344,123919900
2023-10-23,405.67757598059893,410.3568982821464,403.9276761980999,406.4993591308594,92035100
2023-10-24,408.61667642933105,410.7146385432617,406.7700909338865,409.56414794921875,78564200
2023-10-25,407.88192884542195,407.91093157015536,403.17360349885,403.6860046386719,94223200
2023-10-26,402.6225823087564,403.47333880031834,397.93361142540357,398.85205078125,115156800
2023-10-27,400.43756406837696,400.83395429205797,395.6229054415524,397.0440979003906,107367700
2023-10-30,399.82851071417565,402.84491222424634,398.53300645045545,401.7911071777344,86562700
2023-10-31,402.3614742415841,404.6334525608876,400.4568834170143,404.3144226074219,79665200
2023-11-01,405.2812038082296,409.4384179741357,404.7494479004914,408.6263122558594,98068100
2023-11-02,412.416134207257,416.61205795996426,412.3968088942919,416.4573669433594,94938900
2023-11-03,418.75840416588386,421.80380835994043,418.63271585397734,420.2569274902344,100167800
2023-11-06,421.01102787683624,421.66844265759465,419.28045324415575,421.2237243652344,67831700
2023-11-07,421.22369728667144,423.0606052933152,420.0828841514639,422.4225158691406,64256100
2023-11-08,423.0219303160148,423.544008852029,420.4309219590949,422.7319030761719,61746000
2023-11-09,423.8727133946502,423.9113935278032,419.0097266771128,419.43511962890625,83174400
2023-11-10,421.5041020397778,426.28972875327344,419.42546520511473,425.9803466796875,89462200
2023-11-13,424.64616313137293,426.6764127794683,423.86306009469695,425.57427978515625,52236100
2023-11-14,431.50076562505876,435.1165763059157,431.2783917339626,433.83074951171875,97176900
2023-11-15,435.16489156652574,436.39274237985995,433.8983901244557,434.7491760253906,77327600
2023-11-16,434.3045314885397,435.600035874236,433.2410489318332,435.281005859375,66665800
2023-11-17,435.2906012114316,436.43144390959674,434.37216191303287,435.8223571777344,83133200
2023-11-20,435.5709613361329,440.01823251915994,435.56128392675316,439.1771240234375,69936200
2023-11-21,438.13299304399567,439.0514618608499,436.9534996970191,438.2200012207031,49244600
2023-11-22,439.87318409093035,441.2266936036218,438.81937920232434,439.9118347167969,59394900
2023-11-24,439.9602117787139,440.3759273074353,439.631504418495,440.18255615234375,29737400
2023-11-27,439.55417048077294,440.36627627306393,439.00308920962266,439.38983154296875,50506000
2023-11-28,439.00310690168646,441.1203943936042,438.4423777026132,439.82489013671875,62115000
2023-11-29,441.97117519611106,443.10234049536746,439.1191421839662,439.5155029296875,63146000
2023-11-30,440.3565962233876,441.5940948885885,438.2876370073433,441.24603271484375,79752700
2023-12-01,440.6369952391435,444.3881717849613,440.0472633152973,443.8564453125,89183400
2023-12-04,440.47265370720123,443.8757680204174,439.25448022667734,441.5264587402344,72430900
2023-12-05,440.14391844231596,442.3965419933345,439.7668535301099,441.4394226074219,69793500
2023-12-06,443.57603770145914,443.60504042530386,439.2254520989698,439.6605224609375,69124700
2023-12-07,441.73917136361564,443.6630877368815,441.13976201140014,443.0153503417969,66995400
2023-12-08,442.2709087807209,445.4516788944759,442.02920955180366,444.9199523925781,83194400
2023-12-11,444.42680041904015,446.82446698086267,444.2141039538438,446.6504211425781,65002200
2023-12-12,446.3024402574832,448.7871152745883,445.30664066950123,448.6904296875,68327600
2023-12-13,449.06747102737427,455.12930631637573,448.70976090431213,454.8779296875,93278000
2023-12-14,456.8115200961749,458.00069086527446,453.66943027540754,456.3377990722656,119026000
2023-12-15,455.7417134699126,456.9163018501235,453.7420397034311,455.5863952636719,141553700
2023-12-18,457.18810894495897,459.12954211953263,456.13003141968665,458.14910888671875,70375300
2023-12-19,458.6927663957653,461.01279355520546,458.6151220933891,460.93511962890625,55761800
2023-12-20,460.0808267995912,461.96401935450547,454.12064234016117,454.5477600097656,102921000
2023-12-21,457.5278509164755,459.1295570366737,455.1107760152546,458.8577575683594,86667500
2023-12-22,459.98374941589714,461.45925759296136,457.8870276491879,459.7799072265625,67160400
2023-12-26,460.18765521976536,462.62413389794295,460.109981297383,461.72137451171875,55387000
2023-12-27,461.5175089754055,462.7017844285322,460.98362668768385,462.5561828613281,68000300
2023-12-28,462.9153345190397,463.5656980482324,462.31349497002446,462.73089599609375,77158100
2023-12-29,462.5367042508105,463.0608994653051,459.44011618801756,461.3912658691406,122283100
2024-01-02,458.3336234097308,459.7994151792477,456.71251340562264,458.80926513671875,123623700
2024-01-03,456.6542157231931,457.3919698393569,454.4604162904711,455.062255859375,103585900
2024-01-04,454.5866169474703,457.1687269140432,453.3732210773095,453.59649658203125,84232200
2024-01-05,453.80028176128866,456.6639075045455,452.77132456262234,454.21771240234375,86118900
2024-01-08,454.71278328613425,460.84771948944723,454.5865853845721,460.7021179199219,74879100
2024-01-09,458.05208481523704,461.02247554943773,457.54732279548995,460.00323486328125,65931400
2024-01-10,460.27499186871785,463.4686578138975,459.9934757568045,462.6047058105469,67310600
2024-01-11,463.6044968701081,464.1189754381304,458.43059087939,462.40081787109375,77940700
2024-01-12,463.8472262405501,464.58498035155515,461.3136700813151,462.72119140625,58026400
2024-01-16,461.34278348918724,462.6532272077025,459.2071951071508,461.0224304199219,85014900
2024-01-17,458.00353981867966,458.94513616011074,456.110630489601,458.45977783203125,68843900
2024-01-18,460.1294153145847,463.0900892897804,458.58597937392244,462.5367736816406,91856200
2024-01-19,463.6628015298727,468.58434205067863,462.5853202688259,468.3028259277344,110834500
2024-01-22,469.83656769535,471.0111265282756,468.6425755704272,469.29296875,75844900
2024-01-23,469.83653570981716,470.90430023582877,468.7493378931313,470.66162109375,49945300
2024-01-24,473.52526505734005,474.45714470411593,470.6810725123754,471.1761474609375,81765000
2024-01-25,473.3020267275593,474.01066056996024,471.17618444820096,473.7388610839844,72525000
2024-01-26,473.3117458196852,474.7969411657135,472.2925051479898,473.13702392578125,76641600
2024-01-29,473.4475958586122,477.029542315143,472.9039969579279,476.8839111328125,61322800
2024-01-30,476.19475312019154,477.2237103899132,475.7579187820987,476.5151062011719,58618400
2024-01-31,474.31155855924624,474.75807991768903,468.7202212489611,468.7396545410156,126011100
2024-02-01,470.43842101293257,474.90372358641025,469.6327095934461,474.8746032714844,91891600
2024-02-02,475.31136898916844,481.523949196212,474.97161226030033,479.8737487792969,99228200
2024-02-05,479.2428126687566,479.90289286822576,475.87442477356564,478.12646484375,75757100
2024-02-06,479.0680669349689,479.84465802363434,477.6411122849623,479.5146179199219,55918600
2024-02-07,481.75695184930976,483.93134756331705,480.8541628931194,483.5139465332031,70556500
2024-02-08,483.51391920150996,484.1060420771884,482.6985208548494,483.72747802734375,52343600
2024-02-09,484.2322563033971,486.95996752942966,483.89249957484776,486.5231628417969,63979400
2024-02-12,486.4940088202494,488.7557652655047,485.5912199471907,486.3095703125,56502300
2024-02-13,480.04849815534635,482.53353038052535,476.3500701317823,479.6116638183594,113099200
2024-02-14,482.24237077339893,484.45560372449836,479.92234357796184,483.9702453613281,68387800
2024-02-15,484.6690979139186,487.4938867654942,484.19342663721847,487.3094482421875,61683000
2024-02-16,487.0085316428908,488.14425347916483,484.1449058140717,484.8826599121094,75532900
2024-02-20,483.14507545774694,483.8148722929186,479.970842787005,482.21319580078125,71736700
2024-02-21,480.9124629140013,482.8053426352379,479.1069145137689,482.6500244140625,59293400
2024-02-22,489.25088043870596,493.5996718242251,488.2898508655614,492.638671875,76402500
2024-02-23,494.3568250348437,495.1916567031526,492.25038663284334,492.9784240722656,61321800
2024-02-26,493.4152350521733,493.8520693709636,491.0466841824756,491.1728820800781,50386700
2024-02-27,491.86211180789684,492.30863314805396,489.9692025931845,492.0853576660156,48854500
2024-02-28,490.53226952547317,492.01746492951116,490.17310907711266,491.43505859375,56506600
2024-02-29,493.1920036518268,494.8130838290683,490.5516532421677,493.2016906738281,83924800
2024-03-01,494.07533144522296,498.2590878764062,493.6676174504883,497.83197021484375,76844800
2024-03-04,497.03607301464484,499.1425115484434,497.00692307628157,497.2981262207031,49799300
2024-03-05,495.2984852488147,495.7450362651965,490.1245782125844,492.3280944824219,72855600
2024-03-06,495.5993458504527,497.0748540345267,493.53174438668293,494.8227844238281,68382400
2024-03-07,498.11356939849594,500.78304025779806,494.8810662776538,499.7346496582031,58652100
2024-03-08,500.36560770630734,503.04473579557066,496.1623881738849,496.735107421875,86532500
2024-03-11,495.53145243574386,496.8904498381802,493.6094227797772,496.3080139160156,62557200
2024-03-12,498.41446966211043,502.22937893995004,495.90028750048145,501.64697265625,73114400
2024-03-13,501.9672268025058,502.1419486738022,499.4239541516855,500.860595703125,55104100
2024-03-14,501.831351753217,501.9866995940405,496.8321966177629,499.87054443359375,110171800
2024-03-15,496.80813351794416,498.2590153922283,494.7730358188075,496.4381103515625,107646300
2024-03-18,500.498619372016,501.93972478311895,498.9795987021718,499.3885498046875,88893300
2024-03-19,498.6972103635703,502.44605736767124,497.6942371868493,502.1636962890625,60755300
2024-03-20,502.22213711517423,506.94471696954355,501.5502591703246,506.8083801269531,69594600
2024-03-21,509.6419901809582,510.34304922248214,508.20082532016534,508.4832458496094,60256100
2024-03-22,508.3955498176283,508.88241615238655,507.2854803107173,507.51922607421875,79070800
2024-03-25,506.1461854674636,507.26600171225357,505.9611738991571,506.11700439453125,48512100
2024-03-26,507.5385754491061,507.8794174856006,504.78295524612395,505.1821594238281,65463700
2024-03-27,508.00603133212223,509.4666301607913,505.84431416109436,509.4276428222656,82999800
2024-03-28,509.46662856862366,510.82981847863687,509.04793070421056,509.3302917480469,96294900
2024-04-01,510.07042079723595,510.60596189996124,507.28550008559404,508.4442443847656,62477500
2024-04-02,504.62727251731803,505.34782527414643,502.9134932946272,505.2115478515625,74230300
2024-04-03,504.12083842082313,507.2660352902269,504.0721636747669,505.7664489746094,59155800
2024-04-04,509.76853565111946,510.1093183056524,499.2911628340767,499.593017578125,96858100
2024-04-05,500.9465048519071,506.7694068986325,500.5083132867227,504.81219482421875,74546500
2024-04-08,505.5133924018632,506.51630625250846,504.2864795999242,505.0946350097656,48401800
2024-04-09,506.82786095826793,507.071294128757,500.839381191466,505.6788635253906,68049200
2024-04-10,499.9922448100833,502.6018412987628,498.6388015333815,500.6154479980469,82652800
2024-04-11,502.1343964769264,505.8345682969367,498.62898305416263,504.3934631347656,70099000
2024-04-12,500.85886371567153,502.2707879594682,495.70780962230026,497.43133544921875,92561100
2024-04-15,501.5989519571189,501.7644698822578,490.3523209615631,491.1994934082031,92101400
2024-04-16,491.6765860412786,493.19560665785394,489.01828510429004,490.3036193847656,73484000
2024-04-17,492.7574157801548,492.9229634124424,486.00945537176443,487.4018859863281,75910300
2024-04-18,488.794360179131,490.8878795783521,485.46418121059236,486.3989562988281,74548100
2024-04-19,486.3210783246666,487.31427501412566,480.8876330360681,482.15350341796875,102212600
2024-04-22,484.7533503648902,489.18385210193054,482.41639776348796,486.5937194824219,67961000
2024-04-23,488.5995792337359,492.7963646750655,486.4086807205422,492.367919921875,64633600
2024-04-24,493.2540640735244,494.0427852311199,489.9141678416356,492.13427734375,55928100
2024-04-25,486.0678630419317,491.02415872515365,484.42225246602163,490.2646484375,69122400
2024-04-26,493.0495298783495,496.4868049205615,492.4166096033967,494.90936279296875,64306100
2024-04-29,496.69128964862307,497.33395677101214,493.9258924563797,496.6620788574219,46415400
2024-04-30,495.2015209263445,496.1752536684076,488.79437255859375,488.79437255859375,77483600
2024-05-01,488.2100967940072,494.841213980312,486.7397509352648,487.2071533203125,80242800
2024-05-02,490.9073316662554,492.6016467604268,486.4281553313073,491.76422119140625,62550200
2024-05-03,497.73321224009646,499.08668524553275,495.20150126804214,497.85980224609375,72756700
2024-05-06,500.25513498697876,503.039996024656,499.81694342031363,503.0010681152344,47264700
2024-05-07,503.9650423598839,504.94852179554,502.88421343694205,503.55609130859375,52561300
2024-05-08,501.7254700555243,504.14030789046143,501.60862689782874,503.6047668457031,42047200
2024-05-09,503.7898682306733,506.54554862676025,503.1374839119154,506.5065612792969,43643700
2024-05-10,508.10351940578255,508.9117342857,505.94186107705553,507.1590270996094,52233200
2024-05-13,508.83376404779614,508.9408603825465,506.0878306657376,507.2270812988281,36716400
2024-05-14,507.42184425163964,510.070428158798,506.8863031411852,509.5543212890625,57535900
2024-05-15,512.0178797101214,516.1562436643347,511.38492968552964,515.8641357421875,59504900
2024-05-16,515.9614786446474,517.558414507879,514.6566506998298,514.802734375,50244800
2024-05-17,514.9196434193897,515.6110151080264,513.4687910457112,515.5428466796875,59187600
2024-05-20,515.6597212248555,517.5974401200076,515.2702043054951,516.1368408203125,37764200
2024-05-21,515.3773274826686,517.5584794564415,515.1728221981522,517.4026489257812,33437000
2024-05-22,516.7113097871478,517.4221156794935,513.7413773413039,515.912841796875,48390000
2024-05-23,518.9605990872589,519.0676954201629,510.93699174891134,512.1444702148438,57211200
2024-05-24,513.9847589456947,516.3412347653415,513.0402667962413,515.5330200195312,41291100
2024-05-28,516.3411878885217,516.5748741957514,513.2641596915468,515.8932495117188,36269600
2024-05-29,511.8716886432286,513.4588773578208,511.5698339483505,512.2806396484375,45190300
2024-05-30,510.7422478216335,511.4043788648702,507.6360384172024,508.88238525390625,46377600
2024-05-31,509.8367770177735,513.6440460717812,504.7441141188356,513.5174560546875,90785800
2024-06-03,515.1240809646227,515.4064420460951,508.87267437322015,513.9360961914062,46835700
2024-06-04,512.6313840068518,515.2507275789484,511.17078482758455,514.5106811523438,34632700
2024-06-05,516.8282099211538,520.6452260973251,514.8417568472363,520.625732421875,47610400
2024-06-06,520.927446289771,521.3558910101924,518.6878732006264,520.6158447265625,30808500
2024-06-07,519.6420071214973,522.7872031913569,518.551431586607,519.9828491210938,43224500
2024-06-10,519.1747009286601,521.9108869486413,518.5807383516342,521.5895385742188,35686100
2024-06-11,520.0414093421914,522.9041857425336,518.0744503489441,522.8457641601562,36383400
2024-06-12,527.4028804771598,529.8274655446977,526.1077992631506,527.1399536132812,63251300
2024-06-13,528.8829798084458,529.0582445758802,525.4164935113477,528.2013549804688,44760900
2024-06-14,526.6725282080745,528.5518251182958,525.6695550365463,528.5226440429688,40089900
2024-06-17,527.8410283318889,534.1216160104203,527.3833430672393,532.7291259765625,55839500
2024-06-18,532.7876213507444,534.2092926573293,532.3689233717765,534.0827026367188,41376400
2024-06-20,535.0076850141029,535.669816103357,530.8595742964317,532.6317749023438,70328200
2024-06-21,531.810221745453,533.0313142277637,530.4621308750893,531.9176635742188,64338600
2024-06-24,531.7417933525489,534.3011982327657,530.0713174980777,530.1885375976562,45528700
2024-06-25,531.4097461795637,532.5917853363576,529.8956032092343,532.2303466796875,37936200
2024-06-26,531.1166134619692,533.6076301716555,530.4719028733521,532.89453125,38550600
2024-06-27,532.7577451835803,534.3110010096894,532.0153114364416,533.734619140625,35041500
2024-06-28,534.5064116818106,537.5543137581463,530.3938098387125,531.6343994140625,76144500
2024-07-01,533.0117876323043,533.2560061424955,529.9737236752046,532.728515625,40297800
2024-07-02,531.1264605772033,536.3136596679688,531.0776287968915,536.3136596679688,40434800
2024-07-03,536.0010100914286,539.068408833479,535.9619565950238,538.7069702148438,32789900
2024-07-05,539.0098526062544,542.213968717536,538.3748605783948,541.8134765625,41488400
2024-07-08,542.5948722312855,543.3861377502993,541.3737797869028,542.4385986328125,36110500
2024-07-09,543.396013525926,544.2947210316149,542.6731362089374,542.9661865234375,27289700
2024-07-10,544.1870925206553,548.6806881313778,543.8940423066767,548.3388061523438,38701200
2024-07-11,548.4561564855596,549.3255886798729,542.9759074999535,543.61083984375,53054200
2024-07-12,544.7342644743289,550.6345620898736,544.2653840243584,547.0396728515625,53084400
2024-07-15,549.0325043663784,551.7775178290722,546.6879829958002,548.5440673828125,40584300
2024-07-16,549.8531491181022,552.090169461466,549.1009369415549,551.797119140625,36475300
2024-07-17,545.8772743812609,547.5477506768178,543.7379175635831,544.060302734375,57119000
2024-07-18,545.593898977862,546.580551242634,537.7007404833427,539.879150390625,56270400
2024-07-19,539.644738170822,541.2663824595259,535.2390267295067,536.2940673828125,65509100
2024-07-22,540.2113760766848,542.4288993582354,538.277184442637,541.8232421875,43346700
2024-07-23,541.7157629327536,543.8648979607326,540.4849516029554,540.973388671875,34439600
2024-07-24,536.1671163330532,536.4699449259502,527.7952979520205,528.7135620117188,74515300
2024-07-25,528.8306910081631,534.7994361794972,525.0209183627663,525.9586791992188,61158300
2024-07-26,529.7392217162956,534.5356464631268,528.9674531548811,531.8492431640625,53763800
2024-07-29,533.3927359573876,534.3988851266782,530.169004207153,532.161865234375,39515800
2024-07-30,533.6271909452782,534.6822315404584,526.0661958644091,529.4656982421875,46853600
2024-07-31,536.2842643515584,540.6997538692295,534.9166765387299,538.0719604492188,65663400
2024-08-01,539.7912440920945,542.0380422456446,526.955106117804,530.4523315429688,76428700
2024-08-02,523.3602388903765,524.5715530952934,516.3755660291246,520.576171875,82789100
2024-08-05,499.80785259777787,511.4717311244644,498.4695101090915,505.41510009765625,146267400
2024-08-06,507.2124445147762,517.4989554385519,505.8936885816187,510.0747375488281,84826300
2024-08-07,516.2486294067602,519.2965314666948,506.0696179320819,506.6654968261719,70698300
2024-08-08,511.79405372836936,519.0033889369354,509.77197692780607,518.3782348632812,63276600
2024-08-09,517.5577316841202,522.1490524745319,516.3366389006953,520.6641845703125,45619600
2024-08-12,521.8558860240913,523.3406939742863,518.6712672136742,520.9376220703125,42542100
2024-08-13,524.122235093717,529.739260585726,523.8780165940644,529.5047607421875,52333100
2024-08-14,530.2960214933445,532.3572709257232,527.6291745808618,531.1752319335938,42446900
2024-08-15,536.7923373384469,540.5630571909627,536.1866801444643,540.27978515625,60846800
2024-08-16,538.6679083622046,542.1846909540823,538.5116347380534,541.4910888671875,44430700
2024-08-19,541.9013070349608,546.66845703125,541.0514314058853,546.66845703125,39121800
2024-08-20,546.2192073450451,547.8701270511177,544.4412892289927,545.7796020507812,33732300
2024-08-21,546.8247712917706,549.1106230342316,541.9012882335657,547.6550903320312,41514600
2024-08-22,549.5503421956289,550.1559994238155,542.1456191373768,543.35693359375,56121500
2024-08-23,546.5904001832064,550.0680696349215,544.4021520897437,549.1302490234375,50639400
2024-08-26,550.1559715338451,550.8690705771505,546.1214765619129,547.8212280273438,35788600
2024-08-27,546.5512279111676,549.0618012606642,545.4083020191189,548.5733642578125,32693900
2024-08-28,548.2315922971716,548.6614193309421,542.2042355425785,545.3888549804688,41066000
2024-08-29,547.3521942445709,550.6442544077365,544.2945742697917,545.4375,38715200
2024-08-30,547.8017316610252,551.1524028130747,544.2556737558524,550.6444091796875,62700100
2024-09-03,547.508549729637,547.8407131286382,536.8020487007664,539.3126220703125,60600100
2024-09-04,537.4761456891545,541.6083040829072,536.7532683896355,538.2088012695312,47224900
2024-09-05,538.1500854338868,540.9927622926045,534.4476951362813,536.899658203125,44264300
2024-09-06,537.2221796738046,538.8437645502386,526.9650009606123,527.8637084960938,68493800
2024-09-09,532.0544335310877,535.043665505135,530.1299607989381,533.773681640625,40445800
2024-09-10,535.678584169421,536.4503527479894,530.8137709847371,536.0986328125,36394600
2024-09-11,536.0107592184578,542.5167136236998,527.4728902611638,541.5984497070312,75248600
2024-09-12,542.1748597619055,546.4633510224045,539.9573366553728,546.1605224609375,51819600
2024-09-13,546.7662020730168,550.0094311099382,546.5122052774053,549.0130004882812,39310500
2024-09-16,548.7491943236346,550.0875069413107,546.9517795427174,549.8237915039062,36656100
2024-09-17,552.031423916307,553.477237850398,547.8210997398118,550.0484008789062,49321000
2024-09-18,550.702966140304,555.5385046014119,547.8602888957543,548.4171142578125,59044900
2024-09-19,557.8048475354702,559.6315971955383,554.9426137920285,557.7755126953125,75315500
2024-09-20,556.4096197933483,557.8500005367814,553.7933228326182,556.8113403320312,77503100
2024-09-23,557.8793836152081,558.8494456443765,556.6642942041962,558.2026977539062,44116900
2024-09-24,558.9964868304339,559.8587776289324,556.1744550910837,559.7999877929688,46805700
2024-09-25,559.6432009533316,560.378103761662,557.4580492681129,558.5653076171875,38428600
2024-09-26,562.817932214862,563.1413061737785,558.4281322177342,560.77978515625,48336000
2024-09-27,561.8478858705382,562.6611352170194,558.9376397719122,559.9664916992188,42100900
2024-09-30,558.9376557740085,562.8179640810873,556.6447925339722,562.21044921875,63557400
2024-10-01,561.8576982708267,562.5043864049716,554.6066335561335,557.1738891601562,72668800
2024-10-02,556.282242548741,558.4281611024765,553.8913563966638,557.4090576171875,38097800
2024-10-03,555.9391917508498,558.3300776437013,554.1068390984451,556.3899536132812,40846500
2024-10-04,560.828843806913,561.8185225581165,556.6643942780399,561.4461669921875,42939100
2024-10-07,559.7998460712181,560.4465939096317,555.2238688786401,556.3703002929688,49964700
2024-10-08,558.9376197622599,562.230029540932,558.0655806170524,561.6322631835938,37398700
2024-10-09,561.6224751598685,566.0809331902332,561.0247685875196,565.5223999023438,37912200
2024-10-10,564.1799758679994,565.9535388259317,562.9257131010544,564.53271484375,44138100
2024-10-11,564.4542980317323,568.6481717987969,564.3171018304082,567.9132690429688,42268000
2024-10-14,569.5201665882303,573.4886890058166,569.0400397275337,572.5578002929688,36217200
2024-10-15,572.8224268603595,573.1261842726946,566.8941634738084,568.1092529296875,54203600
2024-10-16,568.1093193754714,571.097912292803,567.3058184280349,570.5785522460938,30725400
2024-10-17,574.1157772582931,574.3215715502484,570.4412636582532,570.62744140625,34393700
2024-10-18,572.3129579783322,573.6063941876963,570.852960533333,572.822509765625,37416800
2024-10-21,572.0972566282711,573.0771269383695,568.9126781204517,571.8817138671875,36439000
2024-10-22,569.3536172092114,572.7341816541917,568.6971208640092,571.5779418945312,34183800
2024-10-23,569.5594810059998,570.0004346494243,562.8571411229607,566.3552856445312,49314600
2024-10-24,568.3051725972728,568.3835789691921,564.9638411001258,567.580078125,34979900
2024-10-25,569.8043437567766,572.6949728800472,566.4433960638868,567.384033203125,47268200
2024-10-28,570.8528957024953,570.9802836348513,568.8343651367928,569.1381225585938,30174700
2024-10-29,568.1778707648036,571.1762720247682,566.7864714367279,570.0592651367188,42899700
2024-10-30,569.5888588084969,571.5780244818477,567.6291179550885,568.3346557617188,41435800
2024-10-31,563.9742291931302,564.0428273008541,556.9975564307639,557.1935424804688,60182500
2024-11-01,559.8195584319851,563.9643910438907,559.1336371976272,559.545166015625,45667500
2024-11-04,559.6823223393656,560.9757583388703,556.4585705161212,558.3399047851562,38217000
2024-11-05,559.2512590975022,565.1304818819561,559.0357163025479,565.09130859375,39478300
2024-11-06,577.3397109306703,580.014738259286,573.6064067155438,579.1426391601562,68182000
2024-11-07,581.1415644099445,584.639708979933,581.063158030651,583.62060546875,47233200
2024-11-08,584.1692634497057,587.569444510154,584.1692634497057,586.1486206054688,46444900
2024-11-11,587.7361274635068,588.0888664930864,584.9826937261699,586.707275390625,37586800
2024-11-12,586.6287204841349,587.2264269895784,582.4054820528869,584.8845825195312,43006100
2024-11-13,585.3451316888757,587.1676761411395,582.9836705187753,585.1687622070312,47388600
2024-11-14,585.296183408181,585.7763103260314,580.7202054727688,581.4060668945312,38904100
2024-11-15,577.8491019104924,578.3194803370213,572.1070761341368,573.9590454101562,75988800
2024-11-18,574.4196493771738,577.6238450144261,573.5574183688442,576.3108520507812,37001700
2024-11-19,572.9400384688264,579.142574989824,572.2737337790142,578.41748046875,49412000
2024-11-20,578.495884693383,578.8976052377521,572.8616299600318,578.6134643554688,50032600
2024-11-21,581.455141177832,583.1404896221547,575.6249001169805,581.7196655273438,46750300
2024-11-22,581.7097870344509,584.1497143652956,581.2101034094488,583.5225830078125,38226400
2024-11-25,587.451946771504,588.7649396726674,583.2188992835091,585.5020141601562,42441400
2024-11-26,586.7463470552605,589.2254477201681,586.0310608458545,588.5591430664062,45621300
2024-11-27,588.3730114334577,588.755115442667,585.2570306878304,586.7758178710938,34000200
2024-11-29,587.5890586237147,591.2047827973582,587.3147260107087,590.4208984375,30177400
2024-12-02,590.8323780737772,592.1552388895445,590.3424429138348,591.4791259765625,31746000
2024-12-03,591.2439870884159,591.9984465923378,590.2151351783115,591.7534790039062,26906600
2024-12-04,593.438872844782,595.6729460981672,592.7725681970518,595.427978515625,42787600
2024-12-05,595.4279904670244,596.2314913306755,594.0953811448159,594.4481201171875,28762200
2024-12-06,595.212464951605,596.8096584526629,594.800936138575,595.5750122070312,31241500
2024-12-09,595.457476264727,595.6240374954255,591.9201582931329,592.508056640625,34742700
2024-12-10,593.1840451897845,593.605382218179,590.0092751663215,590.665771484375,37234500
2024-12-11,593.5858198104879,596.1824400499527,593.311427437485,595.2319946289062,28677700
2024-12-12,594.3698085144841,594.9380902901107,592.1651000976562,592.1651000976562,31543800
2024-12-13,594.1934038090473,594.9086900260288,590.6756429397628,592.0474853515625,35904700
2024-12-16,593.8014244521054,595.54562235978,593.0273484159295,594.5755004882812,43695200
2024-12-17,592.0278303510687,592.9880840930309,590.7540109408761,592.1257934570312,55773500
2024-12-18,591.822113059209,594.2031909866316,574.0962907751041,574.4784545898438,108248700
2024-12-19,579.456068103567,581.0630696987981,574.0569733506421,574.3019409179688,85919500
2024-12-20,571.9778279294948,585.7225012446567,571.132257605004,581.199951171875,125716700
2024-12-23,580.9443919924163,585.2801382457641,577.7687172457148,584.680419921875,57635800
2024-12-24,586.0273454449668,591.2185033240278,585.4472496940897,591.1791381835938,33160100
2024-12-26,589.4094496188982,592.3392722176656,588.0133673077331,591.218505859375,41219100
2024-12-27,587.4822571879582,587.7182679434738,580.816408534272,584.994873046875,64969300
2024-12-30,577.9948115421023,581.7799853973963,574.5733451400716,578.3192138671875,56578800
2024-12-31,579.9807007946825,580.698454354243,574.583117216775,576.2152099609375,57052700
2025-01-02,579.4696102256324,581.1803135593343,570.7292291618253,574.799560546875,50204000
2025-01-03,577.64092396713,582.6255346471705,576.5594027877501,581.9865112304688,37888500
2025-01-06,586.2338281568046,589.6060884935793,583.6087253809885,585.339111328125,47679400
2025-01-07,587.3644406233403,587.6889029930588,576.9035745975999,578.722412109375,60393100
2025-01-08,578.7911287868388,580.6394897953063,575.3500401020275,579.5678100585938,47304700
2025-01-10,576.0185287190386,576.0873576866769,568.8118897752471,570.71923828125,73105000
2025-01-13,566.0787864044993,571.9581131697737,565.6658125456092,571.6041870117188,47910100
2025-01-14,574.5242054496483,575.1534475548353,568.6153544470202,572.3907470703125,48420600
2025-01-15,580.3938376431494,583.943061283102,579.2828525136379,582.8026123046875,56900200
2025-01-16,584.1692088227892,584.3461719512361,580.9837524950591,581.6818237304688,43319700
2025-01-17,586.9122299431212,589.27179809953,585.5849165977943,587.5217895507812,58070600
2025-01-21,590.5596519481012,592.9094384516549,588.5933154613438,592.8995971679688,42532900
2025-01-22,595.7213382459036,597.5893820777127,595.1707663809229,596.2326049804688,48196000
2025-01-23,595.6034112523917,599.4869384765625,595.3281553014472,599.4869384765625,41152100
2025-01-24,599.5458113037603,600.4995156835615,596.5864653530726,597.7367553710938,34604700
2025-01-27,584.798310310645,589.5961762199101,584.6311885086425,589.2815551757812,70361100
2025-01-28,590.5104687195756,595.1805175844501,587.1971967465958,594.3448486328125,44433300
2025-01-29,593.5583671362218,593.9614997638901,589.1341095636221,591.6805419921875,37177400
2025-01-30,593.7943006280343,596.389819126707,590.6087851839717,594.8560791015625,39281300
2025-01-31,597.2746343159315,599.6932494996803,590.9331879253342,591.6902465820312,66566900
2025-02-03,582.694241567132,590.1859779526204,580.5509422345103,587.7084350585938,65857200
2025-02-04,587.7674745011321,592.1622076462813,587.2267439810199,591.6510009765625,33457800
2025-02-05,590.5302274178379,594.1974260072697,588.5049031019603,594.0499267578125,30653100
2025-02-06,595.7901006731433,596.2423796576439,592.4866698522919,596.1145629882812,35771500
2025-02-07,596.6750050236558,597.8941240756534,589.9501076619601,590.6580200195312,50788500
2025-02-10,593.863227291288,595.30845601079,592.5949016719809,594.6693725585938,26048700
2025-02-11,592.4080280097315,595.662312577201,592.2900526181724,595.12158203125,30056700
2025-02-12,589.1144530437037,594.3743794070193,588.4360645213627,593.2044067382812,45076100
2025-02-13,594.3055902381474,599.6737110792319,593.047165943141,599.4672241210938,40921300
2025-02-14,599.6736338799176,600.7059485220444,598.8182823186273,599.4376831054688,26910400
2025-02-18,600.5978525430173,601.1975708007812,598.1399318067746,601.1975708007812,26749000
2025-02-19,599.8113366176324,602.908280775238,599.3000698962699,602.6133422851562,31011100
2025-02-20,601.2467110134413,601.3843689751305,596.8028311734677,600.1062622070312,36554000
2025-02-21,599.8899930676969,600.0276510429451,589.3799206723878,589.842041015625,76519800
2025-02-24,591.8869345556642,592.8799440315161,586.4499856464254,587.1578979492188,50737200
2025-02-25,587.098968367302,587.8265033006376,579.6366946428752,584.2379150390625,58266500
2025-02-26,585.8994552001853,589.488043359785,581.8979531727184,584.5328369140625,43321600
2025-02-27,586.8040113591791,587.9543615454245,574.8094053796542,575.20263671875,74196700
2025-02-28,575.7039886670112,584.70978328648,572.636508577737,584.1788940429688,88744100
2025-03-03,586.1453068357338,587.2858157400013,570.1393571070072,573.9442138671875,74249200
2025-03-04,569.952455985737,575.5368441329807,562.6179996474549,567.150390625,109648200
2025-03-05,566.9833769883293,575.0355284425119,563.4341535288585,573.2461547851562,71230500
2025-03-06,565.7937090893346,570.4047711019521,560.523941077153,563.0703735351562,80094900
2025-03-07,561.2907933786839,567.6715458955733,556.1094773560538,566.2262573242188,81158800
2025-03-10,558.0364891964213,559.9536192631458,546.2384702857362,551.1444702148438,99326600
2025-03-11,549.9843324603625,554.5265648872522,542.7285461144836,546.5628662109375,88102100
2025-03-12,552.7076387923001,553.6318192815521,544.3703918307585,549.4631958007812,69588200
2025-03-13,549.0896792735167,549.6992388466521,540.4279685563406,542.138671875,74079400
2025-03-14,546.7496748611676,554.3397648685512,542.2074423986709,553.3369140625,62660300
2025-03-17,553.3172227764923,560.1207900872192,552.8846263579363,557.6038818359375,49008700
2025-03-18,555.2934322950165,555.5097605205915,549.6500559715837,551.5770874023438,66041400
2025-03-19,553.3566169353411,561.3399385264869,552.1768030039566,557.584228515625,66556000
2025-03-20,553.848245552193,560.966374832501,553.1304918485869,555.9718627929688,62958200
2025-03-21,551.5205297947124,557.0526817242638,550.2878724028328,556.1552734375,83763000
2025-03-24,562.880651498493,567.1703352751009,562.2890000340255,566.1151733398438,58766800
2025-03-25,567.3181993393742,568.4127846067184,565.73055113845,567.4760131835938,38355700
2025-03-26,567.2097618801449,568.3339598573967,559.3207546377017,560.7013549804688,51848300
2025-03-27,559.3108687859911,562.9792883535321,557.101956447335,559.2122802734375,42164200
2025-03-28,557.6838014665011,558.4135249923543,547.3689030262066,547.95068359375,71662700
2025-03-31,542.201546342058,552.9305994826874,539.282592409213,551.62890625,95328200
2025-04-01,549.7158288612504,555.1296497708261,545.998115405224,553.1869506835938,54609600
2025-04-02,547.3491017135567,559.547472787333,547.1124411566806,556.687744140625,76014500
2025-04-03,537.5470765410741,540.3673821784607,529.2537841796875,529.2537841796875,125986000
2025-04-04,516.404523136506,518.5740121118964,498.05273494035157,498.2696838378906,217965100
2025-04-07,482.40291724281104,515.9114550791749,475.115432610906,497.3821716308594,256611400
2025-04-08,514.6196468974629,517.6963548854247,482.3733480760591,489.591796875,165816600
2025-04-09,486.5940541464612,541.0084838867188,486.20945053098467,541.0084838867188,241867300
2025-04-10,524.7865408671853,526.098105010763,502.2535908103832,517.3018798828125,162331200
2025-04-11,515.7536352571723,528.9874258955272,512.8544231608307,526.531982421875,97866300
2025-04-14,536.5017912856171,536.7286411738348,526.453165817952,531.6401977539062,68034000
2025-04-15,532.1825399641931,535.6931457102869,529.3622343758641,530.151123046875,56892900
2025-04-16,524.3034408726064,530.4273047249436,513.0714517926509,518.366943359375,83484800
2025-04-17,520.3194821276195,523.800475242003,516.6411916080497,519.1065063476562,79868100
2025-04-21,513.9293002870572,514.4618467446136,501.40552056556845,506.7503356933594,69368100
2025-04-22,512.9235950678715,521.956482797522,511.9867633247528,519.9349365234375,75948100
2025-04-23,532.9319549297188,537.8625838932508,526.4728430251603,527.991455078125,90590700
2025-04-24,529.2735171048926,539.8349482182391,528.0211780146883,539.105224609375,64150400
2025-04-25,539.0657336001437,543.4046513367819,536.1467793425768,543.0003662109375,61119600
2025-04-28,543.7399439376,545.8699492792146,537.4583271221219,543.2073974609375,47613800
2025-04-29,541.2943585019403,547.7436606136026,540.9393676118534,546.6293334960938,47775100
2025-04-30,539.9729233205555,548.7987614609631,534.0068741379372,546.84619140625,93101500
2025-05-01,552.595342895286,556.2440206119321,550.1201573586014,550.7216796875,63186100
2025-05-02,556.8947424015222,560.4941252501916,554.5773711022435,558.8966064453125,60717300
2025-05-05,554.7648727126054,558.788283367358,553.9069479669498,555.6918334960938,38659200
2025-05-06,550.1891944565425,555.533979770925,549.2326812616892,551.047119140625,48264700
2025-05-07,552.3784371058738,555.9975022415719,548.3254139860352,553.3645629882812,55588000
2025-05-08,557.3978323656503,562.3974982446085,553.9069681077176,557.2203369140625,65130800
2025-05-09,558.6205173502777,559.6263849147109,554.9521583078488,556.51025390625,37603400
2025-05-12,573.402558732667,574.9113601462691,569.0340285188223,574.9014892578125,78993600
2025-05-13,575.3157161654024,580.907093658496,574.7536773375426,578.6981811523438,67947200
2025-05-14,579.6546629482465,580.8084133986617,577.4161378946785,579.437744140625,66283500
2025-05-15,577.4359031534708,582.77081800724,576.9822635531588,582.2679443359375,71268100
2025-05-16,583.0469103495059,586.2518193704545,581.1042713102905,585.9559936523438,76052100
2025-05-19,579.9405744991373,587.2773530559552,579.9405744991373,586.596923828125,68168500
2025-05-20,584.8614155899625,585.8080578995526,581.419785763877,584.6246948242188,60614500
2025-05-21,580.2759146876367,584.3584902721909,573.7477661832594,574.7733154296875,95197700
2025-05-22,574.5760959985981,578.4811762683786,573.3434386116112,575.0001831054688,70860400
2025-05-23,567.988738706783,573.7378691727489,567.6140060747297,571.0753173828125,76029000
2025-05-27,577.9388882200049,583.1061789745086,570.404870923911,582.9484252929688,72588500
2025-05-28,583.3526236048898,584.545857588394,578.8460211072919,579.5757446289062,68445500
2025-05-29,584.8318350718904,584.9699071457442,577.9388245287198,581.8635864257812,69973300
2025-05-30,580.7591289651484,582.9286180198035,575.1480700909575,581.2127685546875,90601200
2025-06-02,579.6052986473595,584.5654800276525,576.9427470010985,584.4866333007812,61630500
2025-06-03,584.121791379625,588.7960181097066,583.6385391723649,587.8197631835938,63606200
2025-06-04,588.6777258495218,589.6539808386906,587.2280895107962,587.6619873046875,57314200
2025-06-05,589.3384339818148,590.6894216670538,582.8497086239531,584.8219604492188,92278700
2025-06-06,590.3540722792903,592.4940086999786,588.5790577947733,590.8274536132812,66588700
2025-06-09,591.3994087206146,592.9082102708385,590.1864930975049,591.3599853515625,53016400
2025-06-10,591.8924030034493,595.0973118762876,590.7781362147839,594.7127685546875,66247000
2025-06-11,595.807477097167,596.6654019118176,590.9557539749433,593.0167236328125,73658200
2025-06-12,591.6853731206485,595.3734741210938,591.2021810906274,595.3734741210938,64129000
2025-06-13,590.1963519379123,593.499849631983,587.218232455665,588.7171630859375,89506000
2025-06-16,592.0700235861916,596.0638215052488,591.8924679557008,594.318359375,79984100
2025-06-17,591.8826784891205,593.401290785268,588.480531921813,589.2398681640625,82209400
2025-06-18,590.1371267775953,592.8785252065284,588.1944276516227,589.1510009765625,76605000
2025-06-20,591.8224395288368,592.8906208578056,586.3629131433069,587.7673950195312,94051400
2025-06-23,588.5190130228361,593.9587392448562,585.4035696790836,593.5730590820312,87426000
2025-06-24,597.7072083922786,601.1885919192599,596.7972471416377,600.13037109375,67735300
2025-06-25,601.2479344884113,601.9402753154866,598.9039119654944,600.4666137695312,62114800
2025-06-26,602.3161684365299,605.5997923429508,601.7029677445283,605.1646118164062,78548400
2025-06-27,606.1634816784541,609.6350254118207,604.1359596054803,608.1712036132812,86258400
2025-06-30,610.6142201701539,612.4340220516922,608.2998373553096,611.0790405273438,92502500
2025-07-01,609.6054458188352,612.0484090785977,608.7746849801475,610.88134765625,70030100
2025-07-02,610.4757300098587,613.6901136433279,609.8526292762224,613.6505737304688,66510400
2025-07-03,615.628656191773,619.4167005776212,615.6088560521965,618.4869995117188,51065800
2025-07-07,616.5286747873084,617.1913758193931,611.0988485499288,613.8780517578125,74814500
2025-07-08,614.5406287940525,615.2923096464036,612.7307271465106,613.541748046875,59024600
2025-07-09,615.945166968477,617.8737488887257,614.1055045789822,617.2210083007812,66113300
2025-07-10,617.3595500232223,620.000273214104,616.1825885407072,618.9617919921875,57529000
2025-07-11,615.9154666088177,618.0122289852302,614.7187654701638,616.7858276367188,63670200
2025-07-14,616.3308265898004,618.3089087938923,614.9857451789246,617.9627685546875,51898500
2025-07-15,620.6431287961128,620.9793689858044,615.242942324076,615.3220825195312,74317300
2025-07-16,616.9044910111767,617.8836320494379,611.276844692317,617.3792114257812,88987500
2025-07-17,617.557284919235,621.5134493059918,617.3396644874989,621.1573486328125,68885700
2025-07-18,622.4036365954075,622.5717567026577,619.5947932954602,620.7025146484375,65621600
2025-07-21,621.87939453125,624.6189973413707,621.4541141003111,621.87939453125,63375000
2025-07-22,622.2057439990875,622.8288447335428,619.3276609031153,621.9683837890625,60046300
2025-07-23,624.6288217656338,627.2597045898438,622.8287599296668,627.2597045898438,70511000
2025-07-24,627.6454884244192,629.1785504969665,627.0421878119985,627.4674682617188,71307100
2025-07-25,628.1301809903662,630.5928838363332,627.8829206987424,630.1181030273438,56865400
2025-07-28,630.4938993278172,631.0477599275997,628.5751571845921,629.9598388671875,54917100
2025-07-29,631.3543820995848,631.6708825055948,627.3883778702398,628.2982788085938,60556300
2025-07-30,628.9509803708415,630.6917023127537,624.6189756546709,627.5070190429688,80418900
2025-07-31,632.4523273568442,632.8380075585872,623.857556644127,625.1531982421875,103385200
2025-08-01,619.4364414435403,619.476041722763,612.5032535330552,614.9066162109375,140103600
2025-08-04,618.813325728958,624.3024917393647,618.7243458354196,624.2530517578125,73218000
2025-08-05,624.8662177521945,625.6772386500149,620.168272806011,621.0880737304688,68051400
2025-08-06,622.1563552914652,626.4982606508958,621.2464542892866,625.8455200195312,64357500
2025-08-07,629.2675537310744,629.9994345491891,622.2156852544556,625.3212890625,74205800
2025-08-08,627.1114011688534,630.6620853000642,626.7949007710238,630.1972045898438,64051600
2025-08-11,630.474150672182,631.9478122276477,627.7047873460086,628.9509887695312,58742300
2025-08-12,631.2949848204768,635.8050095563038,629.8114232578196,635.6467895507812,64730800
2025-08-13,637.8425547169825,639.1085564704525,635.6370120856271,637.8228149414062,60092800
2025-08-14,635.7457174616427,638.5447207235369,635.300697252298,637.882080078125,59327500
2025-08-15,638.9106535836406,639.0095939138803,635.4787099260534,636.3886108398438,68592500
2025-08-18,635.8150025688236,636.9425240091701,635.1424618060598,636.2501831054688,43804900
2025-08-19,636.0721245937336,637.0512656505922,631.4829592777961,632.7984008789062,69750700
2025-08-20,632.3929060531275,632.6500060324975,626.013578858981,631.1170043945312,88890300
2025-08-21,629.3071240874224,630.9785456585483,626.864161086776,628.5850830078125,54805800
2025-08-22,630.7709103705197,639.4151205943501,630.2664897119097,638.2381591796875,84083200
2025-08-25,636.9820621561176,638.218363635622,635.3105801411765,635.4292602539062,51274300
2025-08-26,635.1622594491828,638.4359833484747,634.5391586749303,638.0897827148438,51581600
2025-08-27,637.5062179210042,640.2755208793137,637.3578376120881,639.5436401367188,48341100
2025-08-28,640.146950913372,642.3623933153343,638.267809046051,641.8085327148438,61519500
2025-08-29,640.374480883152,640.7404816664739,636.0919759234915,637.9810180664062,74522200
2025-09-02,630.5136938017484,633.4709169972102,627.9619508913343,633.2533569335938,81983500
2025-09-03,635.6270824559713,637.1502445176759,633.4413400681225,636.6853637695312,70820900
2025-09-04,637.3579030521721,642.0361089027498,636.4579021356687,642.0064086914062,65219200
2025-09-05,644.3405588325719,645.0625999768899,636.2799090574998,640.1470336914062,85178900
2025-09-08,641.5118230975241,642.718484610511,640.1370415028089,641.7195434570312,63133100
2025-09-09,641.8579832056892,643.7272854003053,640.1271612550325,643.203125,66133900
2025-09-10,646.4570825189741,647.3768835600082,643.4998590892842,645.0625610351562,78034500
2025-09-11,647.0108918753651,651.115436538164,646.4273914384058,650.423095703125,69934400
2025-09-12,650.3934866540098,651.8869485652141,649.701206088218,650.20556640625,72780100
2025-09-15,652.4110731340584,653.7956944276398,652.114372883025,653.6671142578125,63772400
2025-09-16,654.2210123755038,654.5276730798186,651.9858301119879,652.7671508789062,61169000
2025-09-17,652.7770367516476,654.4682584259048,647.1295902463727,651.9561157226562,101952200
2025-09-18,654.6364399867887,657.603563340362,653.0341982051615,655.0023803710938,90459200
2025-09-19,656.8877828567474,659.0895125014193,654.9438659954435,658.2465209960938,97945600
2025-09-22,656.7588293222589,661.8069717744121,656.7290467709187,661.3607177734375,69452200
2025-09-23,661.2416672722171,661.856628548307,656.5406245808955,657.7605590820312,81708900
2025-09-24,659.0497999269948,659.1489540239103,654.2495430702726,655.6677856445312,68082200
2025-09-25,652.5338627083877,653.9917550046746,649.0328388399253,652.6429443359375,89622100
2025-09-26,654.0909412604747,656.9274266555326,652.4743298182361,656.3819580078125,69179200
2025-09-29,658.9010899003678,659.8135740530697,656.4216318338509,658.2266845703125,73499000
2025-09-30,657.4828203674869,661.1722852976668,656.173659297658,660.7061157226562,86288000
2025-10-01,657.7208144097488,663.8698820443607,657.6117327913598,662.9574584960938,72545400
2025-10-02,664.9410037342527,665.0600128657511,661.3011766397112,663.7210693359375,56896000
2025-10-03,664.4848020775174,667.1527012490268,662.6698219114437,663.7112426757812,70494400
2025-10-06,666.1014192164715,666.9841207809839,663.9591941673339,666.0914916992188,54623300
2025-10-07,667.0138297258598,667.4601442579947,662.1838505424819,663.6219482421875,72020100
2025-10-08,664.7426772273783,667.6783772359653,663.919480237528,667.5791625976562,60702200
2025-10-09,667.9957845708525,668.4023890582872,663.7112737749407,665.6452026367188,66501900
2025-10-10,666.6071968358344,668.4122493878771,647.4757221413303,647.6542358398438,159422600
2025-10-13,655.2216030747315,659.664772492732,654.3488290056752,657.5919189453125,79560500
2025-10-14,651.7701536094826,660.3590300864076,647.8030207789583,656.78857421875,88779600
2025-10-15,661.3408732132422,664.7228272522149,653.5156893256119,659.7044067382812,81702600
2025-10-16,661.3409444600238,663.2154294168515,651.710706867285,655.2117309570312,110563300
2025-10-17,654.0810128478913,660.2895852935891,652.7322022395391,658.9308471679688,96500900
2025-10-20,661.8367798071084,666.6866142382812,661.7872027532737,665.7840576171875,60493400
2025-10-21,665.9229005771253,667.4601523988813,664.4748753427003,665.7741088867188,56249000
2025-10-22,666.4783066993808,666.4783066993808,657.8497808005621,662.3128051757812,80564000
2025-10-23,662.6301900162397,667.1825015615415,662.3128121266341,666.2402954101562,65604500
2025-10-24,670.9016937183009,672.8951271271609,670.0983517375236,671.6851806640625,74356500
2025-10-27,677.1201116013259,679.9070199177999,676.5151383891614,679.6094970703125,63339800
2025-10-28,681.4045622297778,683.2492642554724,679.2028328185232,681.4144897460938,61738100
2025-10-29,683.0609104229828,684.0328991417463,677.2590027977353,681.7418823242188,85657100
2025-10-30,678.2805836148408,680.3037996369978,674.2440185546875,674.2440185546875,76335800
2025-10-31,679.4111219213156,679.4508319897004,673.6587916341136,676.4556274414062,87164100
2025-11-03,680.0359699637585,680.1649066224819,674.3530715971103,677.7251586914062,57315000
2025-11-04,670.5545580097922,674.3729598389511,669.0371611161902,669.6917114257812,78427000
2025-11-05,669.4337786331213,675.2654684624238,668.6304366940664,672.012451171875,74402400
2025-11-06,670.9115428502156,671.8140994484131,663.2252231578799,664.8021850585938,85035300
2025-11-07,662.4218719882706,665.5658682287408,655.7769731606511,665.4567260742188,100592400
2025-11-10,671.6752576501947,676.57466917413,669.4834554774103,675.8407592773438,75842900
2025-11-11,674.3629519753922,677.9532020666294,673.1529450781785,677.3878784179688,58953400
2025-11-12,679.1631581075335,679.3318048264125,675.3547447293747,677.7647705078125,62312500
2025-11-13,674.9085136071693,675.265541055433,665.0105359672095,666.5180053710938,103457800
2025-11-14,659.9127066954921,670.1082064558575,657.8200586834998,666.4088745117188,96846700
2025-11-17,664.1971714004484,668.1742314199619,656.7290154076413,660.2002563476562,90456100
2025-11-18,656.6595496130724,659.6547538697382,650.4708329116884,654.6561889648438,114467500
2025-11-19,655.3505280387882,661.856623370592,653.3371790986623,657.185302734375,94703000
2025-11-20,667.3808213360044,670.0090710879778,646.5335791707308,647.1683349609375,165293500
2025-11-21,649.6675301260088,659.0894699034471,645.5020288545189,653.6148681640625,123956200
2025-11-24,657.2448196444445,664.5542570793402,656.1538823239337,663.2351684570312,80437900
2025-11-25,663.135941149376,670.6536740212097,659.020017057554,669.4734497070312,81077100
2025-11-26,672.0620713400136,676.0986363282427,671.1595147067713,674.09521484375,71879600
2025-11-28,675.2654787466182,678.0523870500939,674.9084513312986,677.7747192382812,49212000
2025-12-01,673.232272756968,677.3779187836101,673.1628406770591,674.6802978515625,61201200
2025-12-02,676.316803165018,678.2012155152329,673.7481184984898,675.9300537109375,62953800
2025-12-03,674.9779023816353,679.2822075879724,674.105128319461,678.2706298828125,57238500
2025-12-04,679.6690366334618,679.7384687237238,675.7416137771377,678.7665405273438,61970300
2025-12-05,679.8375623637357,682.7336127271673,678.9549213715281,680.0557861328125,79241000
2025-12-08,680.9484564225444,680.9980334759979,675.9696853695019,678.0127563476562,55231500
2025-12-09,677.5367544682442,679.7583392727543,676.9813582671167,677.4276123046875,58310100
2025-12-10,676.9515664343469,683.3088703732143,675.711837383319,681.92041015625,85671300
2025-12-11,679.5104080599091,683.5866227950731,676.5647802535024,683.5072631835938,86173700
2025-12-12,682.5154459360199,683.2196338188487,673.5893968987631,676.1581420898438,113160300
2025-12-15,680.1053789946951,680.1252340287925,673.6687159286942,675.1365356445312,90811000
2025-12-16,673.6488975485244,675.4837328267965,669.4338188610296,673.2918701171875,122030600
2025-12-17,674.3034691132465,674.8489377460819,665.6848710067972,665.8832397460938,110625200
2025-12-18,672.0322187932205,675.1464323222394,669.3544527925658,670.9114990234375,108650100
2025-12-19,673.0134542661981,677.4896664833268,672.8940327515619,676.9923095703125,103599500
2025-12-22,680.3245290528953,681.7370055876305,676.9922622536055,681.2098388671875,69556700
2025-12-23,680.3046207584179,684.562024812114,680.2548972126992,684.3233032226562,64840000
2025-12-24,684.313382495532,687.1781631452748,684.164151137988,686.7305297851562,39445600
2025-12-26,686.989161229118,688.0037280321676,685.6264081645946,686.660888671875,41613300
2025-12-29,683.9055083361335,685.5567672531378,682.4433081832867,684.2138671875,62559500
2025-12-30,683.8159723723246,684.9200900521846,682.9505762759469,683.3782958984375,47160700
2025-12-31,683.5076844111845,683.726492314561,678.1063955310838,678.3152465820312,74144800
2026-01-02,682.0852055985325,683.2390468658663,676.2263268834449,679.55859375,89377200
2026-01-05,682.910839643419,685.7855773037328,682.7517121374489,684.0845947265625,71927200
2026-01-06,684.2934596862484,688.6602678554459,684.1442890432024,688.1529541015625,69273800
2026-01-07,688.5309418430683,690.2916046822218,685.6761181181482,685.9347534179688,75588300
2026-01-08,685.1787573638412,686.9692300361542,683.8557710289468,685.8651123046875,64019200
2026-01-09,686.9791831428475,691.6344363504869,685.5368360184962,690.4010009765625,80125500
2026-01-12,687.0289310253164,692.410366767912,686.979207477028,691.4852294921875,63976000
2026-01-13,691.813478661017,692.4103433578374,687.6953490317495,690.1026000976562,78309700
2026-01-14,687.347202661372,688.0633674208381,682.4134005947378,686.7105712890625,94676700
2026-01-15,690.8983886882239,691.7737417111902,687.5959315038539,688.5806884765625,77862000
2026-01-16,689.9931507530615,690.5800586110835,686.4519720383781,688.0037231445312,79289200
2026-01-20,677.8874730475171,681.1501633341576,672.9934983300664,673.9981689453125,111623300
2026-01-21,676.0572511802958,685.0991655259935,674.5452667925615,681.77685546875,127844500
2026-01-22,686.2033478813381,687.476610793547,683.2888434897402,685.3379516601562,77112200
2026-01-23,684.5123006998919,687.3074439470811,683.5274830754288,685.5865478515625,63059600
2026-01-26,686.8399658941375,690.4607389282814,686.2729717064406,689.068115234375,60473800
2026-01-27,690.5104039402848,692.8480177488461,689.9036431059924,691.8134765625,55506100
2026-01-28,693.3652237572153,694.1510864943795,690.271678492269,691.7438354492188,61172200
2026-01-29,692.7087686795362,693.375209936545,681.2098793986574,690.3711547851562,97486200
2026-01-30,688.1330925763239,690.540343876794,683.4877957603626,688.3121337890625,101835100
2026-02-02,685.9347490634862,693.2458711004026,685.7755608588325,691.73388671875,79286500
2026-02-03,692.529690413304,693.2757257351432,680.4140840721383,685.885009765625,107904600
2026-02-04,686.7006659106327,687.7948875474046,678.1561081391175,682.5626831054688,105204600
2026-02-05,677.3404209861714,680.0758839506523,672.2176206040476,674.0379638671875,113610800
2026-02-06,677.8576866055596,688.6503070282812,677.2508650473027,686.96923828125,89127600
2026-02-09,685.7755337993461,692.1914496038428,684.7012866666231,690.2816162109375,73885200
2026-02-10,691.276360737094,692.8579216647231,688.0037135108784,688.4613037109375,65185700
2026-02-11,692.7087599208829,693.4547952732178,685.5368515439336,688.3021850585938,76353900
2026-02-12,690.5701102294341,691.6742279947084,676.7734344520502,677.668701171875,118829000
2026-02-13,678.0864377658819,682.6522007204912,673.9384983110481,678.1461181640625,96267500
2026-02-17,676.5446598627462,681.31927396984,672.2077222570326,679.2402954101562,81354700
2026-02-18,680.4041503420104,685.507036973797,679.2204384959671,682.662109375,73570300
2026-02-19,680.2251236342836,682.5527199680946,677.9471901363287,680.8616943359375,58649400
2026-02-20,678.7131823752115,686.4122580979458,678.126274472082,685.7855834960938,100034000
2026-02-23,684.1940214696967,686.3525334522094,676.7734345413753,678.7827758789062,90558100
2026-02-24,678.295350173768,684.7112054782021,676.4053697086953,683.7164916992188,73798700
2026-02-25,686.53156929616,690.0130676270821,686.4519751919497,689.4859008789062,56369500
2026-02-26,689.615191050754,689.6350440416309,680.7323436648176,685.6561889648438,71671000
2026-02-27,679.4790749097389,683.2291046432514,678.0367277603054,682.3637084960938,83308900
2026-03-02,675.1122534180175,684.9797970984218,674.4358553343317,682.7516479492188,87477200
2026-03-03,671.4915420947397,679.0016196644848,666.1200629162043,676.7337036132812,105003100
2026-03-04,678.026802327329,683.4579617719511,676.027417786932,681.50830078125,79182200
2026-03-05,678.4743840881955,681.9061587313661,672.0385544367263,677.7084350585938,106606500
2026-03-06,669.8501461298736,672.5358853430707,666.2194774432897,668.8256225585938,100687000
2026-03-09,662.8673051642795,676.3257505242918,658.888450195908,674.6845092773438,102667700
2026-03-10,674.1374043547928,679.7476047325034,671.1930903760745,673.6002807617188,81505300
2026-03-11,673.9982140650914,676.4849986405864,669.7806371390539,672.7548217773438,68441700
2026-03-12,667.6120785283837,668.0995392824933,662.3500644519811,662.5390625,108882200
2026-03-13,665.7321452917186,668.7859240392634,657.863924887251,658.7890014648438,97200200
2026-03-16,664.8468199428278,668.5173163233716,663.5934708305671,665.493408203125,82023100
2026-03-17,668.8355969918504,670.8747480492216,666.1598145596139,667.2440185546875,87128000
2026-03-18,664.8268919718373,666.1796881508768,657.6948111200146,657.9335327148438,82062600
2026-03-19,653.497076818377,659.4753162945015,651.7066041735543,656.3121337890625,111272500
2026-03-20,654.8230422006715,655.0025723674255,643.063298812559,646.9034423828125,163617500
2026-03-23,656.3790129905765,660.9173090129275,652.2596206790361,653.6959228515625,134802700
2026-03-24,649.6463809650626,655.3417305137531,648.2100787416998,651.5015869140625,96457500
2026-03-25,656.9774239230809,659.1917509309695,652.5588148295345,655.1322021484375,90653800
2026-03-26,650.3844333840033,653.1672421520028,643.1630473705688,643.432373046875,96494400
2026-03-27,640.8489947137006,641.0085567819559,631.4831091918358,632.4606323242188,103649400
2026-03-30,638.4651675144013,638.7245091624994,627.6630399662237,630.3460693359375,99275900
2026-03-31,637.2981538716512,649.865752001465,636.3405988140365,648.6688842773438,152534100
2026-04-01,652.219751792706,656.8278752918841,651.3220400966815,653.5562744140625,97841500
2026-04-02,644.7589215344626,656.5086804928782,643.4522901873171,654.144775390625,68358700
2026-04-06,654.1746977251443,658.0247645183308,653.8356054757206,657.23681640625,39105800
2026-04-07,654.9626585699763,657.9150134208243,649.386996170508,657.5260009765625,69980400
2026-04-08,674.6519776493207,675.3402070755335,669.734652974974,674.27294921875,93606100
2026-04-09,673.1059235004034,679.4096297331154,672.0386657215836,678.162841796875,57134400
2026-04-10,679.5692561407437,680.2774536083281,676.7066358948267,677.7140502929688,42253500
2026-04-13,675.669302461078,684.536473353906,674.8414790590384,684.3369750976562,54185800
2026-04-14,685.9229138241225,692.7952238870419,685.8929616905456,692.675537109375,63480500
2026-04-15,693.4734516118131,698.480571570673,692.4161778504387,698.1414184570312,58240400
2026-04-16,699.2585607342904,700.9741726960574,696.7350934539525,699.8569946289062,49972400
2026-04-17,704.3255249385737,710.5594650064761,703.9464965121796,708.3152465820312,70661900
2026-04-20,706.9587079747221,708.0857482546458,704.3254772575062,706.8988037109375,43546800
2026-04-21,708.4548936431559,709.4523240430285,700.8345107773317,702.2708129882812,58941400
2026-04-22,707.3278031045794,709.6218808832724,706.4001392457644,709.3825073242188,42518500
2026-04-23,707.6768673789517,710.5295037064266,700.4754491270062,706.6295776367188,56174000
2026-04-24,708.9236633096505,712.6340752101273,707.1881441382454,712.10546875,45182000
2026-04-27,711.3374146094498,713.7911152864904,710.4696550399041,713.332275390625,33135900
2026-04-28,709.9908768700561,711.0481506026886,707.4274735730012,709.8612060546875,43117400
2026-04-29,709.1729992133655,710.3699278433978,706.5497524472755,709.7515258789062,41859200
2026-04-30,712.7936806635566,717.9403946619685,708.6244289610544,716.8132934570312,67240900
2026-05-01,719.3966516418469,723.0073446973263,718.6186267345964,718.7982177734375,43049800
2026-05-04,718.2196821209096,720.2644021704073,713.152718877996,716.1649780273438,51950600
2026-05-05,719.9153564929043,723.1769124909786,719.6360467603954,721.9102172851562,36933200
2026-05-06,726.288861980811,732.7023927493656,725.9497697512824,731.9443359375,53288900
2026-05-07,733.161188473549,734.238430329629,727.8748196364371,729.7001342773438,51724600
2026-05-08,733.0415191543954,736.1834492768152,732.6824588199246,735.724609375,47227100
2026-05-11,734.5576163199453,738.8864300819614,734.5576163199453,737.4002685546875,44024000
2026-05-12,734.9964788307154,736.9414802248905,729.9494836014034,736.2831420898438,54185300
2026-05-13,736.5723674930287,741.9983910774667,733.5800764180441,740.4025268554688,44200200
2026-05-14,741.7391534739264,747.6040491923611,741.649357949993,746.2474975585938,45307600
2026-05-15,739.8838927249178,741.5496453663399,736.0637780312098,737.2706298828125,60410800
2026-05-18,737.9289136337939,739.5147938000424,731.5054597381557,736.751953125,47843900
2026-05-19,732.8919551385734,735.7545755811656,729.650306265128,731.8446044921875,54255900
2026-05-20,733.8195334397973,739.9636778498481,732.0042028263388,739.3452758789062,45768000
2026-05-21,736.7419902854853,742.9559620700644,735.1361419849363,740.8114624023438,43332200
2026-05-22,744.3224328967863,747.015507083493,742.566945697205,743.7239990234375,41762000
2026-05-26,748.0827892360243,750.1973368284331,746.4469887578754,748.6613159179688,41123600
2026-05-27,748.9505199197505,749.4492351039673,746.2973210478585,748.5316162109375,42106300
2026-05-28,748.3221518516883,753.2095851254732,747.3047533704411,752.6609497070312,41562600
2026-05-29,753.9576670103595,756.1320579864754,752.7507543048832,754.5361328125,55075700
2026-06-01,753.4189990020213,758.3264003155792,752.7507376917755,756.5908203125,43634900
2026-06-02,755.0847737682097,758.4461093852723,754.805464031348,757.6182250976562,31581900
2026-06-03,756.2018667594974,756.8501599793441,751.6336185743088,752.3018798828125,51402500
2026-06-04,750.1673635570705,756.3614281257201,749.5389775481502,755.1445922851562,49923000
2026-06-05,750.3768677170906,750.8855669656407,733.6400171295905,735.65478515625,93989400
2026-06-08,741.4498108327123,743.4247643242134,736.2931129658897,737.3204345703125,49319100
2026-06-09,741.7191759970133,744.9807928982774,720.7332622187009,735.1560668945312,87683500
2026-06-10,731.5054857614351,736.4826536495077,723.4661992814284,723.56591796875,60341300
2026-06-11,726.8873842592473,738.0984921563339,722.5485255148498,735.8642578125,86330500
2026-06-12,738.8066884479139,742.5270843334097,733.1412911200548,739.843994140625,57079500
2026-06-15,749.9179969688896,754.7356026867302,749.8282623277308,752.890380859375,60176400
2026-06-16,752.6111046530555,753.4988323298886,747.9531216783239,748.4019775390625,67093100
2026-06-17,749.3594421826946,750.217278570044,737.3204502885575,739.0560302734375,85945200
2026-06-18,747.760009765625,748.22998046875,743.8599853515625,746.739990234375,80875700
2026-06-22,747.7000122070312,750.1799926757812,743.1300048828125,744.3900146484375,46628100
2026-06-23,733.8099975585938,739.6300048828125,732.2999877929688,733.5800170898438,66846800
2026-06-24,735.1699829101562,739.9500122070312,730.8400268554688,733.239990234375,57439500
2026-06-25,738.9099731445312,739.3699951171875,729.5999755859375,734.2999877929688,53934400
2026-06-26,728.9500122070312,736.530029296875,716.5800170898438,728.989990234375,71034000
2026-06-29,736.530029296875,741.5599975585938,732.0900268554688,741.0,58035200
2026-06-30,741.2899780273438,748.02001953125,740.8900146484375,746.77001953125,55626000
2026-07-01,745.0,749.4400024414062,742.3800048828125,745.760009765625,47100900
2026-07-02,747.4000244140625,751.3099975585938,740.030029296875,744.780029296875,57447800
2026-07-06,748.739990234375,752.4099731445312,747.4099731445312,751.280029296875,50673300
2026-07-07,750.219970703125,750.9600219726562,745.2100219726562,747.7100219726562,43721500
2026-07-08,743.1599731445312,746.1500244140625,739.510009765625,745.4000244140625,43767400
2026-07-09,747.3499755859375,751.969970703125,745.5900268554688,751.7100219726562,41441700
2026-07-10,752.0499877929688,755.4199829101562,748.0999755859375,754.9500122070312,42191300
2026-07-13,752.469970703125,753.9099731445312,748.0,749.1699829101562,44013600
2026-07-14,750.9099731445312,753.3400268554688,748.6599731445312,751.8300170898438,35143100
2026-07-15,754.239990234375,755.5800170898438,750.2000122070312,754.8099975585938,43844800
2026-07-16,752.760009765625,754.5700073242188,747.8800048828125,750.719970703125,46409800
2026-07-17,742.0800170898438,747.2899780273438,740.7999877929688,743.2899780273438,62651000
2026-07-20,747.0599975585938,748.72998046875,741.510009765625,742.0900268554688,50422300
2026-07-21,746.2899780273438,749.0399780273438,744.1799926757812,748.280029296875,34324300
2026-07-22,746.6199951171875,750.02001953125,746.3699951171875,747.4099731445312,32836200
2026-07-23,739.3699951171875,742.5599975585938,735.2100219726562,738.1799926757812,55437300
2026-07-24,738.510009765625,743.719970703125,737.2899780273438,738.9299926757812,44782000
2026-07-27,744.9099731445312,745.530029296875,735.8699951171875,739.0900268554688,41461200
2026-07-28,739.1900024414062,742.7899780273438,735.97998046875,740.8599853515625,47322200
2026-07-29,739.969970703125,742.6799926757812,729.0999755859375,729.4600219726562,70697200
2026-07-30,736.0499877929688,742.4500122070312,734.5900268554688,741.6900024414062,66811300
2026-07-31,744.6799926757812,748.89501953125,737.6799926757812,747.030029296875,59137694
