date,open,high,low,close,volume
2015-12-01,14.377181317298971,14.442935943603516,14.374323487361812,14.442935943603516,1569000
2015-12-02,14.462952656976848,14.462952656976848,14.302856866409803,14.337163925170898,5700
2015-12-03,14.351454116236143,14.351454116236143,14.088438856187777,14.107308387756348,69900
2015-12-04,14.743123056021867,14.743123056021867,14.171350679901705,14.411495208740234,12900
2015-12-07,14.44293570273639,14.44293570273639,14.274263212807265,14.305710792541504,245100
2015-12-08,14.322869077474074,14.34859773428388,14.228240033064301,14.251397132873535,160500
2015-12-09,14.286846685803116,14.286846685803116,14.077006340026855,14.077006340026855,18900
2015-12-10,14.148481865738662,14.262834381009794,14.148481865738662,14.179927825927734,27300
2015-12-11,14.17134821712633,14.17134821712633,13.88546371459961,13.88546371459961,10200
2015-12-14,13.89403511566586,13.943778038024902,13.828280494936314,13.943778038024902,15300
2015-12-15,14.214228776866422,14.214228776866422,14.128462791442871,14.128462791442871,900
2015-12-16,14.22566244044906,14.308568954467773,14.128461869101258,14.308568954467773,33300
2015-12-17,14.26569057706562,14.26569057706562,14.194218635559082,14.194218635559082,2100
2015-12-18,14.122746973332248,14.122746973332248,13.85401439666748,13.85401439666748,1568700
2015-12-21,13.976943223399445,13.976943223399445,13.828282079190096,13.934061050415039,49500
2015-12-22,13.975513457354285,14.070140838623047,13.975513457354285,14.070140838623047,3600
2015-12-23,14.070140838623047,14.070140838623047,14.070140838623047,14.070140838623047,0
2015-12-24,14.154193795347744,14.217090606689453,14.154193795347744,14.217090606689453,1200
2015-12-28,14.142762931294454,14.205658123374228,14.142762931294454,14.179927825927734,19200
2015-12-29,14.30285132680204,14.305710792541504,14.30285132680204,14.305710792541504,18600
2015-12-30,14.322864720775735,14.322864720775735,14.285699844360352,14.285699844360352,8700
2015-12-31,14.122745495307996,14.174204432222083,14.122745495307996,14.128462791442871,5100
2016-01-04,14.005532665255858,14.005532665255858,13.722506043541816,13.865449905395508,23700
2016-01-05,13.851156229352876,13.911191940307617,13.851156229352876,13.911191940307617,3600
2016-01-06,13.836863049292797,13.836863049292797,13.719650268554688,13.719650268554688,10500
2016-01-07,13.55955429981495,13.585283774666708,13.519529945223095,13.52238941192627,5100
2016-01-08,13.62244630310495,13.62244630310495,13.30797290802002,13.30797290802002,51000
2016-01-11,13.385160792296174,13.385160792296174,13.162170694439478,13.322265625,17400
2016-01-12,13.545257174903115,13.545257174903115,13.276524604116158,13.379444122314453,12300
2016-01-13,13.462351864101306,13.473787276275253,13.113571383833316,13.365150451660156,8400
2016-01-14,13.233643720416765,13.325127018498215,13.036382245484734,13.316550254821777,17100
2016-01-15,13.43662175228294,14.780283845718719,12.864850352847979,13.013510704040527,22200
2016-01-19,13.267947676929303,13.267947676929303,12.999215126037598,12.999215126037598,6900
2016-01-20,12.724767979345469,12.97348841052207,12.582968370842206,12.873428344726562,38100
2016-01-21,12.976347264772075,13.02780621387189,12.879146664061201,12.950617790222168,24900
2016-01-22,13.116429250652219,13.15931224822998,13.103564106001347,13.15931224822998,14100
2016-01-25,13.436620100691336,13.436620100691336,12.97348557763301,12.982062339782715,38700
2016-01-26,13.076405525808914,13.136441230773926,13.02780441424187,13.136441230773926,6300
2016-01-27,13.14501901759333,13.14501901759333,12.970628367889118,12.979205131530762,15900
2016-01-28,13.116427901855145,13.116427901855145,12.970626215839019,13.053533554077148,15300
2016-01-29,13.16217063913924,13.359431266784668,13.11642817898188,13.359431266784668,4200
2016-02-01,13.35085456047783,13.35085456047783,13.285100745011398,13.322265625,173700
2016-02-02,13.327982146769987,13.327982146769987,13.110709371214671,13.139297485351562,95100
2016-02-03,13.090700919453168,13.182184219360352,12.973488145928393,13.182184219360352,7500
2016-02-04,13.165030288726921,13.222207345866577,13.156453525674687,13.201051712036133,21900
2016-02-05,13.072116717291909,13.072116717291909,13.010936737060547,13.010936737060547,2100
2016-02-08,12.864847339358512,12.864847339358512,12.604691581229705,12.741059303283691,28500
2016-02-09,12.584682248175904,12.76764965057373,12.584682248175904,12.76764965057373,16200
2016-02-10,12.870568593742146,12.923456452884238,12.787946701049805,12.787946701049805,17700
2016-02-11,12.616128085101131,12.621846199035645,12.518927509539736,12.621846199035645,29700
2016-02-12,12.750496780137285,12.853415489196777,12.701896483118267,12.853415489196777,16200
2016-02-16,13.010651880195976,13.070687585963773,12.955190011848524,13.044958114624023,61800
2016-02-17,13.21934580476497,13.305111785975896,13.21934580476497,13.293676376342773,13500
2016-02-18,13.350858571737197,13.350858571737197,12.741922160563105,13.233073234558105,163500
2016-02-19,13.21649000469093,13.233643531799316,13.21649000469093,13.233643531799316,2100
2016-02-22,13.415179095216546,13.415179095216546,13.390877723693848,13.390877723693848,6600
2016-02-23,13.402315944031962,13.402315944031962,13.275953864466876,13.28796100616455,4200
2016-02-24,13.333702087402344,13.333702087402344,13.333702087402344,13.333702087402344,600
2016-02-25,13.416609359578748,13.416609359578748,13.375441551208496,13.375441551208496,1800
2016-02-26,13.548116742105886,13.548116742105886,13.499515630948602,13.510951042175293,2100
2016-02-29,13.499514530453792,13.502373178546144,13.390877723693848,13.390877723693848,5400
2016-03-01,13.49379944619433,13.619589805603027,13.436623199808917,13.619589805603027,18900
2016-03-02,13.653895257954614,13.708212852478027,13.653895257954614,13.708212852478027,900
2016-03-03,13.74537641435508,13.776823997497559,13.733940186007752,13.776823997497559,117600
2016-03-04,13.828282743956535,13.872594652007301,13.793975695239736,13.81398868560791,59700
2016-03-07,13.771106701248964,13.819706173137222,13.771106701248964,13.776823997497559,3900
2016-03-08,13.699636187287837,13.762531360067335,13.651035892456052,13.659612655639648,50400
2016-03-09,13.773966677130282,13.773966677130282,13.693919609629969,13.708212852478027,9900
2016-03-10,13.788263565632793,13.788263565632793,13.636742909467726,13.719650268554688,16500
2016-03-11,13.894040220717972,13.939780235290527,13.865452098166205,13.939780235290527,12300
2016-03-14,13.938348350536133,13.962933540344238,13.938348350536133,13.962933540344238,9000
2016-03-15,13.9049037312365,13.911191940307617,13.899757345768826,13.911191940307617,35400
2016-03-16,13.911189300812714,13.988378524780273,13.902612538610748,13.988378524780273,45600
2016-03-17,14.02268792752958,14.083009910991018,13.98838087296271,14.077006340026855,3900
2016-03-18,14.047701877034187,14.151121269270226,14.047701877034187,14.13388442993164,8700
2016-03-21,14.15974090802711,14.15974090802711,14.122395515441895,14.122395515441895,8100
2016-03-22,14.139632291163789,14.179849394503862,14.139632291163789,14.164912223815918,13200
2016-03-23,14.16835581975683,14.16835581975683,14.05689335427374,14.079299926757812,11100
2016-03-24,14.044831013710505,14.0678129196167,13.990248781708848,14.0678129196167,123000
2016-03-28,14.0678129196167,14.0678129196167,14.0678129196167,14.0678129196167,0
2016-03-29,14.03621682428004,14.202835281372737,14.03621682428004,14.199963569641113,24900
2016-03-30,14.309122908764925,14.309122908764925,14.257414028537424,14.270054817199707,22200
2016-03-31,14.25453889213592,14.277520793802873,14.229832649230957,14.229832649230957,9000
2016-04-01,14.162325226905008,14.248793799284943,14.162325226905008,14.245922088623047,9600
2016-04-04,14.292458548169414,14.32061183091091,14.278956413269043,14.278956413269043,6000
2016-04-05,14.19709035314793,14.20283542046351,14.162042976828763,14.171235084533691,21000
2016-04-06,14.197083135462952,14.300500869750977,14.159737751203652,14.300500869750977,34500
2016-04-07,14.260282938630903,14.260282938630903,14.07384204864502,14.07384204864502,3900
2016-04-08,14.240173418955617,14.240173418955617,14.159737586975098,14.159737586975098,2100
2016-04-11,14.24017656075245,14.24017656075245,14.139632159542591,14.148250579833984,7200
2016-04-12,14.165485941795616,14.228686595472372,14.10228528811886,14.205704689025879,20400
2016-04-13,14.34359359499131,14.34359359499131,14.303374854862653,14.332101821899414,3600
2016-04-14,14.360832083128969,14.395304118775666,14.360832083128969,14.3665771484375,3000
2016-04-15,14.360831308937977,14.38093985833154,14.354223251342773,14.354223251342773,7200
2016-04-18,14.383821696472205,14.383821696472205,14.357966423034668,14.357966423034668,12300
2016-04-19,14.495851780647879,14.495851780647879,14.472869873046875,14.472869873046875,1200
2016-04-20,14.550431574430382,14.556176639417417,14.490104282577954,14.507339477539062,9000
2016-04-21,14.45103553155515,14.45103553155515,14.43552303314209,14.43552303314209,10800
2016-04-22,14.406798164889302,14.409669876098633,14.378069546225625,14.409669876098633,3900
2016-04-25,14.401049184084197,14.401049184084197,14.336699521242119,14.3665771484375,9600
2016-04-26,14.403922343290823,14.403922343290823,14.39243221282959,14.39243221282959,1800
2016-04-27,14.363698768863513,14.438387870788574,14.363698768863513,14.438387870788574,2100
2016-04-28,14.619378063336782,14.619378063336782,14.280394554138184,14.280394554138184,9000
2016-04-29,14.19708251953125,14.19708251953125,14.19708251953125,14.19708251953125,300
2016-05-02,14.280394554138184,14.280394554138184,14.268904423552895,14.280394554138184,2700
2016-05-03,14.248797260233749,14.248797260233749,14.191343307495117,14.191343307495117,1200
2016-05-04,14.191343307495117,14.191343307495117,14.191343307495117,14.191343307495117,0
2016-05-05,14.162610508480034,14.162610508480034,14.110901637513424,14.125265121459961,108900
2016-05-06,14.125263913415425,14.176974423754933,14.10802872043082,14.159737586975098,16200
2016-05-09,14.208579309564904,14.210014343261719,14.196226184442834,14.210014343261719,1800
2016-05-10,14.303374795880298,14.363703727722168,14.303374795880298,14.363703727722168,8400
2016-05-11,14.366573722435744,14.366573722435744,14.243045806884766,14.243045806884766,5400
2016-05-12,14.234433928344641,14.266034260216205,14.182725041552931,14.248797416687012,23100
2016-05-13,14.205992385256312,14.205992385256312,14.099413608943637,14.122395515441895,12000
2016-05-16,14.171228267865215,14.283266067504883,14.171228267865215,14.283266067504883,2700
2016-05-17,14.21432218040265,14.21432218040265,14.07642910694046,14.110902786254883,48900
2016-05-18,14.05746956959483,14.197085340745438,14.05746956959483,14.110902786254883,3600
2016-05-19,14.073558247910148,14.073558247910148,13.987375688203924,14.044831275939941,189900
2016-05-20,14.168360151283,14.208578900939607,14.1620397567749,14.162039756774902,12900
2016-05-23,14.208571934464526,14.208571934464526,14.148244661455987,14.151116371154785,165300
2016-05-24,14.151116371154785,14.151116371154785,14.151116371154785,14.151116371154785,0
2016-05-25,14.426907539367676,14.498151295867357,14.426907539367676,14.426907539367676,4800
2016-05-26,14.426907539367676,14.426907539367676,14.426907539367676,14.426907539367676,0
2016-05-27,14.467123096624718,14.490105001508535,14.458504676818848,14.458504676818848,2700
2016-05-31,14.467126620467429,14.5073437309634,14.44069766998291,14.44069766998291,5700
2016-06-01,14.490106122063628,14.515959739685059,14.490106122063628,14.515959739685059,900
2016-06-02,14.52170257294316,14.536066055297852,14.52170257294316,14.536066055297852,2400
2016-06-03,14.518831251308553,14.518831251308553,14.507339477539062,14.507339477539062,86700
2016-06-06,14.536070559698073,14.559052467346191,14.527452138855567,14.559052467346191,5400
2016-06-07,14.599271709149846,14.613635196439974,14.584906578063965,14.584906578063965,2700
2016-06-08,14.627995491027832,14.627995491027832,14.627995491027832,14.627995491027832,1500
2016-06-09,14.616507860662988,14.616507860662988,14.602144372436316,14.607891082763672,3000
2016-06-10,14.488097159575005,14.488097159575005,14.469711303710938,14.469711303710938,3600
2016-06-13,14.469997586345887,14.469997586345887,14.412254333496094,14.412254333496094,8100
2016-06-14,14.334976261014047,14.34072132609713,14.256838444497781,14.3263578414917,9600
2016-06-15,14.355083465576172,14.355083465576172,14.355083465576172,14.355083465576172,900
2016-06-16,14.22006560554004,14.363703727722168,14.176399826802472,14.363703727722168,61500
2016-06-17,14.40151762429874,14.40151762429874,14.306259155273438,14.306259155273438,3600
2016-06-20,14.454929124771912,14.502559207892913,14.38420581817627,14.38420581817627,146400
2016-06-21,14.404404452663599,14.45925103702653,14.404404452663599,14.424612045288086,378000
2016-06-22,14.47079987962884,14.47079987962884,14.404407501220703,14.404407501220703,3300
2016-06-23,14.551625768538026,14.594924926757812,14.534305444547309,14.594924926757812,165900
2016-06-24,13.959863746942256,14.262673782633094,13.959863746942256,14.09264850616455,166500
2016-06-27,14.632451323313541,14.632451323313541,13.775114370194474,13.792434692382812,48600
2016-06-28,13.954082221319243,14.058002471923828,13.941092809402301,14.058002471923828,19200
2016-06-29,14.205229224961727,14.291540145874023,14.203785589165857,14.291540145874023,35400
2016-06-30,14.291540145874023,14.291540145874023,14.291540145874023,14.291540145874023,0
2016-07-01,14.488116220941185,14.49966365196033,14.437311488673005,14.493890762329102,18900
2016-07-05,14.496777511505423,14.496777511505423,14.370631191505508,14.450591087341309,33000
2016-07-06,14.424610797565656,14.47599199172918,14.35533116832463,14.469642639160156,8100
2016-07-07,14.519872612316059,14.519872612316059,14.502553939819336,14.502553939819336,3000
2016-07-08,14.681529998779297,14.681529998779297,14.681529998779297,14.681529998779297,1800
2016-07-11,14.681529998779297,14.681529998779297,14.681529998779297,14.681529998779297,600
2016-07-12,14.84289485723614,14.872048377990723,14.84289485723614,14.872048377990723,5100
2016-07-13,14.886476838305883,14.886476838305883,14.868001937866211,14.868001937866211,900
2016-07-14,14.983758078987035,14.983758078987035,14.967303276062012,14.967303276062012,6600
2016-07-15,14.969899270114373,14.969899270114373,14.947095116781858,14.949980735778809,3600
2016-07-18,14.99328545903912,14.99328545903912,14.978852405009954,14.980585098266602,10800
2016-07-19,14.947098731994629,14.947098731994629,14.947098731994629,14.947098731994629,600
2016-07-20,15.042936325073242,15.042936325073242,15.042936325073242,15.042936325073242,1200
2016-07-21,14.978848656788413,14.984621546604073,14.978848656788413,14.981734275817871,1800
2016-07-22,15.025039377965998,15.053905487060547,14.951428817666237,15.053905487060547,11400
2016-07-25,15.065449164392847,15.065449164392847,14.99010758132183,15.023591995239258,4800
2016-07-26,14.999053001403809,14.999053001403809,14.999053001403809,14.999053001403809,900
2016-07-27,15.056786639206281,15.056786639206281,14.984619744043181,15.040331840515137,13800
2016-07-28,15.048131124531244,15.048131124531244,15.030234336853027,15.030234336853027,1200
2016-07-29,15.030808223278147,15.09720058667484,15.030808223278147,15.068623542785645,3600
2016-08-01,15.097203547475885,15.097203547475885,15.068337440490723,15.068337440490723,4800
2016-08-02,15.068339308641917,15.068339308641917,14.969038963317871,14.969038963317871,21300
2016-08-03,14.981734275817871,14.981734275817871,14.981734275817871,14.981734275817871,1200
2016-08-04,15.079883556137629,15.079883556137629,15.033697128295898,15.033697128295898,4500
2016-08-05,15.157824516296387,15.157824516296387,15.157824516296387,15.157824516296387,600
2016-08-08,15.189575015022106,15.189575015022106,15.13472843170166,15.13472843170166,33600
2016-08-09,15.111637931195418,15.192174301900165,15.111637931195418,15.149164199829102,26400
2016-08-10,15.241535758341065,15.241535758341065,15.088254368087867,15.101821899414062,24900
2016-08-11,15.146274124025123,15.198233436223576,15.146274124025123,15.16648006439209,6000
2016-08-12,15.180919386253253,15.183805006179918,15.143393113148543,15.157824516296387,6900
2016-08-15,15.209780904823143,15.235759735107422,15.209780904823143,15.235759735107422,11100
2016-08-16,15.154938038107078,15.163598200911142,15.126071929931642,15.12607192993164,8700
2016-08-17,15.189578689323332,15.189578689323332,15.126071929931642,15.12607192993164,1800
2016-08-18,15.126071929931642,15.126071929931642,15.126071929931642,15.12607192993164,0
2016-08-19,15.120298243191678,15.157824516296387,15.11452535158109,15.157824516296387,2100
2016-08-22,15.140501023806236,15.163016119801927,15.128953592502159,15.160130500793457,10800
2016-08-23,15.2299878048577,15.2299878048577,15.207761764526367,15.207761764526367,4500
2016-08-24,15.154938697814941,15.154938697814941,15.154938697814941,15.154938697814941,1200
2016-08-25,15.123184343623688,15.123184343623688,15.079885182261801,15.085658073425293,12000
2016-08-26,15.14050370306455,15.14050370306455,15.03283061800891,15.0625638961792,8100
2016-08-29,15.108750659855495,15.149164199829102,15.108750659855495,15.149164199829102,1500
2016-08-30,15.105863571166992,15.105863571166992,15.105863571166992,15.105863571166992,600
2016-08-31,15.076998064468441,15.094318389892578,15.076998064468441,15.094318389892578,1200
2016-09-01,15.137616111922956,15.229988969723038,15.010602606569348,15.022150039672852,3300
2016-09-02,15.17803211456933,15.17803211456933,15.134732949854033,15.157824516296387,3900
2016-09-06,15.17803405562381,15.180921327676971,15.149167942122046,15.17947769165039,27900
2016-09-07,15.1959237939211,15.1959237939211,15.162439382083527,15.192460060119629,26100
2016-09-08,15.180919187358086,15.180919187358086,15.140505643098939,15.154938697814941,7200
2016-09-09,15.10875071438138,15.10875071438138,14.79987875017746,14.818353652954102,82800
2016-09-12,14.800738078041489,15.007711410522461,14.759169977125994,15.007711410522461,12600
2016-09-13,14.834514604987513,14.834514604987513,14.77966967500614,14.811421394348145,9600
2016-09-14,14.973080283877746,14.973080283877746,14.771014213562012,14.771014213562012,21600
2016-09-15,14.846063357800725,14.978849743737081,14.846063357800725,14.944209098815918,9900
2016-09-16,14.944497845973599,14.947398620413583,14.869094305353475,14.928546905517578,40200
2016-09-19,14.975241088522315,15.004242197588484,14.906797409057617,14.906797409057617,8100
2016-09-20,14.990900482638345,14.990900482638345,14.928837516536216,14.952619552612305,7200
2016-09-21,14.952619552612305,14.952619552612305,14.952619552612305,14.952619552612305,0
2016-09-22,15.214217229734215,15.214217229734215,15.135912895202638,15.135912895202637,31500
2016-09-23,15.104014694004725,15.112715362130542,15.095314025878906,15.095314025878906,18600
2016-09-26,15.075007452194388,15.075007452194388,14.9502990326827,14.97350025177002,122400
2016-09-27,15.07006926809144,15.07006926809144,15.016997393246944,15.019896507263184,3600
2016-09-28,15.086607933044434,15.086607933044434,15.086607933044434,15.086607933044434,1500
2016-09-29,15.109811947463868,15.121411729950648,14.979305267333984,14.979305267333984,2100
2016-09-30,15.037304337068592,15.127210100109158,15.017003892243753,15.108358383178711,19800
2016-10-03,15.191012742536696,15.191012742536696,14.998733520507812,14.998733520507812,3900
2016-10-04,15.066306899806365,15.066306899806365,14.947400028792527,14.963930130004883,4800
2016-10-05,15.040209468525427,15.092411812826574,15.019907358337544,15.037308692932129,5700
2016-10-06,15.04890375809237,15.04890375809237,14.985099997940686,15.040203094482422,4500
2016-10-07,15.031509131284759,15.031509131284759,14.950304007715362,15.001057624816895,12300
2016-10-10,15.040493871428549,15.057604789733887,15.040493871428549,15.057604789733887,1800
2016-10-11,15.019904230052559,15.019904230052559,14.88649845123291,14.88649845123291,2400
2016-10-12,15.01120451932645,15.01120451932645,14.866197290809604,14.874897956848145,53700
2016-10-13,14.782091014569138,14.782091014569138,14.738589349893166,14.753089904785156,4200
2016-10-14,14.927100501936636,14.964802278116883,14.875186920166016,14.875186920166016,9000
2016-10-17,14.84531330307862,14.867352881861734,14.802389144897461,14.802389144897461,5100
2016-10-18,14.892296854524533,14.932899402906425,14.892296854524533,14.906797409057617,2400
2016-10-19,14.903900140012649,15.014106371765012,14.886500466169501,15.004826545715332,30300
2016-10-20,14.910278669174227,14.93580150604248,14.910278669174227,14.93580150604248,6900
2016-10-21,14.920141054469665,14.920141054469665,14.911149978637695,14.911149978637695,900
2016-10-24,15.025705927087877,15.025705927087877,14.99380403982418,15.008304595947266,3300
2016-10-25,14.99090073613183,14.99090073613183,14.93289852142334,14.93289852142334,3300
2016-10-26,14.93289852142334,14.93289852142334,14.93289852142334,14.93289852142334,291600
2016-10-27,14.915496860783973,14.93289818860148,14.848793983459473,14.848793983459473,18900
2016-10-28,14.834295172320767,14.896650221212653,14.802683693243146,14.82443618774414,3000
2016-10-31,14.864744186401367,14.864744186401367,14.864744186401367,14.864744186401367,1200
2016-11-01,14.866191667564955,14.869092441641351,14.721765312506097,14.732784271240234,5100
2016-11-02,14.692183405572198,14.692183405572198,14.613879100249518,14.65447998046875,4200
2016-11-03,14.78209168627109,14.78209168627109,14.590682029724121,14.590682029724121,1200
2016-11-04,14.595614093636389,14.642886109513007,14.539060592651367,14.539060592651367,30900
2016-11-07,14.895196896044029,14.895196896044029,14.829361925670893,14.871994018554688,5700
2016-11-08,14.918401256886392,14.918401256886392,14.917239619233396,14.918110847473145,3300
2016-11-09,14.755993780285799,15.080810961200802,14.755993780285799,15.03557014465332,7800
2016-11-10,15.252497546638173,15.252497546638173,15.179413946584955,15.180864334106445,6600
2016-11-11,15.188113613103363,15.188113613103363,15.018164383478274,15.12721061706543,7200
2016-11-14,15.217115090546992,15.217115090546992,15.12228066007056,15.144612312316895,10500
2016-11-15,15.167811890878511,15.225815773010254,15.152732175920391,15.225815773010254,3000
2016-11-16,15.147512565386505,15.208415567466696,15.147512565386505,15.188115119934082,5700
2016-11-17,15.211890549863957,15.298314702801205,15.211890549863957,15.269024848937988,7500
2016-11-18,15.280919284545442,15.29252072507165,15.25423812866211,15.25423812866211,6000
2016-11-21,15.312816619873047,15.312816619873047,15.312816619873047,15.312816619873047,900
2016-11-22,15.385322094993462,15.391123644297503,15.344721206757578,15.362122535705566,5400
2016-11-23,15.330220445173007,15.384161909011091,15.330220445173007,15.373141288757324,5400
2016-11-25,15.41752017835276,15.4462308883667,15.41752017835276,15.4462308883667,2100
2016-11-28,15.452025567485794,15.452025567485794,15.384451462416443,15.402722358703613,11100
2016-11-29,15.414327460837223,15.457829131056444,15.373724906276541,15.374305725097656,122100
2016-11-30,15.399829280094956,15.399829280094956,15.358936309814453,15.358936309814453,2400
2016-12-01,15.454926737718447,15.454926737718447,15.272217750549316,15.272217750549316,2700
2016-12-02,15.253946851832403,15.300639701714127,15.253946851832403,15.272217750549316,45600
2016-12-05,15.391126550113825,15.391126550113825,15.35081440414663,15.357483863830566,18900
2016-12-06,15.443327834277662,15.443327834277662,15.330222501438248,15.41722583770752,17700
2016-12-07,15.434629691519731,15.623140269879439,15.412009285047487,15.597038269042969,31800
2016-12-08,15.652137399147167,15.689839173317639,15.643147984530263,15.646337509155273,38700
2016-12-09,15.733343253268817,15.773945808410645,15.688102444903405,15.773945808410645,16500
2016-12-12,15.794247800191457,15.794247800191457,15.706952390249189,15.756546020507812,13500
2016-12-13,15.83194869895613,15.866751361024459,15.829338333352778,15.852249145507812,8700
2016-12-14,15.913151695208134,15.913151695208134,15.730731471885939,15.762052536010742,17100
2016-12-15,15.782639873878336,15.84644362534837,15.782639873878336,15.800041198730469,16200
2016-12-16,15.888710232219442,15.888710232219442,15.732681274414062,15.732681274414062,8700
2016-12-19,15.774961520111818,15.799167372514058,15.747546577453148,15.749297142028809,12000
2016-12-20,15.847872972100568,15.86537194473167,15.84204053748816,15.850790023803711,3900
2016-12-21,15.836206818455999,15.846414829795187,15.823373794555664,15.823373794555664,53400
2016-12-22,15.842043183617124,15.842043183617124,15.74871753905471,15.772048950195312,18600
2016-12-23,15.844960942715424,15.844960942715424,15.776715602527817,15.804130554199219,7800
2016-12-27,15.865376243888058,15.865376243888058,15.842044830322266,15.842044830322266,7500
2016-12-28,15.795385222447965,15.795385222447965,15.71139144897461,15.71139144897461,9900
2016-12-29,15.766215337047681,15.766215337047681,15.71371841430664,15.71371841430664,13200
2016-12-30,15.789547253769411,15.789547253769411,15.61164379119873,15.61164379119873,13800
2017-01-03,15.664133768113517,15.79041469834927,15.664133768113517,15.693005561828613,9900
2017-01-04,15.822793617218379,15.8828718693117,15.81462653947763,15.868289947509766,26700
2017-01-05,15.891624709947449,15.891624709947449,15.807048544370742,15.842044830322266,39600
2017-01-06,15.850794994069226,15.955787193983912,15.850794994069226,15.92953872680664,20100
2017-01-09,16.01410626450667,16.01410626450667,15.891616821289062,15.891616821289062,14400
2017-01-10,15.926623109269043,15.952871578811452,15.920790672302246,15.920790672302246,11700
2017-01-11,15.894546299199332,15.923710157282189,15.82163331640257,15.853715896606445,28200
2017-01-12,15.941194768032183,15.941194768032183,15.795958002738914,15.888699531555176,19800
2017-01-13,15.862456313383795,15.935075554390847,15.862456313383795,15.897454261779785,47400
2017-01-17,15.9353721648418,15.9353721648418,15.81288264790444,15.839129447937012,14100
2017-01-18,15.917863366398683,15.917863366398683,15.848743609281312,15.888699531555176,16800
2017-01-19,15.855748850711828,15.879954707231539,15.823083877563477,15.823083877563477,6600
2017-01-20,15.894539600392667,15.894539600392667,15.874123573303223,15.874123573303223,3600
2017-01-23,15.941199798609183,15.941199798609183,15.818418279626545,15.856623649597168,3000
2017-01-24,15.894536751208536,15.953156471252441,15.88578726528061,15.953156471252441,6600
2017-01-25,16.04035907933512,16.08206558227539,16.01119523308895,16.08206558227539,8700
2017-01-26,16.116183976440233,16.116183976440233,16.063688730641616,16.069229125976562,13500
2017-01-27,16.069522261821337,16.069522261821337,16.068063735961914,16.068063735961914,3000
2017-01-30,16.040361694368183,16.043278746986015,15.902123772341115,15.92953872680664,15000
2017-01-31,15.952870133276681,15.952870133276681,15.895124840551485,15.947037696838379,50700
2017-02-01,16.145347846716817,16.145347846716817,15.9829041227093,15.999526977539062,18600
2017-02-02,16.0286949545266,16.0286949545266,15.963076297418027,15.985823631286621,24900
2017-02-03,16.087021345519542,16.1205590965482,16.087021345519542,16.11910057067871,9000
2017-02-06,16.054938552765698,16.098684310913086,16.054938552765698,16.098684310913086,18900
2017-02-07,16.165770320709868,16.165770320709868,16.092859022629057,16.107440948486328,4500
2017-02-08,16.069524747821795,16.136601928587318,16.069524747821795,16.124937057495117,108900
2017-02-09,16.177430620809915,16.227010489744867,16.165765750939325,16.22117805480957,8400
2017-02-10,16.26201271673981,16.282428749672423,16.244515405533466,16.267845153808594,9600
2017-02-13,16.422408439896245,16.422408439896245,16.3465801235129,16.359413146972656,18600
2017-02-14,16.460326680309606,16.460326680309606,16.36145896874016,16.434078216552734,8400
2017-02-15,16.44574187664565,16.547816992765306,16.44574187664565,16.54198455810547,9900
2017-02-16,16.50698471069336,16.50698471069336,16.49473576492203,16.50698471069336,3600
2017-02-17,16.483660427710465,16.550739288330078,16.47403649027407,16.550739288330078,9300
2017-02-21,16.6819713129068,16.6819713129068,16.615184519236678,16.658639907836914,21000
2017-02-22,16.652808691415565,16.66447523036954,16.628310795285632,16.647268295288086,14100
2017-02-23,16.679054261475418,16.679054261475418,16.60876800736387,16.658639907836914,107400
2017-02-24,16.702387891614826,16.702387891614826,16.604686681172577,16.647850036621094,7500
2017-02-27,16.664472957367817,16.721926189855644,16.664472957367817,16.70705223083496,6600
2017-02-28,16.722802896219836,16.722802896219836,16.641143798828125,16.641143798828125,4200
2017-03-01,16.87153601820992,16.92986535865084,16.7971679031008,16.90070152282715,37200
2017-03-02,16.967786136260713,16.967786136260713,16.79834177259219,16.804466247558594,22500
2017-03-03,16.789877177313933,16.832164406086843,16.760713341085232,16.816123962402344,36000
2017-03-06,16.753425119394798,16.762174606323242,16.711137879500324,16.762174606323242,33000
2017-03-07,16.676139824118636,16.740301615316962,16.675265376069635,16.711137771606445,27900
2017-03-08,16.67905760482924,16.791923153459518,16.652809143066406,16.652809143066406,20700
2017-03-09,16.658642519168716,16.763633024044175,16.658642519168716,16.711137771606445,9300
2017-03-10,16.801540613884516,16.830706116423766,16.711132061755066,16.807373046875,39000
2017-03-13,16.854044456489603,16.854044456489603,16.760720474596948,16.804466247558594,10500
2017-03-14,16.757800347040142,16.76071739888666,16.685473147909754,16.725719451904297,62400
2017-03-15,16.871541019087648,16.889039993286133,16.76655051148481,16.889039993286133,8700
2017-03-16,16.83362245635335,16.886117693841506,16.808832528741483,16.845287322998047,8700
2017-03-17,16.88892079050844,16.894776441009977,16.827432271651066,16.850854873657227,17400
2017-03-20,16.862568957185577,16.862568957185577,16.753938674926758,16.753938674926758,17100
2017-03-21,16.81865142106866,16.81865142106866,16.549271337295856,16.58733558654785,16800
2017-03-22,16.622468948364258,16.62539761154445,16.543411796865044,16.622468948364258,12000
2017-03-23,16.683955522135832,16.683955522135832,16.543408202445757,16.543703079223633,25800
2017-03-24,16.560982640710243,16.71031264958304,16.53141118072971,16.58733558654785,29100
2017-03-27,16.563909480246913,16.566838143496415,16.44093243075409,16.552196502685547,31500
2017-03-28,16.55805508030682,16.70152775707699,16.53872891718578,16.69860076904297,12000
2017-03-29,16.801083944157018,16.801083944157018,16.66610069155742,16.71031379699707,6000
2017-03-30,16.739592350562,16.763014954720433,16.68103081385601,16.760087966918945,14700
2017-03-31,16.76008631702946,16.76155064850437,16.713237762451172,16.713237762451172,39600
2017-04-03,16.751308061183163,16.751308061183163,16.609006488568834,16.67810821533203,29400
2017-04-04,16.631255792620212,16.6956729888916,16.631255792620212,16.6956729888916,22200
2017-04-05,16.73373942800406,16.81162547135681,16.67810821533203,16.67810821533203,17400
2017-04-06,16.65175526312954,16.70211722619014,16.640042282532825,16.648826599121094,8700
2017-04-07,16.701523664165524,16.701523664165524,16.636521759799674,16.66668128967285,3600
2017-04-10,16.777655203033397,16.777655203033397,16.65174950122972,16.66638946533203,21600
2017-04-11,16.672245374887268,16.672245374887268,16.543411008087098,16.61954116821289,13800
2017-04-12,16.63125267806558,16.63125267806558,16.55219552934434,16.56097984313965,27600
2017-04-13,16.56098308578239,16.613688978874066,16.48778324888318,16.499494552612305,12900
2017-04-17,16.596114806576878,16.631250381469727,16.534626293937155,16.631250381469727,11700
2017-04-18,16.60782711531412,16.60782711531412,16.540481280031436,16.60489845275879,25500
2017-04-19,16.745449152902438,16.745449152902438,16.553661908098753,16.56683921813965,23100
2017-04-20,16.681028186459745,16.727876738270854,16.60197104584895,16.692739486694336,25500
2017-04-21,16.77180026662195,16.77180026662195,16.623934597597497,16.64091682434082,21300
2017-04-24,16.754233865005553,16.836219688887162,16.754233865005553,16.812793731689453,7200
2017-04-25,16.959197107814273,16.979692726499586,16.903271026581887,16.932844161987305,11700
2017-04-26,16.9650468358551,16.96797549840333,16.8859897014153,16.89506721496582,19800
2017-04-27,16.95626821922249,16.970908186008693,16.883066709854674,16.96212387084961,214800
2017-04-28,17.006044298339244,17.006044298339244,16.89184988441877,16.90268325805664,8700
2017-05-01,16.994323885212918,16.994323885212918,16.926979736920227,16.953330993652344,16500
2017-05-02,17.03825404374939,17.03825404374939,16.914397378074174,16.96212387084961,5400
2017-05-03,16.95918831775811,16.95918831775811,16.90970431676732,16.953330993652344,6900
2017-05-04,17.006041493797696,17.006041493797696,16.91820003806135,16.985544204711914,11700
2017-05-05,16.979103046680155,17.011898040771484,16.963000426458855,17.011898040771484,3600
2017-05-08,17.158302264522643,17.158302264522643,16.996967754661785,17.003116607666016,5700
2017-05-09,17.167083762465133,17.167083762465133,16.988473853214888,17.00604248046875,6600
2017-05-10,17.008965405247185,17.052886962890625,17.004280885881514,17.052886962890625,11100
2017-05-11,16.95333889330289,16.991989543405364,16.945434182774324,16.985254287719727,7500
2017-05-12,17.01774815532811,17.01774815532811,16.90121320733711,16.953330993652344,9300
2017-05-15,16.935770407377753,17.05582046508789,16.935770407377753,17.05582046508789,25500
2017-05-16,17.090956045736842,17.090956045736842,17.011898894980966,17.05582046508789,16800
2017-05-17,17.017753962481162,17.017753962481162,16.76301389090326,16.77472686767578,21000
2017-05-18,16.681029536936933,16.859639445747302,16.681029536936933,16.804006576538086,15000
2017-05-19,16.897708618572057,16.975301449024734,16.88072471543035,16.91527557373047,15000
2017-05-22,17.003109224742296,17.022140502929688,16.938692059168844,17.022140502929688,5400
2017-05-23,17.000184935276284,17.049375750603772,17.000184935276284,17.035322189331055,6300
2017-05-24,17.096814134433096,17.111454101410715,17.017756972404495,17.10559844970703,26700
2017-05-25,17.155374395037036,17.17879867553711,17.1539100633614,17.17879867553711,4800
2017-05-26,17.20807554230055,17.20807554230055,17.1612269896448,17.199291229248047,15300
2017-05-30,17.199290330969635,17.206610312225017,17.168546074609775,17.172937393188477,12600
2017-05-31,17.216859633643992,17.216859633643992,17.101200909472414,17.148635864257812,14400
2017-06-01,17.240285394611274,17.31641387939453,17.190508175479476,17.31641387939453,36900
2017-06-02,17.33398393052349,17.40718543371155,17.30968172174496,17.39254379272461,33600
2017-06-05,17.495025074612332,17.495025074612332,17.363262047552773,17.386686325073242,16200
2017-06-06,17.374978353444273,17.374978353444273,17.31641681070323,17.319345474243164,24300
2017-06-07,17.351554965598645,17.37790791505026,17.290066425648607,17.374980926513672,32700
2017-06-08,17.392543170837275,17.398400497197283,17.281277426109572,17.348623275756836,30300
2017-06-09,17.43060868546053,17.43060868546053,17.22711181640625,17.22711181640625,51300
2017-06-12,17.331056996083266,17.331056996083266,17.260784149169922,17.260784149169922,9000
2017-06-13,17.26956590445039,17.41011157744281,17.26956590445039,17.37790298461914,32100
2017-06-14,17.413042602279386,17.465453616499204,17.298848180337234,17.319345474243164,64200
2017-06-15,17.275422340573705,17.35154914855957,17.234429435870705,17.35154914855957,13200
2017-06-16,17.291548955865895,17.335668563842773,17.279783166075074,17.335668563842773,36000
2017-06-19,17.476847431463764,17.476847431463764,17.429785956669942,17.473905563354492,16500
2017-06-20,17.441552477384644,17.487435860465773,17.371550150572606,17.382728576660156,10800
2017-06-21,17.385668971575654,17.418022790560705,17.347433099045414,17.38861083984375,30900
2017-06-22,17.470964638449427,17.470964638449427,17.347727622470423,17.38861083984375,15600
2017-06-23,17.412144236086505,17.418026290813728,17.350378453972308,17.4033203125,24900
2017-06-26,17.423907800076407,17.46508386089204,17.39037756793262,17.41802406311035,23100
2017-06-27,17.356255302333405,17.43272703982206,17.265077590942383,17.265077590942383,45900
2017-06-28,17.470960598708615,17.470960598708615,17.372429913393276,17.42978286743164,16200
2017-06-29,17.44155683882398,17.444498707792242,17.165080060506515,17.250375747680664,29400
2017-06-30,17.35625658235047,17.35625658235047,17.27831390512517,17.294490814208984,12300
2017-07-03,17.332724879744674,17.39154877356308,17.320959091186523,17.320959091186523,20100
2017-07-05,17.406257828463733,17.406257828463733,17.291548533516604,17.370962142944336,68400
2017-07-06,17.27095919503791,17.272430128988084,17.17683961811622,17.218015670776367,10800
2017-07-07,17.365072744963868,17.365072744963868,17.264482103368458,17.31507110595703,33600
2017-07-10,17.279783592807217,17.38861083984375,17.279783592807217,17.38861083984375,16800
2017-07-11,17.31214087977357,17.368022918701172,17.26508108057788,17.368022918701172,26400
2017-07-12,17.365082000294702,17.500377655029297,17.365082000294702,17.500377655029297,30600
2017-07-13,17.44155608234614,17.523911579971493,17.44155608234614,17.506263732910156,19500
2017-07-14,17.447431612986676,17.603318626416495,17.447431612986676,17.570964813232422,68700
2017-07-17,17.623907812068726,17.623907812068726,17.54743607568422,17.579788208007812,14100
2017-07-18,17.573909907674576,17.58273214653488,17.5003766645833,17.56184959411621,38700
2017-07-19,17.635677804738986,17.660676956176758,17.61861732284019,17.660676956176758,8400
2017-07-20,17.668032125039844,17.691562028054655,17.644796745523177,17.67391586303711,6900
2017-07-21,17.670968891971015,17.75626455539871,17.600966567142944,17.650379180908203,14400
2017-07-24,17.64155985901898,17.668029944774553,17.622441078869986,17.660676956176758,83400
2017-07-25,17.681558715249256,17.726853051342,17.681558715249256,17.69744110107422,24900
2017-07-26,17.700380759578362,17.70626449584961,17.67626349963357,17.70626449584961,25200
2017-07-27,17.718031826716718,17.718031826716718,17.577146947817088,17.588911056518555,11400
2017-07-28,17.618031285361,17.618913172821593,17.597441569344017,17.615089416503906,7200
2017-07-31,17.664790420206334,17.664790420206334,17.632731129380794,17.64449691772461,36300
2017-08-01,17.647439755768016,17.729793554593183,17.647439755768016,17.682735443115234,259200
2017-08-02,17.682740364066753,17.688622419264547,17.62685663220904,17.678327560424805,6000
2017-08-03,17.682735443115234,17.682735443115234,17.644499570483084,17.682735443115234,21900
2017-08-04,17.71802848467157,17.723910537912808,17.6856746673584,17.6856746673584,14400
2017-08-07,17.679201255719516,17.715085983276367,17.679201255719516,17.715085983276367,19500
2017-08-08,17.8003820676473,17.8003820676473,17.670968482922273,17.679792404174805,23100
2017-08-09,17.62685732111231,17.678033727820424,17.60626760262813,17.662151336669922,12000
2017-08-10,17.659204241337044,17.659204241337044,17.400375366210938,17.400375366210938,19200
2017-08-11,17.4268383745846,17.500368216196982,17.4268383745846,17.479780197143555,6300
2017-08-14,17.573907851591905,17.64743772009844,17.573907851591905,17.6209659576416,8400
2017-08-15,17.741561353461094,17.741561353461094,17.604498550532654,17.66802978515625,88200
2017-08-16,17.753325134818667,17.753325134818667,17.65920386288975,17.682735443115234,30300
2017-08-17,17.765085086841932,17.765085086841932,17.42978286743164,17.42978286743164,9300
2017-08-18,17.403317344525988,17.438611349861606,17.34155157294537,17.405670166015625,15000
2017-08-21,17.406256136899696,17.406256136899696,17.33860664055876,17.39213752746582,7500
2017-08-22,17.43272564026495,17.570964813232422,17.43272564026495,17.570964813232422,15900
2017-08-23,17.56802526149777,17.570967129626222,17.50184669253494,17.541553497314453,13200
2017-08-24,17.60626027545504,17.60626027545504,17.462140721001486,17.47684669494629,8700
2017-08-25,17.57097138429639,17.57097138429639,17.4827338319769,17.547441482543945,5700
2017-08-28,17.52978841867044,17.52978841867044,17.456256866455078,17.456256866455078,21300
2017-08-29,17.391552406472503,17.53920290162567,17.391552406472503,17.5268497467041,25500
2017-08-30,17.51802668186266,17.63273599717146,17.51802668186266,17.626853942871094,42900
2017-08-31,17.64743912321003,17.72685273390375,17.64743912321003,17.712146759033203,50700
2017-09-01,17.838624640316926,17.838624640316926,17.738621293309087,17.760387420654297,41700
2017-09-05,17.7650838671876,17.7650838671876,17.553314856147143,17.565080642700195,33000
2017-09-06,17.67684999726771,17.67684999726771,17.606260312390077,17.647438049316406,45900
2017-09-07,17.703323992484556,17.703323992484556,17.61214458615125,17.632734298706055,37500
2017-09-08,17.635679132520888,17.67391501270642,17.609207361781056,17.615089416503906,75000
2017-09-11,17.812146073740706,17.829793914478973,17.77685207525489,17.788616180419922,38100
2017-09-12,17.838623464364638,17.870975605273525,17.826857672495834,17.850387573242188,36600
2017-09-13,17.888618153054853,17.888618153054853,17.847442101188328,17.856266021728516,27900
2017-09-14,17.844503503555387,17.870973587036133,17.841561635172607,17.870973587036133,24600
2017-09-15,17.973507419918338,17.973507419918338,17.85236374754263,17.86418342590332,45000
2017-09-18,17.92622947692871,17.9610950715007,17.878954151770046,17.92622947692871,248100
2017-09-19,17.938040757173436,17.958723068237305,17.920312095862577,17.958723068237305,5700
2017-09-20,17.937457408921368,17.937457408921368,17.916775088176575,17.92622947692871,3900
2017-09-21,17.9557708355875,17.9557708355875,17.898155212402344,17.898155212402344,15900
2017-09-22,17.938042283880417,17.938042283880417,17.861810386314186,17.893720626831055,24000
2017-09-25,17.884866666242857,17.893731002792855,17.811885939270283,17.849411010742188,23100
2017-09-26,17.87600590184871,17.900825370521233,17.835819665412934,17.855321884155273,16200
2017-09-27,17.94100001072663,17.94809080118647,17.861222700607836,17.935091018676758,19200
2017-09-28,17.961688030877415,17.961688030877415,17.899639367907234,17.94100570678711,41400
2017-09-29,17.951934640893313,18.00157356262207,17.951934640893313,18.00157356262207,11400
2017-10-02,17.99418320875432,18.100553512573242,17.99418320875432,18.100553512573242,47100
2017-10-03,18.097607855480234,18.11799430847168,18.097607855480234,18.11799430847168,11700
2017-10-04,18.136007034448735,18.17323790445943,18.136007034448735,18.16200828552246,6600
2017-10-05,18.1930404953514,18.268682375693324,18.1930404953514,18.25893211364746,22500
2017-10-06,18.271930616809517,18.279318971612593,18.203972968912563,18.256271362304688,33000
2017-10-09,18.30443494390339,18.30443494390339,18.20633888244629,18.20633888244629,11100
2017-10-10,18.30147610696956,18.30147610696956,18.22760778676137,18.263063430786133,12300
2017-10-11,18.26010823900066,18.274881563655782,18.26010823900066,18.2666072845459,3600
2017-10-12,18.277840546246637,18.295567524945234,18.26897621154785,18.26897621154785,11400
2017-10-13,18.274880104109208,18.31920176523339,18.274880104109208,18.31388282775879,22500
2017-10-16,18.36056595198498,18.36056595198498,18.2896529865946,18.32806396484375,13200
2017-10-17,18.357613906609657,18.357613906609657,18.29852060352524,18.326589584350586,6600
2017-10-18,18.40489091562325,18.40489091562325,18.33397793099019,18.35466194152832,73800
2017-10-19,18.348747586457485,18.349041767982893,18.248286286229277,18.344314575195312,12600
2017-10-20,18.41670651729433,18.458958764555906,18.401933193434875,18.436208724975586,21300
2017-10-23,18.46693392678897,18.46693392678897,18.378293991088867,18.378293991088867,17400
2017-10-24,18.41729443091261,18.440046158547617,18.387157732904583,18.408430099487305,11700
2017-10-25,18.434434258278547,18.434434258278547,18.23055969411851,18.32806396484375,9000
2017-10-26,18.398982946914,18.398982946914,18.350821694912888,18.363527297973633,22200
2017-10-27,18.484667099935475,18.520124435424805,18.40784512730701,18.520124435424805,15600
2017-10-30,18.484666600035982,18.534897260387822,18.419664304561483,18.43739128112793,18300
2017-10-31,18.452162621816026,18.487618258584607,18.452162621816026,18.455116271972656,14100
2017-11-01,18.56149626050056,18.56149626050056,18.466943901425662,18.478763580322266,11100
2017-11-02,18.49353004686571,18.49353004686571,18.39602407228143,18.44625473022461,12600
2017-11-03,18.475808578243328,18.54376792907715,18.472854926489255,18.54376792907715,11700
2017-11-06,18.58808110840353,18.58808110840353,18.53489679863163,18.546714782714844,8100
2017-11-07,18.552633883625422,18.554111554980988,18.522199602078974,18.528108596801758,7500
2017-11-08,18.53341557518745,18.588077545166016,18.53341557518745,18.588077545166016,6000
2017-11-09,18.528993528928176,18.528993528928176,18.462511853157622,18.499446868896484,19500
2017-11-10,18.531940677554402,18.531940677554402,18.46102771041204,18.503870010375977,13800
2017-11-13,18.44921178800843,18.544648356281034,18.44921178800843,18.51569175720215,22200
2017-11-14,18.490574216264456,18.490574216264456,18.413750567755987,18.486141204833984,10200
2017-11-15,18.393074062655252,18.46989604472957,18.38420972769298,18.387165069580078,36300
2017-11-16,18.48761886522034,18.585714882026984,18.47579919211069,18.56739616394043,11100
2017-11-17,18.540807420487937,18.540807420487937,18.511259078979492,18.511259078979492,27600
2017-11-20,18.611722616166098,18.611722616166098,18.523375144080465,18.540809631347656,10500
2017-11-21,18.57922145011854,18.66136406831082,18.57922145011854,18.6607723236084,9300
2017-11-22,18.642446858889446,18.651901245117188,18.628559461093552,18.651901245117188,4200
2017-11-24,18.682630847000294,18.68853814752501,18.679675506039448,18.684106826782227,3300
2017-11-27,18.726949382001365,18.726949382001365,18.68262941517625,18.69740104675293,40800
2017-11-28,18.78013455124142,18.85104751586914,18.774225560197056,18.85104751586914,8100
2017-11-29,18.89241679745864,18.89832578942971,18.84514148029268,18.854005813598633,35700
2017-11-30,18.966286970862754,19.046064287725837,18.9396939683421,19.00263023376465,44100
2017-12-01,19.01060670755295,19.0253800340867,18.73227371900348,18.97515106201172,45600
2017-12-04,19.125844201291475,19.15834451007521,19.007654190063477,19.007654190063477,22800
2017-12-05,19.040153388361578,19.040153388361578,18.893896102905273,18.893896102905273,21000
2017-12-06,18.85401083504994,18.930832823230208,18.85401083504994,18.916059494018555,13200
2017-12-07,18.94559802809416,18.984010696411133,18.889458386744465,18.984010696411133,15300
2017-12-08,19.022423094263136,19.064085291774948,19.010605110308603,19.051971435546875,18900
2017-12-11,19.084472604933726,19.119928245967895,19.066743939067326,19.096290588378906,74700
2017-12-12,19.187888908542103,19.202662234229845,19.131747565810684,19.181978225708008,95100
2017-12-13,19.19379527459401,19.223341921926938,19.12879129790275,19.202659606933594,31500
2017-12-14,19.24107677510877,19.24107677510877,19.069702445921955,19.09925079345703,31200
2017-12-15,19.23524453994813,19.2771127196523,19.16695091592373,19.23821449279785,24300
2017-12-18,19.377768400496063,19.408055797808284,19.35104562562079,19.3718318939209,40800
2017-12-19,19.37776259547997,19.37776259547997,19.300562547268637,19.305313110351562,55800
2017-12-20,19.395591455219424,19.395591455219424,19.270880598319096,19.282758712768555,62700
2017-12-21,19.34213825554464,19.348076461419105,19.279782846219085,19.303537368774414,99900
2017-12-22,19.342135904155604,19.342135904155604,19.24266459638536,19.28868865966797,18000
2017-12-26,19.24118168950071,19.276812623305073,19.236726760864258,19.236726760864258,18600
2017-12-27,19.267907238638298,19.286318227827245,19.256030825346425,19.259000778198242,13800
2017-12-28,19.2842382060074,19.324324073438518,19.282754928668048,19.32135581970215,37200
2017-12-29,19.300567571087246,19.312443981885917,19.241180419921875,19.241180419921875,1351800
2018-01-02,19.34510784058373,19.36589241027832,19.290175614408962,19.36589241027832,102000
2018-01-03,19.422306981287146,19.50247869490903,19.380736148472614,19.4906005859375,30300
2018-01-04,19.588589114219634,19.60195050047909,19.526233712932484,19.564834594726562,30000
2018-01-05,19.639069038255677,19.65094544903778,19.597498202403642,19.650352478027344,42300
2018-01-08,19.73111893717343,19.734088889663845,19.68657984416215,19.723695755004883,63000
2018-01-09,19.7845698368531,19.835048844153487,19.775663375854492,19.775663375854492,28800
2018-01-10,19.751903112716,19.760811270951734,19.71627217883051,19.757843017578125,58500
2018-01-11,19.80238006604693,19.858797263012562,19.781000828299046,19.8380126953125,14100
2018-01-12,19.953816791851338,20.02805030884243,19.93184458151674,20.019142150878906,67800
2018-01-16,20.170570966127627,20.19462281500602,19.921147720352195,19.968658447265625,60300
2018-01-17,20.019139962329746,20.155728871075816,19.995385443376396,20.155134201049805,23700
2018-01-18,20.18542094803922,20.18542094803922,20.104061595802357,20.146820068359375,17700
2018-01-19,20.167607875703112,20.212148666381836,20.14979325848906,20.212148666381836,21600
2018-01-22,20.218084059845438,20.357641220092773,20.198782770059836,20.357641220092773,36000
2018-01-23,20.375457823566897,20.43543794167416,20.365066389587405,20.434844970703125,20100
2018-01-24,20.568464118331807,20.568464118331807,20.345765287859663,20.414060592651367,25800
2018-01-25,20.538775444125548,20.645669952359,20.39624830044256,20.411094665527344,48600
2018-01-26,20.529863845031574,20.593704223632812,20.482354805098435,20.593704223632812,21000
2018-01-29,20.613004838099812,20.67833019601332,20.553619384765625,20.553619384765625,51900
2018-01-30,20.411090791925076,20.411090791925076,20.307164556997083,20.351703643798828,135300
2018-01-31,20.440781578029856,20.461566143421525,20.333887100219727,20.333887100219727,247800
2018-02-01,20.292317485664153,20.43484459731818,20.275986147929387,20.280439376831055,54600
2018-02-02,20.25965849972373,20.25965849972373,19.89888572692871,19.89888572692871,61800
2018-02-05,19.6539208170021,19.9003742487443,19.003638724359245,19.20555305480957,239400
2018-02-06,18.718576781742613,19.422008514404297,18.714123553048573,19.422008514404297,87000
2018-02-07,19.499512898377734,19.633133582261138,19.388758131331,19.3896484375,159300
2018-02-08,19.401522772692406,19.401522772692406,18.60277557373047,18.60277557373047,47700
2018-02-09,18.878921756969326,19.014620362633583,18.32603493422659,18.917524337768555,112200
2018-02-12,19.077867797857454,19.27087220686033,18.966518381523876,19.152099609375,33000
2018-02-13,19.101621330330378,19.25008835701425,19.101621330330378,19.23048973083496,11400
2018-02-14,19.11647273478626,19.511393226973777,19.11647273478626,19.50575065612793,54300
2018-02-15,19.600465679770153,19.725178182390046,19.48466303347018,19.718942642211914,37500
2018-02-16,19.760807518779423,19.891458216019046,19.701422073893873,19.81722640991211,33600
2018-02-20,19.748935616091167,19.80535282104101,19.59453206490846,19.65094757080078,38700
2018-02-21,19.751899971857444,19.87958242022786,19.594528198242188,19.594528198242188,20400
2018-02-22,19.719245813710906,19.76081496116385,19.55801202736681,19.582656860351562,22500
2018-02-23,19.76674913583864,19.8380126953125,19.642036632466425,19.8380126953125,19800
2018-02-26,19.992414184199955,20.11415672302246,19.909274222827765,20.11415672302246,33900
2018-02-27,20.114156439271543,20.182154402755028,19.861764907836914,19.861764907836914,35100
2018-02-28,19.938971357691035,19.947879516069797,19.63610076904297,19.63610076904297,25500
2018-03-01,19.645010208334412,19.734090098872848,19.30057045687027,19.38667869567871,33000
2018-03-02,19.309478482816758,19.5084228515625,19.237621933269867,19.5084228515625,17700
2018-03-05,19.451998683526533,19.71923828125,19.451998683526533,19.71923828125,37800
2018-03-06,19.75189994919942,19.774171190750465,19.650943670459604,19.769716262817383,51300
2018-03-07,19.653909815078467,19.79346694691754,19.653909815078467,19.759023666381836,43800
2018-03-08,19.86473416323446,19.86473416323446,19.786047427675634,19.807723999023438,9300
2018-03-09,19.958271222718693,20.17354688747348,19.958271222718693,20.16166877746582,25500
2018-03-12,20.247779803296666,20.2745042779724,20.129007192055823,20.20205307006836,61800
2018-03-13,20.215113978125157,20.241838448643584,19.995385106275364,20.035470962524414,16500
2018-03-14,20.17949087299442,20.17949087299442,19.906610289325624,19.927099227905273,12300
2018-03-15,19.944906644800454,19.986477478131942,19.90066489349794,19.934812545776367,15600
2018-03-16,20.00726929012126,20.022117356661266,19.948476791381836,19.948476791381836,5400
2018-03-19,19.940721970236574,19.940721970236574,19.562231996809576,19.629884719848633,27600
2018-03-20,19.663560807268308,19.74104629821911,19.663560807268308,19.698429107666016,225600
2018-03-21,19.755947143265647,19.773828935044136,19.66207029438085,19.71929168701172,36900
2018-03-22,19.4072628554785,19.44511202694413,19.137552336938086,19.150962829589844,37200
2018-03-23,19.24930788837614,19.24930788837614,18.718826128333678,18.738496780395508,44400
2018-03-26,18.972152455209887,19.201631546020508,18.85592418108543,19.201631546020508,28800
2018-03-27,19.264214820544264,19.32978027059638,18.957250234555886,18.96470069885254,25800
2018-03-28,18.99003256708221,19.019834423652853,18.84847204306972,18.94830894470215,26100
2018-03-29,18.909567911275097,19.191200256347656,18.909567911275097,19.191200256347656,19800
2018-04-02,19.112215180646263,19.112215180646263,18.508719291798354,18.694982528686523,164400
2018-04-03,18.751610066929345,18.93638460546044,18.7101848817476,18.849956512451172,245400
2018-04-04,18.689027937467944,19.141724166400873,18.683364630291504,19.13665771484375,30000
2018-04-05,19.18374730434142,19.293418677981485,19.18374730434142,19.267192840576172,23400
2018-04-06,19.001948334041142,19.124138305794286,18.772472726056357,18.849956512451172,111600
2018-04-09,19.013875322096954,19.18374898239027,18.928939344601307,18.95963478088379,15900
2018-04-10,19.117584629998852,19.261230717113307,19.117584629998852,19.216527938842773,35400
2018-04-11,19.04367632326867,19.16586632310132,19.04367632326867,19.088380813598633,14400
2018-04-12,19.2195102798764,19.302955813440086,19.2195102798764,19.293121337890625,8700
2018-04-13,19.371499960995266,19.371499960995266,19.131589602383873,19.186723709106445,15300
2018-04-16,19.36256078954597,19.40726357023267,19.26719178787116,19.347658157348633,19200
2018-04-17,19.493684059682952,19.58607216584947,19.487724031791927,19.577131271362305,38400
2018-04-18,19.606933911403782,19.616171528684244,19.575641632080078,19.575641632080078,6600
2018-04-19,19.589053519141416,19.589053519141416,19.401299829805293,19.453453063964844,10200
2018-04-20,19.380439616824052,19.454945951752716,19.230236646406418,19.285072326660156,16500
2018-04-23,19.353620429710052,19.371502224601933,19.21354864345939,19.282094955444336,42300
2018-04-24,19.40428770540033,19.40428770540033,18.88691947760208,19.009109497070312,31500
2018-04-25,18.91552221290318,19.04814179883112,18.91552221290318,19.016849517822266,8100
2018-04-26,19.165863495747452,19.2880534775546,19.165863495747452,19.264211654663086,21300
2018-04-27,19.36852068774329,19.36852068774329,19.249311568086352,19.27434539794922,18300
2018-04-30,19.398320250826632,19.398320250826632,19.156921172536975,19.164968490600586,37500
2018-05-01,19.19268478082544,19.19268478082544,18.963205760156583,19.106258392333984,208200
2018-05-02,19.16884965796287,19.206997267247196,19.067522309010467,19.07109832763672,44100
2018-05-03,18.919104207967468,19.034737323014266,18.788271736584953,18.995994567871094,58500
2018-05-04,18.891680940431314,19.27434380289947,18.891680940431314,19.25527000427246,6000
2018-05-07,19.386396337565497,19.386396337565497,19.2701681120024,19.292221069335938,31500
2018-05-08,19.26004001828295,19.317856570405386,19.228449302495193,19.23440933227539,13500
2018-05-09,19.30891202165571,19.475804761053514,19.30891202165571,19.43437957763672,21000
2018-05-10,19.532136077758413,19.66803499910123,19.532136077758413,19.648664474487305,21600
2018-05-11,19.577137775928353,19.723167886934306,19.577137775928353,19.67041778564453,13500
2018-05-14,19.705291025796,19.72913285448907,19.691878824760952,19.720191955566406,11700
2018-05-15,19.67548385405914,19.67548385405914,19.505015065949213,19.559255599975586,18300
2018-05-16,19.636441778928756,19.67488780602434,19.63226890563965,19.63226890563965,6900
2018-05-17,19.586076923502876,19.681442508828273,19.57564559318377,19.63673973083496,30000
2018-05-18,19.57713675032955,19.61438906670066,19.57713675032955,19.587566375732422,30300
2018-05-21,19.663565899277067,19.770853267560707,19.663565899277067,19.702308654785156,12000
2018-05-22,19.776810053954005,19.78873011175711,19.73508644104004,19.73508644104004,13500
2018-05-23,19.672501036883393,19.747007369995117,19.588458657108497,19.747007369995117,6000
2018-05-24,19.624818658682088,19.732106002446113,19.617368196067964,19.718992233276367,6300
2018-05-25,19.66654234408151,19.729126912388576,19.662666193570285,19.671905517578125,21600
2018-05-29,19.66952241574046,19.66952241574046,19.38312211656794,19.401302337646484,23100
2018-05-30,19.532431257154382,19.71839781221076,19.532431257154382,19.69187355041504,15000
2018-05-31,19.672503498659687,19.672503498659687,19.553592801765294,19.57862663269043,6900
2018-06-01,19.66952712854657,19.79171713821351,19.66952712854657,19.753271102905273,24900
2018-06-04,19.86621510867913,19.893037796020508,19.830453230858794,19.893037796020508,15900
2018-06-05,19.879629396190307,19.925822608163944,19.864430042294817,19.88320541381836,4500
2018-06-06,19.92582330759013,20.0316219329834,19.915095254329398,20.0316219329834,9300
2018-06-07,20.211924583930905,20.211924583930905,20.049501419067383,20.049501419067383,17700
2018-06-08,20.068874427211185,20.116558074951172,20.01135630423636,20.116558074951172,14700
2018-06-11,20.101657264486008,20.19344854271177,20.101657264486008,20.119537353515625,18000
2018-06-12,20.268549663591937,20.268549663591937,20.137418781284474,20.1612606048584,27900
2018-06-13,20.21490392053471,20.21490392053471,20.134437561035156,20.134437561035156,12300
2018-06-14,20.164235552745794,20.172878019407758,20.119234358439847,20.144865036010742,56700
2018-06-15,20.04801188149186,20.16424183934408,20.012249998130862,20.119537353515625,19800
2018-06-18,20.00611704716807,20.083628463186837,20.00611704716807,20.076446533203125,11100
2018-06-19,19.92830472592274,19.989654221775258,19.86396190347082,19.98366928100586,28200
2018-06-20,20.101883814603976,20.101883814603976,20.045024297847238,20.054000854492188,12900
2018-06-21,20.051000694465618,20.051000694465618,19.88041877746582,19.88041877746582,64500
2018-06-22,19.985172843502802,20.01809259774303,19.946268146427073,19.9887638092041,60900
2018-06-25,19.84151506378708,19.84151506378708,19.553318361714485,19.651180267333984,16800
2018-06-26,19.676919880053347,19.754727534086896,19.668239575493274,19.704450607299805,20400
2018-06-27,19.724203084259404,19.745750582796877,19.51531410217285,19.51531410217285,21300
2018-06-28,19.50783190563774,19.62903594970703,19.496161698933317,19.62903594970703,4800
2018-06-29,19.730786179689595,19.806501238905348,19.697866439819336,19.697866439819336,6000
2018-07-02,19.56618881225586,19.59013028720678,19.542247337304936,19.56618881225586,13800
2018-07-03,19.844504461849098,19.844504461849098,19.596113204956055,19.596113204956055,9600
2018-07-05,19.706847907817302,19.766700744628906,19.664350544257175,19.766700744628906,12300
2018-07-06,19.688894314885207,19.955243930827383,19.688894314885207,19.940279006958008,6600
2018-07-09,19.98815443686073,20.146768185699163,19.98815443686073,20.14497184753418,16500
2018-07-10,20.161732212747665,20.21260677205871,20.161732212747665,20.19315528869629,26100
2018-07-11,19.97319878643206,20.139590437087996,19.97319878643206,20.06597137451172,34800
2018-07-12,20.140783106237937,20.245527267456055,20.110856692298267,20.245527267456055,7800
2018-07-13,20.26647920594089,20.302092601142444,20.230865810739335,20.270967483520508,10800
2018-07-16,20.29939675343725,20.29939675343725,20.2449295159211,20.275453567504883,23400
2018-07-17,20.257501326953797,20.377208709716797,20.257501326953797,20.377208709716797,11700
2018-07-18,20.475960545363918,20.475960545363918,20.368223083584493,20.398149490356445,15900
2018-07-19,20.352065521643162,20.368225714890542,20.317349446862597,20.333511352539062,26400
2018-07-20,20.29341278444144,20.353267332329303,20.28623085516951,20.302391052246094,20100
2018-07-23,20.359249548415985,20.359249548415985,20.26947030724488,20.335308074951172,64200
2018-07-24,20.45351986969043,20.478658330442745,20.380198788353113,20.42778205871582,11100
2018-07-25,20.43706263313635,20.59567642211914,20.425092750437408,20.59567642211914,448500
2018-07-26,20.505891629602594,20.574423048245464,20.505891629602594,20.55078125,19200
2018-07-27,20.573226113090886,20.573226113090886,20.37421102639986,20.431072235107422,13800
2018-07-30,20.40713826774329,20.40713826774329,20.309877395629883,20.309877395629883,13200
2018-07-31,20.389182541616076,20.449037100807473,20.350577523952047,20.42808723449707,27300
2018-08-01,20.463997026914345,20.478960236202337,20.35625952263948,20.397859573364258,65100
2018-08-02,20.389179237202693,20.523851545449947,20.305384922830807,20.504398345947266,34200
2018-08-03,20.389176849892184,20.61961504039998,20.389176849892184,20.613628387451172,8700
2018-08-06,20.646555717329427,20.718380161292153,20.646555717329427,20.69683265686035,9600
2018-08-07,20.766259510424938,20.784216047879212,20.754289627075195,20.754289627075195,18000
2018-08-08,20.844061668495,20.844061668495,20.72136099838448,20.766250610351562,24300
2018-08-09,20.790197667563916,20.80216754801511,20.751291275024414,20.751291275024414,23700
2018-08-10,20.562754993767044,20.676477432250977,20.562754993767044,20.676477432250977,13500
2018-08-13,20.64356146148339,20.64356146148339,20.505897521972656,20.505897521972656,20100
2018-08-14,20.742313063470075,20.742313063470075,20.559759542885963,20.666000366210938,36300
2018-08-15,20.5597626949491,20.5597626949491,20.431077041667603,20.538814544677734,6300
2018-08-16,20.745308533212604,20.760271741576897,20.667499164746516,20.676477432250977,23400
2018-08-17,20.679471835054798,20.77823107849194,20.657924332624336,20.76715850830078,8400
2018-08-20,20.90691298356748,20.90691298356748,20.78720560960514,20.809650421142578,15600
2018-08-21,20.87070150636791,20.91499520671528,20.841074764323924,20.868009567260742,12600
2018-08-22,20.84108002945792,20.856043241837636,20.814145219716494,20.847064971923828,6300
2018-08-23,20.79618214326852,20.849750353842254,20.79019720317661,20.835086822509766,6000
2018-08-24,20.87699007257722,20.942831285245855,20.865020188404582,20.918888092041016,33300
2018-08-27,21.017643987805656,21.108921617879908,21.017643987805656,21.089170455932617,17400
2018-08-28,21.095452395909817,21.149320284114417,21.085575103759766,21.085575103759766,22200
2018-08-29,21.12537897978889,21.247480326499865,21.12537897978889,21.23910140991211,18300
2018-08-30,21.272020892196384,21.272020892196384,21.1792483158463,21.21815299987793,4200
2018-08-31,21.218153155190357,21.218153155190357,21.05654776462266,21.128372192382812,23400
2018-09-04,21.152313472521982,21.152313472521982,21.038591034846974,21.115802764892578,38700
2018-09-05,21.011659126112544,21.053557139047467,21.009265149651068,21.05056381225586,18000
2018-09-06,21.035597312811465,21.038588926705618,20.942523358389696,20.951801300048828,12600
2018-09-07,20.841074187413174,21.101139129493337,20.841074187413174,20.93474578857422,15300
2018-09-10,21.071517140877994,21.071517140877994,20.979641849979494,20.98921775817871,54000
2018-09-11,20.894943264443167,21.08049013883755,20.894943264443167,21.0550537109375,8400
2018-09-12,20.98472305733043,21.062532424926758,20.98472305733043,21.062532424926758,6600
2018-09-13,21.095458294274096,21.170274350913402,21.095458294274096,21.16847801208496,13200
2018-09-14,21.275011374057204,21.275011374057204,21.135253177922124,21.14034080505371,6900
2018-09-17,21.16428188736395,21.16428188736395,21.06821632385254,21.06821632385254,8100
2018-09-18,21.098746423691512,21.21216919249851,21.098746423691512,21.191219329833984,6300
2018-09-19,21.167276212370886,21.22712903923575,21.167276212370886,21.21216583251953,17400
2018-09-20,21.379755881285874,21.39142608642578,21.322894669008456,21.39142608642578,3900
2018-09-21,21.412677881066042,21.419859809976334,21.37975813824976,21.38275146484375,18900
2018-09-24,21.397178995117095,21.397178995117095,21.23753441210905,21.264894485473633,16800
2018-09-25,21.40920968443609,21.40920968443609,21.231826782226562,21.231826782226562,8400
2018-09-26,21.316005036327244,21.3641088102567,21.242345809936523,21.242345809936523,19200
2018-09-27,21.267904103789274,21.346074037113127,21.24685934500605,21.25888442993164,18900
2018-09-28,21.300974283996283,21.300974283996283,21.213786402805887,21.235132217407227,14100
2018-10-01,21.279927656920314,21.402593836292723,21.279927656920314,21.29255485534668,11700
2018-10-02,21.291954286997854,21.34126057189366,21.27902603149414,21.27902603149414,9300
2018-10-03,21.409213011030015,21.409213011030015,21.314507282518203,21.322023391723633,13200
2018-10-04,21.379140437603372,21.379140437603372,21.01836214303766,21.093524932861328,10200
2018-10-05,21.192748745982367,21.192748745982367,20.9056278316698,20.993717193603516,29100
2018-10-08,21.03640278047953,21.03640278047953,20.828353349048232,20.94710922241211,19200
2018-10-09,21.0784877092834,21.0784877092834,20.916137085232698,20.95522117614746,11700
2018-10-10,20.937185916913833,20.937185916913833,20.239681243896484,20.239681243896484,158400
2018-10-11,20.20661603292727,20.218642839506046,19.743615805695228,19.942045211791992,41100
2018-10-12,20.251707019118484,20.251707019118484,19.898143777362275,20.14347267150879,25500
2018-10-15,20.182559254982547,20.182559254982547,20.101383921286985,20.141971588134766,40800
2018-10-16,20.21262649764508,20.459157943725586,20.21262649764508,20.459157943725586,81600
2018-10-17,20.45013826980074,20.537327877631952,20.30883405907424,20.459157943725586,261000
2018-10-18,20.537328426051157,20.537328426051157,20.053283474562384,20.178955078125,22200
2018-10-19,20.36294555449522,20.36294555449522,20.161509102161222,20.188568115234375,11400
2018-10-22,20.185563222779894,20.185563222779894,20.060192706195778,20.100481033325195,11400
2018-10-23,19.83982349682933,20.030733337881813,19.629367301131676,20.002172470092773,21300
2018-10-24,19.92099013802462,19.92700267855714,19.421913146972656,19.421913146972656,516000
2018-10-25,19.49407460962267,19.852449657488975,19.49407460962267,19.788711547851562,33300
2018-10-26,19.467013721163873,19.573144114754584,19.11555614126046,19.448375701904297,87900
2018-10-29,19.644697499411773,19.79863060920427,19.304664611816406,19.304664611816406,38400
2018-10-30,19.238524970143544,19.50550079345703,19.235519558913825,19.50550079345703,43200
2018-10-31,19.851846255618636,19.93482449531815,19.778789140195503,19.8094539642334,36000
2018-11-01,19.85785830947067,20.1524935010226,19.800734861664136,19.981124877929688,178800
2018-11-02,20.110406405647417,20.110406405647417,19.769169243316885,19.899951934814453,36600
2018-11-05,20.08936039583908,20.11040687561035,19.842828943850982,20.11040687561035,27900
2018-11-06,20.13445404174365,20.13445404174365,19.97811592719819,20.100481033325195,69600
2018-11-07,20.34641237761912,20.53371810913086,20.34641237761912,20.53371810913086,13200
2018-11-08,20.383996144040708,20.57039871783001,20.383996144040708,20.453746795654297,7200
2018-11-09,20.40233859421565,20.40233859421565,20.246002143701475,20.329883575439453,9000
2018-11-12,20.26674423421694,20.26674423421694,19.842829852147872,19.872894287109375,94800
2018-11-13,20.006685810124903,20.05809606706705,19.82779931039688,19.896947860717773,11700
2018-11-14,19.98713599032589,20.01960543398787,19.671454344600683,19.804943084716797,18000
2018-11-15,19.686496748928047,19.93603366577186,19.52715143191995,19.911983489990234,16200
2018-11-16,19.827792651982676,20.05929183959961,19.827792651982676,20.05929183959961,223500
2018-11-19,20.014199231799683,20.014199231799683,19.623354715446553,19.626361846923828,18000
2018-11-20,19.42792877528027,19.470018282296728,19.241524522715025,19.29083251953125,26400
2018-11-21,19.4014714837535,19.462802840918698,19.400869369506836,19.400869369506836,10200
2018-11-23,19.27159765542787,19.28362274169922,19.169977934963097,19.28362274169922,8100
2018-11-26,19.467013824747184,19.507601492342804,19.4150031879304,19.488361358642578,8100
2018-11-27,19.482049351655665,19.638385772705078,19.482049351655665,19.638385772705078,24000
2018-11-28,19.7135485148894,19.96308708190918,19.7135485148894,19.96308708190918,18600
2018-11-29,20.002168395331548,20.1134081529964,19.900548703932227,20.05929183959961,14700
2018-11-30,20.08935360964896,20.185561140884595,19.993147798739685,20.151287078857422,19500
2018-12-03,20.414059007093428,20.465169913498432,20.28477989586747,20.37016487121582,42600
2018-12-04,20.420074639599093,20.420074639599093,19.758648488937997,19.761653900146484,44100
2018-12-06,19.43694790383984,19.62876259472015,19.14531986606964,19.6236515045166,46800
2018-12-07,19.728585409283088,19.77368206738142,19.163967129947455,19.38283920288086,34800
2018-12-10,19.391855385069025,19.391855385069025,19.049116372416304,19.288131713867188,40200
2018-12-11,19.689494972187518,19.689494972187518,19.204247586245085,19.267383575439453,34200
2018-12-12,19.52113315541774,19.731587614650905,19.43695068359375,19.43695068359375,28200
2018-12-13,19.63237737021078,19.63237737021078,19.292643715430142,19.3801326751709,25200
2018-12-14,19.241530699439334,19.241530699439334,18.949902585717396,19.046110153198242,20100
2018-12-17,18.775524589188606,18.982971917104326,18.553043325337903,18.581605911254883,24000
2018-12-18,18.649241857671083,18.95590372460826,18.57407909567245,18.6131649017334,45000
2018-12-19,18.688040779849388,18.903004274584816,18.225341555776392,18.35101318359375,43800
2018-12-20,18.294488935834703,18.330567637143933,17.90394542376543,18.026912689208984,47400
2018-12-21,18.078022469821324,18.15017815443103,17.639075818527417,17.709426879882812,37500
2018-12-24,17.514149854888274,17.62599342892085,17.284114837646484,17.284114837646484,58200
2018-12-26,17.441603373147796,18.130803843531808,17.20431240135017,18.100574493408203,70500
2018-12-27,17.96454476807898,18.239620208740234,17.565535417220786,18.239620208740234,236400
2018-12-28,18.32124209484374,18.439130866374768,18.188239511295777,18.218164443969727,117300
2018-12-31,18.333326969874705,18.433080165541178,18.23599184480647,18.420988082885742,89100
2019-01-02,18.055230264370422,18.478423803863745,18.055230264370422,18.417966842651367,24900
2019-01-03,18.239625046380688,18.2456719545614,17.931903839111328,17.931903839111328,41700
2019-01-04,18.233570117625458,18.560033798217773,18.233570117625458,18.560033798217773,39900
2019-01-07,18.54190046897287,18.774656198472922,18.54190046897287,18.714200973510742,44700
2019-01-08,18.80095358589711,18.833600997924805,18.687902732910075,18.833600997924805,12600
2019-01-09,18.94999171879497,18.995333165182487,18.91039276123047,18.91039276123047,16800
2019-01-10,18.89557211679551,19.01346259626073,18.78372854475437,19.011648178100586,26700
2019-01-11,18.99532778657245,19.01346505185793,18.868370388903696,18.989282608032227,15900
2019-01-14,18.895573207729456,18.974165712134067,18.868369041408847,18.93789291381836,28800
2019-01-15,18.99230979141886,19.12712682477269,18.99230979141886,19.125011444091797,12900
2019-01-16,19.24621458084287,19.24621458084287,19.192710876464844,19.192710876464844,23100
2019-01-17,19.152511252036632,19.325112745000123,19.152511252036632,19.311813354492188,17400
2019-01-18,19.533385898188133,19.630115660810038,19.44572303735551,19.549406051635742,41700
2019-01-22,19.533383953399802,19.533383953399802,19.238659514318286,19.318763732910156,30600
2019-01-23,19.466885333755037,19.469907058041823,19.161580482246883,19.342344284057617,14100
2019-01-24,19.35503908775999,19.379524220522665,19.297607302774704,19.371967315673828,29400
2019-01-25,19.605936364578053,19.605936364578053,19.538225173950195,19.538225173950195,10800
2019-01-28,19.412475003682427,19.412475003682427,19.278261670646923,19.375595092773438,9600
2019-01-29,19.478977395670565,19.478977395670565,19.345369431750303,19.34869384765625,21300
2019-01-30,19.53942797225019,19.760093356804664,19.5001299989707,19.66185188293457,66900
2019-01-31,19.669416547684687,19.884035110473633,19.633142013317542,19.884035110473633,9600
2019-02-01,19.890076125548845,19.90821338893528,19.793348090038673,19.856826782226562,44100
2019-02-04,19.89310105512209,19.998899459838867,19.823577179869247,19.998899459838867,29400
2019-02-05,20.065398097035633,20.089580535888672,19.96866834162347,20.089580535888672,42900
2019-02-06,20.083533721802347,20.10771442902022,20.024588491381895,20.063884735107422,91200
2019-02-07,19.877989931300775,19.914868118752707,19.76010115393755,19.884035110473633,28200
2019-02-08,19.732892377000056,19.850781137180437,19.726845469043564,19.83929443359375,29100
2019-02-11,19.962621091557345,19.962621091557345,19.871938244665387,19.890073776245117,13200
2019-02-12,20.08656341213547,20.19236183166504,20.05784751367666,20.19236183166504,59700
2019-02-13,20.239211719683766,20.26551127186756,20.192358561541404,20.234678268432617,38700
2019-02-14,20.222587782113617,20.26490749235271,20.101677289427414,20.237703323364258,31500
2019-02-15,20.289085394132115,20.382793426513672,20.27094813242414,20.382793426513672,71400
2019-02-19,20.352560396720264,20.464706632130845,20.352560396720264,20.458358764648438,71400
2019-02-20,20.425108512611242,20.46742820739746,20.4024378035107,20.46742820739746,18000
2019-02-21,20.40395418051335,20.42450951494203,20.314781320662245,20.37735366821289,25200
2019-02-22,20.428137329317856,20.527890551148605,20.428137329317856,20.50491714477539,33900
2019-02-25,20.651822935496774,20.69716609186467,20.57625389099121,20.57625389099121,21000
2019-02-26,20.552075605131126,20.594696278101107,20.533334685865277,20.567794799804688,11700
2019-02-27,20.515798262465548,20.543004158058935,20.39549143634832,20.518821716308594,57900
2019-02-28,20.482545841823892,20.533934175788087,20.47498893737793,20.47498893737793,14700
2019-03-01,20.66089464218727,20.66089464218727,20.506731346918013,20.612529754638672,69000
2019-03-04,20.709255028872835,20.709255028872835,20.357098808466034,20.49463653564453,26100
2019-03-05,20.470458615185926,20.579278747705178,20.46592343402648,20.52849578857422,19500
2019-03-06,20.473480359701735,20.488592439976866,20.360728708460467,20.377656936645508,20400
2019-03-07,20.252811585094225,20.252811585094225,20.13069207970257,20.143991470336914,28500
2019-03-08,20.101673627581707,20.141876220703125,20.032148031354517,20.141876220703125,15000
2019-03-11,20.198405969400298,20.4795266789512,20.198405969400298,20.464414596557617,22200
2019-03-12,20.461385924037945,20.567184311130724,20.461385924037945,20.50461196899414,21300
2019-03-13,20.660892674683666,20.757622440569442,20.633686779404048,20.6684513092041,27600
2019-03-14,20.647294923340837,20.694148089208667,20.631575727704142,20.65908432006836,22200
2019-03-15,20.706228496279707,20.799633821412726,20.705322152248563,20.744014739990234,29100
2019-03-18,20.815640878426844,20.8672329520623,20.73673678412029,20.842954635620117,110700
2019-03-19,20.910020408234313,20.955239440781604,20.777704378895855,20.81078338623047,39600
2019-03-20,20.770118229318847,20.90668353266113,20.683323384365654,20.80350112915039,21300
2019-03-21,20.724597318074075,20.995302029768688,20.724597318074075,20.990142822265625,8700
2019-03-22,20.94613453231137,20.94613453231137,20.58499526977539,20.58499526977539,36600
2019-03-25,20.597132018607976,20.63658579459875,20.487878747637044,20.615341186523438,28800
2019-03-26,20.736731104826337,20.767078557937086,20.624140247802902,20.69029998779297,14100
2019-03-27,20.78529251452499,20.78529251452499,20.541295531701287,20.642656326293945,55500
2019-03-28,20.715796094281934,20.724595051386896,20.64447713468043,20.680591583251953,19200
2019-03-29,20.815637254321828,20.850537870794277,20.709421157836914,20.709421157836914,93600
2019-04-01,21.012902621351078,21.09605598449707,20.997728890805615,21.09605598449707,29100
2019-04-02,21.194990638786873,21.194990638786873,21.061459032950932,21.132776260375977,42000
2019-04-03,21.19802474975586,21.242029957938687,21.137329827045384,21.19802474975586,28200
2019-04-04,21.231406558918856,21.23747744009512,21.182849928641176,21.217750549316406,14400
2019-04-05,21.24658082909381,21.298172901271553,21.24658082909381,21.282089233398438,29400
2019-04-08,21.292103541397655,21.352798461914062,21.225337739611923,21.352798461914062,26400
2019-04-09,21.304237914556644,21.304237914556644,21.19164705171318,21.2010555267334,13500
2019-04-10,21.234442897080758,21.292104115038082,21.234442897080758,21.2784481048584,18000
2019-04-11,21.29816673818541,21.310608915573003,21.24657468093695,21.278743743896484,37800
2019-04-12,21.443843230974313,21.471155251427977,21.351889173301192,21.401355743408203,21600
2019-04-15,21.395287280542295,21.425634742690335,21.371008963519422,21.421993255615234,19500
2019-04-16,21.504535150396876,21.504535150396876,21.412277221679688,21.412277221679688,18300
2019-04-17,21.55613149981395,21.55613149981395,21.38163185119629,21.38163185119629,12600
2019-04-18,21.446880791586874,21.45598537814541,21.344304417752674,21.412586212158203,6600
2019-04-22,21.41956203316404,21.439287185668945,21.36341854292405,21.439287185668945,46800
2019-04-23,21.516669289711924,21.677512851340115,21.516669289711924,21.631383895874023,16800
2019-04-24,21.692696681868984,21.692696681868984,21.59861712365016,21.624109268188477,24900
2019-04-25,21.535799050778394,21.644140676893016,21.49847076748043,21.61349105834961,15000
2019-04-26,21.662344998329246,21.69269419171843,21.550058018702796,21.659311294555664,86400
2019-04-29,21.71697507254506,21.786776321001486,21.71697507254506,21.73670196533203,17700
2019-04-30,21.735180352666337,21.735180352666337,21.713937479757103,21.729717254638672,31800
2019-05-01,21.801949887015713,21.811054473115828,21.591941833496094,21.591941833496094,23700
2019-05-02,21.63200094276289,21.66538384517461,21.45598358143036,21.565235137939453,140400
2019-05-03,21.613788501303148,21.79405510514127,21.613788501303148,21.783130645751953,30600
2019-05-06,21.474192902704118,21.762499023164303,21.35705057911428,21.704837799072266,166800
2019-05-07,21.604685995192607,21.604685995192607,21.205612381667326,21.264789581298828,41400
2019-05-08,21.27693165066771,21.386183211650923,21.27693165066771,21.297870635986328,22800
2019-05-09,21.091809365988226,21.258722145748866,21.037181849828983,21.176782608032227,9900
2019-05-10,21.07663111592586,21.261753043301542,20.90000599067624,21.25568389892578,27900
2019-05-13,20.98558917114938,20.98558917114938,20.712458544295018,20.715492248535156,42600
2019-05-14,20.89151118390917,21.067528543271724,20.863591380592037,21.05235481262207,35700
2019-05-15,20.897578149747442,21.143396728291993,20.897578149747442,21.034143447875977,17100
2019-05-16,21.16767863152637,21.4043926654659,21.16767863152637,21.253259658813477,18000
2019-05-17,21.18285542360691,21.30819240997005,21.094846725463867,21.094846725463867,38100
2019-05-20,21.140361932521312,21.140361932521312,20.924588650707147,20.943099975585938,30300
2019-05-21,21.207128884780847,21.207128884780847,21.076936611272398,21.097875595092773,154500
2019-05-22,21.088773155398965,21.13823972569949,21.05235481262207,21.05235481262207,53400
2019-05-23,21.01290026789932,21.01290026789932,20.733698794871373,20.794395446777344,49500
2019-05-24,21.015937168997333,21.015937168997333,20.88544273376465,20.88544273376465,15600
2019-05-28,20.985586789062758,20.985586789062758,20.673004150390625,20.673004150390625,15900
2019-05-29,20.636591080086284,20.636591080086284,20.500024022264313,20.51519775390625,12300
2019-05-30,20.6274830488676,20.6866602450837,20.59834768299772,20.63719367980957,23400
2019-05-31,20.37862800884631,20.509124156465788,20.333105087280273,20.333105087280273,134100
2019-06-03,20.33310858803706,20.412014420162798,20.226892471313477,20.226892471313477,30900
2019-06-04,20.48787678712504,20.727930068969727,20.48787678712504,20.727930068969727,52200
2019-06-05,20.876333165953778,20.94613265991211,20.77315077681309,20.94613265991211,43500
2019-06-06,20.89454848012767,21.093934235927197,20.89454848012767,21.046287536621094,9600
2019-06-07,21.182854451292464,21.340664401649217,21.182854451292464,21.307281494140625,19500
2019-06-10,21.340664022434517,21.4924030876225,21.340664022434517,21.358871459960938,67500
2019-06-11,21.477229468040868,21.547030723422104,21.349768722071552,21.434741973876953,16800
2019-06-12,21.386181157689464,21.386181157689464,21.264789581298828,21.264789581298828,22500
2019-06-13,21.437774389538696,21.442325814171355,21.38011317056598,21.40560531616211,47700
2019-06-14,21.377073905541593,21.4195613861084,21.343691009133522,21.4195613861084,22500
2019-06-17,21.446879355411728,21.462053086485746,21.421993255615234,21.421993255615234,18300
2019-06-18,21.58040681878269,21.750355018948067,21.540954775095265,21.60893440246582,63300
2019-06-19,21.662350307132503,21.704837799072266,21.616829110675685,21.704837799072266,58800
2019-06-20,21.9233403729009,21.938514103464808,21.765532185818532,21.92485809326172,58200
2019-06-21,21.874780287147455,21.92819222706566,21.844432830810547,21.844432830810547,131400
2019-06-24,21.919424697203585,21.919424697203585,21.83133316040039,21.83133316040039,47400
2019-06-25,21.76396501684815,21.77615857518928,21.617652781831108,21.618263244628906,33900
2019-06-26,21.657276490542888,21.657276490542888,21.588693618774414,21.588693618774414,42900
2019-06-27,21.645088373439165,21.703003854884344,21.635333177302353,21.687763214111328,42600
2019-06-28,21.770058164797952,21.870648459631543,21.714275830053744,21.805110931396484,133200
2019-07-01,22.10535928264361,22.10535928264361,21.88589093954242,21.97245979309082,43800
2019-07-02,21.971236817117777,22.034029006958008,21.931610813368433,22.034029006958008,18600
2019-07-03,22.120597670670477,22.215090313927316,22.114500020773367,22.207164764404297,31200
2019-07-05,22.129747890213064,22.208999916742194,22.035253479339595,22.15870475769043,38100
2019-07-08,22.144986069290155,22.144986069290155,22.005683703443104,22.080364227294922,50700
2019-07-09,21.959049221098944,22.131881713867188,21.959049221098944,22.131881713867188,19200
2019-07-10,22.22424027375976,22.2455785650623,22.184614261000053,22.208999633789062,33900
2019-07-11,22.248624881955266,22.281544523626312,22.202902963614434,22.27301025390625,25200
2019-07-12,22.30349241120042,22.350435256958008,22.29739650401744,22.350435256958008,21000
2019-07-15,22.41017526048889,22.41017526048889,22.34311505903775,22.37969398498535,23700
2019-07-16,22.376646700582906,22.39950940296404,22.291298774460234,22.29434585571289,178800
2019-07-17,22.3065398819107,22.30958870740672,22.157484059219357,22.188270568847656,34200
2019-07-18,22.151081375060592,22.260814666748047,22.08402117226313,22.260814666748047,62400
2019-07-19,22.327878607863493,22.327878607863493,22.125173568725586,22.125173568725586,22200
2019-07-22,22.17851441004359,22.1928410985654,22.12364776275475,22.166933059692383,41400
2019-07-23,22.285203050510265,22.340069699480406,22.199853379508433,22.337020874023438,220200
2019-07-24,22.285202319626773,22.437915679441016,22.269959937021166,22.425722122192383,17400
2019-07-25,22.39798614208686,22.415970375865843,22.303491734808816,22.309589385986328,40500
2019-07-26,22.38883958862269,22.504670533063333,22.38883958862269,22.494001388549805,19500
2019-07-29,22.492477335299945,22.492477335299945,22.40103350376592,22.46809196472168,36300
2019-07-30,22.303494930246504,22.391893443191353,22.303494930246504,22.360801696777344,13200
2019-07-31,22.40408143998076,22.409263396833126,21.992577205656314,22.15108299255371,50400
2019-08-01,22.144988197389015,22.34616708639152,21.907230377197266,21.907230377197266,40200
2019-08-02,21.89503229062598,21.89503229062598,21.684708712323214,21.724334716796875,36900
2019-08-05,21.62374990209006,21.62374990209006,21.02021151142064,21.10251235961914,33300
2019-08-06,21.382940308979997,21.44451332092285,21.222606641685037,21.44451332092285,44700
2019-08-07,21.35855379886844,21.48048063501964,21.10250831504043,21.47895622253418,45900
2019-08-08,21.614605025359925,21.848705291748047,21.58717082808371,21.848705291748047,10500
2019-08-09,21.79139827725616,21.812734823210707,21.59021939880969,21.731958389282227,28200
2019-08-12,21.64203986086629,21.64203986086629,21.43263019143327,21.470426559448242,27000
2019-08-13,21.468288940880853,21.86759954948182,21.420737387312922,21.780725479125977,27000
2019-08-14,21.446947329242928,21.504862785774733,21.157371790762678,21.211627960205078,36600
2019-08-15,21.30673693558424,21.30673693558424,21.0982429786814,21.285400390625,25500
2019-08-16,21.407324093902744,21.60240702774022,21.39269217619333,21.480480194091797,72000
2019-08-19,21.83407102463565,21.83407102463565,21.73805396075642,21.800540924072266,75300
2019-08-20,21.785301109351064,21.791397015816724,21.611554693735346,21.61886978149414,25200
2019-08-21,21.814568149491222,21.814568149491222,21.760920672074093,21.788354873657227,25800
2019-08-22,21.882844604996176,21.882844604996176,21.65423152177504,21.785303115844727,28500
2019-08-23,21.73043082326523,21.736528473378293,21.200048635069848,21.24272346496582,30300
2019-08-26,21.486580246125715,21.486580246125715,21.324415184601463,21.42988395690918,24300
2019-08-27,21.626799985901705,21.626799985901705,21.349416123961984,21.413429260253906,281700
2019-08-28,21.364651348469145,21.54449366365197,21.28539933491782,21.523157119750977,55200
2019-08-29,21.75481798778868,21.870648921708717,21.73805293829554,21.7974910736084,43800
2019-08-30,21.922468862483782,21.922468862483782,21.74872244477043,21.83407211303711,19500
2019-09-03,21.660325137142124,21.8523610137038,21.602409666063476,21.675260543823242,54300
2019-09-04,21.898079539592025,21.909662632015525,21.87034011753159,21.908443450927734,14400
2019-09-05,22.114497539605484,22.273003279744987,22.114497539605484,22.184606552124023,53700
2019-09-06,22.273011019337783,22.273011019337783,22.20259849523419,22.208999633789062,23100
2019-09-09,22.30044715453452,22.30044715453452,22.178215048571417,22.202905654907227,30900
2019-09-10,22.266911059671088,22.266911059671088,22.060548506460176,22.178512573242188,13800
2019-09-11,22.234296040286786,22.3705495763031,22.234296040286786,22.347993850708008,87000
2019-09-12,22.407127103880594,22.50924182171536,22.407127103880594,22.457422256469727,24300
2019-09-13,22.477238201318606,22.509549124729045,22.413226817288205,22.426639556884766,8100
2019-09-16,22.352268839572172,22.36446240121752,22.28825743742881,22.331846237182617,30900
2019-09-17,22.3217761088445,22.41840362548828,22.3217761088445,22.41840362548828,19800
2019-09-18,22.401037229064787,22.439138831873606,22.250151742418634,22.41292381286621,14100
2019-09-19,22.48028462118551,22.54124892200766,22.40408142538201,22.428466796875,112800
2019-09-20,22.434560140032342,22.501620340019713,22.315682121655854,22.412309646606445,23100
2019-09-23,22.305178033905467,22.445980504062856,22.29078952423582,22.419963836669922,20100
2019-09-24,22.51638299709608,22.51638299709608,22.118457955438853,22.197124481201172,44400
2019-09-25,22.804114977465165,23.951973172689673,22.041937205895795,22.311609268188477,83100
2019-09-26,22.30823678987164,22.462814739745333,22.127640422396976,22.231712341308594,115800
2019-09-27,22.338844070808154,22.409245291225783,22.069478615142817,22.092130661010742,32100
2019-09-30,22.231719565196332,22.261410871725406,22.167439778173147,22.23906707763672,43500
2019-10-01,22.351093058173017,22.351093058173017,21.943986659317474,21.955923080444336,43200
2019-10-02,21.87970317059755,21.87970317059755,21.497082701329795,21.582788467407227,62700
2019-10-03,21.604219499476688,21.745023727416992,21.429744581062025,21.745023727416992,25800
2019-10-04,21.861335180373235,23.529554260580223,21.84909049968486,22.06947898864746,26700
2019-10-07,22.05723974394466,22.142945517111713,21.962350896600363,21.99295997619629,129600
2019-10-08,21.891946718496683,22.37863911440888,21.643091201782227,21.643091201782227,44400
2019-10-09,21.88582697005547,21.936946029907112,21.745024488678308,21.846954345703125,28200
2019-10-10,21.82767153246384,22.051732972395836,21.82767153246384,22.04193687438965,74700
2019-10-11,22.234775518276972,22.399760846829473,22.210287903188462,22.219470977783203,33900
2019-10-14,22.24395640547036,22.424552767925395,22.18763542175293,22.18763542175293,28500
2019-10-15,22.274567315941173,22.461285159054256,22.274567315941173,22.43098258972168,22800
2019-10-16,22.363335015562317,22.42149507171189,22.338849152014433,22.37006950378418,24000
2019-10-17,22.445977162732326,22.45822184394067,22.393942084200102,22.437713623046875,12300
2019-10-18,22.4184344086886,22.42761573216016,22.31436072675807,22.384763717651367,56400
2019-10-21,22.491893383444264,22.635757446289062,22.44291815973214,22.635757446289062,44700
2019-10-22,22.571480805604075,22.571480805604075,22.40618896484375,22.40618896484375,27000
2019-10-23,22.403127210057495,22.458223901813398,22.3939441361828,22.450878143310547,23100
2019-10-24,22.51026552788524,22.525571823120117,22.449047352916786,22.525571823120117,57000
2019-10-25,22.498015377397795,22.63269812151821,22.498015377397795,22.613107681274414,21000
2019-10-28,22.709221226324484,22.845741288230087,22.709221226324484,22.816354751586914,56700
2019-10-29,22.75207885405084,22.81023716344984,22.73340619220766,22.775955200195312,25500
2019-10-30,22.816350956186675,22.816350956186675,22.69085130427164,22.810842514038086,17700
2019-10-31,22.831658447861482,22.831658447861482,22.66330677237368,22.7340145111084,31800
2019-11-01,22.895938883688714,22.957158791161515,22.871757782136076,22.940629959106445,36900
2019-11-04,23.030623266271842,23.110209326792756,23.003074043227027,23.02450180053711,71100
2019-11-05,23.119390288091346,23.119390288091346,22.993892360776382,23.01776695251465,36600
2019-11-06,23.058176399833673,23.058176399833673,22.993896619986675,23.020219802856445,10800
2019-11-07,23.140819319474804,23.17142840084783,23.082661013970608,23.09490394592285,33600
2019-11-08,23.0734773868912,23.15306169715282,23.0734773868912,23.146940231323242,22500
2019-11-11,23.146939820577717,23.146939820577717,23.09184312610448,23.109596252441406,13200
2019-11-12,23.27549922166927,23.27549922166927,23.13806312170519,23.161937713623047,54900
2019-11-13,23.076533062072418,23.20815418676366,23.076533062072418,23.182748794555664,278100
2019-11-14,23.19285635217218,23.223467187604257,23.125210206606138,23.22040557861328,97500
2019-11-15,23.333658627582793,23.371002197265625,23.33059877034177,23.371002197265625,11400
2019-11-18,23.370390948158327,23.488543123291215,23.32447557457612,23.44415855407715,70500
2019-11-19,23.498947566473987,23.55588157173435,23.410180190586445,23.48609161376953,24000
2019-11-20,23.41018251108782,23.449974666189185,23.212750788417992,23.312843322753906,21300
2019-11-21,23.348962683553307,23.352024292223184,23.244890758178293,23.287744522094727,35400
2019-11-22,23.36733124417383,23.382635786117955,23.2880516851719,23.320804595947266,53700
2019-11-25,23.42854419140428,23.514251708984375,23.42854419140428,23.514251708984375,23100
2019-11-26,23.54792614521462,23.606084451802317,23.514255454480036,23.591697692871094,27600
2019-11-27,23.604862081475524,23.6771006417015,23.599964908204456,23.66485595703125,26700
2019-11-29,23.749949327923286,23.749949327923286,23.5855770111084,23.5855770111084,15600
2019-12-02,23.642818484705572,23.642818484705572,23.36121000600238,23.38753318786621,88500
2019-12-03,23.22040591633046,23.232648849487305,23.097967827299087,23.232648849487305,45600
2019-12-04,23.74994682341393,23.74994682341393,23.36579726798505,23.540576934814453,69600
2019-12-05,23.569354931592972,23.682609940915945,23.313763131146306,23.413246154785156,41700
2019-12-06,23.587717923058257,23.651997694703343,23.587717923058257,23.614349365234375,35400
2019-12-09,23.612206510922128,23.651998668746273,23.55710981174196,23.562618255615234,54300
2019-12-10,23.593835087667195,23.606079768910917,23.487314592859672,23.514862060546875,34200
2019-12-11,23.51731911020213,23.612207973082334,23.51731911020213,23.604862213134766,57900
2019-12-12,23.557111299061667,24.10808182863481,23.557111299061667,23.795866012573242,139500
2019-12-13,23.82035207210526,23.93054547021328,23.749949080237787,23.815759658813477,97200
2019-12-16,23.967272615360706,24.05175408563923,23.951966325839535,23.976455688476562,41700
2019-12-17,24.022370859144335,24.450598446555713,23.982578707391934,24.085426330566406,118500
2019-12-18,24.160113055701185,24.160113055701185,23.97186442652277,23.997882843017578,76800
2019-12-19,24.03155681805991,24.083593658171733,24.010130811156916,24.065227508544922,38400
2019-12-20,24.175421620806908,25.019019156440628,24.17113571901265,24.215213775634766,97800
2019-12-23,24.318809775399036,24.475586392222077,24.209680557250977,24.209680557250977,72000
2019-12-24,24.257323131640806,24.257323131640806,24.188156318362644,24.193382263183594,14700
2019-12-26,24.25117874255638,24.4386953775677,24.25117874255638,24.310199737548828,30900
2019-12-27,24.395661047344838,24.395661047344838,24.316350147159877,24.326494216918945,25800
2019-12-30,24.364919279060935,24.364919279060935,24.152810260717768,24.19246482849121,52800
2019-12-31,24.288062871799376,28.2336054318731,24.155878658802678,24.245027542114258,28800
2020-01-02,24.331106977953947,24.46636593593264,24.30497724661846,24.460216522216797,80700
2020-01-03,24.269624928571016,24.379675854680386,24.158958357546148,24.302824020385742,77400
2020-01-06,24.171253396151226,24.414104204779225,24.171253396151226,24.367992401123047,110400
2020-01-07,24.331098532561743,24.374135618706273,24.284986740626533,24.309886932373047,66000
2020-01-08,24.358770372962255,24.552434660021138,24.3218809321975,24.447301864624023,77700
2020-01-09,24.626214903174063,24.666179055395208,24.555512478062756,24.608078002929688,37200
2020-01-10,24.681549056018255,24.684623763017278,24.50940416175843,24.550594329833984,41400
2020-01-13,24.635432674066433,24.72150685806247,24.60069623344123,24.72119903564453,71400
2020-01-14,24.684622381377892,24.970510310771505,24.660030003719292,24.67078971862793,56400
2020-01-15,24.690762929939872,24.863525168787984,24.68461527704094,24.725807189941406,89100
2020-01-16,24.86291004573707,24.93791668963325,24.854303331497963,24.937610626220703,89700
2020-01-17,25.001248432225555,25.045515060424805,24.974503058238046,25.045515060424805,33900
2020-01-21,25.038135449360784,25.056580170449998,24.979728338568552,24.990488052368164,71700
2020-01-22,25.10883970663496,25.43161529077556,25.010470205828536,25.038135528564453,75900
2020-01-23,25.05350817079068,25.05350817079068,24.86937053436545,25.04612922668457,53400
2020-01-24,25.151876667583394,25.151876667583394,24.743028623338237,24.824798583984375,67800
2020-01-27,24.450989627044684,24.55243382671941,24.34647248006742,24.452220916748047,87000
2020-01-28,24.598547221761216,24.76454620423611,24.518314614763085,24.696918487548828,290700
2020-01-29,24.804508310049357,24.870598667933105,24.688615798950195,24.688615798950195,103500
2020-01-30,24.564729908439723,24.7614688873291,24.481730431847613,24.7614688873291,92700
2020-01-31,24.76453947776478,24.76453947776478,24.257322065958636,24.33694076538086,74700
2020-02-03,24.401807488676457,24.626521401530475,24.401807488676457,24.512474060058594,75000
2020-02-04,24.822951784886317,24.964356612917197,24.822951784886317,24.884431838989258,126300
2020-02-05,25.170319532567138,25.179541893055703,25.019690576229618,25.145727157592773,132300
2020-02-06,25.271766932728262,25.271766932728262,25.19214820720675,25.2656192779541,84600
2020-02-07,25.26868689454287,25.26868689454287,25.104225290879903,25.14203643798828,87900
2020-02-10,25.09039860346147,25.305582357250845,25.08425094852095,25.304658889770508,102300
2020-02-11,25.4500567812527,25.496168581455123,25.34861433877802,25.362754821777344,61800
2020-02-12,25.5207576751709,25.5419692778983,25.4515926174676,25.5207576751709,218400
2020-02-13,25.434689074292162,25.572407083541812,25.431616126656852,25.482952117919922,61500
2020-02-14,25.523843152355695,25.554583190973858,25.468202908502995,25.532451629638672,57000
2020-02-18,25.517687123639803,25.517687123639803,25.39626260375075,25.459280014038086,251100
2020-02-19,25.58531423749699,25.634498982212754,25.57301717182544,25.59269142150879,43200
2020-02-20,25.539202521295255,25.60375727906713,25.327093528906175,25.499547958374023,43500
2020-02-21,25.394724174699164,25.394724174699164,25.158022798858017,25.22503662109375,69000
2020-02-24,24.478653551360253,24.632049361817568,24.32802462440827,24.41102409362793,138300
2020-02-25,24.515545142582013,24.540139275671827,23.620997314658805,23.660037994384766,149400
2020-02-26,23.777773697130172,24.030768556895158,23.574887052411594,23.62683868408203,93300
2020-02-27,23.119923840752623,23.430404054163795,22.529706954956055,22.529706954956055,263100
2020-02-28,21.825752259751386,22.43441390991211,21.690493333500022,22.43441390991211,597000
2020-03-02,22.545083391919054,23.368928909301758,22.302232567204925,23.368928909301758,268500
2020-03-03,23.49188856461844,23.652661589409654,22.612710721660807,22.72030258178711,290100
2020-03-04,23.196775636001263,23.70092010498047,23.030776697277677,23.70092010498047,109800
2020-03-05,23.129149254197053,23.316665882181375,22.775633665412233,22.957002639770508,129300
2020-03-06,22.253047759752633,22.646527553809037,22.040938726345452,22.563528060913086,127800
2020-03-09,21.25090113968629,21.59796119345416,20.82668144982552,20.98253631591797,207000
2020-03-10,21.69356374534038,21.903215408325195,20.860497896146363,21.903215408325195,434100
2020-03-11,21.303163425304,21.404605862877407,20.63609465914509,20.900463104248047,160500
2020-03-12,19.523290776061998,20.288729122600696,18.91155433654785,18.91155433654785,395700
2020-03-13,20.082763656561195,20.679128200490737,19.01145730905781,20.642240524291992,173400
2020-03-16,18.444300161183303,19.538661806574865,18.281375885009766,18.281375885009766,156900
2020-03-17,18.561109811245323,19.486397538751458,18.053892385545105,19.36651039123535,185700
2020-03-18,18.167636676636945,18.54574469576315,17.374839015584882,18.221431732177734,147600
2020-03-19,18.136898729757693,18.800277345120108,17.735733881728347,18.416635513305664,128400
2020-03-20,18.800891392838224,18.800891392838224,17.651195526123047,17.651195526123047,225300
2020-03-23,17.66448686346282,17.66448686346282,16.789456870150623,17.188013076782227,174000
2020-03-24,18.06335273449959,18.695663452148438,17.99842141762527,18.695663452148438,748800
2020-03-25,19.077526055241588,19.60625459132925,18.520969049637642,18.956937789916992,182400
2020-03-26,18.926022976836673,20.060780445280635,18.926022976836673,20.017492294311523,645900
2020-03-27,19.649539776371135,19.908957217082243,19.267681677220097,19.395998001098633,148200
2020-03-30,19.544412252383008,20.122612387893685,19.48783000317777,20.094785690307617,545400
2020-03-31,19.99584285870332,20.178268025840502,19.643356014211175,19.744464874267578,94800
2020-04-01,19.1146272094137,19.243253147622973,18.721944875475938,18.857683181762695,196500
2020-04-02,18.83325827205175,19.27541228724704,18.796772882847765,19.24294662475586,90000
2020-04-03,19.126994016287043,19.287775980005435,18.805426550359044,18.98630714416504,84600
2020-04-06,20.04531425691266,20.428718667243114,19.7886780771472,20.371517181396484,69000
2020-04-07,20.920340387920817,21.01928367132092,20.267932891845703,20.267932891845703,51900
2020-04-08,20.57095380563375,21.047119858710328,20.41635531088619,20.981569290161133,273600
2020-04-09,21.38104614601576,21.479991204751006,21.11389891054453,21.296327590942383,257700
2020-04-13,21.275923883167906,21.275923883167906,20.773477494592424,21.07803726196289,104100
2020-04-14,21.498546534046344,21.76136448414822,21.43052256505641,21.739721298217773,239100
2020-04-15,21.263554367422948,21.402694941354216,21.10277237774061,21.248096466064453,126600
2020-04-16,21.31611914174269,21.430522122181937,21.15842802109115,21.39341926574707,176100
2020-04-17,22.014905408563603,22.014905408563603,21.619132209864915,21.909778594970703,174000
2020-04-20,21.609857516750736,21.872675453141326,21.560385863565546,21.593778610229492,150900
2020-04-21,21.303751868607733,21.303751868607733,20.83995466838693,20.932714462280273,152700
2020-04-22,21.306840259689643,21.64850460560227,21.196766638126338,21.396509170532227,224100
2020-04-23,21.55420186282443,21.675405818071702,21.338072560733355,21.34394645690918,246300
2020-04-24,21.554204294009242,21.68097431095575,21.31302952065939,21.609859466552734,64200
2020-04-27,21.795379709928746,22.009653103623705,21.793833388847997,21.968528747558594,60000
2020-04-28,22.24680468748709,22.24680468748709,21.823203008975117,21.829078674316406,106500
2020-04-29,22.209700688347255,22.51889940285831,22.19424101800858,22.413772583007812,315300
2020-04-30,22.395225702232235,22.395225702232235,22.036555247953693,22.200429916381836,338100
2020-05-01,21.75518245024657,21.75518245024657,21.504731512416402,21.5542049407959,315900
2020-05-04,21.538742571206942,21.65933084092776,21.322305398758267,21.643869400024414,116400
2020-05-05,21.8664953503786,22.070565509294727,21.841759519926764,21.878862380981445,64500
2020-05-06,22.10148312168986,22.10148312168986,21.730443954467773,21.730443954467773,106500
2020-05-07,21.993261006696734,22.107663978654525,21.922146171741993,21.97471046447754,97500
2020-05-08,22.20969751478668,22.317916960939698,22.180324499189503,22.308950424194336,63900
2020-05-11,22.154042732443422,22.43232030200063,22.154042732443422,22.336469650268555,83700
2020-05-12,22.534362142473764,22.534362142473764,21.889684247615527,21.89432144165039,50100
2020-05-13,21.8881343599791,21.8881343599791,21.309934212393532,21.538740158081055,93300
2020-05-14,21.282110587303766,21.733540836517694,21.15132082996941,21.732921600341797,351000
2020-05-15,21.554200544029072,21.84917449951172,21.514003281092553,21.84917449951172,49800
2020-05-18,22.36739088206613,22.625571612284887,22.36739088206613,22.5445613861084,91500
2020-05-19,22.450873835135887,22.608564938276523,22.305551528930664,22.305551528930664,35400
2020-05-20,22.812633842488257,22.812633842488257,22.585683857798088,22.66421890258789,57600
2020-05-21,22.664222851886173,22.701327477949658,22.420576453619198,22.503440856933594,36300
2020-05-22,22.528172949473753,22.562184927977576,22.382848880480548,22.549816131591797,42600
2020-05-26,23.180585069046767,23.180585069046767,22.815731158066992,22.821914672851562,114300
2020-05-27,23.053812602786067,23.175947189331055,22.732246843307685,23.175947189331055,46500
2020-05-28,23.226962743487498,23.42484757482356,23.124926801595326,23.13420295715332,28500
2020-05-29,23.072360529658095,23.285706781444173,22.899209769009694,23.25478744506836,163800
2020-06-01,23.1836741693225,23.375377252326018,23.15584570317424,23.3469295501709,82800
2020-06-02,23.38774577733345,23.50833226653795,23.328997968978694,23.50524139404297,45600
2020-06-03,23.684574508405426,23.870094080178436,23.662931325038404,23.823713302612305,64500
2020-06-04,23.814440777018497,23.870097718581373,23.622429813289266,23.771154403686523,34800
2020-06-05,24.154560306624077,24.45757376207713,24.154560306624077,24.32771110534668,47700
2020-06-08,24.46994136704547,24.64000129699707,24.355538379212238,24.64000129699707,89400
2020-06-09,24.473027353869618,24.56516966289332,24.37717670614174,24.476119995117188,157500
2020-06-10,24.602890389928355,24.602890389928355,24.334506448705728,24.37408447265625,89100
2020-06-11,23.706223415422265,23.811350246698634,22.927043914794922,22.927043914794922,136500
2020-06-12,23.594910625965937,23.594910625965937,22.80645499079982,23.24799156188965,61500
2020-06-15,22.78480947527441,23.502148424759945,22.710601997741424,23.45267677307129,98400
2020-06-16,24.077256835318472,24.083440349245368,23.662931325038404,23.823713302612305,83700
2020-06-17,24.037063991938396,24.037063991938396,23.786613073196683,23.81443977355957,42600
2020-06-18,23.656752116273953,23.815372116259926,23.656752116273953,23.7958927154541,49800
2020-06-19,24.17001854375933,24.17001854375933,23.598001882746043,23.696945190429688,21900
2020-06-22,23.697253597359655,23.85248374938965,23.557547881696305,23.85248374938965,93900
2020-06-23,24.035655317765883,24.138107010638972,23.94872628566969,23.958040237426758,115200
2020-06-24,23.89595046889226,23.89595046889226,23.265719404265525,23.337125778198242,92700
2020-06-25,23.26571902755223,23.57586669921875,23.202386641348237,23.57586669921875,75000
2020-06-26,23.45820719300821,23.465968524868643,23.014251549480473,23.020462036132812,105600
2020-06-29,23.12911714210187,23.337125778198242,22.973890528651754,23.337125778198242,57900
2020-06-30,23.321598067604135,23.715878554476838,23.321598067604135,23.691041946411133,28500
2020-07-01,23.812124208264674,23.941585109034143,23.739476100012748,23.8590030670166,38400
2020-07-02,24.166044715345993,24.21571793553394,23.96735183459419,23.970457077026367,69600
2020-07-06,24.324379849532818,24.352321703808215,24.24676477195977,24.34921646118164,44700
2020-07-07,24.259185135613965,24.367845538873212,24.08843231201172,24.08843231201172,34800
2020-07-08,24.209514764874697,24.29644203186035,24.100854348801466,24.29644203186035,120000
2020-07-09,24.451665702816108,24.451665702816108,23.914574212708853,24.178462982177734,104100
2020-07-10,24.259184413259074,24.43304069800609,24.15983796483221,24.429935455322266,58800
2020-07-13,24.68140725757558,24.79938161129213,24.153627908590092,24.18777847290039,80100
2020-07-14,24.060491974991823,24.526178939365273,23.97356471277073,24.513761520385742,93900
2020-07-15,24.755917701307972,24.811490533677645,24.546358222661787,24.727975845336914,47700
2020-07-16,24.637940030205566,24.65346268928302,24.526174397811666,24.62552261352539,34500
2020-07-17,24.696930194525752,24.786962693962092,24.634839550688834,24.735736846923828,39600
2020-07-20,24.81490538429952,24.9763442613245,24.659676993030885,24.948402404785156,52500
2020-07-21,25.196768541396867,25.196768541396867,24.892829571285233,24.948402404785156,48600
2020-07-22,24.892520825119576,25.13467825590221,24.892520825119576,25.125364303588867,44400
2020-07-23,25.122256629098004,25.12846533788771,24.72642168813998,24.811798095703125,54300
2020-07-24,24.724873765766432,24.72797723230082,24.54325613290458,24.65036392211914,34800
2020-07-27,24.672092220268194,24.83042584035187,24.672092220268194,24.818008422851562,46200
2020-07-28,24.836640012796742,24.852160898749062,24.65967846373637,24.68140983581543,34200
2020-07-29,24.86457766781913,25.022911295955954,24.768334683251048,24.97013282775879,53400
2020-07-30,24.69692578116056,24.926663964630198,24.65035780660461,24.892515182495117,39300
2020-07-31,25.10673662621009,25.108909230402787,24.73108216962732,25.072586059570312,52500
2020-08-03,25.21850066364311,25.348892435950873,25.21850066364311,25.296113967895508,53400
2020-08-04,25.243333089875442,25.355098724365234,25.21849825604937,25.355098724365234,24900
2020-08-05,25.563105863359016,25.563105863359016,25.49790998264934,25.535165786743164,54600
2020-08-06,25.560007005953512,25.6997127532959,25.497916352225765,25.6997127532959,11400
2020-08-07,25.61278305578107,25.73976049130999,25.557210220563924,25.715234756469727,49800
2020-08-10,25.84252400001623,25.84252400001623,25.61278397595655,25.784156799316406,21900
2020-08-11,25.991538903048234,25.991538903048234,25.54447813318689,25.57459259033203,57600
2020-08-12,25.83320470011485,25.988433069626886,25.802157605048855,25.96111297607422,54300
2020-08-13,25.895298022410113,25.98843576435654,25.859594836432137,25.89560890197754,47400
2020-08-14,25.836309290904968,25.932550493372368,25.83010058220326,25.885982513427734,48000
2020-08-17,25.938756983698422,26.019164634251965,25.938756983698422,25.98253059387207,68700
2020-08-18,26.078471240921463,26.084679950705493,25.935660257159476,26.05332374572754,72600
2020-08-19,26.165394173914272,26.165394173914272,25.926342010498047,25.926342010498047,39000
2020-08-20,25.8859802141383,26.078464378430507,25.8859802141383,26.03313636779785,44100
2020-08-21,26.084674518725425,26.149872175472794,26.025687346923664,26.140247344970703,56100
2020-08-24,26.482060474394764,26.482060474394764,26.243008319463634,26.365949630737305,67500
2020-08-25,26.506897474262274,26.506897474262274,26.373402244745204,26.495410919189453,37800
2020-08-26,26.6310800871099,26.790966322659294,26.540427613302523,26.784757614135742,64800
2020-08-27,26.74595462722533,26.93843705299078,26.71490752744773,26.834434509277344,51900
2020-08-28,27.012947292799097,27.012947292799097,26.826673573663044,27.009843826293945,64800
2020-08-31,27.009840242669895,27.065722173350906,26.93222694351698,27.004873275756836,40500
2020-09-01,27.33581826856421,27.33581826856421,26.927876846485603,27.171274185180664,49800
2020-09-02,27.379287388240492,27.66428755916026,27.259449534632253,27.61647605895996,86400
2020-09-03,27.615231616136185,27.615231616136185,26.41065514763127,26.615867614746094,90000
2020-09-04,26.823564577248437,26.823564577248437,25.936277054702128,26.45225715637207,90000
2020-09-08,26.084673630808343,26.084673630808343,25.69815444946289,25.69815444946289,56700
2020-09-09,26.109515520476435,26.41376538162061,25.959875850173287,26.264434814453125,108600
2020-09-10,26.311310139605325,26.395133924644327,25.699707033078337,25.795019149780273,46500
2020-09-11,26.00085121509882,26.00085121509882,25.55379047341918,25.75434684753418,63900
2020-09-14,26.103306504204674,26.21196691384291,26.007063513491204,26.13155746459961,70500
2020-09-15,26.407550867545137,26.407550867545137,26.177812661687472,26.267845153808594,71100
2020-09-16,26.388922806821903,26.398236757875665,26.1334171295166,26.1334171295166,230400
2020-09-17,25.802158927967973,25.933172453087565,25.698156394705244,25.835067749023438,449400
2020-09-18,26.2181725118371,26.2181725118371,25.42340094841926,25.606260299682617,99600
2020-09-21,25.27425228351148,25.317855834960938,24.916085472864243,25.317855834960938,60300
2020-09-22,25.486043523477218,25.610623844835416,25.333431961511863,25.596609115600586,29700
2020-09-23,25.728973429850893,25.728973429850893,24.962804072458063,24.978376388549805,70500
2020-09-24,24.950342627834047,25.299169245144817,24.78838913114345,25.050006866455078,80400
2020-09-25,25.0936160870087,25.48292938433147,25.050012527224236,25.459259033203125,247500
2020-09-28,25.915843508869315,25.918956902651686,25.747659651954773,25.850439071655273,86400
2020-09-29,25.8317572089535,25.920520138493714,25.707175094944667,25.781923294067383,66300
2020-09-30,25.87224072629102,26.196149528214047,25.859781804379175,26.015506744384766,100500
2020-10-01,26.37056330707091,26.37056330707091,25.97190629972466,26.09897804260254,42900
2020-10-02,25.75077789976422,26.003053732690084,25.75077789976422,25.86601448059082,108600
2020-10-05,26.130745359333186,26.32695867884149,26.09025519930386,26.32664680480957,42600
2020-10-06,26.4141624007531,26.488910577003633,25.95944299195953,25.988719940185547,51300
2020-10-07,26.23352278056004,26.476453029367416,26.23352278056004,26.441259384155273,30300
2020-10-08,26.635295018220383,26.635295018220383,26.535630771005046,26.60601806640625,28800
2020-10-09,26.682011667694994,26.87822497080106,26.682011667694994,26.868881225585938,43200
2020-10-12,27.33917527749364,27.44818327135717,27.069147611886233,27.327651977539062,86100
2020-10-13,27.40146524626758,27.40146524626758,27.099355556381088,27.180334091186523,65100
2020-10-14,27.174109111249425,27.26131623300643,26.939276838516356,26.983814239501953,48300
2020-10-15,26.68824360945917,26.97477922513909,26.657409068139284,26.91155433654785,46800
2020-10-16,27.130502895915154,27.17721984355699,26.924945831298828,26.924945831298828,45900
2020-10-19,27.05886879558833,27.08067146408805,26.473340436404424,26.488290786743164,73200
2020-10-20,26.666441274872746,26.8034787229173,26.607265405670333,26.646818161010742,55800
2020-10-21,26.610378777267364,26.7847929908573,26.576118969750574,26.578922271728516,49200
2020-10-22,26.63218292167685,26.75676502723878,26.510717774639623,26.71316146850586,136200
2020-10-23,26.834624781508545,26.834624781508545,26.63529627765276,26.80348014831543,216300
2020-10-26,26.54809067219449,26.579235305063715,26.05506414789614,26.305158615112305,298800
2020-10-27,26.41105254634063,26.41105254634063,26.22418295913283,26.230411529541016,99900
2020-10-28,25.772570342589052,25.772570342589052,25.292936681704656,25.30228042602539,152100
2020-10-29,25.43932395281249,25.808393896533126,25.214143775362263,25.629308700561523,128400
2020-10-30,25.47358174080797,25.47358174080797,25.012635494593585,25.289827346801758,108900
2020-11-02,25.598168389133814,25.73832103712216,25.389494332215197,25.55767822265625,155100
2020-11-03,25.9033888964334,26.205496853952205,25.841099624776973,26.074687957763672,137100
2020-11-04,26.4577671016408,26.87510976728354,26.417588819043512,26.63031005859375,75900
2020-11-05,27.142959823485167,27.28342432148002,27.06198306868436,27.18189239501953,157800
2020-11-06,27.08378883956915,27.23951379713681,26.97571467468461,27.14607810974121,61500
2020-11-09,28.342052872118984,28.342052872118984,27.448189610977565,27.454418182373047,157800
2020-11-10,27.457523472523633,27.48866810042455,27.15354613008646,27.410804748535156,89700
2020-11-11,27.56341872555467,27.675541890951553,27.513586603630998,27.617921829223633,78600
2020-11-12,27.597681390280112,27.597681390280112,27.22611999123491,27.34540557861328,65400
2020-11-13,27.469984904132176,27.784551754361466,27.469984904132176,27.73783302307129,46500
2020-11-16,27.9869937767593,28.03682590227051,27.882346669613238,28.02125358581543,122700
2020-11-17,27.9496188843016,27.980763515329247,27.722259157097774,27.883590698242188,76200
2020-11-18,27.99321852943424,27.99321852943424,27.600791931152344,27.600791931152344,100800
2020-11-19,27.532278777731126,27.67243142171224,27.482758521404392,27.66370964050293,42600
2020-11-20,27.725376814066003,27.725376814066003,27.50611686706543,27.50611686706543,57900
2020-11-23,27.68177213606286,27.71540819664908,27.455346237702102,27.62571144104004,90600
2020-11-24,28.01502572433384,28.086658738266724,27.75963473802544,28.039941787719727,151500
2020-11-25,28.102233475252085,28.102233475252085,27.924393977238697,27.99602699279785,74700
2020-11-27,28.046167718396152,28.120915901518696,28.02966156308821,28.089771270751953,40800
2020-11-30,28.086656263056913,28.086656263056913,27.830955207370298,27.952733993530273,146100
2020-12-01,28.208125779587313,28.429255174764293,28.208125779587313,28.323362350463867,164100
2020-12-02,28.267300699477918,28.335822103756946,28.167014476611428,28.329591751098633,109500
2020-12-03,28.37008002547341,28.435484471038613,28.266678626668536,28.307790756225586,90600
2020-12-04,28.388763025240387,28.550718307495117,28.388763025240387,28.550718307495117,523200
2020-12-07,28.569412494471905,28.569412494471905,28.41057235081133,28.510234832763672,76500
2020-12-08,28.363851458423927,28.60678352922242,28.363851458423927,28.56941032409668,1066800
2020-12-09,28.678416136512674,28.678416136512674,28.248614481936894,28.343917846679688,609900
2020-12-10,28.24550007328894,28.34516433109551,28.14895099184039,28.282875061035156,885300
2020-12-11,28.164521776353784,28.270414598975115,28.030597714448533,28.257957458496094,1792500
2020-12-14,28.469744699560685,28.52892057549657,28.16047433865006,28.180095672607422,48300
2020-12-15,28.404337004410007,28.52891731262207,28.26698768241725,28.52891731262207,62100
2020-12-16,28.594322926750852,28.651319244338637,28.497773852220302,28.578750610351562,104400
2020-12-17,28.74382103874234,28.74382103874234,28.65350231102658,28.72825050354004,55500
2020-12-18,28.78120392058941,28.78120392058941,28.49155481791782,28.703340530395508,76500
2020-12-21,28.58173724816491,28.63174898993175,28.131631572263327,28.60361671447754,1890600
2020-12-22,28.647384255094593,28.647384255094593,28.46296568985891,28.53485870361328,70500
2020-12-23,28.650506449480478,28.70676921695187,28.537979125976562,28.537979125976562,134100
2020-12-24,28.544228925813805,28.628623962402344,28.528598691745493,28.628623962402344,455400
2020-12-28,28.909940935963935,28.96620370018308,28.824295691196994,28.947450637817383,122400
2020-12-29,29.103739928218193,29.128745802544863,28.80679405273827,28.8568058013916,78600
2020-12-30,28.988088470573313,28.988088470573313,28.85055526518289,28.8724365234375,48900
2020-12-31,28.89431643261378,29.078734985249813,28.825549828872628,29.063106536865234,51000
2021-01-04,29.156872278483593,29.156872278483593,28.331678539330696,28.60361671447754,126300
2021-01-05,28.556734006430812,28.822422974019346,28.556734006430812,28.772409439086914,70800
2021-01-06,28.556733108757317,29.16000045110803,28.556733108757317,28.91931915283203,103200
2021-01-07,29.222519694727684,29.378805969703716,29.147500279550528,29.331920623779297,117900
2021-01-08,29.460072984410534,29.460072984410534,29.167190739835295,29.444442749023438,90900
2021-01-11,29.381926287883754,29.403807543629753,29.192195732911102,29.29753303527832,119100
2021-01-12,29.36004735359153,29.36004735359153,29.088109162666836,29.27252769470215,50700
2021-01-13,29.22564445906654,29.400683789448337,29.197512179954536,29.328792572021484,55800
2021-01-14,29.435064764704993,29.435064764704993,29.18500604311146,29.216264724731445,69600
2021-01-15,29.16937829863283,29.16937829863283,28.85367937859286,29.013092041015625,81600
2021-01-19,29.300658854395383,29.300658854395383,29.103736499422123,29.244394302368164,110700
2021-01-20,29.39130337646521,29.707004070326935,29.385052355707032,29.67262077331543,132600
2021-01-21,29.64136805757573,29.847666080152134,29.61386177380296,29.68825340270996,182700
2021-01-22,29.591355624714254,29.669497864802022,29.528840044082813,29.61635971069336,76500
2021-01-25,29.816408646999307,29.816408646999307,29.300662705555922,29.713258743286133,168300
2021-01-26,29.825778834367032,29.825778834367032,29.62510588930177,29.669490814208984,78000
2021-01-27,29.503839710403557,29.503839710403557,28.76929178426208,28.89744758605957,115800
2021-01-28,29.216268800185958,29.528841351498915,29.116243509034696,29.21314239501953,129600
2021-01-29,29.219390985133725,29.219390985133725,28.50672269420837,28.709896087646484,144000
2021-02-01,29.009967044309853,29.20063660979865,28.775536752224607,29.13499641418457,130200
2021-02-02,29.3225426302522,29.60698468257757,29.3225426302522,29.513212203979492,112200
2021-02-03,29.61948873038899,29.653872034487293,29.428819143757714,29.550722122192383,145500
2021-02-04,29.62573816489047,29.841415405273438,29.58791724783359,29.841415405273438,90600
2021-02-05,29.997703985030775,29.997703985030775,29.900806881088798,29.953943252563477,106500
2021-02-08,30.13523405028606,30.160241715043778,30.003955435956776,30.14461326599121,107400
2021-02-09,30.057088108216018,30.188368494960095,30.057088108216018,30.16336441040039,86700
2021-02-10,30.27901304288486,30.27901304288486,29.99269484321493,30.157108306884766,192300
2021-02-11,30.294647054559118,30.294647054559118,30.05709034792906,30.216501235961914,105600
2021-02-12,30.19149645877928,30.397796264099476,30.175868010841914,30.38216781616211,551700
2021-02-16,30.49156238242871,30.49156238242871,30.314959874064375,30.350906372070312,131700
2021-02-17,30.244632240440016,30.354031367421104,30.13210313157002,30.347782135009766,99300
2021-02-18,30.13523107755572,30.26026223476507,30.007077092542065,30.194622039794922,126300
2021-02-19,30.304019456315288,30.304019456315288,30.11022528730566,30.132102966308594,108000
2021-02-22,29.975824162301436,30.098040140392886,29.907057553309162,29.9195613861084,93600
2021-02-23,29.84454115211351,30.066465832190403,29.553846291919303,29.985198974609375,97800
2021-02-24,29.95394075675251,30.27276611328125,29.78702685248268,30.27276611328125,72000
2021-02-25,30.216500991931053,30.246509472518692,29.452572501043498,29.575727462768555,71400
2021-02-26,29.732013043558737,29.794526834783976,29.33035585382846,29.503833770751953,61500
2021-03-01,29.87579918293923,30.185245331043173,29.868296168204605,30.1102294921875,105600
2021-03-02,30.178996292069243,30.178996292069243,29.891427824172233,29.93206214904785,110100
2021-03-03,29.782025594419814,29.85110519568866,29.4757022857666,29.4757022857666,65700
2021-03-04,29.535094556222088,29.65699753092091,28.778665466363762,29.091238021850586,138600
2021-03-05,29.456941825406464,29.724192157832544,28.87242942335832,29.669490814208984,147600
2021-03-08,29.90392539517379,29.98206941659211,29.538214737430852,29.547592163085938,132000
2021-03-09,29.872669801377768,30.118976133245614,29.833598683249697,29.92580795288086,89100
2021-03-10,30.091474533081055,30.229007743812456,30.010205884136855,30.091474533081055,63600
2021-03-11,30.34465811026345,30.538452295535798,30.26026306055268,30.38216781616211,173700
2021-03-12,30.332157164114044,30.429054260253906,30.225880852599154,30.429054260253906,84900
2021-03-15,30.51970060894048,30.641605377197266,30.28214388309954,30.641605377197266,67200
2021-03-16,30.74162634250109,30.74162634250109,30.616598756372156,30.629100799560547,113700
2021-03-17,30.58533889286392,30.738496955590037,30.43530365779008,30.679109573364258,71400
2021-03-18,30.547830187144438,30.660355722843025,30.257135344707283,30.297771453857422,78000
2021-03-19,30.300896605082368,30.382168829614596,30.11022881846191,30.27276611328125,46200
2021-03-22,30.472210378970356,30.59765081450022,30.312277681663886,30.51297950744629,101400
2021-03-23,30.43144736857618,30.563157504088743,30.202519362194412,30.27778434753418,60600
2021-03-24,30.491027943947586,30.491027943947586,30.102169036865234,30.102169036865234,107100
2021-03-25,30.033174140462766,30.299734616495282,29.854425198964933,30.262102127075195,67500
2021-03-26,30.393813890038764,30.75131538114252,30.309142578693976,30.72308921813965,78600
2021-03-29,30.63528245699642,30.807761725474577,30.506708959857463,30.71368408203125,102300
2021-03-30,30.682323251517573,30.691729579833655,30.539322657056452,30.629011154174805,135900
2021-03-31,30.650961563911086,30.917518440271103,30.650961563911086,30.798351287841797,363900
2021-04-01,30.904972200825643,31.102540969848633,30.904972200825643,31.102540969848633,87300
2021-04-05,31.362826916570135,31.611511432826596,31.362826916570135,31.591754913330078,136200
2021-04-06,31.478854849998676,31.642868042227708,31.478854849998676,31.563526153564453,114000
2021-04-07,31.619978194139616,31.626251472405187,31.52778110109466,31.60743522644043,123600
2021-04-08,31.80813840754636,31.80813840754636,31.652907063408893,31.764232635498047,83400
2021-04-09,31.695236520606453,32.002562526890635,31.695236520606453,31.999425888061523,883500
2021-04-12,32.018242840070336,32.02451611786726,31.908485600446085,32.015106201171875,96000
2021-04-13,32.049598658045085,32.14869705705294,31.992837702020452,32.121726989746094,188700
2021-04-14,32.14055049938214,32.181319632300195,31.94612193028278,31.955528259277344,198300
2021-04-15,32.20954528136218,32.34439207242065,32.16971641866013,32.328712463378906,137100
2021-04-16,32.49177791547444,32.49177791547444,32.3475212230842,32.460418701171875,95400
2021-04-19,32.45726731495403,32.45726731495403,32.1938471634323,32.29106140136719,117600
2021-04-20,32.140541811875714,32.269115276763685,31.96053680773386,32.09036636352539,73800
2021-04-21,32.090372398604906,32.382015228271484,32.018244056526754,32.382015228271484,102300
2021-04-22,32.41338252512656,32.41965221519955,32.00570552825671,32.09351348876953,118200
2021-04-23,32.08410026227454,32.51059346305303,32.07155729458951,32.4384651184082,139200
2021-04-26,32.526268503449444,32.541948108062435,32.45414016893084,32.4886360168457,80700
2021-04-27,32.55762699472479,32.55762699472479,32.403964001840905,32.47922897338867,67800
2021-04-28,32.529416644886545,32.55136594580736,32.42592906454767,32.4290657043457,89400
2021-04-29,32.71129658638298,32.71129658638298,32.382017652683864,32.67366409301758,163500
2021-04-30,32.52000099626251,32.52000099626251,32.38829085861085,32.422786712646484,94500
2021-05-03,32.7395111077033,32.7395111077033,32.479227535094836,32.507450103759766,92400
2021-05-04,32.38515647210632,32.38515647210632,32.00570564015148,32.27226257324219,121800
2021-05-05,32.441603289649315,32.441603289649315,32.25030777088259,32.278533935546875,94500
2021-05-06,32.303621342173095,32.56077194213867,32.14650944224856,32.56077194213867,323100
2021-05-07,32.657983688964855,32.83359959449822,32.56390604667827,32.79596710205078,114000
2021-05-10,32.81477752907118,32.81477752907118,32.47609233476895,32.47922897338867,154200
2021-05-11,32.17190788843256,32.23494213226438,31.924167232206493,32.200130462646484,131700
2021-05-12,32.02452004592786,32.02452004592786,31.45377371667914,31.494539260864258,99000
2021-05-13,31.695235147818035,32.02451402281264,31.64505969522025,31.902210235595703,317400
2021-05-14,32.07469351416726,32.394562513359105,32.06904828157485,32.34438705444336,206400
2021-05-17,32.203265642522936,32.31615952309503,32.117654060965656,32.24089813232422,114300
2021-05-18,32.32242475993624,32.32242475993624,31.98687625182028,31.99628257751465,64500
2021-05-19,31.654477190611086,31.921034122058945,31.507087436220157,31.895944595336914,72600
2021-05-20,31.96179986532541,32.353797255134744,31.96179986532541,32.27226257324219,588900
2021-05-21,32.4259158109431,32.46950575535401,32.21894073486328,32.21894073486328,280200
2021-05-24,32.36005515748616,32.63601828900559,32.36005515748616,32.548213958740234,113100
2021-05-25,32.58271244278081,32.65013940561064,32.46668193739167,32.50431442260742,232500
2021-05-26,32.62035947861845,32.62035947861845,32.48551267047173,32.55450439453125,93900
2021-05-27,32.661129066921816,32.661129066921816,32.56799167370186,32.5890007019043,52200
2021-05-28,32.75519855890315,32.75519855890315,32.626625061035156,32.626625061035156,288900
2021-06-01,32.75520628676516,32.79252656030319,32.538824783502534,32.55450439453125,93600
2021-06-02,32.57017632134985,32.68150548110431,32.56390663171731,32.626625061035156,73500
2021-06-03,32.52941347712705,32.57394370919114,32.313032006959425,32.510597229003906,57900
2021-06-04,32.64857925002477,32.81791829817585,32.64857925002477,32.802242279052734,68400
2021-06-07,32.89630870415065,32.89630870415065,32.692470281439036,32.77714157104492,109200
2021-06-08,32.90572078272319,32.90572078272319,32.617211019968735,32.7708740234375,77100
2021-06-09,32.77088073266628,32.83046611625029,32.708162298436676,32.71443557739258,54300
2021-06-10,32.87122750728865,32.92767624425829,32.74955175051971,32.85868453979492,81900
2021-06-11,32.9590280140457,32.9590280140457,32.814774948365695,32.91826248168945,60300
2021-06-14,32.962172958142624,32.99980545043945,32.83422391986619,32.99980545043945,67500
2021-06-15,33.02489167980291,33.02489167980291,32.86182233017564,32.91513442993164,143700
2021-06-16,32.89944391476156,32.92923479953747,32.62190885966278,32.74578094482422,67200
2021-06-17,32.745789273170644,32.830460580636945,32.57331001928896,32.76774215698242,82500
2021-06-18,32.57958667259059,32.57958667259059,32.32557272387461,32.33811569213867,52200
2021-06-21,32.540651890447904,32.77966408093155,32.40541955679987,32.77337646484375,118200
2021-06-22,32.877154810933895,32.98093825073261,32.72934006989723,32.949485778808594,466200
2021-06-23,32.968361929677464,32.99037758437482,32.90231856467888,32.90546417236328,68700
2021-06-24,33.03754422830736,33.12245762316518,33.03754422830736,33.094154357910156,83100
2021-06-25,33.197933470560024,33.23881555959151,33.13471901402785,33.22309112548828,62700
2021-06-28,33.30172040463081,33.317444842090595,33.18535812779119,33.3111572265625,117600
2021-06-29,33.4023602902599,33.4023602902599,33.27341917537204,33.32373809814453,84900
2021-06-30,33.380348205566406,33.386635821473966,33.292289191021325,33.380348205566406,78900
2021-07-01,33.45896224797677,33.51557237191572,33.42405465104856,33.509281158447266,96300
2021-07-02,33.653964642018806,33.79863383628354,33.59421247854028,33.78290939331055,109500
2021-07-06,33.8709538991299,33.8709538991299,33.534442326081134,33.735721588134766,134700
2021-07-07,33.73572690834172,33.88668367936863,33.71276829206771,33.87724685668945,59400
2021-07-08,33.50928240518197,33.669675962763684,33.34260123299025,33.58476257324219,344700
2021-07-09,33.65081776866798,33.96216457380538,33.65081776866798,33.943294525146484,75300
2021-07-12,33.993607800098864,34.078521205391006,33.93071004776192,34.069087982177734,46800
2021-07-13,34.02820386299718,34.12255409497469,33.93700283769449,33.959014892578125,54300
2021-07-14,34.01877975463867,34.147720907282,33.91814187962576,34.01877975463867,75300
2021-07-15,34.0093376322145,34.0093376322145,33.76969557420147,33.91813659667969,94200
2021-07-16,34.065954595024216,34.065954595024216,33.650824241952655,33.67283630371094,61500
2021-07-19,33.24196420674936,33.27655868475914,32.95262955405645,33.131893157958984,122700
2021-07-20,33.235674711732116,33.74578492868342,33.179068180492315,33.663387298583984,53400
2021-07-21,33.68540618121896,33.90555191040039,33.68540618121896,33.90555191040039,59700
2021-07-22,33.90240773413655,33.984175534296796,33.848943203506664,33.98040008544922,47400
2021-07-23,34.185460086981855,34.339562503763915,34.1131254915528,34.31754684448242,40800
2021-07-26,34.30496665925541,34.39302569381934,34.2904983011017,34.391136169433594,76800
2021-07-27,34.399307051214045,34.399307051214045,34.03449574467234,34.260929107666016,79500
2021-07-28,34.31753568274216,34.31753568274216,34.17601214625381,34.245201110839844,57300
2021-07-29,34.33010820103401,34.452761670166836,34.33010820103401,34.37696838378906,47100
2021-07-30,34.22319693776823,34.30181914331298,34.16155525709233,34.188602447509766,1163100
2021-08-02,34.41502844453363,34.41502844453363,34.10368169819882,34.11626052856445,225300
2021-08-03,34.25778220196552,34.39616012573242,34.034490879441,34.39616012573242,42900
2021-08-04,34.35213016503518,34.35213016503518,34.207464620323584,34.245201110839844,66300
2021-08-05,34.25778903014069,34.44334030151367,34.25778903014069,34.44334030151367,57600
2021-08-06,34.52196020819508,34.52196020819508,34.44333801337654,34.48736572265625,60300
2021-08-09,34.56283952357337,34.56283952357337,34.42383535037631,34.46534729003906,46800
2021-08-10,34.51880519157809,34.58170293028849,34.45276184611368,34.499935150146484,36600
2021-08-11,34.64775670129346,34.64775670129346,34.521961186020675,34.61945343017578,105000
2021-08-12,34.61002955875346,34.71695505581086,34.53140374136762,34.704376220703125,103800
2021-08-13,34.78927711769364,34.78927711769364,34.723233758312674,34.782989501953125,41700
2021-08-16,34.782990742422996,34.89935302734375,34.57982552571174,34.89935302734375,54600
2021-08-17,34.798713703341896,34.798713703341896,34.42698493007662,34.66033935546875,63000
2021-08-18,34.584856222237946,34.69178528108055,34.264072644803335,34.30495834350586,61800
2021-08-19,34.11940356791099,34.43641166382381,34.037635778049015,34.33011245727539,48300
2021-08-20,34.3238270546368,34.644610619599504,34.3238270546368,34.63517379760742,62400
2021-08-23,34.81758366300695,34.97797726452222,34.81758366300695,34.91193389892578,95100
2021-08-24,35.03144228727014,35.03772990369015,34.92136761034418,34.97797775268555,79200
2021-08-25,34.993702414857864,35.06289138957269,34.948728141655806,35.018863677978516,95400
2021-08-26,35.0188578994513,35.0188578994513,34.83613554834501,34.836448669433594,50100
2021-08-27,34.92765019043132,35.15408350562689,34.924504583452254,35.13835906982422,35400
2021-08-30,35.23586603355548,35.35851595178411,35.18240149528193,35.308197021484375,63000
2021-08-31,35.26416297631596,35.33177913923909,35.22642288559302,35.270450592041016,65100
2021-09-01,35.40882287916985,35.40882287916985,35.27988178870214,35.29875183105469,309300
2021-09-02,35.459149167168775,35.459149167168775,35.27359791105269,35.37109375,63900
2021-09-03,35.4088391836685,35.4088391836685,35.24907898994693,35.374244689941406,56100
2021-09-07,35.418263026947486,35.418263026947486,35.176101659616826,35.23271179199219,59400
2021-09-08,35.26101634925214,35.26101634925214,35.051250409523114,35.19497299194336,85800
2021-09-09,35.23271389450814,35.29749757074721,34.99369812011719,34.99369812011719,83400
2021-09-10,35.12263390102645,35.16351959271572,34.732661422891915,34.73895263671875,74700
2021-09-13,35.01256641479187,35.01256641479187,34.64460954852372,34.8112907409668,101400
2021-09-14,35.003123713595045,35.003123713595045,34.58170239242358,34.64460372924805,88800
2021-09-15,34.8050129557738,34.96226098628256,34.594303978040735,34.9213752746582,72900
2021-09-16,34.94652611682701,34.94652611682701,34.62102412245247,34.85846710205078,44100
2021-09-17,34.858469739464525,34.858469739464525,34.51913280492664,34.547122955322266,86700
2021-09-20,34.17984853358725,34.17984853358725,33.59032371040662,33.981239318847656,132000
2021-09-21,34.274427804642954,34.274427804642954,33.918504208411036,33.959171295166016,112800
2021-09-22,34.04113328681954,34.35008333511445,34.04113328681954,34.23974609375,85500
2021-09-23,34.422591834718446,34.76306679927478,34.42006998501488,34.646419525146484,64200
2021-09-24,34.56760475363674,34.731535796098626,34.55184229216141,34.696861267089844,48300
2021-09-27,34.72208659796526,34.72208659796526,34.55500230875569,34.5833740234375,77700
2021-09-28,34.36269386331741,34.36269386331741,33.804693991788376,33.8582878112793,75300
2021-09-29,33.990683746817204,34.08809783538928,33.87088689444004,33.8929557800293,111900
2021-09-30,34.08211892764276,34.08211892764276,33.48944091796875,33.48944091796875,80100
2021-10-01,33.61554108604101,34.00330707489439,33.3463164732181,33.9307975769043,89400
2021-10-04,33.851974880764665,33.924484364254724,33.25772398246145,33.40431594848633,132600
2021-10-05,33.57139593863801,33.940242521087875,33.489430432293105,33.77946472167969,93600
2021-10-06,33.58087198708871,33.930803068630944,33.372803102378434,33.91819381713867,66000
2021-10-07,34.2082109308938,34.44749077397438,34.201908111572266,34.201908111572266,53700
2021-10-08,34.337469433196176,34.337469433196176,34.09440860591782,34.12624740600586,35400
2021-10-11,34.10103580965138,34.31540748615141,33.92134227574073,33.92449188232422,110100
2021-10-12,33.97493330250834,33.97493330250834,33.75110558530499,33.829917907714844,55800
2021-10-13,33.83621751648807,33.94340153180173,33.67512220355981,33.904624938964844,34500
2021-10-14,34.15778103187626,34.4950991889263,34.15778103187626,34.4730339050293,49500
2021-10-15,34.6117473369839,34.76779536647343,34.6117473369839,34.76306915283203,41400
2021-10-18,34.67794328441005,34.89231491088867,34.67794328441005,34.89231491088867,56700
2021-10-19,35.06885763772424,35.13821029663086,34.97743248403582,35.13821029663086,72600
2021-10-20,35.188663542510106,35.29269436150781,35.17289747075633,35.26116943359375,61800
2021-10-21,35.24539629108504,35.37149957233161,35.17604002756877,35.35888671875,43500
2021-10-22,35.387275434550645,35.412493935674156,35.19181581575688,35.31476593017578,80400
2021-10-25,35.47553882754295,35.52251233807797,35.330523446901225,35.472389221191406,48300
2021-10-26,35.65838614879711,35.72774242299156,35.5228268142891,35.54710006713867,49500
2021-10-27,35.50706267169636,35.621815851732435,35.37465654388412,35.390419006347656,78300
2021-10-28,35.44086148627951,35.74665832519531,35.44086148627951,35.74665832519531,64500
2021-10-29,35.60163422407052,35.806549804579625,35.566324727495946,35.80024337768555,92700
2021-11-01,35.916899366169574,35.916899366169574,35.74981507400259,35.88222122192383,120300
2021-11-02,35.95157042114593,36.04110510030158,35.949048571577904,36.0272331237793,93600
2021-11-03,36.03353643188021,36.276283397021345,35.92950562604457,36.260520935058594,81600
2021-11-04,36.38662619243721,36.442114107759224,36.28574858513429,36.42445755004883,58200
2021-11-05,36.5694709236148,36.71448629507913,36.4654365100921,36.565372467041016,63000
2021-11-08,36.67665406972381,36.67665406972381,36.51398575493713,36.57892608642578,77400
2021-11-09,36.623062800738666,36.623062800738666,36.333032044575326,36.44873046875,1110300
2021-11-10,36.29835167367276,36.46228271843446,36.06506074653191,36.147029876708984,62400
2021-11-11,36.21008173418779,36.257369121902975,36.16909716682344,36.1754035949707,45900
2021-11-12,36.25422284242798,36.4622917175293,36.21324187502134,36.4622917175293,82500
2021-11-15,36.57576890336556,36.57576890336556,36.41183787770077,36.49065017700195,128100
2021-11-16,36.47804189122427,36.68295748259906,36.47804189122427,36.588382720947266,42900
2021-11-17,36.66719749131996,36.66719749131996,36.47489113365723,36.537940979003906,113100
2021-11-18,36.65458297729492,36.67980146869176,36.424762788386545,36.65458297729492,83400
2021-11-19,36.69557303479289,36.760199493806205,36.62306354038941,36.6419792175293,71700
2021-11-22,36.82167445358059,36.96353661314231,36.49380874633789,36.49380874633789,231600
2021-11-23,36.525337890489226,36.588391354264274,36.254219180426425,36.550559997558594,76500
2021-11-24,36.446521971072926,36.61991266568601,36.28889373889772,36.615814208984375,143400
2021-11-26,36.20062061631707,36.20062061631707,35.78132979051699,35.844383239746094,80400
2021-11-29,36.254223538092354,36.37717365826574,36.071376769099516,36.27944564819336,120900
2021-11-30,36.1564879675681,36.17540364423922,35.535752160973956,35.77503204345703,120000
2021-12-01,36.13127095362575,36.24633801761819,35.153980193750364,35.185508728027344,91800
2021-12-02,35.25170868845815,35.8002488549081,35.160283523485035,35.6836051940918,92700
2021-12-03,35.891672159656025,35.916890654192166,35.04679126016224,35.386634826660156,147000
2021-12-06,35.62371023788449,35.926353849029574,35.41879461637651,35.77503204345703,105000
2021-12-07,36.30781093578607,36.537317305095385,36.28574565212688,36.50642013549805,47100
2021-12-08,36.65458839048693,36.65773799652995,36.427603895416,36.62621307373047,60000
2021-12-09,36.60100175245951,36.60100175245951,36.377170427356496,36.3929328918457,84600
2021-12-10,36.670356944965455,36.74601605069637,36.41184748414158,36.72710037231445,73500
2021-12-13,36.75547976320162,36.75547976320162,36.41185151551239,36.41500473022461,111300
2021-12-14,36.225842920135165,36.342486582173926,35.93265535415887,36.140724182128906,78000
2021-12-15,36.25421448441655,36.76808012435022,35.98624902342159,36.76492691040039,87000
2021-12-16,36.90994952229398,36.90994952229398,36.32042112072983,36.39608383178711,54300
2021-12-17,36.22899525385876,36.41184197348249,35.94841694275328,36.05875778198242,55800
2021-12-20,35.751087568258455,35.751087568258455,35.36530443335262,35.64357376098633,108900
2021-12-21,36.0356836107072,36.27284368459684,35.766902676135686,36.26335525512695,91200
2021-12-22,36.33291159086237,36.65544933840629,36.266821913166055,36.652286529541016,129600
2021-12-23,36.83252636567734,36.98430860542159,36.73639725196192,36.889442443847656,111900
2021-12-27,37.060199946466994,37.3795748672543,37.05988511310788,37.373252868652344,109200
2021-12-28,37.53769210491788,37.53769210491788,37.328990104686625,37.36061096191406,62400
2021-12-29,37.395390200169324,37.47760876175432,37.31317525735905,37.41752624511719,63300
2021-12-30,37.4618065627931,37.52821109344647,37.294210212485225,37.31002426147461,78300
2021-12-31,37.38274502085737,37.38274502085737,37.20566750604858,37.21831512451172,95700
2022-01-03,37.39855618095349,37.430180655893025,37.20566823459498,37.39539337158203,155100
2022-01-04,37.6262256421686,37.6262256421686,37.24993099771541,37.38274002075195,89100
2022-01-05,37.3131789179914,37.37895377371228,36.611187216744135,36.661781311035156,135900
2022-01-06,36.66809968027829,36.75664024121422,36.38761930849339,36.6080207824707,83700
2022-01-07,36.614342697820945,36.661773973205115,36.336073425528205,36.44990921020508,555600
2022-01-10,36.28549027506042,36.38035285441315,35.69448634549721,36.348731994628906,111000
2022-01-11,36.45623939307446,36.68075180053711,36.14129018454641,36.68075180053711,997800
2022-01-12,36.908420903681254,36.94953018264813,36.69086741486689,36.775611877441406,117000
2022-01-13,36.99063660096655,36.99063660096655,36.219077661867345,36.247535705566406,77100
2022-01-14,36.03251428072756,36.28548473918262,35.90919005136357,36.28232192993164,67800
2022-01-18,36.048327355890514,36.048327355890514,35.538590306685,35.61195373535156,202500
2022-01-19,35.82697455162689,35.845947788064976,35.21668265150526,35.241981506347656,129300
2022-01-20,35.39691330430012,35.770048693997296,34.83089365001188,34.86251449584961,132300
2022-01-21,34.7834633508719,34.91943516302876,34.1731716003794,34.201629638671875,235500
2022-01-24,33.6767271394752,34.3059923369665,32.860895987514866,34.277530670166016,351000
2022-01-25,33.809542120994145,34.245915821567614,33.366842800293945,33.793731689453125,107700
2022-01-26,34.26487852014547,34.53998501059733,33.521777610036224,33.78739929199219,456600
2022-01-27,34.2237723102142,34.37112519497534,33.46486098558239,33.58185958862305,386100
2022-01-28,33.58819095818096,34.42931745862068,33.33838325598655,34.404022216796875,110400
2022-01-31,34.4704302681749,35.09336999166627,34.35026881030879,35.058589935302734,139800
2022-02-01,35.14711789501567,35.32103622610715,34.81509528000021,35.30206298828125,123300
2022-02-02,35.58981643265321,35.678357001186924,35.34538265482274,35.64673614501953,260700
2022-02-03,35.21352260093522,35.245143457884275,34.69809684262551,34.75185012817383,138900
2022-02-04,34.846714071007796,35.19770990304148,34.60639123116,34.95106506347656,119700
2022-02-07,35.039608533468694,35.08071420074996,34.70126029159319,34.77398681640625,165600
2022-02-08,34.82142438358196,35.17558308129885,34.669638465784985,35.121826171875,225600
2022-02-09,35.523414012630816,35.64167920621585,35.43803624841762,35.605628967285156,70200
2022-02-10,35.24514419322656,35.526576339740025,34.840391425793904,34.982688903808594,155100
2022-02-11,35.03644246177427,35.08071093444199,34.138396440141086,34.27436828613281,72600
2022-02-14,34.274371844663264,34.328128750553475,33.88858869358065,34.14472198486328,163200
2022-02-15,34.47991086021723,34.736044150167345,34.47991086021723,34.72023010253906,110400
2022-02-16,34.62536733849672,34.840391340978066,34.38694433569487,34.77398681640625,83700
2022-02-17,34.41982720874904,34.53366301651959,33.96764316831389,34.023929595947266,96300
2022-02-18,34.17002109022654,34.17002109022654,33.619808026716235,33.752620697021484,198600
2022-02-22,33.521779527922995,33.82218127073394,33.159717479424245,33.40794372558594,195600
2022-02-23,33.727318158234205,33.727318158234205,32.77551523444981,32.785003662109375,853500
2022-02-24,31.975490533077846,33.32572024408862,31.8584883326576,33.30990982055664,240300
2022-02-25,33.37948661843441,34.04290216620277,33.287783240866595,34.0277214050293,189300
2022-02-28,33.78423995712356,34.037210428733104,33.490160200663375,33.94550704956055,146700
2022-03-01,33.94234914684221,33.94234914684221,33.18027481243288,33.363677978515625,211200
2022-03-02,33.46802436605476,34.109940786788705,33.46802436605476,33.97080612182617,108600
2022-03-03,34.29017653484302,34.29017653484302,33.67039624422288,33.81901931762695,91200
2022-03-04,33.645107172832994,33.645107172832994,33.205570727680595,33.501861572265625,70200
2022-03-07,33.50279925824655,33.50279925824655,32.468781588908165,32.487754821777344,220800
2022-03-08,32.53519101119811,33.028484284019584,32.10198025467092,32.19368362426758,207600
2022-03-09,32.87986913090763,33.24983822926964,32.8640587021864,33.1043815612793,265800
2022-03-10,32.86089497697797,33.00319245027891,32.551004792637066,32.92729949951172,246600
2022-03-11,33.117025228240486,33.20240298065602,32.478275299072266,32.478275299072266,131700
2022-03-14,32.67748018054843,32.873530868800955,32.22308161343743,32.301185607910156,137100
2022-03-15,32.63006059804259,33.08857025636718,32.49408874337547,33.03165054321289,91500
2022-03-16,33.43323894711023,33.82218125546324,33.04651132900101,33.800048828125,176400
2022-03-17,33.746290879420606,34.1984748840332,33.63688084224357,34.1984748840332,83400
2022-03-18,34.217445425242886,34.656981777325164,34.08147359177392,34.63484573364258,128400
2022-03-21,34.64499843736249,34.71475172904031,34.315259562283785,34.527687072753906,86700
2022-03-22,34.597447426597135,35.041330121454806,34.597447426597135,34.962066650390625,80100
2022-03-23,34.84157044778494,34.866933297282486,34.51182800518287,34.52450942993164,99600
2022-03-24,34.67670536026617,35.02863943290589,34.59426701801081,35.02229690551758,108900
2022-03-25,35.17449194431876,35.214441166582326,34.88596857404334,35.18400573730469,76200
2022-03-28,35.215699705330536,35.4661750793457,35.0349739816854,35.4661750793457,90600
2022-03-29,35.70714734731853,35.976646725938984,35.65197678895458,35.910064697265625,74700
2022-03-30,35.808606929954685,35.90689434349258,35.55812787165035,35.68178176879883,79800
2022-03-31,35.738850716626786,35.738850716626786,35.149122655116756,35.199851989746094,79200
2022-04-01,35.39009268392426,35.39009268392426,34.96840163116524,35.2347297668457,92400
2022-04-04,35.272767708284135,35.54227066040039,35.2156994830282,35.54227066040039,54000
2022-04-05,35.49471197541556,35.5904630895988,35.034976728897746,35.1110725402832,75600
2022-04-06,34.83840584801906,34.91450166796195,34.546711252318666,34.76231002807617,63600
2022-04-07,34.76230705691341,35.04766272886125,34.52039116555353,34.892303466796875,65100
2022-04-08,34.91132160802592,34.994391284872904,34.67035641018335,34.75596237182617,52800
2022-04-11,34.59742892662483,34.59742892662483,34.163060257630384,34.20744705200195,45900
2022-04-12,34.40086900336135,34.61012527098357,33.9252809693446,34.03942108154297,86100
2022-04-13,34.09331750156074,34.46427554199443,34.06795101949306,34.43574142456055,78600
2022-04-14,34.4928050116889,34.4928050116889,33.98551172317352,34.00453567504883,149400
2022-04-18,33.903088614534504,34.11234852829631,33.82065388050838,33.97601318359375,131400
2022-04-19,34.04258510558264,34.59743648444702,34.04258510558264,34.54670715332031,63900
2022-04-20,34.73377700528387,34.73377700528387,34.4801303115552,34.53403091430664,92100
2022-04-21,34.892303190899064,34.95412831749326,33.99344226533582,34.0362434387207,155400
2022-04-22,34.026735931908604,34.026735931908604,33.07238870404154,33.11677551269531,123300
2022-04-25,33.01214447337928,33.33871203488694,32.59679605039111,33.335540771484375,115500
2022-04-26,33.177015432831226,33.177015432831226,32.37168502807617,32.37168502807617,160200
2022-04-27,32.50802542209063,32.844106842088436,32.27498831292498,32.397056579589844,127200
2022-04-28,32.86630091635281,33.31810805917316,32.527048244133404,33.21823501586914,155100
2022-04-29,32.95506541426116,33.05969531298917,31.94681795104686,31.988037109375,157200
2022-05-02,31.950003595510225,32.26642971860623,31.449049086892753,32.16877365112305,324300
2022-05-03,32.2638830054398,32.457290164097365,32.129133335607605,32.298763275146484,117000
2022-05-04,32.40338691708003,33.28480940988291,32.090132149785646,33.24676513671875,111300
2022-05-05,32.96458442063939,32.96458442063939,31.731227772320537,32.051456451416016,220500
2022-05-06,31.8834123527996,32.1009160170002,31.41733462741871,31.82000160217285,144600
2022-05-09,31.38880556635747,31.407829520296318,30.754687072705895,30.894193649291992,295200
2022-05-10,31.296855011829155,31.388803511773652,30.659568924608777,30.932239532470703,201600
2022-05-11,30.75468737571353,31.210300735960484,30.34885451110562,30.390071868896484,207900
2022-05-12,30.120565702588546,30.631030199620486,29.804139688310702,30.355188369750977,492900
2022-05-13,30.678593651537064,31.156402205748186,30.678593651537064,31.052722930908203,174300
2022-05-16,30.989309657685567,31.20807965875701,30.771171006525165,30.903703689575195,243300
2022-05-17,31.458550361369284,31.560009002685547,31.131979225742807,31.560009002685547,138600
2022-05-18,31.135156317545132,31.138327581013822,30.20617387162921,30.279096603393555,202500
2022-05-19,30.133256439275208,30.39958456231687,29.943020510624645,30.101551055908203,219900
2022-05-20,30.396411319090983,30.396411319090983,29.419870756618966,30.082523345947266,560400
2022-05-23,30.383723962539786,30.691271180981133,30.168125234689786,30.63420295715332,299100
2022-05-24,30.25690350789229,30.475675333846528,29.907505741824018,30.367874145507812,161100
2022-05-25,30.326655516455965,30.808584137551527,30.282266900430663,30.67224884033203,108000
2022-05-26,30.703961193485526,31.40149052646116,30.703961193485526,31.27149772644043,141600
2022-05-27,31.4236780682099,32.06730663976317,31.4236780682099,32.057796478271484,107700
2022-05-31,32.03243374430216,32.11803972152423,31.673206492027482,31.892927169799805,136800
2022-06-01,32.064135796690564,32.14023160341229,31.398312001666614,31.623424530029297,129000
2022-06-02,31.636112288526633,32.241696714839925,31.417342243075748,32.21950149536133,94500
2022-06-03,31.911955263188577,31.94049301159672,31.604407958029746,31.670989990234375,120000
2022-06-06,32.051458837636744,32.137064817902775,31.715377444165767,31.772445678710938,63000
2022-06-07,31.572692196814813,32.060965110430416,31.55683950999784,32.045108795166016,109800
2022-06-08,31.972195747124324,32.01975381926676,31.667816102826407,31.686840057373047,56100
2022-06-09,31.636105631642447,31.732491717332636,30.94491899374117,30.951261520385742,120300
2022-06-10,30.507380838965748,30.507380838965748,30.028621644897864,30.03813362121582,480000
2022-06-13,29.261338166392175,29.375480064128602,28.79526222789761,28.89672088623047,301500
2022-06-14,29.04257449697153,29.086645633977078,28.559695111214587,28.773075103759766,160800
2022-06-15,29.014032183003497,29.591080569054196,28.70014423255073,29.23597526550293,270900
2022-06-16,28.696978608681228,28.696978608681228,28.11041998268591,28.313337326049805,248700
2022-06-17,28.253093642901124,28.66780710785783,28.142123003279938,28.436988830566406,214800
2022-06-21,28.80774539600528,29.205555747013424,28.80774539600528,29.08462142944336,343200
2022-06-22,28.74728189491736,29.41878334829475,28.74728189491736,29.1164493560791,84000
2022-06-23,29.339218713913265,29.466517514958497,29.043886588103746,29.450605392456055,99900
2022-06-24,29.733848540610698,30.37034260219866,29.68356637473253,30.34170150756836,330900
2022-06-27,30.408532249471907,30.424444372908795,30.150751479332403,30.223949432373047,119100
2022-06-28,30.325785200674066,30.539012743352657,29.568356871121058,29.590635299682617,147600
2022-06-29,29.638372816019526,29.67338021566485,29.431513392241428,29.577905654907227,859800
2022-06-30,29.269211842434967,29.606553280292125,28.963692835192735,29.355138778686523,225600
2022-07-01,29.34240724471389,29.686113160017747,29.09417408192298,29.647924423217773,162600
2022-07-05,29.32967069258011,29.7465763092041,29.033701211649383,29.7465763092041,99000
2022-07-06,29.861148023858462,30.071192434671225,29.609731725741153,29.8802433013916,219900
2022-07-07,30.058459879429105,30.349656471137457,30.036181449938645,30.32260513305664,75900
2022-07-08,30.106196172839372,30.424444101818857,30.055276649884718,30.28759765625,162600
2022-07-11,30.13165874529523,30.13484189866152,29.895200346290952,29.931163787841797,78900
2022-07-12,29.85159890488487,30.038729337584087,29.58077048415789,29.68610954284668,73200
2022-07-13,29.313763442593487,29.727485975114117,29.27875786034304,29.53017234802246,100800
2022-07-14,29.211919912868034,29.49611464554126,28.950639146485518,29.450605392456055,95700
2022-07-15,29.74976087682671,30.017089295114328,29.74976087682671,30.00754165649414,110100
2022-07-18,30.293965632721328,30.29714878615752,29.663836008279027,29.740215301513672,133800
2022-07-19,30.013905419242924,30.574022004977234,30.013905419242924,30.535831451416016,97200
2022-07-20,30.548557223874617,30.854072497039656,30.472177950326977,30.749053955078125,112200
2022-07-21,30.745873460847505,31.067302703857422,30.56447016657706,31.067302703857422,71700
2022-07-22,31.137319216641764,31.165960310137283,30.62175768141301,30.793611526489258,76200
2022-07-25,30.889085542458393,30.889085542458393,30.61857579345252,30.7840633392334,71400
2022-07-26,30.682224039585293,30.682224039585293,30.354430282862552,30.440357208251953,78300
2022-07-27,30.752243191901385,31.349594383425213,30.70132366009823,31.2296142578125,57900
2022-07-28,31.302814011475967,31.656067600659497,31.01639208397439,31.598785400390625,95400
2022-07-29,31.72607854677859,32.10479367815585,31.67515901827627,31.97113037109375,616200
2022-08-01,31.917021090410366,32.13979443680668,31.805632596186598,31.955211639404297,126600
2022-08-02,31.850193005445654,32.107973776848375,31.665610187442272,31.748353958129883,117600
2022-08-03,31.936120095237506,32.37211738068315,31.929753788977827,32.29255676269531,153600
2022-08-04,32.372121628461414,32.372121628461414,32.162080841002236,32.298927307128906,81300
2022-08-05,31.996585953981988,32.25754988407498,31.974311165816122,32.23527145385742,50100
2022-08-08,32.384850383656,32.54620421737602,32.10479478823579,32.193904876708984,70200
2022-08-09,32.101612370962954,32.141394506848705,31.9545827247387,32.0379638671875,59100
2022-08-10,32.65218088515561,32.71901254148069,32.538246568816795,32.70628356933594,83400
2022-08-11,32.95132955231438,33.083404921385814,32.64899554234974,32.6680908203125,60900
2022-08-12,32.96088278707467,33.24412155151367,32.78902890778061,33.24412155151367,86700
2022-08-15,33.20592544412773,33.45097724938366,33.17410119654544,33.41596984863281,104400
2022-08-16,33.41279276744089,33.63874933679932,33.264808896675234,33.489173889160156,80700
2022-08-17,33.28549077148483,33.42042514851033,33.12318273315339,33.231388092041016,66600
2022-08-18,33.19319067394893,33.34276606827234,33.11363006889415,33.279117584228516,87300
2022-08-19,33.145454772194654,33.145454772194654,32.79347238620605,32.849483489990234,45600
2022-08-22,32.54397195362211,32.54397195362211,32.05546355681458,32.13661575317383,64800
2022-08-23,32.1843547679508,32.23527429718826,31.980676651000977,31.980676651000977,238500
2022-08-24,32.0061371498764,32.20663210655633,31.97112974708608,32.063419342041016,105000
2022-08-25,32.263906922795464,32.5407829284668,32.16843419631275,32.5407829284668,100200
2022-08-26,32.59488565141481,32.59488565141481,31.42055363187055,31.42691993713379,99900
2022-08-29,31.245520117544746,31.42055711115552,31.08321573587037,31.185054779052734,59400
2022-08-30,31.356909588384266,31.356909588384266,30.707684757527403,30.86362648010254,97200
2022-08-31,30.971828969704017,31.067305354321093,30.640853881835938,30.640853881835938,61200
2022-09-01,30.497642020822717,30.793613358742782,30.2557751831238,30.75860595703125,490800
2022-09-02,30.99728806445947,31.13095135014109,30.341698784602194,30.39579963684082,81600
2022-09-06,30.526287205529144,30.53901799847298,30.11256648178391,30.29078483581543,111300
2022-09-07,30.306693057352625,30.917408655810014,30.306693057352625,30.86362648010254,55500
2022-09-08,30.65676087971403,31.08575807458952,30.609024516412962,31.057750701904297,207900
2022-09-09,31.21051398819203,31.59782432538728,31.21051398819203,31.547855377197266,187200
2022-09-12,31.786536738022587,31.915428927997574,31.72607140493514,31.878829956054688,92400
2022-09-13,31.134137046256637,31.207335000890595,30.44990479742184,30.472183227539062,118500
2022-09-14,30.634492271625753,30.666316524026055,30.29396767206941,30.554931640625,110700
2022-09-15,30.459450665648255,30.67267638979802,30.160298021242184,30.204853057861328,75300
2022-09-16,29.84523523147236,30.047321754600816,29.75294382016274,30.004358291625977,108000
2022-09-19,29.82741913469534,30.22984504699707,29.82741913469534,30.22984504699707,83400
2022-09-20,29.97113811764457,30.05417781749507,29.702853620577066,29.89767837524414,84000
2022-09-21,30.111673258168796,30.245816449688057,29.377086639404297,29.377086639404297,159900
2022-09-22,29.37708671820366,29.37708671820366,29.070476841118378,29.124773025512695,310500
2022-09-23,29.04812114156878,29.04812114156878,28.319921755048316,28.67763328552246,314400
2022-09-26,28.501966845751635,28.84690198756736,28.32790109222763,28.406150817871094,151200
2022-09-27,28.680824715132395,28.83828364601531,28.13148294592632,28.307144165039062,230700
2022-09-28,28.339085458051535,28.984243300123936,28.31353280679139,28.856489181518555,231600
2022-09-29,28.661665119764788,28.661665119764788,28.003730935059927,28.233688354492188,156900
2022-09-30,28.236877566440892,28.473542025103466,27.80890085419973,27.83445167541504,102900
2022-10-03,28.000534698019198,28.63291801997886,28.000534698019198,28.489194869995117,86400
2022-10-04,28.968271113414097,29.34514617919922,28.968271113414097,29.34514617919922,76200
2022-10-05,29.06727904528299,29.402634246088297,28.798996346669803,29.233360290527344,67800
2022-10-06,29.092832088338543,29.313207701191054,28.910781794985226,28.947511672973633,62100
2022-10-07,28.55307116628896,28.55307116628896,27.95294755963318,28.086769104003906,77700
2022-10-10,28.25604294082053,28.25604294082053,27.72905744809694,27.907913208007812,472500
2022-10-11,27.735444289920178,28.115512088826364,27.585333893239184,27.725862503051758,84900
2022-10-12,27.815292145343836,27.844035679288364,27.626852767892522,27.63643455505371,63300
2022-10-13,27.189295764045774,28.447675165982773,26.997663677999707,28.33908462524414,235800
2022-10-14,28.597784984691685,28.597784984691685,27.677955376448928,27.7003116607666,171600
2022-10-17,28.256040723242215,28.511548931633637,28.246458936985178,28.43489646911621,89700
2022-10-18,28.993821632249055,29.111993949433977,28.501968791117534,28.760669708251953,288000
2022-10-19,28.5466861551713,28.74789821649158,28.33269776759589,28.521135330200195,128400
2022-10-20,28.438095623595462,28.80027916173612,28.21771998652516,28.26881980895996,102000
2022-10-21,28.275208705305886,28.98584182026679,28.185460085302093,28.949111938476562,133500
2022-10-24,29.143936483253967,29.38028113901133,28.98104975826094,29.325984954833984,72300
2022-10-25,29.38347585039823,29.808576048431352,29.36111773793977,29.808258056640625,111300
2022-10-26,29.434574669142666,29.96794922625922,29.434574669142666,29.54316520690918,89400
2022-10-27,29.623014910086766,29.760348984732858,29.3419540293068,29.377086639404297,125100
2022-10-28,29.37708699808516,30.12125541301121,29.37708699808516,30.1148681640625,143400
2022-10-31,29.862549482253826,30.003078073353866,29.827415050055393,29.872129440307617,286800
2022-11-01,30.207486250793245,30.207486250793245,29.67762608904177,29.74118423461914,80100
2022-11-02,29.72521775642777,29.997654493242365,28.990631103515625,28.990631103515625,330600
2022-11-03,28.728734451106334,28.853294028766808,28.5051642914233,28.645694732666016,158100
2022-11-04,29.150320049218006,29.150320049218006,28.585007441254927,29.048118591308594,112200
2022-11-07,29.223781202680534,29.37069888943465,29.008835204651092,29.319597244262695,79500
2022-11-08,29.377085525570656,29.731604323769865,29.175873487229257,29.463319778442383,101400
2022-11-09,29.313209994102223,29.393057004984794,28.888427770589853,28.939529418945312,68700
2022-11-10,30.038211906163856,30.551143569074284,29.89448877147709,30.443830490112305,94500
2022-11-11,30.51409511581854,30.889374720758283,30.48982174580189,30.81431770324707,245100
2022-11-14,30.75682412644684,30.95420560599286,30.552419416039974,30.57477569580078,166500
2022-11-15,31.0251150304623,31.156061845959645,30.657821749908923,30.790685653686523,62400
2022-11-16,30.622684974816977,30.78557350232979,30.552421593045572,30.577972412109375,149700
2022-11-17,30.26817130356896,30.565199378714134,30.18512976201932,30.494935989379883,98100
2022-11-18,30.83987525128457,30.83987525128457,30.44958418082,30.676986694335938,59700
2022-11-21,30.539650523605427,30.680498958196452,30.466192591486756,30.571590423583984,80100
2022-11-22,30.76002669704923,30.977211441642982,30.600334504459642,30.95804786682129,129000
2022-11-23,30.974017869575988,31.18161535061775,30.96762879274339,31.149677276611328,657000
2022-11-25,31.245491504757585,31.245491504757585,31.13147135114368,31.133386611938477,29700
2022-11-28,31.07302685755936,31.07622139599905,30.62588650803844,30.696151733398438,131100
2022-11-29,30.84945371753277,30.84945371753277,30.475773167729923,30.63227081298828,111300
2022-11-30,30.756822606988283,31.58722686767578,30.447020105431267,31.58722686767578,91200
2022-12-01,31.794828865483872,31.794828865483872,31.386015797797544,31.60000228881836,512700
2022-12-02,31.17202937032849,31.61597509242139,31.17202937032849,31.548904418945312,97800
2022-12-05,31.287010324500198,31.34130650737325,30.906944354544738,31.00914764404297,180300
2022-12-06,30.970822939727576,31.462675852351023,30.416689321547437,30.58755874633789,95700
2022-12-07,30.43425140304655,30.796436731739547,30.43425140304655,30.530067443847656,127800
2022-12-08,30.593945152355936,30.820709841233786,30.558812543444187,30.77918815612793,94500
2022-12-09,30.782385171212375,30.884588468074636,30.55242775327229,30.558815002441406,113100
2022-12-12,30.55881361296735,30.996370315551758,30.55881361296735,30.996370315551758,103200
2022-12-13,31.76608925171536,31.84274354770715,31.034697177004055,31.219940185546875,62700
2022-12-14,31.111352242813467,31.469063771111003,30.86542396801224,31.028308868408203,148500
2022-12-15,30.664212599352627,30.664212599352627,30.120618407194694,30.226654052734375,164700
2022-12-16,30.1212579178205,30.1212579178205,29.712444710482714,29.920045852661133,246900
2022-12-19,29.85720527439307,29.988008572577165,29.488197728619028,29.6231689453125,133200
2022-12-20,29.571872340473806,29.75813718706773,29.49172246838376,29.64560890197754,74700
2022-12-21,29.886060152747618,30.179727806568405,29.836687194751246,30.075212478637695,133500
2022-12-22,29.97583035106914,29.97583035106914,29.22787602814634,29.60393714904785,106800
2022-12-23,29.57187334668845,30.026158089541443,29.403558793019364,29.78026008605957,102300
2022-12-27,29.719346495808054,30.286803427322837,29.588543206156878,29.652021408081055,115500
2022-12-28,29.568668043210113,29.820335469663206,29.270511449182784,29.286542892456055,340200
2022-12-29,29.53019451291841,29.896637448150546,29.53019451291841,29.834762573242188,79800
2022-12-30,29.671260764728146,29.94312756898391,29.450049215001187,29.927738189697266,469500
2023-01-03,30.04315312896373,30.04315312896373,29.440430279485494,29.677671432495117,262200
2023-01-04,29.89567778997061,30.05886318327165,29.62926302842904,29.90850257873535,92700
2023-01-05,29.82834806634596,29.82834806634596,29.498134113625987,29.530193328857422,71700
2023-01-06,29.802705021784792,30.275264797256778,29.562257215532217,30.20665740966797,277500
2023-01-09,30.431074809058757,30.653891520410056,30.197040306071354,30.213069915771484,88200
2023-01-10,30.100859384083247,30.408632278442383,30.100859384083247,30.408632278442383,44100
2023-01-11,30.54328362066475,30.812585830688477,30.511224401569685,30.812585830688477,73200
2023-01-12,33.07599566873004,33.07599566873004,30.64266533575235,30.931201934814453,215100
2023-01-13,31.037005679274085,31.061048260399204,30.5849625943872,31.027385711669922,99800
2023-01-17,31.287064788937045,31.287064788937045,30.91196682922417,30.979291915893555,104300
2023-01-18,31.49866167702651,31.49866167702651,30.411838432436863,30.440690994262695,77600
2023-01-19,30.42145192837092,30.4599244532237,30.1521515922853,30.24833106994629,198100
2023-01-20,30.402215913469455,30.815786361694336,30.28680017940659,30.815786361694336,91000
2023-01-23,30.92158447124448,31.339961239967636,30.82540316255852,31.23897361755371,86500
2023-01-24,30.98891348713664,31.258213847763546,30.98891348713664,31.152416229248047,68800
2023-01-25,30.988909597553505,31.282256168820712,30.659014862721268,31.181264877319336,1187900
2023-01-26,31.39286342477746,31.498661041259766,31.133179366759663,31.498661041259766,81800
2023-01-27,31.450573315658175,31.78719877174041,31.398635768450546,31.604459762573242,175600
2023-01-30,31.354393363337884,31.53713604943265,31.19089061150832,31.210126876831055,118500
2023-01-31,31.306298554586444,31.681396484375,31.21012091528642,31.681396484375,81300
2023-02-01,31.614075853730043,32.258477868373234,31.421716879107795,32.04688262939453,170300
2023-02-02,32.34503327919361,32.6720423752716,32.24500692428809,32.5470085144043,270300
2023-02-03,32.248853779078196,32.571056579681006,32.10458731826103,32.220001220703125,86100
2023-02-06,32.066119648024156,32.123828442450964,31.885303161550993,31.998794555664062,43000
2023-02-07,31.92184438668384,32.49892123175188,31.835283043370723,32.393123626708984,46000
2023-02-08,32.220013711392355,32.34504762772575,32.020922175962475,32.05651092529297,53900
2023-02-09,32.220004530747175,32.38350727025872,31.67178385164984,31.767961502075195,74400
2023-02-10,31.71025697910338,31.806434631347656,31.594839393679546,31.806434631347656,62400
2023-02-13,31.873754050556023,32.19114685058594,31.844901493804795,32.19114685058594,146500
2023-02-14,32.16229248046875,32.349841448055415,31.93146467525831,32.16229248046875,57500
2023-02-15,32.0565045849903,32.316184997558594,31.97955952279043,32.316184997558594,65600
2023-02-16,31.902603331454078,32.21037980394406,31.82758449023908,31.844898223876953,159700
2023-02-17,31.787198367110353,31.825670895584963,31.54675056755741,31.806434631347656,192500
2023-02-21,31.537134174951266,31.55637043913065,31.142799931629476,31.152416229248047,289700
2023-02-22,31.152415627591324,31.311112052299613,30.998529186070545,31.113943099975586,76300
2023-02-23,31.383242997676383,31.469804338958525,30.955246273820716,31.28706169128418,97100
2023-02-24,31.00815206466576,31.00815206466576,30.74846614781255,30.950443267822266,71100
2023-02-27,31.229356339525605,31.315917680151202,30.969672317648804,31.046613693237305,56800
2023-02-28,31.104328363608847,31.168769667152283,30.940821947506976,30.960058212280273,162300
2023-03-01,30.98891164392686,30.998527940973457,30.690755070294003,30.767698287963867,65500
2023-03-02,30.604197768774675,31.077399628988402,30.55610893929748,31.00815200805664,185900
2023-03-03,31.20050505085352,31.537134170532227,31.133179960706226,31.537134170532227,69300
2023-03-06,31.67178233772819,31.784312458091033,31.508275937090122,31.56598472595215,222800
2023-03-07,31.479428840746845,31.55637390591758,31.027385755225396,31.056241989135742,451100
2023-03-08,31.037001713686283,31.176461874586703,30.94947909817289,31.113943099975586,537200
2023-03-09,31.085089711713472,31.28706497290927,30.479162093655045,30.536869049072266,201900
2023-03-10,30.469545495937798,30.700375163698403,29.95017736762309,30.02712059020996,185100
2023-03-13,29.68087648335614,30.431072431755226,29.68087648335614,29.988649368286133,155300
2023-03-14,30.363746226742556,30.690755363582205,30.23871418476082,30.594575881958008,203400
2023-03-15,30.26756953161587,30.459928512573242,30.01077108086039,30.459928512573242,111700
2023-03-16,30.286804965452884,31.044696541230092,30.286804965452884,30.892732620239258,80700
2023-03-17,30.960056220923086,30.960056220923086,30.517633166421,30.661901473999023,83900
2023-03-20,30.639709227933118,30.938869918890493,30.639709227933118,30.890615463256836,373700
2023-03-21,31.209076684734324,31.593157554163085,31.05467200063197,31.305578231811523,665300
2023-03-22,31.257328472940884,31.566137851170083,30.78446388244629,30.78446388244629,200200
2023-03-23,31.006421739219885,31.34418084086683,30.65901027392696,30.890615463256836,136200
2023-03-24,30.716909426379846,31.083620071411133,30.61075552147522,31.083620071411133,150800
2023-03-27,31.19942707023342,31.305577296327098,31.06431975454539,31.093273162841797,230100
2023-03-28,31.083616824275442,31.10291786690527,30.880961398608466,31.03536605834961,158700
2023-03-29,31.247672826663273,31.498579010071378,31.247672826663273,31.469629287719727,83900
2023-03-30,31.66263830625851,31.707991892862438,31.510162640386106,31.672286987304688,168900
2023-03-31,31.79774277184571,32.125853155580145,31.743701321439875,32.07760238647461,136600
2023-04-03,32.06795020594235,32.20305383272399,31.990749711194724,32.19340515136719,153400
2023-04-04,32.28026402629804,32.28026402629804,31.91355148431731,32.000404357910156,156400
2023-04-05,32.01969832802056,32.01969832802056,31.788089489200665,31.92319679260254,186200
2023-04-06,31.826692352314254,32.0679498780425,31.768789220872304,32.048648834228516,2124800
2023-04-10,31.826696290733047,32.1065559387207,31.780374516106903,32.1065559387207,254700
2023-04-11,32.203058664141054,32.203058664141054,32.01970424047131,32.067955017089844,138500
2023-04-12,32.260950083825556,32.27059876312439,31.903890049017384,31.95214080810547,108200
2023-04-13,32.06795679975068,32.39606725281401,32.000404972469866,32.376766204833984,220300
2023-04-14,32.318860278968714,32.49256231345443,32.116201156356155,32.309207916259766,254100
2023-04-17,32.3092094048648,32.41536331176758,32.198232997683114,32.41536331176758,531800
2023-04-18,32.5697668179879,32.5697668179879,32.357459011825725,32.45396423339844,95900
2023-04-19,32.30920824168826,32.502215003535895,32.28990719737372,32.45396423339844,54500
2023-04-20,32.18375413359737,32.41246948997547,32.164456770077365,32.270606994628906,84300
2023-04-21,32.32850263734961,32.32850263734961,32.13549591519558,32.29955291748047,85100
2023-04-24,32.27060582801949,32.35745868591123,32.15480324459643,32.309207916259766,237800
2023-04-25,32.19340311018091,32.212704152968485,31.78808857423676,31.797740936279297,210300
2023-04-26,31.903897148342452,31.942495555423754,31.643338573730386,31.662639617919922,128700
2023-04-27,31.903897033630162,32.34491282316826,31.88459598951003,32.309207916259766,137300
2023-04-28,32.27061389575907,32.598724365234375,32.212714430221396,32.598724365234375,101000
2023-05-01,32.56977080480607,32.71452681423561,32.54082107543945,32.54082107543945,122200
2023-05-02,32.53116424289406,32.53116424289406,32.019699460749294,32.251304626464844,143800
2023-05-03,32.29955886939824,32.473264583216334,32.02934793607136,32.07760238647461,1917200
2023-05-04,31.952145597282428,31.961794278027465,31.710888084383946,31.797740936279297,143800
2023-05-05,32.05830811640992,32.46361908009482,32.05830811640992,32.376766204833984,35200
2023-05-08,32.37676502462861,32.42212230166336,32.20305928043891,32.386417388916016,55500
2023-05-09,32.31885894050927,32.32850762152087,32.236828586071475,32.260955810546875,76400
2023-05-10,32.4732664467958,32.54081826367976,32.12585499922232,32.41536331176758,72500
2023-05-11,32.37675988751281,32.39606093172683,32.215600033688425,32.36711120605469,711400
2023-05-12,32.45396140619327,32.47326244882642,32.135499724692586,32.32850646972656,65400
2023-05-15,32.38641359556704,32.453965412473245,32.23200891673886,32.444313049316406,122000
2023-05-16,32.32850762152087,32.41536047581567,32.232006086214476,32.260955810546875,139100
2023-05-17,32.376762873197485,32.66627120050976,32.2706089608801,32.63732147216797,62400
2023-05-18,32.598722475509845,32.98183888755643,32.598722475509845,32.936485290527344,119300
2023-05-19,32.99437312147875,33.05227624454639,32.800401892693884,32.878570556640625,80100
2023-05-22,32.87857569546271,33.004030641068915,32.830324926013475,32.89787673950195,49900
2023-05-23,32.772422284983676,32.85927514381287,32.49256266416763,32.511863708496094,134500
2023-05-24,32.34780984659444,32.39606061601037,32.183752813023,32.251304626464844,77400
2023-05-25,32.57942080976564,32.666273682688725,32.396066380838384,32.560123443603516,46000
2023-05-26,32.60837368650536,33.079307456658945,32.60837368650536,33.00403594970703,33300
2023-05-30,33.22599247743905,33.22599247743905,32.936484132813426,33.03298568725586,79400
2023-05-31,32.90752922789653,32.96543236671299,32.74347585653048,32.86893081665039,59500
2023-06-01,32.84962648633126,33.25493737363218,32.7917233533035,33.18738555908203,47200
2023-06-02,33.399692898906,33.71622192284685,33.29353899715381,33.63129806518555,68500
2023-06-05,33.66990263825916,33.77605654784578,33.534799001075456,33.58304977416992,55100
2023-06-06,33.583046132146215,33.669898986816406,33.520320502055704,33.669898986816406,83800
2023-06-07,33.698844676925304,33.74709912030776,33.47688822629528,33.525142669677734,47300
2023-06-08,33.525151806286324,33.756756999933884,33.46724866722534,33.71815490722656,70300
2023-06-09,33.81465132342838,33.96422979205103,33.66024667415097,33.75674819946289,55600
2023-06-12,33.85325791552365,34.11381280483272,33.8272016903332,34.104164123535156,67800
2023-06-13,34.24892442362613,34.38402806658629,34.2006699671705,34.36472702026367,42500
2023-06-14,34.39367176478569,34.5577287941038,34.113812155612074,34.403324127197266,109800
2023-06-15,34.40332861251695,34.88584371966979,34.40332861251695,34.837589263916016,58700
2023-06-16,35.040244385523806,35.040244385523806,34.68318059667233,34.72178268432617,43900
2023-06-20,34.565901587138946,34.64335826785273,34.372254345083576,34.556217193603516,67300
2023-06-21,34.50780537569712,34.51748976897133,34.295764439968835,34.37225341796875,55800
2023-06-22,34.31415931750128,34.50683886032702,34.28511352370862,34.488441467285156,101900
2023-06-23,34.25607469236222,34.372261584661466,34.19797939945524,34.23670959472656,58400
2023-06-26,34.22701977836882,34.323845251212155,34.07016731393097,34.081787109375,56700
2023-06-27,34.03336783786363,34.50779961065197,34.03336783786363,34.459388732910156,1353000
2023-06-28,34.35288807302732,34.527170215546896,34.333522980134724,34.44002914428711,59800
2023-06-29,34.43035117495851,34.61431403175592,34.43035117495851,34.60463333129883,61600
2023-06-30,34.89510562029634,35.088752889153795,34.84669472646058,35.020973205566406,119800
2023-07-03,35.00161223099657,35.079068923378365,34.96288203804843,35.0597038269043,62900
2023-07-05,34.91447071653353,35.07132319448599,34.88542122542052,35.020973205566406,87000
2023-07-06,34.73049488919076,34.80795525348703,34.55621276303761,34.759544372558594,101300
2023-07-07,34.68208719649469,34.97255620228084,34.58526542573724,34.61431121826172,97500
2023-07-10,34.66272228704782,34.731465966260174,34.57558121549952,34.72081756591797,61900
2023-07-11,34.769228816129356,34.977398950704554,34.73049862980982,34.93383026123047,48500
2023-07-12,35.19525640074125,35.33081207833999,35.15652990065617,35.20494079589844,106600
2023-07-13,35.37922333695147,35.58255131516606,35.35017384469611,35.52445602416992,73700
2023-07-14,35.572861969995486,35.678396736751125,35.495401600821815,35.514766693115234,44900
2023-07-17,35.54381130270031,35.73745852568057,35.534130603632406,35.67936325073242,39600
2023-07-18,35.67936673672583,35.97952014634691,35.59222566254642,35.921424865722656,96600
2023-07-19,35.989196213691756,36.094734667177285,35.9311046340592,36.018245697021484,258300
2023-07-20,35.873010913651676,35.979517072272664,35.67161839024454,35.71809387207031,67200
2023-07-21,35.863330214465044,35.89721820188867,35.71809387207031,35.71809387207031,185100
2023-07-24,35.8342785466133,35.93110400014841,35.78586766660244,35.873008728027344,74000
2023-07-25,35.87301172709078,36.04729386451095,35.86333102768463,35.9698371887207,89500
2023-07-26,35.873009605979284,36.037611034260706,35.814918025949886,35.950469970703125,246500
2023-07-27,36.26998434982048,36.28741403974921,35.64063551404463,35.737457275390625,93100
2023-07-28,36.027928273126456,36.1586417211378,35.950471598409145,36.10538864135742,91400
2023-07-31,36.15379996208446,36.15379996208446,35.99888291726221,36.14411926269531,54800
2023-08-01,36.03761010341826,36.06955899420381,35.96499193674374,36.04729080200195,65700
2023-08-02,35.824605066649156,35.843970161258234,35.4857251447757,35.55350112915039,73900
2023-08-03,35.263025432197516,35.563178833075455,35.263025432197516,35.45667266845703,77500
2023-08-04,35.59222640117001,35.73455965697749,35.22430069678954,35.26302719116211,98600
2023-08-07,35.340487101724186,35.58254523255791,35.340487101724186,35.5728645324707,83800
2023-08-08,35.398577958633894,35.4373044476566,35.16620055693017,35.4276237487793,45700
2023-08-09,35.47604433255993,35.47604433255993,35.09843418334284,35.16621017456055,99600
2023-08-10,35.36953544000736,35.62418108473361,35.09843149589466,35.1758918762207,73800
2023-08-11,35.07906272768405,35.20493398577677,34.98224095592892,35.10810852050781,62900
2023-08-14,35.0693849277233,35.37921905517578,35.040335438983654,35.37921905517578,49300
2023-08-15,35.19525463633629,35.25722442039486,34.88542049010086,34.94351577758789,51200
2023-08-16,34.93382674611013,35.020964116290344,34.67337125556256,34.691768646240234,46700
2023-08-17,34.74018210400838,34.78859298887005,34.34320693852073,34.40129852294922,44900
2023-08-18,34.05272636970028,34.42549785333324,34.05272636970028,34.36256408691406,51100
2023-08-21,34.459396969843866,34.663692621763836,34.304479907931814,34.60463333129883,62000
2023-08-22,34.77890922086124,34.77890922086124,34.48844021295698,34.54653549194336,90100
2023-08-23,34.64336233250979,34.97159387380993,34.64336233250979,34.94351577758789,57200
2023-08-24,35.088746128927845,35.12650491982845,34.4593935497713,34.46907424926758,35600
2023-08-25,34.54653118931086,34.77696948828317,34.35288397698807,34.68208312988281,35100
2023-08-28,34.93382845121077,34.98611013716805,34.74018122316034,34.953189849853516,51600
2023-08-29,34.91446076894398,35.43730344432557,34.74501714852389,35.41794204711914,46400
2023-08-30,35.49540135148219,35.75295005949946,35.340484307736766,35.582542419433594,69400
2023-08-31,35.63095907805016,35.69873506482915,35.49540710449219,35.49540710449219,52800
2023-09-01,35.75682436630453,35.75682436630453,35.09842601048875,35.476036071777344,49400
2023-09-05,35.49540423363107,35.534134421090656,35.379217364766305,35.398582458496094,99400
2023-09-06,35.330805681377896,35.330805681377896,34.95319190242365,35.1468391418457,61800
2023-09-07,34.86604685323885,35.07228156445844,34.85636615445298,35.04032897949219,33400
2023-09-08,35.0403294181748,35.18556575637534,35.001602929033034,35.07905960083008,69700
2023-09-11,35.25334735571252,35.3492014335962,35.12650838805672,35.34048843383789,38200
2023-09-12,35.22429907883056,35.29207505776191,35.06938202791407,35.10810852050781,74100
2023-09-13,35.079063162075066,35.25334530820352,35.06938246218521,35.1468391418457,73700
2023-09-14,35.35984821358165,35.495400160621955,35.24946756133915,35.46635437011719,34300
2023-09-15,35.35984642982904,35.35984642982904,35.0016014887925,35.03064727783203,249000
2023-09-18,34.95877880374955,35.143333392645545,34.94906325910552,35.055912017822266,292800
2023-09-19,34.96848335320486,34.99762257027317,34.765472236122115,34.97819519042969,46000
2023-09-20,35.09476060573961,35.10447244327887,34.63822642812127,34.65765380859375,55900
2023-09-21,34.44395344221358,34.44395344221358,34.07484436035156,34.07484436035156,40600
2023-09-22,34.133123493982225,34.27882698561685,33.97770816542236,34.0068473815918,84500
2023-09-25,33.86115366238653,34.142845153808594,33.841726279661444,34.142845153808594,57000
2023-09-26,33.8514343734635,33.93108552220649,33.56003107561299,33.62802505493164,57600
2023-09-27,33.6765924717621,33.71739256573839,33.33468094042355,33.56003189086914,67400
2023-09-28,33.51146750904427,33.89514997299804,33.51146750904427,33.783443450927734,15300
2023-09-29,34.084567883037984,34.084567883037984,33.65231874538591,33.73488235473633,45500
2023-10-02,33.73487347081618,33.84949242133537,33.530891534822864,33.70573425292969,214800
2023-10-03,33.501751699600106,33.66687887177268,33.1714936498611,33.346336364746094,134400
2023-10-04,33.28805645358446,33.618314525437185,33.25114331743576,33.56974792480469,61500
2023-10-05,33.560032762490565,33.61637328061078,33.3405103911973,33.57946014404297,53600
2023-10-06,33.43375721922185,34.08456154371812,33.336624015156964,33.93885803222656,38000
2023-10-09,33.80286725128748,34.17198006572591,33.72710306199046,34.13312530517578,48100
2023-10-10,34.20112065009501,34.54109426040291,34.20112065009501,34.33710861206055,47400
2023-10-11,34.48280928906167,34.55080326446776,34.25939998338542,34.531375885009766,29700
2023-10-12,34.609087472089065,34.609087472089065,34.15255329101492,34.317684173583984,51100
2023-10-13,34.414811645476156,34.48280561363495,33.99421985595197,34.103981018066406,53300
2023-10-16,34.25940078992683,34.544975493355444,34.25940078992683,34.463382720947266,46800
2023-10-17,34.162258860461776,34.579938203660134,34.162258860461776,34.43423843383789,69500
2023-10-18,34.29825656216042,34.33710761774407,33.86114976464723,33.96799850463867,774200
2023-10-19,33.997140022173,34.15255537120145,33.58917612049614,33.67659378051758,70800
2023-10-20,33.61831469288106,33.7251634380412,33.229774475097656,33.229774475097656,65100
2023-10-23,33.07435788086239,33.502723658599066,32.97722468277933,33.20063400268555,70000
2023-10-24,33.346331327280666,33.521170310359736,33.24919444179973,33.49203109741211,89800
2023-10-25,33.394906580803216,33.394906580803216,32.95002953445017,32.99665451049805,108000
2023-10-26,32.918937898841726,32.96750449103495,32.520685914227755,32.5789680480957,89800
2023-10-27,32.73438153098931,32.76837851415776,32.365268781308096,32.45269012451172,118500
2023-10-30,32.695533862617125,32.98693716798067,32.61782804370407,32.87037658691406,102000
2023-10-31,32.93836812703578,33.09378345873864,32.76449622886862,33.07435607910156,62000
2023-11-01,33.17149495326739,33.50175301598322,33.1326401916787,33.46289825439453,104700
2023-11-02,33.73487871837612,34.084564208984375,33.73487871837612,34.084564208984375,89500
2023-11-03,34.239971672857834,34.53137494601619,34.239971672857834,34.42452621459961,107100
2023-11-06,34.47310714322922,34.50807495392637,34.36625837886946,34.492530822753906,967200
2023-11-07,34.52167220600403,34.67708757300134,34.43425083048088,34.62852096557617,58100
2023-11-08,34.7062178453471,34.71593338756319,34.51194776035572,34.686790466308594,55200
2023-11-09,34.754790684885656,34.754790684885656,34.374024362418254,34.39539337158203,65500
2023-11-10,34.521670169460414,34.94906147714119,34.08067635889264,34.92963409423828,68900
2023-11-13,34.86164266786318,34.96849142898155,34.75868086576871,34.90049743652344,68500
2023-11-14,35.36673872304007,35.68631044402892,35.36673872304007,35.57072067260742,106000
2023-11-15,35.70671546224667,35.784425003823415,35.59307100105275,35.63872146606445,52500
2023-11-16,35.62899786724642,35.76498581473005,35.58043127248707,35.7164192199707,49900
2023-11-17,35.794125906123924,35.794125906123924,35.65813795531367,35.73584747314453,63300
2023-11-20,35.72613752201884,36.09525037869573,35.72613752201884,36.03696823120117,89300
2023-11-21,35.968966179848266,35.97479476383022,35.85240561638981,35.93982696533203,80900
2023-11-22,36.11467399620078,36.28951671506259,36.02725263676987,36.124385833740234,71000
2023-11-24,36.12438877731957,36.12438877731957,36.07096440301442,36.10496139526367,31900
2023-11-27,36.08552845128539,36.148664647707015,36.0466736971521,36.06610107421875,65400
2023-11-28,36.02725557243435,36.18267092348725,35.98451755514793,36.10496139526367,35800
2023-11-29,36.27008631700891,36.36236544022913,36.046677018249014,36.05638885498047,44100
2023-11-30,36.17295668569108,36.24095066567932,35.97965739664219,36.22152328491211,73600
2023-12-01,36.12438811463142,36.44104739608442,36.11467627647876,36.435218811035156,158400
2023-12-04,36.19238074220678,36.250662885122196,36.04668094300931,36.23123550415039,102500
2023-12-05,36.12438697899747,36.31865708449112,36.12438697899747,36.23512268066406,123300
2023-12-06,36.36722549492686,36.45464686148126,36.08553771860203,36.10496139526367,60900
2023-12-07,36.231234746319565,36.435216684165866,36.231234746319565,36.38665008544922,620800
2023-12-08,36.32837089574771,36.59063126445749,36.32837089574771,36.54206466674805,193500
2023-12-11,36.47407335151156,36.69748268159916,36.47407335151156,36.68777084350586,64000
2023-12-12,36.668337228884546,36.891746520996094,36.61977063588526,36.891746520996094,73500
2023-12-13,36.92089280516231,37.396854400634766,36.88204174655998,37.396854400634766,49100
2023-12-14,37.57169543611129,37.62026203621614,37.2657225205961,37.44541931152344,68200
2023-12-15,37.37742739927599,37.50370353085369,37.348288178678935,37.40656661987305,60800
2023-12-18,37.55859285473858,37.6950272073802,37.50986683130332,37.60731887817383,103000
2023-12-19,37.69502090089711,37.83145523071289,37.6657860352385,37.83145523071289,67900
2023-12-20,37.80222708821762,37.91917028920722,37.28572082519531,37.28572082519531,89000
2023-12-21,37.519604977010154,37.8382776583712,37.37342321085625,37.66578674316406,82400
2023-12-22,37.73401073857131,37.88798453152016,37.58782894596097,37.753501892089844,79300
2023-12-26,37.81196992923807,37.97764286789277,37.79247877659885,37.88993453979492,46500
2023-12-27,37.928917994204284,37.9776477408335,37.87044824634159,37.95815658569336,68000
2023-12-28,37.95814861788299,38.0672960897104,37.95814861788299,37.985435485839844,43600
2023-12-29,37.98739318788009,38.038070937061605,37.753506750673075,37.82172393798828,222100
2024-01-02,37.646297454833984,37.74374949205123,37.495241964323256,37.646297454833984,190900
2024-01-03,37.51960915678665,37.51960915678665,37.30521020055815,37.34419250488281,135700
2024-01-04,37.324705899865414,37.52935744616619,37.217506408691406,37.217506408691406,106200
2024-01-05,37.25648595433724,37.46795920316242,37.192168494938024,37.28572082519531,73500
2024-01-08,37.353940853666884,37.88993453979492,37.353940853666884,37.88993453979492,69500
2024-01-09,37.68528265641451,37.889937918597596,37.6073217564628,37.80320358276367,42500
2024-01-10,37.86069425626584,38.09458435990316,37.811968235628875,38.0263671875,79100
2024-01-11,38.14330716570997,38.14330716570997,37.72425673194817,38.00784683227539,86900
2024-01-12,38.06535144329319,38.18229464233099,37.93866080909383,38.045860290527344,50100
2024-01-16,37.928916931152344,38.04586385871545,37.77981313018912,37.928916931152344,87900
2024-01-17,37.6755314325134,37.74277460057423,37.519605946114936,37.69502258300781,66300
2024-01-18,37.870441778302805,38.075093295984466,37.74375115030874,38.06534957885742,66800
2024-01-19,38.14331402705592,38.54287338256836,38.1043317197968,38.54287338256836,57100
2024-01-22,38.67930789565115,38.82451568962905,38.58477784482498,38.65981674194336,91300
2024-01-23,38.718290370865944,38.7377815246582,38.581856011877605,38.7377815246582,71400
2024-01-24,38.97166830303135,39.04962919394226,38.75239562988281,38.75239562988281,145000
2024-01-25,38.93269542763522,38.98142146094979,38.7572787336563,38.952186584472656,940500
2024-01-26,38.90345072254004,39.027219363137974,38.84498097877035,38.88493728637695,51400
2024-01-29,38.94243094612647,39.23479080200195,38.88396120548573,39.23479080200195,1142600
2024-01-30,39.16657638549805,39.215306129541354,39.11102864095311,39.16657638549805,185400
2024-01-31,39.00090619896948,39.02039735259905,38.5331296645323,38.54287338256836,932700
2024-02-01,38.689050345327985,39.06911849975586,38.620833174920776,39.06911849975586,183900
2024-02-02,39.088613147028134,39.585624535527096,39.05937827639799,39.46868133544922,124800
2024-02-05,39.400468704821854,39.44919473401303,39.15098712299609,39.34199523925781,72200
2024-02-06,39.41995053033323,39.4394416809082,39.27376875979941,39.4394416809082,105700
2024-02-07,39.64409946008745,39.79028125375749,39.55639112739692,39.770790100097656,58800
2024-02-08,39.77078662508744,39.79027777704422,39.69282201726033,39.743499755859375,47200
2024-02-09,39.84874944861355,40.043657260080124,39.79027970746369,40.024166107177734,131200
2024-02-12,40.03391590636662,40.19081542130469,39.95595129015335,39.980316162109375,143300
2024-02-13,39.41995053033323,39.5661285833102,39.18119044151439,39.4394416809082,155500
2024-02-14,39.66358777694075,39.80976584259845,39.48817112410578,39.80002212524414,129600
2024-02-15,39.86823972145686,40.033912658691406,39.800022546582994,40.033912658691406,57800
2024-02-16,40.03391998884759,40.08264602017099,39.800029833914216,39.839012145996094,70300
2024-02-20,39.65383618523512,39.72205335223581,39.439440967900154,39.60511016845703,88500
2024-02-21,39.50766963020739,39.64410400390625,39.35174410061471,39.64410400390625,61300
2024-02-22,40.2190746489017,40.54066938373704,40.11187516477081,40.491943359375,132200
2024-02-23,40.66735823590929,40.69659310573169,40.47732414694931,40.5504150390625,117000
2024-02-26,40.57966009052476,40.585507809467906,40.36526107788086,40.36526107788086,82300
2024-02-27,40.43347264912543,40.46270751953125,40.28729086198177,40.46270751953125,58700
2024-02-28,40.32627202739341,40.423724071029014,40.29703344025699,40.355506896972656,75100
2024-02-29,40.52118494706459,40.65761931239893,40.306785962934846,40.579654693603516,44800
2024-03-01,40.618631820634654,40.93048282091323,40.56990579888309,40.91099166870117,55000
2024-03-04,40.87201122727061,41.02793673451716,40.842776356398545,40.891502380371094,70000
2024-03-05,40.76481481143475,40.76481481143475,40.28729086198177,40.46270751953125,57600
2024-03-06,40.73557361857626,40.82522994162959,40.569904406794194,40.647865295410156,132700
2024-03-07,40.88175802500596,41.144883011422806,40.88175802500596,41.05717468261719,27100
2024-03-08,41.232591909369326,41.320300239385595,40.76481538846833,40.813541412353516,49400
2024-03-11,40.72583201770169,40.79404919286912,40.5601590797542,40.7843017578125,44600
2024-03-12,40.9207415364674,41.26182742656424,40.75506859159367,41.24233627319336,82400
2024-03-13,41.222848786480704,41.23357022293341,41.06692326320195,41.125396728515625,80700
2024-03-14,41.23258938073499,41.23258938073499,40.79599575746758,41.037681579589844,307600
2024-03-15,40.803791939420705,40.88175654778954,40.63909672294367,40.75506591796875,42800
2024-03-18,41.06486538508357,41.2114535752464,40.97202358838931,41.0160026550293,70400
2024-03-19,40.976903149003874,41.24076631445687,40.86940292663562,41.23001480102539,169800
2024-03-20,41.27008934619131,41.64145278930664,41.096134008314,41.64145278930664,45700
2024-03-21,41.885774114515414,41.915091008482904,41.75384063568666,41.75872802734375,84500
2024-03-22,41.719632137589365,41.79488155836543,41.67076940991476,41.69031524658203,48800
2024-03-25,41.582812589680515,41.631675314512364,41.53394986484867,41.56326675415039,67400
2024-03-26,41.68054613969526,41.68054613969526,41.426453979135836,41.465545654296875,39400
2024-03-27,41.71963074424398,41.817359924316406,41.53395089408692,41.817359924316406,30300
2024-03-28,41.81735831037706,41.89553792343062,41.79781247511694,41.82712936401367,50400
2024-04-01,41.875998658856325,41.91509033551036,41.63168127174984,41.73918151855469,133800
2024-04-02,41.38736477392203,41.426456451416016,41.24077657530093,41.426456451416016,97900
2024-04-03,41.348280352674,41.591617305067295,41.343392960573325,41.47532272338867,141700
2024-04-04,41.77827127576764,41.81247555927158,40.947593688964844,40.947593688964844,92200
2024-04-05,41.06486205847454,41.52417988534816,41.04531622243874,41.36781692504883,114500
2024-04-08,41.45576283222159,41.52417511448025,41.33165070204038,41.39712905883789,40700
2024-04-09,41.56326823460385,41.56326823460385,41.05899833512046,41.43622589111328,31700
2024-04-10,40.967136867038626,41.172366301403024,40.8694114053317,41.03554916381836,60000
2024-04-11,41.14304252545239,41.44599739829166,40.869408271266664,41.338497161865234,80200
2024-04-12,41.06486821152882,41.083437317743225,40.64366526101109,40.76191329956055,44100
2024-04-15,41.123501543488715,41.123501543488715,40.18532000860501,40.24395751953125,83700
2024-04-16,40.263500662713575,40.40031778440062,40.09736292353148,40.165771484375,47200
2024-04-17,40.341683853841786,40.37100447393623,39.85695976146548,39.93123245239258,176300
2024-04-18,40.06805301933422,40.208780823883544,39.81396456733105,39.86282730102539,132000
2024-04-19,39.81395779514479,39.84327468477719,39.392751185897914,39.55009460449219,60300
2024-04-22,39.74554998717856,40.01625406446534,39.52077844268505,39.853050231933594,56300
2024-04-23,40.04850394268604,40.35927642128051,40.00941226769574,40.331912994384766,129900
2024-04-24,40.43941323661444,40.44918429136836,40.1462331301618,40.331912994384766,95900
2024-04-25,39.84328150566024,40.20487020898023,39.67714373733205,40.146236419677734,101500
2024-04-26,40.41008754688875,40.66026901625891,40.41008754688875,40.57622528076172,29700
2024-04-29,40.673954010009766,40.73454498513648,40.46286419369278,40.673954010009766,42300
2024-04-30,40.57623484617712,40.63291517157312,40.06805419921875,40.06805419921875,61400
2024-05-01,39.99964322221806,40.50684710593144,39.90680142144926,39.94100570678711,66500
2024-05-02,40.26350442714539,40.37784552609901,39.91168680820729,40.331912994384766,90100
2024-05-03,40.8498627596264,40.888954432817215,40.62997862190558,40.840091705322266,75500
2024-05-06,41.04532207175462,41.26032257080078,41.00623039411212,41.26032257080078,83000
2024-05-07,41.31895379659335,41.406908201840075,41.270091066564575,41.299407958984375,32400
2024-05-08,41.172367885228404,41.343389313788116,41.158686170943625,41.30918502807617,57700
2024-05-09,41.338501578638464,41.52418518066406,41.27009300778298,41.52418518066406,33900
2024-05-10,41.68054540715618,41.739179190879916,41.53395349187231,41.61213684082031,40900
2024-05-13,41.74895397349205,41.74895397349205,41.57304516634631,41.61213684082031,32400
2024-05-14,41.66099696418756,41.840812690741565,41.59063120893801,41.817359924316406,62800
2024-05-15,42.032360808235126,42.3353157043457,42.01281869828112,42.3353157043457,63300
2024-05-16,42.36463314607869,42.4525875539607,42.23759078979492,42.23759078979492,73700
2024-05-17,42.30599908513817,42.30599908513817,42.18090646710137,42.28645324707031,301500
2024-05-20,42.315766725456335,42.47017622414094,42.296220888965756,42.3548583984375,150900
2024-05-21,42.31576998968456,42.47213296568389,42.305998934679096,42.45258712768555,48400
2024-05-22,42.40372561577048,42.48190897001159,42.20338729450581,42.37440872192383,44200
2024-05-23,42.64803936296318,42.64803936296318,41.9786121573943,42.04213333129883,46000
2024-05-24,42.07145248411792,42.3939532181699,42.07145248411792,42.3353157043457,101400
2024-05-28,42.44281443193046,42.44281443193046,42.15940538389161,42.29719924926758,45600
2024-05-29,42.003041657517336,42.15940462465611,42.003041657517336,42.04213333129883,25400
2024-05-30,41.95418556638789,41.977638337574675,41.700093374598296,41.788047790527344,43700
2024-05-31,41.905314544394145,42.218040466308594,41.45870169546403,42.218040466308594,38400
2024-06-03,42.3059970692491,42.3059970692491,41.836908161935,42.227813720703125,100600
2024-06-04,42.13985904688918,42.33531368901133,42.01281669829893,42.276676177978516,45800
2024-06-05,42.44281511165261,42.766292572021484,42.335314869089544,42.766292572021484,122900
2024-06-06,42.8532678776013,42.8532678776013,42.65781695180974,42.75749588012695,91100
2024-06-07,42.726219177246094,42.9705365261956,42.70667334197171,42.726219177246094,39600
2024-06-10,42.706677283721405,42.88942694601816,42.62361027212849,42.8434944152832,52800
2024-06-11,42.78485997643641,42.990089416503906,42.6089511580857,42.990089416503906,46400
2024-06-12,43.390766328131406,43.55690035001014,43.30281192596407,43.34189987182617,68800
2024-06-13,43.5275798547448,43.5275798547448,43.234399781123315,43.459171295166016,35000
2024-06-14,43.34190212139374,43.44647216796875,43.25883510614296,43.44647216796875,24700
2024-06-17,43.45917531101757,43.928264217755554,43.42497102806752,43.85985565185547,62900
2024-06-18,43.82076437681558,43.93803567257155,43.81099332216395,43.92826461791992,52900
2024-06-20,44.05530921621234,44.05530921621234,43.67905838498786,43.77190017700195,99300
2024-06-21,43.713265409642254,43.82565304534135,43.673197001227024,43.6839485168457,75100
2024-06-24,43.76039920909581,43.92210892362925,43.57418235797608,43.57614517211914,62200
2024-06-25,43.691790028901956,43.76039505004883,43.56437910161781,43.76039505004883,208200
2024-06-26,43.67218785686688,43.84370040893555,43.62808249279594,43.84370040893555,64300
2024-06-27,43.79959337656105,43.89760321593374,43.4761702533639,43.86819839477539,811500
2024-06-28,43.94659984632202,44.181819687761234,43.61337391852046,43.71138000488281,168600
2024-07-01,43.78979781867963,43.81919890353292,43.57417989323981,43.77999496459961,87700
2024-07-02,43.62318256930508,44.093622355038875,43.62318256930508,44.07402038574219,47900
2024-07-03,44.09362423974499,44.319041288251924,44.09362423974499,44.30923843383789,41200
2024-07-05,44.338638163230875,44.603255382905,44.30433565411067,44.59345626831055,31300
2024-07-08,44.64245941005224,44.71008489084095,44.565034814649024,44.63755798339844,31600
2024-07-09,44.74046820555326,44.786528903467556,44.669900374941875,44.711063385009766,41100
2024-07-10,44.76987086955473,45.15209990189095,44.76987086955473,45.11289596557617,57000
2024-07-11,45.17169912874646,45.17953916779501,44.681661170629745,44.7404670715332,40500
2024-07-12,44.8286838713309,45.270698415723196,44.78947992880933,44.93648910522461,22600
2024-07-15,45.19130589627583,45.28931200283296,45.00508905964666,45.09329605102539,41600
2024-07-16,45.25010212934908,45.39711500859464,45.18639854231218,45.367713928222656,68700
2024-07-17,44.90708108969509,44.951186452900984,44.705184181680764,44.73066711425781,42000
2024-07-18,44.887478453350475,44.91688327461446,44.19162541542343,44.33863830566406,39600
2024-07-19,44.3092368365474,44.43664776848215,44.01815338551761,44.03481674194336,27200
2024-07-22,44.456248279743214,44.62285940637556,44.2896334144176,44.573856353759766,66300
2024-07-23,44.5542490989343,44.75026502483485,44.49544693824911,44.515045166015625,33300
2024-07-24,44.15242537226875,44.15242537226875,43.427171187828186,43.4859733581543,36700
2024-07-25,43.49577364600372,43.946607705806535,43.1919487420358,43.329158782958984,143200
2024-07-26,43.53497457157796,43.91720735599744,43.49577437258309,43.72119140625,60900
2024-07-29,43.87800014387738,43.936806046021154,43.6672836678951,43.77019119262695,40900
2024-07-30,43.9172059164214,43.9172059164214,43.307597043041156,43.53497314453125,40200
2024-07-31,44.113212833315984,44.39743573012942,44.00540762916961,44.32883071899414,1969100
2024-08-01,44.36804154884142,44.5562174593222,43.35856445202238,43.620243072509766,31500
2024-08-02,43.01553928153158,43.12334825034843,42.47649817614095,42.81560516357422,74200
2024-08-05,41.10438958834078,41.997241951015546,41.03578456160415,41.53562545776367,842500
2024-08-06,41.770831755318326,42.554891688990445,41.61401976858391,41.93744659423828,93500
2024-08-07,42.496095929152496,42.68230902309569,41.62382888793945,41.62382888793945,63800
2024-08-08,42.113861761216455,42.652902747493705,41.92764495124762,42.63330078125,129200
2024-08-09,42.58430114515898,42.83911924934759,42.50589327390521,42.7999153137207,26300
2024-08-12,42.88812582643362,43.01651629601935,42.68231075550691,42.8391227722168,38300
2024-08-13,43.08413796936326,43.56437683105469,43.08413796936326,43.56437683105469,35100
2024-08-14,43.623173393501055,43.77018626295649,43.44676318432413,43.67218017578125,100000
2024-08-15,44.16222422397363,44.46604537963867,44.15046229549703,44.46604537963867,85600
2024-08-16,44.31903944281299,44.603258651195176,44.31903944281299,44.544456481933594,22500
2024-08-19,44.554252526241946,44.94530487060547,44.524851443637694,44.94530487060547,27300
2024-08-20,44.96588499381195,45.0854521344351,44.867875156988966,44.92177963256836,66200
2024-08-21,45.05409090805061,45.191300937652514,44.92472091746983,45.12269592285156,37700
2024-08-22,45.29911475965249,45.30891387480988,44.665985741595044,44.75027084350586,32800
2024-08-23,44.98548728353659,45.25794827607882,44.82867528218912,45.18149948120117,25300
2024-08-26,45.26970657290716,45.281468501176676,44.95804538330926,45.05409240722656,142700
2024-08-27,44.9364846582735,45.19130652075259,44.897284458324954,45.142303466796875,41100
2024-08-28,45.161900729680575,45.161900729680575,44.64245794354107,45.00508499145508,38500
2024-08-29,45.07369263772699,45.299109647842734,44.82867366081515,44.90707778930664,35900
2024-08-30,45.024686611512315,45.33831060815875,44.82867441762801,45.299110412597656,45100
2024-09-03,45.09329198267967,45.09329198267967,44.29943287058683,44.40724182128906,43600
2024-09-04,44.27003038966982,44.505250270785545,44.21122822341077,44.34843826293945,108000
2024-09-05,44.33863572621259,44.48564486920769,44.02500799603202,44.18182373046875,37000
2024-09-06,44.25043074545969,44.359219235993024,43.42716679591229,43.56437683105469,37700
2024-09-09,43.8485966184019,44.044608803904424,43.701583740582215,43.95640182495117,37400
2024-09-10,44.14261979685957,44.186721418150235,43.77018990495811,44.18182373046875,33100
2024-09-11,44.21122758446966,44.72086753727743,43.534972772718426,44.71694564819336,34000
2024-09-12,44.76006637685822,45.03742879502222,44.57777518318762,44.97470474243164,42300
2024-09-13,45.07369452728194,45.328512628927726,45.0638916741265,45.26970672607422,27800
2024-09-16,45.23050539699956,45.33831060815875,45.112893594237434,45.299110412597656,33600
2024-09-17,45.46572152513791,45.59313244211707,45.1893423876407,45.299110412597656,27100
2024-09-18,45.39711830812228,45.7499462530014,44.72086723956604,45.19130325317383,42500
2024-09-19,45.926359031141274,46.07336817855592,45.789148998077074,45.945960998535156,35700
2024-09-20,45.798944884543374,45.91655294192474,45.68133682716201,45.867549896240234,51000
2024-09-23,45.970736154391126,46.0002197236182,45.86263848087148,45.96091079711914,33200
2024-09-24,46.049359060759905,46.16728210449219,45.813509224589374,46.16728210449219,39100
2024-09-25,46.11814428715222,46.16138185851486,45.97073768223444,46.000221252441406,48800
2024-09-26,46.442437661061405,46.442437661061405,46.08866852576419,46.2557258605957,29300
2024-09-27,46.353983142431,46.353983142431,46.10830800493996,46.15842819213867,26600
2024-09-30,46.078832909379834,46.4326057434082,45.88229202950791,46.4326057434082,47000
2024-10-01,46.383477006906205,46.383477006906205,45.666105895993915,45.88229751586914,936900
2024-10-02,45.74471734518246,45.94125823711447,45.592399934570366,45.862640380859375,51000
2024-10-03,45.79385115460676,45.92750000936781,45.60026049608634,45.774200439453125,74000
2024-10-04,46.13779529730268,46.19184413181287,45.795815898147005,46.18594741821289,981500
2024-10-07,46.06901082536324,46.086697219097935,45.666103679917974,45.72506332397461,62200
2024-10-08,45.97073376301264,46.25571784224775,45.921599481797536,46.196754455566406,35000
2024-10-09,46.196756481599984,46.570183782881685,46.167276661319114,46.52104949951172,51700
2024-10-10,46.38347276204243,46.550530077962286,46.353989192575824,46.44243240356445,74300
2024-10-11,46.442432734285205,46.76082904585272,46.442432734285205,46.69793701171875,67600
2024-10-14,46.884646183909794,47.18928472891462,46.884646183909794,47.1008415222168,57200
2024-10-15,47.189285208137214,47.189285208137214,46.678280425216506,46.7667236328125,88000
2024-10-16,46.82569093701468,47.002577367000455,46.707764151220324,46.99274826049805,41400
2024-10-17,47.307214721550004,47.307214721550004,46.97309630801106,46.98292541503906,106700
2024-10-18,47.159806600780335,47.20894088432882,47.041879821817325,47.16963195800781,31300
2024-10-21,47.110675500281225,47.169638898438464,46.854192778015324,47.05171585083008,42200
2024-10-22,46.904307529774655,47.130328258126305,46.83846525832078,47.06743621826172,32700
2024-10-23,46.90430662601072,46.92396109097207,46.34809988755765,46.624237060546875,60700
2024-10-24,46.76672591942001,46.775569116000355,46.545619763972,46.7274169921875,66000
2024-10-25,46.93378576072064,47.130326658745524,46.678285217382374,46.717594146728516,37400
2024-10-28,47.04188047125324,47.04188047125324,46.864994049072266,46.864994049072266,93500
2024-10-29,46.7765513809416,47.05171012347569,46.72250254305306,46.95343780517578,54200
2024-10-30,46.94361403606314,47.07136617982276,46.776552963653515,46.796207427978516,46200
2024-10-31,46.462093124064296,46.481747590120385,45.78403091430664,45.78403091430664,67500
2024-11-01,46.09849281356637,46.40313140076176,45.98056977120612,46.07883834838867,41900
2024-11-04,46.04935897668864,46.167282020205626,45.803683782616424,45.941261291503906,121800
2024-11-05,46.019872297259504,46.48173904418945,46.019872297259504,46.48173904418945,34200
2024-11-06,47.42513406312377,47.701274968725656,47.21876781611532,47.63150405883789,737400
2024-11-07,47.80839410295049,48.10320358509091,47.80839410295049,48.02458572387695,112100
2024-11-08,48.04424011763445,48.3469143844103,48.04424011763445,48.221126556396484,55500
2024-11-11,48.398009551883725,48.398009551883725,48.15233437649346,48.280086517333984,442100
2024-11-12,48.25059956643719,48.32921741643236,47.97053003606388,48.14250564575195,59800
2024-11-13,48.19163992764623,48.309562953933565,47.995099051363724,48.14250564575195,73600
2024-11-14,48.142513964524035,48.16216468171295,47.803480988071236,47.83787536621094,43100
2024-11-15,47.543061792827096,47.543061792827096,47.05760814789424,47.15980911254883,93600
2024-11-18,47.17945726505395,47.484095820659384,47.15980655061989,47.366172790527344,70300
2024-11-19,47.1303242226808,47.621674567993246,47.0615354742335,47.572540283203125,68700
2024-11-20,47.592200855815484,47.63150978817554,47.14015937979315,47.53323745727539,343300
2024-11-21,47.77890663249147,47.94596769958809,47.31703985601278,47.798561096191406,121300
2024-11-22,47.83787741819252,48.006902833174756,47.818222951454466,47.96562957763672,46100
2024-11-25,48.299737597036874,48.37835169832663,48.00492440826041,48.14250564575195,22300
2024-11-26,48.24077578572531,48.47662559471139,48.24077578572531,48.407833099365234,169500
2024-11-27,48.42749166932367,48.42749166932367,48.15233665942711,48.240779876708984,88900
2024-11-29,48.368529009570665,48.64270184144792,48.32922008240469,48.584720611572266,49800
2024-12-02,48.63385674514666,48.72721075763722,48.55523889388569,48.68299102783203,166300
2024-12-03,48.663343046672864,48.71247733590262,48.57489982657692,48.70265197753906,83200
2024-12-04,48.83039985646058,49.046595225201614,48.825489051684414,49.03676986694336,52200
2024-12-05,49.05642517229192,49.0809941932947,48.918847651571426,48.95815658569336,59300
2024-12-06,49.02693824818685,49.14486128477409,48.98861522936651,49.046592712402344,96000
2024-12-09,49.046593684649665,49.046593684649665,48.77045651666543,48.78617858886719,49800
2024-12-10,48.830397477040044,48.869706405569495,48.60929131429697,48.65351104736328,81800
2024-12-11,48.92867097482488,49.106539569685765,48.87953668733454,49.056419372558594,101900
2024-12-12,48.93849592444703,49.00728467610063,48.77143859863281,48.77143859863281,154200
2024-12-13,48.987630211527346,49.01711378274018,48.66334091783264,48.77143859863281,72100
2024-12-16,48.928669517602714,49.08688364301427,48.894275142513244,49.017112731933594,60100
2024-12-17,48.761610950707635,48.879537741675165,48.70657994773849,48.81074523925781,52000
2024-12-18,48.82057224042229,48.97780420622454,47.33669204875185,47.41530990600586,87800
2024-12-19,47.79856383247981,47.85752722695504,47.366176852445655,47.368141174316406,147300
2024-12-20,47.16963153716655,48.280084329241554,47.05170850796117,47.92631149291992,125800
2024-12-23,47.901677509777045,48.24460618902598,47.65532039751455,48.21701431274414,90700
2024-12-24,48.32541476482865,48.749149322509766,48.295849353496685,48.749149322509766,27000
2024-12-26,48.6111868599806,48.82797856107739,48.58556475814994,48.75899887084961,54200
2024-12-27,48.45351176827193,48.45351176827193,47.86225624235383,48.1943473815918,41600
2024-12-30,47.665177178884825,47.92040581582947,47.36954937024753,47.67503356933594,65500
2024-12-31,47.82284729601084,47.82284729601084,47.33998940184542,47.448387145996094,144700
2025-01-02,47.62575699283843,47.84254868744908,46.788140586529764,47.30056381225586,256000
2025-01-03,47.59619274199253,47.975584795233885,47.497651401964504,47.911529541015625,60500
2025-01-06,48.305703757276135,48.55206087328074,48.07905566164525,48.22686767578125,178900
2025-01-07,48.345125356391506,48.38946783616269,47.517365235325585,47.636600494384766,107800
2025-01-08,47.66517561615822,47.80313500505846,47.408965859502274,47.704593658447266,778100
2025-01-10,47.37940469619577,47.37940469619577,46.81770698555994,46.96552276611328,79200
2025-01-13,46.61076636267578,47.04435729980469,46.48265960769576,47.04435729980469,70200
2025-01-14,47.30056700816149,47.30056700816149,46.80883765566044,47.0936279296875,61600
2025-01-15,47.773569391380676,48.01007386639191,47.70458970265055,47.95094680786133,27600
2025-01-16,48.059346127130354,48.059346127130354,47.80313262412424,47.82284164428711,124700
2025-01-17,48.335260776297496,48.453511128096586,48.19927118012864,48.3155517578125,41400
2025-01-21,48.552061272227164,48.827980041503906,48.441693764516465,48.827980041503906,50500
2025-01-22,48.99550317969882,49.17288059941044,48.99550317969882,49.10390090942383,65000
2025-01-23,49.00535333353572,49.36996078491211,49.00535333353572,49.36996078491211,40000
2025-01-24,49.369962424298166,49.414308658013134,49.14824253305664,49.241859436035156,194900
2025-01-27,48.09876603939973,48.53826630471402,48.09876603939973,48.49293518066406,109900
2025-01-28,48.571769441642786,49.015212998146616,48.43381005942187,48.965938568115234,61600
2025-01-29,48.90681311476908,48.90681311476908,48.54220189595804,48.739288330078125,43100
2025-01-30,48.91667089633501,49.11375735121046,48.630895724721185,48.99452209472656,35300
2025-01-31,49.21229509291622,49.40938153334958,48.7097282409668,48.7097282409668,68200
2025-02-03,47.891821779436725,48.60133147543502,47.84255110812824,48.37468338012695,163900
2025-02-04,48.38453505038508,48.749146280875706,48.38453505038508,48.7097282409668,64500
2025-02-05,48.66045591256837,48.93637466430664,48.4436604595677,48.93637466430664,58000
2025-02-06,49.04477306236313,49.10390012102139,48.837833995725866,49.09404373168945,45800
2025-02-07,49.16302984206893,49.248763900366136,48.6052791764079,48.630897521972656,88700
2025-02-10,48.87724687424495,49.00633850519178,48.76983779556222,48.92652130126953,64900
2025-02-11,48.77871382771381,49.00832036678284,48.77871382771381,48.985652923583984,24400
2025-02-12,48.4929432938016,48.936386941137,48.48309066124393,48.84769821166992,121000
2025-02-13,48.94622933261887,49.37982025667587,48.88710603141926,49.360111236572266,47200
2025-02-14,49.41923521165055,49.458649490285936,49.34729710480789,49.36996078491211,63500
2025-02-18,49.468509674072266,49.468509674072266,49.250729321795035,49.468509674072266,72400
2025-02-19,49.369962990036925,49.616320098288824,49.328575176287934,49.596614837646484,45800
2025-02-20,49.46851049098559,49.5079285324067,49.1334646571288,49.37982177734375,66700
2025-02-21,49.350260287573015,49.350260287573015,48.522500210573426,48.53728103637695,52400
2025-02-24,48.69001869666783,48.729436736152245,48.25643153967271,48.305702209472656,150100
2025-02-25,48.32541516565403,48.33526779677212,47.79328286660202,48.108619689941406,47500
2025-02-26,48.25643626025567,48.5225024141361,47.911534019694436,48.11847686767578,277400
2025-02-27,48.266287845159155,48.37468558243952,47.310420989990234,47.310420989990234,340300
2025-02-28,47.37940020093303,48.04948806762695,47.12318670683111,48.04948806762695,66700
2025-03-03,48.19730277052984,48.28697636375325,46.97536990364205,47.29071044921875,102400
2025-03-04,46.9359567098355,47.33998221178024,46.32991657736283,46.70930862426758,160600
2025-03-05,46.71916242563894,47.354764223737604,46.41367825441837,47.22172927856445,129700
2025-03-06,46.56149459058572,46.95566747700766,46.13776005337106,46.33484649658203,144300
2025-03-07,46.216599770188736,46.68960501563994,45.723885502954786,46.581207275390625,108900
2025-03-10,45.86184193793881,45.97516410699015,44.90597511824882,45.300148010253906,117000
2025-03-11,45.1720414390699,45.45781659897312,44.62020013985451,44.95524597167969,110300
2025-03-12,45.51694285049288,45.52679924098262,44.768018815069894,45.19175338745117,752300
2025-03-13,45.1227741171219,45.176972987993246,44.434943156140726,44.55122375488281,187400
2025-03-14,44.91583366376518,45.55635994512595,44.91583366376518,45.4775276184082,102300
2025-03-17,45.45781528753207,46.02936183173829,45.45781528753207,45.832275390625,69300
2025-03-18,45.60562843040211,45.60562843040211,45.1818938871856,45.300148010253906,89100
2025-03-19,45.41839728778141,46.068779912654435,45.35533067912034,45.78300476074219,114000
2025-03-20,45.48738007348709,46.05893041620188,45.45781842097131,45.67461013793945,67400
2025-03-21,45.25087412517594,45.74358836656912,45.211459842789104,45.654903411865234,103100
2025-03-24,46.21117395943332,46.537229028727836,46.21117395943332,46.51747131347656,52000
2025-03-25,46.55698911439057,46.67555801704256,46.45818546463155,46.537227630615234,126200
2025-03-26,46.55699120225152,46.63406212316687,45.93847143190472,46.062965393066406,47500
2025-03-27,45.91476058959961,46.21117532566294,45.77643396404458,45.91476058959961,39200
2025-03-28,45.76654906431488,45.76654906431488,44.936585583081495,44.97610855102539,132000
2025-03-31,44.44255756278926,45.33180545135166,44.264707985076775,45.2033576965332,185900
2025-04-01,45.114435942633165,45.529419574918386,44.82790007380738,45.38121032714844,332700
2025-04-02,44.93658492844295,45.86535204688806,44.93658492844295,45.7072639465332,148200
2025-04-03,44.08686040572715,44.33387330051133,43.494030965892186,43.563194274902344,151100
2025-04-04,42.367655322995084,42.58502412050988,40.92509706595716,40.94485855102539,288000
2025-04-07,39.5615852023896,42.37753062902664,39.116961248415976,40.85593032836914,205300
2025-04-08,42.30836719511836,42.56625021838712,39.63667721317215,40.3026237487793,204000
2025-04-09,40.07536948326383,44.274588283488725,40.01806005489628,44.264705657958984,172800
2025-04-10,43.148212347093136,43.148212347093136,41.37960281547605,42.594905853271484,197400
2025-04-11,42.50598535040715,43.4732880725548,42.22933207555167,43.3359489440918,132200
2025-04-14,44.16590678407785,44.16590678407785,43.37546626666641,43.75092315673828,65800
2025-04-15,43.76080752611537,44.09476644366502,43.60765696071432,43.64223861694336,44100
2025-04-16,43.148209608853016,43.375464783385354,42.2194425037947,42.63442611694336,76000
2025-04-17,42.782632657467175,43.029645552451534,42.50597942120235,42.673946380615234,65800
2025-04-21,42.19967878204398,42.288603568064985,41.22150990493032,41.66613006591797,62800
2025-04-22,42.160161440274884,42.87155982332265,42.100880754432815,42.72335433959961,102700
2025-04-23,43.84973038078484,44.21530841174126,43.30136144979138,43.503910064697266,143900
2025-04-24,43.573069823622916,44.38327175546408,43.48414503748828,44.33386993408203,162000
2025-04-25,44.2844692913481,44.66980878514835,44.17578301994445,44.650047302246094,74200
2025-04-28,44.689579010009766,44.90695159533845,44.21531463493482,44.689579010009766,86800
2025-04-29,44.48208290124079,45.04527200432931,44.48208290124079,44.946468353271484,61900
2025-04-30,44.383277001465615,45.17372131347656,43.99793747237508,45.17372131347656,139900
2025-05-01,45.49977953723937,45.79125674551657,45.321929931640625,45.321929931640625,79700
2025-05-02,45.865349454161574,46.15188529770641,45.756666953719396,46.023441314697266,57100
2025-05-05,45.72702654073836,46.01356240743958,45.647984373200124,45.746788024902344,172700
2025-05-06,45.321928332152716,45.65786604541475,45.252765017873884,45.40097427368164,34700
2025-05-07,45.509658425941886,45.75667132796674,45.173720728423376,45.59858322143555,59600
2025-05-08,45.88511290526061,46.321833019756305,45.61833853283777,45.855472564697266,121800
2025-05-09,46.01356087805903,46.062962702268145,45.69738468017963,45.811012268066406,33400
2025-05-12,47.23874380068658,47.357308925908,46.891936003789276,47.30790710449219,73100
2025-05-13,47.327676004331835,47.81181920684865,47.327676004331835,47.64385223388672,45600
2025-05-14,47.713011441148964,47.84145543207991,47.57468482376632,47.703128814697266,160400
2025-05-15,47.58456387798332,48.00942635834084,47.5648023941158,47.95014190673828,98100
2025-05-16,48.0687144207997,48.28608322143555,47.871103336397894,48.28608322143555,57300
2025-05-19,47.78217695678345,48.384889048175054,47.77723564332938,48.36512756347656,72100
2025-05-20,48.13787706472786,48.26632106405041,47.95014484105695,48.15763854980469,91100
2025-05-21,47.831576762693146,48.137874108899446,47.288149148361306,47.367191314697266,178000
2025-05-22,47.36719266728903,47.64878722442772,47.26838901426828,47.34743118286133,91800
2025-05-23,46.82376119695947,47.258506280475665,46.69531344327355,47.07077407836914,109500
2025-05-27,47.58455971813274,48.05882398213996,47.564798235992775,48.0390625,68700
2025-05-28,48.088467938822454,48.177392730584074,47.73277254089358,47.79205322265625,119500
2025-05-29,48.23668150582945,48.23668150582945,47.653730878490755,47.97978973388672,199700
2025-05-30,47.880979562120345,48.05882915139239,47.42647673136634,48.01930618286133,138700
2025-06-02,47.772295244483395,48.16751740778416,46.94035669907377,48.15763854980469,40400
2025-06-03,48.16751609928232,48.52321528276663,48.16751609928232,48.45405197143555,43100
2025-06-04,48.54297676730663,48.60225745180882,48.44416934460666,48.45405197143555,113800
2025-06-05,48.61213988808198,48.69118205681433,48.06871225727459,48.20703887939453,46500
2025-06-06,48.63189803922955,48.829505332074966,48.54297324980211,48.671417236328125,59900
2025-06-09,48.77022951197497,48.86607064158522,48.67142208658828,48.725765228271484,54200
2025-06-10,48.79986876068166,49.017241322539846,48.750466933655105,48.977718353271484,53500
2025-06-11,49.06663995144634,49.15556474194522,48.720823415682695,48.829505920410156,74600
2025-06-12,48.740589178737935,49.017242431640625,48.740589178737935,49.017242431640625,38700
2025-06-13,48.61214254765655,48.85915546327562,48.340426832828385,48.47381591796875,63700
2025-06-16,48.740585910298854,49.05182079894364,48.740585910298854,48.89867401123047,187100
2025-06-17,48.661546948813765,48.809756213665544,48.414534020139584,48.46393585205078,26600
2025-06-18,48.5330967060895,48.76034813663597,48.384891217881616,48.44417190551758,122300
2025-06-20,48.72082164309058,48.730700499845454,48.23667474151846,48.35523986816406,83900
2025-06-23,48.334443306945104,48.83967971801758,48.195751107006735,48.83967971801758,70600
2025-06-24,49.23594886216819,49.49847393655342,49.156694013028925,49.414268493652344,56300
2025-06-25,49.53314278186197,49.55295649246418,49.3449181997593,49.453887939453125,94700
2025-06-26,49.56286391350003,49.84520269018016,49.56286391350003,49.820438385009766,57000
2025-06-27,49.88978399308004,50.200851325805445,49.78675496130993,50.08791732788086,108200
2025-06-30,50.27614052556686,50.46436510992322,50.12753958381046,50.45446014404297,213000
2025-07-01,50.18698196144454,50.40492900700671,50.14240394525901,50.31576919555664,56000
2025-07-02,50.23651834710323,50.53371648255584,50.23651834710323,50.503997802734375,59600
2025-07-03,50.71203003437842,51.00724789683899,50.71203003437842,50.9696044921875,50800
2025-07-07,50.8111004968205,50.8111004968205,50.38511515211493,50.54362106323242,42500
2025-07-08,50.64268636319284,50.64268636319284,50.48418045043945,50.48418045043945,91700
2025-07-09,50.68231294671548,50.85072760195851,50.563434458889155,50.79128646850586,59000
2025-07-10,50.85072600808732,51.029041844698156,50.73184374490827,50.9696044921875,45200
2025-07-11,50.71203359751961,50.84577520822331,50.632782528910745,50.78137969970703,59400
2025-07-14,50.75165831807843,50.9062037512065,50.66348862739959,50.87053680419922,33500
2025-07-15,51.118200079963515,51.118200079963515,50.67438507080078,50.67438507080078,37700
2025-07-16,50.82100642679695,50.86558822278001,50.37520736236172,50.860633850097656,42500
2025-07-17,50.830916644615414,51.18755212741541,50.830916644615414,51.11820602416992,38100
2025-07-18,51.296523846245904,51.296523846245904,51.04885812079423,51.108299255371094,54000
2025-07-21,51.246990176843255,51.46295698172243,51.179624315154726,51.209346771240234,63000
2025-07-22,51.28662144358671,51.29652641030509,51.0310309765649,51.24699401855469,32100
2025-07-23,51.43521340453205,51.623441764812654,51.3262436653598,51.61353302001953,52800
2025-07-24,51.72250509867348,51.81166490393563,51.643254037928656,51.66801834106445,47700
2025-07-25,51.752230175384625,51.94540913339435,51.752230175384625,51.910736083984375,32800
2025-07-28,51.95035990038585,51.96422912019618,51.78194902528301,51.89092254638672,89100
2025-07-29,51.970175215837315,52.01970760539208,51.67297709942963,51.71260452270508,53600
2025-07-30,51.78194824469966,51.86119930853017,51.48475014194719,51.65811538696289,27400
2025-07-31,52.06924006523592,52.10886370660996,51.38568028919987,51.48474884033203,45700
2025-08-01,50.9894150224612,51.00922873175524,50.49408362734603,50.682308197021484,77700
2025-08-04,51.00922948035514,51.45502471923828,51.00922948035514,51.45502471923828,82800
2025-08-05,51.51446998326153,51.554097405612225,51.138017029087884,51.20736312866211,71400
2025-08-06,51.276709843849424,51.63433920983823,51.202413149898625,51.564002990722656,42900
2025-08-07,51.84139117142879,51.910737271835565,51.29652355526265,51.564002990722656,29500
2025-08-08,51.68287991711163,51.99989551105692,51.68287991711163,51.95035934448242,66200
2025-08-11,51.97017013562072,52.09796724051387,51.83147794679326,51.85129165649414,41800
2025-08-12,52.08905470184734,52.4456901550293,51.97017243837447,52.4456901550293,38700
2025-08-13,52.59429186028124,52.70326538051125,52.435785952422755,52.57447814941406,38400
2025-08-14,52.45559966328993,52.64382424790971,52.44569091831688,52.57447814941406,94200
2025-08-15,52.72307815022339,52.72307815022339,52.46055309930773,52.46550369262695,56400
2025-08-18,52.42587464174235,52.524943191229845,52.386251001026096,52.43578338623047,220800
2025-08-19,52.44568865294681,52.54475720300346,52.09895817544542,52.18811798095703,113100
2025-08-20,52.158400377412335,52.158400377412335,51.62344153334848,52.06924057006836,234500
2025-08-21,51.91073677849345,52.01970652161202,51.68288098894632,51.83148193359375,62800
2025-08-22,51.99989726149609,52.69335826793547,51.99989726149609,52.60419845581055,93900
2025-08-25,52.46550476817735,52.59429199961572,52.34662628173828,52.34662628173828,96000
2025-08-26,52.36644147619677,52.60419845581055,52.28223603671186,52.60419845581055,24100
2025-08-27,52.53485039958086,52.76270240451198,52.53485039958086,52.71812438964844,49100
2025-08-28,52.7131754653217,52.92121378101102,52.636894749568945,52.85186767578125,91300
2025-08-29,52.78251863985017,52.78251863985017,52.406069454956054,52.544761657714844,28800
2025-09-02,51.930547498827885,52.16830825805664,51.712604230203844,52.16830825805664,78400
2025-09-03,52.38625446522771,52.50017858082347,52.20793484343702,52.47541427612305,81200
2025-09-04,52.56457414866564,52.91130464751027,52.45560062643476,52.8914909362793,94000
2025-09-05,53.11934430716066,53.173831069671465,52.465506936110096,52.761714935302734,50200
2025-09-08,52.861772085501556,53.01433350449255,52.82214466316963,52.91130447387695,152300
2025-09-09,52.91130506000803,53.06981097201258,52.79242657077438,53.059906005859375,48700
2025-09-10,53.28775711142483,53.37691692160268,53.059905102987884,53.15896987915039,93400
2025-09-11,53.317473165210394,53.66915801608689,53.317473165210394,53.66420364379883,61200
2025-09-12,53.644398793320654,53.75336854042669,53.594862623906195,53.62953567504883,28000
2025-09-15,53.8326239811894,53.90989481328995,53.80290530247669,53.88215637207031,41300
2025-09-16,53.97131490497899,53.97131490497899,53.77516558360874,53.812808990478516,37500
2025-09-17,53.82271662773662,53.89701332122351,53.35710386013065,53.72364807128906,199800
2025-09-18,53.99113047929075,54.18926382402143,53.85243827170305,54.030757904052734,81100
2025-09-19,54.18925933954529,54.33785650148659,54.055517736811304,54.31804656982422,32600
2025-09-22,54.18796306656502,54.58516423995905,54.15817430435736,54.565303802490234,161000
2025-09-23,54.55537176973407,54.560337826106334,54.13831394625098,54.227684020996094,75900
2025-09-24,54.36669948586372,54.36669948586372,53.92580765308119,54.058868408203125,73400
2025-09-25,53.820556406265815,53.8900660459462,53.52265740935115,53.79076385498047,221600
2025-09-26,53.88013230780197,54.11547640989746,53.79076223262389,54.08866500854492,42500
2025-09-29,54.26740377204753,54.36670216948944,54.098591950807005,54.24754333496094,131300
2025-09-30,54.16810442205835,54.49579596915367,54.098594782612295,54.46600341796875,151700
2025-10-01,54.2674043493654,54.724183043243286,54.252506180398676,54.67453384399414,84200
2025-10-02,54.81355353568686,54.82348186041607,54.558352785846424,54.73411178588867,129200
2025-10-03,54.803621004443706,54.99427817211045,54.644741294051784,54.67453384399414,192900
2025-10-06,54.912852117416094,54.98236175472493,54.73907802414403,54.93271255493164,158700
2025-10-07,55.01215322886359,55.03200987799957,54.60502373773696,54.69935607910156,100800
2025-10-08,54.8334116815614,55.05186890839449,54.77383037170276,55.02704620361328,77100
2025-10-09,55.11145362326873,55.11641967972818,54.75397331801218,54.88306427001953,49400
2025-10-10,54.97242873490825,55.13726694301681,53.41342050900491,53.43328094482422,123600
2025-10-13,54.08866495454836,54.36670350460654,53.99234391570805,54.25747299194336,43200
2025-10-14,53.75104467804394,54.44614483583031,53.50279489226246,54.19789505004883,43600
2025-10-15,54.525585775358635,54.81355645171011,54.07873537894968,54.343868255615234,45200
2025-10-16,54.59509380673983,54.67453555842239,53.780834791949644,54.03901290893555,43700
2025-10-17,53.989362298787654,54.45607310776162,53.881128028733656,54.366703033447266,640700
2025-10-20,54.6447445690144,55.002224885818464,54.6447445690144,54.95257568359375,45500
2025-10-21,55.00222174779188,55.07173138453903,54.843342036942516,54.95753860473633,94000
2025-10-22,54.97243259036449,54.97243259036449,54.31208725802499,54.64474105834961,66600
2025-10-23,54.66460500750255,55.03002874210361,54.66460500750255,54.95257568359375,33200
2025-10-24,55.31998298137274,55.50964770213137,55.300122543367195,55.38254165649414,41900
2025-10-27,55.895920433564626,56.08458889951383,55.83633912369021,56.06969451904297,53200
2025-10-28,56.253401350701054,56.39142816700644,56.0548007702061,56.24346923828125,48900
2025-10-29,56.38248963428727,56.461931383268244,55.93564305423808,56.223609924316406,63300
2025-10-30,55.94557242516286,56.124312575721774,55.64767343689504,55.66753387451172,84400
2025-10-31,56.104450507407705,56.104450507407705,55.57915463748495,55.7966194152832,242900
2025-11-03,56.07466127621287,56.07466127621287,55.63773924098691,55.90584945678711,124800
2025-11-04,55.34977387724706,55.62781242502798,55.20082249065521,55.240543365478516,226600
2025-11-05,55.25047072659023,55.70923811041871,55.19089320338544,55.45899963378906,103900
2025-11-06,55.319978242362495,55.36466517104464,54.74900300958748,54.82347869873047,67500
2025-11-07,54.61495136243725,54.873129465798186,54.10852348015615,54.86320114135742,121500
2025-11-10,55.39941962173859,55.78668865713562,55.260400356518204,55.722145080566406,48600
2025-11-11,55.6377426237392,55.90188304101902,55.51858378324686,55.846275329589844,57300
2025-11-12,56.0250058297885,56.0250058297885,55.78668817375877,55.91577911376953,46200
2025-11-13,55.62781351970616,55.667534395311115,54.86320371027104,54.95555114746094,53200
2025-11-14,54.396492105985416,55.23061154168249,54.24754450660556,54.93271255493164,62100
2025-11-17,54.75396983158467,55.08166135320134,54.17803232267031,54.40642166137695,75900
2025-11-18,54.14823939038974,54.36670040325398,53.73118158909357,54.009220123291016,111900
2025-11-19,54.05887224318797,54.61495312963929,53.949645518841244,54.233642578125,54900
2025-11-20,55.081665030999474,55.303103421087386,53.32405605004156,53.333984375,89200
2025-11-21,53.58223334715911,54.356775261760625,53.244613483868996,53.91985321044922,55700
2025-11-24,54.18796435915034,54.82348322134738,54.17306997769123,54.74404525756836,124900
2025-11-25,54.77383412976694,55.329915029294405,54.523599429575626,55.28622055053711,58800
2025-11-26,55.43914540947949,55.786693603345064,55.39942453361164,55.617881774902344,52100
2025-11-28,55.7469697497934,55.9257098936602,55.71817344212427,55.90584945678711,273700
2025-12-01,55.57816262940487,55.86315213782373,55.55830219220622,55.59702682495117,54600
2025-12-02,55.8264117552305,55.90584971509889,55.63575459076072,55.76683044433594,37900
2025-12-03,55.66753379334606,55.98529321876725,55.60795248058291,55.920745849609375,73400
2025-12-04,56.06473186226105,56.06473186226105,55.734062958990975,55.92571258544922,85400
2025-12-05,56.064731153734776,56.28815823549407,55.9952215162073,56.08955764770508,65400
2025-12-08,56.114378151440796,56.114378151440796,55.75690165303937,55.876060485839844,39300
2025-12-09,55.846272401877286,56.0101143784682,55.7966194152832,55.7966194152832,35300
2025-12-10,55.76682990988479,56.315959812126806,55.74200341691889,56.213680267333984,30200
2025-12-11,56.04487042791789,56.352701526807216,55.78470740936356,56.31298065185547,63000
2025-12-12,56.312980928579066,56.312980928579066,55.602986384290006,55.740020751953125,37700
2025-12-15,56.07466417501988,56.07466417501988,55.59802502939866,55.690372467041016,37600
2025-12-16,55.588091471668896,55.70725030797936,55.23061117474641,55.578163146972656,37600
2025-12-17,55.59802433519351,55.61788098485415,54.8929920565235,54.895973205566406,58200
2025-12-18,55.409350016356605,55.65759979580981,55.23756083563178,55.39942169189453,438600
2025-12-19,55.55830062891239,56.05480018093486,55.55830062891239,55.81647872924805,378200
2025-12-22,56.13798236518675,56.217608732385735,55.9986295778819,56.20765686035156,258900
2025-12-23,56.13798411968188,56.45649719238281,56.13798411968188,56.45649719238281,41900
2025-12-24,56.466448511286224,56.67846022082165,56.44654096981562,56.615753173828125,30400
2025-12-26,56.6257032684805,56.73519284464409,56.57593631485392,56.64561080932617,23300
2025-12-29,56.42663159973085,56.525174496363164,56.29226044537793,56.42165756225586,68700
2025-12-30,56.39677266827575,56.48535989676377,56.31714630126953,56.31714630126953,160200
2025-12-31,56.38682092813861,56.38682092813861,55.928955078125,55.928955078125,57700
2026-01-02,56.23751654730903,56.30520142779168,55.73983940972222,55.988677978515625,54300
2026-01-05,56.21760954400069,56.49630752868352,56.21760954400069,56.38682174682617,72400
2026-01-06,56.38681821258483,56.764055275782255,56.38681821258483,56.72523880004883,59900
2026-01-07,56.735191215470046,56.90439961233657,56.56299459922613,56.565982818603516,82500
2026-01-08,56.47640187008926,56.621723499601885,56.39677170746447,56.52616882324219,51400
2026-01-09,56.60579681596876,56.973082028741295,56.49929545722071,56.884498596191406,52200
2026-01-12,56.615751662310394,57.04375430006345,56.615751662310394,56.984031677246094,44500
2026-01-13,56.98402977107007,56.98502457853747,56.64560918037598,56.84468078613281,49800
2026-01-14,56.59584507942744,56.59584507942744,56.17779430657958,56.496307373046875,49700
2026-01-15,56.88449784940191,56.924309134360854,56.61575174180924,56.65058898925781,43800
2026-01-16,56.79491546718109,56.79491546718109,56.595843855699584,56.64561080932617,32700
2026-01-20,55.779652733209545,56.02351345978482,55.39146518564785,55.46113967895508,430500
2026-01-21,55.560675610991936,56.28728377982225,55.48104924301168,56.04840087890625,80800
2026-01-22,56.446540971204946,56.56598622003152,56.21760993975028,56.33705139160156,2668700
2026-01-23,56.28728267839957,56.486354289917664,56.25742326561317,56.366912841796875,52400
2026-01-26,56.47640199609704,56.784959384518714,56.47640199609704,56.695377349853516,39800
2026-01-27,56.78496223330276,56.993985725682776,56.73519527754209,56.90440368652344,100600
2026-01-28,57.0039425034891,57.07361700230396,56.78496333751359,56.864593505859375,45900
2026-01-29,56.90439974246833,56.90439974246833,56.10811711456208,56.735191345214844,73500
2026-01-30,56.52616949644915,56.71030760500552,56.18774889521357,56.5361213684082,56200
2026-02-02,56.34700367022827,56.96412223079688,56.34700367022827,56.84468078613281,54400
2026-02-03,56.90440303411427,56.90440303411427,55.89909687016333,56.33705139160156,40400
2026-02-04,56.42662823485563,56.42662823485563,55.670160713474104,56.0384407043457,127700
2026-02-05,55.590534916303355,55.78761691630245,55.22225489653817,55.32179260253906,123200
2026-02-06,55.62039781053093,56.51621437759705,55.62039781053093,56.37686538696289,80500
2026-02-09,56.287282668054495,56.791927247717894,56.287282668054495,56.64561080932617,64400
2026-02-10,56.73519230466957,56.864589420447295,56.4933211913107,56.52616882324219,53500
2026-02-11,56.87454417643704,56.87454417643704,56.317148197698074,56.45649719238281,50500
2026-02-12,56.67546913836723,56.6904026414473,55.520858370222996,55.57062911987305,48700
2026-02-13,55.560673039447934,55.96876812351867,55.421324054200625,55.62039566040039,115700
2026-02-17,55.520858497841154,55.909046045363155,55.21727514975854,55.739837646484375,83700
2026-02-18,55.839371957713944,56.205662352427595,55.819468214033705,55.96876907348633,49200
2026-02-19,55.73983928751688,55.92895523247416,55.60049029681412,55.8194694519043,77900
2026-02-20,55.69007486753659,56.27733406720476,55.69007486753659,56.24747085571289,49000
2026-02-23,56.10811848495206,56.267375014423,55.5109074486798,55.64030456542969,58200
2026-02-24,55.63035077473599,56.12305008614392,55.63035077473599,56.058353424072266,2037400
2026-02-25,56.28728416035867,56.58588968701005,56.28728416035867,56.5560302734375,40300
2026-02-26,56.55603001335963,56.55603001335963,55.8393737151117,56.21760940551758,74800
2026-02-27,55.73983669213553,56.00858278896676,55.570628296153856,55.94886016845703,132700
2026-03-02,55.2919309830381,56.12802875262447,55.281979110639305,55.95882034301758,79100
2026-03-03,54.99332371450556,55.59551259547081,54.5951804855652,55.431278228759766,61100
2026-03-04,55.59053481766953,56.0464072585116,55.57063107347991,55.93393325805664,33300
2026-03-05,55.620396072548,55.91402375121275,55.112763283128274,55.57062911987305,70600
2026-03-06,54.89378888330198,55.092856697451715,54.664854062474475,54.80420684814453,134200
2026-03-09,54.29657618175626,55.38151251816057,53.98304094488254,55.281978607177734,134000
2026-03-10,55.26206741993716,55.719929455413464,55.043088273850636,55.195377349853516,86600
2026-03-11,55.26206779695907,55.36558472892757,54.91369153517419,55.122718811035156,154600
2026-03-12,54.69471589820469,54.69471589820469,54.226898193359375,54.226898193359375,63800
2026-03-13,54.50559726392036,54.70466887406261,53.84866360833353,53.90838623046875,113100
2026-03-16,54.396114279298985,54.615089644424586,54.29657657062794,54.45085906982422,44900
2026-03-17,54.674807960128746,54.873879564804554,54.535458975948195,54.55536651611328,52800
2026-03-18,54.376207587460875,54.43095237884177,53.7799875245822,53.793922424316406,138600
2026-03-19,53.38085145164299,53.797903621930104,53.24150245903991,53.59982681274414,86400
2026-03-20,53.530152632205485,53.530152632205485,52.53977617438421,52.82345199584961,149800
2026-03-23,53.66159712378467,53.98089230960014,53.37223847846987,53.412147521972656,66800
2026-03-24,53.032990468490944,53.447073942826435,52.913251910956205,53.15272521972656,92400
2026-03-25,53.671578767713164,53.7813372046437,53.282437986813235,53.48199462890625,210600
2026-03-26,53.09285281179906,53.31236968137585,52.494175284606406,52.534088134765625,97300
2026-03-27,52.28463923183522,52.28463923183522,51.47642113361825,51.56622314453125,104600
2026-03-30,52.0551435822822,52.0551435822822,51.167103566136085,51.376644134521484,175400
2026-03-31,51.95536438214563,52.99606742257064,51.89549510557497,52.91324996948242,100900
2026-04-01,53.282439084125194,53.6536179478574,53.17268064493427,53.38221740722656,48900
2026-04-02,52.62389085824615,53.58177643726636,52.53408884731932,53.44208526611328,50700
2026-04-06,53.442086012560495,53.69452737448466,53.402173161302436,53.6516227722168,108700
2026-04-07,53.462042763027284,53.69153594970703,53.06292186061963,53.69153594970703,61700
2026-04-08,55.25807984945986,55.25807984945986,54.76915692867868,55.097434997558594,239900
2026-04-09,55.02858620941872,55.56739448129012,54.948760506149455,55.47759246826172,88700
2026-04-10,55.587348512065205,55.64721778693762,55.367835450130755,55.417724609375,64100
2026-04-13,55.25807947465954,55.98647188967133,55.18823388735012,55.956539154052734,64900
2026-04-14,56.126163324901434,56.72484087784743,56.126163324901434,56.694908142089844,42000
2026-04-15,56.834596788647254,57.22373756137823,56.71985210248242,57.20378494262695,89500
2026-04-16,57.23371951588719,57.38338699912368,57.051119933646035,57.313541412353516,137200
2026-04-17,57.692705292704034,58.28639658042463,57.692705292704034,58.0618896484375,118600
2026-04-20,57.9122220718617,58.01898495142004,57.73261804908585,57.93217849731445,146700
2026-04-21,58.06188923992786,58.16167136665308,57.46321170477228,57.543033599853516,123500
2026-04-22,57.9820680786411,58.12175925152534,57.920204301178224,58.101802825927734,92900
2026-04-23,57.9621117743348,58.18162865006882,57.39336696565939,57.882286071777344,355500
2026-04-24,58.10180183242794,58.37120786394046,57.94215423667596,58.331295013427734,199500
2026-04-27,58.2115617849346,58.451035087951695,58.14670625588575,58.40114212036133,356500
2026-04-28,58.18162885483717,58.20158528054677,57.93217924291567,58.14171600341797,332400
2026-04-29,58.09182532167159,58.19160364130877,57.84237571627973,58.071868896484375,160000
2026-04-30,58.25147278140965,58.72442825772026,57.98206675145707,58.6406135559082,511600
2026-05-01,58.900041968421164,59.18441437771646,58.76035079280931,58.830196380615234,243800
2026-05-04,58.72043512229536,58.92997568195441,58.33129434996967,58.60070037841797,78000
2026-05-05,58.86013366317214,59.12454964980636,58.86013366317214,59.03973388671875,144200
2026-05-06,59.38896339125955,59.97766462098727,59.38896339125955,59.93775177001953,116100
2026-05-07,60.03753086715335,60.172235789335836,59.66834650667733,59.79806137084961,52000
2026-05-08,60.097399025372766,60.28697935694151,59.98764058898598,60.2470703125,74600
2026-05-11,60.177226244617714,60.46159865229262,60.13731339287059,60.316917419433594,1607700
2026-05-12,60.1872001612189,60.2969585960097,59.768126653434614,60.25704574584961,225000
2026-05-13,60.28698139358312,60.726015153961875,60.06946282040753,60.61625671386719,71100
2026-05-14,60.78587950235857,61.20495682894758,60.78587950235857,61.06526565551758,65000
2026-05-15,60.596300322768634,60.6661459108148,60.23709226636034,60.26702880859375,66400
2026-05-18,60.37678136795807,60.506496229715076,59.857929533527916,60.2470703125,64000
2026-05-19,59.96768647697445,60.1472905059361,59.69828423983107,59.82799530029297,52100
2026-05-20,59.99762208667659,60.53643035888672,59.83797448633674,60.53643035888672,79500
2026-05-21,60.25704692392759,60.72601340673014,60.18221127998904,60.63621139526367,50900
2026-05-22,60.88566000790733,61.115153187611064,60.85073721548065,60.86570358276367,34700
2026-05-26,61.19497952256383,61.424472704646604,61.125130130687474,61.29475784301758,145200
2026-05-27,61.38455897662846,61.38455897662846,61.1700321650499,61.30473327636719,87400
2026-05-28,61.29475901611263,61.71583084458013,61.22990348720634,61.67392349243164,85600
2026-05-29,61.813615961544656,61.97825362256325,61.7377830646918,61.83357238769531,142400
2026-06-01,61.7737020093115,62.0929972094385,61.71383273192555,61.933349609375,72400
2026-06-02,61.8635037982197,62.07503886584481,61.85352748850768,62.02315139770508,52300
2026-06-03,61.91339288630448,61.943329428003224,61.4943193655121,61.54420852661133,90600
2026-06-04,61.35462752440375,61.8834594776404,61.294758247956615,61.81361389160156,46800
2026-06-05,61.43445085372057,61.43445085372057,60.145295426606026,60.227115631103516,69800
2026-06-08,60.71603484568939,60.84475246106388,60.29696131898003,60.35683059692383,70600
2026-06-09,60.686102009012615,60.92557531409074,59.00980029236289,60.227115631103516,69700
2026-06-10,59.89783742144587,60.247069149233376,59.1694450378418,59.1694450378418,71200
2026-06-11,59.47876678639557,60.39673954221377,59.1195587319279,60.227115631103516,112700
2026-06-12,60.45660759513617,60.73598994015082,60.167245134200144,60.546409606933594,114600
2026-06-15,61.424473555307316,61.79365791365771,61.424473555307316,61.634010314941406,74800
2026-06-16,61.67392439495443,61.71383344070439,61.304736222949536,61.31471633911133,33300
2026-06-17,61.37458210094231,61.454407805417624,60.40672017512323,60.52645492553711,43200
2026-06-18,61.29475981309726,61.29475981309726,60.95550818383208,61.185001373291016,39300
2026-06-22,61.22999954223633,61.39799880981445,60.83000183105469,60.939998626708984,91400
2026-06-23,60.15999984741211,60.540000915527344,60.0,60.11000061035156,59100
2026-06-24,60.2599983215332,60.65999984741211,59.959999084472656,60.08000183105469,81500
2026-06-25,60.54999923706055,60.619998931884766,59.880001068115234,60.029998779296875,38500
2026-06-26,59.709999084472656,60.310001373291016,59.709999084472656,59.900001525878906,45000
2026-06-29,60.40999984741211,60.7599983215332,60.08000183105469,60.71200180053711,44800
2026-06-30,60.7400016784668,61.27000045776367,60.7400016784668,61.099998474121094,97200
2026-07-01,61.029998779296875,61.41999816894531,60.904998779296875,61.130001068115234,56300
2026-07-02,61.27000045776367,61.599998474121094,60.790000915527344,61.13999938964844,52600
2026-07-06,61.400001525878906,61.7599983215332,61.349998474121094,61.650001525878906,58300
2026-07-07,61.599998474121094,61.599998474121094,61.2400016784668,61.3650016784668,58800
2026-07-08,61.0099983215332,61.19499969482422,60.709999084472656,61.18000030517578,26200
2026-07-09,61.2599983215332,61.685001373291016,61.18000030517578,61.68000030517578,57900
2026-07-10,61.70000076293945,61.970001220703125,61.41999816894531,61.91999816894531,40000
2026-07-13,61.709999084472656,61.85100173950195,61.38999938964844,61.45000076293945,79300
2026-07-14,61.630001068115234,61.779998779296875,61.470001220703125,61.66999816894531,122400
2026-07-15,61.880001068115234,62.029998779296875,61.650001525878906,61.959999084472656,98900
2026-07-16,61.81999969482422,61.970001220703125,61.47999954223633,61.68000030517578,41300
2026-07-17,61.02000045776367,61.33000183105469,60.834999084472656,61.0099983215332,48000
2026-07-20,61.310001373291016,61.435001373291016,60.86000061035156,60.88999938964844,36700
2026-07-21,61.209999084472656,61.41400146484375,61.06999969482422,61.3650016784668,34400
2026-07-22,61.25,61.4900016784668,61.2599983215332,61.36000061035156,17625
