date,open,high,low,close,volume
2005-01-28,18.366286757525874,18.366286757525874,18.26732635498047,18.26732635498047,2600
2005-01-31,18.446914112347287,18.457909242190958,18.43958355973152,18.450578689575195,10400
2005-02-01,18.50922003449826,18.637501198245705,18.50922003449826,18.615510940551758,2200
2005-02-02,18.655830802156608,18.666825932491705,18.604516931552787,18.608182907104492,16000
2005-02-03,18.608178074639593,18.608178074639593,18.509217732843254,18.534873962402344,5200
2005-02-04,18.64850757206284,18.674163818359375,18.622851325766305,18.674163818359375,7200
2005-02-07,18.714473092070804,18.758455009842734,18.69614601135254,18.69614601135254,4200
2005-02-08,18.747460513348674,18.747460513348674,18.681486935381795,18.714473724365234,21200
2005-02-09,18.747465513145276,18.747465513145276,18.55320930480957,18.55320930480957,9800
2005-02-10,18.531213811778926,18.531213811778926,18.52754783630371,18.52754783630371,3200
2005-02-11,18.542213175379892,18.729137420654297,18.542213175379892,18.729137420654297,6800
2005-02-14,18.725474252558747,18.75479507446289,18.725474252558747,18.75479507446289,1800
2005-02-15,18.765782950410642,18.820759990433082,18.765782950410642,18.809764862060547,3000
2005-02-16,18.78411151206758,18.78411151206758,18.758455276489258,18.758455276489258,1200
2005-02-17,18.784109440951205,18.784109440951205,18.615510940551758,18.615510940551758,5000
2005-02-18,18.615518322022268,18.615518322022268,18.534883616744793,18.55320930480957,8000
2005-02-22,18.553210138025264,18.553210138025264,18.3149733861633,18.336963653564453,6000
2005-02-23,18.366275431522247,18.41025733947754,18.362609456932848,18.41025733947754,6200
2005-02-24,18.454242947426497,18.454242947426497,18.391935348510742,18.391935348510742,2000
2005-02-25,18.58252452868363,18.670488357543945,18.51655095795847,18.670488357543945,2800
2005-02-28,18.663168287383478,18.69615509127269,18.5861995443622,18.622852325439453,10400
2005-03-01,18.692486046493922,18.729137420654297,18.692486046493922,18.729137420654297,3000
2005-03-02,18.729134900623762,18.813435566538402,18.659496739824835,18.736465454101562,16600
2005-03-03,18.784119862838843,18.802445553804617,18.648508071899414,18.648508071899414,1400
2005-03-04,18.85741799158564,18.85741799158564,18.824431199136868,18.835426330566406,12400
2005-03-07,18.985699123394035,18.985699123394035,18.938051223754883,18.938051223754883,4200
2005-03-08,18.96738186306164,18.96738186306164,18.850095748901367,18.850095748901367,3000
2005-03-09,18.8244262001599,18.8244262001599,18.74745750427246,18.74745750427246,3600
2005-03-10,18.619177934786403,18.7327994075427,18.619177934786403,18.714473724365234,23000
2005-03-11,18.747457388917496,18.747457388917496,18.578857496567473,18.600849151611328,6000
2005-03-14,18.633838411022303,18.703476564007854,18.633838411022303,18.69614601135254,3000
2005-03-15,18.765786371409877,18.765786371409877,18.63017463684082,18.63017463684082,4200
2005-03-16,18.564207770999637,18.564207770999637,18.395607788014654,18.4285945892334,4800
2005-03-17,18.391939657389997,18.391939657389997,18.366283416748047,18.366283416748047,1200
2005-03-18,18.417591262360492,18.439582919444156,18.325961455085064,18.33329200744629,6400
2005-03-21,18.39194279844502,18.39194279844502,18.28565184154111,18.351625442504883,3200
2005-03-22,18.399262673971215,18.399262673971215,18.146363551019657,18.157360076904297,101800
2005-03-23,18.139048074355845,18.230677936242916,18.139048074355845,18.212350845336914,5400
2005-03-24,18.267104119161893,18.296507178954542,18.178892135620117,18.178892135620117,106400
2005-03-28,18.241381686814513,18.241381686814513,18.23035430908203,18.23035430908203,4600
2005-03-29,18.25607860012767,18.25607860012767,18.101709365844727,18.101709365844727,3000
2005-03-30,18.171545436463823,18.333267211914062,18.171545436463823,18.333267211914062,13400
2005-03-31,18.329590968575012,18.3736976721456,18.329590968575012,18.35899543762207,1007800
2005-04-01,18.41412065656824,18.41412065656824,18.138460159301758,18.138460159301758,7800
2005-04-04,18.19360012219337,18.23035430908203,18.19360012219337,18.23035430908203,800
2005-04-05,18.311215948022724,18.311215948022724,18.259759523451322,18.300189971923828,3200
2005-04-06,18.406776428222656,18.406776428222656,18.406776428222656,18.406776428222656,200
2005-04-07,18.39575747640124,18.480293257882927,18.3810552356002,18.403108596801758,10800
2005-04-08,18.43618068691575,18.44720666213877,18.388399124145508,18.388399124145508,7000
2005-04-11,18.355316162109375,18.355316162109375,18.333264216029544,18.355316162109375,400
2005-04-12,18.26710844610048,18.46925926208496,18.230352860050964,18.46925926208496,5000
2005-04-13,18.38104802207438,18.414127349853516,18.38104802207438,18.414127349853516,1400
2005-04-14,18.23035576082996,18.23035576082996,18.116416931152344,18.116416931152344,2000
2005-04-15,17.958367099735845,18.02452574726002,17.8260498046875,17.8260498046875,222000
2005-04-18,17.85177629629121,17.85177629629121,17.763565709457335,17.818696975708008,15600
2005-04-19,17.936316109191505,17.936316109191505,17.888534545898438,17.888534545898438,8200
2005-04-20,17.973068173996783,17.973068173996783,17.770915985107422,17.770915985107422,6800
2005-04-21,17.84442791205845,17.99144744873047,17.815024845973372,17.99144744873047,16000
2005-04-22,17.973068392080453,17.973068392080453,17.81502289816672,17.914260864257812,6800
2005-04-25,18.035554464332698,18.035554464332698,17.99880027770996,17.99880027770996,3000
2005-04-26,18.046577592418068,18.046577592418068,17.9620418548584,17.9620418548584,2600
2005-04-27,17.826045725650776,18.03187273774795,17.800317524398857,17.969388961791992,3800
2005-04-28,17.921610909715604,17.93631314246357,17.82237434387207,17.82237434387207,3400
2005-04-29,17.936311418198134,17.936311418198134,17.789293311098007,17.815021514892578,2600
2005-05-02,18.075977325439453,18.075977325439453,18.075977325439453,18.075977325439453,400
2005-05-03,18.10538591774544,18.123764411046047,18.057605760993983,18.08333396911621,6000
2005-05-04,18.17523025080657,18.322248458862305,18.1531768886609,18.322248458862305,2600
2005-05-05,18.303864084941708,18.36267162521298,18.23035430908203,18.23035430908203,5400
2005-05-06,18.2818138730664,18.32224292165761,18.2818138730664,18.28916358947754,17200
2005-05-09,18.289163392693865,18.34797093792764,18.226680989294064,18.2965145111084,10600
2005-05-10,18.267107773659884,18.28181000753848,18.175220915041958,18.21197509765625,9400
2005-05-11,18.186246729766573,18.270782470703125,18.153167404871212,18.270782470703125,4600
2005-05-12,18.29651098359165,18.307538360128635,18.112737264906855,18.127439498901367,14400
2005-05-13,18.21197926000507,18.21197926000507,18.094364166259766,18.094364166259766,3000
2005-05-16,18.16419295491065,18.234027862548828,18.16419295491065,18.234027862548828,1800
2005-05-17,18.2266743653634,18.384719848632812,18.219323249620412,18.384719848632812,10000
2005-05-18,18.502338104587018,18.645681381225586,18.502338104587018,18.645681381225586,2800
2005-05-19,18.627296914827472,18.68977928161621,18.627296914827472,18.68977928161621,1400
2005-05-20,18.70448875427246,18.70816501379074,18.68243680549156,18.70448875427246,3000
2005-05-23,18.708160326186075,18.844152450561523,18.708160326186075,18.844152450561523,10400
2005-05-24,18.82577783161382,18.82577783161382,18.722863608630973,18.79637336730957,21200
2005-05-25,18.697138745310394,18.708166122436523,18.675086795222697,18.708166122436523,3200
2005-05-26,18.822103305244283,18.82945442199707,18.81842844790897,18.82945442199707,5400
2005-05-27,18.82944966558821,18.89193344116211,18.82944966558821,18.89193344116211,10800
2005-05-31,18.836795775435228,18.840470630865827,18.811067581176758,18.811067581176758,4200
2005-06-01,18.744914355114418,19.01322374528094,18.744914355114418,18.9029598236084,29000
2005-06-02,18.987499237060547,18.987499237060547,18.987499237060547,18.987499237060547,400
2005-06-03,18.9250207796251,18.9250207796251,18.851511001586914,18.851511001586914,5000
2005-06-06,18.891939962150357,18.891939962150357,18.800053097357956,18.888263702392578,2200
2005-06-07,18.965447207318498,19.035282117750892,18.965447207318498,19.009553909301758,2800
2005-06-08,18.877236945748056,18.917667388916016,18.877236945748056,18.917667388916016,1800
2005-06-09,18.803730036755134,18.88459093539072,18.744922492860827,18.855186462402344,3400
2005-06-10,18.844152450561523,18.844152450561523,18.844152450561523,18.844152450561523,200
2005-06-13,18.89561992414489,18.9213481410702,18.83313751220703,18.83313751220703,5400
2005-06-14,18.880906478441155,18.958092485485587,18.862529391842706,18.9029598236084,5200
2005-06-15,18.8772400140666,18.8772400140666,18.847835540771484,18.847835540771484,7000
2005-06-16,18.94706993865291,19.042633056640625,18.94706993865291,19.042633056640625,4400
2005-06-17,19.068361122489108,19.127168655395508,19.068361122489108,19.127168655395508,3000
2005-06-20,19.126435632959932,19.14854621887207,19.041673700928744,19.14854621887207,5800
2005-06-21,19.14854148301795,19.14854148301795,19.093263626098633,19.093263626098633,4200
2005-06-22,19.13379737410406,19.13379737410406,19.078519525229915,19.089574813842773,1800
2005-06-23,19.049040396857002,19.078523046345715,18.88320541381836,18.88320541381836,5600
2005-06-24,18.883214267044778,18.883214267044778,18.743174427937173,18.78371238708496,5200
2005-06-27,18.776338309816865,18.776338309816865,18.721059029056978,18.75054168701172,9200
2005-06-28,18.794758871162326,18.90531599512479,18.794758871162326,18.88320541381836,12200
2005-06-29,18.92742549430346,18.92742549430346,18.86846160888672,18.86846160888672,3800
2005-06-30,18.923745526337452,18.923745526337452,18.757910511941976,18.76527976989746,986200
2005-07-01,18.79844705393863,18.827929709002056,18.76527976989746,18.76527976989746,5600
2005-07-05,18.76159316544324,18.931114196777344,18.76159316544324,18.931114196777344,8000
2005-07-06,18.872150693302842,18.897947311401367,18.872150693302842,18.897947311401367,600
2005-07-07,18.728431561315524,18.787395477294922,18.717376266385216,18.787395477294922,1200
2005-07-08,18.86478443175989,19.01956558227539,18.86478443175989,19.01956558227539,6200
2005-07-11,19.052724726000708,19.14854051664467,19.052724726000708,19.1116886138916,6400
2005-07-12,19.181715579769072,19.225938162190374,19.181715579769072,19.196456909179688,3000
2005-07-13,19.21487875028398,19.21487875028398,19.178026840465357,19.207508087158203,12800
2005-07-14,19.31069805398366,19.31069805398366,19.23699282056334,19.25541877746582,6600
2005-07-15,19.329122068964608,19.329122068964608,19.21856493284657,19.292268753051758,9000
2005-07-18,19.29226793369017,19.29226793369017,19.21487808227539,19.21487808227539,1600
2005-07-19,19.24435870799694,19.273839950561523,19.21856209357416,19.273839950561523,1400
2005-07-20,19.163285931727835,19.318065643310547,19.163285931727835,19.318065643310547,800
2005-07-21,19.307010134003004,19.307010134003004,19.181711671165573,19.218564987182617,3800
2005-07-22,19.185396194458008,19.185396194458008,19.14854288134386,19.185396194458008,3600
2005-07-25,19.288588109280223,19.303329438690838,19.196456909179688,19.196456909179688,7000
2005-07-26,19.196456909179688,19.196456909179688,19.196456909179688,19.196456909179688,0
2005-07-27,19.178019035824576,19.288576126098633,19.178019035824576,19.288576126098633,3200
2005-07-28,19.42494010925293,19.42494010925293,19.42494010925293,19.42494010925293,200
2005-07-29,19.36965342097726,19.37333804840933,19.32542945693375,19.343856811523438,12600
2005-08-01,19.347551914079137,19.362293243408203,19.325439920085536,19.362293243408203,800
2005-08-02,19.292276910651875,19.45811338785682,19.292276910651875,19.450742721557617,2000
2005-08-03,19.465471545394433,19.491268157958984,19.465471545394433,19.491268157958984,800
2005-08-04,19.41018648216969,19.413872514753756,19.384389877319336,19.384389877319336,1000
2005-08-05,19.222246467457396,19.22593109555046,19.2001344814689,19.211191177368164,1800
2005-08-08,19.203821094762908,19.214876385185686,19.133800506591797,19.133800506591797,5800
2005-08-09,19.273839397408796,19.299636011091224,19.207504846279697,19.222246170043945,4200
2005-08-10,19.402827145465583,19.402827145465583,19.207508087158203,19.207508087158203,1400
2005-08-11,19.236982617372323,19.299631118774414,19.211186010229152,19.299631118774414,2200
2005-08-12,19.310697684352764,19.310697684352764,19.144861263783955,19.251733779907227,2800
2005-08-15,19.214876537056437,19.310693740844727,19.20013521250284,19.310693740844727,4200
2005-08-16,19.25172950764535,19.259098763981612,19.178024291992188,19.178024291992188,4200
2005-08-17,19.16328687763944,19.218566152110615,19.155916213989258,19.155916213989258,4200
2005-08-18,19.071152189456296,19.15222806891321,19.071152189456296,19.14485740661621,3400
2005-08-19,19.189076341522263,19.21855898512832,19.163279731271874,19.19276237487793,3200
2005-08-22,19.211192906139054,19.277527464263795,19.11906173161137,19.163284301757812,30400
2005-08-23,19.144862190962655,19.144862190962655,19.11906556938156,19.126436233520508,2200
2005-08-24,19.133798320897434,19.185392950533462,19.108001708984375,19.108001708984375,2200
2005-08-25,19.071144188918513,19.071144188918513,19.034292298703342,19.04903221130371,2000
2005-08-26,19.08957916719197,19.08957916719197,18.960596084594727,18.960596084594727,3000
2005-08-29,18.868466289590543,19.0527286529541,18.868466289590543,19.0527286529541,6000
2005-08-30,18.89427375793457,18.89427375793457,18.89427375793457,18.89427375793457,800
2005-08-31,18.975334057800165,19.034297943115234,18.96059273501892,19.034297943115234,3200
2005-09-01,19.115375697376574,19.200136209244825,19.115375697376574,19.163284301757812,1400
2005-09-02,19.144855015867254,19.15222567724383,19.108001708984375,19.108001708984375,1600
2005-09-06,19.273845172907976,19.329124450683594,19.270160543767805,19.329124450683594,4400
2005-09-07,19.31438395835749,19.37334786782502,19.31438395835749,19.36966323852539,3000
2005-09-08,19.354917946775014,19.354917946775014,19.28489875793457,19.28489875793457,5200
2005-09-09,19.336490881954873,19.435992716683455,19.336490881954873,19.399139404296875,2400
2005-09-12,19.435986230085778,19.435986230085778,19.42861557006836,19.42861557006836,800
2005-09-13,19.314378369078085,19.340174984141836,19.310693740844727,19.310693740844727,2400
2005-09-14,19.365974980161138,19.365974980161138,19.229621218760634,19.23699188232422,3400
2005-09-15,19.233301459962124,19.233301459962124,19.207504846279697,19.222246170043945,4800
2005-09-16,19.303328664648106,19.36966323852539,19.303328664648106,19.36966323852539,2600
2005-09-19,19.321751405782038,19.321751405782038,19.236990887897868,19.292268753051758,15000
2005-09-20,19.31437390219453,19.31437390219453,19.141166893273002,19.152223587036133,5200
2005-09-21,19.152229869039854,19.152229869039854,18.931114196777344,18.931114196777344,6400
2005-09-22,18.886895962737864,18.98639782723882,18.886895962737864,18.982711791992188,5000
2005-09-23,18.93576287756054,19.05034637451172,18.93576287756054,19.05034637451172,2000
2005-09-26,19.05035374359079,19.10579630098272,19.009695022170845,19.04296112060547,6200
2005-09-27,18.998598098754883,18.998598098754883,18.998598098754883,18.998598098754883,1800
2005-09-28,18.998598098754883,19.061433250378176,18.98750846435229,18.998598098754883,105600
2005-09-29,19.113186612384013,19.20189666748047,19.113186612384013,19.20189666748047,8000
2005-09-30,19.205592273526847,19.205592273526847,19.15014972284024,19.20189666748047,2400
2005-10-03,19.238851810970292,19.246244430541992,19.209282742681506,19.246244430541992,4600
2005-10-04,19.135359721492883,19.135359721492883,19.005990982055664,19.005990982055664,1000
2005-10-05,18.850743463930105,18.92836383391156,18.762033462524414,18.762033462524414,1600
2005-10-06,18.784226115517512,18.784226115517512,18.662251353727786,18.66594696044922,2000
2005-10-07,18.665935503792262,18.725075045028127,18.65484728043488,18.699201583862305,12400
2005-10-10,18.758347750648515,18.758347750648515,18.55505559397121,18.588321685791016,8200
2005-10-11,18.595713253440927,18.595713253440927,18.510700225830078,18.510700225830078,3800
2005-10-12,18.58462977910451,18.58462977910451,18.385034583313672,18.399818420410156,1600
2005-10-13,18.385033166852388,18.481134445569943,18.362855297918188,18.44786834716797,5200
2005-10-14,18.555053952005977,18.595712661743164,18.49591439511505,18.595712661743164,6000
2005-10-17,18.6474642309916,18.66224947638749,18.56984380766107,18.632678985595703,1001200
2005-10-18,18.588327997608754,18.603113245659873,18.529188415403155,18.53658103942871,37200
2005-10-19,18.388732278855496,18.714000701904297,18.388732278855496,18.714000701904297,4800
2005-10-20,18.710286569617164,18.710286569617164,18.481121063232422,18.481121063232422,6600
2005-10-21,18.56983350196255,18.610490789239773,18.5291748046875,18.5291748046875,4000
2005-10-24,18.6289800210475,18.79530906677246,18.6289800210475,18.79530906677246,448000
2005-10-25,18.750951193637245,18.754648208618164,18.71029248883566,18.754648208618164,3800
2005-10-26,18.776825759165888,18.89880188072061,18.765737533569336,18.765737533569336,33800
2005-10-27,18.765741003228193,18.765741003228193,18.514397503248105,18.51809310913086,8600
2005-10-28,18.665940626886425,18.78421974182129,18.665940626886425,18.78421974182129,9800
2005-10-31,18.924673904339816,18.96902821334272,18.880319595336914,18.880319595336914,16800
2005-11-01,18.880322055351417,18.90989112854004,18.880322055351417,18.90989112854004,600
2005-11-02,18.869229078517026,19.07621819418466,18.869229078517026,19.057737350463867,7600
2005-11-03,19.109488631760726,19.216679523766334,19.109488631760726,19.120576858520508,8400
2005-11-04,19.1649333492269,19.1649333492269,19.065136477073366,19.127971649169922,10200
2005-11-07,19.127969695525014,19.220375346228035,19.127969695525014,19.194501876831055,5200
2005-11-08,19.176022124221166,19.176022124221166,19.15014865334603,19.157541275024414,12200
2005-11-09,19.220374246046056,19.246247713962028,19.183412551879883,19.183412551879883,3200
2005-11-10,19.220378009398722,19.297998428344727,19.220378009398722,19.297998428344727,3200
2005-11-11,19.37192558235302,19.41258430480957,19.36453295917922,19.41258430480957,3800
2005-11-14,19.41258430480957,19.41258430480957,19.41258430480957,19.41258430480957,0
2005-11-15,19.394098567248673,19.394098567248673,19.36822509765625,19.36822509765625,4400
2005-11-16,19.294294652401156,19.32386371900361,19.294294652401156,19.316471099853516,1200
2005-11-17,19.427366516627064,19.48280906677246,19.4125812725889,19.48280906677246,1600
2005-11-18,19.553039806340866,19.608482360839844,19.497595841843296,19.608482360839844,7800
2005-11-21,19.64543970209124,19.67500877380371,19.578907528240464,19.67500877380371,7400
2005-11-22,19.675008173981364,19.826553363132902,19.675008173981364,19.79328727722168,67400
2005-11-23,19.874610351011047,19.974408637173656,19.874610351011047,19.893091201782227,15600
2005-11-25,19.97439985741348,19.97439985741348,19.915260314941406,19.915260314941406,800
2005-11-28,19.996585705496436,19.996585705496436,19.80807876586914,19.80807876586914,600
2005-11-29,19.774803161621094,19.774803161621094,19.774803161621094,19.774803161621094,200
2005-11-30,19.793287332720524,19.830250433835594,19.69348907470703,19.69348907470703,13400
2005-12-01,19.73784549626717,19.93744060937688,19.73784549626717,19.9300479888916,12600
2005-12-02,19.922660304622628,19.933748532314013,19.874608967962565,19.907875061035156,9800
2005-12-05,19.83764102563733,19.878299730597337,19.82655280064754,19.845033645629883,21200
2005-12-06,19.922658177430574,20.00027858297942,19.82285990886851,19.833948135375977,25400
2005-12-07,19.85242657179521,19.85242657179521,19.697185779551635,19.704578399658203,6400
2005-12-08,19.81915610601374,19.845029565669286,19.723054885864258,19.723054885864258,4800
2005-12-09,19.745235425593922,19.804376385638797,19.734147200584555,19.778501510620117,11200
2005-12-12,19.848734497414846,19.867215345969562,19.763721466064453,19.763721466064453,2800
2005-12-13,19.83764721171163,19.978104215373417,19.83764721171163,19.92635726928711,11000
2005-12-14,19.99658578787365,20.11856194519271,19.99658578787365,20.06311798095703,165800
2005-12-15,20.10747101631638,20.10747101631638,19.985494875376258,19.992887496948242,21800
2005-12-16,20.077899427157252,20.077899427157252,19.98179817199707,19.98179817199707,14400
2005-12-19,20.06681406540084,20.06681406540084,19.852432250976562,19.852432250976562,15800
2005-12-20,19.89678821793558,19.89678821793558,19.826559011007152,19.893091201782227,5200
2005-12-21,19.952236768845232,19.98919989149901,19.874616326270743,19.900489807128906,24800
2005-12-22,19.934229382635593,19.975025241221232,19.9268118251878,19.963899612426758,10200
2005-12-23,20.023240374171614,20.02694844583625,19.978735025668705,19.997278213500977,17200
2005-12-27,19.975021862346146,19.975021862346146,19.845216751098633,19.845216751098633,1000
2005-12-28,19.87488771116169,19.9008484514208,19.841509414435087,19.88972282409668,9800
2005-12-29,19.900849696490337,19.900849696490337,19.804424285888672,19.804424285888672,3400
2005-12-30,19.785874699089664,19.785874699089664,19.682031757730382,19.719118118286133,11400
2006-01-03,19.73025561674154,20.038076533833113,19.69687730864682,20.015825271606445,29400
2006-01-04,20.086290465166346,20.123376846313477,20.086290465166346,20.123376846313477,43800
2006-01-05,20.15674794030085,20.197543793812997,20.141914242004454,20.164165496826172,43400
2006-01-06,20.31250781881581,20.364429284455678,20.31250781881581,20.338468551635742,3400
2006-01-09,20.416357099568582,20.446027326163833,20.390396358674877,20.434900283813477,4200
2006-01-10,20.397817192532894,20.397817192532894,20.33847814456298,20.35702133178711,2800
2006-01-11,20.397821493545894,20.397821493545894,20.386695861816406,20.386695861816406,1200
2006-01-12,20.371855726989853,20.401524542548284,20.282846450805664,20.282846450805664,16800
2006-01-13,20.32364218856553,20.32364218856553,20.271720700582947,20.275428771972656,2200
2006-01-17,20.19754558246674,20.20496313964895,20.13820653976347,20.156749725341797,113400
2006-01-18,20.00840038875338,20.07886505126953,20.00840038875338,20.07886505126953,2200
2006-01-19,20.156750332478694,20.230924491780563,20.14562470374746,20.193838119506836,2200
2006-01-20,20.015814113289544,20.015814113289544,19.826670001277673,19.830379486083984,9600
2006-01-23,19.860054143342285,19.89714192856519,19.819258286974264,19.83780288696289,30600
2006-01-24,19.897152982826064,19.90827861719683,19.82668685913086,19.82668685913086,3400
2006-01-25,19.815551393770036,19.815551393770036,19.793298721313477,19.793298721313477,11200
2006-01-26,19.93423086023481,19.982444279841992,19.919395744239594,19.952774047851562,84800
2006-01-27,20.10853527638425,20.10853527638425,20.07886505126953,20.07886505126953,10800
2006-01-30,20.06402987632717,20.127078397122805,20.06402987632717,20.089990615844727,9000
2006-01-31,20.026950769717388,20.06032907759044,19.956486081876374,20.038076400756836,25000
2006-02-01,20.056617664108387,20.097412109375,20.049200106399603,20.097412109375,27800
2006-02-02,20.138201114617488,20.138201114617488,19.926805743513942,19.941640853881836,6200
2006-02-03,19.808128356933594,19.893428122289684,19.808128356933594,19.808128356933594,6200
2006-02-06,19.8007147950656,19.83409309387207,19.8007147950656,19.83409309387207,2800
2006-02-07,19.774749443877,19.78216699907773,19.704284791601022,19.711702346801758,20800
2006-02-08,19.82296806802432,19.904558367220837,19.82296806802432,19.900850296020508,6600
2006-02-09,19.95277166503677,20.004693150064888,19.8637638092041,19.8637638092041,29200
2006-02-10,19.804424882513946,19.90826785317553,19.74508584002813,19.900850296020508,20200
2006-02-13,19.822972825198967,19.82668089728917,19.76363376847279,19.811845779418945,7000
2006-02-14,19.845223649066806,20.004697625763725,19.845223649066806,19.978736877441406,4600
2006-02-15,20.071449157845347,20.09370182852495,20.06403160095215,20.06403160095215,8400
2006-02-16,20.08258162016544,20.219802922835186,20.08258162016544,20.208677291870117,107200
2006-02-17,20.249465579605108,20.249465579605108,20.138205059558672,20.19754409790039,21800
2006-02-21,20.24947252287038,20.24947252287038,20.078872905985968,20.123376846313477,14600
2006-02-22,20.253179845877117,20.293975709632964,20.253179845877117,20.286558151245117,4400
2006-02-23,20.264301178030404,20.31993214676263,20.25688362121582,20.25688362121582,8800
2006-02-24,20.227216770134227,20.275428771972656,20.219799212600368,20.275428771972656,21000
2006-02-27,20.375560272786398,20.375560272786398,20.316221237182617,20.316221237182617,5800
2006-02-28,20.360735167880087,20.360735167880087,20.1382126293881,20.14933967590332,8600
2006-03-01,20.234632968445748,20.323640823364258,20.234632968445748,20.323640823364258,51400
2006-03-02,20.32364249618581,20.32364249618581,20.23463463394114,20.279138565063477,16200
2006-03-03,20.27913432159884,20.34589091169057,20.223503358271007,20.238338470458984,6400
2006-03-06,20.223503861818276,20.223503861818276,20.07886505126953,20.07886505126953,10000
2006-03-07,20.064033879797602,20.08628655300463,20.00840431891175,20.056617736816406,13000
2006-03-08,19.997279285477287,20.093706130981445,19.997279285477287,20.093706130981445,3000
2006-03-09,20.13079569756663,20.13079569756663,19.99728245325995,20.00840950012207,7000
2006-03-10,20.004691512619324,20.164165440583318,20.004691512619324,20.11595344543457,11600
2006-03-13,20.193835726301014,20.201253282827576,20.134496688842773,20.134496688842773,16200
2006-03-14,20.153048652125708,20.33106584205069,20.153048652125708,20.297687530517578,11800
2006-03-15,20.305102396619557,20.434906138275984,20.305102396619557,20.412654876708984,10400
2006-03-16,20.460867234364073,20.50908065983648,20.44974160339148,20.464576721191406,22600
2006-03-17,20.4979494782781,20.4979494782781,20.453445551684126,20.49053192138672,3200
2006-03-20,20.49794393855176,20.50165200861816,20.486818313598633,20.486818313598633,2000
2006-03-21,20.52761737766284,20.594373971960465,20.390396118164062,20.390396118164062,15800
2006-03-22,20.464567554642443,20.5313241400856,20.453441928653273,20.516489028930664,4800
2006-03-23,20.494249599536722,20.527627913817522,20.47570640599294,20.479415893554688,7600
2006-03-24,20.553069011385055,20.553069011385055,20.474949089656654,20.527029037475586,4200
2006-03-27,20.52702193209741,20.52702193209741,20.474942002305813,20.489822387695312,13000
2006-03-28,20.51586461186416,20.553064160362787,20.337302805669665,20.363344192504883,15600
2006-03-29,20.474949089656654,20.54934962328605,20.385668165486944,20.527029037475586,10000
2006-03-30,20.571654976098234,20.571654976098234,20.500975297101597,20.52329444885254,12000
2006-03-31,20.541902353382294,20.541902353382294,20.407981722786086,20.452621459960938,6400
2006-04-03,20.60141747000288,20.646057196330652,20.460056681048396,20.467496871948242,5800
2006-04-04,20.452625345864092,20.582826614379883,20.452625345864092,20.582826614379883,14800
2006-04-05,20.579102590509518,20.6460629080614,20.579102590509518,20.642343521118164,6000
2006-04-06,20.616306735269287,20.646067513740963,20.545627015007092,20.620027542114258,99200
2006-04-07,20.44146197335887,20.445181360193825,20.411701202392578,20.411701202392578,1800
2006-04-10,20.47866317167927,20.49726294549933,20.3782226901648,20.39682388305664,17000
2006-04-11,20.41913949292038,20.41913949292038,20.240579140972006,20.274059295654297,21200
2006-04-12,20.35218630648677,20.35218630648677,20.3038271698542,20.31126594543457,11600
2006-04-13,20.307545453789203,20.355906006865077,20.296385871953213,20.322425842285156,17400
2006-04-17,20.363346346729358,20.363346346729358,20.22570488076545,20.244304656982422,9200
2006-04-18,20.248030910108437,20.59771162189144,20.248030910108437,20.593992233276367,17600
2006-04-19,20.623750002558232,20.627470809957554,20.53074968458644,20.60515022277832,17200
2006-04-20,20.675823565531562,20.69442333828827,20.649782180786133,20.649782180786133,4800
2006-04-21,20.75394084863212,20.75394084863212,20.6274604231161,20.631179809570312,17400
2006-04-24,20.5195802300773,20.612580503313524,20.5195802300773,20.597700119018555,28400
2006-04-25,20.597701051201245,20.597701051201245,20.50470077375614,20.53074073791504,4800
2006-04-26,20.590261141843946,20.638621684120434,20.54562140539653,20.5791015625,15200
2006-04-27,20.47122706558545,20.731628208272877,20.47122706558545,20.679548263549805,8800
2006-04-28,20.582815891569787,20.67581614102946,20.560495320833834,20.5642147064209,17200
2006-05-01,20.601417791957832,20.62001755996247,20.478656768798828,20.478656768798828,14000
2006-05-02,20.56422583553392,20.593986612621364,20.530745670846525,20.55306625366211,5600
2006-05-03,20.564224024990892,20.564224024990892,20.471223733388623,20.512144088745117,60600
2006-05-04,20.556788664109636,20.590268833720245,20.556788664109636,20.575389862060547,3000
2006-05-05,20.64605733871698,20.742776982939407,20.64605733871698,20.73533821105957,6200
2006-05-08,20.787426841045125,20.787426841045125,20.76138687133789,20.76138687133789,5400
2006-05-09,20.76882870449055,20.76882870449055,20.713027954101562,20.713027954101562,6200
2006-05-10,20.690701803546588,20.690701803546588,20.642342679896743,20.66838264465332,27400
2006-05-11,20.519581775259038,20.519581775259038,20.452621459960938,20.452621459960938,10600
2006-05-12,20.344746705766777,20.348467512737617,20.270347595214844,20.270347595214844,19000
2006-05-15,20.25174623626818,20.32242737742719,20.22198687610022,20.314987182617188,3800
2006-05-16,20.355907707607226,20.355907707607226,20.25546720547563,20.270347595214844,8000
2006-05-17,20.128981820462577,20.128981820462577,19.97646141052246,19.97646141052246,10400
2006-05-18,20.013665088533152,20.013665088533152,19.85370445251465,19.85370445251465,10800
2006-05-19,19.957860982974058,19.980180142334273,19.883460473939422,19.9206600189209,9400
2006-05-22,19.909504037517454,19.94298420168038,19.783023575021062,19.86858367919922,33800
2006-05-23,20.069458329203318,20.069458329203318,19.80533790588379,19.80533790588379,8600
2006-05-24,19.809064601342378,19.95786565423948,19.697464521205553,19.894624710083008,34000
2006-05-25,20.00622775565047,20.054588317871094,19.942988221192305,20.054588317871094,6600
2006-05-26,20.102945540318007,20.155025482177734,20.076905569388146,20.155025482177734,4200
2006-05-30,20.088060111643,20.088060111643,19.90205955505371,19.90205955505371,13400
2006-05-31,20.00622214468864,20.013662338256836,19.954142208783068,20.013662338256836,1147800
2006-06-01,20.039704025709355,20.22942543029785,20.039704025709355,20.22942543029785,6200
2006-06-02,20.33730990718603,20.33730990718603,20.203390634385062,20.266630172729492,17600
2006-06-05,20.16990258883235,20.203382748732913,19.942981662736518,19.946701049804688,60000
2006-06-06,20.013659697831685,20.013659697831685,19.809059368450747,19.86113929748535,50000
2006-06-07,19.92066494673515,19.961585307780336,19.809064865112305,19.809064865112305,21400
2006-06-08,19.79046492710232,19.86858484169591,19.556103764249535,19.85370445251465,12200
2006-06-09,19.87973093904689,19.887171128590627,19.727210601077996,19.75697135925293,29600
2006-06-12,19.745818147563817,19.771858109822738,19.504016876220703,19.504016876220703,23000
2006-06-13,19.548655066576785,19.604455792198852,19.32545500223133,19.373815536499023,47200
2006-06-14,19.38869490988299,19.4816951751709,19.2994154498866,19.4816951751709,12600
2006-06-15,19.649101770435088,19.88718229320818,19.649101770435088,19.88346290588379,3200
2006-06-16,19.80161710044465,19.80533790588379,19.742096985061774,19.80533790588379,2800
2006-06-19,19.809060267165957,19.809060267165957,19.649099666975783,19.660259246826172,6200
2006-06-20,19.697462653181784,19.749542591035127,19.60074155224968,19.623062133789062,7800
2006-06-21,19.775574664042058,19.91321464756548,19.753254091414753,19.846254348754883,25400
2006-06-22,19.828330232247204,19.828330232247204,19.701321282134792,19.731204986572266,19400
2006-06-23,19.690111546160054,19.73867416381836,19.690111546160054,19.73867416381836,800
2006-06-26,19.723732378595333,19.772294998168945,19.69011232273688,19.772294998168945,12200
2006-06-27,19.734948161184185,19.734948161184185,19.59299659729004,19.59299659729004,3600
2006-06-28,19.611678269401487,19.641563415527344,19.581793123275627,19.641563415527344,18000
2006-06-29,19.779776011503134,20.10103416442871,19.779776011503134,20.10103416442871,12800
2006-06-30,20.101030607599593,20.160799456288725,20.07488182536071,20.082351684570312,14200
2006-07-03,20.168264629921495,20.213090896606445,20.168264629921495,20.213090896606445,2800
2006-07-05,20.011378640832326,20.05994128060434,20.00017242588567,20.03379249572754,13200
2006-07-06,20.022580504224088,20.12717704600097,20.022580504224088,20.044994354248047,5600
2006-07-07,19.985232171781693,20.015117315104973,19.850751876831055,19.850751876831055,5800
2006-07-10,19.850751876831055,19.850751876831055,19.850751876831055,19.850751876831055,0
2006-07-11,19.79845009475411,19.98149299621582,19.79845009475411,19.98149299621582,4600
2006-07-12,19.98522075538947,19.98522075538947,19.73867416381836,19.73867416381836,10000
2006-07-13,19.682645527073497,19.682645527073497,19.465984003826044,19.46971893310547,8600
2006-07-14,19.406208824435947,19.406208824435947,19.316554875982792,19.376323699951172,1800
2006-07-17,19.406211908424403,19.432360684003495,19.39126934380738,19.395004272460938,4400
2006-07-18,19.40620745014077,19.40620745014077,19.211958429749437,19.365116119384766,8600
2006-07-19,19.645289649432627,19.779769897460938,19.645289649432627,19.779769897460938,22000
2006-07-20,19.8358069453964,19.8358069453964,19.58926024231809,19.59299659729004,11200
2006-07-21,19.57431636363787,19.57431636363787,19.45477867126465,19.45477867126465,4600
2006-07-24,19.536959837514768,19.73494529724121,19.536959837514768,19.73494529724121,4400
2006-07-25,19.768566296606185,19.850749003848907,19.705062513738156,19.824600219726562,5800
2006-07-26,19.81713011999284,19.936667833129306,19.809658834796565,19.89557647705078,4200
2006-07-27,19.85447689054163,19.884360591792028,19.712525390848793,19.73867416381836,2400
2006-07-28,19.843270017846752,19.992692804841607,19.81712124387285,19.988956451416016,7800
2006-07-31,19.910505884831608,19.996423470286672,19.910505884831608,19.951597213745117,1864400
2006-08-01,19.783501788807254,19.824593127728708,19.7536180855016,19.813386917114258,14200
2006-08-02,19.929185227739243,19.95159907059653,19.899301528930664,19.899301528930664,13400
2006-08-03,19.817128021142278,19.981493428048285,19.817128021142278,19.903045654296875,11200
2006-08-04,20.04500103342619,20.04500103342619,19.850751876831055,19.850751876831055,3800
2006-08-07,19.89184535014462,19.89184535014462,19.798456404838777,19.84328269958496,2400
2006-08-08,19.90303886817332,19.90303886817332,19.772294998168945,19.772294998168945,11400
2006-08-09,19.910511488201305,19.910511488201305,19.731204986572266,19.731204986572266,8200
2006-08-10,19.76856299814971,19.805919415664196,19.72747307638621,19.761093139648438,8000
2006-08-11,19.78350381680793,19.78350381680793,19.634082434959822,19.701322555541992,69400
2006-08-14,19.91798064632451,19.91798064632451,19.73867416381836,19.73867416381836,3400
2006-08-15,19.93292741815272,20.059936381536808,19.93292741815272,20.05620002746582,4400
2006-08-16,20.1421177296024,20.27659797668457,20.1421177296024,20.27659797668457,4800
2006-08-17,20.220558077386432,20.295269456709143,20.220558077386432,20.269119262695312,2200
2006-08-18,20.284068126548366,20.336365680824684,20.276596843794398,20.310216903686523,5600
2006-08-21,20.30274655652418,20.30274655652418,20.25792028293615,20.284069061279297,11600
2006-08-22,20.30648310937019,20.325160604797922,20.239242985829105,20.27659797668457,17000
2006-08-23,20.28407067558571,20.28407067558571,20.127177993040537,20.1346492767334,12400
2006-08-24,20.299012874326014,20.299012874326014,20.172003903857217,20.201889038085938,7800
2006-08-25,20.228036575544646,20.284069061279297,20.228036575544646,20.284069061279297,5400
2006-08-28,20.265394607059246,20.384932304566185,20.25045203862044,20.366254806518555,3600
2006-08-29,20.328897788303134,20.388668060302734,20.280336579806033,20.388668060302734,5600
2006-08-30,20.50820175771357,20.50820175771357,20.433490357275346,20.44843292236328,2200
2006-08-31,20.433497840366996,20.478324127045497,20.433497840366996,20.444704055786133,9400
2006-09-01,20.53809111836264,20.560504972166534,20.511942334759016,20.549297332763672,5200
2006-09-05,20.470846053035615,20.58291244506836,20.470846053035615,20.58291244506836,10800
2006-09-06,20.4148239361076,20.470856448076372,20.369996216529923,20.39988136291504,6200
2006-09-07,20.35877713338156,20.35877713338156,20.220561981201172,20.220561981201172,2200
2006-09-08,20.30274869509878,20.351311327852024,20.30274869509878,20.32889747619629,5600
2006-09-11,20.302747328864925,20.321426249821922,20.302747328864925,20.317689895629883,3600
2006-09-12,20.369986209524107,20.59038406833344,20.369986209524107,20.579177856445312,53400
2006-09-13,20.601590572175464,20.62400299471907,20.59785421841724,20.612796783447266,2800
2006-09-14,20.564236657533602,20.616534216489836,20.564236657533602,20.59038543701172,7200
2006-09-15,20.676302473212008,20.765956446741534,20.676302473212008,20.728601455688477,5200
2006-09-18,20.73607250860815,20.75475143021243,20.683774948120117,20.683774948120117,600
2006-09-19,20.657627846020308,20.657627846020308,20.54929636192231,20.63895034790039,8400
2006-09-20,20.795841986481644,20.848140973565112,20.78837212761427,20.8294620513916,16000
2006-09-21,20.833197945050156,20.833197945050156,20.691246404680875,20.739809036254883,2400
2006-09-22,20.751011589967504,20.751011589967504,20.635210275483434,20.680036544799805,5800
2006-09-25,20.758480166575847,20.885489100584998,20.698711340277494,20.863075256347656,9000
2006-09-26,20.84280830189753,21.060625724950185,20.84280830189753,21.049358367919922,7200
2006-09-27,21.105684470953197,21.139483666630614,21.041840909076193,21.060619354248047,6600
2006-09-28,21.124456503913027,21.143233512064395,21.030570030562306,21.13947868347168,7200
2006-09-29,21.162010602197043,21.162010602197043,21.079391479492188,21.079391479492188,14400
2006-10-02,21.030567393551866,21.030567393551866,20.993013381958008,20.993013381958008,4000
2006-10-03,21.008036548331805,21.079391184215346,20.940438173596803,21.034324645996094,9000
2006-10-04,21.049355117242566,21.255905151367188,21.049355117242566,21.255905151367188,3600
2006-10-05,21.248394603253548,21.33477001636502,21.23712724843422,21.304725646972656,13000
2006-10-06,21.27468555395727,21.27468555395727,21.229618993844685,21.263418197631836,11000
2006-10-09,21.312236785888672,21.346035985231744,21.26717166429604,21.312236785888672,3600
2006-10-10,21.4023664491524,21.4023664491524,21.315989611380033,21.37232208251953,8200
2006-10-11,21.35354600178834,21.379834107442495,21.312235712162014,21.331012725830078,4200
2006-10-12,21.503766305135013,21.582632064819336,21.50001147495695,21.582632064819336,3400
2006-10-13,21.63144688612697,21.638957977294922,21.55633883963575,21.638957977294922,11200
2006-10-16,21.59389208162858,21.74035477261935,21.59389208162858,21.702800750732422,8000
2006-10-17,21.608913285394607,21.684022758363092,21.54506973196348,21.661489486694336,7800
2006-10-18,21.736600732613134,21.736600732613134,21.691534185599757,21.714067459106445,7000
2006-10-19,21.695292447208768,21.72909164428711,21.676515433852867,21.72909164428711,4800
2006-10-20,21.744114903095163,21.744114903095163,21.68402759782883,21.710315704345703,10800
2006-10-23,21.650226946765383,21.8905761517079,21.650226946765383,21.81922149658203,7400
2006-10-24,21.744101146550143,21.81169950128253,21.744101146550143,21.79292106628418,7600
2006-10-25,21.838002822405087,21.87931168346995,21.804203621465145,21.86053466796875,6800
2006-10-26,21.931888338253767,21.96944236755371,21.834245569922892,21.96944236755371,11400
2006-10-27,21.90934465879076,21.91309948690025,21.7854138422721,21.80043601989746,7800
2006-10-30,21.7704035451069,21.879310803672336,21.76289245268956,21.834245681762695,4000
2006-10-31,21.834247726497157,21.879312852627063,21.796693693487995,21.856781005859375,174200
2006-11-01,21.856776214269832,21.86428730574394,21.7403564453125,21.7403564453125,22800
2006-11-02,21.646469071180537,21.721578550275343,21.646469071180537,21.714067459106445,4800
2006-11-03,21.714066809804297,21.73660008263719,21.627691412836054,21.650224685668945,9800
2006-11-06,21.740358385357023,21.909354377119584,21.740358385357023,21.898088455200195,60800
2006-11-07,21.965681622387304,21.965681622387304,21.920615080250354,21.93939208984375,7000
2006-11-08,21.931881510161354,21.991968797890813,21.916859330080506,21.980701446533203,8800
2006-11-09,21.973186841504344,21.97694310222065,21.875545551786104,21.883056640625,9000
2006-11-10,21.913107155715796,21.913107155715796,21.830488015049937,21.875553131103516,9600
2006-11-13,21.894324337361944,21.999478157060683,21.894324337361944,21.93563461303711,9800
2006-11-14,21.965682756470244,22.097123263004253,21.894328110699718,22.078346252441406,4800
2006-11-15,22.134681934630052,22.232324702222144,22.134681934630052,22.172237396240234,5600
2006-11-16,22.21729874309476,22.21729874309476,22.160966276546965,22.179744720458984,34200
2006-11-17,22.145946361041325,22.198522567749023,22.138435269712485,22.198522567749023,12400
2006-11-20,22.213543913868833,22.213543913868833,22.142189265229078,22.179744720458984,2800
2006-11-21,22.194768071868744,22.194768071868744,22.138437031311348,22.17599105834961,11600
2006-11-22,22.23982717066489,22.23982717066489,22.198516895209657,22.20602798461914,6200
2006-11-24,22.20602798461914,22.20602798461914,22.20602798461914,22.20602798461914,0
2006-11-27,22.157206067071467,22.157206067071467,21.83048156517481,21.87179183959961,3800
2006-11-28,21.90935594922047,21.924378134587133,21.841757547664937,21.920621871948242,12400
2006-11-29,21.950654563834856,22.100872039794922,21.950654563834856,22.100872039794922,9800
2006-11-30,22.0445517472122,22.15721526713639,22.029529562530474,22.104639053344727,8600
2006-12-01,21.943145574260942,21.988210678100586,21.85677019498753,21.988210678100586,16800
2006-12-04,22.04079324973949,22.20227813720703,22.04079324973949,22.20227813720703,11800
2006-12-05,22.254855557569208,22.281145095825195,22.232323714198813,22.281145095825195,8000
2006-12-06,22.288653826024827,22.288653826024827,22.232322787352913,22.247344970703125,9400
2006-12-07,22.284898664455135,22.288653493939616,22.194766998291016,22.194766998291016,2000
2006-12-08,22.194766305787507,22.247343945089394,22.138435269712485,22.198522567749023,21400
2006-12-11,22.23231966691356,22.281141039652248,22.20603156603751,22.24358558654785,15200
2006-12-12,22.269877605712036,22.269877605712036,22.115903802378124,22.183502197265625,12800
2006-12-13,22.25861167907715,22.25861167907715,22.209790297759557,22.25861167907715,22400
2006-12-14,22.29241164884668,22.438874365279432,22.29241164884668,22.42009735107422,4000
2006-12-15,22.49895579363159,22.510221712693223,22.446379594552003,22.472667694091797,18200
2006-12-18,22.480179797908992,22.491445717478577,22.367516304431003,22.37127113342285,6800
2006-12-19,22.318701608092212,22.431365135270866,22.318701608092212,22.412588119506836,5000
2006-12-20,22.43594998842168,22.45855835596179,22.33043900254861,22.40957260131836,12000
2006-12-21,22.447249260747824,22.447249260747824,22.300289154052734,22.300289154052734,6600
2006-12-22,22.277683242480638,22.277683242480638,22.198551084672534,22.221160888671875,12400
2006-12-26,22.16840232794324,22.258838653564453,22.16840232794324,22.258838653564453,4800
2006-12-27,22.341744623778453,22.40957260131836,22.341744623778453,22.40957260131836,3800
2006-12-28,22.41334228137415,22.41334228137415,22.33044109274119,22.34551429748535,20600
2006-12-29,22.38695673008849,22.38695673008849,22.251300811767578,22.251300811767578,15400
2007-01-03,22.375650014447164,22.40956399018528,22.119411406083433,22.179702758789062,31000
2007-01-04,22.202313545042013,22.34550606242047,22.17970518371763,22.273910522460938,19400
2007-01-05,22.164628403052408,22.168397420970383,22.10810463395607,22.149555206298828,6200
2007-01-08,22.175936995991478,22.236228357547578,22.089268253595797,22.202314376831055,12600
2007-01-09,22.27014031678856,22.27014031678856,22.126949244502523,22.187240600585938,9600
2007-01-10,22.104343924551316,22.236230843493786,22.104343924551316,22.217390060424805,6000
2007-01-11,22.41333711172096,22.41333711172096,22.334204961255892,22.34174156188965,7400
2007-01-12,22.364344063435734,22.451014229273245,22.33043008820429,22.443477630615234,15600
2007-01-16,22.46609048217734,22.500004464191317,22.41333571847993,22.45478630065918,40400
2007-01-17,22.420869837466988,22.507538573587286,22.420869837466988,22.43971061706543,4800
2007-01-18,22.4020279558923,22.43970951323559,22.296517007904402,22.33043098449707,8600
2007-01-19,22.307825088500977,22.356812268424264,22.281447707955998,22.307825088500977,17400
2007-01-22,22.326667952664923,22.349277754153064,22.206085219647296,22.24376678466797,42800
2007-01-23,22.28898372165012,22.33420188175828,22.23245994342038,22.273910522460938,17800
2007-01-24,22.337971154286702,22.45478630065918,22.337971154286702,22.45478630065918,18600
2007-01-25,22.484932250703224,22.484932250703224,22.228695021135437,22.24376678466797,24000
2007-01-26,22.307816357407077,22.307816357407077,22.145783118929565,22.23621940612793,22000
2007-01-29,22.270142834902238,22.322899035217336,22.22115709079886,22.258838653564453,56200
2007-01-30,22.31912358605713,22.371878333713475,22.315356005849846,22.364341735839844,4800
2007-01-31,22.383192013618178,22.537688732043026,22.383192013618178,22.51884651184082,6600
2007-02-01,22.571600652103832,22.620586395263672,22.518844452804892,22.620586395263672,20000
2007-02-02,22.65449330259369,22.65449330259369,22.609275154772664,22.616811752319336,8200
2007-02-05,22.609289832449555,22.609289832449555,22.54523086790505,22.564071655273438,8400
2007-02-06,22.582903583177558,22.605513381625567,22.556526203717898,22.594207763671875,3600
2007-02-07,22.677104994552295,22.699714789085988,22.58666725387664,22.597972869873047,7600
2007-02-08,22.571603695439176,22.631895065307617,22.556530493607156,22.631895065307617,3200
2007-02-09,22.68465143824407,22.68465143824407,22.462326726610403,22.49247169494629,8400
2007-02-12,22.439708686081257,22.439708686081257,22.36057655610169,22.402027130126953,12000
2007-02-13,22.409564853306993,22.548988342285156,22.409564853306993,22.548988342285156,24000
2007-02-14,22.744941045010737,22.782622611867534,22.718563660719052,22.752477645874023,6800
2007-02-15,22.778856288117918,22.816537857055664,22.744942301090063,22.816537857055664,3600
2007-02-16,22.771315286346503,22.771315286346503,22.733633724690613,22.763778686523438,11800
2007-02-20,22.74870921837056,22.824073791503906,22.729868434452143,22.824073791503906,23600
2007-02-21,22.74493278110157,22.797687530517578,22.737396182976557,22.797687530517578,12400
2007-02-22,22.80522869824907,22.80522869824907,22.72232753972165,22.767545700073242,5800
2007-02-23,22.78639180297041,22.78639180297041,22.646966842136994,22.66957664489746,24400
2007-02-26,22.75247463898691,22.75247463898691,22.575368135754537,22.62435531616211,29800
2007-02-27,22.383188324198173,22.383188324198173,21.746359335265062,21.919696807861328,21200
2007-02-28,21.998835196308296,22.09304055256823,21.949848008564427,22.051589965820312,38400
2007-03-01,21.629543577015415,22.010132464255523,21.629543577015415,21.946073532104492,11600
2007-03-02,21.829271036847512,21.885794840526117,21.671005249023438,21.671005249023438,5400
2007-03-05,21.520273302476486,21.678537621958995,21.497663497924805,21.497663497924805,10400
2007-03-06,21.742589323298905,21.810417272376146,21.659688177213567,21.80664825439453,8400
2007-03-07,21.821722683920886,21.904623834688582,21.791577725661256,21.795345306396484,10200
2007-03-08,21.98376664672271,22.006376454495467,21.866951462753416,21.904634475708008,9200
2007-03-09,22.013896898197483,22.017665915702455,21.88577905220844,21.957374572753906,5800
2007-03-12,21.94984305124042,22.028975187636625,21.915929073147854,22.00259780883789,24000
2007-03-13,21.923473214817427,21.923473214817427,21.56926155090332,21.56926155090332,14800
2007-03-14,21.614478979669514,21.73882931286325,21.459982239968337,21.67477035522461,23400
2007-03-15,21.731284934223464,21.85940424111024,21.731284934223464,21.795345306396484,9200
2007-03-16,21.73882532216582,21.757667541503906,21.73882532216582,21.757667541503906,5000
2007-03-19,21.90085661452148,21.95738039240529,21.90085661452148,21.953611373901367,8200
2007-03-20,21.97245591867865,22.119416031790344,21.97245591867865,22.0704288482666,19000
2007-03-21,22.059128529848767,22.40957260131836,22.055359510285555,22.40957260131836,7000
2007-03-22,22.428402002007424,22.428402002007424,22.349269880865247,22.36811065673828,5400
2007-03-23,22.38890298339982,22.419133417728556,22.347336856931026,22.377567291259766,26800
2007-03-26,22.40023649433157,22.40023649433157,22.237751529302585,22.252866744995117,103600
2007-03-27,22.324663298801507,22.324663298801507,22.24153105395887,22.252866744995117,7400
2007-03-28,22.158403120028115,22.165960729344715,22.06771469116211,22.06771469116211,3600
2007-03-29,22.20374723710747,22.20374723710747,22.01481132942067,22.154624938964844,4800
2007-03-30,22.10926940520155,22.24530342859291,22.033696229064965,22.1168270111084,9600
2007-04-02,22.113050985510988,22.143279970483878,22.06014918070887,22.12816619873047,13800
2007-04-03,22.143279732755076,22.339773178100586,22.143279732755076,22.339773178100586,5600
2007-04-04,22.332221438401607,22.370009480971802,22.332221438401607,22.351116180419922,3600
2007-04-05,22.332228623087698,22.460705126226735,22.332228623087698,22.449369430541992,6800
2007-04-09,22.50981622386672,22.50981622386672,22.441799205056853,22.490922927856445,4400
2007-04-10,22.490921545956912,22.528708135655762,22.490921545956912,22.50603675842285,1800
2007-04-11,22.55137601720234,22.55137601720234,22.411563936166324,22.426677703857422,3400
2007-04-12,22.36245465161334,22.52493965119237,22.36245465161334,22.521160125732422,7400
2007-04-13,22.53248818074551,22.62317657470703,22.53248818074551,22.62317657470703,8400
2007-04-16,22.713872904975787,22.865020751953125,22.713872904975787,22.865020751953125,7000
2007-04-17,22.959484734819917,22.982157556613842,22.925476222862127,22.936813354492188,7400
2007-04-18,22.85368399562915,23.0312841850605,22.85368399562915,23.019947052001953,16600
2007-04-19,22.90281144745213,23.008615096737323,22.90281144745213,22.955713272094727,6400
2007-04-20,23.159760010677434,23.159760010677434,23.06151254800142,23.125751495361328,9800
2007-04-23,23.212662201002605,23.212662201002605,23.12952995300293,23.12952995300293,5400
2007-04-24,23.220218043092313,23.220218043092313,23.1295281938569,23.140865325927734,11000
2007-04-25,23.27689997750532,23.405376434326172,23.239113377867696,23.405376434326172,2800
2007-04-26,23.431822939954785,23.431822939954785,23.344912623944005,23.37514305114746,7400
2007-04-27,23.3449174443614,23.40537686978628,23.3449174443614,23.35625457763672,6000
2007-04-30,23.363811396674773,23.363811396674773,23.216440200805664,23.216440200805664,2600
2007-05-01,23.23155423591857,23.280677965377475,23.095520179857775,23.258005142211914,21200
2007-05-02,23.34491666864505,23.488508339807712,23.329802893890843,23.450721740722656,10000
2007-05-03,23.533853475667993,23.537633000605453,23.47717357480377,23.518739700317383,14600
2007-05-04,23.613207206619474,23.61698529002067,23.55652586533687,23.567861557006836,13200
2007-05-07,23.643437326600992,23.662330627441406,23.643437326600992,23.662330627441406,4200
2007-05-08,23.609419607244142,23.677436616934646,23.54140259755364,23.650985717773438,5400
2007-05-09,23.65477465612598,23.771915435791016,23.6434389631304,23.771915435791016,30600
2007-05-10,23.666107678677907,23.68877906072999,23.446941375732422,23.446941375732422,9000
2007-05-11,23.54518481515004,23.60564422607422,23.54518481515004,23.60564422607422,3200
2007-05-14,23.677445558598095,23.677445558598095,23.533853879306392,23.57164192199707,7400
2007-05-15,23.624541680615327,23.734124832664737,23.560302734375,23.560302734375,17200
2007-05-16,23.65477806249438,23.719017028808594,23.590540537646927,23.719017028808594,8400
2007-05-17,23.73034148223502,23.78324328739462,23.692554890397044,23.74545669555664,5000
2007-05-18,23.832371483108464,23.873937606811523,23.813478183643348,23.873937606811523,10600
2007-05-21,23.88527523473793,23.972185572496944,23.88527523473793,23.923063278198242,35200
2007-05-22,23.93817011155506,23.945727718055263,23.88904783150283,23.915498733520508,6200
2007-05-23,23.957074057171678,24.00619635610557,23.847490882996198,23.87771987915039,25800
2007-05-24,23.82858874231367,23.919277138606983,23.582971572875977,23.582971572875977,14800
2007-05-25,23.692555896663617,23.764351000791475,23.66232546873643,23.726564407348633,60000
2007-05-29,23.813479974585025,23.824815666823348,23.71145442004075,23.760578155517578,6600
2007-05-30,23.650995131149873,23.938177054115897,23.650995131149873,23.923063278198242,35600
2007-05-31,24.002410532399587,24.006188615150617,23.92305782143271,23.964622497558594,20200
2007-06-01,24.02509194026533,24.08555137615397,24.02509194026533,24.081771850585938,20200
2007-06-04,24.05531767557306,24.146007537841797,24.05531767557306,24.146007537841797,9400
2007-06-05,24.07043121327744,24.07043121327744,23.94573284154243,23.9872989654541,33800
2007-06-06,23.938175196722877,23.938175196722877,23.741683151841197,23.78702735900879,26800
2007-06-07,23.74924017836949,23.74924017836949,23.371368408203125,23.371368408203125,36000
2007-06-08,23.401593173655343,23.628315604254496,23.401593173655343,23.60564422607422,4600
2007-06-11,23.59808809964048,23.745457832919836,23.582972885594867,23.654767990112305,23400
2007-06-12,23.56029983035756,23.688776265536028,23.477169036865234,23.477169036865234,6200
2007-06-13,23.530075704710338,23.80970001220703,23.530075704710338,23.80970001220703,6400
2007-06-14,23.957065640807624,23.972179412841797,23.907941917664804,23.972179412841797,11200
2007-06-15,24.11199448161185,24.17245389792326,24.10443687438965,24.10443687438965,5200
2007-06-18,24.146003856352003,24.146003856352003,24.05153592489752,24.074207305908203,14200
2007-06-19,24.02509314999322,24.119561113417603,23.998640794085002,24.089330673217773,14400
2007-06-20,24.10821432878741,24.10821432878741,23.821032469161338,23.83992576599121,4600
2007-06-21,23.836152249767654,23.953291577434243,23.80969989937868,23.930620193481445,8600
2007-06-22,23.82481404172134,23.83237164985353,23.650993379079978,23.700117111206055,15600
2007-06-25,23.635874874744182,23.760573229378593,23.48472705752612,23.530071258544922,99000
2007-06-26,23.586754362308675,23.62076287807177,23.450721740722656,23.450721740722656,12600
2007-06-27,23.462058556781173,23.696338653564453,23.462058556781173,23.696338653564453,4800
2007-06-28,23.644806158966453,23.76985005221666,23.644806158966453,23.678909301757812,18200
2007-06-29,23.720587804895896,23.77742685365322,23.485655864621265,23.731956481933594,44600
2007-07-02,23.77743025422518,23.838057907014473,23.77743025422518,23.826690673828125,19200
2007-07-03,23.940370699870844,23.955527976563364,23.932792061524587,23.936580657958984,6400
2007-07-05,23.947934936606433,23.966880798339844,23.891095905929614,23.966880798339844,21400
2007-07-06,23.902475640570856,24.042676816850133,23.902475640570856,24.004783630371094,6200
2007-07-09,24.061611439940535,24.095714569091797,24.004772409529565,24.095714569091797,13000
2007-07-10,23.88731579569537,23.940364805580664,23.70922145210007,23.72058868408203,8400
2007-07-11,23.72058567209368,23.8153164478536,23.72058567209368,23.8077392578125,2000
2007-07-12,23.951731832906034,24.281396012337154,23.951731832906034,24.251081466674805,6000
2007-07-13,24.232128300893056,24.36853937886228,24.232128300893056,24.353382110595703,25000
2007-07-16,24.326860922343016,24.406437314303346,24.31170654296875,24.31170654296875,11800
2007-07-17,24.345815026303452,24.44054582407117,24.345815026303452,24.391286849975586,12000
2007-07-18,24.239706902106647,24.28517581589131,24.148764738107342,24.270021438598633,42000
2007-07-19,24.41400909423828,24.45190081618518,24.40643190623013,24.41400909423828,3800
2007-07-20,24.41401526831018,24.823252907116366,24.065405267237104,24.137401580810547,15400
2007-07-23,24.288970864064208,24.307918176016955,24.232133264636836,24.23592185974121,7000
2007-07-24,24.01614327706323,24.118452673864223,23.747106813411712,23.78120994567871,32000
2007-07-25,23.928993534998323,23.947939400263053,23.667535679723734,23.90625762939453,41200
2007-07-26,23.70543211275928,23.713010749001818,23.171150544215408,23.493234634399414,52800
2007-07-27,23.436394295940477,23.538703711370477,23.0764184898253,23.087785720825195,17200
2007-07-30,23.152204290809696,23.39471632524224,23.11052395778315,23.33787727355957,10600
2007-07-31,23.523550940467,23.572809911515687,23.04231834411621,23.04231834411621,16600
2007-08-01,23.11431404989988,23.22041207806802,22.814964389880082,23.197677612304688,101600
2007-08-02,23.22798994845172,23.334089418595013,23.205255483438794,23.330299377441406,26000
2007-08-03,23.193882321572087,23.26587863480036,22.754331588745117,22.754331588745117,24200
2007-08-06,22.940007193854708,23.258302688598633,22.803594632467735,23.258302688598633,11400
2007-08-07,23.152202650670862,23.44397363404993,23.12188955193743,23.371978759765625,13600
2007-08-08,23.55007578116997,23.750904600316044,23.44018771408064,23.584178924560547,68200
2007-08-09,23.52354338710906,23.572802342340808,23.091569900512695,23.091569900512695,27000
2007-08-10,22.74296901530544,23.20146570768842,22.74296901530544,23.129470825195312,70600
2007-08-13,23.262085560290643,23.296188692246233,23.091569900512695,23.091569900512695,65400
2007-08-14,23.15220755809416,23.15220755809416,22.761917114257812,22.761917114257812,12000
2007-08-15,22.64065773563392,22.87180108354183,22.34130810652443,22.38298988342285,27000
2007-08-16,22.29963337656428,22.54972267150879,21.879029770208422,22.54972267150879,25800
2007-08-17,23.04231526909932,23.0461038642601,22.65202347559794,23.03473663330078,29400
2007-08-20,23.076421802525967,23.076421802525967,22.868012901096854,23.019582748413086,13400
2007-08-21,22.955163690286856,23.102943478301032,22.955163690286856,23.046104431152344,23200
2007-08-22,23.152194467353247,23.265872522485083,23.133248606656778,23.250715255737305,10400
2007-08-23,23.27345652310282,23.284825199229807,23.133255378336774,23.205251693725586,7600
2007-08-24,23.296201016373445,23.474295404743092,23.273465101216424,23.466716766357422,8000
2007-08-27,23.417448702014944,23.417448702014944,23.334086597915935,23.356821060180664,7200
2007-08-28,23.137051368126034,23.137051368126034,22.796019906165395,22.799808502197266,10800
2007-08-29,22.9854779530515,23.288616180419922,22.868011257550013,23.288616180419922,13800
2007-08-30,23.08021238116165,23.288619855018734,23.08021238116165,23.18252182006836,32200
2007-08-31,23.512177030147715,23.58038330078125,23.402288989074037,23.58038330078125,19000
2007-09-04,23.504598091420053,23.803947670280944,23.504598091420053,23.72816276550293,7600
2007-09-05,23.534914673067266,23.59554231305348,23.44397249034947,23.474287033081055,17200
2007-09-06,23.550065227529732,23.610692850223852,23.45912307075028,23.572799682617188,11000
2007-09-07,23.31134866677954,23.31134866677954,23.16356889297789,23.19388198852539,14800
2007-09-10,23.379555197929403,23.379555197929403,23.061259741027335,23.227985382080078,4400
2007-09-11,23.284824456312194,23.46291732788086,23.284824456312194,23.46291732788086,33600
2007-09-12,23.341670840926906,23.512186586817897,23.341670840926906,23.45534896850586,4800
2007-09-13,23.531123718048054,23.6258544921875,23.531123718048054,23.6258544921875,1800
2007-09-14,23.41744996947028,23.5349166642782,23.41744996947028,23.5273380279541,12400
2007-09-17,23.459129644728275,23.459129644728275,23.409869235773584,23.43639373779297,25600
2007-09-18,23.4932330824361,24.09193229675293,23.4932330824361,24.09193229675293,20000
2007-09-19,24.30412312393713,24.349594928675113,24.23591686230682,24.270021438598633,4200
2007-09-20,24.156343797949663,24.179079700719342,24.107083398020375,24.118452072143555,1600
2007-09-21,24.209399009738064,24.266238058521346,24.198031778172233,24.201820373535156,8200
2007-09-24,24.224552630751685,24.251077130725267,24.05782699584961,24.05782699584961,18400
2007-09-25,23.953285071404167,24.074934579285497,23.953285071404167,24.025514602661133,26000
2007-09-26,24.14716096315282,24.242198592203252,24.1129473586883,24.17757225036621,3600
2007-09-27,24.284022367323708,24.295426422039686,24.219396006894193,24.268815994262695,41800
2007-09-28,24.32963247817643,24.32963247817643,24.18897719645652,24.215587615966797,1800
2007-10-01,24.329636111426936,24.565330505371094,24.329636111426936,24.565330505371094,7600
2007-10-02,24.580537864509147,24.580537864509147,24.52351469751602,24.550125122070312,14000
2007-10-03,24.52731048843321,24.531112805755534,24.405662436983704,24.443679809570312,3800
2007-10-04,24.550130002243204,24.550130002243204,24.420877271344164,24.5045108795166,21000
2007-10-05,24.652762233989392,24.820029401693212,24.58813733749237,24.740198135375977,10600
2007-10-08,24.671769201966658,24.679370936187755,24.595737358164275,24.63375473022461,13200
2007-10-09,24.70218162423949,24.85423950926713,24.683172938451914,24.82762908935547,4800
2007-10-10,24.785812300877396,24.82762908935547,24.728792044151152,24.82762908935547,4600
2007-10-11,24.918873444790925,24.956887925420745,24.626155853271484,24.626155853271484,22600
2007-10-12,24.747798869565987,24.816226080831154,24.747798869565987,24.766807556152344,3000
2007-10-15,24.820031600367518,24.820031600367518,24.49690418893977,24.591941833496094,9200
2007-10-16,24.54252161434224,24.54252161434224,24.41327180351465,24.47409439086914,4000
2007-10-17,24.569125382763826,24.569125382763826,24.257403543859933,24.447477340698242,14800
2007-10-18,24.295428529886365,24.40187170038878,24.295428529886365,24.398069381713867,9400
2007-10-19,24.291617244253292,24.291617244253292,23.81642912484426,23.82783317565918,13200
2007-10-22,23.664364467474925,23.892454147338867,23.641554919425005,23.892454147338867,7800
2007-10-23,24.01030158996582,24.01030158996582,23.808822322011814,24.01030158996582,10400
2007-10-24,23.64536003739924,23.907663345336914,23.64536003739924,23.907663345336914,13400
2007-10-25,24.01410311132656,24.017905427896675,23.732792591810682,23.896257400512695,9800
2007-10-26,24.093954875029176,24.21940386810224,24.03313081320223,24.162382125854492,2600
2007-10-29,24.318238314240602,24.318238314240602,24.24981107906206,24.291627883911133,21400
2007-10-30,24.245999459295252,24.276412196667774,24.162367331839082,24.17757225036621,42400
2007-10-31,24.261213927704066,24.470297941546022,24.074940924666198,24.41327476501465,46600
2007-11-01,24.26881445595812,24.26881445595812,23.827839816257352,23.843046188354492,25000
2007-11-02,23.816433446539765,23.858248790501904,23.641563084744636,23.80883026123047,7800
2007-11-05,23.599744950386935,23.850644235290442,23.599744950386935,23.782217025756836,14400
2007-11-06,23.89246290819901,24.048324584960938,23.740403549252374,24.048324584960938,27400
2007-11-07,23.7860201855622,23.7860201855622,23.326038360595703,23.326038360595703,28400
2007-11-08,23.303231681994404,23.41347570494112,23.02192104776561,23.32223892211914,38400
2007-11-09,22.983899978577956,23.295623287438286,22.934481455334613,23.037120819091797,14600
2007-11-12,23.097948575391527,23.17017811360804,22.831844329833984,22.831844329833984,7000
2007-11-13,23.120755547804574,23.44768524169922,23.08654194146306,23.44768524169922,34800
2007-11-14,23.626367088074876,23.626367088074876,23.421085357666016,23.421085357666016,35200
2007-11-15,23.196792101375202,23.24240977188382,22.91167912291704,22.980106353759766,36200
2007-11-16,22.934492470919515,23.086551881114296,22.866065228775916,22.991514205932617,24600
2007-11-19,22.995301239338236,22.995301239338236,22.66837162200796,22.702585220336914,22800
2007-11-20,22.65697139127336,22.69498731501207,22.356653569613215,22.691184997558594,21400
2007-11-21,22.52391371279403,22.54292094488276,22.2920217108985,22.318632125854492,43400
2007-11-23,22.54291903826094,22.615148544311523,22.54291903826094,22.615148544311523,2200
2007-11-26,22.714007078483952,22.714007078483952,22.231215456938816,22.235017776489258,4400
2007-11-27,22.390875132299612,22.489713668823242,22.330051082863598,22.489713668823242,19200
2007-11-28,22.828042728040643,23.21959882336828,22.828042728040643,23.200590133666992,19000
2007-11-29,23.189187085247095,23.189187085247095,23.07514219289253,23.173980712890625,3000
2007-11-30,23.421076923157166,23.421076923157166,23.291825670945556,23.341245651245117,7800
2007-12-03,23.310836791992188,23.310836791992188,23.22720318834945,23.310836791992188,3600
2007-12-04,23.12836076387779,23.18538392950827,23.11695671081543,23.11695671081543,10600
2007-12-05,23.352648590294727,23.466693466179922,23.352648590294727,23.432479858398438,12800
2007-12-06,23.51611830307629,23.85445213317871,23.512315984670884,23.85445213317871,9800
2007-12-07,23.755605760240865,23.862047437879948,23.72519302368164,23.72519302368164,10600
2007-12-10,23.854444827987013,23.941879272460938,23.854444827987013,23.941879272460938,11400
2007-12-11,23.88106274375356,23.919077227140484,23.284226363589422,23.310836791992188,23200
2007-12-12,23.744212238252963,23.744212238252963,23.402077480304317,23.49331283569336,6200
2007-12-13,23.276620575235217,23.459092685384668,23.2386060960972,23.42487907409668,17800
2007-12-14,23.337441347271728,23.37925813856944,23.128358840942383,23.128358840942383,18400
2007-12-17,23.094153457621488,23.094153457621488,22.854658126831055,22.854658126831055,9600
2007-12-18,22.991504654432042,23.082741422773736,22.900269336249583,23.00290870666504,4400
2007-12-19,22.964891850182134,23.052326291936648,22.964891850182134,22.99910545349121,9000
2007-12-20,23.09794802216571,23.11695671081543,22.94968953171767,23.11695671081543,67000
2007-12-21,23.31083421886449,23.409674185015543,23.31083421886449,23.402070999145508,6800
2007-12-24,23.443883572544575,23.61115074157715,23.443883572544575,23.61115074157715,32600
2007-12-26,23.52752097493778,23.614955441047925,23.49710968028009,23.599750518798828,26400
2007-12-27,23.55624697234676,23.55624697234676,23.273862838745117,23.273862838745117,39800
2007-12-28,23.315838425248995,23.315838425248995,23.19754295603626,23.2967586517334,41600
2007-12-31,23.132667647634072,23.21280501743172,23.132667647634072,23.208988189697266,1800
2008-01-02,23.147934825580062,23.590592275845847,22.731989349888583,22.75870132446289,13000
2008-01-03,22.865547994173735,22.865547994173735,22.693828582763672,22.693828582763672,14200
2008-01-04,22.503021413047904,22.503021413047904,22.13286781311035,22.13286781311035,90800
2008-01-07,22.216830090986612,22.312230424313494,21.991685246107423,22.193933486938477,21000
2008-01-08,22.35802206519798,22.403813817372285,21.797067642211914,21.797067642211914,15000
2008-01-09,21.79705869410457,22.052732238147158,21.64823446886309,22.02220344543457,19600
2008-01-10,21.93443803339712,22.392359790257675,21.930622661687753,22.27787971496582,36200
2008-01-11,22.064177647502014,22.064177647502014,21.850480486513543,21.903905868530273,2600
2008-01-14,22.05654863072805,22.18247772295925,22.026021292294836,22.151948928833008,33000
2008-01-15,21.92299125820204,21.92299125820204,21.613893733572485,21.64442253112793,33800
2008-01-16,21.545216073632982,21.762728769099354,21.369679767764314,21.51087188720703,7400
2008-01-17,21.499415300998887,21.514679700945877,20.84687748804475,20.865957260131836,42800
2008-01-18,21.060576449449343,21.060576449449343,20.621735802308763,20.808719635009766,9400
2008-01-22,19.835627630822454,20.67896582416812,19.78601907365716,20.533958435058594,72600
2008-01-23,20.32408563807781,20.984257201888486,20.09512542863254,20.949913024902344,70600
2008-01-24,21.068208878030113,21.220849990844727,21.049129102851673,21.220849990844727,14200
2008-01-25,21.4230983321626,21.430730533409797,20.820168990569336,20.85451316833496,6400
2008-01-28,20.835418843161694,21.24373189127074,20.835418843161694,21.236101150512695,6800
2008-01-29,21.320056923501284,21.42690624078803,21.22847345804743,21.381113052368164,32400
2008-01-30,21.38111473373269,21.64060366574582,21.19413096123953,21.323875427246094,22800
2008-01-31,21.04913041498929,21.674956396292885,21.03005063862147,21.621532440185547,21400
2008-02-01,21.724553215630333,21.976409912109375,21.724553215630333,21.976409912109375,10400
2008-02-04,21.93062910885783,21.93062910885783,21.720747210812988,21.75127601623535,35800
2008-02-05,21.365856433437195,21.426912580368757,21.117815017700195,21.117815017700195,24400
2008-02-06,21.19413139513931,21.243738503971336,20.984251022338867,20.984251022338867,6400
2008-02-07,20.892668873312726,21.12926124565384,20.888853501238167,21.09873390197754,6800
2008-02-08,21.11400440661872,21.11400440661872,20.984259883169912,20.988075256347656,21400
2008-02-11,21.037676188763744,21.23229217529297,20.938459053911064,21.23229217529297,12400
2008-02-12,21.415452818294813,21.522302113640663,21.327684742052156,21.33913230895996,16400
2008-02-13,21.58717629112731,21.75508026803841,21.58717629112731,21.701656341552734,4400
2008-02-14,21.644421405236827,21.667316546519274,21.400196860269983,21.438356399536133,28800
2008-02-15,21.30861047535048,21.404010772705078,21.270450938685848,21.404010772705078,20200
2008-02-19,21.606255766460688,21.606255766460688,21.400192260742188,21.400192260742188,5800
2008-02-20,21.274266877217435,21.636788307967823,21.274266877217435,21.568099975585938,32000
2008-02-21,21.636794886452673,21.682586636732175,21.362041473388672,21.362041473388672,11600
2008-02-22,21.43453448446206,21.724552154541016,21.14833364081962,21.724552154541016,19600
2008-02-25,21.50705127084991,21.797067642211914,21.503234442347477,21.797067642211914,84600
2008-02-26,21.724566202754417,21.957343272353313,21.678774445754314,21.945894241333008,16200
2008-02-27,21.84284895671523,22.018385124215786,21.84284895671523,21.8924560546875,9200
2008-02-28,21.732192882408032,21.789432200189403,21.674952108933322,21.716928482055664,2800
2008-02-29,21.54519867918771,21.56427844386616,21.110173639470997,21.190309524536133,17600
2008-03-03,21.09491371414028,21.20557841068803,21.03385758081963,21.186498641967773,26400
2008-03-04,21.05293566646385,21.13307301779122,20.881216306016587,21.121623992919922,42600
2008-03-05,21.266644317584436,21.388756640345264,21.0834758334432,21.24374771118164,47200
2008-03-06,21.152161594194055,21.152161594194055,20.961360931396484,20.961360931396484,16000
2008-03-07,20.732400234125567,20.949912868179453,20.54541494844571,20.675159454345703,12800
2008-03-10,20.686595621877856,20.724756605921115,20.44618797302246,20.44618797302246,65000
2008-03-11,20.823976985009434,21.117810078294905,20.640808587057393,21.094913482666016,15200
2008-03-12,21.300982906167413,21.381118823994687,21.014781951904297,21.014781951904297,2600
2008-03-13,20.709495932880074,21.186497401421555,20.648439803134483,21.14833641052246,44600
2008-03-14,21.30479528064414,21.30479528064414,20.587384630993967,20.78963279724121,37200
2008-03-17,20.408043356184177,20.732405430072397,20.408043356184177,20.633188247680664,22400
2008-03-18,20.97661243708153,21.33913230895996,20.965163414481086,21.33913230895996,56000
2008-03-19,21.510866879478257,21.510866879478257,20.984258084466756,21.003337860107422,30600
2008-03-20,21.0643911510531,21.316247940063477,21.0643911510531,21.316247940063477,1200
2008-03-24,21.568107021711846,21.758907683840548,21.568107021711846,21.648242950439453,15200
2008-03-25,21.56054485809427,21.721388050483753,21.56054485809427,21.698410034179688,21800
2008-03-26,21.568197744281328,21.602664027991366,21.44948022019807,21.53373146057129,28200
2008-03-27,21.499267138171575,21.54522170035423,21.319276366724818,21.32310676574707,16800
2008-03-28,21.415013747259927,21.415013747259927,21.09333038330078,21.09333038330078,14200
2008-03-31,21.185241462973675,21.261833373295897,21.139286901128017,21.238855361938477,57800
2008-04-01,21.579692687441568,21.89754867553711,21.56054507076739,21.89754867553711,21200
2008-04-02,21.99328015834617,22.020087104038087,21.832437023325674,21.86690330505371,16800
2008-04-03,21.75967775971775,21.966475471349874,21.75967775971775,21.928178787231445,6400
2008-04-04,21.851593414487123,22.085196667939144,21.851593414487123,21.954992294311523,29800
2008-04-07,22.207739682738783,22.207739682738783,21.962645284621086,21.981794357299805,13200
2008-04-08,21.87839850597417,21.905205458363948,21.813294863835186,21.847761154174805,16000
2008-04-09,21.778826178394446,21.778826178394446,21.702234268188477,21.702234268188477,600
2008-04-10,21.652444972902142,21.88987851620805,21.652444972902142,21.767332077026367,14000
2008-04-11,21.56820013080283,21.56820013080283,21.395868693184163,21.42650604248047,5400
2008-04-14,21.434159034528843,21.449476243773333,21.342248474717948,21.346078872680664,7400
2008-04-15,21.47246142151316,21.47246142151316,21.242687136536283,21.380552291870117,9800
2008-04-16,21.56054180644151,21.863079071044922,21.56054180644151,21.863079071044922,13800
2008-04-17,21.855418715891947,21.88988500343042,21.725212903065398,21.859249114990234,12200
2008-04-18,22.246036508360312,22.303480808794927,22.173274993896484,22.173274993896484,4800
2008-04-21,22.085192639646603,22.154125213623047,22.085192639646603,22.154125213623047,2400
2008-04-22,22.081362103811532,22.081362103811532,21.81712156326672,21.962644577026367,9600
2008-04-23,22.043065545124964,22.066042092815653,21.901370016977037,21.97030258178711,18600
2008-04-24,22.01626441921785,22.192424815472307,21.92818276022123,22.085195541381836,14600
2008-04-25,22.177103225238262,22.196250837816343,22.01243112750222,22.154125213623047,15800
2008-04-28,22.238374710083008,22.261352719888027,22.180930416005,22.238374710083008,8400
2008-04-29,22.15412875918263,22.15412875918263,22.062219619750977,22.062219619750977,36200
2008-04-30,22.150293329998853,22.226885230995492,21.97030258178711,21.97030258178711,55800
2008-05-01,22.089011411380977,22.34942289580017,22.089011411380977,22.345592498779297,5600
2008-05-02,22.594528283794745,22.594528283794745,22.35326426765321,22.456663131713867,15600
2008-05-05,22.357096292501804,22.460495164081113,22.353265893071452,22.364755630493164,9400
2008-05-06,22.272840544679124,22.583037096873316,22.249862535338018,22.525592803955078,1800
2008-05-07,22.583039145913123,22.583039145913123,22.17710304260254,22.17710304260254,11400
2008-05-08,22.265182153596935,22.265182153596935,22.18476130879203,22.203908920288086,15400
2008-05-09,22.14262935651013,22.18092456855383,22.050720263257773,22.12348175048828,8000
2008-05-12,22.100506789071872,22.349430084228516,22.100506789071872,22.349430084228516,8600
2008-05-13,22.31113771013905,22.345603996719422,22.24220659784749,22.31496810913086,2800
2008-05-14,22.55622646405632,22.62132862191485,22.42984962463379,22.42984962463379,12600
2008-05-15,22.429857639176486,22.713247299194336,22.429857639176486,22.713247299194336,3000
2008-05-16,22.690264503935367,22.690264503935367,22.594524991260535,22.674945831298828,7600
2008-05-19,22.8051543851805,22.88557523494543,22.697926585493924,22.70175552368164,4200
2008-05-20,22.571547361768236,22.571547361768236,22.479638246141917,22.525592803955078,7800
2008-05-21,22.583034943348576,22.583034943348576,22.15029197100642,22.188587188720703,26800
2008-05-22,22.215397195011896,22.29581950068592,22.169442635247538,22.203908920288086,10000
2008-05-23,22.027749860059185,22.027749860059185,21.88988471174237,21.943498611450195,3200
2008-05-27,22.000937965649825,22.111996139153188,22.000937965649825,22.108165740966797,22800
2008-05-28,22.10816741930658,22.161781311035156,22.081360473442288,22.161781311035156,4600
2008-05-29,22.471984851819844,22.471984851819844,22.39922332763672,22.39922332763672,1400
2008-05-30,22.422191177743827,22.479635463551457,22.40304356943091,22.426021575927734,5200
2008-06-02,22.33028618142287,22.33028618142287,22.12731740553451,22.234546661376953,45800
2008-06-03,22.307309035986084,22.307309035986084,22.02009046470729,22.154125213623047,15200
2008-06-04,22.096682375888808,22.18859150061127,22.085192639646603,22.154125213623047,12000
2008-06-05,22.192423954546978,22.49496122824923,22.192423954546978,22.491130828857422,7800
2008-06-06,22.38772501316603,22.38772501316603,21.91668683408366,21.939664840698242,11600
2008-06-09,21.951158578730624,21.96647725362089,21.732872574586693,21.920522689819336,8400
2008-06-10,21.878390377457517,21.943492534539644,21.847753037040892,21.882219314575195,26000
2008-06-11,21.78648488477247,21.78648488477247,21.54905128479004,21.54905128479004,3600
2008-06-12,21.7596791197535,21.790316468963155,21.59883741901047,21.63713264465332,10800
2008-06-13,21.909040260030576,21.939677620028874,21.775005462212345,21.932018280029297,17400
2008-06-16,21.893710502023286,22.050724701262283,21.893710502023286,21.9932804107666,10000
2008-06-17,21.985620822310054,21.99710909592974,21.86690330505371,21.86690330505371,12600
2008-06-18,21.709896145051104,21.75202177363596,21.6562822398956,21.67926025390625,8000
2008-06-19,21.64479296651403,21.801805736182512,21.568201050875167,21.748191833496094,6600
2008-06-20,21.487784633354455,21.487784633354455,21.342260109681604,21.3958740234375,6600
2008-06-23,21.445654470294834,21.445654470294834,21.3116197142032,21.380552291870117,11600
2008-06-24,21.288640898908568,21.43033498727435,21.185242036305684,21.24651527404785,14000
2008-06-25,21.347236560191813,21.3587703704834,21.347236560191813,21.3587703704834,6400
2008-06-26,21.06275535875257,21.066598983445637,20.762901306152344,20.762901306152344,19800
2008-06-27,20.716776604087006,20.72062169638979,20.60144876504506,20.697555541992188,16000
2008-06-30,20.720619758105403,20.720619758105403,20.628356615618667,20.632200241088867,2600
2008-07-01,20.366945230122234,20.724462509155273,20.33234673645862,20.724462509155273,10200
2008-07-02,20.816719316450886,20.843629084841133,20.37847137451172,20.37847137451172,9200
2008-07-03,20.574538353418674,20.574538353418674,20.224709754725723,20.3592586517334,16800
2008-07-07,20.40539138042095,20.50918540798533,19.974831968160686,20.178579330444336,48200
2008-07-08,20.093997685203735,20.455358505249023,20.03633305372505,20.455358505249023,36800
2008-07-09,20.50917935225774,20.58222141897978,20.101687680956193,20.120908737182617,10200
2008-07-10,20.293911487279026,20.405395723097833,20.182427251460215,20.217025756835938,14600
2008-07-11,20.15936109238529,20.509189772751665,19.890263235544488,20.217025756835938,28600
2008-07-14,20.420765876827307,20.420765876827307,19.917167345555477,19.921010971069336,22600
2008-07-15,19.605795388757425,20.078640866274107,19.548130698083245,19.828763961791992,30400
2008-07-16,19.86334814167974,20.1632022857666,19.797996236650288,20.1632022857666,25600
2008-07-17,20.4861084016497,20.55146026611328,20.21700929741912,20.55146026611328,47400
2008-07-18,20.497655475288493,20.61682841945493,20.459213346962905,20.513032913208008,31400
2008-07-21,20.61682195891664,20.62066558395547,20.513026485195326,20.53224754333496,43000
2008-07-22,20.41307705507988,20.751373291015625,20.324659003983488,20.751373291015625,19400
2008-07-23,20.73214678860724,21.058909129342467,20.73214678860724,20.924360275268555,28200
2008-07-24,20.80904251712932,20.80904251712932,20.501501083374023,20.501501083374023,72000
2008-07-25,20.497651142901073,20.55147069777086,20.40538946783083,20.40923309326172,17600
2008-07-28,20.497651529011495,20.50918387199429,20.278528213500977,20.278528213500977,3200
2008-07-29,20.282374051709052,20.505342483520508,20.282374051709052,20.505342483520508,18800
2008-07-30,20.766746122975157,20.893606266786854,20.670639375719517,20.83209800720215,9800
2008-07-31,20.755222624326713,20.94359110796833,20.68218052675395,20.686025619506836,8000
2008-08-01,20.574537182732772,20.678332668721183,20.524561252485114,20.636045455932617,8800
2008-08-04,20.516877710979664,20.6475830078125,20.478435580459003,20.6475830078125,6400
2008-08-05,20.75905616841456,20.997400476772945,20.72830130722122,20.98971176147461,13600
2008-08-06,20.951266150357835,21.18961041888729,20.951266150357835,21.162700653076172,6800
2008-08-07,21.062765156873347,21.062765156873347,20.766756057739258,20.766756057739258,64800
2008-08-08,20.816729653402852,21.24344253540039,20.816729653402852,21.24344253540039,5400
2008-08-11,21.293413391182533,21.504847968698595,21.28956976605218,21.351078033447266,7200
2008-08-12,21.308785452073714,21.401047096668066,21.220367431640625,21.220367431640625,10200
2008-08-13,21.13964782170161,21.212688446044922,21.00125382486328,21.212688446044922,7800
2008-08-14,20.982034035419336,21.39337095849573,20.982034035419336,21.285730361938477,16000
2008-08-15,21.343391295572903,21.416431911603812,21.304947708341185,21.33954620361328,28400
2008-08-18,21.45102811404836,21.45102811404836,20.997404098510742,20.997404098510742,6000
2008-08-19,20.889769288500993,20.889769288500993,20.778285074260854,20.805194854736328,11200
2008-08-20,20.84363305594239,20.982027014871665,20.76290226891853,20.91667366027832,11000
2008-08-21,20.789817012153545,20.98587417602539,20.789817012153545,20.98587417602539,13000
2008-08-22,21.005095440491786,21.20884132385254,21.005095440491786,21.20884132385254,8800
2008-08-25,20.966652986652797,20.966652986652797,20.820570287789817,20.866701126098633,2600
2008-08-26,20.80904197692871,20.90130367142358,20.751377318014523,20.80904197692871,6200
2008-08-27,20.893612736392768,21.0473841662054,20.86670295614651,20.99356460571289,44600
2008-08-28,21.124269483603875,21.26650710029652,21.11658076561062,21.23959732055664,11400
2008-08-29,21.25881090037309,21.25881090037309,21.04353273822012,21.116573333740234,8000
2008-09-02,21.785481094882442,21.785481094882442,20.91283294681757,20.943586349487305,11000
2008-09-03,20.978178290723942,20.99355572049154,20.77443247895678,20.908981323242188,17400
2008-09-04,20.774444200097324,20.774444200097324,20.413081729036776,20.42845916748047,8600
2008-09-05,20.224712147233774,20.50918741069465,20.090161767836296,20.463056564331055,22600
2008-09-08,21.420282533024857,21.420282533024857,20.582231179185413,20.70140266418457,14400
2008-09-09,20.6360461338531,20.71677547011629,20.309283696708025,20.320816040039062,182600
2008-09-10,20.397699532162893,20.559158187128503,20.2669942782262,20.439985275268555,17800
2008-09-11,20.12090257922764,20.559148979545256,20.12090257922764,20.55146026611328,15000
2008-09-12,20.62451333574211,20.789817096715787,20.566848687412534,20.693710327148438,15200
2008-09-15,20.11707122878299,20.493809617957734,19.990209579467773,19.990209579467773,33000
2008-09-16,19.613474907910433,20.313132258489848,18.99070328665835,20.105541229248047,32800
2008-09-17,19.82490386323972,19.9709865603096,19.567338430498005,19.57887077331543,16800
2008-09-18,19.83259235481666,20.19395326821979,19.117557778819236,20.174732208251953,75200
2008-09-19,20.04402742163902,21.38183346437796,20.04402742163902,20.866701126098633,22800
2008-09-22,20.64373058252357,20.64373058252357,20.136287050273744,20.33618927001953,60000
2008-09-23,20.56685284391527,20.56685284391527,19.917171478271484,19.917171478271484,23200
2008-09-24,19.95076036157521,19.981650576717865,19.77314604328453,19.777008056640625,18200
2008-09-25,20.14768266175882,20.410243609985223,19.970068335878196,20.105209350585938,16800
2008-09-26,20.02025960208102,20.22876411186639,19.86581296266421,20.182430267333984,14600
2008-09-29,19.441079695913615,19.680474396475162,18.823290246233373,19.066545486450195,19200
2008-09-30,18.88893931424675,19.549203872680664,18.88893931424675,19.549203872680664,14200
2008-10-01,19.348410732733655,19.695916722802735,19.170796461836602,19.387022018432617,95000
2008-10-02,19.147634297895642,19.147634297895642,18.66112518310547,18.66112518310547,29600
2008-10-03,19.15149220714815,19.23257827591143,18.410144805908203,18.410144805908203,19000
2008-10-06,17.58384789879103,17.90432568936022,16.942890844726534,17.784629821777344,17800
2008-10-07,17.27109506882774,17.749883065552037,16.98150594666847,17.020118713378906,31200
2008-10-08,16.32123987454421,17.054864621869825,16.27876657602395,16.63013458251953,16400
2008-10-09,16.637857295412903,16.637857295412903,15.240107807713526,15.336637496948242,13800
2008-10-10,14.355894553245337,15.502667656996188,13.958192731185402,15.186050415039062,80000
2008-10-13,16.023928331306198,16.518159866333008,15.935121194413954,16.518159866333008,74200
2008-10-14,17.684238841727932,17.919771520041337,16.31737808336651,16.749832153320312,25400
2008-10-15,16.259461389939414,16.259461389939414,15.630087392113715,15.846314430236816,27400
2008-10-16,15.541274580105267,15.660971883522047,14.610728757331518,15.494940757751465,17800
2008-10-17,15.236241202306969,16.41776477262044,15.236241202306969,15.74977970123291,46600
2008-10-20,15.962147565064448,16.298070431076432,15.772948748665154,16.274904251098633,46400
2008-10-21,16.282633998391287,16.371442645343258,15.950572967529297,15.950572967529297,9200
2008-10-22,15.494954218634705,15.537427539742428,14.691826077866319,14.873302459716797,21800
2008-10-23,15.240104059925645,15.398412652422895,14.413810358943628,15.027737617492676,45800
2008-10-24,14.433124701755835,14.89260565636874,14.398373942302646,14.834687232971191,68400
2008-10-27,14.375208643429056,14.900330662482947,14.193732261657715,14.193732261657715,40000
2008-10-28,14.448567114198958,15.40614318847656,14.197590737565204,15.406143188476562,24400
2008-10-29,15.398415742190256,16.108874281718595,15.398415742190256,15.695727348327637,56400
2008-10-30,16.267187855085577,16.267187855085577,15.537423451146918,15.911957740783691,50400
2008-10-31,15.811558109518739,16.305789481970436,15.811558109518739,15.973727226257324,39200
2008-11-03,16.216986223990595,16.25559750678207,16.05095505672042,16.062538146972656,129400
2008-11-04,16.35985356526517,16.68419342454227,16.35985356526517,16.649442672729492,23000
2008-11-05,16.32896085292759,16.475684904498934,15.958287239074707,15.958287239074707,36000
2008-11-06,15.776814911112025,15.838593862182023,15.02002239227295,15.02002239227295,27000
2008-11-07,15.267132653673126,15.409996149980831,15.11654660716962,15.294160842895508,11000
2008-11-10,15.684147503409172,15.684147503409172,15.07794101789886,15.224666595458984,15200
2008-11-11,14.77676722012865,15.10110708349925,14.67251496337456,14.908047676086426,23600
2008-11-12,14.52964969280093,14.52964969280093,14.158974555062729,14.205309867858887,6600
2008-11-13,14.170559419012836,15.039326667785645,13.865525231496974,15.039326667785645,27000
2008-11-14,14.919629292242073,15.251691675788193,14.49875976682859,14.78062629699707,50400
2008-11-17,14.34431383114516,14.572123979234892,14.178282631371644,14.270950317382812,31000
2008-11-18,14.07016712848585,14.328867464422704,13.880969760328293,14.263226509094238,95800
2008-11-19,14.390649133322482,14.390649133322482,13.514159202575682,13.514159202575684,34800
2008-11-20,13.394459073144773,13.50643386553392,12.54885953042494,12.552720069885254,86400
2008-11-21,12.93498208166944,13.158931732177734,12.436888388305759,13.158931732177734,115200
2008-11-24,13.714939971970086,14.305701265461503,13.714939971970086,14.06630802154541,79600
2008-11-25,14.286394197586567,14.379063348577352,13.900275435489633,14.174419403076172,69000
2008-11-26,13.857800400498503,14.687956224212183,13.857800400498503,14.583703994750977,60200
2008-11-28,14.606875494514732,14.734293937683105,14.606875494514732,14.734293937683105,6400
2008-12-01,14.440845818345851,14.440845818345851,13.479409217834473,13.479409217834473,74800
2008-12-02,13.649298913881811,14.023834619106799,13.564353779950592,13.91958236694336,101400
2008-12-03,14.213033527795208,14.394508361816406,13.834637281357264,14.394508361816406,63600
2008-12-04,14.3211447661553,14.390646260298448,13.811468124389648,13.811468124389648,78800
2008-12-05,13.587520993683887,14.487178567718246,13.587520993683887,14.475595474243164,18200
2008-12-08,14.96209866532785,15.000709943680937,14.830818256831167,14.981404304504395,47400
2008-12-09,14.881024155300043,15.054777971182997,14.587572938936196,14.63390827178955,41200
2008-12-10,14.76132906338084,14.896471595948134,14.54510189502942,14.765191078186035,54600
2008-12-11,14.626182089518567,14.819241509754828,14.236201235802488,14.259368896484375,28800
2008-12-12,13.958195290308835,14.444704333049302,13.958195290308835,14.367480278015137,37800
2008-12-15,14.483317006813131,14.483317006813131,14.151256042439417,14.282536506652832,68200
2008-12-16,14.313417970540224,15.031598881805214,14.313417970540224,14.97368049621582,56200
2008-12-17,14.884883593718186,15.116555822039265,14.799938435634523,14.896468162536621,27600
2008-12-18,15.020017488852046,15.020017488852046,14.672510081951263,14.676370620727539,26200
2008-12-19,14.79220828023132,14.942794341156517,14.618454566499945,14.72270679473877,72400
2008-12-22,14.591429774233152,14.595290314137294,14.236199713072713,14.394508361816406,26600
2008-12-23,14.429474825350583,14.499426610897924,14.200188746605201,14.223505020141602,46200
2008-12-24,14.351764670037324,14.351764670037324,14.192430219016886,14.274040222167969,38600
2008-12-26,14.347873682360127,14.398394781937489,14.297354065252897,14.359533309936523,31200
2008-12-29,14.363420109939197,14.363420109939197,14.110817555083534,14.343989372253418,16200
2008-12-30,14.390617396609528,14.631563186645508,14.375073702469816,14.631563186645508,38800
2008-12-31,14.74815942133568,14.934697224464863,14.74815942133568,14.891948699951172,69600
2009-01-02,15.043509870716331,15.408814348635179,15.039624315246616,15.296113967895508,117400
2009-01-05,15.315539993953395,15.350515912292868,15.198954093645202,15.253360748291016,154400
2009-01-06,15.408812669772653,15.54482933345218,15.358291559347206,15.401040077209473,43200
2009-01-07,15.117344517034885,15.233930420469228,14.926919738198311,14.965781211853027,36800
2009-01-08,14.96189369263273,15.02795848566395,14.856965948580205,15.020187377929688,7400
2009-01-09,14.965787592674708,14.992992414796305,14.693754196166992,14.693754196166992,25400
2009-01-12,14.639343455252185,14.654888641591272,14.336219733992815,14.445033073425293,34600
2009-01-13,14.359539979869169,14.51887446103539,14.312905895312689,14.437264442443848,63400
2009-01-14,14.242952336484832,14.242952336484832,13.893193037653548,14.00977897644043,46800
2009-01-15,13.799916777540824,14.08749667224022,13.609493514775084,13.943707466125488,31200
2009-01-16,14.048632960771746,14.130242917488967,13.784370877856245,14.110812187194824,34400
2009-01-20,13.95925673682707,13.963143774540745,13.345236717943022,13.376325607299805,50400
2009-01-21,13.652240152438168,13.932045936584473,13.438499149315243,13.932045936584473,79000
2009-01-22,13.691102219254656,13.893185089359903,13.461816028411183,13.761054039001465,45400
2009-01-23,13.481251872743378,13.893190358315632,13.481251872743378,13.827125549316406,130400
2009-01-26,13.986456980669008,14.08749769113238,13.77660148685657,13.900959968566895,193400
2009-01-27,13.951478393355305,14.130243491272006,13.8737539865529,14.07972240447998,69600
2009-01-28,14.367307855686674,14.561618207070175,14.332331933138828,14.503324508666992,67400
2009-01-29,14.266264486257528,14.316785588613326,14.083613778843846,14.091384887695312,39400
2009-01-30,13.897079386006823,13.959258655738392,13.691110832984261,13.718314170837402,66000
2009-02-02,13.648363031344463,13.827129738471044,13.632819324939774,13.76883602142334,62200
2009-02-03,13.796035594410366,14.036980026319624,13.749401522985762,13.99034595489502,88800
2009-02-04,14.165225708807645,14.184656448544445,13.893190905081202,13.9048490524292,48800
2009-02-05,13.819348565114508,14.16522064929077,13.757169330683604,14.064178466796875,21000
2009-02-06,14.110813891791416,14.491661884948192,14.110813891791416,14.487774848937988,10000
2009-02-09,14.549963212384073,14.557735806811593,14.464467638622976,14.511101722717285,4600
2009-02-10,14.38673823603679,14.452803042276111,13.78048942112925,13.846555709838867,54000
2009-02-11,13.893186949206452,13.990342102697408,13.733852556780088,13.912617683410645,120600
2009-02-12,13.656129210892358,13.955367285061607,13.53177072324671,13.916505813598633,118200
2009-02-13,13.850439595176258,14.002001410018774,13.846554041000603,13.86209774017334,16000
2009-02-17,13.403524454004888,13.461816651512175,13.205327128058462,13.240303039550781,20200
2009-02-18,13.248077017426972,13.275280342275218,13.065424851328727,13.216986656188965,28200
2009-02-19,13.22475893036683,13.28693816888646,13.04599380493164,13.04599380493164,23200
2009-02-20,12.816708169594152,12.987700712705898,12.692349686881963,12.90609073638916,59000
2009-02-23,13.030449144229118,13.030449144229118,12.435860059523561,12.455290794372559,55600
2009-02-24,12.536905835095684,12.933299212531233,12.509702498823009,12.92552661895752,18800
2009-02-25,12.863342105203596,13.057652417865102,12.645715503803535,12.793390274047852,40800
2009-02-26,12.960499351532869,12.979931571908672,12.595196438510033,12.599081993103027,47800
2009-02-27,12.373682240566966,12.560219985001215,12.354251503484896,12.36202335357666,49400
2009-03-02,12.15994178656923,12.15994178656923,11.763548503546815,11.810182571411133,38400
2009-03-03,11.992835507192037,11.992835507192037,11.728573302282099,11.782979965209961,53400
2009-03-04,11.988946286468822,12.2454358366101,11.918994456205747,12.051125526428223,21400
2009-03-05,11.810180239899601,11.845156154510628,11.483738864353365,11.565349578857422,59800
2009-03-06,11.650844550962324,11.79852078316416,11.316631363647213,11.611982345581055,139400
2009-03-09,11.491511829454076,11.662505112993887,11.390470377418506,11.437105178833008,34400
2009-03-10,11.631418486738703,12.105535507202148,11.631418486738703,12.105535507202148,23600
2009-03-11,12.19491803799855,12.346480624958039,12.109421745247582,12.187146186828613,22800
2009-03-12,12.2298924425977,12.715669030251721,12.089989502868935,12.65737533569336,18400
2009-03-13,12.758415840940016,12.828366189625724,12.610739588225663,12.793390274047852,22800
2009-03-16,12.88666150412991,13.104289615488675,12.789506335527461,12.808937072753906,16600
2009-03-17,12.762300186116288,13.115944862365723,12.762300186116288,13.115944862365723,12000
2009-03-18,13.115947942219284,13.504568621988746,13.003247589293283,13.341348648071289,16800
2009-03-19,13.360776964636921,13.4151836127511,13.197555537824405,13.20921516418457,14600
2009-03-20,13.185903091388198,13.232537169568895,12.937186031130329,12.97604751586914,22000
2009-03-23,13.294717359827938,13.838787078857422,13.28694476584515,13.838787078857422,20000
2009-03-24,13.691101978621871,13.89318484517534,13.613377571105957,13.613377571105957,13800
2009-03-25,13.775698948163726,13.951707530552214,13.372831112873863,13.720940589904785,36400
2009-03-26,13.889129608265748,14.06513972416864,13.85783974991285,14.006470680236816,48800
2009-03-27,13.873487172615523,13.893043523056107,13.73658973542363,13.752235412597656,34200
2009-03-30,13.509729485997207,13.509729485997207,13.235936182678204,13.306340217590332,5600
2009-03-31,13.470618704300135,13.709210050382934,13.423683166530125,13.458885192871094,26400
2009-04-01,13.693559918721958,13.728761933610327,13.365008277114963,13.720940589904785,11400
2009-04-02,14.006472474594926,14.295910042667112,14.006472474594926,14.057318687438965,19800
2009-04-03,14.08079347803464,14.233335168651285,13.994743707100302,14.194222450256348,15000
2009-04-06,14.014294364556271,14.127721786499023,13.904776123569965,14.127721786499023,24400
2009-04-07,13.904774651472712,13.95171018289561,13.799168586730957,13.799168586730957,32600
2009-04-08,13.857838687399369,14.022113788277563,13.8069909929141,13.951709747314453,43600
2009-04-09,14.225505483020164,14.50321102142334,13.705299416763951,14.50321102142334,36400
2009-04-13,14.440625974418698,14.620548242661076,14.350665586324313,14.585346221923828,24600
2009-04-14,14.342845726781364,14.526678705689248,14.252885320011568,14.27635383605957,28400
2009-04-15,14.190310503519866,14.444547653198242,14.190310503519866,14.444547653198242,22600
2009-04-16,14.546233339748584,14.773091158612385,14.405426736239102,14.694864273071289,38400
2009-04-17,14.702690110395668,14.89434594446927,14.64793172696151,14.808296203613281,48400
2009-04-20,14.604904266760174,14.604904266760174,14.16683578491211,14.16683578491211,27200
2009-04-21,14.053405658935105,14.4367157339599,14.053405658935105,14.432805061340332,49000
2009-04-22,14.354575956503156,14.647925595292511,14.346753120422363,14.346753120422363,46800
2009-04-23,14.370225794863883,14.4758303824378,14.205949173647179,14.456274032592773,93800
2009-04-24,14.655752982871897,14.800471765176965,14.561880412802683,14.68313217163086,65000
2009-04-27,14.722244372769067,14.741800722354444,14.557969245787291,14.600994110107422,25000
2009-04-28,14.487565385464377,14.694865379511109,14.468009035620057,14.561880111694336,54400
2009-04-29,14.702682087141909,14.968652511871229,14.702682087141909,14.820021629333496,13000
2009-04-30,15.058617570660836,15.140755126589736,14.780913552775303,14.847405433654785,97000
2009-05-01,14.855228234957181,14.988213488445576,14.74962216671166,14.894342422485352,50000
2009-05-04,15.070344660089638,15.434098243713377,15.023409146992302,15.434098243713379,17200
2009-05-05,15.363701667936008,15.441928555681761,15.28156410722717,15.355878829956055,39400
2009-05-06,15.617936627615926,15.64531581092075,15.44192652633235,15.594468116760254,459800
2009-05-07,15.790038554761686,15.790038554761686,15.320678663409497,15.402817726135254,27600
2009-05-08,15.844790230559129,15.844790230559129,15.473215237020616,15.743096351623535,63600
2009-05-11,15.547530788641293,15.559264296685063,15.41063488795261,15.426279067993164,36600
2009-05-12,15.351964469775496,15.49277253548797,15.23462491236624,15.410634994506836,119000
2009-05-13,15.172047609625974,15.215072473197807,14.960835456848146,14.960835456848145,51600
2009-05-14,15.113380081453693,15.207252665412048,15.105557241785988,15.144671440124512,10200
2009-05-15,15.121204878770824,15.140761234444875,14.902169815880276,14.968663215637207,14000
2009-05-18,15.18378320128078,15.414551734924316,15.164226849355872,15.414551734924316,12000
2009-05-19,15.379346545159086,15.5005982894704,15.344144522104427,15.398902893066406,112600
2009-05-20,15.645316538534335,15.684429233059209,15.316764831542969,15.316764831542969,9200
2009-05-21,15.097731589824255,15.097731589824255,14.956924978196295,15.062529563903809,10400
2009-05-22,15.17986707267447,15.19551125336009,15.089906692504885,15.089906692504883,6200
2009-05-26,14.968648177803757,15.492766040421197,14.968648177803757,15.44191837310791,12600
2009-05-27,15.461486990644133,15.55144740147024,15.22289562225342,15.222895622253418,19200
2009-05-28,15.344141384413753,15.473215939904556,15.195510485014665,15.453658103942871,17800
2009-05-29,15.531893368824988,15.598386764526367,15.43019943028984,15.598386764526367,41800
2009-06-01,16.036454645522397,16.14597141930279,16.036454645522397,16.095125198364258,12400
2009-06-02,15.997342930008234,16.16161810086226,15.997342930008234,16.083391189575195,42400
2009-06-03,15.891733476407527,15.91128982709671,15.766571041532059,15.83697509765625,9600
2009-06-04,15.868259662183704,16.016890563493,15.864348990173145,16.005155563354492,42400
2009-06-05,16.059917939758467,16.087297124295375,15.926932689699054,16.00124740600586,11600
2009-06-08,15.833061527397868,16.032540166067715,15.797859502459294,15.954313278198242,17400
2009-06-09,16.012988823908383,16.087305068969727,15.9738761101267,16.087305068969727,17800
2009-06-10,16.048190777400684,16.048190777400684,15.817422186391035,15.903471946716309,16800
2009-06-11,16.04818235728992,16.259394480695075,16.04818235728992,16.181167602539062,2200
2009-06-12,16.044267167541747,16.11075902541873,15.96995247484632,16.06773567199707,30000
2009-06-15,15.954310525942367,15.954310525942367,15.692250720595268,15.750921249389648,14200
2009-06-16,15.754831075029884,15.81350160067135,15.57491031807445,15.582733154296875,19200
2009-06-17,15.571001700204718,15.594468719914449,15.46148347069595,15.5553560256958,1800
2009-06-18,15.692255632480515,15.692255632480515,15.617940899192522,15.653142929077148,3800
2009-06-19,15.813500861232544,15.813500861232544,15.653136456305083,15.684426307678223,8200
2009-06-22,15.250274203992594,15.30894325059473,15.238539201029146,15.297209739685059,8200
2009-06-23,15.273739508079192,15.27765167264496,15.172045610173374,15.25809383392334,17200
2009-06-24,15.32883899482238,15.505710513864589,15.317048060004868,15.383865356445312,46200
2009-06-25,15.293468559865422,15.639350562452051,15.293468559865422,15.603976249694824,11200
2009-06-26,15.639356233828712,15.666869431577547,15.627563792395764,15.662938117980957,10200
2009-06-29,15.686518714658572,15.816225051879883,15.631492328936764,15.816225051879883,15600
2009-06-30,15.828019515083264,15.85553271406844,15.611843737618209,15.682592391967773,37400
2009-07-01,15.729750024003053,15.883038200877465,15.729750024003053,15.772985458374023,77800
2009-07-02,15.537154798473178,15.537154798473178,15.336701393127441,15.336701393127441,18200
2009-07-06,15.19127844305581,15.364218711853027,15.159833939989172,15.364218711853027,75000
2009-07-07,15.336708391815305,15.336708391815305,15.053713808675115,15.061574935913086,16400
2009-07-08,15.100870186318193,15.104801497302072,14.900416807459417,15.057636260986328,30800
2009-07-09,15.128383277817303,15.17161719861292,15.04584224873045,15.085147857666016,7000
2009-07-10,15.034050268708842,15.061563443369797,15.006537094047886,15.037980079650879,6800
2009-07-13,15.120530163464881,15.423176765441895,15.014407212172438,15.423176765441895,4200
2009-07-14,15.360290824601162,15.478204727172853,15.360290824601162,15.478204727172852,4000
2009-07-15,15.851597785769513,15.953789420552578,15.847666473264544,15.941998481750488,6200
2009-07-16,15.918418193530083,16.118871688842773,15.906627252440131,16.118871688842773,25000
2009-07-17,16.1306635727177,16.1306635727177,16.040262862314947,16.111011505126953,12200
2009-07-20,16.22892348095073,16.291810989379883,16.158174846548377,16.291810989379883,5800
2009-07-21,16.370418155447105,16.370418155447105,16.272156345388854,16.295738220214844,9800
2009-07-22,16.3507713205944,16.413658844929117,16.31932830810547,16.31932830810547,3400
2009-07-23,16.350759456966962,16.76346012903678,16.350759456966962,16.747737884521484,22200
2009-07-24,16.637697441555165,16.720237037097927,16.56694878841655,16.708444595336914,12400
2009-07-27,16.735955153948336,16.822424542453945,16.72023290172677,16.77132797241211,8800
2009-07-28,16.7949113789064,16.7949113789064,16.63376204175639,16.6966495513916,4000
2009-07-29,16.680925077952292,16.71629939112152,16.621968888907773,16.66913414001465,9800
2009-07-30,16.893169759588076,17.058250375795748,16.861726760864258,16.861726760864258,18800
2009-07-31,16.830283832031707,16.975710900820825,16.830283832031707,16.908893585205078,13800
2009-08-03,17.073979993725672,17.152589780399524,17.01502377823801,17.13686752319336,36600
2009-08-04,17.10148945025315,17.191891659719015,17.10148945025315,17.184030532836914,2200
2009-08-05,17.20761335901944,17.20761335901944,17.04646399747901,17.176170349121094,12800
2009-08-06,17.136861173566807,17.140792486090184,17.046460477162483,17.08183479309082,3400
2009-08-07,17.305866241455078,17.40805934426781,17.294075306267434,17.305866241455078,6800
2009-08-10,17.195814077133235,17.24691063021068,17.164369583129883,17.164369583129883,5800
2009-08-11,17.128999918922005,17.128999918922005,17.003223419189453,17.003223419189453,3600
2009-08-12,16.999297799499097,17.309805564237276,16.999297799499097,17.184030532836914,9600
2009-08-13,17.128997840651298,17.309799194335938,17.128997840651298,17.309799194335938,7400
2009-08-14,17.16044171562356,17.16044171562356,17.066109722280103,17.10541534423828,6600
2009-08-17,16.818494484033234,16.853868801338105,16.79098129272461,16.79098129272461,4400
2009-08-18,16.88924566063228,16.963924119801717,16.88924566063228,16.952133178710938,15800
2009-08-19,17.077908525997678,17.085769653320312,17.073977212657997,17.085769653320312,4600
2009-08-20,17.077904978729695,17.262636184692383,17.077904978729695,17.262636184692383,8000
2009-08-21,17.529902795116364,17.565277099609375,17.510250736921567,17.565277099609375,8800
2009-08-24,17.687122881666888,17.69891381712742,17.529903411865234,17.529903411865234,6800
2009-08-25,17.604580190693614,17.691049534221406,17.596719068671867,17.600648880004883,18000
2009-08-26,17.533838878284694,17.592795068914292,17.5181166277076,17.573143005371094,6400
2009-08-27,17.42378393112882,17.64782072592248,17.42378393112882,17.636028289794922,7200
2009-08-28,17.730359639305163,17.730359639305163,17.54562697335023,17.58100128173828,6400
2009-08-31,17.486670800350023,17.506322860717773,17.411990871854044,17.506322860717773,19400
2009-09-01,17.43557927794749,17.56528411330817,17.11328059692213,17.132932662963867,12600
2009-09-02,17.132931674622697,17.132931674622697,17.062183041468472,17.10934829711914,6000
2009-09-03,17.09755961556096,17.16830825805664,17.0189498461928,17.16830825805664,53000
2009-09-04,17.184025484083683,17.360895539217438,17.184025484083683,17.34517478942871,4800
2009-09-08,17.482743610954174,17.541701305315268,17.463091545952626,17.53384017944336,7200
2009-09-09,17.643880240581993,17.718560132922626,17.588853898450182,17.67925453186035,6200
2009-09-10,17.663539937284163,17.769662857055664,17.663539937284163,17.769662857055664,1200
2009-09-11,17.922959087647094,17.926890400902497,17.828628560511106,17.844350814819336,7000
2009-09-14,17.753945406572644,17.97405242919922,17.753945406572644,17.97405242919922,4400
2009-09-15,18.009426454563,18.060523021364165,17.911164633444976,18.052661895751953,11400
2009-09-16,18.060520829457765,18.296348571777344,18.060520829457765,18.296348571777344,13400
2009-09-17,18.253116607666016,18.363170874456724,18.225603415807466,18.253116607666016,13600
2009-09-18,18.331722883060902,18.351374945028162,18.25704444784282,18.296348571777344,14400
2009-09-21,18.158787681869295,18.249188391510557,18.131274487602678,18.225605010986328,8400
2009-09-22,18.284390517455744,18.36330489038049,18.284390517455744,18.339630126953125,2600
2009-09-23,18.351467512099195,18.469839828946068,18.22126007080078,18.22126007080078,45200
2009-09-24,18.26861258847123,18.26861258847123,17.94111987875437,18.039762496948242,14800
2009-09-25,17.952961614620662,18.05160426085484,17.893775424813224,17.949016571044922,20200
2009-09-28,18.01213976299651,18.292284391992226,18.01213976299651,18.256772994995117,6800
2009-09-29,18.28438589684573,18.308060654290294,18.130503736371285,18.18574333190918,17600
2009-09-30,18.272553344624956,18.272553344624956,18.067376583192246,18.13445281982422,34600
2009-10-01,18.067376405144387,18.083159580137465,17.779340234769595,17.799068450927734,6400
2009-10-02,17.530764386890166,17.712266424087673,17.530764386890166,17.637298583984375,17400
2009-10-05,17.787234100121445,17.897713328888265,17.787234100121445,17.85825538635254,5600
2009-10-06,18.004243622692538,18.1896906444257,18.004243622692538,18.102886199951172,6400
2009-10-07,18.063436123345625,18.181808471679688,18.063436123345625,18.181808471679688,57400
2009-10-08,18.351471604392827,18.351471604392827,18.30017852783203,18.30017852783203,5600
2009-10-09,18.308068457933217,18.42643928527832,18.308068457933217,18.42643928527832,11400
2009-10-12,18.536914958391982,18.564534762621726,18.43432732913386,18.50535011291504,13800
2009-10-13,18.398822382017084,18.48168182373047,18.398822382017084,18.48168182373047,5200
2009-10-14,18.6000571592967,18.765777587890625,18.6000571592967,18.765777587890625,7600
2009-10-15,18.710531994342933,18.769718170166016,18.706586951699315,18.769718170166016,5800
2009-10-16,18.651341881081763,18.686853275179722,18.60004731068104,18.671070098876953,9200
2009-10-19,18.706590611364586,18.8565278489936,18.706590611364586,18.83679962158203,4200
2009-10-20,18.793391042099152,18.809172716245556,18.65134543861374,18.722368240356445,21000
2009-10-21,18.85256744934986,18.860459035549958,18.556639740093846,18.564531326293945,32600
2009-10-22,18.564538068422813,18.74998664855957,18.529026670208683,18.74998664855957,3600
2009-10-23,18.84074412493271,18.84074412493271,18.55270779851192,18.568490982055664,4400
2009-10-26,18.611882752565993,18.75787486629997,18.371196102558166,18.375141143798828,12800
2009-10-27,18.418547690643628,18.42643927981986,18.288338726985874,18.29623031616211,43400
2009-10-28,18.22915717207103,18.25677698631076,18.04765510559082,18.04765510559082,8200
2009-10-29,18.087112735968002,18.323854446411133,18.087112735968002,18.323854446411133,6200
2009-10-30,18.284401648644263,18.31991306282073,17.81486317690416,17.862211227416992,80600
2009-11-02,17.921393850976003,18.102897449852225,17.77145812408624,17.893774032592773,15600
2009-11-03,17.86615078000394,18.000304802864406,17.83458592441926,17.988468170166016,2800
2009-11-04,18.15418089602058,18.23309526598798,18.01608187745244,18.02397346496582,51800
2009-11-05,18.185750583265214,18.398818969726562,18.17785899430368,18.398818969726562,54200
2009-11-06,18.477737040162857,18.477737040162857,18.383039458900615,18.430387496948242,5800
2009-11-09,18.702636979888567,18.828899383544922,18.686853803139876,18.828899383544922,4400
2009-11-10,18.80128845402629,18.895984548896937,18.80128845402629,18.832853317260742,2600
2009-11-11,18.963053879477933,19.053804890444543,18.907812759389607,18.951215744018555,41200
2009-11-12,18.88808927589285,19.010406671861496,18.801284790039062,18.801284790039062,8600
2009-11-13,18.80917308640446,18.919653838604468,18.78944486445809,18.86441421508789,18200
2009-11-16,19.014340379314667,19.1603324599389,19.014340379314667,19.089309692382812,8400
2009-11-17,19.109042879272064,19.160337448120117,19.0498567225115,19.160337448120117,25200
2009-11-18,19.132717884928464,19.156391143798828,19.053803509972063,19.156391143798828,11400
2009-11-19,18.92359467624521,18.92359467624521,18.83284367132262,18.899921417236328,17600
2009-11-20,18.81707013305987,18.832853317260742,18.781558721191555,18.832853317260742,31200
2009-11-23,19.07352652066677,19.17216908614288,19.04590672274675,19.089309692382812,8400
2009-11-24,19.077475238249935,19.077475238249935,18.963050984168287,19.073530197143555,53800
2009-11-25,19.120881279601864,19.172175853201004,19.120881279601864,19.144556045532227,7000
2009-11-27,18.848631780865247,18.93543776706239,18.848631780865247,18.88808822631836,4200
2009-11-30,18.88809113057567,18.967005538782786,18.82101486195826,18.943330764770508,30000
2009-12-01,18.738147278383142,19.21952209971419,18.738147278383142,19.160337448120117,19400
2009-12-02,19.19584908386028,19.19584908386028,19.116934708903884,19.156391143798828,7000
2009-12-03,19.187959030487914,19.187959030487914,19.144556045532227,19.144556045532227,7200
2009-12-04,19.278713622311013,19.333953247906898,18.95516595367776,19.112993240356445,36800
2009-12-07,19.176122926907862,19.19190610586721,19.03407883177408,19.07748031616211,13800
2009-12-08,18.923589832885032,18.963047763078382,18.864405195344204,18.892024993896484,28400
2009-12-09,18.801282738370162,18.96700160659832,18.801282738370162,18.963056564331055,12600
2009-12-10,19.105099883454155,19.132721198864655,19.065643441725047,19.0814266204834,17800
2009-12-11,19.17612331066801,19.22347284849364,19.09326387722339,19.172178268432617,42000
2009-12-14,19.290550604754152,19.310278827800925,19.286605562211573,19.302387237548828,9200
2009-12-15,19.207687241060803,19.298438252670653,19.207687241060803,19.2392520904541,8400
2009-12-16,19.266873403277355,19.33394964896726,19.219523871437463,19.2392520904541,12400
2009-12-17,19.148501206407577,19.15639279510013,19.022238797659984,19.03013038635254,28000
2009-12-18,19.093256270602545,19.12482261657715,18.978830524193928,19.12482261657715,7000
2009-12-21,19.191909765660668,19.35763016600225,19.191909765660668,19.322118759155273,13800
2009-12-22,19.404980596473013,19.420763780385837,19.36552414185822,19.3970890045166,28400
2009-12-23,19.476335936952612,19.480297903645205,19.420857821887836,19.46841049194336,9600
2009-12-24,19.535779126375104,19.56351743465426,19.5159662649792,19.5516300201416,16800
2009-12-28,19.62692085296122,19.630884332488662,19.523893059615745,19.591257095336914,39200
2009-12-29,19.611069974121907,19.63088283537452,19.583330154418945,19.583330154418945,25400
2009-12-30,19.5476562087024,19.555580139160156,19.508028998296055,19.555580139160156,8600
2009-12-31,19.575404627800726,19.583328562358048,19.416898727416992,19.416898727416992,7600
2010-01-04,19.56747287069858,19.678426058207886,19.54766001744675,19.658613204956055,31800
2010-01-05,19.702202534656106,19.71805191040039,19.626911575469517,19.71805191040039,14400
2010-01-06,19.69823755378292,19.733901291827664,19.694275588055152,19.714088439941406,13000
2010-01-07,19.666537302603395,19.813154220581055,19.666537302603395,19.813154220581055,5400
2010-01-08,19.765611096530566,19.817124230044094,19.765611096530566,19.80523681640625,20400
2010-01-11,19.932034351850962,19.932034351850962,19.83296857325168,19.920146942138672,25200
2010-01-12,19.769571862203964,19.829011950028832,19.670506056912004,19.725982666015625,8200
2010-01-13,19.75371564804749,19.932034351850962,19.718051907286796,19.920146942138672,17000
2010-01-14,19.912227345978376,19.987516815639133,19.896376453957924,19.979591369628906,17000
2010-01-15,19.852784020903766,19.852784020903766,19.67446680542256,19.74579429626465,24400
2010-01-19,19.860713777897214,19.99544334411621,19.860713777897214,19.99544334411621,10000
2010-01-20,19.880520957187667,19.880520957187667,19.6586145667966,19.797306060791016,8000
2010-01-21,19.718054240500923,19.718054240500923,19.472371503758023,19.515960693359375,18600
2010-01-22,19.401044063174595,19.424820397096937,19.004780900879574,19.020631790161133,8600
2010-01-25,19.191026292285336,19.194988259045882,19.095922462167113,19.099885940551758,9200
2010-01-26,19.02855791618395,19.19102575807766,19.000819614759955,19.04044532775879,5000
2010-01-27,18.996857607338676,19.147438049316406,18.937419033238324,19.147438049316406,10800
2010-01-28,19.0404469817011,19.0404469817011,18.798726181188663,18.917606353759766,8000
2010-01-29,18.988925068255064,19.091954310139847,18.707578659057617,18.707578659057617,16800
2010-02-01,18.842311039406482,18.95722770690918,18.826460151828762,18.95722770690918,36600
2010-02-02,18.941378163115036,19.210837224557487,18.941378163115036,19.198949813842773,15200
2010-02-03,19.131586621938524,19.171213848518757,19.048371713556232,19.091960906982422,35400
2010-02-04,18.889862737808055,18.90175165964772,18.509450494664243,18.521339416503906,18800
2010-02-05,18.505487449147633,18.529262268192543,18.184513787427164,18.501523971557617,50200
2010-02-08,18.525303716633097,18.62040754521276,18.414350509643555,18.414350509643555,8600
2010-02-09,18.59663186050894,18.723435961966935,18.49360258330924,18.632295608520508,40800
2010-02-10,18.624369632860407,18.648145968065748,18.446050897880543,18.57285499572754,7400
2010-02-11,18.56889111196113,18.770984649658203,18.50548906958323,18.770984649658203,17000
2010-02-12,18.58473388397004,18.767014487246286,18.51736839307552,18.715499877929688,14600
2010-02-16,18.854199562992903,19.06421852828188,18.854199562992903,19.06025505065918,6400
2010-02-17,19.17913559955683,19.17913559955683,19.115733560865063,19.155359268188477,17400
2010-02-18,19.198952114737008,19.301979880401074,19.15140095455545,19.29009246826172,16000
2010-02-19,19.218764160233263,19.35349370140914,19.191025858663885,19.301979064941406,17000
2010-02-22,19.385194788624837,19.385194788624837,19.258390687057926,19.29009246826172,18000
2010-02-23,19.250466103576578,19.258390036985922,19.02063273247956,19.072147369384766,10200
2010-02-24,19.135547770657723,19.21876266890861,19.11177143760435,19.198949813842773,5000
2010-02-25,18.925529436734724,19.131586478535013,18.92156746991846,19.12762451171875,4200
2010-02-26,19.226692877329537,19.246505737304688,19.206880017354386,19.246505737304688,2200
2010-03-01,19.325751170985217,19.41292953491211,19.325751170985217,19.41292953491211,57400
2010-03-02,19.51199968368222,19.543699952095164,19.45652156861744,19.46841049194336,11600
2010-03-03,19.535766314287635,19.6031318128029,19.511991500854492,19.511991500854492,7000
2010-03-04,19.48426910653241,19.535783767700195,19.460494271858654,19.535783767700195,15200
2010-03-05,19.66257545346091,19.79730497378244,19.66257545346091,19.78145408630371,64600
2010-03-08,19.801274024432196,19.821086883544922,19.777497686522373,19.821086883544922,2000
2010-03-09,19.725975858290912,19.904294548600884,19.725975858290912,19.813154220581055,23200
2010-03-10,19.904298774612716,19.93203707548093,19.83297128334472,19.908262252807617,12400
2010-03-11,19.84486397862253,20.00733184814453,19.8369385323502,20.00733184814453,43400
2010-03-12,20.090546766567535,20.090546766567535,19.975630063055206,20.00733184814453,8600
2010-03-15,19.995437894072484,20.03110163751639,19.872597286806545,20.023176193237305,6400
2010-03-16,20.05488229713973,20.18564837689718,20.05488229713973,20.177722930908203,21200
2010-03-17,20.209423189586502,20.30056354414464,20.209423189586502,20.272825241088867,11400
2010-03-18,20.300561230313033,20.300561230313033,20.256972041443866,20.276784896850586,15800
2010-03-19,20.16979217529297,20.36792372313819,20.15394128867565,20.16979217529297,4000
2010-03-22,20.09450972242291,20.316417694091797,20.09450972242291,20.316417694091797,5600
2010-03-23,20.29659707826897,20.451139450073242,20.29659707826897,20.451139450073242,52200
2010-03-24,20.363968871147048,20.371894317812654,20.304530288591597,20.312454223632812,7800
2010-03-25,20.42610040032748,20.505578175099476,20.243297576904297,20.243297576904297,79800
2010-03-26,20.298941582489924,20.362524735179854,20.23535691385806,20.26317596435547,5600
2010-03-29,20.330731147493957,20.38239292960148,20.314834981315972,20.37047004699707,17400
2010-03-30,20.318813213130014,20.398292541503906,20.306890328511564,20.398292541503906,6600
2010-03-31,20.302915411080797,20.39431610077868,20.279071159704053,20.310863494873047,16000
2010-04-01,20.4022703350897,20.52148859602929,20.378426076524807,20.43803596496582,18800
2010-04-05,20.51750132260191,20.616850058308565,20.51750132260191,20.608901977539062,14600
2010-04-06,20.620837558338604,20.656603188490276,20.61686427318506,20.64070701599121,3600
2010-04-07,20.593015178857964,20.62480751639073,20.48174502937747,20.533405303955078,6800
2010-04-08,20.457898887581734,20.636726979839132,20.457898887581734,20.616857528686523,9400
2010-04-09,20.660572917762103,20.692363739013672,20.61685921209188,20.692363739013672,23000
2010-04-12,20.75593535269603,20.795675752083877,20.740039192940895,20.771831512451172,4000
2010-04-13,20.751969256223973,20.80362951940401,20.680438028498955,20.78376007080078,13200
2010-04-14,20.863232880356037,21.03013801574707,20.863232880356037,21.03013801574707,8200
2010-04-15,21.04604453954259,21.09373304394389,21.010278919212627,21.073862075805664,21000
2010-04-16,21.00232242193224,21.00232242193224,20.688381564731472,20.811573028564453,29000
2010-04-19,20.712224449869993,20.80759990525414,20.64069323731724,20.803625106811523,9000
2010-04-20,20.926821148472552,20.99437908840575,20.895030335988785,20.98245620727539,15800
2010-04-21,21.002324380063715,21.042064788183886,20.839392496624924,20.895029067993164,11600
2010-04-22,20.732098220617488,21.00232696533203,20.720176854684766,21.00232696533203,4800
2010-04-23,20.974513089988438,21.093732833862305,20.946695554002407,21.093732833862305,28200
2010-04-26,21.0937285120675,21.141415490281474,21.03411865234375,21.03411865234375,10000
2010-04-27,20.906955097401102,20.99438249883148,20.6327515259847,20.704282760620117,68200
2010-04-28,20.64069417954317,20.716200193985312,20.589033924962397,20.70030403137207,14600
2010-04-29,20.791703077283167,20.95066165918387,20.791703077283167,20.902973175048828,12600
2010-04-30,20.90297951729837,20.926823766600563,20.5930118560791,20.5930118560791,4400
2010-05-03,20.6883875276841,20.851319442893473,20.68441272812624,20.807605743408203,15000
2010-05-04,20.473794817729864,20.473794817729864,20.24330494239191,20.330732345581055,8600
2010-05-05,20.22343346112618,20.310860855538003,20.143954149473778,20.187667846679688,14400
2010-05-06,20.235357768689447,20.235357768689447,16.75815064294339,19.57170867919922,62400
2010-05-07,19.49223376100393,19.603505445014424,19.003437859350107,19.257770538330078,40600
2010-05-10,20.088316954655987,20.183692421707544,19.981020122701093,20.124082565307617,15000
2010-05-11,20.016788707853813,20.24727856984666,19.988971174984584,20.080371856689453,9800
2010-05-12,20.128060880899454,20.362524032592773,20.128060880899454,20.362524032592773,8000
2010-05-13,20.27112044174091,20.338678387225077,20.100241968209648,20.187667846679688,20600
2010-05-14,19.95717078146923,19.95717078146923,19.56772399224635,19.722707748413086,19600
2010-05-17,19.766434203823973,19.81412119440677,19.3849337313353,19.742589950561523,44600
2010-05-18,19.90551115461474,19.90551115461474,19.440558320408858,19.484272003173828,24400
2010-05-19,19.372999034084557,19.51606142334837,19.214040486915646,19.38094711303711,42000
2010-05-20,18.983555510127974,19.047138636689702,18.665639877319336,18.665639877319336,26400
2010-05-21,18.367595224701258,18.919973967179708,18.22453279897763,18.900104522705078,25800
2010-05-24,18.776909533967363,18.93984138674615,18.67358752418086,18.677560806274414,21800
2010-05-25,18.208637129133187,18.665641944107985,18.180819602928615,18.65769386291504,20200
2010-05-26,18.80870687160246,18.95574260334546,18.554372787475586,18.554372787475586,40800
2010-05-27,18.93587733786507,19.13457489013672,18.927929253861162,19.13457489013672,12600
2010-05-28,19.12662564810007,19.12662564810007,18.876266322932178,19.02330207824707,11800
2010-06-01,18.79677844745724,18.97163317347959,18.617950439453125,18.617950439453125,46000
2010-06-02,18.669621503949422,19.0670166015625,18.669621503949422,19.0670166015625,11200
2010-06-03,19.122643789095832,19.17033227262738,18.97560808806031,19.154436111450195,14200
2010-06-04,18.868322596058512,18.916009592263517,18.470927423818168,18.49874496459961,19800
2010-06-07,18.51860558944246,18.62590241669603,18.292090570554333,18.331830978393555,22000
2010-06-08,18.315933868361785,18.435152053833008,18.12120966987032,18.435152053833008,38200
2010-06-09,18.57822300992251,18.68949316530825,18.331838444736007,18.339786529541016,16800
2010-06-10,18.677561116454577,18.88817993756019,18.66166495593381,18.880231857299805,22400
2010-06-11,18.757049174685736,18.98753754625751,18.74512629074888,18.979589462280273,52200
2010-06-14,19.082907839314196,19.194177952798313,18.94381868151745,18.971637725830078,12200
2010-06-15,19.078935406197775,19.396852654330704,19.078935406197775,19.388904571533203,19200
2010-06-16,19.32928841404408,19.440558505091026,19.27365336852061,19.408767700195312,24000
2010-06-17,19.34916264627616,19.444538116455078,19.289554303863294,19.444538116455078,12200
2010-06-18,19.436593247613775,19.500176399597652,19.412748997141602,19.46441078186035,10800
2010-06-21,19.710788416504894,19.710788416504894,19.297498831043804,19.357107162475586,11600
2010-06-22,19.35710886971234,19.464405694882466,19.07495880126953,19.07495880126953,12400
2010-06-23,19.03919541722794,19.12264800790729,18.91202913163797,19.059064865112305,5200
2010-06-24,18.937808629180694,18.937808629180694,18.674561979515914,18.686527252197266,9400
2010-06-25,18.766300719090893,18.8500606773024,18.68652867823583,18.79821014404297,12800
2010-06-28,18.8660177461371,18.8660177461371,18.722428358968756,18.742372512817383,19200
2010-06-29,18.4751342067038,18.495076836691116,18.076275520856957,18.140092849731445,20800
2010-06-30,18.179979852826374,18.231830387120368,17.93667580805015,17.964595794677734,13800
2010-07-01,17.972576199687055,17.972576199687055,17.669442691275236,17.91673469543457,19000
2010-07-02,17.90875834974985,18.000495678981107,17.76915687537808,17.836963653564453,11800
2010-07-06,18.016448872502572,18.124140916780664,17.75320216033124,17.836963653564453,17000
2010-07-07,18.175987666551855,18.491086349750233,18.171999749718612,18.47114372253418,9000
2010-07-08,18.594796684853517,18.650636672973633,18.491094067134096,18.650636672973633,5200
2010-07-09,18.662599513041318,18.76630210876465,18.658610073864324,18.76630210876465,8000
2010-07-12,18.73439601539545,18.79821335467412,18.686531869792404,18.778270721435547,19600
2010-07-13,18.96572828888766,19.129260272678795,18.96572828888766,19.077409744262695,11400
2010-07-14,19.053489935122492,19.149215219568045,18.961752570226352,19.06944465637207,16000
2010-07-15,19.009601567549904,19.12128149308232,18.846069595938207,19.113304138183594,11000
2010-07-16,18.80220184091828,18.80220184091828,18.558897752088953,18.56288719177246,10000
2010-07-19,18.610744781372627,18.68652737807335,18.554904813116828,18.670574188232422,14200
2010-07-20,18.455191474624325,18.842084884643555,18.455191474624325,18.842084884643555,16000
2010-07-21,18.985673845251867,18.985673845251867,18.586815138237963,18.60276985168457,12200
2010-07-22,18.862033793712175,19.073428479527067,18.862033793712175,19.009611129760742,11200
2010-07-23,18.921860021454126,19.173141479492188,18.921860021454126,19.173141479492188,77200
2010-07-26,19.23296749535957,19.412452697753906,19.23296749535957,19.412452697753906,23800
2010-07-27,19.524133210129644,19.524133210129644,19.352623851441248,19.388521194458008,25000
2010-07-28,19.348633110039952,19.368577260448525,19.256895799955725,19.26088523864746,11400
2010-07-29,19.384535277967856,19.384535277967856,19.05348329578948,19.137243270874023,88000
2010-07-30,18.937813889324868,19.217015327798773,18.937813889324868,19.137243270874023,11000
2010-08-02,19.36059978463066,19.552051759471286,19.36059978463066,19.524131774902344,1600
2010-08-03,19.52413660402526,19.52413660402526,19.444364547729492,19.444364547729492,10000
2010-08-04,19.524141909838068,19.54807246816229,19.432404552701605,19.544084548950195,3400
2010-08-05,19.48824023859695,19.54009230603567,19.468297603897597,19.512170791625977,11600
2010-08-06,19.38054305724847,19.440372467041016,19.22897633489242,19.440372467041016,14800
2010-08-09,19.524126317012016,19.540081024169922,19.524126317012016,19.540081024169922,1200
2010-08-10,19.36060780000389,19.528127776771523,19.320721004445637,19.468299865722656,8200
2010-08-11,19.17712812676511,19.17712812676511,18.937811980117417,18.945789337158203,28600
2010-08-12,18.650629577353904,18.86202569391598,18.650629577353904,18.830116271972656,6800
2010-08-13,18.77826951050854,18.83012004928015,18.75832535703069,18.786245346069336,9200
2010-08-16,18.634677803128394,18.766300374828308,18.634677803128394,18.69450569152832,5600
2010-08-17,18.88196608944596,19.0813953884382,18.86601138036063,18.973703384399414,20800
2010-08-18,18.94180348433231,19.0654487281304,18.889951418677224,19.021574020385742,12000
2010-08-19,18.838093966102747,18.838093966102747,18.65860726825744,18.686527252197266,15400
2010-08-20,18.614736465620343,18.6267032623291,18.499068588621412,18.6267032623291,19400
2010-08-23,18.746359229653613,18.746359229653613,18.594792494961265,18.60276985168457,33200
2010-08-24,18.363457168915296,18.363457168915296,18.275707757248185,18.3076171875,12800
2010-08-25,18.179978639879547,18.367441177368164,18.04436663322552,18.367441177368164,15200
2010-08-26,18.427271150911125,18.427271150911125,18.195932388305664,18.195932388305664,12800
2010-08-27,18.259747824774422,18.45518922540998,18.203907859314246,18.44322395324707,6000
2010-08-30,18.45519082691306,18.471145538864754,18.23581886291504,18.23581886291504,7400
2010-08-31,18.14009428042266,18.29166101902542,18.116162209635302,18.15205955505371,375600
2010-09-01,18.439236038675293,18.718437410574527,18.431258682732448,18.69051742553711,11600
2010-09-02,18.8420883474105,18.901916248036553,18.8420883474105,18.885961532592773,5000
2010-09-03,19.14920221082044,19.205043697258823,19.061454346609985,19.117294311523438,10600
2010-09-07,19.069430944444584,19.069430944444584,18.95376158084645,18.965726852416992,4400
2010-09-08,19.06544589899658,19.085388530050636,19.041515350341797,19.041515350341797,3600
2010-09-09,19.224986324510066,19.224986324510066,19.10133960111247,19.117294311523438,5600
2010-09-10,19.125274355508928,19.217011670981737,19.125274355508928,19.213022232055664,7800
2010-09-13,19.408463042744966,19.448348301589935,19.37655513997401,19.440372467041016,12400
2010-09-14,19.420430132279815,19.528122167062637,19.420430132279815,19.500202178955078,5800
2010-09-15,19.40448288566567,19.516162872314453,19.348641370815574,19.516162872314453,3400
2010-09-16,19.43239860852367,19.54407857061047,19.43239860852367,19.52812385559082,10200
2010-09-17,19.62385062418334,19.62385062418334,19.51615858008877,19.52812385559082,19000
2010-09-20,19.548061224660565,19.867149353027344,19.548061224660565,19.867149353027344,10200
2010-09-21,19.831250620986395,19.8791132282678,19.759455949301863,19.799341201782227,10600
2010-09-22,19.723561372846834,19.723561372846834,19.635811979283805,19.687664031982422,5000
2010-09-23,19.522569733545673,19.69888138496945,19.49452018737793,19.49452018737793,8400
2010-09-24,19.80707646763512,19.939309846227168,19.80707646763512,19.923282623291016,8000
2010-09-27,19.915270635340164,19.967363319739654,19.85516357421875,19.85516357421875,4800
2010-09-28,19.835124422091408,19.93129539489746,19.754982199517322,19.93129539489746,16800
2010-09-29,19.89923255839171,19.98338118166619,19.891218185424805,19.891218185424805,9800
2010-09-30,20.023453046500716,20.091572923841387,19.87919739026712,19.891218185424805,8000
2010-10-01,19.987398232450968,19.987398232450968,19.86718564038682,19.959348678588867,6000
2010-10-04,19.94332014263503,19.94332014263503,19.72293013335199,19.76300048828125,8600
2010-10-05,19.959351481615133,20.203783124085465,19.959351481615133,20.17573356628418,27800
2010-10-06,20.143673639331038,20.163708815467736,20.08356658233499,20.111616134643555,4000
2010-10-07,20.23583889532565,20.23583889532565,20.059527185934606,20.119632720947266,6600
2010-10-08,20.223816881694102,20.31998634338379,20.223816881694102,20.31998634338379,6400
2010-10-11,20.31998559511417,20.323993547545502,20.251865689641278,20.25988006591797,6400
2010-10-12,20.26389046156542,20.43218933919117,20.139669897807995,20.416160583496094,33200
2010-10-13,20.50030941378732,20.62452997848864,20.50030941378732,20.572437286376953,17800
2010-10-14,20.51232506615596,20.528353817948357,20.412147660332327,20.476261138916016,7200
2010-10-15,20.6525725728087,20.6525725728087,20.456224201726606,20.540372848510742,3800
2010-10-18,20.576440847962466,20.688640594482422,20.52434969168521,20.688640594482422,21800
2010-10-19,20.4441950676913,20.52032930822796,20.33199691772461,20.33199691772461,2800
2010-10-20,20.480268154128513,20.664594205549957,20.480268154128513,20.592466354370117,6800
2010-10-21,20.720692838305034,20.720692838305034,20.584451514547865,20.64055061340332,6400
2010-10-22,20.676620684617333,20.736727753307797,20.676620684617333,20.73272132873535,32800
2010-10-25,20.87296876199998,20.87697518650418,20.84091125162149,20.844919204711914,2200
2010-10-26,20.676617022576256,20.792823186217184,20.676617022576256,20.77679443359375,6600
2010-10-27,20.664601496541614,20.716694191570188,20.58045281667064,20.70467185974121,34000
2010-10-28,20.800844585716792,20.800844585716792,20.660596774373488,20.78080940246582,11400
2010-10-29,20.744737076134673,20.828885728927684,20.744737076134673,20.820871353149414,6000
2010-11-01,20.953105949298237,21.001190674667548,20.716687217402495,20.83289337158203,8000
2010-11-02,20.96513275219862,20.989175886061343,20.937083193651922,20.96112632751465,5400
2010-11-03,20.969133446178784,21.041259765625,20.884983271084288,21.041259765625,8200
2010-11-04,21.28569628909565,21.4339599609375,21.273675488681558,21.4339599609375,5200
2010-11-05,21.425940772684367,21.582217257315435,21.425940772684367,21.55817413330078,15600
2010-11-08,21.46601576970036,21.514100499565206,21.46601576970036,21.49005889892578,3600
2010-11-09,21.514100711976152,21.514100711976152,21.293710708618164,21.293710708618164,7400
2010-11-10,21.333785144395915,21.401905059814453,21.197543784972638,21.401905059814453,8000
2010-11-11,21.2255916595459,21.2255916595459,21.2255916595459,21.2255916595459,400
2010-11-12,21.289707299264,21.289707299264,21.00921019682396,21.029245376586914,1600
2010-11-15,21.137426376342773,21.25763892205512,21.137426376342773,21.137426376342773,4600
2010-11-16,20.99318874762614,20.99318874762614,20.67262117409631,20.744749069213867,16600
2010-11-17,20.780802462205944,20.856936744567324,20.740730580500493,20.768781661987305,8800
2010-11-18,21.145452679143265,21.145452679143265,21.089353561401367,21.089353561401367,4800
2010-11-19,21.025234806717584,21.14544739018033,21.025234806717584,21.14143943786621,13800
2010-11-22,21.045271741323663,21.14144120469655,21.04126378867459,21.09736442565918,9200
2010-11-23,20.88097793397367,20.90501953217775,20.848920431587104,20.888992309570312,11200
2010-11-24,21.125411136372286,21.193531036376953,21.0933536338389,21.193531036376953,14200
2010-11-26,21.05728378060116,21.08934127411104,21.037248611450195,21.037248611450195,2200
2010-11-29,20.909025114139098,20.937074661254883,20.792818974039037,20.937074661254883,7400
2010-11-30,20.82086685074302,20.94909377829515,20.796825257192964,20.852924346923828,33800
2010-12-01,21.11339234219971,21.30573280383287,21.11339234219971,21.297719955444336,15400
2010-12-02,21.305727660689175,21.554168701171875,21.305727660689175,21.554168701171875,10400
2010-12-03,21.49406606817297,21.558179553077988,21.48204526743642,21.5501651763916,7400
2010-12-06,21.54214841964801,21.630305024872314,21.54214841964801,21.618284225463867,10800
2010-12-07,21.75050893271681,21.75050893271681,21.622282028198242,21.622282028198242,3400
2010-12-08,21.55818408917442,21.646340722687793,21.55818408917442,21.630311965942383,9600
2010-12-09,21.730485311955533,21.73849968881953,21.654351024626695,21.71445655822754,6600
2010-12-10,21.798605184156457,21.85069633714907,21.750518926428843,21.83466911315918,9200
2010-12-13,21.890768614340296,21.926832543995,21.794597625732422,21.794597625732422,7000
2010-12-14,21.866726913687117,21.898784421512865,21.862720489501953,21.862720489501953,4200
2010-12-15,21.806625553000913,21.83066869015724,21.750526428222656,21.750526428222656,2400
2010-12-16,21.75852767812704,21.914804153879302,21.714449384230644,21.906789779663086,28000
2010-12-17,21.90278838222597,21.99094499024543,21.898781958491423,21.938852310180664,17200
2010-12-20,22.006967464983603,22.0550537109375,22.006967464983603,22.0550537109375,3200
2010-12-21,22.075095572111387,22.175272988661433,22.071089148027255,22.151229858398438,19200
2010-12-22,22.16773506906773,22.191890716552734,22.127473096864055,22.191890716552734,295800
2010-12-23,22.207999451572075,22.207999451572075,22.10332137691668,22.151634216308594,21000
2010-12-27,22.127478570556327,22.143583363421655,22.050983108202402,22.12345314025879,4400
2010-12-28,22.135520327806045,22.159677505493164,22.13149489944328,22.159677505493164,11800
2010-12-29,22.159683597140276,22.232153614286638,22.159683597140276,22.1878662109375,60400
2010-12-30,22.131500244140625,22.17981307534544,22.10734306061961,22.131500244140625,12400
2010-12-31,22.067087043641923,22.13150467676267,22.067087043641923,22.10734748840332,2200
2011-01-03,22.284499790491303,22.401257252450996,22.284499790491303,22.356969833374023,6400
2011-01-04,22.38111772081309,22.38111772081309,22.17578704190824,22.276439666748047,6400
2011-01-05,22.22410911198091,22.36904919774635,22.22410911198091,22.356969833374023,7400
2011-01-06,22.405281647024747,22.405281647024747,22.276446371321036,22.280471801757812,6200
2011-01-07,22.35294282186568,22.35294282186568,22.179820124536253,22.28449821472168,8400
2011-01-10,22.199949238425184,22.32073211669922,22.199949238425184,22.32073211669922,8800
2011-01-11,22.32878192439125,22.389174124444743,22.3086517029859,22.36501693725586,6200
2011-01-12,22.526058628346274,22.566319065523768,22.50592840975753,22.53411102294922,8400
2011-01-13,22.53813558891132,22.598527778201206,22.485795793915898,22.51800537109375,37400
2011-01-14,22.53009184198245,22.622692108154297,22.526066411208788,22.622692108154297,3000
2011-01-18,22.699180912881918,22.747493743896484,22.666971334980737,22.747493743896484,10600
2011-01-19,22.71126064786816,22.71126064786816,22.48177276144066,22.505929946899414,9400
2011-01-20,22.42540471045114,22.52605733344613,22.385142739750858,22.509952545166016,23400
2011-01-21,22.642818148815753,22.642818148815753,22.501903533935547,22.501903533935547,124800
2011-01-24,22.473724340429477,22.618664407137818,22.473724340429477,22.594507217407227,13000
2011-01-25,22.538140951165364,22.558271173772297,22.461645490923996,22.48982810974121,3400
2011-01-26,22.6589267996698,22.735423805799204,22.622691779881592,22.695161819458008,5400
2011-01-27,22.687105120157764,22.719314703122993,22.610609664371516,22.679054260253906,6200
2011-01-28,22.7756748209835,22.803857431828206,22.284489541969265,22.300594329833984,8200
2011-01-31,22.397227558225232,22.457618225240225,22.296574910696066,22.44151496887207,14200
2011-02-01,22.47372315728634,22.791785894058634,22.47372315728634,22.743473052978516,25000
2011-02-02,22.74749331229126,22.74749331229126,22.695153517113525,22.73944091796875,18000
2011-02-03,22.73139765776561,22.83607729018432,22.68308480825425,22.832050323486328,16600
2011-02-04,22.88035970827644,22.91256775563227,22.803862716111116,22.888410568237305,14200
2011-02-07,22.94477481114702,23.10984506723424,22.94477481114702,23.033348083496094,8200
2011-02-08,22.98503169659534,23.073606491088867,22.98503169659534,23.073606491088867,8600
2011-02-09,23.053474346930194,23.053474346930194,22.952821731567383,22.952821731567383,3200
2011-02-10,22.944777503992135,23.0695858001709,22.944777503992135,23.0695858001709,4800
2011-02-11,23.02529868180342,23.23063093913941,22.97296041183247,23.210500717163086,5400
2011-02-14,23.202442482305848,23.250755310058594,23.202442482305848,23.250755310058594,5200
2011-02-15,23.222578860818874,23.222578860818874,23.117899247770197,23.138031005859375,4200
2011-02-16,23.299081177487878,23.3272638041029,23.258820721134413,23.323238372802734,5200
2011-02-17,23.327251565259495,23.407773971557617,23.327251565259495,23.407773971557617,2600
2011-02-18,23.444012118867686,23.50842974537008,23.41180407353517,23.452064514160156,12000
2011-02-22,23.24270356493697,23.295043359035134,22.9286678720223,22.964902877807617,15600
2011-02-23,22.993089376716217,22.993089376716217,22.68710449039011,22.852174758911133,5800
2011-02-24,22.731386753040432,22.819961547851562,22.61865631298049,22.819961547851562,12600
2011-02-25,22.872307477123027,23.081665161874064,22.872307477123027,23.0695858001709,22000
2011-02-28,23.210490635428886,23.242698669433594,23.105811069280744,23.242698669433594,4800
2011-03-01,23.31920419857499,23.31920419857499,22.88036013810334,22.89646339416504,4800
2011-03-02,22.795814186824426,22.904519244783586,22.795814186824426,22.868284225463867,6800
2011-03-03,23.182314965105917,23.311150211341563,23.182314965105917,23.2869930267334,6200
2011-03-04,23.09374483115856,23.09374483115856,22.993092178676758,23.089717864990234,6000
2011-03-07,23.278941190431492,23.278941190431492,22.848148037524883,22.920618057250977,9600
2011-03-08,22.904514849496895,23.146082110551795,22.868279837130533,23.113872528076172,8800
2011-03-09,23.057497024536133,23.113862232925406,22.981001603984506,23.057497024536133,4600
2011-03-10,22.840094037707072,22.880356010191257,22.72736358642578,22.72736358642578,13200
2011-03-11,22.719316460927054,22.860229557708827,22.67100361857867,22.840099334716797,15000
2011-03-14,22.755552251392544,22.755552251392544,22.546194546304914,22.65489959716797,3600
2011-03-15,22.059031091833514,22.445536828257268,22.042926302189873,22.389171600341797,14400
2011-03-16,22.264362275383284,22.348910119121133,22.042926788330078,22.042926788330078,14000
2011-03-17,22.24825686800129,22.348909498944874,22.167735991916235,22.1878662109375,5000
2011-03-18,22.453588973735705,22.505928771577675,22.308648940227013,22.348909378051758,28000
2011-03-21,22.610602607906365,22.719307612732475,22.610602607906365,22.675020217895508,15200
2011-03-22,22.670999957033466,22.670999957033466,22.586450576782227,22.586450576782227,6800
2011-03-23,22.546192034278505,22.691132085947142,22.501904625620035,22.679054260253906,11600
2011-03-24,22.77567195821878,22.900481744726864,22.77567195821878,22.89242935180664,38000
2011-03-25,22.988114852185863,23.064823634247436,22.951779518601324,23.04463768005371,47400
2011-03-28,23.072897496989786,23.076934071648022,22.967928074801275,22.98407745361328,21600
2011-03-29,22.984078735785527,22.996190000525395,22.980040620812492,22.988115310668945,3400
2011-03-30,23.15365373818122,23.19806378370577,23.121356503311773,23.18998908996582,6600
2011-03-31,23.137499923463537,23.194021224975586,23.133461807589843,23.194021224975586,7800
2011-04-01,23.26265090603673,23.286874978001773,23.234390258789062,23.234390258789062,3800
2011-04-04,23.371651308182464,23.371651308182464,23.250534057617188,23.250534057617188,15400
2011-04-05,23.206134754309538,23.32321548461914,23.206134754309538,23.32321548461914,5000
2011-04-06,23.395882398617065,23.399918974142427,23.29898764501991,23.371658325195312,9600
2011-04-07,23.32724983268277,23.363585175167227,23.189983154418147,23.242467880249023,14800
2011-04-08,23.335323449714537,23.339361565410158,23.121349520543333,23.185945510864258,281600
2011-04-11,23.230350351598197,23.274760373786204,23.09712028503418,23.09712028503418,7200
2011-04-12,22.988114028271518,23.044636854113538,22.95177869598927,22.98407745361328,8200
2011-04-13,23.109235483134956,23.13345801404515,22.980041977891865,23.076936721801758,31800
2011-04-14,22.988116668225164,23.09308610246836,22.862962818283282,23.076936721801758,13600
2011-04-15,23.101155753936865,23.202087050953242,23.068856999648727,23.121341705322266,3800
2011-04-18,22.931593282967697,22.931593282967697,22.77414068606364,22.8952579498291,4600
2011-04-19,22.959861401857395,22.996196746826172,22.867004751401648,22.996196746826172,6000
2011-04-20,23.286873403125497,23.3393581187887,23.254574642689782,23.315134048461914,6400
2011-04-21,23.41203503019932,23.460481643676758,23.41203503019932,23.460481643676758,34400
2011-04-25,23.448363576761796,23.448363576761796,23.323208193134786,23.403953552246094,20800
2011-04-26,23.529114749377097,23.698680210514386,23.529114749377097,23.65427017211914,7600
2011-04-27,23.67041766050583,23.819795608520508,23.617932933872027,23.819795608520508,66800
2011-04-28,23.839977060024026,23.8924617767334,23.835940484933932,23.8924617767334,13000
2011-04-29,23.84805502398165,23.900539747895746,23.84805502398165,23.86420440673828,6400
2011-05-02,24.041842645021617,24.049917336281787,23.87631532441285,23.90053939819336,8200
2011-05-03,23.85208592491039,23.85208592491039,23.678483963012695,23.678483963012695,10400
2011-05-04,23.791532296740087,23.791532296740087,23.533148348498745,23.56140899658203,8800
2011-05-05,23.585628791443572,23.682523530831812,23.585628791443572,23.61792755126953,2400
2011-05-06,23.767313723043,23.85613380333472,23.529115676879883,23.529115676879883,5000
2011-05-09,23.617927545539853,23.743082929700623,23.569480945902306,23.735008239746094,9000
2011-05-10,23.78750015984307,23.864208972568456,23.78750015984307,23.839984893798828,7800
2011-05-11,23.940908943666773,23.940908943666773,23.617929025692348,23.686561584472656,9400
2011-05-12,23.646190280722983,23.82382885515748,23.565444914129206,23.799606323242188,6200
2011-05-13,23.839983121321996,23.839983121321996,23.617934472758524,23.69060516357422,14600
2011-05-16,23.58158805643219,23.74307874689379,23.53717803955078,23.53717803955078,7800
2011-05-17,23.44029363972039,23.472590865859896,23.391845490376223,23.4443302154541,40400
2011-05-18,23.50892451323355,23.706750591904186,23.50892451323355,23.67445182800293,11800
2011-05-19,23.759234100522782,23.759234100522782,23.605819590147163,23.755197525024414,2600
2011-05-20,23.569481629798943,23.674449522074337,23.50084753323875,23.662338256835938,8400
2011-05-23,23.258616516471914,23.319174391940766,23.230355866568466,23.266691207885742,10400
2011-05-24,23.311107955974727,23.311107955974727,23.18595251314102,23.18998908996582,4400
2011-05-25,23.109230122046043,23.274757385253906,23.09308074512592,23.274757385253906,5600
2011-05-26,23.18998040365126,23.416067123413086,23.177869137623052,23.416067123413086,7200
2011-05-27,23.444332259154255,23.52103952550104,23.436257566893,23.460481643676758,3000
2011-05-31,23.678492019541455,23.678492019541455,23.51296469025951,23.573522567749023,9200
2011-06-01,23.444322917783083,23.448361032349762,23.28687033165071,23.29090690612793,3400
2011-06-02,23.169790950416456,23.169790950416456,23.052710262846176,23.09712028503418,11200
2011-06-03,22.871038555762343,22.98811772073137,22.786255073425753,22.85085105895996,24800
2011-06-06,22.8508460336803,22.8508460336803,22.657058119694852,22.697431564331055,42800
2011-06-07,22.737809834279822,22.830666472803944,22.72973514309209,22.82259178161621,8000
2011-06-08,22.592466107561744,22.592466107561744,22.45923756713837,22.47942352294922,80600
2011-06-09,22.588432058690227,22.721660614013672,22.588432058690227,22.721660614013672,6800
2011-06-10,22.60457823717164,22.60457823717164,22.31793212890625,22.31793212890625,16400
2011-06-13,22.382529188781152,22.422902641231843,22.229114689737735,22.374454498291016,8000
2011-06-14,22.50768888228349,22.69340217877579,22.50768888228349,22.63688087463379,7600
2011-06-15,22.46730857190041,22.535941118416627,22.225072521637955,22.26140785217285,4000
2011-06-16,22.28564248872196,22.37446102986199,22.156450483345385,22.269493103027344,32600
2011-06-17,22.487499793191972,22.52383513224019,22.394643157866483,22.398679733276367,3800
2011-06-20,22.330045932125895,22.59246644172783,22.330045932125895,22.560169219970703,25200
2011-06-21,22.67725438514554,22.91545242651396,22.67725438514554,22.887191772460938,4400
2011-06-22,22.883149978736096,22.91544720167985,22.749919891357422,22.749919891357422,3200
2011-06-23,22.503651199294804,22.608619110381998,22.378495789072808,22.531911849975586,38000
2011-06-24,22.725098695390997,22.725098695390997,22.4334911633415,22.482091903686523,16800
2011-06-27,22.494245466965825,22.668399810791016,22.409193776722777,22.668399810791016,5200
2011-06-28,22.753452875643678,22.992408742422025,22.74940191205985,22.98025894165039,9200
2011-06-29,23.162508010864258,23.215159713153927,23.142257831518894,23.162508010864258,3600
2011-06-30,23.373119354248047,23.397420502776868,23.348819750709282,23.373119354248047,9000
2011-07-01,23.377162500324125,23.729520538710368,23.32046138437571,23.713319778442383,7400
2011-07-05,23.69307379593941,23.76597568506456,23.624222870093323,23.737625122070312,32800
2011-07-06,23.6809237403687,23.75382562870664,23.61612223351162,23.721424102783203,10800
2011-07-07,23.895575652501147,24.00897789001465,23.895575652501147,24.00897789001465,18600
2011-07-08,23.757865742781146,23.782166877706793,23.697113677961617,23.725465774536133,1600
2011-07-11,23.429814870322726,23.429814870322726,23.340713770398335,23.369064331054688,4200
2011-07-12,23.300215022747505,23.482469755223928,23.300215022747505,23.316415786743164,9000
2011-07-13,23.348819529543174,23.587775413681246,23.348819529543174,23.527023315429688,5600
2011-07-14,23.40146602108625,23.454117728294204,23.130110193533312,23.1787109375,12800
2011-07-15,23.324517283800876,23.336667084883512,23.20301463800463,23.231365203857422,6400
2011-07-18,23.30830752732582,23.30830752732582,23.061251367353282,23.126052856445312,8200
2011-07-19,23.284020157642594,23.5715768198815,23.284020157642594,23.555376052856445,5800
2011-07-20,23.603970549652086,23.603970549652086,23.478418500977195,23.510818481445312,4800
2011-07-21,23.632320470464386,23.802425384521484,23.632320470464386,23.802425384521484,10600
2011-07-22,23.81053122750648,23.818631610509208,23.70927875745754,23.774080276489258,11400
2011-07-25,23.61207278767112,23.77002637422404,23.531070512646835,23.697124481201172,83400
2011-07-26,23.652573353338557,23.652573353338557,23.5270197569375,23.54322052001953,6400
2011-07-27,23.405511472063136,23.40956088936093,23.008602142333984,23.008602142333984,6400
2011-07-28,23.300205195293877,23.300205195293877,23.10175132751465,23.10175132751465,4000
2011-07-29,22.810148197638153,23.0653047638002,22.68054520577574,22.972152709960938,17200
2011-08-01,23.134153359296853,23.134153359296853,22.587390888723682,22.761545181274414,32800
2011-08-02,22.631947512710017,22.631947512710017,22.17023659900414,22.18238639831543,25600
2011-08-03,22.182385568642797,22.320088953982697,21.777375793524225,22.295787811279297,45800
2011-08-04,22.052781087047638,22.052781087047638,21.39261476522703,21.429065704345703,5200
2011-08-05,21.48981905933799,21.48981905933799,20.590696871066914,21.177961349487305,12400
2011-08-08,20.785104296728097,20.785104296728097,19.81713105280056,19.829280853271484,26000
2011-08-09,20.10873592692352,20.655498504638672,19.845478955437155,20.655498504638672,12800
2011-08-10,20.28289127404174,20.469195408933608,19.833330154418945,19.833330154418945,22000
2011-08-11,19.950784671263275,20.845857620239258,19.950784671263275,20.845857620239258,20800
2011-08-12,20.918748197734857,21.036199817311246,20.79319465509696,20.878246307373047,14800
2011-08-15,20.999756478748814,21.238712310791016,20.999756478748814,21.238712310791016,26600
2011-08-16,21.060509670141087,21.16581153869629,20.983558364081123,21.16581153869629,5800
2011-08-17,21.177960718237475,21.214411658431963,20.926853554680044,20.93900489807129,8600
2011-08-18,20.509690437829427,20.509690437829427,19.902175903320312,19.902175903320312,67400
2011-08-19,19.78067700958101,20.15733621510968,19.7158755088981,19.719924926757812,13600
2011-08-22,20.124935610710413,20.124935610710413,19.707776027588228,19.776628494262695,19000
2011-08-23,19.88192502297113,20.424638049691666,19.84547409039329,20.347686767578125,5800
2011-08-24,20.39628794124711,20.639293133744413,20.35173662879176,20.594741821289062,11200
2011-08-25,20.801302889563583,20.890405537023387,20.33959197998047,20.33959197998047,18000
2011-08-26,20.16949255495812,20.700056076049805,20.16949255495812,20.700056076049805,18800
2011-08-29,20.979508551103333,21.250865936279297,20.979508551103333,21.250865936279297,9000
2011-08-30,21.20631132707667,21.506017684936523,21.08480870780944,21.506017684936523,10600
2011-08-31,21.50602196564882,21.708526886398772,21.35616875689104,21.368318557739258,30200
2011-09-01,21.489821664716086,21.506020883368514,21.242765426635742,21.242765426635742,34400
2011-09-02,20.752702467639793,20.86205375212996,20.667649236940022,20.7486515045166,5000
2011-09-06,20.116830262014965,20.517790528956912,20.116830262014965,20.408437728881836,9800
2011-09-07,20.82155743565958,21.14151560499819,20.82155743565958,21.13341522216797,3000
2011-09-08,21.096956940695208,21.137457295782326,20.975454330444336,20.975454330444336,4200
2011-09-09,20.67575191699252,20.744604392834262,20.29099226196729,20.416545867919922,14400
2011-09-12,20.116837917957692,20.428695678710938,20.047986987072004,20.428695678710938,102800
2011-09-13,20.546150896154053,20.7932071685791,20.513750909355235,20.7932071685791,10400
2011-09-14,20.85800838590056,21.13341522216797,20.69600381927619,21.13341522216797,14000
2011-09-15,21.299466362492993,21.433118798863035,21.234664853497552,21.4088191986084,156400
2011-09-16,21.639674350601826,21.639674350601826,21.46147058975004,21.5667724609375,4800
2011-09-19,21.242765235245713,21.46956974423484,21.23871427187671,21.4088191986084,9000
2011-09-20,21.680174702846468,21.696375466094796,21.554622650146484,21.554622650146484,2800
2011-09-21,21.4088153379688,21.4088153379688,20.86610221862793,20.86610221862793,8800
2011-09-22,20.197836051385156,20.27073793089202,19.946730435855738,20.205936431884766,9600
2011-09-23,20.18114140304706,20.331594770015453,20.18114140304706,20.270599365234375,8800
2011-09-26,20.445445443075066,20.56743621826172,20.323456219065555,20.56743621826172,6600
2011-09-27,21.112323872813906,21.360369537346678,21.112323872813906,21.12045669555664,8200
2011-09-28,21.079796341077234,21.132658918853576,20.547108029460254,20.57150650024414,7200
2011-09-29,20.900871136372956,20.982196239851277,20.29092355322406,20.360050201416016,31600
2011-09-30,20.355988174131944,20.518639961090095,20.31532406400951,20.31939125061035,9000
2011-10-03,20.06320876263425,20.168932325397183,19.558984756469727,19.558984756469727,42200
2011-10-04,19.343470592490128,20.09980583190918,19.319072131123516,20.09980583190918,19600
2011-10-05,20.099812741571082,20.482046127319336,20.079481459031452,20.482046127319336,8400
2011-10-06,20.555238877101917,20.7829532623291,20.555238877101917,20.7829532623291,7600
2011-10-07,20.937475177392646,20.937475177392646,20.665031024274917,20.717893600463867,17400
2011-10-10,21.185512201998304,21.34816551208496,21.185512201998304,21.34816551208496,10800
2011-10-11,21.319707352981684,21.4213653123031,21.266844779804885,21.364437103271484,6400
2011-10-12,21.57181224652753,21.775128104743956,21.57181224652753,21.612476348876953,10000
2011-10-13,21.466089786817456,21.579946176897916,21.384763129112713,21.5555477142334,7000
2011-10-14,21.82392709056531,21.91745376586914,21.714137873982327,21.91745376586914,4000
2011-10-17,21.848322614745634,21.848322614745634,21.498619079589844,21.498619079589844,5600
2011-10-18,21.44576341981511,21.91745628107603,21.348171097991976,21.905256271362305,10800
2011-10-19,21.84425928298346,21.84425928298346,21.600279289135646,21.657207489013672,1200
2011-10-20,21.649072519684076,21.66533660888672,21.453887937483916,21.66533660888672,24200
2011-10-21,21.933719568385087,22.116704195585022,21.933719568385087,22.0109806060791,7000
2011-10-24,22.18176097987217,22.52333170156527,22.18176097987217,22.43387222290039,13600
2011-10-25,22.389138065499633,22.389138065499633,22.18175506591797,22.18175506591797,11600
2011-10-26,22.30374841172511,22.30374841172511,21.990643363729003,22.230554580688477,6000
2011-10-27,22.864907792228667,23.129219104251096,22.791713938166374,22.942167282104492,35000
2011-10-28,22.95436487093454,23.04382280999329,22.925900769709866,22.986894607543945,21600
2011-10-31,22.775443548939286,22.79984201227084,22.60872459411621,22.60872459411621,45600
2011-11-01,21.945913472400882,22.100432402447925,21.87678527638881,22.088233947753906,15400
2011-11-02,22.21428634082355,22.31187706318716,22.18175506591797,22.18175506591797,3400
2011-11-03,22.47454755622714,22.63719940185547,22.344425459253376,22.63719940185547,3800
2011-11-04,22.48672756754483,22.637180827876872,22.446065027296108,22.56805419921875,9800
2011-11-07,22.60466163481671,22.690053939819336,22.405411371966718,22.690053939819336,8000
2011-11-08,22.84863772827153,22.978759765625,22.612792117259758,22.978759765625,11000
2011-11-09,22.503005808446765,22.503005808446765,22.092308337660434,22.16550064086914,18200
2011-11-10,22.22243106679471,22.470475190562468,22.22243106679471,22.348485946655273,29200
2011-11-11,22.6412633361591,22.828313629780766,22.637196148675677,22.78765106201172,9400
2011-11-14,22.551801275812128,22.629062317486262,22.551801275812128,22.604663848876953,21800
2011-11-15,22.60058706749784,22.75510597229004,22.555857339361356,22.75510597229004,2400
2011-11-16,22.49893813161345,22.722585310314873,22.49893813161345,22.588396072387695,5800
2011-11-17,22.34441930123956,22.34441930123956,21.864593619194785,22.006914138793945,7600
2011-11-18,22.002840887202986,22.084167535043278,21.921514239362697,21.98250961303711,26600
2011-11-21,21.66533846945826,21.66533846945826,21.315634927151738,21.5555477142334,28000
2011-11-22,21.482358194957037,21.5596176765782,21.457959729150637,21.510822296142578,13800
2011-11-23,21.063522352449773,21.15704745998456,21.039125442504883,21.039125442504883,7200
2011-11-25,21.063522338867188,21.063522338867188,21.063522338867188,21.063522338867188,400
2011-11-28,21.514885160969513,21.636874371938145,21.514885160969513,21.5555477142334,24800
2011-11-29,21.68566989221456,21.775127813834363,21.645005790408394,21.69786834716797,3600
2011-11-30,22.279355939208756,22.515201568603516,22.279355939208756,22.515201568603516,15200
2011-12-01,22.442008887768697,22.54366683959961,22.442008887768697,22.54366683959961,5000
2011-12-02,22.66972274223654,22.751049412085386,22.584330436924997,22.588396072387695,15400
2011-12-05,22.816110437729023,22.852707361602143,22.588396072387695,22.588396072387695,29200
2011-12-06,22.649385998653177,22.820170568076367,22.649385998653177,22.73884391784668,36400
2011-12-07,22.649388689617176,22.7957763671875,22.49893537708191,22.7957763671875,14600
2011-12-08,22.612794526999195,22.612794526999195,22.287489398949283,22.454208374023438,6600
2011-12-09,22.4908069858625,22.645325963797443,22.4908069858625,22.572132110595703,18600
2011-12-12,22.222427428154777,22.222427428154777,22.100436653044625,22.145166397094727,4000
2011-12-13,22.385075196236006,22.46640184800261,21.990643494609802,22.00284194946289,9200
2011-12-14,21.868653824711238,21.90525074226032,21.742598981846456,21.787328720092773,76400
2011-12-15,21.974385642362016,21.990651288715714,21.823930740356445,21.823930740356445,23000
2011-12-16,22.067908333577265,22.067908333577265,21.81986268332633,21.8686580657959,5000
2011-12-19,21.893058107464498,21.893058107464498,21.701940648209845,21.710073471069336,2400
2011-12-20,21.945912918866995,22.2630851423263,21.945912918866995,22.234621047973633,25200
2011-12-21,22.076035649546125,22.230554580688477,22.02317309353592,22.230554580688477,100000
2011-12-22,22.362532572542346,22.39113426208496,22.25629794833765,22.39113426208496,25200
2011-12-23,22.45651326216462,22.54231834411621,22.391137738962154,22.54231834411621,13000
2011-12-27,22.554575075422143,22.648552283229808,22.554575075422143,22.595434188842773,8000
2011-12-28,22.607698707987804,22.607698707987804,22.338022882118544,22.362539291381836,13600
2011-12-29,22.452421827276883,22.56274328473092,22.440162848443105,22.5545711517334,8800
2011-12-30,22.566829102445098,22.59134550201405,22.485109329223633,22.485109329223633,15800
2012-01-03,22.811993283326622,22.905970497021514,22.685327529907227,22.685327529907227,3200
2012-01-04,22.652640700434144,22.79973602294922,22.652640700434144,22.79973602294922,2600
2012-01-05,22.65673088636532,22.881459191691434,22.636301323822167,22.81199836730957,14600
2012-01-06,22.873280569970667,22.873280569970667,22.811991899717597,22.84467887878418,3000
2012-01-09,22.89371520907522,22.89371520907522,22.71801817639659,22.820167541503906,26800
2012-01-10,23.008127212524414,23.048986341587188,22.971353372897568,23.008127212524414,7600
2012-01-11,22.979519247315462,23.028550500562368,22.92231430007273,23.024463653564453,4600
2012-01-12,23.089838335978747,23.16747283935547,23.008120103103813,23.16747283935547,9800
2012-01-13,22.922311243722852,23.048976986286753,22.922311243722852,22.99177360534668,13200
2012-01-17,23.224680153519365,23.25736714046218,23.110273361206055,23.110273361206055,9200
2012-01-18,23.290050128795947,23.420801162719727,23.273705859886654,23.420801162719727,10600
2012-01-19,23.473919480320323,23.580154111889307,23.453489923327282,23.555639266967773,14600
2012-01-20,23.522955743555297,23.522955743555297,23.46166550083479,23.510698318481445,18200
2012-01-23,23.67822629474963,23.690483721417554,23.482099674683795,23.54338836669922,5600
2012-01-24,23.404465995553956,23.571990920334635,23.404465995553956,23.55156135559082,4800
2012-01-25,23.4943476723183,23.714990615844727,23.4943476723183,23.714990615844727,10600
2012-01-26,23.808965603231027,23.808965603231027,23.506602905950462,23.559720993041992,9800
2012-01-27,23.53111891454202,23.625096107879642,23.498430381898487,23.592409133911133,6000
2012-01-30,23.22876348776425,23.53521156311035,23.22876348776425,23.53521156311035,71400
2012-01-31,23.629187318137042,23.629187318137042,23.47391987675223,23.522951126098633,63800
2012-02-01,23.661873994159834,23.874344816831737,23.661873994159834,23.825313568115234,10200
2012-02-02,23.817141433549935,23.890689085962336,23.76810862615814,23.825313568115234,9400
2012-02-03,24.0132744798435,24.148110839940003,24.005102343068604,24.13994026184082,22200
2012-02-06,24.103162817168144,24.13993664781185,24.07455956340039,24.123592376708984,26400
2012-02-07,24.07046938878469,24.213477835216104,24.025523431713342,24.209392547607422,18200
2012-02-08,24.246169136396357,24.246169136396357,24.144019789100902,24.217567443847656,2800
2012-02-09,24.22165224297416,24.3278884348751,24.1767062816834,24.307458877563477,7400
2012-02-10,24.099076972567886,24.139937652024837,24.02961615550438,24.09499168395996,10400
2012-02-13,24.18078952896022,24.29111099243164,24.18078952896022,24.29111099243164,2200
2012-02-14,24.168538000729363,24.27477264404297,24.131764170606292,24.27477264404297,7600
2012-02-15,24.385092272153056,24.397349695032844,24.254341232517547,24.29520034790039,3400
2012-02-16,24.250252025427265,24.483152389526367,24.23799460374053,24.483152389526367,17000
2012-02-17,24.52401332151469,24.54035758972168,24.49132478510071,24.54035758972168,5600
2012-02-21,24.601658258069584,24.601658258069584,24.450477600097656,24.450477600097656,11800
2012-02-22,24.470898570751388,24.470898570751388,24.364663930249716,24.401437759399414,7600
2012-02-23,24.39326463842415,24.528100967407227,24.39326463842415,24.528100967407227,2200
2012-02-24,24.58121498800007,24.613903522135324,24.511754190975303,24.524011611938477,5600
2012-02-27,24.40143603568174,24.63024957096054,24.356490074487603,24.613906860351562,62800
2012-02-28,24.564869448976275,24.63841708829724,24.564869448976275,24.62615966796875,40600
2012-02-29,24.66294178183522,24.691543478003855,24.499502182006836,24.499502182006836,12200
2012-03-01,24.589396375353626,24.69563103392269,24.589396375353626,24.59756851196289,9400
2012-03-02,24.638423160261084,24.638423160261084,24.56079021459021,24.573047637939453,6000
2012-03-05,24.44637711216192,24.50358048455162,24.425946000301316,24.47089195251465,4800
2012-03-06,24.270680359009365,24.295195199574064,24.05412272907945,24.070466995239258,27200
2012-03-07,24.11541905159598,24.274771790299685,24.11541905159598,24.266599655151367,52200
2012-03-08,24.405524706387624,24.49541664123535,24.405524706387624,24.49541664123535,7200
2012-03-09,24.597562591067273,24.675195532154678,24.597562591067273,24.613906860351562,3400
2012-03-12,24.646595295385712,24.646595295385712,24.54444594434095,24.573047637939453,8800
2012-03-13,24.703796182981932,24.948955535888672,24.658850223681934,24.948955535888672,13600
2012-03-14,24.96121712979077,25.055194351908526,24.936700722800072,24.99390411376953,23600
2012-03-15,25.022514366154084,25.14917860767569,25.010255379892424,25.141006469726562,21600
2012-03-16,25.206367435188042,25.255400234522046,25.16142304047776,25.185937881469727,75000
2012-03-19,25.202292933217006,25.31261444091797,25.202292933217006,25.31261444091797,8800
2012-03-20,25.157333433753124,25.177762985229492,25.120559617625712,25.177762985229492,8200
2012-03-21,25.198199720267052,25.198199720267052,25.096050375089366,25.19002914428711,12000
2012-03-22,24.95304504093407,24.985733583649655,24.86723995431893,24.916271209716797,8000
2012-03-23,24.82637982618023,24.99799156188965,24.82637982618023,24.99799156188965,2800
2012-03-26,25.173817721435906,25.31317138671875,25.173817721435906,25.31317138671875,4400
2012-03-27,25.374653500012773,25.374653500012773,25.313173339246635,25.36235809326172,4600
2012-03-28,25.23120271680681,25.23120271680681,25.009876006881765,25.136934280395508,13600
2012-03-29,24.95659769147384,25.075458526611328,24.95659769147384,25.075458526611328,4800
2012-03-30,25.231208160743083,25.247601519325883,25.091854450001428,25.24350357055664,5800
2012-04-02,25.231198730330732,25.468918757742248,25.231198730330732,25.41563606262207,5400
2012-04-03,25.329568230468293,25.39104839116942,25.173819636596086,25.304977416992188,4400
2012-04-04,25.124640770418846,25.128740282374068,25.005779939808722,25.108245849609375,12200
2012-04-05,24.97708171284116,25.141027742087697,24.97708171284116,25.09184455871582,8600
2012-04-09,24.77625215287299,24.878718041376594,24.735264859368318,24.874618530273438,12800
2012-04-10,24.772149109586948,24.821333854779454,24.362285614013672,24.362285614013672,7000
2012-04-11,24.628700893294372,24.64509581060972,24.567220735114507,24.616405487060547,6000
2012-04-12,24.64099110611786,24.911500930786133,24.64099110611786,24.911500930786133,27600
2012-04-13,24.772153560745586,24.796745937760694,24.73526577697564,24.78445053100586,5000
2012-04-16,24.784447905446076,24.80084125821407,24.575416631725137,24.653291702270508,22000
2012-04-17,24.75166520045231,24.985287352352305,24.75166520045231,24.972991943359375,8200
2012-04-18,24.84182995157542,24.89511265071947,24.796744711030872,24.858224868774414,4800
2012-04-19,24.825434614716414,24.90740763582031,24.612305385248415,24.714771270751953,16600
2012-04-20,24.80904323135876,24.85822798912971,24.71887430245647,24.72707176208496,9400
2012-04-23,24.399181080160403,24.47705616950369,24.399181080160403,24.440168380737305,10200
2012-04-24,24.50984764099121,24.60001815050727,24.4811573086008,24.50984764099121,8400
2012-04-25,24.800842023502717,24.870519638061523,24.792646128618454,24.870519638061523,8600
2012-04-26,24.845927080602767,25.10823949312364,24.845927080602767,25.083648681640625,8600
2012-04-27,25.083656600852038,25.083656600852038,24.97709117243063,25.04266929626465,17200
2012-04-30,24.997577959968183,24.997577959968183,24.936097803646167,24.985280990600586,8800
2012-05-01,25.005774918135987,25.247594479243425,25.001676970509422,25.182016372680664,10000
2012-05-02,24.977085172598002,25.054960250854492,24.93609944136174,25.054960250854492,44000
2012-05-03,24.9442926498838,25.06315343912306,24.862319637873785,24.8828125,26000
2012-05-04,24.677886555983005,24.677886555983005,24.42377156613859,24.468856811523438,10200
2012-05-07,24.37047870879157,24.47294456434166,24.37047870879157,24.452451705932617,4000
2012-05-08,24.26802129458006,24.317206048075935,24.042596646659597,24.313106536865234,10400
2012-05-09,24.06308974974773,24.276218993150945,24.054892290750825,24.18604850769043,42000
2012-05-10,24.313111913204146,24.313111913204146,24.206548050742875,24.218843460083008,13400
2012-05-11,24.071296077001612,24.243439652346233,24.071296077001612,24.132776260375977,9600
2012-05-14,23.899145139885675,24.022103897208723,23.87045481529381,23.92783546447754,8200
2012-05-15,23.95652601665743,23.95652601665743,23.74749472006756,23.77208709716797,3400
2012-05-16,23.845856183352677,23.86225109696327,23.64092445373535,23.64092445373535,7000
2012-05-17,23.62454276565117,23.62454276565117,23.226974487304688,23.226974487304688,4800
2012-05-18,23.288441105059174,23.292540615122167,22.997438430786133,22.997438430786133,26200
2012-05-21,23.36631905398128,23.39910888671875,23.36631905398128,23.39910888671875,1000
2012-05-22,23.55485366713693,23.595839387944793,23.456485748291016,23.456485748291016,7400
2012-05-23,23.263855930590967,23.267955441921913,23.10810889713515,23.231067657470703,20000
2012-05-24,23.38681528518475,23.45239339221291,23.218771288205996,23.235164642333984,13600
2012-05-25,23.37452190419011,23.41550920456688,23.37452190419011,23.39091682434082,2400
2012-05-29,23.53026489615777,23.61633586112425,23.476982200152452,23.583547592163086,40400
2012-05-30,23.35402961888454,23.370424539444613,23.272056579589844,23.272056579589844,58400
2012-05-31,23.226964641396286,23.226964641396286,23.083513036567965,23.2105712890625,6600
2012-06-01,22.82120406041238,22.853992333503523,22.550694162512244,22.567089080810547,44000
2012-06-04,22.583477598281334,22.640859800034274,22.37034996007664,22.485111236572266,11400
2012-06-05,22.46051996629439,22.71873441458255,22.46051996629439,22.71053695678711,13200
2012-06-06,22.849902194309355,23.132707595825195,22.849902194309355,23.132707595825195,14000
2012-06-07,23.444194403956395,23.452391862238308,23.255657553988268,23.32123565673828,10400
2012-06-08,23.083525382711215,23.296654712094227,23.083525382711215,23.292556762695312,5800
2012-06-11,23.218778244653596,23.243369064965798,23.104015350341797,23.104015350341797,2800
2012-06-12,22.948264165264877,23.128603590436835,22.940066705460847,23.095813751220703,5800
2012-06-13,23.11220167141166,23.11220167141166,23.071215948309412,23.083511352539062,2400
2012-06-14,22.989244615751463,23.2105712890625,22.919567005188256,23.2105712890625,12200
2012-06-15,23.313041061495927,23.354026794433594,23.313041061495927,23.354026794433594,9400
2012-06-18,23.23105540667989,23.440085032668964,23.23105540667989,23.37040901184082,14400
2012-06-19,23.535806399029585,23.70036431937672,23.535806399029585,23.67568016052246,18000
2012-06-20,23.618075652743283,23.618075652743283,23.44940455991051,23.58516502380371,12000
2012-06-21,23.609847657947412,23.622188947660884,23.02978350131434,23.03801155090332,7600
2012-06-22,23.10795022856634,23.194343974339258,23.10795022856634,23.1820011138916,6800
2012-06-25,22.98865460538991,22.98865460538991,22.787071228027344,22.787071228027344,3200
2012-06-26,22.811744985525152,22.931049346923828,22.733579301479146,22.931049346923828,8600
2012-06-27,23.01744295539416,23.050353585473566,22.98453075597471,23.025671005249023,7200
2012-06-28,22.939277459435036,22.939277459435036,22.848772048950195,22.848772048950195,3600
2012-06-29,23.38359019891694,23.507007848469712,23.34245150551287,23.47821044921875,13400
2012-07-02,23.59339000139684,23.638643486479097,23.486428502480507,23.57282066345215,8400
2012-07-03,23.609856558070977,23.77852771487843,23.585173969339525,23.76207160949707,8400
2012-07-05,23.69623908011585,23.827884730723383,23.69623908011585,23.745607376098633,5400
2012-07-06,23.51522772867565,23.51522772867565,23.3876953125,23.3876953125,5200
2012-07-09,23.379466031631384,23.420604705810547,23.367123173905775,23.420604705810547,3400
2012-07-10,23.375359811566423,23.383587863293503,23.194347381591797,23.194347381591797,9400
2012-07-11,23.194343956276928,23.194343956276928,23.075039577863564,23.10795021057129,4000
2012-07-12,23.021557638132744,23.157318115234375,22.943393513624017,23.157318115234375,4400
2012-07-13,23.35478783427023,23.404154569727503,23.35478783427023,23.391813278198242,14000
2012-07-16,23.379471986668978,23.404154569727503,23.309534339542633,23.391813278198242,10200
2012-07-17,23.40826222565986,23.527565002441406,23.313640455053495,23.527565002441406,6800
2012-07-18,23.655107005436143,23.770296589534563,23.650993764292792,23.71270179748535,14400
2012-07-19,23.799099212949418,23.88960623138652,23.799099212949418,23.84435272216797,7600
2012-07-20,23.708584438357764,23.708584438357764,23.51934242248535,23.51934242248535,16000
2012-07-23,23.116178804648364,23.334218224992334,23.116178804648364,23.309534072875977,3400
2012-07-24,22.988645577516984,23.06269645690918,22.922822747983922,23.06269645690918,4600
2012-07-25,23.177882352228476,23.177882352228476,22.98864194340412,23.079147338867188,4600
2012-07-26,23.40415838981665,23.515234739730865,23.37947580272937,23.46586799621582,5400
2012-07-27,23.535798615588774,23.852571487426758,23.535798615588774,23.852571487426758,6600
2012-07-30,23.84434492027147,23.893713224724195,23.73738339930433,23.790864944458008,22200
2012-07-31,25.086763908533932,25.086763908533932,23.634546023351803,23.66334342956543,8600
2012-08-01,23.618080132917964,23.618080132917964,23.5810546875,23.5810546875,2800
2012-08-02,23.32599233369373,23.445296725957096,23.177890545965457,23.317764282226562,11600
2012-08-03,23.786755767569108,23.832009272697547,23.757958367822024,23.76207160949707,5400
2012-08-06,23.91017101146027,23.934855167046578,23.91017101146027,23.930740356445312,5000
2012-08-07,23.93485592216558,24.169349914942032,23.93485592216558,24.06650161743164,12800
2012-08-08,24.041814565689577,24.115865456526283,24.041814565689577,24.107637405395508,4000
2012-08-09,24.09118627474123,24.14878107145018,24.058274065570107,24.119983673095703,9200
2012-08-10,24.02125257205462,24.136442184448242,23.996569980450715,24.136442184448242,5200
2012-08-13,24.107637901319194,24.140550106519346,24.058271162859285,24.087068557739258,5800
2012-08-14,24.25984977527202,24.25984977527202,24.15288669852739,24.194026947021484,5200
2012-08-15,24.128206678092543,24.18991470336914,24.128206678092543,24.18991470336914,11400
2012-08-16,24.239282386159836,24.39561221445814,24.239282386159836,24.3791561126709,9400
2012-08-17,24.399730932163667,24.424413519457172,24.39150287995233,24.407958984375,13000
2012-08-20,24.428528330233085,24.428528330233085,24.346249377460246,24.407958984375,3000
2012-08-21,24.51492436473564,24.57251916989678,24.333911895751953,24.333911895751953,530000
2012-08-22,24.305116405588112,24.305116405588112,24.235178730003245,24.29688835144043,9400
2012-08-23,24.292766557815547,24.292766557815547,24.144664764404297,24.144664764404297,3000
2012-08-24,24.07060680778868,24.27219009399414,24.07060680778868,24.27219009399414,5000
2012-08-27,24.317443580857,24.333899679596207,24.27219009399414,24.27219009399414,6400
2012-08-28,24.235167470059718,24.27630615234375,24.23105422956737,24.27630615234375,4600
2012-08-29,24.235173181267825,24.288654736312523,24.161122280233783,24.239286422729492,20000
2012-08-30,24.136434147024087,24.14877700805664,24.066498068314015,24.14877700805664,10400
2012-08-31,24.218707770058977,24.272189304551976,24.169341044786925,24.17345428466797,8400
2012-09-04,24.185798909984452,24.247506928747878,24.02535586412353,24.23105239868164,7600
2012-09-05,24.181684986703964,24.214597186722678,24.161115646362305,24.161115646362305,4000
2012-09-06,24.55193737030095,24.60541890626134,24.55193737030095,24.597190856933594,9800
2012-09-07,24.630108138795517,24.712387084960938,24.630108138795517,24.712387084960938,19600
2012-09-10,24.69592450630227,24.737064753267713,24.66301387806987,24.68769645690918,26400
2012-09-11,24.630101275889725,24.724721488345953,24.625988035930728,24.70003890991211,2200
2012-09-12,24.74530020510802,24.79055213629699,24.716502808287572,24.75352668762207,6000
2012-09-13,24.749409222310984,25.14434622787814,24.712383779955303,25.10732078552246,8200
2012-09-14,25.123781207160544,25.234857553330276,25.123781207160544,25.16080665588379,13600
2012-09-17,25.127893441142465,25.132006681983082,25.062069032970413,25.09086799621582,28000
2012-09-18,25.053837972405738,25.062064452583492,25.004469675299337,25.02915382385254,3000
2012-09-19,25.082638948496438,25.11966439195182,25.082638948496438,25.094980239868164,10600
2012-09-20,24.967444237139528,25.02915382385254,24.905736219766496,25.02915382385254,9400
2012-09-21,25.210174644401267,25.210174644401267,25.05384635925293,25.05384635925293,13200
2012-09-24,24.91396830895732,25.0003604888916,24.89339739715753,25.0003604888916,32800
2012-09-25,25.038371674830206,25.05489903152205,24.728490829467773,24.728490829467773,8000
2012-09-26,24.736744756025303,24.736744756025303,24.526026557748377,24.571475982666016,15600
2012-09-27,24.67477986863135,24.84418133839487,24.67477986863135,24.790468215942383,8000
2012-09-28,24.695437331607845,24.835916709166234,24.695437331607845,24.761545181274414,16600
2012-10-01,24.848312377929688,25.01771384761366,24.848312377929688,24.848312377929688,8400
2012-10-02,24.94334137382361,24.980527137769524,24.728490468373398,24.761545181274414,10800
2012-10-03,24.8441813267286,24.947474944246522,24.84004869939199,24.848312377929688,3200
2012-10-04,24.97226955045604,25.013587951660156,24.922689045146946,25.013587951660156,5000
2012-10-05,25.145799163517037,25.19951228736003,24.947475601791638,24.988792419433594,4000
2012-10-08,24.91028916725167,24.943342305251484,24.906156539916992,24.906156539916992,11200
2012-10-09,24.89375800570229,24.89375800570229,24.732620239257812,24.732620239257812,3000
2012-10-10,24.649988365877142,24.649988365877142,24.55495842865316,24.57561683654785,6600
2012-10-11,24.67064216554545,24.70369687291107,24.5880069732666,24.5880069732666,46400
2012-10-12,24.604536152108597,24.604536152108597,24.49711149747199,24.509506225585938,1800
2012-10-15,24.563219836930493,24.678908171357374,24.563219836930493,24.666513442993164,800
2012-10-16,24.81938887186094,25.00531768798828,24.81938887186094,25.00531768798828,6200
2012-10-17,24.997059525176407,25.079694747924805,24.997059525176407,25.079694747924805,7600
2012-10-18,25.030110813211113,25.030110813211113,24.9350792955906,24.988792419433594,3200
2012-10-19,24.84831445065121,24.84831445065121,24.517775162249034,24.57975196838379,12400
2012-10-22,24.521901644203922,24.542561626489345,24.464057476529604,24.47645378112793,40200
2012-10-23,24.27399661968214,24.31118237967685,24.141780934397673,24.278127670288086,16800
2012-10-24,24.21615515225325,24.27399932399258,24.150047302246094,24.150047302246094,4200
2012-10-25,24.28638908083599,24.28638908083599,24.121120277723616,24.195491790771484,23200
2012-10-26,24.195498852824503,24.253343029603844,24.0756778717041,24.0756778717041,3600
2012-10-31,24.170706646332885,24.236814498901367,24.125257202166644,24.236814498901367,7800
2012-11-01,24.27812798526861,24.517769903040342,24.27812798526861,24.509506225585938,16200
2012-11-02,24.70783398232315,24.70783398232315,24.418611526489258,24.418611526489258,15400
2012-11-05,24.352505966603193,24.49711799621582,24.315320196261172,24.49711799621582,11800
2012-11-06,24.761542412587286,24.76567346317027,24.67890721570998,24.6954345703125,4800
2012-11-07,24.373158906781516,24.373158906781516,24.183097482132645,24.21615219116211,4000
2012-11-08,24.158317389960512,24.158317389960512,23.96412483948397,24.005441665649414,6000
2012-11-09,23.8236433073098,23.951727978860365,23.8236433073098,23.8856201171875,6400
2012-11-12,23.955852425063412,23.955852425063412,23.81537306072742,23.877349853515625,10200
2012-11-13,23.53028523686296,23.997172806564524,23.53028523686296,23.955854415893555,5000
2012-11-14,23.720346572483933,23.761663389574622,23.50962828350456,23.567472457885742,30200
2012-11-15,23.563336374330262,23.66662997804188,23.451779093185483,23.534414291381836,136200
2012-11-16,23.56747261382903,23.695555693338996,23.4765737242654,23.66663360595703,17200
2012-11-19,23.951726779434473,24.108731957960366,23.931066793085993,24.10460090637207,16800
2012-11-20,24.026096428447257,24.10459901153921,24.009569071121934,24.046754837036133,4200
2012-11-21,24.088070503305115,24.154178353312272,24.083939452238937,24.150047302246094,10200
2012-11-23,24.25747071825909,24.39381903845346,24.25747071825909,24.348369598388672,6600
2012-11-26,24.34837262031555,24.418611526489258,24.34837262031555,24.418611526489258,4600
2012-11-27,24.406212725773802,24.426871131430318,24.29878807067871,24.29878807067871,8400
2012-11-28,24.17483465337595,24.39794921875,24.17483465337595,24.39794921875,800
2012-11-29,24.50124377113906,24.55908794007192,24.435135924339306,24.484716415405273,10400
2012-11-30,24.505381961371217,24.505381961371217,24.43514147162427,24.443405151367188,3400
2012-12-03,24.567356026884116,24.567356026884116,24.54669761657715,24.54669761657715,1400
2012-12-04,24.422742169941568,24.422742169941568,24.286393843901358,24.340106964111328,8400
2012-12-05,24.348370367459598,24.468191335754113,24.28639356975266,24.39381980895996,23400
2012-12-06,24.356631958868125,24.468189239501953,24.356631958868125,24.468189239501953,10600
2012-12-07,24.588015136111075,24.588015136111075,24.43100995240666,24.51364517211914,60400
2012-12-10,24.55495262145996,24.55495262145996,24.55495262145996,24.55495262145996,2400
2012-12-11,24.711961924915016,24.761542412587286,24.6334577786207,24.6954345703125,24200
2012-12-12,24.798729132662555,24.835914893890532,24.666513442993164,24.666513442993164,16800
2012-12-13,24.65824621264021,24.732617724380802,24.492975836297763,24.55495262145996,10600
2012-12-14,24.521900866108176,24.57974660808237,24.48471510576385,24.488847732543945,8000
2012-12-17,24.64998426924307,24.745014190673828,24.645853218804877,24.745014190673828,5800
2012-12-18,24.782204132820166,25.067293945240497,24.7739404544135,25.054899215698242,33200
2012-12-19,25.074027783720883,25.090661018878382,24.949281692504883,24.949281692504883,17200
2012-12-20,24.953434458096766,25.044915647816225,24.92016958034661,25.04075813293457,93400
2012-12-21,24.820377623295045,24.89938470075443,24.7746386038897,24.88275146484375,46600
2012-12-24,24.80789763856509,24.82037176943975,24.76631614482802,24.79542350769043,18800
2012-12-26,24.67068218312246,24.703947067260742,24.624941579478783,24.703947067260742,15000
2012-12-27,24.679001298135933,24.679001298135933,24.375451843819697,24.533464431762695,25800
2012-12-28,24.441974096083673,24.550088516135514,24.383759371239893,24.38791847229004,8400
2012-12-31,24.39208364719591,24.670684814453125,24.39208364719591,24.670684814453125,28200
2013-01-02,25.70191677847012,25.70191677847012,25.15303275403717,25.35262680053711,72400
2013-01-03,25.365103820925384,25.494009017944336,25.365103820925384,25.494009017944336,13400
2013-01-04,25.444105360745418,25.539744071595624,25.410840480821715,25.518953323364258,46400
2013-01-07,25.435791161263214,25.439950263044157,25.356785675983502,25.410842895507812,35400
2013-01-08,25.369260934709246,25.41500153893413,25.24867394366403,25.34431266784668,15600
2013-01-09,25.43162803000057,25.456577876479205,25.39836315426127,25.448261260986328,10400
2013-01-10,25.552218564687333,25.55637607964135,25.410839262765624,25.548059463500977,8400
2013-01-11,25.597963084962135,25.597963084962135,25.510639395216103,25.585487365722656,12600
2013-01-14,25.61875084283131,25.61875084283131,25.55637701261761,25.589643478393555,7600
2013-01-15,25.53143251011401,25.664495220352183,25.51064017282528,25.652019500732422,23000
2013-01-16,25.606279702377595,25.631227968391393,25.585487365722656,25.585487365722656,9800
2013-01-17,25.7060716034127,25.85160841805612,25.7060716034127,25.82666015625,15600
2013-01-18,25.76845154306678,25.793399810791016,25.701920185414334,25.793399810791016,11400
2013-01-22,25.839138164224856,25.92646026611328,25.76429019511119,25.92646026611328,14800
2013-01-23,25.976361403001505,26.001309669927622,25.926461696683994,25.97220230102539,26200
2013-01-24,25.951407987423586,26.05952083047198,25.938933855672886,25.98467445373535,17200
2013-01-25,26.080317321594297,26.146848678588867,26.080317321594297,26.146848678588867,23200
2013-01-28,26.184272666037856,26.19258928394126,26.076158219526256,26.146848678588867,13200
2013-01-29,26.13020997685603,26.275746794140503,26.101102613399135,26.271589279174805,12400
2013-01-30,26.271589748212314,26.296539597148954,26.188425171322553,26.225849151611328,10000
2013-01-31,26.196746147507366,26.200903663239213,26.113581556776687,26.167638778686523,11800
2013-02-01,26.267431180163825,26.44623446892515,26.267431180163825,26.4129695892334,12800
2013-02-04,26.250802687837645,26.250802687837645,26.138530731201172,26.138530731201172,11400
2013-02-05,26.325646743086857,26.462866945520936,26.325646743086857,26.39633560180664,15200
2013-02-06,26.338118327232994,26.417123794555664,26.338118327232994,26.417123794555664,12400
2013-02-07,26.471188316111984,26.487821551586052,26.263277631384042,26.437923431396484,19400
2013-02-08,26.49197358895232,26.59177139492649,26.487816074059875,26.562664031982422,18800
2013-02-11,26.50860746700523,26.54603144687853,26.50860746700523,26.541873931884766,19600
2013-02-12,26.579294565628263,26.66661665080665,26.579294565628263,26.629194259643555,18000
2013-02-13,26.720691765959224,26.720691765959224,26.608419765200864,26.63752555847168,9600
2013-02-14,26.645837749859233,26.758108139038086,26.645837749859233,26.758108139038086,3600
2013-02-15,26.76642697939233,26.76642697939233,26.637520176946037,26.687419891357422,10400
2013-02-19,26.733159653191024,26.866222381591797,26.733159653191024,26.866222381591797,5600
2013-02-20,26.845422282585602,26.845422282585602,26.533557891845703,26.533557891845703,26200
2013-02-21,26.4836616907659,26.4836616907659,26.238327026367188,26.238327026367188,7400
2013-02-22,26.483657547379945,26.55434799194336,26.446233567606924,26.55434799194336,3000
2013-02-25,26.55435091531664,26.566825047870143,26.155162811279297,26.155162811279297,34600
2013-02-26,26.234170939801334,26.317335533086393,26.167639582419824,26.284069061279297,9800
2013-02-27,26.29654051544686,26.629197248390188,26.29654051544686,26.625038146972656,2600
2013-02-28,26.704042214434242,26.7747310682742,26.629194259643555,26.629194259643555,16200
2013-03-01,26.69157899400815,26.72068636763168,26.687419891357422,26.687419891357422,3000
2013-03-04,26.699887140150764,26.816316604614258,26.658305641765942,26.816316604614258,4800
2013-03-05,27.128191299102067,27.140665435370504,27.065817445293895,27.07829475402832,26600
2013-03-06,27.17391981904999,27.178078920110313,27.09075683263094,27.148971557617188,23000
2013-03-07,27.17808417223549,27.223824775344642,27.17808417223549,27.194717407226562,18600
2013-03-08,27.311143548249497,27.33193588256836,27.194714089979396,27.33193588256836,16800
2013-03-11,27.273722317637894,27.385995864868164,27.24877405046019,27.385995864868164,13400
2013-03-12,27.398469372917273,27.398469372917273,27.261247561642236,27.27372169494629,29000
2013-03-13,27.377672298300375,27.44836432889942,27.352724036009352,27.435890197753906,64000
2013-03-14,27.506579883127728,27.56479461186734,27.494105751607066,27.55232048034668,57400
2013-03-15,27.535687574278228,27.53984667565607,27.477472844847753,27.53152847290039,16600
2013-03-18,27.286188541865016,27.50241417200774,27.286188541865016,27.365192413330078,14200
2013-03-19,27.440053140967013,27.4442122432336,27.186401834618675,27.323623657226562,7200
2013-03-20,27.47747324313461,27.519054740121273,27.44836587799746,27.498262405395508,4000
2013-03-21,27.402618177317024,27.402618177317024,27.28618874694479,27.327770233154297,5400
2013-03-22,27.402620793418958,27.510735205856484,27.402620793418958,27.46915054321289,14200
2013-03-25,27.54504397174911,27.578402343466685,27.303203729870226,27.399105072021484,33600
2013-03-26,27.524193537120855,27.56171931414812,27.51585235473992,27.545040130615234,6600
2013-03-27,27.46998770445863,27.611759185791016,27.45330851952369,27.611759185791016,12200
2013-03-28,27.595080728724085,27.728511030493827,27.595080728724085,27.724340438842773,34600
2013-04-01,27.699319843726176,27.70349043486415,27.53670178286357,27.553380966186523,6400
2013-04-02,27.72017131272034,27.724338722884127,27.62009620666504,27.62009620666504,10600
2013-04-03,27.632606351837577,27.632606351837577,27.403274712010685,27.444971084594727,4200
2013-04-04,27.40744435488665,27.536704059791454,27.399103171921,27.49083709716797,58400
2013-04-05,27.203123510508007,27.41577911376953,27.173935736039077,27.41577911376953,15200
2013-04-08,27.3615743548087,27.549209594726562,27.32821598910766,27.549209594726562,8600
2013-04-09,27.620099067549926,27.72851218639134,27.532535726603594,27.665966033935547,8400
2013-04-10,27.77020985204557,27.99537410261711,27.766039260026762,27.978694915771484,9000
2013-04-11,27.9453272283467,28.16215340384551,27.9453272283467,28.11211585998535,9800
2013-04-12,28.012049872630648,28.012049872630648,27.916145355273866,27.95367431640625,6600
2013-04-15,27.86194175984088,27.874450353756675,27.444971662757823,27.461650848388672,6800
2013-04-16,27.482505912799997,27.68264981641496,27.43663893879865,27.670141220092773,10800
2013-04-17,27.52002797600005,27.52002797600005,27.1447542309905,27.28652572631836,11200
2013-04-18,27.365746929422116,27.369917521229084,27.07386912752314,27.148923873901367,10400
2013-04-19,27.20729960800094,27.29486294912973,27.198961605563213,27.2823543548584,53800
2013-04-22,27.3490663592793,27.44080028701328,27.182280870194916,27.365745544433594,46000
2013-04-23,27.607587845636985,27.699321769677066,27.440799182039488,27.645116806030273,9200
2013-04-24,27.64512116600861,27.77021029751297,27.64512116600861,27.716005325317383,6800
2013-04-25,27.761864456854635,27.895294734860443,27.711826909641673,27.87444496154785,10600
2013-04-26,27.7410257205439,27.7535343170166,27.653462364004962,27.7535343170166,11200
2013-04-29,27.79939688598591,28.016223127917375,27.79939688598591,28.012052536010742,7600
2013-04-30,27.97035480705725,28.082935333251953,27.903638064697894,28.082935333251953,11200
2013-05-01,28.0412336043623,28.0412336043623,27.87444496154785,27.87444496154785,11600
2013-05-02,27.936997384223712,28.132973845020206,27.936997384223712,28.128803253173828,7400
2013-05-03,28.266398981831816,28.495730591755734,28.266398981831816,28.437355041503906,42600
2013-05-06,28.424849885193904,28.44569966190205,28.40817070007324,28.408170700073242,43800
2013-05-07,28.495734593262185,28.570789337158207,28.483225999484407,28.570789337158203,22800
2013-05-08,28.537434325067895,28.704219818115234,28.537434325067895,28.704219818115234,2400
2013-05-09,28.716736778382547,28.78345035140162,28.599982458446785,28.63334083557129,27600
2013-05-10,28.69588091996738,28.733409881591797,28.675031143372784,28.733409881591797,4800
2013-05-13,28.770943096715133,28.787622286055043,28.745925903320312,28.745925903320312,5200
2013-05-14,28.812632943813526,29.071155548095703,28.812632943813526,29.071155548095703,8800
2013-05-15,29.029458030999532,29.225431295800952,29.029458030999532,29.221263885498047,9600
2013-05-16,29.212926725206966,29.275472881885104,29.11702537536621,29.11702537536621,11200
2013-05-17,29.15454597725688,29.346351824066964,29.15454597725688,29.333843231201172,11000
2013-05-20,29.354697978501996,29.467278514590625,29.338018791446338,29.367206573486328,44400
2013-05-21,29.367201209547357,29.47978172507308,29.367201209547357,29.450593948364258,46800
2013-05-22,29.438088086651284,29.600706169290753,29.071155548095703,29.071155548095703,23000
2013-05-23,28.92521357856452,29.096169645208548,28.92521357856452,29.091999053955078,8600
2013-05-24,28.871012503032564,28.966917037963867,28.79595774824322,28.966917037963867,9400
2013-05-28,29.279639790317713,29.40056149635436,29.125359714085587,29.212923049926758,8200
2013-05-29,28.97524819008846,29.046135517071953,28.850159082503403,28.971080780029297,8600
2013-05-30,29.129532642181136,29.150382420533013,29.041969299316406,29.041969299316406,12400
2013-05-31,28.95023137440104,29.050303297992432,28.670862197875977,28.670862197875977,16600
2013-06-03,28.808454750567567,28.833475112915043,28.61248152975492,28.83347511291504,22200
2013-06-04,28.904366487563266,28.954404043564296,28.65418507001675,28.766765594482422,10000
2013-06-05,28.599977162565214,28.658355902338023,28.278911590576172,28.278911590576172,23800
2013-06-06,28.291416544532428,28.466543197631836,28.19551521693325,28.466543197631836,10600
2013-06-07,28.66668648258882,28.833475112915043,28.66668648258882,28.83347511291504,14000
2013-06-10,28.975243380893787,28.975243380893787,28.812625341163567,28.83347511291504,38400
2013-06-11,28.633325393499966,28.745909060270844,28.533253497325582,28.537424087524414,25400
2013-06-12,28.791785595389918,28.791785595389918,28.395662106540065,28.408170700073242,6800
2013-06-13,28.34980039870837,28.85850450489786,28.34980039870837,28.800128936767578,6200
2013-06-14,28.691706301862254,28.72923525821993,28.58746379597701,28.6541805267334,8000
2013-06-17,28.84599991057265,29.000280037021543,28.791794927283732,28.879358291625977,10400
2013-06-18,28.954401354880773,29.146207196563132,28.946060172373826,29.091999053955078,10200
2013-06-19,29.079495324264755,29.079495324264755,28.700054168701172,28.700054168701172,7200
2013-06-20,28.441531452085037,28.441531452085037,27.999544143676758,27.999544143676758,10800
2013-06-21,28.06626416444535,28.112131142611403,27.907816627927343,28.020397186279297,26000
2013-06-24,27.799395035655888,27.91197874103467,27.52002583986742,27.720172882080078,81200
2013-06-25,27.803563115890068,28.04957391888361,27.799392524637746,27.99536895751953,29800
2013-06-26,28.142682420988173,28.284963595137686,28.138496741531434,28.24311637878418,7800
2013-06-27,28.402137470532153,28.531864786259312,28.402137470532153,28.464906692504883,52200
2013-06-28,28.331002540758906,28.48165510599229,28.305894844132887,28.314266204833984,22800
2013-07-01,28.51094026992047,28.72436520797695,28.46909305668568,28.632299423217773,29800
2013-07-02,28.452349008875032,28.67414207721793,28.40213363807269,28.431427001953125,21400
2013-07-03,28.418882725118085,28.60301113460009,28.372849824563012,28.598825454711914,8000
2013-07-05,28.63649240983833,28.7662197617914,28.58627382549914,28.669971466064453,15800
2013-07-08,28.895940804015126,28.975449545482455,28.895940804015126,28.92941665649414,5000
2013-07-09,29.067512232546505,29.167946164778808,29.03821886928137,29.138652801513672,5400
2013-07-10,29.113560044572477,29.218179708839696,29.08008098574966,29.16796112060547,22000
2013-07-11,29.48180837231254,29.598985031526936,29.410667795199785,29.5571346282959,37000
2013-07-12,29.578063667806806,29.678497624570568,29.565509822303575,29.64920425415039,20800
2013-07-15,29.665939369655646,29.787298512711796,29.665939369655646,29.7496337890625,18000
2013-07-16,29.778925826635803,29.778925826635803,29.590608622455754,29.632455825805664,5400
2013-07-17,29.691038395431967,29.691038395431967,29.59060448289493,29.62826919555664,2600
2013-07-18,29.66594665003935,29.766380616522778,29.66594665003935,29.745458602905273,7400
2013-07-19,29.67431483573375,29.728715896606445,29.657575310987255,29.728715896606445,10600
2013-07-22,29.758003886054656,29.816590615705124,29.741264364334903,29.783111572265625,8000
2013-07-23,29.774735388794344,29.82076826294168,29.66593012328823,29.678483963012695,52800
2013-07-24,30.49870791728034,30.49870791728034,29.48180516838537,29.506916046142578,41000
2013-07-25,29.456699427989726,29.603166254837806,29.410666540589276,29.590612411499023,4000
2013-07-26,29.469249449795836,29.540390014648438,29.38136936508316,29.540390014648438,15000
2013-07-29,29.51947181714562,29.561319025825277,29.50691797381546,29.548765182495117,4200
2013-07-30,29.707779498953478,29.707779498953478,29.540387507297705,29.607345581054688,43400
2013-07-31,29.661752659294,29.70360306027941,29.57805824279785,29.57805824279785,12800
2013-08-01,29.79985088831684,30.03838348388672,29.79985088831684,30.03838348388672,9800
2013-08-02,29.94631831939313,29.99653688522531,29.870992067013535,29.97979736328125,7800
2013-08-05,29.958879460506544,29.958879460506544,29.90866407517949,29.91703224182129,2800
2013-08-06,29.82496067177993,29.82496067177993,29.7328980855884,29.74126625061035,6800
2013-08-07,29.54876141910584,29.67430622189254,29.54876141910584,29.632455825805664,2400
2013-08-08,29.74127071740253,29.86262988124141,29.628282912580396,29.81659698486328,10400
2013-08-09,29.73290157597754,29.78311695747914,29.678497322366958,29.728715896606445,13600
2013-08-12,29.62409215995222,29.7496337890625,29.615720802369065,29.7496337890625,11200
2013-08-13,29.728714016500685,29.82077980041504,29.69523496912498,29.82077980041504,5800
2013-08-14,29.724530519907695,29.766377735831103,29.64920425415039,29.64920425415039,16400
2013-08-15,29.40647815984752,29.40647815984752,29.17213125842384,29.24745750427246,14000
2013-08-16,29.172130257770267,29.293489382626728,29.10098969266933,29.159576416015625,15600
2013-08-19,29.130286159495643,29.15957952429133,28.9921875,28.9921875,4600
2013-08-20,29.017296840443933,29.218167919592528,28.962895786361237,29.1553955078125,9200
2013-08-21,29.042401343055925,29.21397582532341,28.99636846404194,29.080062866210938,18600
2013-08-22,28.992179407423652,29.260005294436716,28.992179407423652,29.226526260375977,21800
2013-08-23,29.20980297929011,29.30605125427246,29.20980297929011,29.30605125427246,4200
2013-08-26,29.289314572210415,29.3939342159673,29.21817398071289,29.21817398071289,8400
2013-08-27,28.90430665270936,28.912674816974164,28.741100311279297,28.741100311279297,8200
2013-08-28,28.720167519276746,28.824787104985116,28.720167519276746,28.791311264038086,4000
2013-08-29,28.93778893546337,28.93778893546337,28.841537475585938,28.841537475585938,32200
2013-08-30,28.86664512441191,28.86664512441191,28.736914632778284,28.741100311279297,11000
2013-09-03,29.188875343681307,29.188875343681307,28.711810109612188,28.71599578857422,15200
2013-09-04,28.958710393705072,29.08425521850586,28.958710393705072,29.08425521850586,14600
2013-09-05,29.080066028339377,29.08843738510864,29.05495834350586,29.05495834350586,5400
2013-09-06,29.13446114612245,29.21396985411072,28.929404475068587,29.201416015625,17800
2013-09-09,29.16794786523358,29.402297977754127,29.16794786523358,29.3939266204834,12400
2013-09-10,29.55295151146595,29.57387351989746,29.502732944302934,29.57387351989746,14000
2013-09-11,29.511096701175045,29.6617491874243,29.511096701175045,29.632455825805664,2000
2013-09-12,29.691036120220485,29.691036120220485,29.565494537353516,29.565494537353516,6600
2013-09-13,29.586426732806974,29.598983768883127,29.586426732806974,29.590612411499023,4800
2013-09-16,29.883556664756973,29.937957730287795,29.762197494506836,29.762197494506836,26400
2013-09-17,29.850070022349318,29.887731552124023,29.841698665018928,29.887731552124023,13600
2013-09-18,29.92958302933685,30.377354928256693,29.854256766306513,30.35224723815918,20200
2013-09-19,30.3940957282607,30.402467087136436,30.335508987082317,30.368988037109375,3400
2013-09-20,30.398274926882944,30.398274926882944,30.08441608345334,30.117895126342773,6400
2013-09-23,29.9923464618964,30.042565019784224,29.92539157744948,30.02582550048828,10000
2013-09-24,30.003588245506275,30.14218020815544,29.948988401714125,30.112781524658203,7000
2013-09-25,30.020368579678497,30.083363429226534,29.940570831298828,29.940570831298828,14400
2013-09-26,29.965767605120252,30.01616668701172,29.94477039082597,30.01616668701172,15000
2013-09-27,30.020372133685523,30.020372133685523,29.84397692142586,29.898576736450195,11800
2013-09-30,29.600395759184547,29.797785027691813,29.600395759184547,29.7095890045166,6600
2013-10-01,30.234561055934158,30.234561055934158,29.78938031061602,29.898576736450195,9800
2013-10-02,29.80618451592011,29.91957847989779,29.734788197703978,29.869182586669922,33800
2013-10-03,29.864977261739256,29.864977261739256,29.575188103445498,29.583589553833008,21400
2013-10-04,29.692781858569,29.801978280734406,29.58358864061798,29.780981063842773,5600
2013-10-07,29.629791244355083,29.642390217136132,29.52479553222656,29.524795532226562,11800
2013-10-08,29.47019374022702,29.482792712165438,29.209806442260742,29.209806442260742,11200
2013-10-09,29.18881016431794,29.302204132080075,29.08381444430241,29.302204132080078,14400
2013-10-10,29.49959160847339,29.69698404138771,29.49959160847339,29.667585372924805,18400
2013-10-11,29.70119102339259,30.00357922226212,29.70119102339259,29.961578369140625,14400
2013-10-14,29.83977594948465,30.079165991064787,29.83977594948465,30.070764541625977,10600
2013-10-15,30.04977179565978,30.04977179565978,29.831378936767578,29.831378936767578,18400
2013-10-16,29.932171582758883,30.247158670516143,29.932171582758883,30.1673641204834,12400
2013-10-17,30.12537008285463,30.440357208251953,30.12537008285463,30.440357208251953,12400
2013-10-18,30.570559220884615,30.679755684728793,30.520160113522163,30.62095832824707,22800
2013-10-21,30.717534034611525,30.797331771954436,30.583139700473488,30.625137329101562,24200
2013-10-22,30.72172869124821,30.80152320861816,30.72172869124821,30.801523208618164,5600
2013-10-23,30.658739744893243,30.658739744893243,30.55794478537762,30.604143142700195,4400
2013-10-24,30.683940137399876,30.797337279610144,30.67134116697968,30.7679386138916,9000
2013-10-25,30.85194155441746,30.977937698364258,30.81834215546964,30.977937698364258,7200
2013-10-28,30.91914157747724,30.96533995180733,30.91914157747724,30.927539825439453,2400
2013-10-29,30.956938283809595,31.12493207981917,30.956938283809595,31.120731353759766,4000
2013-10-30,31.213124026819862,31.213124026819862,30.998931884765625,30.998931884765625,2800
2013-10-31,30.851935706706453,31.074526075169395,30.851935706706453,31.01152801513672,5400
2013-11-01,30.919130325317383,31.07032436733568,30.83093433484238,30.919130325317383,3600
2013-11-04,31.053531456018543,31.087127647194237,31.049330730541065,31.06192970275879,17600
2013-11-05,31.04512876328586,31.066129185618536,30.990532151121307,31.00733184814453,3000
2013-11-06,31.00313755688492,31.276127082790076,31.00313755688492,31.082935333251953,17400
2013-11-07,31.129132517686628,31.129132517686628,30.650352286231705,30.658750534057617,9600
2013-11-08,30.583145744697415,30.95693016052246,30.583145744697415,30.95693016052246,12000
2013-11-11,30.99473361984932,31.015730838471043,30.990532894439113,31.003131866455078,15800
2013-11-12,30.94853685413751,30.96953407384555,30.83094217028507,30.935937881469727,4000
2013-11-13,30.877131736749764,31.171121597290043,30.877131736749764,31.17112159729004,5600
2013-11-14,31.116529185998445,31.271924000845146,31.116529185998445,31.25932502746582,8200
2013-11-15,31.347519605754062,31.41471839964448,31.271922564734766,31.397918701171875,27000
2013-11-18,31.465115277313974,31.465115277313974,31.221524448146635,31.225725173950195,27200
2013-11-19,31.22573706198239,31.259336472772695,31.091342623037328,31.12914276123047,44200
2013-11-20,31.154332923919345,31.242528952019427,30.982138389855823,31.057735443115234,11800
2013-11-21,31.1249339856866,31.364324118288856,31.1249339856866,31.330724716186523,18200
2013-11-22,31.347511102389273,31.448306061668283,31.347511102389273,31.435707092285156,4000
2013-11-25,31.40212456774742,31.431523246833468,31.360126912512452,31.368528366088867,9000
2013-11-26,31.42310909780549,31.50710436577496,31.414710852694178,31.448307037353516,13800
2013-11-27,31.46931265190253,31.557508659095483,31.46931265190253,31.549110412597656,19000
2013-11-29,31.616302679820727,31.628901650352805,31.591104738756574,31.6079044342041,7400
2013-12-02,31.52810380671341,31.536502051564167,31.423108122902025,31.435707092285156,18400
2013-12-03,31.423119101602417,31.43571807538741,31.23412808639729,31.297122955322266,17800
2013-12-04,31.255120471592207,31.448312182903138,31.23412325327133,31.33911895751953,31800
2013-12-05,31.26352409553712,31.29712028802884,31.19632530212402,31.196325302124023,14400
2013-12-06,31.486102409589574,31.60789777275474,31.444104781929003,31.540699005126953,12000
2013-12-09,31.65830278091721,31.65830278091721,31.59110719811023,31.612104415893555,33200
2013-12-10,31.578499574654412,31.578499574654412,31.490303594013696,31.4945011138916,8200
2013-12-11,31.46511719368258,31.46511719368258,31.120731353759766,31.120731353759766,29200
2013-12-12,31.066135632742302,31.082935333251953,30.994739308737717,31.082935333251953,19000
2013-12-13,31.003135872813086,31.057732493342364,30.935940278639748,30.99473762512207,14200
2013-12-16,31.158528383990276,31.225723973188543,31.158528383990276,31.196325302124023,4600
2013-12-17,31.19212767569391,31.255125749724396,31.091332679774226,31.120731353759766,278400
2013-12-18,31.15852088530519,31.591102600097656,31.036725504716642,31.591102600097656,24600
2013-12-19,31.59532101547099,31.60371926522139,31.481923816437558,31.570119857788086,15400
2013-12-20,31.717103420299292,31.8724982283076,31.69610620032943,31.817901611328125,27400
2013-12-23,31.95917497968189,31.971826553344727,31.917001994941618,31.971826553344727,18600
2013-12-24,32.00133479524515,32.08989899203157,32.00133479524515,32.07303237915039,4800
2013-12-26,32.148957362557276,32.21643349278704,32.148957362557276,32.20800018310547,8200
2013-12-27,32.36405844899054,32.36405844899054,32.19958146967058,32.22488784790039,13200
2013-12-30,32.28393121711721,32.28814626556106,32.22488836296092,32.25440979003906,39200
2013-12-31,32.33451495861831,32.39777603463476,32.31343007834081,32.35982131958008,10400
2014-01-02,32.16160751699027,32.16160751699027,32.00134568177916,32.043521881103516,16200
2014-01-03,32.11522622158466,32.11522622158466,32.04353180866888,32.0857048034668,5800
2014-01-06,32.06460344001662,32.06460344001662,31.93808450793269,31.959169387817383,11200
2014-01-07,32.035084661435626,32.174258393974895,32.035084661435626,32.170040130615234,25400
2014-01-08,32.11098673667845,32.11942326061881,32.01820427888122,32.047725677490234,16800
2014-01-09,32.098347955906796,32.098347955906796,31.992913887786646,32.081478118896484,5600
2014-01-10,32.17427695311796,32.186928532902606,32.05197298587636,32.14053726196289,21800
2014-01-13,32.098350676729915,32.111002251161956,31.689265942932785,31.714569091796875,7400
2014-01-14,31.9254221669152,32.10676882250391,31.9254221669152,32.07303237915039,3800
2014-01-15,32.19956819088753,32.25861101975145,32.19956819088753,32.24174118041992,36400
2014-01-16,32.23752817328303,32.23752817328303,32.19113691658462,32.22909164428711,47800
2014-01-17,32.237513072394734,32.27546778231825,32.15316390991211,32.15316390991211,162000
2014-01-21,32.32186597147426,32.32186597147426,32.05195502864046,32.199562072753906,28000
2014-01-22,32.24597173103269,32.31766616231409,32.24597173103269,32.29658126831055,12000
2014-01-23,32.05195728183405,32.05195728183405,31.887480390032035,31.96761131286621,12000
2014-01-24,31.81156256853899,32.08147348654585,31.419347763061523,31.419347763061523,132000
2014-01-27,31.469963370499645,31.469963370499645,31.16631272444978,31.267528533935547,10800
2014-01-28,31.24223802266069,31.478409412850375,31.24223802266069,31.444669723510742,18400
2014-01-29,31.21270751953125,31.398269321734062,31.145228160480823,31.21270751953125,51600
2014-01-30,31.461530165694764,31.651313448316813,31.461530165694764,31.626007080078125,7600
2014-01-31,31.550092692959538,31.550092692959538,31.26753013415473,31.4699649810791,9800
2014-02-03,31.423574333245334,31.423574333245334,30.744578595687138,30.790969848632812,41200
2014-02-04,30.90061846293727,31.01027080604225,30.786751073338333,30.955446243286133,9800
2014-02-05,30.83313380995156,30.989177362135553,30.83313380995156,30.963871002197266,11600
2014-02-06,31.10727722547442,31.29283905029297,31.10727722547442,31.29283905029297,26400
2014-02-07,31.54165887857111,31.714569091796875,31.457309686369666,31.714569091796875,13000
2014-02-10,31.697714345582092,31.849536513235115,31.68505954881661,31.807363510131836,15000
2014-02-11,32.0182219637127,32.26282981163102,32.001352124105274,32.19113540649414,5400
2014-02-12,32.26282651985475,32.31343603351334,32.21221700619616,32.22065353393555,111600
2014-02-13,32.09835127859773,32.45260823970833,32.09835127859773,32.43995666503906,38400
2014-02-14,32.37668683051871,32.595991457536954,32.37668683051871,32.587554931640625,41200
2014-02-18,32.58755270197583,32.61285906034146,32.55381625347442,32.59598922729492,26200
2014-02-19,32.42730660156924,32.61708666563807,32.39778518676758,32.39778518676758,8200
2014-02-20,32.46104491582056,32.89121454449999,32.380913985759655,32.62130355834961,35800
2014-02-21,32.718304327244006,32.7562590514248,32.62130355834961,32.62130355834961,40800
2014-02-24,32.68877669809892,32.954469369622785,32.68877669809892,32.78577423095703,14000
2014-02-25,32.692995538207654,32.857475650250876,32.65925908063272,32.705650329589844,21800
2014-02-26,32.80265143557137,32.865912528981404,32.6803475130034,32.73095703125,10400
2014-02-27,32.77314000856653,32.832182855717704,32.69300905132115,32.82374954223633,20600
2014-02-28,32.76468599307061,33.07676987619621,32.76468599307061,32.94181442260742,16600
2014-03-03,32.78578383797861,32.78578383797861,32.48635140746227,32.64239501953125,88000
2014-03-04,33.01772321272599,33.148460388183594,33.01772321272599,33.148460388183594,7200
2014-03-05,33.110527440683,33.13161233125778,33.0388298034668,33.0388298034668,32200
2014-03-06,33.21174471325466,33.24548440074141,33.14848360361544,33.173789978027344,13200
2014-03-07,33.30873599772269,33.30873599772269,33.118952723005314,33.19064712524414,7600
2014-03-10,33.140035144416245,33.140035144416245,32.99664314692944,33.0472526550293,8000
2014-03-11,33.177999771451304,33.21173945359478,32.950261743372614,32.95869827270508,12200
2014-03-12,32.79420739799341,32.9882056614278,32.726728062403105,32.94181442260742,71600
2014-03-13,33.02194806964347,33.04725121379378,32.62551498413086,32.62551498413086,30400
2014-03-14,32.68035891384028,32.68035891384028,32.56227321432915,32.6002311706543,2400
2014-03-17,32.68878947909445,32.88700610320806,32.68878947909445,32.87013626098633,5800
2014-03-18,32.96291482722729,33.12739174715205,32.92495688238687,33.0767822265625,113800
2014-03-19,33.114751941823855,33.114751941823855,32.823755915107505,32.84062576293945,11800
2014-03-20,32.7773462089698,33.05147545132005,32.7773462089698,33.0008659362793,26600
2014-03-21,33.177990758143316,33.194860594632104,32.89120997301852,32.924949645996094,16200
2014-03-24,33.08100540574836,33.08100540574836,32.68879041129002,32.747833251953125,14600
2014-03-25,32.834525361594025,32.889512464168604,32.745703765445825,32.855674743652344,13200
2014-03-26,32.89797199711349,33.02908913727607,32.644195533887306,32.6484260559082,8600
2014-03-27,32.546919596186626,32.546919596186626,32.4115719061113,32.49616622924805,12000
2014-03-28,32.783768551949436,32.821833563310726,32.63573257397392,32.67802810668945,18400
2014-03-31,32.92756948428691,33.04599825039509,32.86835510123283,33.037540435791016,12600
2014-04-01,33.177111908970076,33.19403076171875,33.11789753782031,33.19403076171875,12200
2014-04-02,33.34631658589344,33.37592701848053,33.291332697396115,33.36746597290039,13000
2014-04-03,33.511276503179744,33.511276503179744,33.29979552953766,33.41399383544922,15200
2014-04-04,33.58317189241492,33.58317189241492,32.982566833496094,32.982566833496094,6000
2014-04-07,32.90219917507064,32.90219917507064,32.576516778361636,32.7203254699707,7800
2014-04-08,32.627281395074746,32.80915514498329,32.52154091784753,32.800697326660156,17200
2014-04-09,32.88950810329787,33.126365661621094,32.88950810329787,33.126365661621094,3600
2014-04-10,33.11368751546994,33.11368751546994,32.525770733029546,32.559608459472656,6400
2014-04-11,32.293134933812404,32.470778127168884,32.1662483215332,32.1662483215332,20800
2014-04-14,32.45387740748439,32.46233522807928,32.284691953089286,32.34813690185547,9200
2014-04-15,32.43272113363784,32.59767602926143,32.14510689027866,32.5765266418457,20000
2014-04-16,32.72033025648423,32.876827308816864,32.72033025648423,32.8641357421875,10200
2014-04-17,32.80914672367675,32.948724892256756,32.800688907524524,32.89373779296875,14800
2014-04-21,32.97834146532884,32.97834146532884,32.84722430256537,32.952964782714844,10600
2014-04-22,33.020634836337344,33.16021303540453,32.91489436315489,33.07984924316406,17200
2014-04-23,33.04601103526204,33.105225441225045,32.995257674118385,33.0079460144043,11000
2014-04-24,33.096762977988604,33.15174685382457,33.037548580336754,33.105220794677734,10400
2014-04-25,33.016417576778004,33.016417576778004,32.81762489102777,32.86838150024414,5000
2014-04-28,33.058707106731624,33.122148816805115,32.65266080060003,32.991031646728516,12200
2014-04-29,33.02065001760495,33.14330941012251,32.98258497869155,33.08832550048828,20800
2014-04-30,32.991026735451456,33.1898193359375,32.991026735451456,33.1898193359375,49600
2014-05-01,33.261708652464975,33.30400417812268,33.143279889846696,33.22787094116211,36600
2014-05-02,33.320939176117236,33.35054638111503,33.13060760498047,33.13060760498047,6000
2014-05-05,33.05871672390599,33.210980099321134,32.923365764524554,33.20252227783203,9400
2014-05-06,33.21943034231718,33.21943034231718,32.93181610107422,32.93181610107422,12800
2014-05-07,32.830313247771144,33.11792755126953,32.8218522002583,33.11792755126953,8000
2014-05-08,33.117932717513575,33.35479045371597,33.08832550048828,33.08832550048828,14200
2014-05-09,33.05870666471281,33.18136278717725,33.05870666471281,33.17290496826172,15000
2014-05-12,33.43936915450665,33.47743740621875,33.43514185860575,33.44783020019531,5000
2014-05-13,33.55781439582657,33.56627544565456,33.481684309044724,33.50706100463867,9400
2014-05-14,33.46473851535546,33.46473851535546,33.320929826472764,33.3336181640625,10400
2014-05-15,33.041782231291705,33.15174999337785,32.957187921675875,33.12214279174805,9000
2014-05-16,33.2236683142004,33.27442169189453,33.037563990804166,33.27442169189453,7200
2014-05-19,33.168672651311404,33.40130299569978,33.168672651311404,33.388614654541016,9200
2014-05-20,33.36323207565938,33.36323207565938,33.100997774179284,33.181358337402344,11800
2014-05-21,33.430914537103156,33.46052174596178,33.346320206832985,33.45206069946289,7200
2014-05-22,33.528194427490234,33.59163936929758,33.43091498007025,33.528194427490234,17600
2014-05-23,33.54087366452126,33.638153076171875,33.54087366452126,33.638153076171875,8200
2014-05-27,33.70160518498974,33.85810225370096,33.70160518498974,33.82426452636719,64400
2014-05-28,33.82002504408172,33.88346995928883,33.82002504408172,33.85386276245117,28400
2014-05-29,33.858103207369474,33.96807098388672,33.858103207369474,33.96807098388672,9600
2014-05-30,33.95115388560946,34.018829345703125,33.91731938250618,34.018829345703125,5600
2014-06-02,34.0991904864186,34.0991904864186,34.03574555426849,34.07381057739258,9800
2014-06-03,33.980764195579894,34.056897481665516,33.980764195579894,34.039981842041016,7800
2014-06-04,34.05264585235798,34.16684408641229,34.05264585235798,34.149925231933594,16400
2014-06-05,34.1118806092699,34.41641371794285,34.1118806092699,34.38257598876953,12400
2014-06-06,34.5559831610069,34.58559036254883,34.54329482133793,34.58559036254883,2400
2014-06-09,34.58137041192227,34.687110900878906,34.58137041192227,34.687110900878906,13000
2014-06-10,34.58137203933049,34.58137203933049,34.52215762088362,34.555992126464844,14600
2014-06-11,34.50524347727129,34.50524347727129,34.39950296886603,34.45025634765625,7400
2014-06-12,34.36989368973447,34.36989368973447,34.21762710862757,34.25146484375,4200
2014-06-13,34.30644157908709,34.37834433099917,34.30644157908709,34.323360443115234,4800
2014-06-16,34.36143470782914,34.47140574011499,34.31913914985588,34.45025634765625,16400
2014-06-17,34.39103918637455,34.564455155302596,34.34451310822039,34.51792907714844,10600
2014-06-18,34.49254794776386,34.78438949584961,34.475629082709915,34.78438949584961,6400
2014-06-19,34.82668186089247,34.82668186089247,34.72094138418059,34.77592849731445,15800
2014-06-20,34.813985699932616,34.87320009543482,34.79283954550613,34.864742279052734,14400
2014-06-23,34.940874855778155,34.940874855778155,34.83513440487142,34.88166046142578,12600
2014-06-24,34.91306989769126,34.976718583100435,34.72636795043945,34.72636795043945,13400
2014-06-25,34.65422801775164,34.891849517822266,34.65422801775164,34.891849517822266,13200
2014-06-26,34.95549646114065,34.95549646114065,34.64998864040584,34.798500061035156,37000
2014-06-27,34.80698786040551,34.883365631103516,34.730610089707504,34.883365631103516,25000
2014-06-30,34.90034921541857,34.94278060347736,34.90034921541857,34.91307830810547,6200
2014-07-01,35.05307355382065,35.218558085842055,35.01064220358777,35.17188262939453,37200
2014-07-02,35.09976682864956,35.11674002482005,35.070064544677734,35.070064544677734,3400
2014-07-03,35.201602977316824,35.27798074188432,35.142198409020565,35.22282028198242,18000
2014-07-07,35.150686464363595,35.17190377088581,35.07006782165338,35.09128189086914,53200
2014-07-08,35.023395965836876,35.074315564381976,34.87488451671384,34.93852996826172,23000
2014-07-09,35.04885812461979,35.05734634399414,34.90883164070739,35.05734634399414,10800
2014-07-10,34.74759362856103,34.980971118845446,34.69243314781534,34.91307830810547,13800
2014-07-11,34.900342697332995,34.93852996826172,34.81972080896329,34.93852996826172,10200
2014-07-14,35.12947134105607,35.14220042966487,35.091280837923314,35.1209831237793,6600
2014-07-15,35.09128836583775,35.12523476761442,34.917318722019616,35.01066970825195,15800
2014-07-16,35.218589749367716,35.23980706221199,35.15069693811197,35.19737243652344,13000
2014-07-17,35.133710678296794,35.193115241941214,34.79425325406646,34.82395553588867,15000
2014-07-18,35.095517367552745,35.18886831359959,35.095517367552745,35.14219284057617,5200
2014-07-21,35.010663132596456,35.010663132596456,34.980960845947266,34.980960845947266,1600
2014-07-22,35.18038726208383,35.25676178576772,35.18038726208383,35.21857452392578,3600
2014-07-23,35.3076868673027,35.3076868673027,35.176148628522704,35.25676727294922,62200
2014-07-24,35.35012871828716,35.37134603154782,35.28648325312014,35.328914642333984,31600
2014-07-25,35.29920007622155,35.29920007622155,35.104013163838474,35.1209831237793,16800
2014-07-28,35.13372307013129,35.13372307013129,34.97247927996275,35.0870475769043,7400
2014-07-29,35.20585602057933,35.20585602057933,34.92156219482422,34.92156219482422,12600
2014-07-30,34.96822607424364,35.014898313702034,34.76030686418224,34.82395553588867,27600
2014-07-31,34.705153761762524,34.705153761762524,34.170509338378906,34.170509338378906,36600
2014-08-01,34.12807027323325,34.19595981478755,33.93712749797428,34.11534118652344,24600
2014-08-04,34.17475790006197,34.259620666503906,34.03473142185644,34.259620666503906,8400
2014-08-05,34.19596561224041,34.19596561224041,33.86075548103213,33.95834732055664,39400
2014-08-06,33.91591489391398,34.02199494759977,33.91591489391398,33.9880485534668,19800
2014-08-07,33.9625923878066,33.98805056626082,33.826810040539925,33.85226821899414,18000
2014-08-08,33.89470052741794,34.17475344734014,33.805593663071775,34.170509338378906,21200
2014-08-11,34.38691264808195,34.43358813348006,34.27658847920403,34.29780578613281,11600
2014-08-12,34.28508644838074,34.28508644838074,34.174762248124026,34.23841094970703,14400
2014-08-13,34.399630501731856,34.49298144203784,34.35719913903972,34.4505500793457,5200
2014-08-14,34.59482132793434,34.59482132793434,34.52693178730118,34.560874938964844,23200
2014-08-15,34.7603130817426,34.781530388541846,34.39539741847978,34.56937026977539,10600
2014-08-18,34.72635514571594,34.89608383178711,34.72635514571594,34.89608383178711,48200
2014-08-19,34.951252206713775,35.11673680758241,34.951252206713775,35.104007720947266,14200
2014-08-20,35.12947142158992,35.17190279615197,35.05733776110379,35.16341781616211,13200
2014-08-21,35.23554016333929,35.299188823399454,35.17613561056455,35.27372741699219,34400
2014-08-22,35.3119254803919,35.3119254803919,35.18887224116893,35.21857452392578,11000
2014-08-25,35.4137676578082,35.43498496521963,35.32041668488848,35.388309478759766,27600
2014-08-26,35.447730439726286,35.447730439726286,35.39256994718901,35.41378402709961,8400
2014-08-27,35.379825592041016,35.401042902049845,35.34588242825667,35.379825592041016,11000
2014-08-28,35.358623534562334,35.42651312250759,35.358623534562334,35.41378402709961,3000
2014-08-29,35.47316912916621,35.53257369995117,35.39255049013307,35.53257369995117,5800
2014-09-02,35.55380575384667,35.58775216189287,35.44348154635032,35.54107666015625,10600
2014-09-03,35.69381527785149,35.69381527785149,35.49862838040676,35.53681564331055,11600
2014-09-04,35.51562002767154,35.65989066268085,35.41378402709961,35.41378402709961,13200
2014-09-05,35.37133102944858,35.54105975162412,35.34162874586581,35.53681564331055,19200
2014-09-08,35.63017752183341,35.63017752183341,35.48166605840579,35.52409744262695,6600
2014-09-09,35.38830064435404,35.51135387454655,35.311922888969235,35.32040786743164,12400
2014-09-10,35.4095235488646,35.4095235488646,35.218580731388144,35.388309478759766,20600
2014-09-11,35.35010921562385,35.42648696899414,35.33313602184093,35.42648696899414,12400
2014-09-12,35.320407078772625,35.328895294351284,35.129464313227004,35.15492248535156,22000
2014-09-15,35.21857925538952,35.21857925538952,35.06157960412192,35.09128189086914,9600
2014-09-16,35.06581372460823,35.32889335893739,35.06581372460823,35.311920166015625,4200
2014-09-17,35.307684839722974,35.418009002500106,35.188875697027456,35.358604431152344,7400
2014-09-18,35.494385776526165,35.494385776526165,35.40951979318829,35.44346618652344,6800
2014-09-19,35.60470444643579,35.60470444643579,35.34162479461116,35.43921661376953,8600
2014-09-22,35.64714120611665,35.64714120611665,35.31617196532189,35.367088317871094,13000
2014-09-23,35.31616958858746,35.324654567672546,35.171899045692726,35.21857452392578,8400
2014-09-24,35.1755942492872,35.37134479893145,35.0266507199309,35.32027816772461,15200
2014-09-25,35.32453629152098,35.32453629152098,34.84792411648078,34.85218048095703,27800
2014-09-26,35.0053766167426,35.11176300048828,34.8862243864122,35.11176300048828,15000
2014-09-29,34.95006424568632,35.13304901123047,34.79261442773013,35.13304901123047,25400
2014-09-30,35.29475648208079,35.29475648208079,35.00112895103894,35.02240753173828,6800
2014-10-01,35.37985298844038,35.37985298844038,34.469185868438686,34.524505615234375,31000
2014-10-02,34.55004909707021,34.57983715988868,34.362807989836746,34.55430221557617,13200
2014-10-03,34.72452022618872,34.90750496360976,34.72452022618872,34.88197326660156,13600
2014-10-06,34.98835193601158,34.98835193601158,34.7926013933356,34.8564338684082,6400
2014-10-07,34.737294136498456,34.737294136498456,34.28196036979891,34.286216735839844,10400
2014-10-08,34.39260035398325,34.741547667778946,34.162805306363296,34.724525451660156,29600
2014-10-09,34.67345254923691,34.69472787856402,34.137264251708984,34.137264251708984,13800
2014-10-10,34.06066292407077,34.15002709134677,33.639373779296875,33.639373779296875,17800
2014-10-13,33.601073239057406,33.7202254629567,33.141483306884766,33.141483306884766,9600
2014-10-14,33.29893318038106,33.37978785898165,33.20531265708655,33.264888763427734,28000
2014-10-15,32.792554037938935,33.086181640625,32.43509717089187,33.086181640625,50800
2014-10-16,32.464880679547115,33.17979755980152,32.464880679547115,33.0819206237793,35000
2014-10-17,33.46917064829384,33.656408552449996,33.41810399443883,33.55002212524414,23000
2014-10-20,33.477679658730366,33.66917717297629,33.362783747507656,33.664920806884766,9400
2014-10-21,33.933013227772896,34.307495521840636,33.92450374229683,34.26493835449219,41200
2014-10-22,34.4479224376488,34.4479224376488,34.018123626708984,34.018123626708984,64000
2014-10-23,34.375568270812614,34.60536325247296,34.371311906340715,34.42237854003906,12200
2014-10-24,34.520261362447066,34.75430950205872,34.43089717314203,34.74580001831055,16200
2014-10-27,34.65642666182901,34.70749004412174,34.54578392243724,34.690467834472656,33200
2014-10-28,34.84367019017968,35.10750961303711,34.82664797773839,35.10750961303711,37000
2014-10-29,35.25644512465408,35.26070148885002,34.924520143772305,35.15005874633789,29800
2014-10-30,35.090483429965055,35.28198086326958,35.04367316271204,35.22665786743164,24000
2014-10-31,35.70753997901811,35.70753997901811,35.48625440473867,35.62242889404297,41000
2014-11-03,35.74157999181265,35.80541249178236,35.56710795499498,35.68626022338867,14000
2014-11-04,35.66498281320258,35.66498281320258,35.53306468981102,35.62242889404297,9200
2014-11-05,35.86498655035626,35.86498655035626,35.75860013878227,35.81817626953125,17800
2014-11-06,35.86925253556249,36.1416015625,35.86925253556249,36.1416015625,15800
2014-11-07,36.23945732347815,36.23945732347815,36.145836791468575,36.17562484741211,3400
2014-11-10,36.27351061579383,36.30755504729046,36.2352130653519,36.29904556274414,9400
2014-11-11,36.40967951666072,36.40967951666072,36.26499557495117,36.26499557495117,3600
2014-11-12,36.17136627643288,36.328819274902344,36.17136627643288,36.328819274902344,16000
2014-11-13,36.418185581282025,36.418185581282025,36.20541282595318,36.320308685302734,7400
2014-11-14,36.328826188788845,36.35435788385479,36.24797149220669,36.27775955200195,17200
2014-11-17,36.25648272091739,36.36286911768846,36.19265348017889,36.311805725097656,21200
2014-11-18,36.41819723960603,36.55862808227539,36.41819723960603,36.55862808227539,4600
2014-11-19,36.52032774790952,36.52032774790952,36.32457713746419,36.443729400634766,109000
2014-11-20,36.388413172182354,36.57565106965769,36.277770382772395,36.537353515625,44800
2014-11-21,36.92884403004582,36.92884403004582,36.64798564222121,36.711814880371094,13000
2014-11-24,36.792676759977034,36.85225289165032,36.792676759977034,36.82672119140625,11000
2014-11-25,37.039478717307624,37.039478717307624,36.856494032283884,36.92457962036133,9400
2014-11-26,36.97139648780852,36.97139648780852,36.88203231124819,36.94160842895508,12600
2014-11-28,36.971390608738325,37.05650165382474,36.92883670952232,36.97564697265625,20000
2014-12-01,36.758624165577004,36.758624165577004,36.622449716756016,36.656494140625,35600
2014-12-02,36.660754919831874,36.91608163628491,36.63947634068773,36.85224914550781,43800
2014-12-03,36.92034233236136,37.0224723815918,36.877788415736646,37.0224723815918,56400
2014-12-04,36.99693615877786,37.056512284101544,36.88203702661408,36.97140121459961,17200
2014-12-05,37.0862942551865,37.0862942551865,36.928841237461725,37.02671813964844,8400
2014-12-08,36.962888503987166,36.98842019928107,36.57138735842368,36.63947296142578,16200
2014-12-09,36.345846484829465,36.7075595480318,36.25222594565019,36.694793701171875,15200
2014-12-10,36.59690269183392,36.59690269183392,36.12454706014889,36.179866790771484,83000
2014-12-11,36.50755251468409,36.60968253591589,36.23945999145508,36.23945999145508,8600
2014-12-12,36.064984771191305,36.141583098801625,35.7373161315918,35.7373161315918,16200
2014-12-15,35.882002601242434,35.95860093428225,35.41815948486328,35.41815948486328,12800
2014-12-16,35.32027919942489,35.84370163295651,35.269212566726395,35.30325698852539,35600
2014-12-17,35.38836047748309,35.945823966981,35.30324944118116,35.87773513793945,33200
2014-12-18,36.50755095568796,36.686279296875,36.38414236391938,36.686279296875,21000
2014-12-19,37.07353107136435,37.16714836918061,36.8607582872587,37.090553283691406,55200
2014-12-22,37.44800799399716,37.44800799399716,36.99267439029998,37.15012741088867,27800
2014-12-23,37.34162721198883,37.37141527477036,37.26928523761303,37.28205108642578,14000
2014-12-24,37.38711339339778,37.38711339339778,37.3187780610231,37.34013366699219,7800
2014-12-26,37.408462500523044,37.44263016375068,37.36575455069236,37.374298095703125,4600
2014-12-29,37.34012860415118,37.451171875,37.34012860415118,37.451171875,6800
2014-12-30,37.271791828449736,37.36575126485935,37.177835650447534,37.224815368652344,93600
2014-12-31,37.34441158580332,37.34441158580332,36.77638626098633,36.77638626098633,15800
2015-01-02,36.84044080913534,36.981376718624645,36.54575041415204,36.7678337097168,65400
2015-01-05,36.62690948500464,36.62690948500464,36.03325999152641,36.122947692871094,27000
2015-01-06,36.20835512737546,36.25533485397591,35.606165485763945,35.78126907348633,16400
2015-01-07,36.071690771990006,36.21262996371424,35.81971154291481,36.174190521240234,16400
2015-01-08,36.32367235755246,36.85325818367194,36.32367235755246,36.74648666381836,34600
2015-01-09,36.92585573415054,36.92585573415054,36.43897794737136,36.60554122924805,37000
2015-01-12,36.36210385025893,36.36210385025893,36.093040827961715,36.1870002746582,9400
2015-01-13,36.468878150163306,36.72512913270703,35.91793674556986,36.08877182006836,45000
2015-01-14,35.67877566076813,35.91367107702257,35.572004128359225,35.89231872558594,13600
2015-01-15,35.95210481906417,36.05887633453319,35.60189437866211,35.60189437866211,10600
2015-01-16,35.593352249770106,36.011898040771484,35.52502017152167,36.011898040771484,9000
2015-01-20,36.10159208180431,36.16565565659588,35.81117336670348,36.122947692871094,18000
2015-01-21,36.13147229975059,36.40053854540792,35.9777210903485,36.242515563964844,25200
2015-01-22,36.481684230578445,36.853250212326266,36.225433290038474,36.83616638183594,23000
2015-01-23,36.79347299875414,36.81909712542867,36.614097595214844,36.614097595214844,14200
2015-01-26,36.524404331581586,36.708051497454306,36.524404331581586,36.62690734863281,4400
2015-01-27,36.387737169182074,36.4005524902145,36.028986382080426,36.233985900878906,17800
2015-01-28,36.35784411703661,36.417635919568525,35.73429870605469,35.73429870605469,21600
2015-01-29,35.841067206751816,36.08450617023815,35.58054440707592,36.075965881347656,21800
2015-01-30,35.8923063543034,35.95636990334917,35.51647186279297,35.51647186279297,21800
2015-02-02,35.6574143936791,35.75991739458316,35.31147572625006,35.60189437866211,28200
2015-02-03,36.08022344478903,36.42189025878906,36.08022344478903,36.42189025878906,16200
2015-02-04,36.40907792943308,36.48168176029514,36.29376615444082,36.29803466796875,17400
2015-02-05,36.49877479154963,36.68669370318857,36.396275048113885,36.643985748291016,51400
2015-02-06,36.69949980188578,36.81481158721727,36.400540907761496,36.413352966308594,19200
2015-02-09,36.25106695387009,36.473153550326955,36.238254892229946,36.33221435546875,22800
2015-02-10,36.45606353205914,36.75502244765069,36.417624095250055,36.742210388183594,19800
2015-02-11,36.74647463350343,36.76782697543875,36.54147194880014,36.71230697631836,13200
2015-02-12,36.87460640716759,37.05398501684345,36.86606612023437,37.01981735229492,13400
2015-02-13,37.07960798824557,37.126587710943575,36.98137677031127,37.1009635925293,21000
2015-02-17,37.04971212086646,37.20773512080645,37.04971212086646,37.135128021240234,25200
2015-02-18,37.169303320829385,37.318782806396484,37.109511526602546,37.318782806396484,19200
2015-02-19,37.25898776286442,37.28888365737066,37.1351324117934,37.1693000793457,29200
2015-02-20,37.143669756318786,37.43836013754125,37.02835471218496,37.36148452758789,19200
2015-02-23,37.399920703360785,37.399920703360785,37.31877332107458,37.36148452758789,7800
2015-02-24,37.39137368419114,37.570748988980405,37.39137368419114,37.55366516113281,11600
2015-02-25,37.42982320951324,37.61347035139885,37.421282921745416,37.44690704345703,7600
2015-02-26,37.459712507704516,37.459712507704516,37.29742100143001,37.39564895629883,16400
2015-02-27,37.34869040498661,37.41702576746037,37.25046239444237,37.259002685546875,60200
2015-03-02,37.314511179896165,37.50669860839844,37.314511179896165,37.50669860839844,31600
2015-03-03,37.374293111531635,37.38283339699577,37.18637424724791,37.30595779418945,19200
2015-03-04,37.17357519291284,37.17357519291284,36.99419980975623,37.071075439453125,18400
2015-03-05,37.2162798076281,37.2162798076281,37.049716501320745,37.1693000793457,33200
2015-03-06,37.04543776669923,37.04543776669923,36.55001971392216,36.59272766113281,36800
2015-03-09,36.69523723781806,36.848988495780546,36.643988990769486,36.7934684753418,23800
2015-03-10,36.60552865267584,36.60552865267584,36.225422498124004,36.25959014892578,18200
2015-03-11,36.27242453523181,36.27242453523181,36.01617351326537,36.04179763793945,20800
2015-03-12,36.15283232143396,36.481687123832714,36.15283232143396,36.46033477783203,9200
2015-03-13,36.47313622231136,36.47313622231136,36.00761090063319,36.25532150268555,18400
2015-03-16,36.464602214133684,36.77210466144231,36.464602214133684,36.75929260253906,16400
2015-03-17,36.57993661044156,36.71233230035086,36.46462150249979,36.66962432861328,21600
2015-03-18,36.65680220316633,37.10524067095947,36.48169533116485,37.07961654663086,35800
2015-03-19,37.13086063287373,37.13086063287373,36.88742172517916,37.01981735229492,10000
2015-03-20,37.130857119228075,37.42554423745173,37.130857119228075,37.32731628417969,46800
2015-03-23,37.34013075771372,37.434090203204256,37.284610748291016,37.284610748291016,18000
2015-03-24,37.241903688067545,37.28034312841715,37.028360654859796,37.04544448852539,55800
2015-03-25,37.10455342033313,37.10455342033313,36.49206901081304,36.50063705444336,27600
2015-03-26,36.46636492178201,36.58629136924138,36.3207408835101,36.53917694091797,12000
2015-03-27,36.440676627412834,36.47065824692634,36.40212696360893,36.45780944824219,16200
2015-03-30,36.77474763412854,37.01460051960046,36.753330797461196,36.993186950683594,25200
2015-03-31,36.881823584068414,36.95463559698462,36.74048031117201,36.77474594116211,22400
2015-04-01,36.757601607941844,36.757601607941844,36.45350158950962,36.594844818115234,33800
2015-04-02,36.68052179075636,36.84756267366545,36.629123339187885,36.76190185546875,17600
2015-04-06,36.51778357598343,37.19451222789389,36.51778357598343,37.12598419189453,21000
2015-04-07,37.16452400061918,37.211638446644926,37.04888153076172,37.04888153076172,35600
2015-04-08,37.13453843652318,37.13453843652318,36.98891435899047,37.05316162109375,9000
2015-04-09,37.03602407289329,37.24589538574219,36.99319365954163,37.24589538574219,10000
2015-04-10,37.26302528198185,37.352970123291016,37.26302528198185,37.352970123291016,4000
2015-04-13,37.41292861523106,37.43434545139177,37.1859245300293,37.1859245300293,43200
2015-04-14,37.177384647744994,37.24591268739041,37.048890080250025,37.211647033691406,36000
2015-04-15,37.36582070893091,37.502879988120554,37.34868789056333,37.387237548828125,59800
2015-04-16,37.34011548732839,37.42577629391631,37.254454680740466,37.327266693115234,16200
2015-04-17,37.21591483622266,37.21591483622266,36.714792123368866,36.80902099609375,18200
2015-04-20,37.05314246748136,37.24159686641606,37.05314246748136,37.17735290527344,16600
2015-04-21,37.327278413834286,37.327278413834286,37.078857421875,37.078857421875,9000
2015-04-22,37.147392240186086,37.275883502649506,36.98891608862106,37.26731872558594,10800
2015-04-23,37.100269191351245,37.46004856409805,37.100269191351245,37.34440612792969,31600
2015-04-24,37.417212667799326,37.51144151858586,37.33583261161998,37.485740661621094,12400
2015-04-27,37.65706247445884,37.65706247445884,37.35724639892578,37.35724639892578,28600
2015-04-28,37.34868509122227,37.52429401551455,37.190212251764166,37.490028381347656,19200
2015-04-29,37.34868318589322,37.46861289935918,37.26302237259667,37.400081634521484,11200
2015-04-30,37.35725336495544,37.35725336495544,36.94179153442383,36.94179153442383,14200
2015-05-01,37.21162481660692,37.44719696044922,37.181643204458865,37.44719696044922,12600
2015-05-04,37.57569414178476,37.71703417045996,37.53286046329137,37.58854293823242,31400
2015-05-05,37.56711386185921,37.56711386185921,37.09168894165541,37.11310577392578,16600
2015-05-06,37.2758675311473,37.31013316022315,36.77046093940425,36.97176742553711,21600
2015-05-07,36.97605515186605,37.13881200466257,36.96748710986327,37.09598159790039,16600
2015-05-08,37.31869878330727,37.55855492454919,37.31869878330727,37.442909240722656,27200
2015-05-11,37.498591574041384,37.498591574041384,37.30156583693861,37.327266693115234,5800
2015-05-12,37.21163750616116,37.28016879601267,36.94180290481229,37.18165588378906,10400
2015-05-13,37.322976907529785,37.322976907529785,37.17735290527344,37.17735290527344,9200
2015-05-14,37.32726495049439,37.59709941962441,37.32726495049439,37.59281539916992,10000
2015-05-15,37.66135406578379,37.66135406578379,37.52001077272598,37.60139083862305,12600
2015-05-18,37.567128108092824,37.764150622245936,37.567128108092824,37.734169006347656,20000
2015-05-19,37.80698002432142,37.80698002432142,37.69133758544922,37.69133758544922,9600
2015-05-20,37.75129991323268,37.89692723147133,37.69562070588457,37.82411193847656,23000
2015-05-21,37.83267491807136,37.85837250760042,37.77699245042448,37.78984451293945,12000
2015-05-22,37.802702071033856,37.86266530566915,37.73417079273568,37.768436431884766,9400
2015-05-26,37.77272652817308,37.77272652817308,37.27160046134447,37.370113372802734,12000
2015-05-27,37.57140922252956,37.78556453887526,37.57140922252956,37.781280517578125,9600
2015-05-28,37.691329840450216,37.695613861083984,37.554270589922226,37.695613861083984,8200
2015-05-29,37.69561970235598,37.69561970235598,37.421501158822885,37.48146438598633,21800
2015-06-01,37.62708573767392,37.62708573767392,37.35725123476451,37.5200080871582,10600
2015-06-02,37.4557617348841,37.545709839078896,37.26302326646814,37.44719696044922,9600
2015-06-03,37.609954600132525,37.609954600132525,37.447197740474394,37.49859619140625,15400
2015-06-04,37.43863818188303,37.43863818188303,37.10883712768555,37.10883712768555,18200
2015-06-05,36.94180103269936,37.11741000323063,36.94180103269936,37.09170913696289,26600
2015-06-08,37.01460164399075,37.04458325558549,36.88182640232128,36.911808013916016,18000
2015-06-09,36.93751031901408,36.96749193443552,36.85613351587074,36.898963928222656,11400
2015-06-10,37.03173714672221,37.3915197797097,37.03173714672221,37.352970123291016,14200
2015-06-11,37.352977622271,37.49860496678208,37.352977622271,37.4172248840332,20400
2015-06-12,37.391533083435796,37.391533083435796,37.173093666679094,37.207359313964844,9000
2015-06-15,36.83472058978015,37.0188943234391,36.78332212884578,36.954647064208984,29000
2015-06-16,37.053152204592635,37.20734428735432,36.99746973330329,37.19877624511719,14200
2015-06-17,37.3315528554644,37.417213666966646,37.13452710705835,37.34868240356445,75400
2015-06-18,37.335841740439115,37.74701960715618,37.335841740439115,37.64850997924805,97000
2015-06-19,37.74272962476633,37.74272962476633,37.464327093192594,37.485740661621094,51600
2015-06-22,37.618518166755756,37.747009377171814,37.61423414608346,37.622798919677734,12400
2015-06-23,37.58426553003174,37.678494410895986,37.54571913390625,37.605682373046875,32400
2015-06-24,37.651229466015714,37.651229466015714,37.35469436645508,37.35469436645508,11000
2015-06-25,37.324601840904606,37.32890035280926,37.15269743156103,37.238651275634766,11800
2015-06-26,37.316026557870515,37.316026557870515,37.148420577509135,37.234371185302734,23400
2015-06-29,36.95501338794711,37.028074984757836,36.46078937537831,36.5295524597168,34200
2015-06-30,36.77021461407028,36.77021461407028,36.49946736213646,36.57682418823242,27000
2015-07-01,36.84757078976874,36.98509366942258,36.62839585203561,36.76591873168945,18800
2015-07-02,36.94212058004355,36.94212058004355,36.727240862887314,36.78740692138672,34200
2015-07-06,36.59402988651696,36.75303883699959,36.4865899885993,36.6069221496582,22200
2015-07-07,36.68856484916826,36.90773980447794,36.29318366950262,36.86046600341797,19800
2015-07-08,36.624104570569905,36.65848611697233,36.2373203705545,36.34046173095703,40800
2015-07-09,36.73153562938138,36.73153562938138,36.34045301021393,36.361942291259766,16800
2015-07-10,36.619806438139015,36.714354052325895,36.60261566475915,36.70146179199219,27200
2015-07-13,36.99799901315894,37.04527282714844,36.92494067474071,37.04527282714844,12000
2015-07-14,36.98510258390594,37.204280853271484,36.98510258390594,37.204280853271484,44800
2015-07-15,37.22576523833779,37.22576523833779,37.04956228764989,37.09683609008789,12800
2015-07-16,37.37188545957639,37.389076232910156,37.27304261141315,37.389076232910156,10000
2015-07-17,37.247265172284905,37.28594524274588,37.22148064451469,37.281646728515625,18000
2015-07-20,37.419166474503875,37.419166474503875,37.28164354014777,37.350406646728516,32400
2015-07-21,37.30312666409145,37.33320969854617,37.06675762280093,37.169898986816406,24600
2015-07-22,36.99370018647489,37.135521614673564,36.99370018647489,37.01089096069336,19200
2015-07-23,36.94211019626822,37.01516849265291,36.787396581098655,36.83037185668945,13200
2015-07-24,36.79170762897035,36.79170762897035,36.417815718440714,36.443603515625,25800
2015-07-27,36.22872336442827,36.30178168485796,36.17285253684897,36.21153259277344,17800
2015-07-28,36.43930715699954,36.697162192453675,36.29748573991813,36.658485412597656,5000
2015-07-29,36.77881979372682,36.9421272277832,36.71435521121868,36.9421272277832,15600
2015-07-30,36.87336468844126,36.98509979248047,36.87336468844126,36.98509979248047,10600
2015-07-31,37.1140305748014,37.17419664232274,37.01088921316549,37.028079986572266,24000
2015-08-03,37.02377449450327,37.02377449450327,36.718645701360735,36.8389778137207,22200
2015-08-04,36.920652576789834,36.95073562070695,36.80461563681965,36.87337875366211,19000
2015-08-05,37.04525984643432,37.23865354830008,36.94641701822204,36.96360778808594,10400
2015-08-06,37.015176364905926,37.015176364905926,36.5467401873752,36.66707229614258,19000
2015-08-07,36.55963961785748,36.62840270996094,36.46939051857522,36.62840270996094,22600
2015-08-10,36.95931568961875,37.195684717760265,36.95931568961875,37.152706146240234,16000
2015-08-11,36.98509619635083,36.98509619635083,36.64988435921721,36.75732421875,43000
2015-08-12,36.585435960186096,36.73585445306736,36.21584241771156,36.7315559387207,31000
2015-08-13,36.65417033714844,36.81318245524964,36.624087317918836,36.649871826171875,20200
2015-08-14,36.701461120736425,36.82609176635742,36.67137808757306,36.82609176635742,16400
2015-08-17,36.7702179956572,36.972205464528315,36.54244600865086,36.9679069519043,11800
2015-08-18,36.98940409029802,37.00229635210309,36.90345349239414,36.933536529541016,8200
2015-08-19,36.66277487728254,36.97650069489887,36.57252579301585,36.71004867553711,8200
2015-08-20,36.366259196577616,36.366259196577616,35.89781951904297,35.89781951904297,9600
2015-08-21,35.62276823968049,35.65714979001703,34.96523666381836,34.96523666381836,22200
2015-08-24,34.6257152452417,34.6257152452417,29.984312344232006,33.6286735534668,91400
2015-08-25,34.28619203789899,34.54834543962575,33.16022491455078,33.16022491455078,34000
2015-08-26,34.02835721565423,34.3506768394655,33.54273016281496,34.346378326416016,16800
2015-08-27,34.74176472374875,35.021109121387944,34.45382657672622,35.008216857910156,18200
2015-08-28,34.97383530276567,35.01251537200461,34.87499243023223,35.008216857910156,22200
2015-08-31,34.9867203033899,34.9867203033899,34.69877896431985,34.72026824951172,15000
2015-09-01,34.410843779149296,34.410843779149296,33.667358385372104,33.7318229675293,28400
2015-09-02,34.18736972830811,34.380760192871094,33.877942361963505,34.380760192871094,29200
2015-09-03,34.50109962037054,34.82341931529748,34.47531509399414,34.47531509399414,51400
2015-09-04,33.99397964307428,34.045551969283075,33.83497070850618,33.98538589477539,6000
2015-09-08,34.59993416650829,34.836299896240234,34.4624112739429,34.836299896240234,18000
2015-09-09,35.16721872894071,35.16721872894071,34.55696105957031,34.55696105957031,17200
2015-09-10,34.35927923856547,34.758955803883815,34.28622089235167,34.51829147338867,24000
2015-09-11,34.42803721148175,34.63861846923828,34.25613273872322,34.63861846923828,84800
2015-09-14,34.70738566779819,34.70738566779819,34.46242283080594,34.47531509399414,22400
2015-09-15,34.58275126387359,34.99532003544361,34.58275126387359,34.93515396118164,12600
2015-09-16,34.99532114769646,35.24028396606445,34.99532114769646,35.24028396606445,6400
2015-09-17,35.19300319907475,35.657144219695134,35.094160355804696,35.11564636230469,24600
2015-09-18,34.76324903308631,34.8406058816717,34.48820318896162,34.56985855102539,45200
2015-09-21,34.80622332492414,34.93945100846051,34.582749812587174,34.66010665893555,11600
2015-09-22,34.30770809028553,34.380766432040325,34.14010211623377,34.303409576416016,17600
2015-09-23,34.37216680250074,34.37216680250074,34.114308475332145,34.22174835205078,9200
2015-09-24,33.813476543157634,33.95529796067525,33.77479648437798,33.942405700683594,32800
2015-09-25,34.41851728879241,34.41851728879241,34.05195059198847,34.20720291137695,5800
2015-09-28,34.11231246500631,34.11231246500631,33.40074016785977,33.4956169128418,27600
2015-09-29,33.51287246222722,33.64225045901384,33.33605937618593,33.46112060546875,31600
2015-09-30,33.93118882027661,33.982940673828125,33.64224837427324,33.982940673828125,10200
2015-10-01,34.095066489251074,34.095066489251074,33.633623131483795,33.82769012451172,9000
2015-10-02,33.629312419272715,34.5047607421875,33.46111971185423,34.5047607421875,16800
2015-10-05,34.655702397726216,35.16027069091797,34.655702397726216,35.16027069091797,13600
2015-10-06,35.09127769374031,35.108528316665144,34.9662131452002,35.0697135925293,33400
2015-10-07,35.27239419653311,35.41901951406845,35.082640688928336,35.26376724243164,13400
2015-10-08,35.28965125621847,35.77265548706055,35.246526348496076,35.77265548706055,10400
2015-10-09,35.742454367885145,35.81145682663466,35.699329476275864,35.78126907348633,17200
2015-10-12,35.71659682553781,35.768348693847656,35.703659681015324,35.768348693847656,16600
2015-10-13,35.69934151296525,35.75971703961863,35.47509002685547,35.47509002685547,21200
2015-10-14,35.50096631170891,35.526840598811894,35.32415319947248,35.36296463012695,40400
2015-10-15,35.45351238636783,35.72520215252974,35.43195158663838,35.71226501464844,55600
2015-10-16,35.77265842006331,35.850284576416016,35.65622083064417,35.850284576416016,27600
2015-10-19,35.729529287925274,35.85459381895355,35.712278667415916,35.845970153808594,18800
2015-10-20,35.78128045296699,35.92790578911331,35.77265349777052,35.88478088378906,12000
2015-10-21,35.91928570843573,35.95809714003464,35.656219482421875,35.656219482421875,12800
2015-10-22,35.81146806327403,36.32034984046045,35.81146806327403,36.29447555541992,11400
2015-10-23,36.68690640777097,36.71709416211211,36.51009335812096,36.67396926879883,15400
2015-10-26,36.60066390474557,36.60497409178172,36.544598571084585,36.548912048339844,8600
2015-10-27,36.359156701322924,36.43678283691406,36.324658755674925,36.43678283691406,9000
2015-10-28,36.51010357329796,36.82923182136744,36.41091332972832,36.811981201171875,9400
2015-10-29,36.799047554361124,36.8896108513265,36.686920157547945,36.87236022949219,8600
2015-10-30,36.876680868262,36.932742932444945,36.73436567815877,36.78611755371094,240200
2015-11-02,36.661031702236286,37.10953782594397,36.661031702236286,37.06209945678711,15800
2015-11-03,37.07936794439585,37.294995802599495,36.997428305408064,37.20011901855469,37200
2015-11-04,37.30792031725766,37.30792031725766,37.04916763305664,37.04916763305664,30800
2015-11-05,37.13542763477858,37.152678257161135,36.95430103509147,37.10523986816406,22000
2015-11-06,37.062111950623894,37.062111950623894,36.708482446019524,36.94567108154297,19800
2015-11-09,36.945673299420264,36.945673299420264,36.48854333169506,36.7084846496582,11200
2015-11-10,36.5489084424199,36.730034986641336,36.53165782531994,36.695533752441406,172800
2015-11-11,36.600663597743825,36.77316320387781,36.5877231660866,36.60928726196289,25000
2015-11-12,36.475608162664905,36.475608162664905,36.134915762344555,36.14353942871094,15200
2015-11-13,36.001227165912134,36.06160270049702,35.751098071077706,35.768348693847656,43000
2015-11-16,35.72090156970644,36.2772216796875,35.72090156970644,36.2772216796875,20000
2015-11-17,36.31173197250263,36.44973367762006,36.15216945452884,36.199607849121094,31800
2015-11-18,36.39366084056476,36.82922993003114,36.39366084056476,36.80335235595703,52200
2015-11-19,36.837859929423246,36.93273670683239,36.7472966301381,36.87667465209961,310800
2015-11-20,36.98448125369665,37.135420055964765,36.96291715756443,37.001731872558594,104000
2015-11-23,37.04055268261975,37.1656172333932,36.93705223344239,37.03192901611328,30400
2015-11-24,36.90254854542096,37.06211433210296,36.811985247105156,37.040550231933594,20600
2015-11-25,37.03191701541405,37.10091619576551,36.997415780128875,37.04916763305664,22600
2015-11-27,36.94997210330558,37.06209945678711,36.94997210330558,37.06209945678711,4400
2015-11-30,37.031919163580966,37.05779344643633,36.89822769165039,36.89822769165039,9800
2015-12-01,36.96723518100652,37.13111114501953,36.96723518100652,37.13111114501953,5200
2015-12-02,37.09661004266022,37.09661004266022,36.72573320588974,36.738670349121094,23200
2015-12-03,36.80765968962115,36.842160922481746,36.061589447767965,36.212528228759766,22800
2015-12-04,36.22979112273162,36.9284232287084,36.22979112273162,36.87667465209961,30000
2015-12-07,36.79903896165099,36.79903896165099,36.52734584397652,36.68259811401367,21600
2015-12-08,36.3289716328555,36.592037817939264,36.3289716328555,36.47128677368164,47200
2015-12-09,36.33328803124514,36.66966690735449,36.01415977573363,36.178035736083984,21600
2015-12-10,36.32465352906193,36.45402820961932,36.208212697319965,36.242713928222656,31800
2015-12-11,35.94516688205066,35.94516688205066,35.52684826906601,35.63035202026367,27000
2015-12-14,35.5785884080959,35.69071578979492,35.272397314804046,35.69071578979492,56600
2015-12-15,35.88046081244487,36.12196616027414,35.88046081244487,35.97102737426758,145400
2015-12-16,36.182351824005444,36.56185563387732,36.061600761328926,36.50148010253906,72200
2015-12-17,36.55754022410621,36.58772798818018,35.95378494262695,35.95378494262695,197800
2015-12-18,35.77264635110643,35.77264635110643,35.20338915998226,35.20770263671875,137800
2015-12-21,35.46647356938228,35.54409973951634,35.28103345685205,35.470787048339844,52200
2015-12-22,35.65190741468426,35.996913285791784,35.60015883717201,35.93222427368164,80000
2015-12-23,36.109040096440545,36.34191527187386,36.109040096440545,36.32035446166992,222400
2015-12-24,36.28482724032496,36.42776695512321,36.241513076505186,36.36712646484375,25600
2015-12-28,36.159215353068674,36.27183151245117,36.020608052963624,36.27183151245117,48200
2015-12-29,36.458080100656986,36.648666349941145,36.458080100656986,36.63134002685547,25000
2015-12-30,36.5966917940048,36.5966917940048,36.3887825012207,36.3887825012207,23200
2015-12-31,36.271839421420154,36.35847106828728,36.098579432345325,36.11590576171875,25800
2016-01-04,35.51814965522351,35.51814965522351,35.18462702104726,35.46184158325195,22200
2016-01-05,35.55280646313877,35.67841984269374,35.4271930835838,35.622108459472656,24600
2016-01-06,35.02869095050498,35.26692044252722,34.89441278116791,35.05034637451172,22400
2016-01-07,34.560907412049374,34.69518234371484,34.305348165876765,34.41363525390625,15000
2016-01-08,34.48726168824439,34.52624344092903,33.95015552820416,33.95882034301758,28800
2016-01-11,34.14072356146638,34.14072356146638,33.64693512993987,33.893829345703125,40400
2016-01-12,34.2187242734214,34.279364786242,33.78124345550701,34.13642501831055,22400
2016-01-13,34.30100993314189,34.30100993314189,33.31343248188371,33.339420318603516,18400
2016-01-14,33.46504323873877,34.07145160403012,33.26579538957985,33.82022476196289,21400
2016-01-15,33.05354325708055,33.26578828764904,32.9106068402528,33.157501220703125,119400
2016-01-19,33.51268886383805,33.51268886383805,32.92793595049529,33.222476959228516,41400
2016-01-20,32.685372779840435,33.03622187173825,32.039982689602624,32.84996795654297,26800
2016-01-21,32.9409245096942,33.144501403712205,32.86728679839113,32.93659210205078,45400
2016-01-22,33.31775198604145,33.45635924971227,33.257111514726574,33.4347038269043,17000
2016-01-25,33.30477126989449,33.33075910942601,32.87162298618702,32.91926956176758,36200
2016-01-26,33.062196456574604,33.36973122208895,33.062196456574604,33.31342315673828,15800
2016-01-27,33.304778613771944,33.58199331209928,32.91061530710584,33.023231506347656,73800
2016-01-28,33.30477664109785,33.30477664109785,32.875960696375046,33.170501708984375,44000
2016-01-29,33.335094419656244,33.97615538940285,33.335094419656244,33.96316146850586,41800
2016-02-01,33.867866899223706,34.188395718424566,33.720594757649714,34.080108642578125,31600
2016-02-02,33.88952065009182,33.88952065009182,33.39573187310524,33.44337844848633,27800
2016-02-03,33.69459800096831,33.78122631685892,33.06220204192329,33.65561294555664,27200
2016-02-04,33.63829834123578,34.04112308509241,33.55166669901453,33.798561096191406,95800
2016-02-05,33.72925261531032,33.750908043216086,33.23979301848772,33.278778076171875,16600
2016-02-08,32.949584202157034,33.0535388472515,32.46445701728519,32.8412971496582,50800
2016-02-09,33.0059072583377,33.20515843345816,32.68537836278492,32.96259307861328,19800
2016-02-10,33.07519184270756,33.30909223209393,32.988563537597656,32.988563537597656,24600
2016-02-11,32.44713414590925,32.73734265482004,32.40814908840828,32.633384704589844,37200
2016-02-12,32.82397208741955,33.226800070398106,32.74600527443471,33.21380615234375,59600
2016-02-16,33.53867968595795,33.76391539280079,33.45638043506349,33.72493362426758,17600
2016-02-17,34.01946847271686,34.33133578290918,34.00214214385514,34.25769805908203,128200
2016-02-18,34.314010952620514,34.33566638614891,34.175403620332766,34.19272994995117,19000
2016-02-19,34.07578242779855,34.19706344604492,33.91118723227275,34.19706344604492,107400
2016-02-22,34.50459632934869,34.591224670410156,34.50459632934869,34.591224670410156,9400
2016-02-23,34.49592197865181,34.49592197865181,34.179725646972656,34.179725646972656,12000
2016-02-24,33.83754598106443,34.30967603618248,33.664286002204335,34.30534362792969,27400
2016-02-25,34.39631103010824,34.686519622802734,34.318344197255726,34.686519622802734,19400
2016-02-26,34.87277063921615,34.87277063921615,34.54357700514776,34.586891174316406,15600
2016-02-29,34.56090228522657,34.74282377301124,34.31834030151367,34.31834030151367,24800
2016-03-01,34.56522469383871,35.102327490103946,34.56522469383871,35.04168701171875,5000
2016-03-02,35.0027038104501,35.1543083190918,34.91174308806012,35.1543083190918,18800
2016-03-03,35.20629483700374,35.43153381347656,35.13266041589737,35.43153381347656,28000
2016-03-04,35.44885607802893,35.73040314025323,35.314581159518916,35.60478973388672,46200
2016-03-07,35.58313551521889,35.76072460982406,35.56147677713217,35.69575500488281,11000
2016-03-08,35.4835034679651,35.56147028431887,35.34922856938982,35.40553665161133,7000
2016-03-09,35.487835961615986,35.54847645174248,35.35356106271572,35.457515716552734,40000
2016-03-10,35.58311830342534,35.70873165331749,35.13264386732661,35.51381301879883,9800
2016-03-11,35.79538277496212,36.08126229931557,35.79538277496212,36.05527114868164,25000
2016-03-14,35.94264187634536,36.081249178903946,35.94264187634536,36.04659652709961,42400
2016-03-15,35.78238369420452,35.90799710607235,35.743398626203025,35.89067077636719,27800
2016-03-16,35.87333045156087,36.28049077913991,35.87333045156087,36.228511810302734,12400
2016-03-17,36.35847129024674,36.63135354406036,36.35847129024674,36.57071304321289,36800
2016-03-18,36.70930208459068,36.739622319907866,36.644329207580206,36.7136344909668,12400
2016-03-21,36.653004446305715,36.804605666014716,36.64000722348031,36.76129150390625,51400
2016-03-22,36.65733354925545,36.87824007206498,36.65733354925545,36.76129150390625,122400
2016-03-23,36.59773417374627,36.63688716764644,36.45418204649661,36.480281829833984,23800
2016-03-24,36.271465590338494,36.51507568359375,36.271465590338494,36.51507568359375,12800
2016-03-28,36.623845042605595,36.6368949370417,36.488988389344556,36.55424118041992,38200
2016-03-29,36.415008982489695,36.91527557373047,36.415008982489695,36.91527557373047,30600
2016-03-30,37.11539208697941,37.202393554123795,36.99358870541998,37.106693267822266,14000
2016-03-31,37.09800094950249,37.145852764766104,37.01534721061187,37.02840042114258,16400
2016-04-01,36.889191580685946,37.31115240773899,36.889191580685946,37.30680465698242,15600
2016-04-04,37.31986144717958,37.31986144717958,37.13715631481175,37.158905029296875,12800
2016-04-05,36.91094414509086,36.91094414509086,36.758689880371094,36.758689880371094,6200
2016-04-06,36.82828175783855,37.171939849853516,36.7369259098019,37.171939849853516,13600
2016-04-07,37.01532823985568,37.01532823985568,36.58466544209661,36.68906784057617,9600
2016-04-08,36.984888257793735,37.07624411703203,36.771732330322266,36.771732330322266,19600
2016-04-11,36.9761907556224,37.102345216467626,36.76303482055664,36.76303482055664,11200
2016-04-12,36.710823930775575,37.05448532104492,36.70647286234633,37.05448532104492,8400
2016-04-13,37.219787710880034,37.51994835980411,37.219787710880034,37.51124954223633,15400
2016-04-14,37.59391428161041,37.60261642139398,37.498210657354434,37.54606246948242,16800
2016-04-15,37.54171177910329,37.585212517933535,37.485157831619695,37.57216262817383,18400
2016-04-18,37.44165649400159,37.79836785693472,37.44165649400159,37.789669036865234,12400
2016-04-19,37.89840717750703,37.98105755078789,37.81140241761636,37.91145706176758,11600
2016-04-20,37.89842668299063,37.994126989786864,37.87667465209961,37.87667465209961,15200
2016-04-21,37.84621813021657,37.84621813021657,37.58521039309721,37.589561462402344,23000
2016-04-22,37.5678118807161,37.67656538817096,37.46340944284967,37.65916442871094,14200
2016-04-25,37.51126536515453,37.56781600043072,37.428611628379,37.5504150390625,25000
2016-04-26,37.71571021557397,37.71571021557397,37.554757169297034,37.559104919433594,28600
2016-04-27,37.62001475909615,37.76356686657737,37.45035623408441,37.65916442871094,26600
2016-04-28,37.43731076872784,37.65916887944619,37.198055015387006,37.245906829833984,11400
2016-04-29,37.115398904757114,37.115398904757114,36.80653932509851,37.01969528198242,14600
2016-05-02,37.05448645965622,37.31984522081697,37.05448645965622,37.28939437866211,9000
2016-05-03,37.16324737772898,37.16324737772898,36.80218494929323,36.923988342285156,14000
2016-05-04,36.73692302458151,36.85872970609969,36.662971457115006,36.723873138427734,32000
2016-05-05,36.7325924113835,36.85874690121059,36.684740593901005,36.75434112548828,22800
2016-05-06,36.71517488805829,36.95443054865811,36.71082381964222,36.91963195800781,14000
2016-05-09,36.889190806984395,37.032742913495646,36.88048866786636,36.96314239501953,6800
2016-05-10,37.05449455109228,37.38945388793945,37.05449455109228,37.38945388793945,27200
2016-05-11,37.250255904542946,37.38076146110685,37.141502380371094,37.141502380371094,15600
2016-05-12,37.19804556361335,37.26329832299658,36.96313762116964,37.154544830322266,11400
2016-05-13,37.02838183965072,37.150185192328095,36.789122883397,36.87177658081055,40800
2016-05-16,36.910937186033784,37.29809937999589,36.910937186033784,37.22414779663086,16000
2016-05-17,37.31114459615935,37.31114459615935,36.841332057995835,36.8804817199707,22200
2016-05-18,36.88484535849549,37.10235240508252,36.69778916567488,36.85874557495117,135000
2016-05-19,36.75434112548828,36.75434112548828,36.52378417883315,36.75434112548828,50800
2016-05-20,36.906587383444375,37.05014280471067,36.87178878465635,36.923988342285156,25200
2016-05-23,37.04143404876669,37.04143404876669,36.867427825927734,36.867427825927734,15400
2016-05-24,37.05013133699839,37.45034330978261,37.05013133699839,37.39814376831055,83600
2016-05-25,37.62436882137053,37.69397267088681,37.50691647392958,37.667869567871094,76600
2016-05-26,37.711357970999074,37.711357970999074,37.57215364867502,37.641754150390625,14000
2016-05-27,37.637425626129655,37.794030997410076,37.637425626129655,37.75053024291992,34800
2016-05-31,37.82880952492679,37.91146323054891,37.68090638738486,37.84621047973633,281000
2016-06-01,37.72875875988025,37.937563582999715,37.72875875988025,37.88536071777344,22400
2016-06-02,37.867975957196556,37.99412711632399,37.685267526227754,37.950626373291016,114400
2016-06-03,37.82881079025009,37.959316296240495,37.74180933218508,37.898414611816406,35400
2016-06-06,37.98977076828873,38.18987679607224,37.98977076828873,38.142024993896484,9200
2016-06-07,38.1898783873426,38.28123092651367,38.176828498731496,38.28123092651367,20000
2016-06-08,38.211626233727365,38.3725826003859,38.18552645709371,38.350833892822266,15200
2016-06-09,38.23772464734792,38.32472610473633,38.15507093960393,38.32472610473633,5400
2016-06-10,38.07241601987275,38.07241601987275,37.84185917812938,37.89406204223633,9600
2016-06-13,37.72006168282406,37.84621613487416,37.680912017822266,37.680912017822266,9800
2016-06-14,37.55911166473462,37.55911166473462,37.302454967068144,37.432960510253906,25400
2016-06-15,37.62001177898943,37.62001177898943,37.393802642822266,37.393802642822266,13600
2016-06-16,37.29375205019879,37.541709899902344,37.063191840041576,37.541709899902344,14600
2016-06-17,37.593909065207846,37.593909065207846,37.30680155117187,37.41990280151367,13600
2016-06-20,37.74616766937572,37.989777794295726,37.74616766937572,37.81142044067383,81400
2016-06-21,37.796571611335,37.90137042216386,37.7703735743219,37.82277297973633,9200
2016-06-22,37.8969998709128,38.00179534177754,37.77037048339844,37.77037048339844,8600
2016-06-23,38.09785564764417,38.13278857843005,37.98432528828385,38.11532211303711,131600
2016-06-24,37.403587747924576,37.403587747924576,36.76170918970025,36.86650466918945,30200
2016-06-27,37.03242501289751,37.03242501289751,35.78796848869063,35.9407958984375,75400
2016-06-28,36.37306606582074,36.51715850830078,36.14600545280997,36.51715850830078,23800
2016-06-29,36.79663694129999,37.1808925657137,36.79663694129999,37.1765251159668,24000
2016-06-30,37.35992751392999,37.75728225708008,37.35992751392999,37.75728225708008,21000
2016-07-01,37.82713712307573,38.06729690048046,37.82713712307573,37.96686553955078,20600
2016-07-05,37.60881487922875,37.62191723039155,37.477821350097656,37.477821350097656,9400
2016-07-06,37.46907348819701,37.82276355669783,37.4297764424677,37.79656219482422,22200
2016-07-07,37.988688216125325,37.988688216125325,37.709231465874,37.83149337768555,39800
2016-07-08,38.30745151339137,38.42534599552155,38.28561759788426,38.42097854614258,15000
2016-07-11,38.490856630574896,38.65678311438816,38.4602911379938,38.57381820678711,23600
2016-07-12,38.85763401903713,38.97989596254622,38.783404029247755,38.90129852294922,24400
2016-07-13,39.023562041091324,39.023562041091324,38.81396776780541,38.93622970581055,11800
2016-07-14,39.29428468207148,39.29428468207148,39.10216020366004,39.15455627441406,48800
2016-07-15,39.27682670793159,39.27682670793159,38.96244022126032,39.097801208496094,13600
2016-07-18,39.019194665766,39.18512110603345,39.019194665766,39.141456604003906,13400
2016-07-19,39.41654967799616,39.41654967799616,38.93623344765049,39.001731872558594,27000
2016-07-20,39.246267553498974,39.259369907524444,39.04104397988315,39.215702056884766,21000
2016-07-21,39.22878930333332,39.22878930333332,38.9536999163852,39.001731872558594,15000
2016-07-22,39.132730529963546,39.189494057432135,39.01483269340545,39.172027587890625,21800
2016-07-25,39.14146124962543,39.14146124962543,38.99300125882698,39.08469772338867,36400
2016-07-26,39.15892551186198,39.18512354843504,38.99736317975577,39.18075942993164,73000
2016-07-27,39.211323126248274,39.23752116162529,39.0366617838295,39.15455627441406,25400
2016-07-28,39.04974765257591,39.189476013183594,39.00171571629949,39.189476013183594,16000
2016-07-29,39.189493077767516,39.39471992551445,39.13272955171791,39.35978698730469,34200
2016-08-01,39.307390441483435,39.403454362859364,39.215693970548756,39.276824951171875,34600
2016-08-02,39.3073704640704,39.3073704640704,39.00608316452105,39.189476013183594,33600
2016-08-03,39.141444410325526,39.259342193603516,39.141444410325526,39.259342193603516,17400
2016-08-04,39.45148632354732,39.45148632354732,39.276824951171875,39.276824951171875,19000
2016-08-05,39.490792247517824,39.71784973144531,39.490792247517824,39.71784973144531,23400
2016-08-08,39.840099955758085,39.840099955758085,39.647975474160276,39.7091064453125,36200
2016-08-09,39.6872655571231,39.80516336034319,39.6872655571231,39.722198486328125,19000
2016-08-10,39.805171455776836,39.805171455776836,39.59557716930763,39.661075592041016,25000
2016-08-11,39.88376582960004,39.94053268432617,39.80953583799161,39.94053268432617,6000
2016-08-12,39.96235951934368,39.96235951934368,39.80080053293862,39.875030517578125,33800
2016-08-15,40.0191272708559,40.075890790144285,40.00166080383148,40.023494720458984,17600
2016-08-16,39.9055984081794,39.914333307715516,39.80953450161062,39.85319900512695,15000
2016-08-17,39.875030517578125,39.875030517578125,39.65233723227173,39.875030517578125,16800
2016-08-18,39.81389818198014,39.9186936467754,39.81389818198014,39.914329528808594,10000
2016-08-19,39.97546276898883,40.03222628827722,39.757136928265545,40.023494720458984,22400
2016-08-22,39.96672412071011,40.00165705148206,39.85756121058848,39.95799255371094,25600
2016-08-23,40.30294642572898,40.30294642572898,40.128285108993516,40.14138412475586,36800
2016-08-24,40.15886114241563,40.15886114241563,39.848838806152344,39.848838806152344,56000
2016-08-25,39.9580002560307,40.02349868100671,39.853201443513775,39.89250183105469,28000
2016-08-26,39.857565527898664,40.215619778626,39.71346967139683,39.83136749267578,19600
2016-08-29,40.00602433633153,40.11081979682926,39.979822972666376,40.027854919433594,53400
2016-08-30,40.11082106080109,40.11082106080109,39.80516623663941,39.90996170043945,30000
2016-08-31,39.8924950215638,39.909961487335174,39.65670273073195,39.835731506347656,24200
2016-09-01,39.748399239201845,39.844463135399636,39.55627144680626,39.770233154296875,18800
2016-09-02,40.027849412794964,40.10644683020251,39.87065457797988,39.997283935546875,25000
2016-09-06,40.137019583171174,40.137019583171174,39.88812827149477,39.992923736572266,47800
2016-09-07,39.94488787819996,40.027849412794964,39.93178553247606,39.997283935546875,30400
2016-09-08,40.03221668636721,40.03221668636721,39.8182583465659,39.8575553894043,24200
2016-09-09,39.503871528847526,39.503871528847526,38.74409866333008,38.74409866333008,27600
2016-09-12,38.765939990711736,39.40345111566525,38.765939990711736,39.35541915893555,11200
2016-09-13,39.03666586592941,39.03666586592941,38.72227608297719,38.74847412109375,9200
2016-09-14,38.93622935515829,38.97989385671147,38.70480449867731,38.72227096557617,14000
2016-09-15,38.98861703513824,39.28990766864097,38.96241900835955,39.259342193603516,20800
2016-09-16,39.06286270198145,39.22005758862027,38.97553369002134,39.132728576660156,34200
2016-09-19,39.32485848249617,39.41219083786624,39.08906612008004,39.16766357421875,31200
2016-09-20,39.35978854804448,39.35978854804448,39.16329659275263,39.25062561035156,18800
2016-09-21,39.390344020882495,39.42527695159446,39.137085270302165,39.416542053222656,38800
2016-09-22,39.92306109612996,39.93179266345134,39.77023368259776,39.914329528808594,28200
2016-09-23,39.92743094291863,39.92743094291863,39.608673748650816,39.62177276611328,21000
2016-09-26,39.43165617556876,39.44041632150084,39.29584884643555,39.29584884643555,14800
2016-09-27,39.38783682366648,39.563066427531226,39.31774230828822,39.54116439819336,52800
2016-09-28,39.72077346589557,39.81715174786582,39.48859124603464,39.7821044921875,28800
2016-09-29,39.78648767518085,39.887247703331454,39.427261647197994,39.510498046875,19400
2016-09-30,39.755831347350586,39.95296636422264,39.712023937189144,39.84782791137695,50000
2016-10-03,39.725164145887554,39.725164145887554,39.58059669040705,39.69011688232422,15200
2016-10-04,39.77772117963773,39.77772117963773,39.28268794561325,39.392208099365234,31800
2016-10-05,39.43164911397081,39.63316585723476,39.43164911397081,39.558692932128906,15000
2016-10-06,39.55868592165374,39.620016948200345,39.3790712422742,39.57620620727539,10800
2016-10-07,39.57620751086774,39.57620751086774,39.282694253828126,39.48421096801758,9600
2016-10-10,39.62001234204987,39.79524191621671,39.60248871617521,39.64191436767578,31000
2016-10-11,39.65506196672886,39.65506196672886,38.98042065591723,39.12498474121094,44200
2016-10-12,39.08555988435719,39.22574557213911,39.05489436960147,39.18193817138672,24200
2016-10-13,39.02860692240392,39.133748694061325,38.73947540607206,39.002323150634766,64600
2016-10-14,39.31774342902068,39.31774342902068,39.00232478540857,39.089942932128906,19600
2016-10-17,39.15565503559987,39.15565503559987,38.86214174421629,38.87966537475586,16000
2016-10-18,39.203842639162424,39.203842639162424,39.0505150558466,39.081180572509766,17000
2016-10-19,39.16441428890974,39.252029089846936,39.05927585932702,39.1950798034668,12800
2016-10-20,39.17756217668751,39.17756217668751,38.980427173233224,39.10746765136719,8400
2016-10-21,38.901567841498846,39.111844707678756,38.87966246938861,39.103084564208984,26000
2016-10-24,39.15565381330642,39.3527921440046,39.15565381330642,39.26079559326172,20800
2016-10-25,39.25203859872862,39.25203859872862,38.910336113088896,38.95414352416992,11400
2016-10-26,38.92346404810753,38.98041667015743,38.743852724378684,38.86213302612305,26400
2016-10-27,38.92785500619702,38.98918604270115,38.72633826592762,38.75700378417969,23400
2016-10-28,38.835868524584725,39.02424342621925,38.53359166463145,38.68254089355469,17600
2016-10-31,38.840236078550475,38.840236078550475,38.673763275146484,38.673763275146484,40800
2016-11-01,38.84899852980564,38.84899852980564,38.27511385397431,38.432823181152344,36200
2016-11-02,38.3846435546875,38.52920768854714,38.362738176255576,38.3846435546875,17400
2016-11-03,38.47226168625129,38.47226168625129,38.15246118206789,38.21817398071289,36600
2016-11-04,38.15244323119145,38.52481446754706,38.15244323119145,38.235679626464844,31200
2016-11-07,38.910327191298215,39.16879653930664,38.80956716085313,39.16879653930664,28600
2016-11-08,39.103077631813896,39.449161727598735,39.01984124330022,39.33964157104492,43600
2016-11-09,38.914702276471715,39.764576406508525,38.914702276471715,39.64191436767578,58800
2016-11-10,39.957337815369144,39.957337815369144,39.427260601687955,39.589351654052734,97400
2016-11-11,39.418507226280475,39.580594964182524,39.34841270221082,39.558692932128906,23600
2016-11-14,39.73829911852426,39.73829911852426,39.38345482799904,39.55430603027344,14600
2016-11-15,39.707625057705876,39.79962158203125,39.55867925897614,39.79962158203125,47000
2016-11-16,39.77773125013255,39.86534605839957,39.70325498658582,39.78649139404297,35800
2016-11-17,39.96172114657125,39.96172114657125,39.773346315849636,39.926673889160156,117600
2016-11-18,40.01429106129241,40.01429106129241,39.733919669972146,39.75582504272461,33600
2016-11-21,39.93543327388718,39.96609878540039,39.817149627843285,39.96609878540039,31400
2016-11-22,40.03620853950691,40.03620853950691,39.81278637058161,39.992401123046875,34600
2016-11-23,39.99238095652816,39.99238095652816,39.847813547047,39.974857330322266,15600
2016-11-25,40.11066571222317,40.1281893403761,40.02305091374883,40.115047454833984,10400
2016-11-28,40.15885338169633,40.15885338169633,39.90914753868027,39.94419479370117,34200
2016-11-29,39.874112023134956,40.115057794478574,39.874112023134956,40.001155853271484,21600
2016-11-30,40.06685730652296,40.093141076946964,39.821533203125,39.821533203125,40000
2016-12-01,39.878475063045045,39.92666419471207,39.65067462976516,39.68571853637695,48400
2016-12-02,39.74268199344263,39.81277316807709,39.628780074584796,39.668209075927734,61000
2016-12-05,39.92230117740368,40.02306122968133,39.825926211157416,40.001155853271484,24200
2016-12-06,39.96172774165892,40.10191345214844,39.90915684686623,40.10191345214844,37400
2016-12-07,40.158858656779444,40.71522304087455,40.1194329964198,40.68017578125,25800
2016-12-08,40.794083728439645,40.91236406927708,40.64075278051068,40.811607360839844,74400
2016-12-09,40.90359019875692,41.06129949514721,40.90359019875692,41.05253601074219,99400
2016-12-12,41.05253601074219,41.12700891673482,40.96929962034453,41.05253601074219,43800
2016-12-13,41.18396527501148,41.385481984839934,41.17958353241143,41.328529357910156,59600
2016-12-14,41.33290670396021,41.33290670396021,40.798447801474154,40.912349700927734,35600
2016-12-15,40.833495943648735,41.1576746805368,40.833495943648735,41.03939437866211,41000
2016-12-16,41.17958760057431,41.17958760057431,40.8422669174328,40.87293243408203,36400
2016-12-19,40.973687853074225,41.039400627361225,40.86854941958936,40.93864059448242,24400
2016-12-20,41.08758791945682,41.14891894808141,40.98244949071329,41.08320617675781,77000
2016-12-21,41.045803340639466,41.06341052253953,40.913751155502275,40.931358337402344,50400
2016-12-22,40.88733233635878,40.90053688008637,40.755280182631346,40.834510803222656,72800
2016-12-23,40.94015916043567,40.94015916043567,40.79049980965482,40.85212326049805,49800
2016-12-27,40.99297279298391,41.05899887105335,40.95776179514261,40.97096633911133,121200
2016-12-28,40.95775200484156,40.97095654565394,40.583605437957196,40.64963150024414,81000
2016-12-29,40.70685565473118,40.78608625783051,40.583605437957196,40.64963150024414,15200
2016-12-30,40.834511045043506,40.834511045043506,40.41194885212938,40.49998474121094,23600
2017-01-03,40.85652014137516,40.95776057248955,40.60122110484821,40.83891296386719,49200
2017-01-04,41.063406078037836,41.182250345216936,41.03259435260428,41.10301971435547,55400
2017-01-05,41.19104920370302,41.19104920370302,40.84331500894199,41.01057815551758,39600
2017-01-06,41.16023601226503,41.26587571378918,41.001774780866036,41.21745681762695,60400
2017-01-09,41.24386737723969,41.24386737723969,40.984169068749246,41.01057815551758,64600
2017-01-10,41.03259679641637,41.10742479717929,40.89174270629883,40.89174270629883,41000
2017-01-11,40.88733903354323,41.09421920776367,40.85652730705675,41.09421920776367,16200
2017-01-12,41.05459483111402,41.05459483111402,40.711263266781025,40.979766845703125,32000
2017-01-13,41.01499190803291,41.17785582311458,41.01499190803291,41.09862518310547,44400
2017-01-17,40.984169068749246,41.11181858517233,40.92694826134262,41.01057815551758,32800
2017-01-18,41.006185676676864,41.09862085391291,40.86092895892326,41.072208404541016,26400
2017-01-19,41.12061488337199,41.14262469149261,40.834504168930174,40.85651397705078,241600
2017-01-20,40.97096821644877,41.15583855693348,40.948958403341834,40.957763671875,25800
2017-01-23,40.97536104643451,41.11181582142431,40.86091943931463,41.05899429321289,27000
2017-01-24,41.155827075877085,41.45954494925087,41.06779456445935,41.375911712646484,31200
2017-01-25,41.55197891756087,41.692832946777344,41.5431736517333,41.692832946777344,43800
2017-01-26,41.710443981776244,41.73245043193262,41.4155279972985,41.49475860595703,21600
2017-01-27,41.631229466966566,41.631229466966566,41.37152773221354,41.406742095947266,39200
2017-01-30,41.441947790346475,41.441947790346475,40.9621614199651,41.133827209472656,48000
2017-01-31,41.217464804486916,41.217464804486916,40.94015927491694,41.16024398803711,62000
2017-02-01,41.345110570161765,41.37592229285933,41.04579525328864,41.186649322509766,60400
2017-02-02,41.257080137416565,41.2966937722341,41.081011702366695,41.28348922729492,24400
2017-02-03,41.33630664619424,41.618014770911934,41.33630664619424,41.59160232543945,34000
2017-02-06,41.54317790557879,41.54317790557879,41.38031741156707,41.46394729614258,29200
2017-02-07,41.56959328721164,41.66643107872899,41.48596003849656,41.49916458129883,26000
2017-02-08,41.57840064838557,41.60041046142578,41.43314394206247,41.60041046142578,27400
2017-02-09,41.71484563291883,41.992154458131616,41.71484563291883,41.92612838745117,59800
2017-02-10,42.088992552041226,42.12420354619695,41.96574231870699,42.06258010864258,53000
2017-02-13,42.20344704554954,42.366310956369325,42.190242498931326,42.3046875,42800
2017-02-14,42.40153225420505,42.51597391576398,42.25187286552692,42.449951171875,46000
2017-02-15,42.45873745564277,42.81087429848632,42.45873745564277,42.73164367675781,32800
2017-02-16,42.80647354498686,42.80647354498686,42.62600248158909,42.718441009521484,33600
2017-02-17,42.648005326623434,42.797664642333984,42.58197925669894,42.797664642333984,31600
2017-02-21,43.01774950657536,43.154200922365575,42.960525345198484,43.10137939453125,38400
2017-02-22,43.08378601074219,43.12780564380858,43.00015609601435,43.08378601074219,67400
2017-02-23,43.207035749803744,43.207035749803744,42.96934383872323,43.0617790222168,41800
2017-02-24,42.98694182289176,43.251042770400474,42.912110478546595,43.21142578125,37400
2017-02-27,43.14100042908636,43.251042770400474,43.14100042908636,43.21142578125,28600
2017-02-28,43.18501069682223,43.19821523863008,43.04415665382974,43.088172912597656,33800
2017-03-01,43.466731879148476,43.69121923219478,43.40510842666146,43.633995056152344,54400
2017-03-02,43.576774589953956,43.576774589953956,43.32587814331055,43.32587814331055,75800
2017-03-03,43.48873680733658,43.48873680733658,43.23343775673537,43.33467483520508,53600
2017-03-06,43.17182018950525,43.20263191648173,43.05297255814854,43.18062210083008,15600
2017-03-07,43.06176904341881,43.19381783571261,43.06176904341881,43.079376220703125,103200
2017-03-08,43.13659350457069,43.15860331393461,42.991336822509766,42.991336822509766,35800
2017-03-09,43.079372637054675,43.08817454585178,42.82407362500829,42.964927673339844,35600
2017-03-10,43.18942343613248,43.23343970519983,42.97373800871813,43.12779998779297,38800
2017-03-13,43.18941932792263,43.22023104916155,43.09698416420587,43.21142578125,41000
2017-03-14,43.0837731476715,43.12339013395793,42.97373081431272,43.096981048583984,24800
2017-03-15,43.22903026524989,43.616378073578666,43.22903026524989,43.510738372802734,14600
2017-03-16,43.585562874993684,43.585562874993684,43.3962899405069,43.453514099121094,17200
2017-03-17,43.5767624376085,43.5767624376085,43.45351556601011,43.47112274169922,21000
2017-03-20,43.537149284577254,43.572360278113116,43.396291877532114,43.46672058105469,108800
2017-03-21,43.61637877205494,43.61637877205494,42.91651112564652,42.947322845458984,62200
2017-03-22,42.94732080279626,43.118986570476025,42.806466753463496,43.10137939453125,61600
2017-03-23,43.11899209834082,43.25104425574303,42.99134257504558,43.004547119140625,34600
2017-03-24,43.102123796936965,43.18160740915559,42.868089652334604,42.96523666381836,21400
2017-03-27,42.71353728881063,42.9961449270394,42.67821049179483,42.92549133300781,34000
2017-03-28,42.996160971076584,43.340588948132066,42.92550735068056,43.26552200317383,24800
2017-03-29,43.21694407350897,43.36266125505086,43.21694407350897,43.345001220703125,42200
2017-03-30,43.43773896795832,43.490725817935825,43.34059191773251,43.45540237426758,34400
2017-03-31,43.380326043613586,43.51721658130264,43.35383262229626,43.384742736816406,36200
2017-04-03,43.43331125674757,43.43331125674757,43.119793454423956,43.23460388183594,18000
2017-04-04,43.25227428525039,43.256690979003906,43.09330699962595,43.256690979003906,25600
2017-04-05,43.4200646589986,43.57461521420961,43.097713470458984,43.097713470458984,41600
2017-04-06,43.186028916902465,43.33174608142815,43.04472507597349,43.22576904296875,35400
2017-04-07,43.16837830088455,43.362669034111825,43.13746818180632,43.2081184387207,34800
2017-04-10,43.23460488936044,43.411232173864875,43.190444699284825,43.24343490600586,47200
2017-04-11,43.28759687602681,43.28759687602681,42.956415624764,43.168373107910156,47800
2017-04-12,43.22576823956114,43.26992505735274,43.07121769281593,43.106544494628906,30800
2017-04-13,43.088892532578065,43.177206191605976,42.82836151123047,42.82836151123047,35400
2017-04-17,42.9564162779508,43.216947284759755,42.929922855510895,43.203697204589844,21200
2017-04-18,42.99173604792698,43.09771308928444,42.91225242467153,43.066802978515625,87400
2017-04-19,43.168373940658554,43.168373940658554,42.912259626193375,42.97849655151367,29400
2017-04-20,43.102132914175,43.42889744732692,43.035895995157134,43.34058380126953,81600
2017-04-21,43.29200671947945,43.35382694041769,43.21252309699466,43.28759002685547,84200
2017-04-24,43.75565826813523,43.790985071140824,43.62318781028828,43.73358154296875,31000
2017-04-25,43.888136997600036,44.11334118073119,43.888136997600036,44.0780143737793,26400
2017-04-26,44.02060945474558,44.206070131985676,44.02060945474558,44.038272857666016,59200
2017-04-27,44.131019592285156,44.2060865558744,44.08244605844485,44.131019592285156,42600
2017-04-28,44.223732805307456,44.223732805307456,44.00736201876367,44.03385543823242,28000
2017-05-01,44.13985470599903,44.1884282454444,44.0515410173445,44.08686447143555,30000
2017-05-02,44.22815443676875,44.22815443676875,44.00736693267693,44.06918716430664,44800
2017-05-03,43.95879392038417,44.09126440300052,43.85281349155109,43.96320724487305,39000
2017-05-04,44.091254805488745,44.1442450083707,43.98086107619661,44.06034469604492,17000
2017-05-05,44.15307693420006,44.25022395921107,44.0691799871946,44.21489715576172,20200
2017-05-08,44.32088322395528,44.32088322395528,44.20165608933096,44.25464630126953,16400
2017-05-09,44.30321836568883,44.391532013737645,44.18399123497822,44.245811462402344,21200
2017-05-10,44.17957313173397,44.373863810214004,44.17957313173397,44.29438018798828,25000
2017-05-11,44.23698942587343,44.36062990302737,43.94996496450875,44.21932601928711,41200
2017-05-12,44.27672733848913,44.27672733848913,44.069189901669574,44.09126663208008,29200
2017-05-15,44.17515277808598,44.42243364053942,44.17515277808598,44.37827682495117,43800
2017-05-16,44.462181682854435,44.462181682854435,44.21048410240007,44.38269805908203,22200
2017-05-17,44.007360788902766,44.16632467022231,43.605525970458984,43.605525970458984,67800
2017-05-18,43.58345497405977,43.83515261137202,43.53929814397783,43.67177200317383,19000
2017-05-19,43.90580305027871,44.11334384245658,43.86164622339937,43.92788314819336,20600
2017-05-22,44.06035749064895,44.32088851928711,44.06035749064895,44.32088851928711,11400
2017-05-23,44.4401023501975,44.48867586383278,44.338541999105175,44.44451904296875,23000
2017-05-24,44.44010962831101,44.49751316794049,44.378289395186954,44.47101974487305,22800
2017-05-25,44.643238569188135,44.89493622244691,44.643238569188135,44.815452575683594,25200
2017-05-26,44.8993391217299,44.92583253952781,44.80660879048786,44.881675720214844,30800
2017-05-30,44.78011833695019,45.01415252685547,44.78011833695019,45.01415252685547,19200
2017-05-31,45.11571117754935,45.11571117754935,44.88167699648112,45.05830764770508,18400
2017-06-01,45.16870822277501,45.3497522252038,45.09805460400769,45.30559539794922,29400
2017-06-02,45.42040611245865,45.5926200980345,45.36300257358336,45.530799865722656,26600
2017-06-05,45.610284838234314,45.610284838234314,45.45573425292969,45.45573425292969,114400
2017-06-06,45.393914508453015,45.44248803135128,45.283520750766066,45.29235076904297,37600
2017-06-07,45.402727252552786,45.41155726747017,45.26142343123274,45.33207702636719,26600
2017-06-08,45.41599582613972,45.41599582613972,45.24378181626857,45.41157913208008,24000
2017-06-09,45.530818037044675,45.58822159882969,45.040669307418426,45.30119705200195,42000
2017-06-12,45.208450691756376,45.23936080932617,45.031823373614756,45.23936080932617,17600
2017-06-13,45.32325687362065,45.52196427228401,45.32325687362065,45.46014404296875,28000
2017-06-14,45.486644369990614,45.57937472117339,45.323260397554236,45.45573425292969,136600
2017-06-15,45.23494909187884,45.47340002258258,45.212868991851536,45.446903228759766,25400
2017-06-16,45.57495097467078,45.57495097467078,45.261433159014,45.376243591308594,44400
2017-06-19,45.63236565847344,45.80016633951669,45.60145553864185,45.738346099853516,26000
2017-06-20,45.68093360543047,45.72950712622564,45.389495849609375,45.389495849609375,53000
2017-06-21,45.50872518034262,45.7030192872608,45.32768115531009,45.402748107910156,34400
2017-06-22,45.45131361911695,45.51313384787951,45.32325646840886,45.371829986572266,24000
2017-06-23,45.44248057423707,45.59261444295828,45.38949036642098,45.491050720214844,17200
2017-06-26,45.654442794306775,45.738343129379494,45.513138917260704,45.548465728759766,39200
2017-06-27,45.516565797301666,45.65388963450591,45.15331937332859,45.17989730834961,34600
2017-06-28,45.37480643519127,45.587440032225466,45.35265590519108,45.529850006103516,82000
2017-06-29,45.45455555915455,45.516573003820476,44.94955443561933,45.07358932495117,49800
2017-06-30,45.29951095581055,45.47227431641173,45.25521326483282,45.29951095581055,41400
2017-07-03,45.463412745368736,45.58302022866228,45.423545837402344,45.423545837402344,15600
2017-07-05,45.547571631245056,45.547571631245056,45.27292059452719,45.410247802734375,140000
2017-07-06,45.20647285020893,45.20647285020893,44.86094284057617,44.86094284057617,24200
2017-07-07,45.04700138344992,45.26406239158424,44.980553170434284,45.219764709472656,21600
2017-07-10,45.18875553693522,45.28621246441283,45.07800964292821,45.22862243652344,21600
2017-07-11,45.14446068958003,45.21533630875214,45.04257297363031,45.14002990722656,39800
2017-07-12,45.423542990306615,45.5874481542996,45.423542990306615,45.51213836669922,21000
2017-07-13,46.415818108836845,46.415818108836845,45.53428174733852,45.6273078918457,23400
2017-07-14,45.80893519251004,45.97283695969466,45.69375851146656,45.92853927612305,39800
2017-07-17,46.00384808056795,46.00384808056795,45.78235627143696,45.90639114379883,19800
2017-07-18,45.94182920538367,45.94182920538367,45.72919896790818,45.89310073852539,34600
2017-07-19,45.972841736200714,46.09244921193737,45.932974830753146,46.083587646484375,17400
2017-07-20,46.10573674252373,46.13674546124821,45.91968443017686,46.07029724121094,117800
2017-07-21,45.97283314527692,46.083579034865544,45.910815717483004,46.061431884765625,31600
2017-07-24,46.09245062461604,46.163326251927415,46.00828264871779,46.10573959350586,66200
2017-07-25,46.336082421982034,46.336082421982034,45.98169758098221,46.0880126953125,59200
2017-07-26,46.22534276053982,46.34937764060492,46.021570689047586,46.06586837768555,65800
2017-07-27,46.24748992697174,46.24748992697174,45.645031942214736,45.80007553100586,23000
2017-07-28,46.00827691709871,46.00827691709871,45.80450486688056,45.919681549072266,37800
2017-07-31,46.05700203757859,46.05700203757859,45.82222128763733,45.83551025390625,23000
2017-08-01,45.86653088800686,45.88425064086914,45.77350472025285,45.88425064086914,114800
2017-08-02,45.80450677174203,45.862093425384394,45.62288186612897,45.79121780395508,29600
2017-08-03,45.93739791892023,45.93739791892023,45.80893564919088,45.919681549072266,65400
2017-08-04,45.90196420726078,46.0348572662712,45.90196420726078,46.021568298339844,32200
2017-08-07,46.05257178174004,46.198757171761095,46.03485203328024,46.13230895996094,42400
2017-08-08,45.94182824322487,46.19432875724932,45.84880209381551,45.92853927612305,45000
2017-08-09,45.804497748744375,45.831075679082694,45.68489030282965,45.82664489746094,42200
2017-08-10,45.61846024098416,45.631749210454174,45.2153434753418,45.2153434753418,100800
2017-08-11,45.148880978010304,45.39695405526488,45.148880978010304,45.31278610229492,61600
2017-08-14,45.44125750808318,45.79564235253629,45.44125750808318,45.755775451660156,15800
2017-08-15,45.88866513146881,45.88866513146881,45.64945698438322,45.68046569824219,26800
2017-08-16,45.866521846719614,45.924108497397484,45.8177933808781,45.862091064453125,41600
2017-08-17,45.70262484086001,45.78679282043308,45.2153434753418,45.2153434753418,40000
2017-08-18,45.109020713885585,45.31279276393692,45.00713299901159,45.09130096435547,31800
2017-08-21,45.16218041732635,45.17547276537503,44.98055888369103,45.14889144897461,41800
2017-08-22,45.32164814585867,45.596299177044195,45.32164814585867,45.56085968017578,26800
2017-08-23,45.52099179839979,45.52984998257747,45.432393058141166,45.47226333618164,27600
2017-08-24,45.600751954297074,45.720356089297674,45.46342468261719,45.46342468261719,32000
2017-08-25,45.54313943027671,45.742484063194254,45.54313943027671,45.587440490722656,29600
2017-08-28,45.63175061360663,45.63175061360663,45.4501256794056,45.485565185546875,10200
2017-08-29,45.33936691564189,45.48555230229634,45.233051807027906,45.47226333618164,18800
2017-08-30,45.42796806648225,45.7114772909612,45.42796806648225,45.70704650878906,14800
2017-08-31,45.636167050222824,46.061434262327,45.636167050222824,45.98169708251953,26400
2017-09-01,46.19432588615644,46.19432588615644,46.01270438089209,46.02599334716797,23800
2017-09-05,45.915258425982586,46.06144384933871,45.61846017591813,45.78679275512695,164200
2017-09-06,45.98170281637114,45.98170281637114,45.808939468527704,45.977272033691406,13600
2017-09-07,45.89753388860818,46.13674545288086,45.89753388860818,46.13674545288086,25400
2017-09-08,45.986122111276146,46.225333638351124,45.986122111276146,46.061431884765625,14800
2017-09-11,46.26963285133232,46.65946055860636,46.26963285133232,46.63731002807617,20600
2017-09-12,46.73476265906568,46.779060336357794,46.690464981773566,46.721473693847656,14800
2017-09-13,46.73476695511967,46.73476695511967,46.562003632012,46.57086181640625,16200
2017-09-14,46.59744882748957,46.59744882748957,46.44240185420936,46.5177116394043,14400
2017-09-15,46.508854376599395,46.681617736816406,46.49999619030242,46.681617736816406,49600
2017-09-18,46.63732004593718,46.77907468456901,46.61517289034615,46.681617736816406,25600
2017-09-19,46.694894786773844,46.694894786773844,46.53984784995009,46.55756759643555,21200
2017-09-20,46.71260967747479,46.71260967747479,46.30063487887018,46.486690521240234,20600
2017-09-21,46.446821643681325,46.446821643681325,46.30949783325195,46.30949783325195,15200
2017-09-22,46.16774230199111,46.318355074275715,46.16774230199111,46.26962661743164,10600
2017-09-25,46.18104981338104,46.3272352426227,46.11460158375325,46.22977828979492,23800
2017-09-26,46.44023284067293,46.44023284067293,46.275597282075886,46.29339599609375,17800
2017-09-27,46.48918584497701,46.48918584497701,46.128767769652704,46.40019226074219,23000
2017-09-28,46.36014275988442,46.43133422493738,46.266702052451166,46.426883697509766,17400
2017-09-29,46.48472539178524,46.511421763976486,46.39128469435847,46.49807357788086,38000
2017-10-02,46.67160503196324,46.7516975402832,46.58706199685958,46.7516975402832,31800
2017-10-03,46.85848438485618,46.85848438485618,46.69829937517264,46.7427978515625,44600
2017-10-04,46.67160722834661,46.92523295083602,46.67160722834661,46.86738967895508,23600
2017-10-05,47.06317977259712,47.152173359544314,46.98308724172375,47.112125396728516,34600
2017-10-06,47.10322763893547,47.107678166963275,47.018684580198354,47.08097839355469,24400
2017-10-09,47.116577991652214,47.16552361793074,46.96974111281664,46.99644088745117,17200
2017-10-10,47.08988392355062,47.16107540496813,47.04093829486922,47.09878158569336,23800
2017-10-11,47.21445566759172,47.21445566759172,47.0676188309794,47.156612396240234,16400
2017-10-12,47.16107450641965,47.33460777034432,47.16107450641965,47.2634162902832,27000
2017-10-13,47.31679307321352,47.485879146432076,47.31679307321352,47.4146842956543,19400
2017-10-16,47.52592570059759,47.52592570059759,47.41023915535944,47.468082427978516,21600
2017-10-17,47.52148468248747,47.52148468248747,47.294555300349096,47.37019729614258,18000
2017-10-18,47.55262567491505,47.55707280722684,47.47698029376736,47.53037643432617,13400
2017-10-19,47.2411481653789,47.494773864746094,47.2411481653789,47.494773864746094,11400
2017-10-20,47.6282696032923,47.80180282373719,47.6282696032923,47.75285720825195,28600
2017-10-23,47.76621207306085,47.85520565672896,47.63717392281066,47.641624450683594,12200
2017-10-24,47.97533578810415,47.97533578810415,47.784003854435205,47.85964584350586,24800
2017-10-25,47.770667747112675,47.84185922695829,47.459198657615985,47.67722702026367,21000
2017-10-26,47.93084611235495,47.957542489216124,47.78845977783203,47.78845977783203,16400
2017-10-27,47.88635339353906,48.108832264434,47.85075595945391,47.96644592285156,62000
2017-10-30,47.88634866624072,47.979789375421234,47.72171309591821,47.81070327758789,20200
2017-10-31,48.019835002834796,48.019835002834796,47.92194376397425,47.95309066772461,16000
2017-11-01,48.059882961804064,48.22006800816535,47.917496631122695,47.95309066772461,21400
2017-11-02,47.82405601896316,47.997589253754455,47.761758816575444,47.98423767089844,24400
2017-11-03,48.09101948187819,48.13996509074027,48.006476449342394,48.09546661376953,14000
2017-11-06,47.9708882170515,48.05098073828479,47.95308950180435,48.02428436279297,34200
2017-11-07,48.10882971019154,48.14887427534263,47.91749775558996,47.926395416259766,26200
2017-11-08,47.85519862160278,48.091025642828,47.85519862160278,48.07322692871094,57600
2017-11-09,48.00648167592723,48.00648167592723,47.543725302058895,47.792903900146484,25200
2017-11-10,47.65941224284088,47.85964181937047,47.65941224284088,47.79734802246094,79600
2017-11-13,47.739502484119846,47.91748620744354,47.70390506050367,47.89523696899414,27400
2017-11-14,47.81515988848926,47.95754623413086,47.6683230147706,47.95754623413086,22400
2017-11-15,47.775115823270404,47.775115823270404,47.55708407705536,47.6683235168457,31000
2017-11-16,47.80180647040224,48.22896546060392,47.80180647040224,48.13552474975586,45800
2017-11-17,48.17113212983145,48.17113212983145,47.9886978032892,48.03764343261719,41000
2017-11-20,48.037621769640154,48.19780677615702,47.984225635882176,48.04207229614258,21400
2017-11-21,48.29571961850122,48.29571961850122,48.09993710180352,48.251224517822266,39800
2017-11-22,48.331311913502546,48.331311913502546,48.180024513583895,48.21562194824219,8000
2017-11-24,48.42028892576109,48.42028892576109,48.12661865666047,48.255653381347656,20200
2017-11-27,48.091030910821445,48.344656673946425,48.091030910821445,48.340206146240234,26600
2017-11-28,48.32685510848001,48.736215369605446,48.32685510848001,48.696170806884766,670000
2017-11-29,48.80741598812947,48.80741598812947,48.62053115577705,48.673927307128906,34400
2017-11-30,48.75400638166517,49.181165290318376,48.75400638166517,49.03432846069336,35200
2017-12-01,48.998744203621364,49.07438619951201,48.34465582734334,48.949798583984375,41800
2017-12-04,49.38140132512447,49.38140132512447,48.97648823549851,48.98538589477539,68600
2017-12-05,48.91419820006455,49.06993271007412,48.785160064697266,48.785160064697266,25400
2017-12-06,48.6516623582895,48.834096603787046,48.6516623582895,48.718406677246094,58000
2017-12-07,48.762905085607684,48.89639373262939,48.762905085607684,48.807403564453125,38600
2017-12-08,48.92310225665568,49.065488597960936,48.92310225665568,49.02544403076172,107000
2017-12-11,49.145564550446416,49.247906290032844,49.08772128574965,49.23455810546875,15600
2017-12-12,49.37695790996329,49.37695790996329,49.2034246736314,49.24346923828125,22400
2017-12-13,49.21232233418983,49.417002474613135,49.07883705726573,49.24346923828125,20800
2017-12-14,49.50153846364091,49.50153846364091,49.061031341552734,49.061031341552734,34400
2017-12-15,49.18117627175283,49.652830368853856,49.18117627175283,49.56829071044922,47000
2017-12-18,49.724027241987194,49.94650611107886,49.724027241987194,49.82191848754883,50800
2017-12-19,49.8455915933778,50.06897418605378,49.6936930664611,49.698158264160156,28800
2017-12-20,50.037699371677135,50.042167977800126,49.61773901835813,49.7115592956543,70000
2017-12-21,49.742834185743774,49.93494335211438,49.7160293653123,49.73836898803711,26400
2017-12-22,49.774109555732835,49.774109555732835,49.61773901835813,49.7115592956543,16000
2017-12-26,49.72049736715574,49.72049736715574,49.63114228589058,49.640079498291016,36400
2017-12-27,49.69815210153902,49.800909581189,49.662413481638865,49.72496032714844,17800
2017-12-28,49.729436103145055,49.81432258662898,49.70709988702434,49.796451568603516,28200
2017-12-29,49.93941818365221,49.93941818365221,49.622215270996094,49.622215270996094,102200
2018-01-02,50.05109918452131,50.05109918452131,49.69815430716915,49.818782806396484,54400
2018-01-03,50.01982780821351,50.149390115979855,49.9528123512933,50.12258529663086,17400
2018-01-04,50.30130179714443,50.43086413880764,50.292367991206696,50.377254486083984,54400
2018-01-05,50.54254789109732,50.73465707120142,50.4934034444278,50.72572326660156,33400
2018-01-08,50.6810431256239,50.97590637207031,50.649769699356135,50.97590637207031,39400
2018-01-09,51.16801912268822,51.190358746680246,50.96697614095224,51.05632781982422,24200
2018-01-10,50.79273032574477,50.913355414896266,50.73018347825177,50.837406158447266,24600
2018-01-11,50.962499157208,51.16801071166992,50.877612690249656,51.16801071166992,12200
2018-01-12,51.20823407315512,51.62372589111328,51.20823407315512,51.62372589111328,32600
2018-01-16,51.94539248695117,52.04814999098645,51.382470743778505,51.46735382080078,77000
2018-01-17,51.8471044477996,52.14196771659279,51.67733148500988,52.01240539550781,23600
2018-01-18,52.003464424270106,52.03026924268052,51.82922628750719,51.8515625,51600
2018-01-19,51.89178548062376,52.231328031635265,51.89178548062376,52.21792221069336,28600
2018-01-22,52.12409341930611,52.66914749145508,52.1196282216017,52.66914749145508,32600
2018-01-23,52.63340881261269,52.7808421514019,52.615537795012656,52.74063491821289,24800
2018-01-24,53.12932193835773,53.12932193835773,52.50831852258373,52.651283264160156,71800
2018-01-25,52.95061162325028,52.95508022978035,52.58426428439081,52.70042419433594,40200
2018-01-26,52.932735499127105,53.254403538036506,52.87465384922389,53.24100112915039,35200
2018-01-29,53.08463417357969,53.18292305044184,52.87465401092826,52.94166946411133,24800
2018-01-30,52.552988083187266,52.64680836408038,52.33854270073098,52.41896057128906,26000
2018-01-31,52.62893140281457,52.63786520526758,52.12855325176366,52.383209228515625,40800
2018-02-01,52.1866330856015,52.544046548507396,52.159828268875145,52.289390563964844,27600
2018-02-02,51.891771462333864,51.949849703198915,51.1322686825772,51.16801071166992,108000
2018-02-05,50.78826433848464,51.33778699384588,49.29160171022605,49.30500411987305,67600
2018-02-06,48.272980538125175,49.99302585199743,47.982582480538134,49.75624084472656,80800
2018-02-07,50.11364978463782,50.56488357409154,49.774110699538966,49.7785758972168,174600
2018-02-08,49.70262539020068,49.912605566430294,48.116607666015625,48.116607666015625,46000
2018-02-09,48.50529843263584,48.84930614258377,47.17840522124749,48.71527862548828,46000
2018-02-12,49.028002579417326,49.57752516854015,48.78674900920832,49.34074020385742,84200
2018-02-13,49.03247791390277,49.46137207250661,48.92078662024923,49.412227630615234,25400
2018-02-14,48.992278165394026,50.104722665659764,48.992278165394026,50.10025405883789,44400
2018-02-15,50.35490271416413,50.62296113877978,50.15832494545702,50.61849594116211,24800
2018-02-16,50.24321063780098,51.10546755273417,50.24321063780098,50.81953811645508,16000
2018-02-20,50.55148726509696,50.93123703496379,50.44426456257476,50.60063171386719,33000
2018-02-21,50.63190605499841,50.97591379403049,50.23875045776367,50.23875045776367,21600
2018-02-22,50.31470235044652,50.76593278684942,50.31470235044652,50.350440979003906,30200
2018-02-23,50.60062449043865,51.08759689331055,50.55594865481106,51.08759689331055,43200
2018-02-26,51.34226157063504,51.73094856414263,51.235038865323695,51.713077545166016,24200
2018-02-27,51.5835189849838,51.86051468654844,51.14569091796875,51.14569091796875,38400
2018-02-28,51.342256668388416,51.43607695264627,50.64977264404297,50.64977264404297,37200
2018-03-01,50.74804945789233,50.74804945789233,49.61773422486563,49.903663635253906,97000
2018-03-02,49.57752852128686,50.153855965447605,49.385419373233276,50.14938735961914,67400
2018-03-05,50.06898888972814,50.80615234375,49.970699974718706,50.80615234375,18400
2018-03-06,50.81059965644117,50.886548910372866,50.59168228892402,50.80166244506836,22000
2018-03-07,50.37725052994532,51.00272256147561,50.37725052994532,50.935707092285156,34800
2018-03-08,51.01165198038823,51.22610078164826,50.949105123468236,51.05632781982422,38200
2018-03-09,51.33778831269113,51.99006506446792,51.33778831269113,51.9632568359375,31600
2018-03-12,52.0615354139448,52.213437317052374,51.91857072142734,51.94091033935547,17000
2018-03-13,52.061555753768424,52.284938386134066,51.57011464427371,51.62819290161133,25000
2018-03-14,51.77560149573815,51.8560193412725,51.284160621271276,51.373512268066406,20400
2018-03-15,51.54329941671409,51.57457284259177,51.18588591364247,51.34672164916992,29600
2018-03-16,51.42266526673021,51.51202033696455,51.36011842183988,51.431602478027344,12800
2018-03-19,51.168011861345526,51.373523420425016,50.51573515421127,50.76592254638672,32200
2018-03-20,50.78827177415817,50.944638923845744,50.76146695093979,50.8508186340332,23600
2018-03-21,50.98037623028244,51.0875989217555,50.64977094325422,50.7033805847168,29000
2018-03-22,50.516134760001904,50.516134760001904,49.33352795940125,49.378326416015625,36800
2018-03-23,49.40519001929136,49.40519001929136,48.37936782836914,48.37936782836914,43800
2018-03-26,48.89453006744335,49.772525787353516,48.89453006744335,49.772525787353516,37000
2018-03-27,49.92931408048815,49.96515148029573,48.78702515717234,48.943809509277344,32800
2018-03-28,48.90796885870858,49.21257990154142,48.71534711959895,48.809417724609375,28600
2018-03-29,49.07818065634207,49.835229277894264,48.89003948739209,49.660526275634766,65800
2018-04-02,49.75460076884341,49.75460076884341,47.82390653609179,48.088199615478516,29800
2018-04-03,48.5585624962129,48.98860100989819,48.33906441912862,48.96620178222656,48600
2018-04-04,48.48241732975006,49.59334945678711,48.06581692770046,49.59334945678711,32800
2018-04-05,49.90691482293415,50.077137333803066,49.72773125391079,49.88899612426758,13400
2018-04-06,49.63367636143463,49.723266465486255,48.59441543327615,48.778076171875,23000
2018-04-09,49.1946642364529,49.7008546901452,49.069236755371094,49.069236755371094,42400
2018-04-10,49.56647129352556,49.96515297983306,49.56647129352556,49.839725494384766,21400
2018-04-11,49.48134072792149,49.83970777405131,49.48134072792149,49.63364791870117,17400
2018-04-12,49.911395949625486,50.162254333496094,49.85764326694382,50.162254333496094,21800
2018-04-13,50.310072163002836,50.310072163002836,49.71429168293481,49.875553131103516,31600
2018-04-16,50.202562841563726,50.534050209812804,50.059216675485025,50.40862274169922,40400
2018-04-17,50.632605705976694,51.02681025991801,50.632605705976694,50.89242172241211,31200
2018-04-18,51.00440636456135,51.16567122775679,50.910335763971034,50.964088439941406,25400
2018-04-19,50.92378504572703,50.92378504572703,50.43999035056537,50.605735778808594,19800
2018-04-20,50.43998824859175,50.48926382202567,49.929317230860924,50.054744720458984,16200
2018-04-23,50.26527797530507,50.48029893923167,50.068175709842535,50.20256423950195,20000
2018-04-24,50.38623204984233,50.38623204984233,49.30665345688412,49.49927520751953,77400
2018-04-25,49.48581865012274,49.62916477749834,49.190165339987345,49.52165603637695,15000
2018-04-26,49.844193020147706,50.14432692276834,49.59333809749594,49.960662841796875,23400
2018-04-27,50.090588621325,50.24289589105653,49.889009189409705,50.104026794433594,18800
2018-04-30,50.26975918689061,50.37278743240509,49.71877030897647,49.8262825012207,20800
2018-05-01,49.57540575852296,49.6739568560578,49.26631771892132,49.6291618347168,21000
2018-05-02,49.90243554903679,49.90243554903679,49.378326416015625,49.378326416015625,20000
2018-05-03,49.2170625566594,49.3514476763469,48.54512670529449,49.172264099121094,47000
2018-05-04,49.12298969889398,50.036819407392706,49.05131490422771,49.88899612426758,26800
2018-05-07,49.98754630214485,50.224966507937076,49.960669961642616,50.06370162963867,29400
2018-05-08,49.92035809318577,50.07266192094991,49.70981763439431,49.924835205078125,26400
2018-05-09,50.19361672154809,50.50270493387036,49.95619648225071,50.34592056274414,40800
2018-05-10,50.596759822542296,50.89689371695795,50.457894196676634,50.816261291503906,23800
2018-05-11,50.9864889570594,50.9864889570594,50.70427714814623,50.820743560791016,22600
2018-05-14,50.94617444906134,51.07160191968942,50.77146799480966,50.820743560791016,42200
2018-05-15,50.74459453727185,50.74459453727185,50.216004868440166,50.37726974487305,46400
2018-05-16,50.368308123726045,50.62364358829345,50.368308123726045,50.471336364746094,31400
2018-05-17,50.431028414599,50.69532155367109,50.431028414599,50.489261627197266,13800
2018-05-18,50.47134518397116,50.47134518397116,50.2921615910463,50.39071273803711,19800
2018-05-21,50.7849087955898,50.87897939710456,50.62812104208966,50.68187713623047,26200
2018-05-22,50.914822790563406,50.914822790563406,50.46686553955078,50.46686553955078,26000
2018-05-23,50.38623045033221,50.784912109375,50.35935069268676,50.784912109375,35000
2018-05-24,50.54300500118007,50.73114618002428,50.33694512659235,50.63259506225586,26600
2018-05-25,50.4623899794094,50.61917434917471,50.39071517172072,50.5654182434082,139200
2018-05-29,50.33247958260939,50.36383645508527,49.73221505824464,49.99203109741211,31800
2018-05-30,50.15329517504258,50.713241758478176,50.15329517504258,50.619171142578125,65600
2018-05-31,50.52509465545655,50.52509465545655,50.07713744076252,50.2249641418457,21800
2018-06-01,50.43102470637181,50.825225830078125,50.43102470637181,50.825225830078125,28800
2018-06-04,51.14775630047122,51.14775630047122,50.94169638622912,50.99544906616211,51600
2018-06-05,51.049210601778604,51.11640487649516,50.92826364140303,51.06264877319336,26200
2018-06-06,51.25526728995812,51.51508331298828,51.10744057847794,51.51508331298828,81200
2018-06-07,51.57331107481609,51.79728967424789,51.32693666602643,51.44788360595703,37600
2018-06-08,51.38963940405386,51.62705612182617,51.38963940405386,51.62705612182617,16800
2018-06-11,51.6942680417529,51.95408407054667,51.6942680417529,51.833133697509766,35200
2018-06-12,51.824175936913775,51.97199923369051,51.824175936913775,51.89584732055664,18000
2018-06-13,51.927210338910776,51.96752827381741,51.743549619749324,51.76594543457031,28800
2018-06-14,51.77489880520437,51.89584575667563,51.71218506479076,51.79729461669922,25400
2018-06-15,51.51956437556619,51.82865255464593,51.45685063386058,51.77937698364258,30000
2018-06-18,51.4747559466217,51.761448239183196,51.389642997453166,51.75248718261719,27200
2018-06-19,51.20150377247786,51.45235868361843,51.14774768395837,51.38068389892578,23000
2018-06-20,51.685305278470636,51.685305278470636,51.40757397611487,51.429969787597656,21800
2018-06-21,51.465796643368364,51.582266459202344,50.98648263000916,51.076072692871094,22600
2018-06-22,51.21047234318401,51.23287157259229,51.058168519663965,51.085044860839844,57400
2018-06-25,51.12088071787324,51.12088071787324,50.260800232136525,50.58781051635742,82800
2018-06-26,50.779496154022446,50.846992848833764,50.5410108076437,50.595008850097656,46400
2018-06-27,50.675998800051914,51.044976801628245,50.28002006361204,50.29801940917969,64000
2018-06-28,50.26202491471546,50.61300703305385,50.09553696210595,50.491512298583984,32000
2018-06-29,50.77949684528827,51.125978281291616,50.761497497558594,50.761497497558594,24200
2018-07-02,50.527511288822424,50.74799728393555,50.32502120786084,50.74799728393555,32400
2018-07-03,51.058482872254224,51.058482872254224,50.50951476825077,50.51851272583008,17200
2018-07-05,50.784012861020194,50.96850022311266,50.581526145767995,50.950504302978516,74800
2018-07-06,51.107973674606356,51.41395568847656,50.95498095115915,51.41395568847656,15600
2018-07-09,51.539940342931764,51.70193099975586,51.49044300706753,51.70193099975586,38400
2018-07-10,51.79193452709388,51.95392521595765,51.79193452709388,51.913429260253906,26800
2018-07-11,51.638941628581016,51.701937621745174,51.472450256347656,51.472450256347656,22400
2018-07-12,51.656944575057,51.95842591093287,51.656944575057,51.913429260253906,22000
2018-07-13,52.01692732474748,52.16541937915566,51.926934012816645,52.06192398071289,15600
2018-07-16,52.09792814398539,52.09792814398539,51.81444609194251,51.85044479370117,19000
2018-07-17,51.85943083105416,52.1969108581543,51.69293944846266,52.1969108581543,25000
2018-07-18,52.043922558917856,52.169914555502,52.016921821775234,52.142913818359375,29000
2018-07-19,51.97643861368841,52.19242396565683,51.953938566055115,52.12042999267578,77000
2018-07-20,51.99443375868451,52.10242642593179,51.90443700845761,51.95843505859375,16800
2018-07-23,51.755943656159914,51.980930376585455,51.755943656159914,51.949432373046875,24000
2018-07-24,52.115918253954206,52.31840490764884,51.9359282101009,52.03042221069336,23200
2018-07-25,52.160913710432794,52.70088382960936,52.05742175488213,52.687381744384766,35000
2018-07-26,52.63789379910069,52.930373784665505,52.63789379910069,52.73688507080078,23400
2018-07-27,52.89887427178067,52.89887427178067,52.088924173832446,52.24641418457031,34000
2018-07-30,52.2554144501466,52.2554144501466,51.86843701637268,51.949432373046875,33200
2018-07-31,52.03492498821962,52.408403743381925,51.98992833371174,52.39490509033203,29800
2018-08-01,52.538900129420156,52.538900129420156,52.15192269406705,52.2374153137207,46800
2018-08-02,51.908928218501494,52.65588222725052,51.908928218501494,52.64238357543945,29400
2018-08-03,52.62888298306391,52.95736504146026,52.62888298306391,52.9123649597168,34000
2018-08-06,52.952867118456716,53.168855849848654,52.862873816307655,52.99786376953125,40400
2018-08-07,53.08336905038468,53.3083557779472,53.07436765878817,53.23186111450195,22200
2018-08-08,53.20935140771637,53.20935140771637,53.01136202484078,53.087860107421875,22400
2018-08-09,53.18684709989635,53.18684709989635,52.925865173339844,52.925865173339844,18400
2018-08-10,52.69638239540196,52.73238108944703,52.367900320033414,52.552391052246094,23400
2018-08-13,52.642368006787954,52.66936873544917,52.25989144215038,52.3228874206543,28600
2018-08-14,52.39489660761258,52.62888123298632,52.39489660761258,52.54788589477539,19000
2018-08-15,52.25991937856277,52.25991937856277,51.8864405684807,52.111427307128906,21800
2018-08-16,52.47139285320284,52.73687548304053,52.47139285320284,52.52988815307617,23200
2018-08-17,52.67387180822648,52.97085582510643,52.48938454597198,52.87636184692383,30600
2018-08-20,52.898873484828705,53.110361538826815,52.862878220784644,53.03386688232422,19000
2018-08-21,53.22736011497879,53.22736011497879,53.006874084472656,53.006874084472656,19800
2018-08-22,52.903368298730356,53.087859025928644,52.903368298730356,52.92136764526367,21800
2018-08-23,52.78638642283931,53.09686921427045,52.75938911333229,52.862884521484375,78600
2018-08-24,53.01586336944568,53.29034740524133,52.91686867679487,53.28584671020508,74400
2018-08-27,53.51082378366239,53.62331710818221,53.39833045914257,53.587318420410156,25600
2018-08-28,53.83931961101097,53.83931961101097,53.52883685713308,53.542335510253906,21200
2018-08-29,53.56033792796206,53.86181930835226,53.56033792796206,53.852821350097656,37200
2018-08-30,53.627822555943865,53.767313192145174,53.3623365013722,53.371337890625,58600
2018-08-31,53.45234756557762,53.68633225354714,53.36235081403161,53.55583953857422,47400
2018-09-04,53.41185147455604,53.43885221820332,53.177866772106206,53.29486083984375,80000
2018-09-05,53.195866123529306,53.407354211469205,53.14636876537209,53.29486083984375,34800
2018-09-06,53.30384674952974,53.36234205366282,53.051862752618625,53.25885009765625,36000
2018-09-07,52.92137036842584,53.204852366607966,52.84937297858781,53.03836441040039,20600
2018-09-10,53.21384742509782,53.39833470681332,53.21384742509782,53.2408447265625,17400
2018-09-11,53.21835538482524,53.44784279247981,53.02936737053312,53.29935073852539,20000
2018-09-12,53.384847940714195,53.44784394683881,53.276855277789835,53.40284729003906,17600
2018-09-13,53.609827213749085,53.79431794394291,53.56032986823486,53.722320556640625,23000
2018-09-14,53.69532523816697,53.89781188964844,53.69532523816697,53.89781188964844,17000
2018-09-17,53.75382325078461,53.86181590814694,53.52433584999307,53.5693359375,36800
2018-09-18,53.641334533691406,53.86632125857042,53.50184386283441,53.641334533691406,75000
2018-09-19,53.62333182999757,53.897815891825026,53.62333182999757,53.77182388305664,24200
2018-09-20,54.00130699511725,54.46927972834696,54.00130699511725,54.37028503417969,34800
2018-09-21,54.57727229073522,54.595271638102155,54.41528159745728,54.43328094482422,19600
2018-09-24,54.41978513337253,54.41978513337253,54.00580698837151,54.20379638671875,31400
2018-09-25,54.22179909531645,54.23979844473846,54.001313072690344,54.073307037353516,17600
2018-09-26,54.24767036078205,54.3741562948382,53.863704681396484,53.863704681396484,28800
2018-09-27,54.008255393852174,54.315428619845534,53.926944732666016,53.926944732666016,31000
2018-09-28,53.94953215063123,54.11667168861617,53.86370327350528,53.917911529541016,29200
2018-10-01,54.3154296875,54.45094860760384,54.11215475373353,54.3154296875,15400
2018-10-02,54.252186000564635,54.37866848222444,54.09408289848989,54.121185302734375,20400
2018-10-03,54.31994790387394,54.4464303912299,54.13925715919858,54.3154296875,24400
2018-10-04,54.03082840408063,54.03082840408063,53.43906974730476,53.66493225097656,26600
2018-10-05,53.85466618941418,53.86369917487152,53.15900913197477,53.5068359375,25800
2018-10-08,53.326149623707806,53.484252719993776,53.02349118637293,53.43456268310547,11800
2018-10-09,53.28098355116735,53.30808940548621,53.10481100684807,53.10932922363281,14000
2018-10-10,52.85635480556163,53.06866615354031,51.338558197021484,51.338558197021484,71600
2018-10-11,51.18497290692163,51.54183616990776,50.028557687596894,50.36735153198242,187000
2018-10-12,51.19852683480577,51.514736507565736,50.286043548429674,50.932010650634766,73600
2018-10-15,50.913945643946334,51.103669396212645,50.724221891680024,50.900394439697266,57000
2018-10-16,51.23917979629283,51.73607673219601,50.92297359518784,51.6954231262207,63600
2018-10-17,51.70897732178983,52.04777117675424,51.09914907213176,51.496665954589844,161000
2018-10-18,51.230135856998416,51.29789185247047,50.48027067414955,50.66999435424805,42600
2018-10-19,50.9591045722541,51.0901052574791,50.52093069838844,50.73324203491211,24600
2018-10-22,51.11268572290731,51.11268572290731,50.28602812501368,50.52092361450195,17000
2018-10-23,49.689759825180545,50.42607048007184,49.19286291620652,50.1776237487793,62800
2018-10-24,50.0782449808873,50.20020924176639,48.68693084244289,48.849552154541016,41600
2018-10-25,49.0302296062746,50.109852029758066,49.0302296062746,49.66716003417969,39400
2018-10-26,49.08444799338721,49.721378552987474,48.67337652346993,49.1793098449707,33800
2018-10-29,49.57230912729556,49.9788623870404,48.65078955400355,48.65530776977539,43200
2018-10-30,49.007641978782246,49.66716003417969,48.67788467427757,49.66716003417969,59000
2018-10-31,50.353802099028705,50.584182886295274,50.091800689697266,50.091800689697266,13600
2018-11-01,50.13695869607487,50.7422720112694,50.10533808272512,50.66999435424805,41600
2018-11-02,51.07656044578797,51.07656044578797,49.98790467174269,50.335731506347656,54400
2018-11-05,50.32669318387011,50.75583063444231,50.27700314899684,50.66096878051758,225000
2018-11-06,50.8597241198987,50.92296880055403,50.670000417099075,50.85520935058594,469400
2018-11-07,51.55987964258398,52.07032753722419,51.2527065737276,52.06129455566406,43600
2018-11-08,52.03872152941606,52.129068602297686,51.83996486185336,51.95289611816406,49600
2018-11-09,52.10196017816326,52.10196017816326,51.12623596405967,51.53730392456055,156800
2018-11-12,51.41534983214844,51.41534983214844,50.548038482666016,50.548038482666016,39000
2018-11-13,50.922968318911124,51.248207472181946,50.44865562000944,50.61579513549805,45600
2018-11-14,51.06299331372236,51.23464756932533,50.21826634121714,50.23633575439453,33600
2018-11-15,50.00596797567032,51.02686768266965,49.86141607925893,50.8642463684082,79400
2018-11-16,50.7151775087467,51.189490261457664,50.629352079825125,51.12173080444336,189000
2018-11-19,51.026859337657086,51.026859337657086,50.11889105591937,50.123409271240234,29200
2018-11-20,49.61297767142344,49.86594267103529,49.23804494243468,49.46842575073242,69200
2018-11-21,50.064699406959214,50.064699406959214,49.563284212691656,49.56780242919922,41000
2018-11-23,49.34193627212323,49.7620407707113,49.34193627212323,49.57683181762695,13000
2018-11-26,50.17761077102202,50.2815055847168,49.82526584390401,50.2815055847168,178000
2018-11-27,50.078245323346415,50.353797912597656,49.97886524900806,50.353797912597656,26600
2018-11-28,50.59321783635822,51.27983856201172,50.227321560207756,51.27983856201172,39000
2018-11-29,51.18948078690579,51.397273889270956,50.968136484923754,51.11720657348633,35800
2018-11-30,51.19400356478284,51.58248740490212,50.9997616447232,51.546348571777344,51400
2018-12-03,52.22846001920244,52.39559610920654,51.84900912334418,52.223941802978516,71200
2018-12-04,52.147144892445034,52.147144892445034,50.52996826171875,50.52996826171875,67200
2018-12-06,49.95628042306185,50.466732025146484,49.2290061351587,50.466732025146484,89200
2018-12-07,50.20021467368729,50.57062915879399,49.098007651344325,49.2967643737793,164200
2018-12-10,49.328385785208134,49.4503535076241,48.452041323828944,49.355491638183594,100800
2018-12-11,50.00597598324137,50.04211482472848,49.02121495425012,49.32838821411133,75000
2018-12-12,49.88400645355802,50.24990270755235,49.52262496948242,49.52262496948242,97200
2018-12-13,50.04211096154176,50.04211096154176,49.33742083889236,49.54973220825195,91200
2018-12-14,49.061868109450465,49.35549014199259,48.610142965967,48.72759246826172,47400
2018-12-17,48.63500134894086,48.698540638523866,47.287054275042735,47.495826721191406,196400
2018-12-18,47.95874994382324,48.16752236219066,47.259814388785635,47.58658981323242,211000
2018-12-19,47.78630385290369,48.27192765473466,46.538204940824514,46.942134857177734,120600
2018-12-20,46.74696258311382,46.80596235730253,45.721251560782534,46.057106018066406,229000
2018-12-21,46.13427543954408,46.84228681163302,44.96333089137207,45.340030670166016,620200
2018-12-24,45.02232020485837,45.02232020485837,43.987533528788724,43.996612548828125,78600
2018-12-26,44.250767218043805,46.129722595214844,43.92399176764338,46.129722595214844,292800
2018-12-27,45.612334680321894,46.50642776489258,44.88616885057447,46.50642776489258,170600
2018-12-28,46.81959460037485,47.0828273691642,46.152428462606906,46.41112518310547,308400
2018-12-31,46.73333913314862,46.86949323284262,46.36117905377597,46.81049346923828,153600
2019-01-02,46.220504225271306,46.819595017694496,46.1433498520528,46.67435836791992,110800
2019-01-03,46.470131256915046,46.470131256915046,45.458038330078125,45.458038330078125,50000
2019-01-04,46.19781220184776,47.15090518012687,46.14788797065213,47.02836608886719,140200
2019-01-07,47.13727281502834,47.80897474035195,46.982960667233925,47.53666305541992,84000
2019-01-08,47.849841169479205,48.09492281573325,47.450450780749776,48.0313835144043,121600
2019-01-09,48.32184521595199,48.412614648334994,48.12668781995981,48.199302673339844,54600
2019-01-10,48.03137378222362,48.448918667105275,47.89067667553298,48.39899444580078,141200
2019-01-11,48.08129716422919,48.467072398149554,48.08129716422919,48.430763244628906,74800
2019-01-14,48.103987762434535,48.27191500040397,48.06314256171929,48.14483642578125,127600
2019-01-15,48.099461369118075,48.66223951081427,48.099461369118075,48.64408493041992,80200
2019-01-16,48.821077540806286,48.907310913969376,48.71215354387442,48.74392318725586,47400
2019-01-17,48.453454782869876,49.297623513353585,48.453454782869876,49.12062072753906,154600
2019-01-18,49.43832815927502,49.94664600715609,49.36117379189001,49.855873107910156,91800
2019-01-22,49.433783611157025,49.62894099635841,48.816541809712255,49.184165954589844,121200
2019-01-23,49.2930874585873,49.56993869942033,48.748463996775975,49.27039337158203,118400
2019-01-24,49.27040521028278,49.32940846562119,49.143326602834435,49.261329650878906,51600
2019-01-25,49.66979178933804,49.878564251320356,49.59263396387983,49.81956100463867,44600
2019-01-28,49.497317395343075,49.497317395343075,49.156926886654844,49.38839340209961,143000
2019-01-29,49.406546710693526,49.579009984124234,49.24315899370392,49.288543701171875,186400
2019-01-30,49.7333221493781,50.24163641327721,49.4292408004197,50.02832794189453,45000
2019-01-31,49.98749315848855,50.582040955480785,49.93756892762011,50.51396560668945,71600
2019-02-01,50.45949933889,50.74542617739592,50.38234497236758,50.604732513427734,86600
2019-02-04,50.54572592837819,51.0131950378418,50.50941677396917,51.0131950378418,128000
2019-02-05,51.131202312307295,51.34905033162257,51.049508439406104,51.28097152709961,56400
2019-02-06,51.31273816338381,51.344507808612846,51.17204451488833,51.258277893066406,59800
2019-02-07,50.84980941273347,51.12666066696913,50.541188512731345,50.790809631347656,87200
2019-02-08,50.541180511740116,50.80441665649414,50.4141019487916,50.80441665649414,83400
2019-02-11,51.01319930756884,51.08127811212596,50.87250218811564,50.99050521850586,45000
2019-02-12,51.31273819102499,51.70759246419708,51.29458361336553,51.684898376464844,46200
2019-02-13,51.884579522661795,51.98442793817199,51.77565555239185,51.85734939575195,54800
2019-02-14,51.653135878423285,51.8936780060894,51.50336665161464,51.71213912963867,150800
2019-02-15,52.06158916837928,52.18413168096545,52.020743972604585,52.17051315307617,34600
2019-02-19,52.16597287637103,52.470054184584306,52.147818303288496,52.338436126708984,51800
2019-02-20,52.424682637508774,52.51999157313378,52.23406130362713,52.420143127441406,65800
2019-02-21,52.37474527287406,52.46551467565598,52.147818303288496,52.338436126708984,52400
2019-02-22,52.54268005204987,52.683377157338406,52.48821978399242,52.651607513427734,36200
2019-02-25,52.98746325186933,53.046463035067006,52.746921146160304,52.75599670410156,87600
2019-02-26,52.75599033082501,52.89214792191772,52.678835978433774,52.71060562133789,69200
2019-02-27,52.67430449091637,52.892155977316904,52.515456252203435,52.84223175048828,77800
2019-02-28,52.70154233689637,52.846775518653835,52.62438450390631,52.683387756347656,68000
2019-03-01,53.13269257404548,53.150847151246595,52.78322648516068,53.04645919799805,38600
2019-03-04,53.29609098680647,53.382324380135145,52.36568862892706,52.79231262207031,50800
2019-03-05,52.8603854943397,52.8603854943397,52.62891894293997,52.72876739501953,56800
2019-03-06,52.737829737572945,52.737829737572945,52.32028491771956,52.36113357543945,64000
2019-03-07,52.27490398453086,52.27490398453086,51.807434917424864,51.925437927246094,73200
2019-03-08,51.64859518259253,51.88459777832031,51.476128417799345,51.88459777832031,64600
2019-03-11,52.10699107748081,52.70154233689637,52.10699107748081,52.683387756347656,84800
2019-03-12,52.82406952460951,52.99653280701328,52.81045445792387,52.846763610839844,83000
2019-03-13,53.05553737428802,53.42315803452847,53.05553737428802,53.22346115112305,77800
2019-03-14,53.30061342298789,53.38684332606084,53.191685972846585,53.29607391357422,53400
2019-03-15,53.45038599503207,53.76808588413345,53.41408030531503,53.60923767089844,46000
2019-03-18,53.75447760675851,53.840707526187444,53.58655035291181,53.78624725341797,42800
2019-03-19,54.00863179914054,54.05401651148745,53.59108690533843,53.75447463989258,58800
2019-03-20,53.7981956975366,53.948483545673426,53.370107777219545,53.6069221496582,98600
2019-03-21,53.342783426645255,54.29915816754194,53.342783426645255,54.20351791381836,48800
2019-03-22,54.048676586688664,54.048676586688664,53.16972510338548,53.19249725341797,245400
2019-03-25,53.18337492297074,53.265349780107925,52.882802763162076,53.12417221069336,79600
2019-03-26,53.520391025603196,53.711668044002394,53.28813178286623,53.50672912597656,64600
2019-03-27,53.64336788708691,53.68435359575856,52.992123877808034,53.2380485534668,93200
2019-03-28,53.37920975155772,53.62513435151606,53.30179000931394,53.54315948486328,48400
2019-03-29,53.902936367057634,53.902936367057634,53.67978392083795,53.852840423583984,51600
2019-04-01,54.18530294466342,54.58151195168254,54.18530294466342,54.54963302612305,155200
2019-04-02,54.61338890539599,54.61338890539599,54.358357510128066,54.53141403198242,53600
2019-04-03,54.79555264178699,54.93217858142285,54.61794100498556,54.74545669555664,73800
2019-04-04,54.79555092419437,54.831984970227495,54.60883251872292,54.800106048583984,72800
2019-04-05,54.97316570028483,55.10523651880387,54.92306975275892,55.02781677246094,53400
2019-04-08,55.02781015389822,55.09612311726638,54.841088285661364,55.09156799316406,56400
2019-04-09,55.005043201231196,55.005043201231196,54.67714372573871,54.74545669555664,91600
2019-04-10,54.786456719709264,55.02782624960823,54.786456719709264,55.00960922241211,54200
2019-04-11,55.187210797723,55.187210797723,54.87297321653028,55.06880187988281,50600
2019-04-12,55.515104980419025,55.515104980419025,55.27828716733798,55.48777770996094,77200
2019-04-15,55.56975820301032,55.56975820301032,55.23275194590719,55.360267639160156,52800
2019-04-16,55.6881586917114,55.6881586917114,55.237298708947094,55.36936950683594,49600
2019-04-17,55.5697599883315,55.5697599883315,55.03692504960203,55.12345504760742,43600
2019-04-18,55.209983360596,55.32838880478291,55.000489321867036,55.28740310668945,39800
2019-04-22,55.06880033023383,55.30561815925009,55.06880033023383,55.26918411254883,55000
2019-04-23,55.16444099914576,55.73370998958971,55.16444099914576,55.710941314697266,133200
2019-04-24,55.597085175066624,55.86122680939808,55.597085175066624,55.6972770690918,66200
2019-04-25,55.70182864250917,55.70182864250917,55.23730669530856,55.36482238769531,52200
2019-04-26,55.38759444962851,55.551544189453125,55.17354876293848,55.551544189453125,65800
2019-04-29,55.551544691167145,55.68816715922688,55.5424344419046,55.58342361450195,54200
2019-04-30,55.5515447277726,55.69272232055664,55.191766321590066,55.69272232055664,74400
2019-05-01,55.86122109307507,55.86122109307507,55.196311950683594,55.196311950683594,89600
2019-05-02,55.20542882676029,55.37393022011496,54.82287826775042,55.13256072998047,66000
2019-05-03,55.45135479403651,55.72915833933653,55.37393157068408,55.710941314697266,80200
2019-05-06,54.709027318722626,55.46501822670491,54.709027318722626,55.40126037597656,64800
2019-05-07,55.027819974231306,55.027819974231306,54.030459564874285,54.444889068603516,72000
2019-05-08,54.444891668343836,54.74090878566549,54.28094190898965,54.417564392089844,73400
2019-05-09,54.08509837594058,54.3446848445688,53.58414245967192,54.30369567871094,84600
2019-05-10,54.1944098135365,54.6133909714821,53.38377129830281,54.476768493652344,92400
2019-05-13,53.411094357692456,53.53861005838075,52.937462130462904,53.11962890625,110200
2019-05-14,53.28357737155936,53.830074211194386,53.24714332237245,53.50217819213867,110600
2019-05-15,53.29723430693056,53.839179445843676,53.05586483399872,53.698001861572266,67000
2019-05-16,53.953048846475845,54.48132876518867,53.953048846475845,54.20808029174805,63000
2019-05-17,53.8027493827212,54.34013943705423,53.761763684076314,53.8437385559082,130400
2019-05-20,53.57504651381451,53.64791461721782,53.292687824940295,53.46574783325195,134800
2019-05-21,53.816404666583,54.044112229841325,53.77997062257166,53.90748977661133,85400
2019-05-22,53.73899584014207,53.98036535027694,53.73899584014207,53.8756217956543,53000
2019-05-23,53.552277048140425,53.552277048140425,52.919250134887484,53.25625991821289,190200
2019-05-24,53.46119131287319,53.57504511556259,53.1697258559517,53.183387756347656,43600
2019-05-28,53.242590751829916,53.447526194515184,52.72341424624582,52.73707962036133,58600
2019-05-29,52.46838472712908,52.51392555217903,52.05395870226958,52.31354522705078,74000
2019-05-30,52.468384133079596,52.55946925669047,52.140484637164846,52.354530334472656,70400
2019-05-31,51.88089168980011,51.99019382459593,51.62130520010812,51.75337600708008,179400
2019-06-03,51.70784672122361,52.044853025656316,51.457366949626135,51.68052291870117,175800
2019-06-04,52.249786291683314,52.8372688293457,52.10860522005632,52.8372688293457,71000
2019-06-05,53.183374526389485,53.32000044544648,52.846368327134755,53.310890197753906,112800
2019-06-06,53.44297264875018,53.81186132084121,53.283578024781065,53.67979049682617,96800
2019-06-07,53.84828618832907,54.49952998969672,53.84828618832907,54.285484313964844,85200
2019-06-10,54.622500750255,54.80466405245677,54.4858747990614,54.5541877746582,130200
2019-06-11,54.8593141216583,54.95039924563085,54.37657512550152,54.49042892456055,68800
2019-06-12,54.50864729610003,54.567850022238254,54.381131593930135,54.44033432006836,48400
2019-06-13,54.69535731348703,54.795549199653905,54.51319056359651,54.74089813232422,79200
2019-06-14,54.70446428168713,54.70446428168713,54.44487780788503,54.59061050415039,254400
2019-06-17,54.65555318234683,54.71042490128621,54.43607328372949,54.440643310546875,57600
2019-06-18,54.82931039212962,55.332288925417025,54.81558984633988,55.05336380004883,75200
2019-06-19,55.12651612443033,55.373433591084705,55.025919731878226,55.318565368652344,189400
2019-06-20,55.93586430055998,55.93586430055998,55.42831224803968,55.87641906738281,58000
2019-06-21,55.830682871261935,55.9952945023936,55.68436180898593,55.78953170776367,69600
2019-06-24,55.90841536971429,55.90841536971429,55.69807905998606,55.71636962890625,342400
2019-06-25,55.75752962115229,55.75752962115229,55.126517142964694,55.18138885498047,118600
2019-06-26,55.36429805774309,55.36429805774309,55.08537292480469,55.08537292480469,56400
2019-06-27,55.131093727735504,55.36429415607617,55.131093727735504,55.32771301269531,84200
2019-06-28,55.57005298375031,55.76667225456131,55.45573953533856,55.725521087646484,75200
2019-07-01,56.52115695468792,56.52115695468792,55.97702367716125,56.21022415161133,133600
2019-07-02,56.28795062312571,56.30166768103592,56.031889572614624,56.25136947631836,99400
2019-07-03,56.51657077800025,56.83207702636719,56.44798200810704,56.83207702636719,72400
2019-07-05,56.51199270060938,56.69489490936826,56.150765286236684,56.653743743896484,56200
2019-07-08,56.443408484414384,56.56686547171679,56.16448339574907,56.27422332763672,55400
2019-07-09,56.223932985511176,56.223932985511176,55.99530606047808,56.19649887084961,59400
2019-07-10,56.46170183505731,56.59430236964322,56.29709018483445,56.41597366333008,93600
2019-07-11,56.46627845625148,56.58973895262282,56.31081381764474,56.553157806396484,65600
2019-07-12,56.60802222563722,56.886947324645476,56.60802222563722,56.88237380981445,28000
2019-07-15,56.87780029498342,56.88237380981445,56.7863509297809,56.88237380981445,37200
2019-07-16,56.90067509806506,56.93725275789383,56.63546700502709,56.70405578613281,34800
2019-07-17,56.7589171806396,56.7589171806396,56.31995391845703,56.31995391845703,44200
2019-07-18,56.35195828771009,56.61259281857277,56.17362958178139,56.571441650390625,46000
2019-07-19,56.781775619507194,56.781775619507194,56.2787971496582,56.2787971496582,70000
2019-07-22,56.4754239186479,56.539439178481075,56.27880462385455,56.4388427734375,61000
2019-07-23,56.813795336787564,56.9509728980188,56.598885452191446,56.94182586669922,49000
2019-07-24,56.86408066122211,57.243602137889965,56.86408066122211,57.23445510864258,37200
2019-07-25,57.193298959916056,57.193298959916056,56.81835103053829,56.96467208862305,91200
2019-07-26,57.23903611987864,57.42193835451654,57.220745547557854,57.389930725097656,44000
2019-07-29,57.40363955460003,57.41735660973208,57.216163831610125,57.37620544433594,62800
2019-07-30,57.03327729148152,57.42651241399884,57.019556744849915,57.3167724609375,63800
2019-07-31,57.45394209922944,57.45394209922944,56.333668168175045,56.74519729614258,80000
2019-08-01,56.70861619026257,57.44479510616177,56.054743100009546,56.17820358276367,120200
2019-08-02,55.93584339650102,55.94956044870178,55.396283915669066,55.59290313720703,89800
2019-08-05,54.879603412579996,54.879603412579996,53.5124154309295,53.88736343383789,105800
2019-08-06,54.358338681134924,54.50923329513484,53.91480535868301,54.46350860595703,93800
2019-08-07,54.05197512847807,54.62354241918007,53.47126429609559,54.5320930480957,169800
2019-08-08,54.96190909655531,55.61121218795674,54.71956512427099,55.57920455932617,89200
2019-08-09,55.47403100859195,55.53347274684846,54.82473144830208,55.18138885498047,128200
2019-08-12,54.99390981458676,54.99390981458676,54.37661791795541,54.54580307006836,86400
2019-08-13,54.536656031466315,55.72551863344567,54.43148961715809,55.35057067871094,106600
2019-08-14,54.66926037657722,54.66926037657722,53.71817517321225,53.745609283447266,135600
2019-08-15,53.91480007253529,53.978815328821796,53.42553513173586,53.782196044921875,87400
2019-08-16,54.06111935394215,54.71041892523604,54.06111935394215,54.632686614990234,47200
2019-08-19,55.19510168008246,55.44659264683231,55.16309405600242,55.332279205322266,49600
2019-08-20,55.32313487420857,55.32313487420857,54.824729919433594,54.824729919433594,62800
2019-08-21,55.24997799546246,55.36886147277723,55.14480808553204,55.2728385925293,47000
2019-08-22,55.391728477747336,55.579204221852265,54.934474649475646,55.25455093383789,65800
2019-08-23,55.07165826665297,55.29571169041501,53.54442849774725,53.75933837890625,123800
2019-08-26,54.303460647962545,54.34003829956055,53.910222112585295,54.34003829956055,73000
2019-08-27,54.75614855083624,54.779012638769814,54.15257360823203,54.253170013427734,67600
2019-08-28,54.08398222732835,54.65097599735005,53.9833858269792,54.60525131225586,61000
2019-08-29,55.030493246604124,55.42830530208665,55.030493246604124,55.318565368652344,55400
2019-08-30,55.58833584459122,55.684358709311354,55.20881441124323,55.405433654785156,81600
2019-09-03,54.94362609723711,55.08994719450582,54.71042564926912,54.93905258178711,87600
2019-09-04,55.45575457391826,55.565494537353516,55.26828228174014,55.565494537353516,65400
2019-09-05,55.97700567272626,56.48455763639016,55.85812220432473,56.3108024597168,69600
2019-09-06,56.470853032707446,56.52115123757118,56.33367547606632,56.41141128540039,41400
2019-09-09,56.63545531836642,56.63545531836642,56.27879791649687,56.45712661743164,43800
2019-09-10,56.35195400315415,56.402252197265625,56.027304242978786,56.402252197265625,42200
2019-09-11,56.48000658211064,56.868675231933594,56.48000658211064,56.868675231933594,26400
2019-09-12,57.18416445928442,57.34877612176379,56.96925459501579,57.152156829833984,85200
2019-09-13,57.13843185650019,57.31218703679114,57.12471480128899,57.14300537109375,45800
2019-09-16,57.01498553208353,57.01498553208353,56.841226830732495,56.96925735473633,33400
2019-09-17,56.854940980756965,57.01040910093199,56.795499237243845,56.987545013427734,2298200
2019-09-18,56.955536789961926,56.97382736206055,56.484565896274624,56.97382736206055,38800
2019-09-19,57.143014651716676,57.239037542359654,56.918961240216404,57.014984130859375,52400
2019-09-20,57.12014672672465,57.1887354978824,56.690330505371094,56.690330505371094,83400
2019-09-23,56.68575586330821,56.868658086569106,56.5531518386583,56.74977111816406,68200
2019-09-24,57.11741012313636,57.11741012313636,56.06963778104861,56.20290756225586,153800
2019-09-25,56.3545564515566,56.795723570622556,56.02827671264588,56.69002914428711,62800
2019-09-26,56.75896570201805,56.77275162749586,56.441875391689265,56.676246643066406,43600
2019-09-27,56.8232885629628,56.89681464968899,56.18910809626915,56.48322296142578,34800
2019-09-30,56.63028882662883,56.93358968631324,56.61649939593376,56.80491638183594,28600
2019-10-01,56.99332826564321,57.14498044428092,55.991510201015544,56.03746795654297,78600
2019-10-02,55.47682115739948,55.47682115739948,54.63584465580445,54.86102294921875,119000
2019-10-03,54.78750767015324,55.31599044799805,54.30497915427637,55.31599044799805,74000
2019-10-04,55.52278575097218,56.019100189208984,55.51818927300182,56.019100189208984,54200
2019-10-07,55.8031097790726,56.13398606219034,55.73417663574219,55.73417663574219,118200
2019-10-08,55.398703686874036,55.398703686874036,54.77371597290039,54.77371597290039,60400
2019-10-09,55.29299561128561,55.4951985129091,55.07700678565769,55.30218505859375,90600
2019-10-10,55.361941025250864,55.86284840770775,55.270029001346934,55.67903137207031,73800
2019-10-11,56.2856271126618,56.84627458554045,56.2856271126618,56.46025466918945,140200
2019-10-14,56.48323868804695,56.602719050504405,56.258056876931505,56.3867301940918,96000
2019-10-15,56.53837527867752,56.9795423846162,56.53837527867752,56.87384796142578,36000
2019-10-16,56.77734444147871,56.883038867379156,56.62569225883763,56.68543243408203,43800
2019-10-17,56.860064602694884,57.0254992070623,56.69462649224281,56.83708572387695,23000
2019-10-18,56.676240031322436,56.84167812992603,56.50620545606751,56.70840835571289,57000
2019-10-21,56.997936550843335,57.12201690673828,56.883049150392196,57.12201690673828,28800
2019-10-22,57.172563435434114,57.37476286120797,56.878448486328125,56.878448486328125,36200
2019-10-23,56.94737190946934,57.0484733581543,56.78653028932706,57.0484733581543,44800
2019-10-24,57.20932310256503,57.20932310256503,56.93819054811956,57.1817512512207,29800
2019-10-25,57.223100365281205,57.586144879388186,57.19552851811096,57.50802230834961,45000
2019-10-28,57.90324907144501,58.12383442010894,57.90324907144501,58.064090728759766,33400
2019-10-29,57.90783832992704,58.247904006724106,57.89405240474516,58.0778694152832,67600
2019-10-30,58.004351552475086,58.16059673484581,57.79295915545781,58.09626007080078,86400
2019-10-31,58.10544404769534,58.10544404769534,57.576961383771895,57.81592559814453,27800
2019-11-01,58.22032877048763,58.44550704956055,58.151395642502386,58.44550704956055,32000
2019-11-04,58.914248158435846,58.914248158435846,58.67988042325327,58.7534065246582,60200
2019-11-05,58.95561945459517,58.95561945459517,58.679893881525366,58.69367980957031,24000
2019-11-06,58.693671246229314,58.826937535277345,58.61095218394281,58.78098678588867,39400
2019-11-07,59.24512525575995,59.24512525575995,58.859105328987276,58.90046310424805,56200
2019-11-08,58.918842424701204,59.05670166015625,58.826926918172994,59.05670166015625,36200
2019-11-11,58.9693958474408,58.9693958474408,58.808550715823216,58.905052185058594,39400
2019-11-12,59.08428627174228,59.20376662482523,58.90046225295776,58.983184814453125,35000
2019-11-13,58.928033958521226,59.13942982656376,58.83153248454367,59.09807205200195,85600
2019-11-14,58.91424113630058,59.17158771967103,58.91424113630058,59.13022994995117,62200
2019-11-15,59.41516051003225,59.626556396484375,59.373802731868764,59.626556396484375,41800
2019-11-18,59.54841609195016,59.672496401688626,59.470293530164554,59.65871047973633,23800
2019-11-19,59.948223755164044,59.948223755164044,59.57598982630485,59.732234954833984,66000
2019-11-20,59.70007943890741,59.713865363444455,59.19917214827689,59.424346923828125,40200
2019-11-21,59.54383159807019,59.54383159807019,59.148618750787755,59.21754837036133,37400
2019-11-22,59.254314814228486,59.470303644438644,59.139427436974955,59.26810073852539,34800
2019-11-25,59.60818355297947,59.824165420491795,59.60818355297947,59.81957244873047,38600
2019-11-26,59.906876714537376,60.08150777896653,59.824154153219084,60.058528900146484,43400
2019-11-27,60.20099429454001,60.246952056884766,60.04014913850338,60.246952056884766,31000
2019-11-29,60.28829739555019,60.28829739555019,59.9758001028619,59.98040008544922,27400
2019-12-02,60.141249824290135,60.141249824290135,59.46111842588131,59.51166915893555,54400
2019-12-03,59.05670726527084,59.09807205200195,58.82693250147949,59.09807205200195,40800
2019-12-04,59.424350275277,59.64493209247944,59.291083993179775,59.52085876464844,50600
2019-12-05,59.534642754684114,59.64953013668382,59.36001169015037,59.59437942504883,90600
2019-12-06,60.09528633238162,60.30208219205727,60.08609337954737,60.18719482421875,151000
2019-12-09,60.16881926276531,60.21936999379167,60.035552978515625,60.035552978515625,20600
2019-12-10,60.13205639674877,60.22396489663346,59.95742533844952,59.998783111572266,174600
2019-12-11,60.09530280896932,60.2377620622008,60.053938015958266,60.223976135253906,101400
2019-12-12,60.23317525166028,60.79381936657792,60.09530895591909,60.65596008300781,65600
2019-12-13,60.89032146628555,60.89032146628555,60.46294370787339,60.692718505859375,62200
2019-12-16,60.99768759472401,61.17763510970938,60.99768759472401,61.04383087158203,32000
2019-12-17,61.24685258801805,61.24685258801805,60.979237060088785,60.983848571777344,58000
2019-12-18,61.08535374234604,61.145338592345624,60.97923265736437,61.05767059326172,39200
2019-12-19,61.22840043417719,61.38989489049447,61.113049262658215,61.38066482543945,94800
2019-12-20,61.63442609560475,61.786690455454654,61.58367130898812,61.74054718017578,49600
2019-12-23,61.93435261881137,61.93435261881137,61.72672190617697,61.745182037353516,72800
2019-12-24,61.883587265545316,61.883587265545316,61.703639739885695,61.75439453125,21800
2019-12-26,61.86050841655503,61.97124099731445,61.842048292778884,61.97124099731445,20200
2019-12-27,62.22963498747745,62.22963498747745,61.948177905112075,62.05430603027344,37000
2019-12-30,62.10965131886158,62.10965131886158,61.61594519365156,61.67593002319336,58800
2019-12-31,61.463722885505256,61.8789842972923,61.463722885505256,61.837459564208984,38200
2020-01-02,62.07738995492739,62.24349594116211,61.93897416679639,62.24349594116211,46000
2020-01-03,61.74054600683297,62.035844657769964,61.74054600683297,61.88819885253906,70600
2020-01-06,61.65288314486893,62.081993103027344,61.53753198973156,62.081993103027344,40200
2020-01-07,62.040470964067026,62.068154115978295,61.83283324378035,61.915889739990234,39800
2020-01-08,61.966654819538384,62.40498789201532,61.93435310996187,62.197357177734375,53000
2020-01-09,62.4418771778224,62.61259460449219,62.238858053958566,62.61259460449219,48400
2020-01-10,62.90791658054053,62.90791658054053,62.49726666954903,62.58954620361328,67600
2020-01-13,62.8294917560354,63.10171890258789,62.81103866155669,63.10171890258789,60400
2020-01-14,63.138623051924924,63.23552114531929,62.92638081378887,62.986358642578125,75000
2020-01-15,63.046321045221326,63.31393654442237,62.99556626019225,63.170902252197266,432400
2020-01-16,63.30473007711948,63.678466796875,63.30473007711948,63.678466796875,206200
2020-01-17,63.886104683316425,63.94608251319815,63.73384027119623,63.913787841796875,70800
2020-01-21,63.73843555455444,63.99220951013693,63.65076754803722,63.80303192138672,82600
2020-01-22,64.06141703680069,64.11679037983556,63.766118355693074,63.82610321044922,123400
2020-01-23,63.74768185043645,63.950701066596714,63.438541513275226,63.913787841796875,101400
2020-01-24,64.09373541103871,64.15833179431762,63.244752362093536,63.466224670410156,167800
2020-01-27,62.64953040747502,62.80179480528805,62.335778586873936,62.52956771850586,59600
2020-01-28,63.04174106517309,63.258601887810805,62.65415567633377,63.10171890258789,38800
2020-01-29,63.42928270400998,63.48464899588167,63.023244455685465,63.032474517822266,146000
2020-01-30,62.63569573111145,63.295501153858794,62.53879763438013,63.263206481933594,97600
2020-01-31,63.06939789235726,63.18013049395016,61.80053520228357,62.02661895751953,79400
2020-02-03,62.20195424111478,62.930974368523536,62.20195424111478,62.70488357543945,115800
2020-02-04,63.37393901012085,63.692302342380124,63.37393901012085,63.47544860839844,86000
2020-02-05,64.09371392366229,64.16292179666004,63.706135753924094,64.13523864746094,69800
2020-02-06,64.26905104605217,64.35671905663587,64.12140521807667,64.34749603271484,67000
2020-02-07,64.0844923644709,64.16293031110223,63.84455997211395,63.904544830322266,42400
2020-02-10,63.74765368044582,64.40284729003906,63.74765368044582,64.40284729003906,49600
2020-02-11,64.74431490728239,64.85966608945147,64.52283556837403,64.57820892333984,107600
2020-02-12,64.86427498086243,64.98885622390411,64.74892380335496,64.98423767089844,62000
2020-02-13,64.79965232592355,65.04419615983532,64.55972000267026,64.85501861572266,67200
2020-02-14,65.05805356633337,65.0672836303711,64.85503440035943,65.0672836303711,54600
2020-02-18,64.96116788342083,65.00731117193311,64.66125762952298,64.97039794921875,247800
2020-02-19,65.23798832015,65.44561895725485,65.23798832015,65.39948272705078,56400
2020-02-20,65.35795666923104,65.4410131556038,64.49513234796683,65.09957122802734,51400
2020-02-21,64.91041077707241,64.91041077707241,64.30136022510813,64.42594146728516,119600
2020-02-24,62.32192147382676,63.000179745229175,62.16503856215565,62.3726692199707,190400
2020-02-25,62.746444899785864,62.871019133814855,60.44403228063065,60.587066650390625,205600
2020-02-26,60.933092281286484,61.57906296605098,60.26405699817114,60.44861602783203,250200
2020-02-27,59.25819596991774,60.11179739076673,57.8232307434082,57.8232307434082,178600
2020-02-28,56.323666765031625,57.43565368652344,55.48391042375194,57.43565368652344,250600
2020-03-02,57.73555103981273,59.90415457322395,57.301833149320416,59.87185287475586,227000
2020-03-03,60.111793909376495,60.780829206725684,58.04470316319888,58.510719299316406,168000
2020-03-04,59.55350865674041,60.91465112846268,59.08287388628343,60.87311935424805,195400
2020-03-05,59.49351824872033,60.11641031817599,58.62146371910128,59.147464752197266,89200
2020-03-06,57.560231691291015,58.05854957203271,56.54052780880775,57.93858337402344,119200
2020-03-09,54.764130901861016,55.313200160577374,53.43067145603163,53.77210998535156,293200
2020-03-10,55.85764911764058,56.24061584472656,53.426048016731336,56.24061584472656,186400
2020-03-11,54.61185249929008,54.81487166375014,52.95540804067036,53.624446868896484,376600
2020-03-12,49.88706531869318,52.02336729371264,47.593883953240066,48.779693603515625,408800
2020-03-13,51.59426447692853,53.01077651977539,48.9550294868128,53.01077651977539,263800
2020-03-16,46.744910561858035,50.390008515316886,46.744910561858035,47.529300689697266,206600
2020-03-17,48.193721253621426,50.376167112626185,47.10019432794064,50.007041931152344,208800
2020-03-18,46.95253444564891,48.87659083868615,45.402214662992726,47.852272033691406,353800
2020-03-19,47.64926192353372,48.982724748047865,46.4173122167166,47.96763229370117,242200
2020-03-20,48.516694718300876,48.535151324852755,45.30993061472636,45.37452697753906,198800
2020-03-23,45.10690887368689,45.18073176965781,43.14132454510958,43.861114501953125,287400
2020-03-24,46.23274943820884,48.46595001220703,46.038960309458815,48.46595001220703,214800
2020-03-25,48.85386496192503,50.378662250060856,47.63958495116167,48.49235916137695,131000
2020-03-26,49.09949962633303,51.57440185546875,49.09949962633303,51.57440185546875,310200
2020-03-27,49.72981316755047,51.37511236679307,49.63711801381659,50.054237365722656,224600
2020-03-30,50.39720917182077,51.88030006034538,50.290614146833434,51.769065856933594,1007000
2020-03-31,51.76906071913776,51.88956265956179,50.63357240901702,50.87457275390625,152600
2020-04-01,48.97436470220826,49.5954098818562,48.29307032212978,48.649940490722656,187600
2020-04-02,48.154038014044644,50.02180232169462,48.154038014044644,49.892032623291016,148000
2020-04-03,49.82713968335686,50.10058242688405,48.56651389905876,49.09486389160156,90000
2020-04-06,51.13875434554598,52.482804287141846,50.91629300412665,52.3762092590332,104200
2020-04-07,54.13737019979654,54.13737019979654,52.47816743069126,52.524513244628906,115400
2020-04-08,53.038944412084895,54.37835819842245,52.52912999988064,54.20687484741211,105000
2020-04-09,54.943803706549474,55.5648454093018,54.61010817959519,55.138458251953125,231200
2020-04-13,54.83719523137636,54.84183087284539,53.609011903005175,54.350555419921875,313400
2020-04-14,55.31457047207243,56.19515505224788,55.31457047207243,56.03757858276367,217600
2020-04-15,55.064292469154225,55.064292469154225,54.3737303966438,54.596195220947266,451400
2020-04-16,54.860362105356835,55.00403514685062,54.23931706723799,54.966957092285156,98400
2020-04-17,56.19514389966262,56.44541548031423,55.611176878142174,56.40370178222656,113000
2020-04-20,55.63899888792,56.241501528657025,55.38872725464442,55.4397087097168,105000
2020-04-21,54.647191270026894,54.647191270026894,53.54877731548152,53.78050994873047,100200
2020-04-22,54.76768322548198,55.0735719625063,54.31812140431779,54.92062759399414,150800
2020-04-23,55.16626677899117,55.625096375088255,54.693533791491014,54.7398796081543,117000
2020-04-24,54.98551450239231,55.63900217274126,54.573030731333695,55.56484603881836,104400
2020-04-27,55.94024633993737,56.71423588517584,55.83828696957974,56.55665588378906,84200
2020-04-28,57.288927187851456,57.42796814653944,56.3666325340326,56.4176139831543,90400
2020-04-29,57.650431034681986,58.192684423864804,57.386256034621745,57.905338287353516,211600
2020-04-30,57.36771428499972,57.534562017757395,56.91815253484477,57.09890365600586,124200
2020-05-01,56.246129191854834,56.482497401300066,55.49531439853618,55.727046966552734,142200
2020-05-04,55.52312866409797,56.074649810791016,55.18479753488476,56.074649810791016,163200
2020-05-05,56.62617557309818,57.09890849869961,56.41761765744199,56.51957702636719,62600
2020-05-06,56.71422829588274,56.88107602280825,56.12562561035156,56.12562561035156,55000
2020-05-07,56.76984408273618,57.339907761503014,56.76984408273618,57.015480041503906,330200
2020-05-08,57.6875050467725,58.035103892765626,57.5021182883845,57.9887580871582,173600
2020-05-11,57.54384164161974,58.34563446740851,57.46504986931561,58.099998474121094,76800
2020-05-12,58.26220455022167,58.37807083964681,56.86254132978775,56.92279052734375,114600
2020-05-13,56.77448186432732,56.89034815384636,55.56020187722276,55.95878219604492,58600
2020-05-14,55.435064257338084,56.375897901668836,54.8232904296577,56.34809112548828,107600
2020-05-15,55.90316612620369,56.820825117791856,55.90316612620369,56.79301834106445,156000
2020-05-18,57.9609513591822,58.79982569717108,57.9609513591822,58.52174377441406,97600
2020-05-19,58.54955735945602,58.62370994996457,57.90997314453125,57.90997314453125,85600
2020-05-20,58.59127136915149,58.91569913977328,58.461501675286364,58.73031234741211,86000
2020-05-21,58.64688172820998,58.71176656768627,58.081453667666416,58.294647216796875,103400
2020-05-22,58.32245952230393,58.42905807495117,58.0582844976969,58.42905807495117,54400
2020-05-26,59.75456716011477,59.75456716011477,59.17523917359417,59.19841384887695,81200
2020-05-27,59.698943497137606,60.25510025024414,59.152054491000875,60.25510025024414,112000
2020-05-28,60.42194522386417,60.936391788173935,60.24583328777226,60.250465393066406,72200
2020-05-29,60.134618501609786,60.598083769444926,59.58773288008532,60.47294616699219,115800
2020-06-01,60.43122129096781,60.90395772930937,60.27827694115387,60.79735565185547,124200
2020-06-02,60.936410261459294,61.29791259765625,60.81127973333478,61.29791259765625,77400
2020-06-03,61.765990261423276,62.21555193344837,61.68256287358499,62.09968566894531,71400
2020-06-04,61.979196103415646,62.14604384991366,61.44621397894783,61.789180755615234,384400
2020-06-05,62.818049230150535,63.55032485154144,62.76706779220828,63.27688217163086,130400
2020-06-08,63.35568714870854,63.986000061035156,63.28153102445429,63.986000061035156,152600
2020-06-09,63.44836714812121,63.71254564042629,63.17956362278347,63.39275360107422,97800
2020-06-10,63.490102560391236,63.68475710270999,63.03590155639618,63.25373077392578,127200
2020-06-11,62.10896499324462,62.10896499324462,59.643333961976595,59.72212219238281,221400
2020-06-12,61.283995976223004,61.283995976223004,59.277194525677814,60.38487243652344,127800
2020-06-15,59.22829483251763,61.28763793561414,59.06558967518022,60.966880798339844,82800
2020-06-16,62.60319368809045,62.71940961320235,61.31551925173853,62.11043930053711,138000
2020-06-17,62.34751196642451,62.57065163093135,61.95238211038301,62.13832473754883,95200
2020-06-18,61.975626712092875,62.22664996809239,61.75714022388194,62.13832473754883,87600
2020-06-19,62.94718877001287,62.94718877001287,61.48751718761535,61.91053771972656,113600
2020-06-22,61.752509814383544,62.282454299767245,61.40851511797782,62.22202682495117,44400
2020-06-23,62.789154505476816,62.905370451098925,62.33823606900236,62.407962799072266,74000
2020-06-24,62.040719682883314,62.040719682883314,60.678665196200804,60.76234436035156,65200
2020-06-25,60.71121543030041,61.56190994661855,60.367213662953795,61.52937316894531,68800
2020-06-26,61.38061920030824,61.38061920030824,60.21845958350003,60.38581085205078,110200
2020-06-29,60.478776447159994,61.14817428588867,60.17661075502997,61.14817428588867,142400
2020-06-30,61.20397436340566,62.421915344146655,61.16213832053881,62.184837341308594,117400
2020-07-01,62.32891797605109,62.5845943978249,62.1522675222335,62.41259002685547,98600
2020-07-02,63.10526564398424,63.41672356245405,62.70083637710331,62.83564376831055,54000
2020-07-06,63.6863472516512,63.7839717808813,63.351644713232865,63.63521194458008,80800
2020-07-07,63.24937277350665,63.8025618766115,62.99369624350954,63.01229476928711,87800
2020-07-08,63.21216636275494,63.518978118896484,63.01692445246235,63.518978118896484,98200
2020-07-09,63.6863329016616,63.6863329016616,62.482337507581406,63.17033386230469,156600
2020-07-10,63.16569089949585,63.72352600097656,62.79379846742265,63.72352600097656,104400
2020-07-13,64.15583182094207,64.70902071693604,63.026216520321064,63.0912971496582,120200
2020-07-14,62.84495740523773,64.10473471485615,62.742686770616054,64.08149719238281,64800
2020-07-15,64.85779211459067,64.90427423344133,64.22557713350706,64.7322769165039,95200
2020-07-16,64.45800731463582,64.60211393782652,64.27205756434326,64.54167938232422,58800
2020-07-17,64.77411582754029,65.08557370137477,64.45335869221962,64.93682098388672,72800
2020-07-20,64.92751721290576,65.53648757267892,64.72762921101403,65.40632629394531,90800
2020-07-21,65.79218134388192,65.84331665206118,65.30872605194506,65.42494201660156,119000
2020-07-22,65.52720397872751,65.98741459830077,65.52720397872751,65.936279296875,58200
2020-07-23,65.81540795586268,66.13151188851374,65.00654250949344,65.30870819091797,190200
2020-07-24,64.91357468580797,64.91357468580797,64.47195553570376,64.74622344970703,106600
2020-07-27,64.77874538090857,65.48998612017017,64.76480004039408,65.4481430053711,69400
2020-07-28,65.38775573503115,65.38775573503115,64.815968049609,64.86245727539062,51600
2020-07-29,65.011219269181,65.9316478053071,65.011219269181,65.75499725341797,159400
2020-07-30,65.29477258088978,65.52255130359444,64.70903965220083,65.50860595703125,365400
2020-07-31,65.80145576661108,66.0106430053711,64.87637448359713,66.0106430053711,68600
2020-08-03,66.23844142234802,66.78233118436825,66.23844142234802,66.67540740966797,81200
2020-08-04,66.59173824175242,66.7265456204751,66.36395242997021,66.70330810546875,104000
2020-08-05,67.03801890855625,67.16818021905478,66.93109511594292,67.14493560791016,82400
2020-08-06,66.94037186085548,67.51680539434093,66.94037186085548,67.49356079101562,83000
2020-08-07,67.40527429406059,67.59121704101562,67.08451702629121,67.59121704101562,50600
2020-08-10,67.64698526924765,67.80503726612515,67.36806413913288,67.79109191894531,58000
2020-08-11,68.07465699525025,68.07465699525025,67.1077394260212,67.16352081298828,68600
2020-08-12,67.68416027327679,68.32102129798994,67.68416027327679,68.13972473144531,64400
2020-08-13,67.98168680940817,68.39541532072495,67.98168680940817,68.12579345703125,47400
2020-08-14,67.98167991535989,68.2280571446836,67.87940931904534,68.04676055908203,49000
2020-08-17,68.41399480660085,68.50232005088527,68.32566956231645,68.42329406738281,81800
2020-08-18,68.4976987301872,68.73942285184404,68.37218349065677,68.61856079101562,160800
2020-08-19,68.74869198727079,68.90209785874313,68.40004421390375,68.45117950439453,182600
2020-08-20,68.10256435789461,68.82310485337085,68.10256435789461,68.73942565917969,61800
2020-08-21,68.75801415141736,69.07877134468404,68.60460822884374,69.05552673339844,52600
2020-08-24,69.61336280351931,69.61336280351931,69.29725878453503,69.5854721069336,74400
2020-08-25,69.7946581676245,69.7946581676245,69.5064448504165,69.7481689453125,38800
2020-08-26,70.18049113443583,70.85918833613798,70.11076439907565,70.81735229492188,118200
2020-08-27,71.01724788259942,71.15670844747723,70.54773088395281,70.91032409667969,89000
2020-08-28,71.23572230967895,71.28685760498047,70.78944999675136,71.28685760498047,110600
2020-08-31,71.3751919687889,71.48676184567579,71.0079526505827,71.12881469726562,99600
2020-09-01,71.35194914346057,71.76102447509766,71.12416332173282,71.76102447509766,62800
2020-09-02,72.29094737407954,73.07192203471924,71.95159887824694,72.98359680175781,107200
2020-09-03,72.49550215823265,72.49550215823265,69.6737828155522,70.28739929199219,143400
2020-09-04,70.3710728813982,70.67787754867831,68.10253563610071,69.44599151611328,196400
2020-09-08,68.41400318172911,68.48838309057489,67.42384103833797,67.47962951660156,85000
2020-09-09,68.51628037416522,69.36233595884259,68.14438788741978,68.9393081665039,81200
2020-09-10,69.25542350990241,69.4739101156444,67.60515520636073,67.76786041259766,117200
2020-09-11,68.20483050514703,68.41866392231165,67.32159195149137,67.90267181396484,57200
2020-09-14,68.49303241890628,69.1810359684275,68.49303241890628,68.81843566894531,76800
2020-09-15,69.57153016235942,69.64591008573336,69.09272093218708,69.36234283447266,72200
2020-09-16,69.62263834459412,69.92479691233243,69.04155871951498,69.06015014648438,108800
2020-09-17,67.98633237981853,68.87887004602408,67.82828038641168,68.553466796875,171800
2020-09-18,68.81377349019397,68.82771883384417,67.461018410066,67.85615539550781,119200
2020-09-21,66.81951807749779,67.07054138183594,66.01065259772743,67.07054138183594,131000
2020-09-22,67.39131063485381,67.6516332471748,66.81487692667218,67.642333984375,93200
2020-09-23,67.662873800282,67.73285737351074,65.89454624324208,65.96920013427734,182400
2020-09-24,65.65190852244226,66.71103085889119,65.41862053512824,66.11848449707031,119000
2020-09-25,66.09048275250564,67.35024355652487,65.95517885486122,67.2242660522461,170000
2020-09-28,68.0594634169114,68.41406586135855,67.9941430381007,68.23210144042969,63200
2020-09-29,68.25074542094036,68.40937957253368,67.94280351298698,68.11077117919922,72800
2020-09-30,68.1387558856549,69.21655242559302,68.1387558856549,68.628662109375,190000
2020-10-01,69.14657485427861,69.23522545014725,68.61467839845287,68.97860717773438,94600
2020-10-02,67.9334804375525,68.73132155151058,67.9334804375525,68.41871643066406,63000
2020-10-05,68.85727907574508,69.6551199578332,68.81528894918969,69.58513641357422,70000
2020-10-06,69.80910487725505,70.23835398004029,68.76397910330327,68.80596923828125,231400
2020-10-07,69.49650411393134,70.16837479297563,69.49650411393134,69.99107360839844,374000
2020-10-08,70.40166993972166,70.64895471193616,70.36901331364497,70.63029479980469,137800
2020-10-09,71.10153396369252,71.40014239286823,70.90557284948845,71.316162109375,313400
2020-10-12,71.87604666271744,72.48726018939225,71.7267388995736,72.2633056640625,95600
2020-10-13,72.23997297098144,72.24463616865081,71.85271398285148,72.02534484863281,117200
2020-10-14,72.05799968021248,72.41726519913011,71.60542038374588,71.7360610961914,160400
2020-10-15,70.70026203184084,71.76405476217239,70.70026203184084,71.66140747070312,103600
2020-10-16,72.02067876105984,72.27262669342524,71.74073028564453,71.74073028564453,75200
2020-10-19,71.9320326203842,72.12799371753599,70.53230439554063,70.72360229492188,136800
2020-10-20,71.09219226749889,71.65208923724019,70.87290094887354,70.9988784790039,68400
2020-10-21,71.00820325951142,71.5027726851489,70.83090209960938,70.83090209960938,63200
2020-10-22,70.99888906877374,71.15286004647942,70.34101501477313,71.08753967285156,240000
2020-10-23,71.41413731730474,71.41413731730474,70.72360667702404,71.19951629638672,49400
2020-10-26,70.40166132181638,70.52763885128903,69.01126665815877,69.77645111083984,148200
2020-10-27,69.92108021849077,70.07038083763574,69.63180537432035,69.6551284790039,117000
2020-10-28,68.31608371121649,68.62402569997644,67.23363067110391,67.36893463134766,140600
2020-10-29,67.42957690580846,68.64267043913253,67.1029750745053,68.07811737060547,87000
2020-10-30,67.68619568206799,67.96147386199472,66.66439292264617,67.43890380859375,180600
2020-11-02,68.09209344649913,68.8806079198441,67.80748183989624,68.41403198242188,104200
2020-11-03,69.01594183196124,69.93509739807782,68.9272912261855,69.58982849121094,81800
2020-11-04,70.68160243207963,71.56809400475797,70.0097318374925,70.70492553710938,212400
2020-11-05,71.98333343546643,72.46857638631673,71.82936252525722,72.21662139892578,207800
2020-11-06,72.2866169822813,72.48258516929069,71.84804151819866,72.20263671875,150200
2020-11-09,74.96478808519308,74.96478808519308,72.61791065408565,72.62257385253906,172800
2020-11-10,72.56189362649883,72.622543658725,71.85269619015548,72.32860565185547,197000
2020-11-11,72.62255825845777,73.03314745457608,72.55257469974916,72.89317321777344,184400
2020-11-12,72.83719106385409,72.90717462707188,71.85271526473713,72.29129791259766,181600
2020-11-13,72.74854572566024,73.42974997419064,72.63656489703723,73.32710266113281,112400
2020-11-16,73.99896093376958,74.12493133544922,73.49505796889547,74.12493133544922,95200
2020-11-17,73.70968296271784,74.0922787440186,73.35975092247787,73.89164733886719,141400
2020-11-18,73.95698390877367,74.09695817942118,73.15447235107422,73.15447235107422,159400
2020-11-19,73.1451291437157,73.63503541869825,72.87917737866769,73.62570190429688,87400
2020-11-20,73.61638530839487,73.61638530839487,73.14047563594818,73.15447235107422,98800
2020-11-23,73.61169961900403,73.87298104737611,73.0984631565696,73.66768646240234,167400
2020-11-24,74.2649060858521,74.79213927969528,73.92430757625597,74.63816833496094,91800
2020-11-25,74.80146862766581,74.80146862766581,74.44220310996174,74.57750701904297,98200
2020-11-27,74.92277110774185,74.96009804016161,74.652156187237,74.86211395263672,111000
2020-11-30,74.7174844783874,74.79680154843822,73.94763688365853,74.59150695800781,126200
2020-12-01,75.11408438610295,75.45001972745735,75.06276073341309,75.15607452392578,215800
2020-12-02,74.87144232046484,75.1233901977539,74.63349115194826,75.1233901977539,197800
2020-12-03,75.19806025707162,75.40335485580607,74.93211561371868,75.1700668334961,142400
2020-12-04,75.34269123347086,75.82793426513672,75.34269123347086,75.82793426513672,117200
2020-12-07,75.80927998462512,75.82794701480431,75.44535120937738,75.76262664794922,130200
2020-12-08,75.44533571285488,76.11720627358223,75.44533571285488,76.0332260131836,102100
2020-12-09,76.25719288815529,76.25719288815529,75.04409227640478,75.25872039794922,175100
2020-12-10,75.00676783837332,75.47334391700825,74.88546062090718,75.32404327392578,111300
2020-12-11,75.07208845975013,75.27738307414897,74.60551237952947,75.2493896484375,136900
2020-12-14,75.82329506740044,75.95436328953355,74.95262351026905,74.97135162353516,220300
2020-12-15,75.58922254154253,75.9168930053711,75.23346705834012,75.9168930053711,113900
2020-12-16,76.05733372218359,76.1041468548113,75.72966322183323,75.96371459960938,283900
2020-12-17,76.36628035824425,76.65650177001953,76.35691630353767,76.65650177001953,151200
2020-12-18,76.79693409808353,76.79693409808353,75.93562677390638,76.41309356689453,126800
2020-12-21,75.55176669408554,76.26328473937517,74.85897675515291,76.08540344238281,161500
2020-12-22,76.28202255498482,76.28202255498482,75.83264080005684,76.10414123535156,168200
2020-12-23,76.40372025323317,76.45053337845972,76.02923667946094,76.0760498046875,96600
2020-12-24,76.25393393967019,76.38500213623047,76.01052565616169,76.38500213623047,54600
2020-12-28,76.98418544129996,76.98418544129996,76.65650778498667,76.75949096679688,112200
2020-12-29,77.180776849364,77.180776849364,76.31010552600216,76.52542877197266,113600
2020-12-30,76.75948494374902,76.8343830960397,76.56288265099663,76.65650177001953,120500
2020-12-31,76.67520987020087,77.17139749994953,76.52541360471044,77.0871353149414,99500
2021-01-04,77.50845751889477,77.50845751889477,75.36454597502991,76.15095520019531,317700
2021-01-05,76.13220709935676,76.84372505617661,76.09475803397899,76.70329284667969,116300
2021-01-06,76.4692500348278,77.92037112293708,76.39435189575693,77.31183624267578,126600
2021-01-07,77.72376299498713,78.63188330372331,77.72376299498713,78.52890014648438,544700
2021-01-08,78.7067878882788,79.01573738529139,78.13570202144231,78.99700927734375,152700
2021-01-11,78.4165600787181,78.89401965208431,78.28549190453761,78.52890014648438,157200
2021-01-12,78.65062386191708,78.83786209962383,78.21060614635722,78.65998077392578,136700
2021-01-13,78.76295833625836,79.02510185012554,78.51955007311662,78.80040740966797,321600
2021-01-14,78.97827539285602,78.98763944529807,78.39782556699537,78.50080871582031,108900
2021-01-15,78.15443654440584,78.38848791419987,77.56462252120903,78.02336120605469,162800
2021-01-19,78.46336809180814,78.73486850040887,78.23868080777581,78.6693344116211,265400
2021-01-20,79.02509911813864,79.82087225821064,79.02509911813864,79.68980407714844,254300
2021-01-21,79.87704508852754,80.01747732819976,79.44639145816502,79.6804428100586,197200
2021-01-22,79.36213523419967,79.64299973469653,79.1842610503872,79.46511840820312,187500
2021-01-25,79.67108115997287,79.87704749868276,78.64125660910406,79.74597930908203,151500
2021-01-26,80.008121367394,80.008121367394,79.3995863623783,79.48384857177734,341100
2021-01-27,78.92209668703099,78.92209668703099,77.16202644074261,77.64885711669922,439700
2021-01-28,78.07952997335602,79.13743947939697,77.92037677329927,78.29485321044922,215200
2021-01-29,78.02335237237814,78.10761457015808,76.35690795094564,76.80628967285156,219500
2021-02-01,77.56462092602032,78.3229522055803,77.1339672715778,78.1263427734375,134400
2021-02-02,78.86594588962174,79.43703179119574,78.72551364219389,79.12808227539062,90600
2021-02-03,79.39022782464724,79.54001698775043,78.9127610283114,79.26851654052734,101600
2021-02-04,79.44638785398735,80.2047119140625,79.37148971053594,80.2047119140625,115700
2021-02-05,80.61664098883465,80.61664098883465,80.26088553722154,80.4855728149414,106800
2021-02-08,80.74772002648682,81.15965270996094,80.66346496451115,81.15965270996094,143800
2021-02-09,81.05669525906237,81.1503144051906,80.86944982412288,81.02861022949219,106000
2021-02-10,81.30009752416883,81.45925791762308,80.60730732346394,81.04732513427734,150400
2021-02-11,81.3468936971796,81.51541096951759,80.86006998969258,81.2719955444336,107300
2021-02-12,81.22517713901614,81.74008578939812,81.10346587373975,81.70263671875,107100
2021-02-16,82.12393062323765,82.12393062323765,81.49667478216985,81.59029388427734,147300
2021-02-17,81.30942823984267,81.5060304941818,80.87877466233607,81.49667358398438,150900
2021-02-18,81.0192293005176,81.26264474390825,80.50431339001457,81.13157653808594,79400
2021-02-19,81.51539203547978,81.5809261182403,80.98175532080707,81.11282348632812,1631600
2021-02-22,80.55112378562919,80.87879428904293,80.30770835051558,80.38260650634766,103400
2021-02-23,79.83960324734142,80.51367234468403,78.73488048062572,80.19536590576172,121800
2021-02-24,80.12046408950995,81.22518680572448,79.75534453558726,81.15965270996094,124100
2021-02-25,80.85071272893207,81.03795098384998,78.68808017109937,79.0531997680664,104400
2021-02-26,79.5306517989389,79.64299902667508,78.21996985542128,78.61317443847656,126700
2021-03-01,79.79278526477768,80.8319666338549,79.57745489111664,80.55110931396484,114200
2021-03-02,80.68219567590262,80.79454291478741,79.92387145580466,79.98004150390625,109400
2021-03-03,79.84896696467793,79.98939921647751,78.60381195083254,78.63189697265625,1722400
2021-03-04,78.37912554536001,78.92212644920535,76.4224523376005,77.35865783691406,349300
2021-03-05,78.33230274273033,79.13743994415549,76.46925602905134,78.97828674316406,109900
2021-03-08,79.25916698428583,79.76471170652341,78.40721648710294,78.46338653564453,2941100
2021-03-09,79.42767373461892,80.2328110618122,79.42767373461892,79.67108917236328,192200
2021-03-10,80.2609083776425,80.53240171319658,79.9706797877038,80.16728210449219,138900
2021-03-11,80.75709006935364,81.60903337745425,80.75709006935364,81.26264190673828,124900
2021-03-12,81.00049391962634,81.20646026534165,80.62601744670489,81.17837524414062,127000
2021-03-15,81.0941232949483,81.99287972130197,80.99114011813559,81.97415161132812,443200
2021-03-16,82.20818772488728,82.22691583138416,81.54348279784433,81.73072814941406,105100
2021-03-17,81.2813615385999,82.07713478814084,81.15029333950756,81.97415161132812,242400
2021-03-18,81.45923205654545,81.81498752933075,80.58856076804967,80.73834991455078,199100
2021-03-19,80.8132517181933,81.05666712779414,80.12981861754955,80.65409851074219,4511700
2021-03-22,80.7945255131719,81.64646867750724,80.7945255131719,81.4030532836914,102300
2021-03-23,81.40306587055993,81.49669213528293,80.53239446447662,80.72900390625,147700
2021-03-24,80.91622961116018,81.27198507686202,80.25152466218354,80.27960968017578,118000
2021-03-25,79.84863567279983,80.90026655593209,79.49183579135374,80.73125457763672,181400
2021-03-26,81.06927336554448,82.27114033169251,80.94721194185773,82.24296569824219,137400
2021-03-29,82.01762488575773,82.31808985876428,81.48242142872573,82.09274291992188,101900
2021-03-30,81.99883909799279,82.10212459163503,81.60448021153103,81.9143295288086,85100
2021-03-31,82.25235235537926,82.81572320886937,82.2147933433267,82.45892333984375,84900
2021-04-01,82.95657892635913,83.40727996826172,82.89085243729521,83.40727996826172,169100
2021-04-05,84.1021017692301,84.61852928725983,83.97064879439523,84.54341125488281,112800
2021-04-06,84.54341815531224,84.80632412644034,84.39318207829592,84.49646759033203,144400
2021-04-07,84.52461189186411,84.59033836662756,84.22414698385286,84.44950103759766,222000
2021-04-08,84.90961456298828,84.90961456298828,84.55281460485683,84.90961456298828,94800
2021-04-09,84.94717284517472,85.5293197631836,84.86266325677455,85.5293197631836,256300
2021-04-12,85.44478733408306,85.62319083077442,85.21944045023227,85.5480728149414,137100
2021-04-13,85.54809205778187,85.98001000050321,85.54809205778187,85.90489196777344,89800
2021-04-14,85.84856786075527,86.12086539103234,85.4542088846233,85.5293197631836,71900
2021-04-15,86.13962315166532,86.57154105780508,85.85794129826076,86.5621566772461,79300
2021-04-16,86.91896669958486,86.91896669958486,86.52460776061119,86.76873779296875,174500
2021-04-19,86.61848759781003,86.61848759781003,85.90488070771369,86.22412872314453,108400
2021-04-20,86.1396207874107,86.28985683602241,85.46357289595623,85.73587036132812,86200
2021-04-21,85.5480780202929,86.66543529194014,85.5480780202929,86.62787628173828,92200
2021-04-22,86.66543512602567,86.85322301302679,85.71708982027802,85.97999572753906,96700
2021-04-23,85.97062170579436,87.12553822081637,85.97062170579436,86.8250732421875,1497200
2021-04-26,87.0879661497298,87.12552516188508,86.87200362074913,87.00346374511719,165900
2021-04-27,87.12552316716268,87.17246655854522,86.62787880388441,86.85322570800781,108100
2021-04-28,86.85323949073171,87.05041895858616,86.66545156810366,86.74056243896484,130700
2021-04-29,87.32272142913259,87.32272142913259,86.48705294768776,87.1724853515625,259600
2021-04-30,86.71240037306161,86.75935093847082,86.36499197817538,86.54338836669922,96300
2021-05-03,87.06919536966042,87.06919536966042,86.68422084506057,86.7968978881836,89400
2021-05-04,86.43068313344276,86.4400675117673,85.40721996791036,86.1208267211914,97700
2021-05-05,86.56215367704927,86.75933311669311,86.0081672063507,86.31802368164062,168500
2021-05-06,86.28047896823414,86.92835949418055,85.83916946004744,86.89080047607422,90700
2021-05-07,87.26637765938958,87.8109654763981,86.9752970794379,87.69829559326172,140800
2021-05-10,87.82036240866206,87.82036240866206,86.83446505248898,86.87201690673828,85900
2021-05-11,85.7828322640186,86.1865827435057,85.16311922699886,86.04573822021484,148400
2021-05-12,85.50114255163523,85.56686904017246,83.92369966309137,84.02698516845703,149100
2021-05-13,84.44952322448815,85.46358807816469,84.44952322448815,85.06922912597656,78900
2021-05-14,85.74526959435899,86.55277051893562,85.67954310810971,86.36498260498047,146400
2021-05-17,86.03633066090966,86.20534262467014,85.63258025657342,85.97999572753906,132200
2021-05-18,86.06452794408638,86.12086289228478,85.24763537695688,85.28519439697266,141500
2021-05-19,84.26173543011146,85.05046056646675,83.92371139505218,85.02229309082031,95500
2021-05-20,85.35091555095131,86.43071402698116,85.35091555095131,86.16780090332031,153700
2021-05-21,86.64666197905579,86.7968980368104,86.06451516438048,86.15840911865234,163700
2021-05-24,86.65604041588621,87.2757461512628,86.65604041588621,86.99406433105469,108400
2021-05-25,87.34147978611124,87.34147978611124,86.80627640382548,86.95651245117188,146100
2021-05-26,87.17246194629813,87.23819558532382,86.96589814057606,87.11612701416016,130600
2021-05-27,87.30393859397286,87.47295058604213,87.16309407330682,87.21942901611328,143400
2021-05-28,87.53868669325874,87.73586617839877,87.36967468261719,87.36967468261719,124300
2021-06-01,87.93304493110777,88.14900034289776,87.2288294199088,87.32272338867188,103200
2021-06-02,87.4259966103227,87.71707002165519,87.34148703576349,87.56684112548828,102100
2021-06-03,87.10674410712522,87.40720904773158,86.62788280917866,87.21002960205078,86500
2021-06-04,87.4729523773541,88.11143417863548,87.4729523773541,88.02693176269531,94600
2021-06-07,88.13960093450007,88.1583768595915,87.82974444312084,88.01753234863281,133400
2021-06-08,88.32739674977951,88.32739674977951,87.62318129557259,88.04570770263672,373900
2021-06-09,88.23347753759593,88.24286908011965,87.80155970892838,87.82972717285156,180700
2021-06-10,88.2089237955124,88.43473663045995,87.96428903688388,88.35005950927734,122200
2021-06-11,88.55705195519745,88.67936573748626,88.17128150738942,88.57586669921875,269800
2021-06-14,88.66056126457659,88.78287506103516,88.3218384052718,88.78287506103516,63700
2021-06-15,88.89578090242803,88.98986898593988,88.42533330640822,88.63232421875,125000
2021-06-16,88.77348162505437,88.78289258924332,87.62558806172444,88.06781005859375,188400
2021-06-17,87.9454833964623,88.19011818041731,87.43739908138404,87.97370910644531,80800
2021-06-18,87.33390921171852,87.42799731437867,86.75055148968622,86.81641387939453,80500
2021-06-21,87.2586156816237,88.13364847310955,87.08925426461158,88.1242446899414,143200
2021-06-22,88.22773682071359,88.73582107328579,87.97369828365771,88.56645965576172,270000
2021-06-23,88.66055883694534,88.75464692229576,88.41592407226562,88.41592407226562,89500
2021-06-24,88.98046875,89.08396780787727,88.88638065514652,88.98046875,79100
2021-06-25,89.22509810277224,89.43209620591409,89.09337334231127,89.3662338256836,61500
2021-06-28,89.47915079882239,89.72378561195661,89.32861126813668,89.70496368408203,91200
2021-06-29,89.78963231040629,89.98721944778471,89.72376993128015,89.88372039794922,106100
2021-06-30,89.83667602703365,89.97780456296515,89.7425807651318,89.89312744140625,127300
2021-07-01,89.97780851362334,90.36357900466916,89.97780851362334,90.34475708007812,273400
2021-07-02,90.64583527729671,91.03160573433831,90.60820578835343,90.98455810546875,163200
2021-07-06,91.10686893064451,91.10686893064451,90.14715196480229,90.61759948730469,93000
2021-07-07,90.7869729623224,91.08805912964695,90.41061345855157,91.06924438476562,147700
2021-07-08,89.92133904423778,90.39178656611377,89.58261625421031,90.15656280517578,270700
2021-07-09,90.55177255794878,91.22921840401834,90.50473209436537,91.19158172607422,111500
2021-07-12,91.23860433432623,91.51146479070769,91.1256943314738,91.44560241699219,76300
2021-07-13,91.45503129322076,91.61498896909886,91.11630837018598,91.19158172607422,220100
2021-07-14,91.5585095776179,91.64319387838299,90.99397389353986,91.2574234008789,297200
2021-07-15,91.00339137035373,91.08806849872008,90.5611694463218,90.99398040771484,165300
2021-07-16,91.38914189783236,91.38914189783236,90.32593297930083,90.4200210571289,74600
2021-07-19,89.32860762867585,89.44151047747465,88.60411418272805,89.0933837890625,157600
2021-07-20,89.45091854941613,90.86226154147285,89.36624141555434,90.60822296142578,91800
2021-07-21,90.93752769862694,91.24802485515411,90.8340286464512,91.21038818359375,84900
2021-07-22,91.35152631780902,91.45502538084878,91.08807676769393,91.43621063232422,81200
2021-07-23,91.9725141342508,92.50882415971104,91.73729031293558,92.48059844970703,90500
2021-07-26,92.4335370947118,92.60289850805992,92.23594997554903,92.56526184082031,133400
2021-07-27,92.38651166884954,92.38651166884954,91.52088253848615,92.12306213378906,81800
2021-07-28,92.41471768989467,92.41471768989467,91.87840777108148,92.1324462890625,185200
2021-07-29,92.4335421187588,92.88517497172153,92.4335421187588,92.67817687988281,54100
2021-07-30,92.32063731010277,92.74403726817877,92.25477493488071,92.45236206054688,65900
2021-08-02,92.87576857116935,93.06395192683796,92.24537048121677,92.33004760742188,100600
2021-08-03,92.4711905225963,92.9792748547323,92.04779050171376,92.96986389160156,97700
2021-08-04,92.85694992427517,92.91340133937395,92.50881611475774,92.65936279296875,190100
2021-08-05,92.89457513700917,93.28033839004192,92.72521373413973,93.27092742919922,75700
2021-08-06,93.38384419709796,93.39325515862323,93.14862040818839,93.3085708618164,99800
2021-08-09,93.28034382981708,93.30856953553138,93.01689433853669,93.20507049560547,148800
2021-08-10,93.34621537273404,93.4403034605114,93.04512918476989,93.14862823486328,139300
2021-08-11,93.42149962623678,93.47795104980469,93.18627579008806,93.47795104980469,81500
2021-08-12,93.4967564408901,93.69434356689453,93.21448501604918,93.69434356689453,125500
2021-08-13,93.81666086404076,93.88252324183846,93.65671040059789,93.86370849609375,90500
2021-08-16,93.73196879535922,94.19300536643294,93.41206074102057,94.16477966308594,102200
2021-08-17,93.68492710032207,93.68492710032207,92.81930531008165,93.44029235839844,104900
2021-08-18,93.35561836768036,93.64729356843567,92.45235988087587,92.52762603759766,79800
2021-08-19,91.9819192652792,93.06395021041908,91.76551020486687,92.8663558959961,125500
2021-08-20,93.04512359683673,93.77902068727049,92.85694743258314,93.69434356689453,148800
2021-08-23,94.09891019022565,94.6822604912399,94.09891019022565,94.44703674316406,121500
2021-08-24,94.59760960531723,94.72933436647048,94.54115818724044,94.63524627685547,87200
2021-08-25,94.7669932413149,95.06807950570224,94.58822080423833,94.97399139404297,192100
2021-08-26,94.94573025522155,94.94573025522155,94.33414698991686,94.38118743896484,338000
2021-08-27,94.57878294125788,95.37854960906442,94.55996819566208,95.28445434570312,100200
2021-08-30,95.4726360040446,95.84899551544576,95.31268554469881,95.67963409423828,221200
2021-08-31,95.79253799497329,95.79253799497329,95.37854898841263,95.48204803466797,113000
2021-09-01,95.62316348892367,95.74548444237739,95.40676164251427,95.54789733886719,161000
2021-09-02,95.80194005528105,96.00893812855801,95.56671627718633,95.8395767211914,107600
2021-09-03,95.76432843290573,96.03718894826716,95.50087888109799,95.90546417236328,88700
2021-09-07,95.85840099559545,95.89603766524782,95.06805246827794,95.28445434570312,139300
2021-09-08,95.15272567838258,95.32208709562357,94.80459906071977,95.29386138916016,152300
2021-09-09,95.24682985973985,95.64200414416504,94.8798741059609,94.93633270263672,96500
2021-09-10,95.39737198444429,95.4726453297693,94.28711526551483,94.36238861083984,94800
2021-09-13,94.91749737164062,95.1056807032129,93.91073987772432,94.38118743896484,183300
2021-09-14,94.74815566706881,94.75756663021964,93.83549323836385,94.05189514160156,91900
2021-09-15,94.20241929365737,94.90809061339428,93.92955885527725,94.81399536132812,169300
2021-09-16,94.74813184448776,94.86104183852379,94.03305675097222,94.55054473876953,97200
2021-09-17,94.52231355179583,94.52231355179583,93.53437808051319,93.67550659179688,259100
2021-09-20,92.31123700889401,92.5182351202,90.98457121104818,92.01956176757812,161400
2021-09-21,92.49940573427779,92.75345146074083,91.83137099705323,92.000732421875,120800
2021-09-22,92.46176655416532,93.25212224136247,92.33945276451624,92.89458465576172,141200
2021-09-23,93.38385189056397,94.42824617364211,93.3650371444237,94.08952331542969,95100
2021-09-24,93.74312365034602,94.25280319878664,93.57323046753248,94.14897918701172,90000
2021-09-27,93.93191282706788,94.06405840133964,93.58269306956782,93.70539093017578,139700
2021-09-28,93.02580099384367,93.0918701683734,91.50620277866015,91.55339813232422,394600
2021-09-29,91.96870028545412,92.23297700105593,91.57227801105098,91.62891387939453,168600
2021-09-30,92.01588410989419,92.26128699183023,90.51516688793934,90.5623550415039,141400
2021-10-01,90.95877849259756,91.91206129853055,90.099871995034,91.54396057128906,156600
2021-10-04,91.35518991272033,91.48732826077304,89.86390604069703,90.38302612304688,256200
2021-10-05,90.79830724781245,91.77047815561293,90.51515675512236,91.29855346679688,203400
2021-10-06,90.76057532950293,91.6666700248473,90.1470716875821,91.64778900146484,151000
2021-10-07,92.48781022628341,93.0352446629701,92.15746434242082,92.41230773925781,212300
2021-10-08,92.61995062189169,92.61995062189169,92.00645419590644,92.10083770751953,212200
2021-10-11,92.06308510387288,92.67658874579371,91.6383484897736,91.64778900146484,196100
2021-10-12,91.99702090042395,92.06309008383542,91.40239104871979,91.56285095214844,117600
2021-10-13,91.92151455505721,92.22354614751788,91.29857754604511,92.0914077758789,145100
2021-10-14,92.95029884894036,93.85639347480087,92.78983896649633,93.7808837890625,103000
2021-10-15,94.43215171844349,94.48878038793919,94.1584344808798,94.38495635986328,232800
2021-10-18,94.05458534366656,94.74359130859375,93.86581116074223,94.74359130859375,157400
2021-10-19,95.23440499925589,95.43261250726086,94.90405915258094,95.42317199707031,98900
2021-10-20,95.59307244719342,95.80072048118456,95.37599110329356,95.70633697509766,161500
2021-10-21,95.65915481163957,96.04613660125523,95.42319241338639,96.017822265625,102200
2021-10-22,95.98007641062091,96.385932061683,95.65916377440824,96.08390045166016,114600
2021-10-25,96.38591409317272,96.66906462422007,95.97061800643628,96.53692626953125,145000
2021-10-26,97.00885075061683,97.16930343786103,96.58412135473506,96.63130950927734,114500
2021-10-27,96.6501981017853,96.82009131364454,96.04613494873047,96.04613494873047,105100
2021-10-28,96.44254949997101,97.15043667856709,96.27265628906791,97.0560531616211,120900
2021-10-29,96.79176791159175,97.58459802533305,96.79176791159175,97.52796936035156,110100
2021-11-01,97.82056020799287,97.91494371644595,97.28256628871021,97.66954803466797,375400
2021-11-02,97.79223278097797,97.98099977260784,97.40525108683784,97.94324493408203,189500
2021-11-03,97.94325797728204,98.45293756375621,97.5845977650225,98.39630889892578,195800
2021-11-04,98.62281584608272,99.07586669921875,98.3868535103033,99.07586669921875,240500
2021-11-05,99.62332247816084,99.75546083854395,98.85879944908646,99.15139770507812,190800
2021-11-08,99.40624402460469,99.49119423692007,99.08533860274977,99.3779296875,130200
2021-11-09,99.51949506067967,99.56668321577958,98.82104123559805,99.16082763671875,122800
2021-11-10,98.7455343336241,99.02868485456852,97.97157805477596,98.28304290771484,1840900
2021-11-11,98.70779958436516,98.85881178607676,98.25474857722745,98.3396987915039,157800
2021-11-12,98.58506239108921,99.24576126113858,98.3679810716866,99.14193725585938,1355200
2021-11-15,99.35902170500202,99.35902170500202,98.82102784297207,98.99092102050781,97400
2021-11-16,99.13248806131783,99.9536395217695,98.94372108698339,99.70823669433594,161200
2021-11-17,99.61387368414012,99.61387368414012,99.12306792838125,99.29296112060547,153500
2021-11-18,99.67050389476458,99.67050389476458,98.87767378608012,99.45342254638672,137200
2021-11-19,99.5761230695284,99.89702844568941,99.34960120394415,99.53836822509766,171100
2021-11-22,99.94422612524663,100.46334624698905,99.08532679772789,99.13251495361328,96800
2021-11-23,98.79271048449719,99.1891254862598,98.09426397648704,98.95316314697266,249900
2021-11-24,98.59451074994988,99.09474979648279,98.10371221401184,99.04756164550781,116300
2021-11-26,97.6129043064209,98.10371003244441,96.69736922606893,96.80119323730469,120800
2021-11-29,97.97155533036283,98.6511207436049,97.51850452053645,98.33021545410156,116200
2021-11-30,97.81113345086413,98.15091988987544,96.03669875902824,96.10276794433594,179900
2021-12-01,97.2920084930609,98.03765046451706,95.05508257869242,95.0833969116211,267400
2021-12-02,95.24386112974639,97.12211970973816,94.96070338558658,96.73513793945312,174400
2021-12-03,96.99940857585634,97.32032114584162,94.97013794033224,95.88566589355469,254400
2021-12-06,96.38590913384073,97.29200374837156,95.89510338367826,96.85783386230469,225800
2021-12-07,98.20751922456371,99.25519248821709,98.0093045413874,99.17024230957031,173900
2021-12-08,99.27407785345653,99.50059968786792,98.89653666210468,99.46284484863281,205100
2021-12-09,99.22690729080492,99.29297647572047,98.46239140806767,98.5190200805664,95700
2021-12-10,99.13250843933814,99.31184214251925,98.51900484513953,99.29296112060547,195000
2021-12-13,99.29012940160463,99.29012940160463,98.34369792762055,98.35315704345703,200200
2021-12-14,97.79476795505111,98.03137582842304,96.73476208289317,97.38780212402344,153800
2021-12-15,97.58656292609463,99.0346021198575,97.02816452691609,99.00621032714844,383400
2021-12-16,99.50780174813868,99.56458532432829,97.633871526892,98.06922912597656,183300
2021-12-17,97.5960320665663,98.17335593722989,96.87674200758046,97.11334991455078,160000
2021-12-20,96.04389058325634,96.04389058325634,95.10691801608137,95.9492416381836,193600
2021-12-21,96.70637691667694,97.62441668354707,96.19530300870699,97.60548400878906,209600
2021-12-22,97.65280017489567,98.66548156738281,97.54869213467464,98.66548156738281,228600
2021-12-23,98.86423823605787,99.61192002242512,98.731738397532,99.32798767089844,119900
2021-12-27,99.65923367177334,100.86119842529297,99.48887572348642,100.86119842529297,233900
2021-12-28,101.00318458513668,101.06943451032748,100.55836056426975,100.70979309082031,149500
2021-12-29,100.78549834762205,101.15460609134902,100.63407304745971,100.95585632324219,256300
2021-12-30,101.06943451032748,101.24925883043122,100.62461048946055,100.70979309082031,132300
2021-12-31,100.63407349954086,100.91799864638323,100.48264097799822,100.55835723876953,139400
2022-01-03,100.87067467857494,101.07889077147398,99.94316859767002,100.65299224853516,207200
2022-01-04,100.91798830507932,101.0788871479057,100.02834760463006,100.45423889160156,384000
2022-01-05,100.48262649753848,100.5110182860612,98.24904767156387,98.34369659423828,274400
2022-01-06,98.31528821522033,98.85475380783602,97.84207252974348,98.33422088623047,725300
2022-01-07,98.35316580633587,98.51405743828018,97.34048432777494,97.60548400878906,2471300
2022-01-10,96.81994227153609,97.41619149819832,95.46654498057659,97.33100891113281,1202500
2022-01-11,97.33102843120088,98.21121016367279,96.59281289184389,98.15442657470703,294800
2022-01-12,98.71280924459937,99.01566703855205,98.107093656694,98.55191040039062,194600
2022-01-13,98.79796504221366,98.94939751954037,96.81046071183725,97.0186767578125,235100
2022-01-14,96.24261623252777,96.90511535767462,95.77885962422606,96.82939910888672,210200
2022-01-18,95.8545817574568,95.8545817574568,94.92708292531272,95.08797454833984,240900
2022-01-19,95.4381463529066,95.91136208981081,93.99957368982538,94.0942153930664,243400
2022-01-20,94.48225521666275,95.54225383994844,92.81653381060073,92.89225006103516,341200
2022-01-21,92.69350912337863,93.43172458348376,91.38742895177751,91.43475341796875,688600
2022-01-24,90.09080655734927,92.03098657943997,88.01811949727382,91.91741943359375,320600
2022-01-25,90.71546454569595,91.81332863289646,89.32420898240214,90.68707275390625,282400
2022-01-26,91.90796917146365,92.44743487067468,89.24849880421094,90.1476058959961,509700
2022-01-27,91.14135352136996,91.62402837254841,89.12544986742803,89.39044952392578,515800
2022-01-28,89.61759214398276,91.6713465620172,88.58597815668848,91.61456298828125,227100
2022-01-31,91.56723997756234,93.46956915548097,91.4820646156116,93.44117736816406,210100
2022-02-01,93.6493861025654,93.99956832734904,92.77867092930188,93.88599395751953,372800
2022-02-02,94.39707157516644,94.69047023714728,93.84814681739698,94.66207122802734,141700
2022-02-03,93.32759658490308,93.90492028966999,92.2581317521651,92.4284896850586,239600
2022-02-04,92.12565248600028,93.07208412717489,91.396903299404,92.32440948486328,179600
2022-02-07,92.44742664126125,92.75028442402193,91.79438661377452,91.9647445678711,190700
2022-02-08,91.94582283424067,92.93957158941346,91.71868129315823,92.7408218383789,140400
2022-02-09,93.71563697743903,94.39706876203051,93.58313715495721,94.37814331054688,292400
2022-02-10,93.10046263710552,94.4065354148214,92.04992316911927,92.56099700927734,157400
2022-02-11,92.56103066803604,92.9206721438014,90.30851841779103,90.66816711425781,235900
2022-02-14,90.49778802590859,90.85742941790255,89.51349834073068,90.28010559082031,228200
2022-02-15,91.31173465261115,91.90798403107722,91.28333563589294,91.83226776123047,201700
2022-02-16,91.49152989571591,92.1161781415722,90.86688887055882,91.92688751220703,133400
2022-02-17,91.42527087023028,91.42527087023028,89.64598245569606,89.78794860839844,196000
2022-02-18,89.76904796634254,90.02458857652269,88.73744084864776,89.08761596679688,236000
2022-02-22,88.61437869074071,89.27688507275055,87.38402207392127,88.07491302490234,160800
2022-02-23,88.75633624071035,88.89830239597616,86.23883245150456,86.42811584472656,307100
2022-02-24,84.15668553657461,87.82884430318673,83.87276042476489,87.75312805175781,350800
2022-02-25,88.11275758225469,89.76901245117188,87.65847457608552,89.76901245117188,234400
2022-02-28,88.70903875105765,89.72172029370437,88.17903213478913,89.3810043334961,147900
2022-03-01,89.12545175941179,89.49455946318336,87.27991324055397,87.84777069091797,339100
2022-03-02,88.38723130664643,89.87312837362053,88.15062344744227,89.50402069091797,213200
2022-03-03,90.03402969885664,90.23277945554777,88.72795677458659,89.24849700927734,336800
2022-03-04,88.4345715398515,88.54813871127796,87.43134912781716,88.26421356201172,192800
2022-03-07,88.02759391596197,88.18848553448336,85.70883245913966,85.75615692138672,280700
2022-03-08,85.68043015543846,87.27043513444711,84.7245324568081,85.07471466064453,369500
2022-03-09,86.86349317851206,87.87617472600124,86.56063534806763,87.43135070800781,298100
2022-03-10,86.29562937727007,86.72152068826414,85.50062311719483,86.55116271972656,232900
2022-03-11,87.14739935844868,87.27989916814695,85.17882044193422,85.28292846679688,187400
2022-03-14,85.35865149322495,86.22936666066745,84.49739544101433,84.65828704833984,157000
2022-03-15,85.31133455301631,86.65526554564815,85.07472667879101,86.60794830322266,158400
2022-03-16,87.36508305377228,88.63330492562253,86.39972617160464,88.61437225341797,172300
2022-03-17,88.37776300147031,89.75955200195312,88.05597978605728,89.75955200195312,129500
2022-03-18,89.71225359604915,90.96154303823734,89.36207129926677,90.93315124511719,190400
2022-03-21,90.79118080426836,91.25493025179969,89.92992460958178,90.68707275390625,213200
2022-03-22,90.85741962346023,91.98367536483305,90.85741962346023,91.77545928955078,223900
2022-03-23,91.25493840947443,91.34012101315821,90.28958129882812,90.28958129882812,143100
2022-03-24,90.85157779908548,91.69648742675781,90.49083222820512,91.69648742675781,128600
2022-03-25,91.98129148537068,92.04774480742736,91.1458772591052,92.00028228759766,173900
2022-03-28,91.9148209146245,92.6742935180664,91.46863130331745,92.6742935180664,119600
2022-03-29,93.50972690165007,94.31666218268441,93.27239256941239,94.21223449707031,730300
2022-03-30,93.98439559907355,93.98439559907355,92.91164702441596,93.31986236572266,208600
2022-03-31,93.21543380868333,93.37681941486433,91.87686471032947,91.93382263183594,269600
2022-04-01,92.22812333101894,92.32305561572608,91.39270184271035,92.2186279296875,215700
2022-04-04,92.24709940257777,93.05403462138841,92.08571380738934,93.01606750488281,140700
2022-04-05,92.81671406456792,93.09202277868428,91.56358899096176,91.83889770507812,142000
2022-04-06,90.92752496655046,91.20283365127594,90.16805947618562,90.775634765625,121000
2022-04-07,90.66170267826595,91.62053527909674,90.19652947786743,91.24079895019531,136900
2022-04-08,91.11738303506674,91.49711210156946,90.57626114814593,90.8041000366211,123800
2022-04-11,90.25350800971306,90.29148237556487,89.21873370101254,89.38011932373047,204600
2022-04-12,90.04462098333107,90.54776847907338,88.47821334590533,88.74403381347656,222100
2022-04-13,88.76303200395594,89.94970355481097,88.63962077009963,89.84527587890625,205100
2022-04-14,89.8357663174703,90.11107494301531,88.49720478539801,88.5351791381836,123400
2022-04-18,88.31683097848997,88.77251598224863,87.92760652618152,88.40227508544922,195200
2022-04-19,88.4212677592015,90.18703556119755,88.29785652849766,90.07311248779297,140900
2022-04-20,90.48132295404092,90.84207571247775,90.16804719390865,90.38639068603516,130100
2022-04-21,91.18385285471645,91.60155635206767,88.92442538847328,89.09530639648438,176300
2022-04-22,88.82947340978617,88.88643131887176,86.65549055098882,86.75991821289062,306600
2022-04-25,86.21879817985648,87.24408402238535,85.34540975527301,87.23458862304688,332000
2022-04-26,86.72195939039135,86.75043835003449,84.71885714297919,84.76632690429688,276900
2022-04-27,84.92771685092204,86.16185827966017,84.65240815549987,85.10809326171875,244300
2022-04-28,85.93400675325361,87.37700346402114,84.95619052105735,86.96878814697266,261200
2022-04-29,86.3801884389664,87.07320777090894,83.94039216312324,84.08279418945312,227200
2022-05-02,84.03532813381737,84.97517720326309,82.74423616874144,84.63341522216797,588600
2022-05-03,84.81377884485399,85.67767914158388,84.61441890934734,85.20301055908203,422100
2022-05-04,85.27895421417104,87.86115230873504,84.55745598354466,87.81368255615234,268900
2022-05-05,86.99726127273443,86.99726127273443,83.67458104049334,84.60493469238281,216500
2022-05-06,84.05431876617855,84.5479709362903,82.60183397086463,83.83596801757812,378700
2022-05-09,82.6492870697331,82.82966343964016,81.03541686834266,81.36768341064453,263200
2022-05-10,82.61133013585857,82.82018550445098,80.46583301437222,81.44364929199219,281600
2022-05-11,81.30123191564111,82.19361114304306,79.65888272297259,79.84874725341797,236800
2022-05-12,79.31712485125597,80.6746773180428,78.62410551805655,80.0955810546875,301200
2022-05-13,81.02593329341754,82.4879135357623,80.98795893406033,82.1081771850586,443300
2022-05-16,81.7379296743686,82.31702593306626,81.09238010284668,81.59552764892578,124600
2022-05-17,82.8866483266393,83.31385451395963,82.04173859712972,83.25688934326172,170200
2022-05-18,82.31701744240114,82.31701744240114,79.56393845832453,79.8107681274414,201700
2022-05-19,79.18420151540165,80.24745430477813,78.77598632151849,79.36457061767578,274400
2022-05-20,80.0861179193501,80.143075855785,77.40898626384711,79.27918243408203,288700
2022-05-23,79.87723206518001,80.76961135800993,79.36458910395017,80.61771392822266,125200
2022-05-24,79.8772236448989,80.20949018394744,78.69055226053463,79.98165130615234,168300
2022-05-25,79.60191804795457,81.20630013847044,79.49749038272172,80.78858947753906,195000
2022-05-26,81.04492430217246,82.88663365707104,80.9594801826827,82.55436706542969,123300
2022-05-27,83.06700921845949,84.73784480331395,83.02903485938684,84.70936584472656,179500
2022-05-31,84.31063116948819,84.64290497099468,83.36129400602455,84.00684356689453,399500
2022-06-01,84.47201801440882,84.63340358248934,82.70625043588709,83.23787689208984,191600
2022-06-02,83.2758687948208,85.09859466552734,82.91511598677117,85.09859466552734,119600
2022-06-03,84.111282484733,84.32013784748959,83.47522823842425,83.71256256103516,154200
2022-06-06,84.53849369371537,84.80430699216163,83.61763530776287,83.84547424316406,229300
2022-06-07,83.0859909069683,84.69037313806108,82.92460531669235,84.63341522216797,121000
2022-06-08,84.2157140234396,84.5384924832664,83.4847274631789,83.5606689453125,86500
2022-06-09,83.22755398890894,83.7034119471326,81.73336029052734,81.73336029052734,93300
2022-06-10,80.51518380753132,80.51518380753132,79.30650750734534,79.3255386352539,334900
2022-06-13,77.26983128206662,77.56486094495742,75.94694650450027,76.25149536132812,539100
2022-06-14,76.67023959182431,76.8034792526032,75.38542442801824,75.99452209472656,226600
2022-06-15,76.78443391541674,77.98359790149405,75.67092813028134,76.99381256103516,239800
2022-06-16,75.31878768172976,75.31878768172976,73.8436252902495,74.3290023803711,261400
2022-06-17,74.31950202460281,75.21411742508178,73.85316319842462,74.57646942138672,176400
2022-06-21,75.63287845373539,76.58459453894959,75.63287845373539,76.25149536132812,433000
2022-06-22,75.51866008382018,77.04140416983536,75.32831979594948,76.2419662475586,295000
2022-06-23,76.6702482631064,77.23176454933854,76.03260020568806,77.1270751953125,185700
2022-06-24,77.85036814022392,79.58249089048238,77.69809010190751,79.52538299560547,149300
2022-06-27,79.8108928169645,79.86799344519433,79.02096690837807,79.25889587402344,163200
2022-06-28,79.61104962283765,80.00124943049134,77.52678913441447,77.6029281616211,145800
2022-06-29,77.62196154134872,77.77423960018274,76.97479431333919,77.54582977294922,124500
2022-06-30,76.565551127287,77.54582472999243,75.97549184022166,76.7939682006836,298800
2022-07-01,76.67974613501987,77.60291167598925,76.10871807431155,77.49822235107422,154800
2022-07-05,76.56555396152973,77.73616790771484,75.81370466540655,77.73616790771484,114300
2022-07-06,77.80279134336786,78.47850890450802,77.33645248644362,78.05023956298828,178100
2022-07-07,78.44994338047172,79.38262817459376,78.27863422485812,79.27793884277344,131300
2022-07-08,78.92581301143471,79.51587958159311,78.49754368957313,79.09712219238281,289600
2022-07-11,78.68788004628522,78.80208858152248,78.14540221068778,78.25009155273438,167600
2022-07-12,78.21202350642814,78.70691264636176,77.1460989406257,77.52678680419922,111800
2022-07-13,76.42280085504662,77.6505081559658,76.222934097112,77.09851837158203,207400
2022-07-14,76.07066199029506,76.9367197952852,75.43301399768453,76.7939682006836,178300
2022-07-15,77.66002608682547,78.15492248535156,77.20320646158895,78.15492248535156,150300
2022-07-18,78.73548026678382,78.93533978691708,77.25079813562279,77.46969604492188,196400
2022-07-19,78.33575432108444,79.82994839259291,78.23106496325114,79.7633285522461,129900
2022-07-20,79.76330532900155,80.54371205771223,79.56344586615056,80.32482147216797,128200
2022-07-21,80.28675952442265,81.3526840209961,79.91559087832458,81.3526840209961,103700
2022-07-22,81.46689670971266,81.79999589251698,80.12498078441025,80.5722885131836,121300
2022-07-25,80.7626418294524,80.7626418294524,80.07740496536827,80.56278228759766,160500
2022-07-26,80.22967272831693,80.30580450040496,79.52539756361429,79.68719482421875,153600
2022-07-27,80.43904672983464,82.06648775477909,80.25822559674376,81.79048919677734,137000
2022-07-28,81.98081958994749,83.18950303407105,81.36220270808258,83.0752944946289,234300
2022-07-29,83.14192063910869,84.3125273979344,82.94206112567547,84.19832611083984,106200
2022-08-01,83.65583715329723,84.49334461233417,83.43693928027861,84.0841064453125,141900
2022-08-02,83.77957256548439,84.44577823538698,83.14192447969234,83.55116271972656,173900
2022-08-03,84.02700447342201,85.12147929908117,83.82714498959122,84.9406509399414,78600
2022-08-04,84.93114279244922,85.083420853848,84.53142377280383,84.921630859375,102700
2022-08-05,83.9794104445294,84.91209523760934,83.87472111282607,84.883544921875,99000
2022-08-08,85.15956290842632,85.74962226475462,84.64563532448311,84.83597564697266,62400
2022-08-09,84.70272220601557,84.70272220601557,83.93183458586819,84.17927551269531,83700
2022-08-10,85.63540346174123,86.23498188987517,85.55926444391001,86.18739318847656,152400
2022-08-11,86.74891591623566,87.28187455924736,86.12077986324307,86.21595001220703,138200
2022-08-12,86.69182777811594,87.67210159283216,86.5110066321741,87.66258239746094,101200
2022-08-15,87.24380696061937,88.18601106076974,87.16766793537178,88.0813217163086,233100
2022-08-16,87.80531680117444,88.56668521515275,87.64351956905185,88.18600463867188,140200
2022-08-17,87.51980815970582,88.02421651062731,87.1105699627477,87.46270751953125,95700
2022-08-18,87.6625672167162,87.92904655281505,87.27236014527337,87.79580688476562,73400
2022-08-19,87.28187935515737,87.28187935515737,86.24451233072088,86.50147247314453,83700
2022-08-22,85.3784402793281,85.44506010794379,84.40769316792574,84.51238250732422,66400
2022-08-23,84.53141893171194,85.0453464679739,84.31252104624181,84.43624877929688,122400
2022-08-24,84.39817522752904,84.97872256880308,84.26493556832027,84.6836929321289,94100
2022-08-25,85.07389571992829,85.82575225830078,84.87403622405971,85.82575225830078,72800
2022-08-26,85.92093428547643,85.92093428547643,82.62799722317601,82.65654754638672,78500
2022-08-29,82.07599102096142,82.64701920503379,81.70482233826351,82.01889038085938,143900
2022-08-30,82.25680996028385,82.29487946965735,80.69599638105244,81.11475372314453,133400
2022-08-31,81.46689670971266,81.73337605595611,80.53421899786058,80.5722885131836,185100
2022-09-01,80.08691126908724,80.60083883442144,79.26843484218658,80.5722885131836,221700
2022-09-02,81.38124254679258,81.61917156244486,79.35408268638402,79.69670104980469,76100
2022-09-06,79.91559760903661,80.029798887598,78.89726172943344,79.39215087890625,113500
2022-09-07,79.29698725972106,81.13379967176297,79.29698725972106,80.98152160644531,83800
2022-09-08,80.49615113523565,81.58110693065541,80.19160226741637,81.54303741455078,132800
2022-09-09,82.14258984149905,83.07527453700305,82.01886939925498,82.9229965209961,65700
2022-09-12,83.25611144163226,83.79858922275845,83.16093404131634,83.65583038330078,100000
2022-09-13,81.75241922367633,81.95227874504344,79.79187900551779,80.0298080444336,87700
2022-09-14,80.35339119245096,80.63890892891538,79.58250346942174,80.21063232421875,134600
2022-09-15,79.87752671444427,80.35338472959978,78.73547038247789,79.02098083496094,101500
2022-09-16,78.16442997077026,78.40235896317479,77.61244022676438,78.33573913574219,131300
2022-09-19,77.54581891309269,78.97339284015906,77.54581891309269,78.9258041381836,182600
2022-09-20,78.30718736854936,78.30718736854936,77.35547141655238,77.89794921875,83600
2022-09-21,78.27863930027362,79.13518513387814,76.67975616455078,76.67975616455078,113900
2022-09-22,76.54650902671993,76.66071754704343,75.72803278360814,75.85175323486328,296000
2022-09-23,74.947645797262,75.04281595876922,73.70089998117614,74.64309692382812,213700
2022-09-26,74.45851077654645,75.06098517823018,73.55001658885217,73.79865264892578,303000
2022-09-27,74.59239790703182,75.03230091659407,73.09098711279789,73.59783172607422,216700
2022-09-28,73.96121941721732,75.47219520774743,73.68389515964323,75.12792205810547,165000
2022-09-29,74.43937915990377,74.43937915990377,73.03360558007147,73.64564514160156,265200
2022-09-30,73.51177131232578,74.3150706031789,72.56501633885,72.59371185302734,223500
2022-10-03,73.33963342077622,74.98449265918913,72.98579504634483,74.52545928955078,278400
2022-10-04,75.88343161171566,76.85887491280396,75.73998320907458,76.8397445678711,121300
2022-10-05,75.98860486304092,77.15530750286707,75.45307209567945,76.73452758789062,124200
2022-10-06,76.4954590115706,77.02143397126034,75.75910136409263,75.90254974365234,189600
2022-10-07,75.11836589242105,75.11836589242105,73.33005850756936,73.67433166503906,135300
2022-10-10,73.82734923420382,73.94210940300168,72.51720529684634,73.03361511230469,219300
2022-10-11,72.78496810879864,73.58826736217641,72.19205154362385,72.65108489990234,132300
2022-10-12,72.79454661744926,73.03362486229574,72.31639012775629,72.45983123779297,129400
2022-10-13,71.00622950232216,74.65934431753412,70.63326807246165,74.31507110595703,246600
2022-10-14,74.8219197430139,75.1661929729552,72.32594247398367,72.46939086914062,157600
2022-10-17,73.59783478667863,74.61152405538608,73.59783478667863,74.34375762939453,192900
2022-10-18,76.0938127333075,76.18944255852519,74.56371364156064,75.2618179321289,121800
2022-10-19,74.8027972348321,75.27138851937623,73.94211415376944,74.5924072265625,175200
2022-10-20,74.41069222094687,75.34788191965322,73.59782784836453,73.79865264892578,139400
2022-10-21,73.70302587481481,75.62521661104984,73.53088928207603,75.52958679199219,138900
2022-10-24,75.91209603864627,76.77277888862591,75.42438183706327,76.50501251220703,143300
2022-10-25,76.46677908339608,78.14989184075446,76.46677908339608,78.0638198852539,132400
2022-10-26,77.48046693098046,78.81930643262916,77.48046693098046,77.69085693359375,240100
2022-10-27,78.13076392658623,78.51329056007579,77.39440617639197,77.49003601074219,195600
2022-10-28,77.49002915823003,79.53653807592264,77.47090611148653,79.43134307861328,251900
2022-10-31,78.85756422070918,79.40266230510693,78.80018777901113,78.99144744873047,126900
2022-11-01,79.67041649223647,79.74692326677797,78.41764906749164,78.71410369873047,264500
2022-11-02,78.60891566711219,79.50785210733991,76.55284881591797,76.55284881591797,332500
2022-11-03,75.73997797431959,76.25638781048261,75.16619169950123,75.64434814453125,210000
2022-11-04,76.80147721756201,77.21269200582555,75.53914463667424,76.77278900146484,183500
2022-11-07,77.20313335093178,77.80560777114584,76.71541179394661,77.71953582763672,136200
2022-11-08,78.04471520905732,79.12534642055661,77.53787041697278,78.40811157226562,155200
2022-11-09,77.97775852728523,78.159460321855,76.62935377069887,76.76323699951172,413000
2022-11-10,79.58435197895423,81.46828935275475,79.55566376247404,81.38221740722656,223800
2022-11-11,81.45872585169705,82.58717526493793,81.31527747026797,82.37678527832031,132200
2022-11-14,81.88906202127693,82.51066679733569,81.34396401989044,81.38221740722656,123900
2022-11-15,82.68280382928035,82.84537525425236,81.43960156668017,82.2237777709961,138600
2022-11-16,81.99425911778529,81.99425911778529,81.22921323968158,81.39178466796875,192000
2022-11-17,80.531091764826,81.03793632954317,80.03381237003376,80.94230651855469,149000
2022-11-18,81.75518221764746,81.75518221764746,80.68411651199087,81.32484436035156,204600
2022-11-21,80.93274599205506,81.2578961233753,80.7414863591048,81.0379409790039,218500
2022-11-22,81.5447880408288,82.39591313265335,81.26746375348364,82.32896423339844,236200
2022-11-23,82.22377965316676,82.96013731589375,82.22377965316676,82.85494232177734,104900
2022-11-25,82.70192340451813,82.91230606445855,82.56803291752084,82.7210464477539,74900
2022-11-28,82.07076378710163,82.41503697703916,81.1813925957776,81.38221740722656,112100
2022-11-29,81.44915815190258,81.66911330274328,80.92319049777595,81.26746368408203,293600
2022-11-30,81.30571240104636,84.02164459228516,80.96144649970826,84.02164459228516,219400
2022-12-01,84.22246173353437,84.66236471325172,83.619987340982,84.24158477783203,99200
2022-12-02,83.10359651198759,84.27029947411874,82.89320649637853,84.04077911376953,139700
2022-12-05,83.61042446722449,83.61042446722449,82.08988339270488,82.42459869384766,182000
2022-12-06,82.34809920194884,82.42460598017823,80.78931189998671,81.36309814453125,200200
2022-12-07,81.14313417796679,81.73605070078743,80.9996858083713,81.24832916259766,307400
2022-12-08,81.64998902792338,82.09945723766832,81.3057158160374,81.91776275634766,182600
2022-12-09,81.55434814403453,82.08988093609705,81.17182159423828,81.17182159423828,381500
2022-12-12,81.38221907545652,82.38635044937232,81.28658925319971,82.37678527832031,217100
2022-12-13,84.68651956384959,84.84978281186933,82.51605330776147,83.15950775146484,207800
2022-12-14,83.00584884059273,83.81256651736481,81.93021794442728,82.5256576538086,151400
2022-12-15,81.69012396670675,81.69012396670675,80.15351360403353,80.50885772705078,183700
2022-12-16,79.99024547225328,80.15350871050873,78.97224254297133,79.52925872802734,156700
2022-12-19,79.56766354381853,79.57726941738477,78.3959960913167,78.79936218261719,166600
2022-12-20,78.49205630399062,79.07788282350289,78.23274895435347,78.78016662597656,207100
2022-12-21,79.28915383019181,80.2015213365276,79.13549648492426,79.96142578125,412400
2022-12-22,79.30838317471644,79.30838317471644,77.54127568567817,78.85700225830078,279300
2022-12-23,78.65531066173831,79.20272827148438,78.20392981513211,79.20272827148438,177400
2022-12-27,79.0778674036818,79.26034236768643,78.60728217387138,78.91460418701172,369000
2022-12-28,78.97223121316476,79.34677968349159,77.86779022216797,77.86779022216797,238600
2022-12-29,78.46323126462283,79.59648267583142,78.4248224203623,79.44282531738281,122400
2022-12-30,78.74174972764399,79.068283548792,78.27116441039433,79.05867767333984,397300
2023-01-03,79.60608409089276,79.98063258210227,78.14630629529864,78.7225341796875,405200
2023-01-04,79.18351085228254,79.8365710528577,78.7993638272317,79.43321228027344,229700
2023-01-05,79.1066837249628,79.1066837249628,78.25194416098664,78.40560150146484,91700
2023-01-06,79.12589670953925,80.48963781011048,78.45363203380285,80.24954223632812,98800
2023-01-09,80.67211426632186,81.65170100133041,80.48004073463723,80.48963928222656,493700
2023-01-10,80.3167715752399,81.15230683964174,80.29756715259033,81.13310241699219,502000
2023-01-11,81.46922532997245,82.2279281616211,81.39239299400262,82.2279281616211,167300
2023-01-12,82.38159245012064,82.71772478940164,81.5268527900337,82.5064468383789,128400
2023-01-13,81.77656693563662,82.9002126416,81.73815075844944,82.81378173828125,90600
2023-01-17,82.81377470177515,83.20752766199857,82.52565706092017,82.66971588134766,190900
2023-01-18,82.93860670510897,83.20751254658519,81.30595990921206,81.33477020263672,121500
2023-01-19,80.81616230910493,81.03704610839377,80.28794917665843,80.54725646972656,150600
2023-01-20,80.94101812580581,82.1222915649414,80.53765932303185,82.1222915649414,130800
2023-01-23,82.14150273934392,83.44762334562344,81.98784537061832,83.06346893310547,155700
2023-01-24,82.76574958818223,82.98664074827734,82.41040548790252,82.85218048095703,115500
2023-01-25,81.8917945490502,82.68891360733497,81.34437693747275,82.65049743652344,292600
2023-01-26,83.27474314609546,83.55325487493478,82.55445646613913,83.52444458007812,206300
2023-01-27,83.28434244897365,84.1967025740793,83.17869982474444,83.77413940429688,113100
2023-01-30,83.11149170371422,83.68771966392457,82.75614758680209,82.78495788574219,146800
2023-01-31,82.95781761241311,84.1582954465498,82.90019702105782,84.14869689941406,87200
2023-02-01,83.91819066794174,85.71410794843935,83.28434225120604,85.10906982421875,160400
2023-02-02,85.925400582282,86.78014019366172,85.58926826215541,86.44400787353516,120900
2023-02-03,85.45481625534347,86.2999500017919,85.21472069164544,85.49322509765625,100700
2023-02-06,84.91701849322952,85.21474204928636,84.6577184433859,84.8593978881836,109500
2023-02-07,84.7633525754081,86.09828352365932,84.34078197522399,85.8005599975586,114100
2023-02-08,85.43559774401979,85.76213149491115,84.81134786239313,84.94580078125,96500
2023-02-09,85.68531960101545,85.70452402523254,83.98543863591874,84.19672393798828,94000
2023-02-10,83.89899318982933,84.35037401560179,83.69731379840366,84.32156372070312,69000
2023-02-13,84.56166133556292,85.34917449951172,84.30235402090473,85.34917449951172,66100
2023-02-14,85.09948703839514,85.8485841555549,84.56167522651356,85.36839294433594,126200
2023-02-15,85.05144649036573,85.74292285648818,84.7153141810381,85.69490814208984,62100
2023-02-16,84.71531130809832,85.61807290293571,84.60006280860804,84.67689514160156,112400
2023-02-17,84.3119603697665,84.46561772286931,83.77414864320377,84.40799713134766,55200
2023-02-21,83.75494466399654,83.75494466399654,82.48724024297702,82.54486083984375,83800
2023-02-22,82.60249824757395,82.9098203447072,82.11270113656457,82.38160705566406,66400
2023-02-23,83.17870330810547,83.38998856541211,82.22792697736033,83.17870330810547,64600
2023-02-24,82.05507101770668,82.34318132884445,81.62289456029615,82.15110778808594,61700
2023-02-27,82.86178796197133,83.21713206913866,82.30476444061796,82.42961883544922,89800
2023-02-28,82.33357684081406,82.823366532553,82.1222915649414,82.1222915649414,186500
2023-03-01,82.01666662752986,82.17992989334435,81.51726362639062,81.81498718261719,78700
2023-03-02,81.62289529156814,82.86178942382699,81.4020114504305,82.66971588134766,96400
2023-03-03,83.14028821445595,84.01423954875989,82.93860882818615,83.95661163330078,73600
2023-03-06,84.0046290720995,84.42719956901637,83.70691294589051,83.77413940429688,103500
2023-03-07,83.69730649840123,83.85096383350394,82.37197443157677,82.44880676269531,69300
2023-03-08,82.54485263300826,82.88099228700672,82.23753060171396,82.68891143798828,98000
2023-03-09,82.78494040794885,83.14989032317045,81.0466510189517,81.2291259765625,65600
2023-03-10,81.0178579686856,81.27715798672392,79.44283145543349,79.73094177246094,87200
2023-03-13,78.94342491815942,80.47043663921808,78.65531461426198,79.52925872802734,128800
2023-03-14,80.72013854980469,81.20032971945936,79.84618710400802,80.72013854980469,58400
2023-03-15,79.63490381674161,80.06708027656472,78.96263909319805,80.01905822753906,164000
2023-03-16,79.6637098531243,81.53645975788976,79.47163632156989,81.42121124267578,80400
2023-03-17,81.28675284448398,81.34437343465237,80.23993971170478,80.45121765136719,66600
2023-03-20,80.55686703852648,81.42121259919283,80.55686703852648,81.2675552368164,105900
2023-03-21,81.99743274309552,82.42000327198556,81.64209600483343,82.33357238769531,135400
2023-03-22,82.28555900145136,82.92901340930905,80.81617519685797,80.8545913696289,74700
2023-03-23,81.39161212920058,82.33645997145267,80.54318288638515,81.08309173583984,101700
2023-03-24,80.70707389476951,81.51694443593593,80.25393300760211,81.4976577758789,161900
2023-03-27,82.01829160018318,82.24968004316759,81.54587138367573,81.77725982666016,72800
2023-03-28,81.60372223892068,81.86404069133219,81.2759225352398,81.64228820800781,92300
2023-03-29,82.53891482127662,82.89564446694935,82.30752639593223,82.86671447753906,57800
2023-03-30,83.43554543820615,83.49339070020375,82.98240460401243,83.3391342163086,55400
2023-03-31,83.56088360690691,84.70819706714778,83.56088360690691,84.62142181396484,105200
2023-04-03,84.54429110860512,84.85281142563854,84.20684080547409,84.70819091796875,69700
2023-04-04,84.85282219636039,84.93959009855334,83.72478797791362,83.91761779785156,176700
2023-04-05,83.69585831846537,83.8019128716027,83.14630625025599,83.46446990966797,211700
2023-04-06,83.28129490431932,83.72479248046875,83.00169716715223,83.72479248046875,83100
2023-04-10,83.25235879703745,83.82119750976562,83.05953635363738,83.82119750976562,77400
2023-04-11,83.95616890194691,84.28396850426397,83.85975768689508,83.94652557373047,33000
2023-04-12,84.47680134448838,84.48643731734902,83.51267444770185,83.65728759765625,79500
2023-04-13,83.87903976039391,84.679266847615,83.66693066684572,84.61177825927734,87800
2023-04-14,84.37075720566605,84.96851124776391,83.81156177117643,84.32254791259766,140800
2023-04-17,84.19720340071619,84.62141423210812,84.01401693706921,84.61177825927734,202600
2023-04-18,84.95886597421608,85.1034791261813,84.47680251911983,84.70819091796875,65500
2023-04-19,84.31290214770569,84.75640703515042,84.23577757901133,84.65035247802734,61000
2023-04-20,84.0236764557876,84.6117945627826,83.90797855818491,84.18757629394531,107200
2023-04-21,84.27433776855469,84.34182635885513,83.85976289793638,84.27433776855469,59700
2023-04-24,84.20685002265675,84.47681176585219,83.96581826872558,84.32254791259766,68000
2023-04-25,83.98508303027415,83.98508303027415,82.91490173339844,82.91490173339844,63000
2023-04-26,83.09811362575945,83.33914539067398,82.47142956584052,82.57748413085938,74300
2023-04-27,83.04026517089403,84.34184265136719,82.86672199721136,84.34184265136719,45200
2023-04-28,84.22614155057403,85.16134598679619,84.22614155057403,85.14205932617188,55200
2023-05-01,85.06492838057459,85.54699188020092,85.06492838057459,85.21918487548828,63800
2023-05-02,85.02635327291564,85.02635327291564,83.52231031396913,84.12971496582031,61200
2023-05-03,84.24542078290267,84.92995012035963,83.628380046161,83.63802337646484,75500
2023-05-04,83.45482739576263,83.45482739576263,82.79922076801179,83.0209732055664,142600
2023-05-05,83.8404878579119,84.78533560874835,83.8404878579119,84.55393981933594,71200
2023-05-08,84.58286900913467,84.61179164361101,84.15865075493323,84.49609375,99900
2023-05-09,84.10079188364878,84.30325764794235,83.92724874915366,84.11042785644531,114000
2023-05-10,84.69854303127713,84.8624428318206,83.60908232944182,84.40930938720703,108100
2023-05-11,84.28398547976725,84.28398547976725,83.6380221175429,84.05259704589844,124300
2023-05-12,84.25506324571981,84.37076114105733,83.58017724551529,84.0815200805664,159800
2023-05-15,84.05260935184546,84.39969573131762,83.79229824509471,84.36112976074219,84800
2023-05-16,84.06222549103516,84.06222549103516,83.58016204833984,83.58016204833984,52900
2023-05-17,84.00438113510549,84.75640635843887,83.65729483378398,84.62142181396484,82300
2023-05-18,84.61179259875267,85.59519896057783,84.44788540869372,85.55663299560547,109400
2023-05-19,85.68196388235472,85.76873177629389,85.1227684912863,85.3830795288086,74100
2023-05-22,85.34451464766991,85.73016690003178,85.08420360685598,85.44093322753906,66400
2023-05-23,85.14205692870988,85.27703412645606,84.40932567114643,84.47681427001953,62700
2023-05-24,83.95619353731526,83.95619353731526,83.29094345355534,83.55126190185547,121800
2023-05-25,84.47681467013426,84.73712573681897,84.02367378025198,84.5057373046875,268800
2023-05-26,84.71785572554992,85.73982815563357,84.6214371255216,85.62413024902344,70800
2023-05-30,86.10619217716231,86.10619217716231,85.27704225160302,85.51807403564453,97600
2023-05-31,85.1420552201533,85.1613418798475,84.5732238061671,84.87210083007812,51700
2023-06-01,84.89137791254858,85.95191604921337,84.58285759359691,85.72052764892578,109000
2023-06-02,86.32792464543476,87.30169488685445,86.19294746611376,87.18599700927734,82900
2023-06-05,87.24386126635807,87.33063653236115,86.75216172992992,86.93534088134766,76000
2023-06-06,86.74250750220051,87.2920595988294,86.66537557671094,87.21492767333984,156000
2023-06-07,87.29129604336038,87.42663079147425,86.76928742555374,86.88528442382812,46900
2023-06-08,86.87562437506938,87.37829525143198,86.7112829994515,87.23329162597656,50500
2023-06-09,87.49431068042115,87.78431059277835,87.18497301545845,87.39764404296875,57800
2023-06-12,87.54262584507262,88.21930694580078,87.43629034888949,88.21930694580078,60300
2023-06-13,88.63497085402473,89.09897353902485,88.49963612296722,89.05064392089844,124800
2023-06-14,89.09897605337277,89.52431800595068,88.47063199847993,89.06997680664062,201500
2023-06-15,88.89599371375128,90.47168126307555,88.76065894878803,90.23001098632812,52000
2023-06-16,90.81967316137563,90.82934203602038,89.92065957436535,89.9593276977539,72500
2023-06-20,89.42766302388497,89.62099627737328,89.04098914171749,89.43732452392578,133500
2023-06-21,89.1859927205609,89.21499197104917,88.7896499633789,88.7896499633789,142300
2023-06-22,88.55763912743096,88.95397446709842,88.41263551528333,88.91531372070312,89700
2023-06-23,88.28697918682006,88.59631681772251,88.1323066837734,88.1999740600586,56800
2023-06-26,88.1322959691328,88.58663717260745,88.00663010707831,88.06462860107422,50000
2023-06-27,88.37397841833332,89.28266095097239,88.17097628607819,89.1956558227539,60100
2023-06-28,88.79931502222753,89.2149881368068,88.72197877412195,89.09898376464844,133000
2023-06-29,89.04097970194383,89.63065565031617,88.96364345867103,89.56298828125,2401900
2023-06-30,90.16232206386053,90.73266761582721,90.16232206386053,90.5199966430664,59200
2023-07-03,90.5200075109321,90.80034588366617,90.41367201178502,90.71334075927734,1252200
2023-07-05,90.26868791067635,90.67469962031608,90.19135901972845,90.49102783203125,110600
2023-07-06,89.6693323713705,89.87233449803719,89.14732374200294,89.8239974975586,2651700
2023-07-07,89.7369914659628,90.54899989769714,89.54365085708073,89.67898559570312,49300
2023-07-10,89.55332193739369,90.21066527340561,89.49532344089539,90.20099639892578,63300
2023-07-11,90.4716839277671,90.98403112472288,90.33634915881781,90.86802673339844,40000
2023-07-12,91.6993554240475,91.85402054080858,91.4190170637783,91.55435180664062,57400
2023-07-13,91.98936866062637,92.52103879221946,91.84436503375886,92.38570404052734,63900
2023-07-14,92.55970097379969,92.58870022227278,92.05703012482208,92.2020263671875,50500
2023-07-17,92.16336488341013,92.78204752122934,92.08603600697475,92.55970764160156,45400
2023-07-18,92.50169703410629,93.42004093260744,92.47269778733951,93.31370544433594,71200
2023-07-19,93.62304695563216,93.81638756749007,93.40071447098335,93.65204620361328,66500
2023-07-20,93.21705468922809,93.37171982336102,92.62737865401446,92.81105041503906,97000
2023-07-21,93.15905926438194,93.34272365628478,92.86905198741118,92.9463882446289,93600
2023-07-24,93.16871949955696,93.44905789676959,93.01405436241386,93.3040542602539,55000
2023-07-25,93.28471301759946,93.9710556169548,93.13970939797443,93.72938537597656,72700
2023-07-26,93.42971413319019,93.9613842239786,93.25571126934173,93.71005249023438,55900
2023-07-27,94.26107207968236,94.4544053413065,92.71438386111578,92.84004974365234,112600
2023-07-28,93.55538226850774,93.76805326005586,93.29438165400168,93.64238739013672,55400
2023-07-31,93.82605264982952,94.02905476864014,93.52638390899345,93.8743896484375,57000
2023-08-01,93.40071373359663,93.64238396511838,93.26537899395966,93.47804260253906,156100
2023-08-02,92.80138934950936,92.92705524251778,92.13437700349839,92.22138214111328,116200
2023-08-03,91.7767006802056,92.22137307543616,91.58336004628508,91.87336730957031,99400
2023-08-04,92.15369066637838,92.56936374251913,91.2933452675366,91.37067413330078,267900
2023-08-07,91.72835937118991,92.1053643706453,91.63169274636378,92.09569549560547,43700
2023-08-08,91.51569179662035,91.68969467789607,90.82934914691914,91.64136505126953,56800
2023-08-09,91.67036679301228,91.69936604481433,90.97435524899839,91.01302337646484,44500
2023-08-10,91.58334663632702,92.24068994502407,90.88733520650779,91.1290054321289,72300
2023-08-11,90.81002131527482,91.23535596738235,90.63601842912455,91.04202270507812,49200
2023-08-14,90.81966915376118,91.43834435029686,90.65533516800423,91.41901397705078,40100
2023-08-15,91.07101727321262,91.11935427389835,90.38467463958202,90.50067901611328,31600
2023-08-16,90.29766630591173,90.72300088629653,89.80465698242188,89.80465698242188,86400
2023-08-17,90.17200023774397,90.17200023774397,88.99264826730091,89.09898376464844,84200
2023-08-18,88.3546426584063,89.25365626085959,88.3546426584063,89.09898376464844,34700
2023-08-21,89.2343129349357,89.73699114101873,88.80897834731554,89.56298828125,42000
2023-08-22,90.01734117144674,90.01734117144674,89.2439933887554,89.31166076660156,57100
2023-08-23,89.47598650030477,90.52967257241541,89.47598650030477,90.40399932861328,104500
2023-08-24,90.84869274219074,90.84869274219074,89.31166596284346,89.32133483886719,1821300
2023-08-25,89.65967692121315,90.28802114556461,89.00233344230871,89.97868347167969,79300
2023-08-28,90.56835174560547,90.72301688159884,90.27834447472992,90.56835174560547,53200
2023-08-29,90.60701293782257,91.9893670561591,90.41367231364119,91.97969818115234,61800
2023-08-30,91.99902248278836,92.4727014493705,91.97969210924164,92.35669708251953,57500
2023-08-31,92.54037882379959,92.7723802073922,92.27937081396576,92.31803894042969,40400
2023-09-01,92.87871928584565,92.98505479391609,92.27937436537508,92.5403823852539,58100
2023-09-05,92.39537912137749,92.41470949783576,91.9990363396656,92.03770446777344,62100
2023-09-06,91.83470254753094,91.86370179988376,91.0710236097443,91.4770278930664,36500
2023-09-07,90.82935695025658,91.18703161893832,90.6553540540319,91.08069610595703,39500
2023-09-08,91.16768102743232,91.38035202344467,90.91634928231828,91.07101440429688,28700
2023-09-11,91.56403122917214,91.69936598762474,91.32236096405089,91.63169860839844,38600
2023-09-12,91.29335932917569,91.53502958798848,91.00335206852395,91.02268981933594,59900
2023-09-13,91.00335670526748,91.25469585229231,90.69401905323359,90.9163589477539,172600
2023-09-14,91.33201939839836,91.71868587823471,91.06134253724642,91.5833511352539,51700
2023-09-15,91.34170463399626,91.34170463399626,90.42336044295668,90.49102783203125,67100
2023-09-18,90.33634290243621,90.78102268412036,90.26867552264797,90.53935241699219,51100
2023-09-19,90.32666736925279,90.38466586429203,89.7853210398561,90.26866149902344,52700
2023-09-20,90.50067232494251,90.6553374403582,89.51465363530518,89.52432250976562,86100
2023-09-21,88.85732426634442,88.8863235190933,87.92931130242337,87.96797943115234,46000
2023-09-22,88.26763982603856,88.42231232626347,87.74563120056563,87.7939682006836,63100
2023-09-25,87.46531147814807,88.0743179321289,87.45564260183963,88.0743179321289,70800
2023-09-26,87.59372480294954,87.62285032703069,86.75875854519896,86.88497161865234,53300
2023-09-27,87.14710748637737,87.32186802079588,86.29271935930709,87.00147247314453,219900
2023-09-28,86.87526686286675,87.91411918230888,86.76846833782368,87.5645980834961,78400
2023-09-29,88.20536327940351,88.20536327940351,87.07913462572418,87.35098266601562,153800
2023-10-02,87.2247829904052,87.43838004645673,86.53545175052408,87.0208969116211,58000
2023-10-03,86.53544049049788,86.88496155359233,85.53542477392932,85.79756927490234,71500
2023-10-04,86.0499965475137,86.67136568862055,85.66164638980025,86.6228256225586,1784500
2023-10-05,86.42863749865262,86.63253094764798,85.71018086498238,86.26358795166016,86500
2023-10-06,85.8364027696003,87.7005101027065,85.5160072384184,87.34127807617188,53800
2023-10-09,87.03061609152093,88.05975755970545,86.8073154444612,87.9044189453125,10450300
2023-10-10,88.0694594706788,89.02093523736046,88.0597484934959,88.45781707763672,69800
2023-10-11,88.75877692220521,88.90441192811357,88.25391729666757,88.84616088867188,56900
2023-10-12,88.9141346049742,88.92383817462208,87.5451757395051,88.00149536132812,1727200
2023-10-13,88.25390913202105,88.47720970075873,87.26359710930438,87.52574157714844,101000
2023-10-16,87.86556520366726,88.74907886232634,87.86556520366726,88.51605987548828,191900
2023-10-17,87.77818640805718,89.06946474260157,87.75876445599538,88.62285614013672,65300
2023-10-18,88.14712346965096,88.25392198583798,87.06943473889433,87.25390625,1333400
2023-10-19,87.30243971763922,87.54516225293557,86.12766353568135,86.32184600830078,156200
2023-10-20,86.19563508460872,86.19563508460872,85.1470718383789,85.1470718383789,106200
2023-10-23,84.73930031941127,85.74902707406194,84.40920118802988,84.96260833740234,126800
2023-10-24,85.28298499450229,85.69076447640977,84.88492389519025,85.37036895751953,57000
2023-10-25,84.83638360194078,84.85580555416689,83.93345541334178,84.04996490478516,56900
2023-10-26,83.84607895408969,84.19560002154832,83.28296085570587,83.36063385009766,4664900
2023-10-27,83.71016463261121,83.7684156815132,82.56451375793831,82.87519836425781,166500
2023-10-30,83.31209422654676,83.89463433206842,82.99170605727602,83.61307525634766,2957900
2023-10-31,83.79751931330914,84.36063732992784,83.45770927131626,84.2635498046875,68800
2023-11-01,84.49657428000141,85.19561642041455,84.2538517260971,85.0596923828125,1623700
2023-11-02,85.972333436833,86.8364251550536,85.9626224604191,86.76846313476562,1880400
2023-11-03,87.27331185608348,88.2053654777279,87.27331185608348,87.80730438232422,77200
2023-11-06,87.9723733451578,88.09858642135796,87.40925517631642,87.7781982421875,127300
2023-11-07,87.66168586056729,88.2830550584567,87.603434813048,88.0694580078125,128500
2023-11-08,88.18596112605415,88.39955816123529,87.80731452998018,88.20537567138672,1855900
2023-11-09,88.47723449839535,88.47723449839535,87.44809310274027,87.47721862792969,155900
2023-11-10,87.93351484428183,88.93353044827956,87.6325412877825,88.91411590576172,160100
2023-11-13,88.58401863850851,88.97237619499153,88.38984356391916,88.73936462402344,111800
2023-11-14,90.098613334869,91.09862905361308,90.098613334869,90.81707000732422,144100
2023-11-15,91.04038424574755,91.57437689756522,91.0015551504385,91.11805725097656,114700
2023-11-16,91.05979445637357,91.2733914895522,90.77823540421124,91.14717102050781,127200
2023-11-17,91.23455810546875,91.3510601949569,90.95299904369777,91.23455810546875,2742200
2023-11-20,91.12776864350427,92.07923703632413,91.12776864350427,91.87535095214844,183300
2023-11-21,91.71999010693595,91.9530016598754,91.65202809535764,91.81707763671875,183800
2023-11-22,92.14719679762953,92.44817040353328,91.99185080277293,92.23457336425781,108700
2023-11-24,92.16661670756815,92.34137725830078,92.10836565975899,92.34137725830078,57200
2023-11-27,92.18603928376562,92.37051082763556,92.03070067364288,92.15691375732422,179900
2023-11-28,92.06952216617556,92.52584175883727,91.93359812674075,92.28311920166016,176800
2023-11-29,92.80739240413314,93.16662445150412,92.487004261672,92.52584075927734,123700
2023-11-30,92.87535922647972,93.09865982231909,92.39961769963107,93.06953430175781,123200
2023-12-01,92.81709253158432,93.8753665975477,92.79767798870316,93.81710815429688,152300
2023-12-04,93.12776754308065,93.56467248990583,92.96271801991027,93.48699951171875,133500
2023-12-05,93.14720979506284,93.39963591823916,92.92390178592507,93.21517181396484,136500
2023-12-06,93.70063080262933,93.79771835725627,92.9045010029995,92.95304107666016,245900
2023-12-07,93.32197881502495,93.7394619426094,93.22488385864773,93.66178894042969,99600
2023-12-08,93.52587146611721,94.14724071263328,93.50644951055413,94.03073120117188,169000
2023-12-11,93.99187460173857,94.61324371540493,93.99187460173857,94.55499267578125,108900
2023-12-12,94.4481950692157,95.01131314864986,94.36081850894361,95.00160217285156,203500
2023-12-13,95.03073505595867,96.48707043176458,94.87539646767118,96.3802719116211,131200
2023-12-14,96.8560040712816,97.3414491494554,96.47735750289036,96.99192810058594,268600
2023-12-15,96.67153931786706,97.05018591268373,96.5356152790767,96.7977523803711,141400
2023-12-18,97.02105427086761,97.29290233129969,96.9336703044121,97.18610382080078,176100
2023-12-19,97.25407084971238,97.66184296138263,97.1763978549263,97.60359191894531,123700
2023-12-20,97.47009514603862,97.85986008917332,96.18387603759766,96.18387603759766,116200
2023-12-21,96.97314740921666,97.28495788574219,96.46645817266824,97.28495788574219,89400
2023-12-22,97.49932995072004,97.85011766956416,97.13880349768175,97.5383071899414,69300
2023-12-26,97.58703385104451,98.23013973426765,97.58703385104451,98.083984375,83600
2023-12-27,98.08399008454833,98.28861503358291,97.92808111338927,98.2593765258789,168100
2023-12-28,98.1911461056508,98.37628610868796,98.17166120571665,98.27884674072266,118000
2023-12-29,98.11320665472805,98.32757774130836,97.59677127386522,97.93781280517578,104100
2024-01-02,97.24597930908203,97.48958145421084,96.84646822267997,97.24597930908203,104000
2024-01-03,96.72955458695681,96.72955458695681,96.03772525764671,96.0864486694336,113100
2024-01-04,95.97924747429322,96.62236072119205,95.8915542683421,95.95976257324219,56900
2024-01-05,95.94027977268306,96.57364691492721,95.7454010062149,96.01823425292969,123000
2024-01-08,96.01821925733466,97.48957824707031,96.01821925733466,97.48957824707031,83100
2024-01-09,96.94391538245816,97.47984311845744,96.73929045620791,97.13880157470703,64900
2024-01-10,97.12905106628607,97.75267198531938,97.02186552387586,97.57727813720703,172100
2024-01-11,97.75267828858485,97.88909490878554,96.69057639785831,97.5383071899414,7695300
2024-01-12,97.7526857405983,98.08398858216218,97.34343584879775,97.64550018310547,8250000
2024-01-16,97.28496418365357,97.68447533195616,96.9926460246955,97.35317993164062,4110100
2024-01-17,96.68082600999749,96.93417433680521,96.310545970629,96.84647369384766,275500
2024-01-18,97.17777372346109,97.79164847006007,96.82698602993375,97.66497802734375,223200
2024-01-19,98.04502076442007,98.92198277853271,97.70397172098791,98.83428955078125,4614600
2024-01-22,99.1460784971936,99.52609726967461,99.01940805108258,99.21428680419922,235600
2024-01-23,99.25326824119968,99.30199164861435,98.86350328432695,99.22403717041016,186500
2024-01-24,99.75022334912919,99.85740890306798,98.99992447155758,99.01941680908203,174600
2024-01-25,99.60404873734888,99.82815855325194,99.22402997634134,99.69174194335938,167700
2024-01-26,99.62353324306537,100.05227540625351,99.41890832903856,99.56507110595703,105500
2024-01-29,99.55533317406568,100.40307140300354,99.5358482714669,100.37384033203125,173900
2024-01-30,100.16921882597093,100.47128314854356,100.05228710393546,100.36409759521484,156000
2024-01-31,99.80868529617675,99.9256170186467,98.66862888015167,98.6783676147461,399200
2024-02-01,98.99016337594739,99.95483321593284,98.74656123266473,99.93534088134766,211600
2024-02-02,99.56508218074023,100.72463092335158,99.30199510034149,100.34461212158203,421600
2024-02-05,100.21792429122863,100.32510983331666,99.54558740394195,100.05227661132812,158800
2024-02-06,100.26664105212443,100.39331148704123,99.93533828012686,100.30561828613281,136900
2024-02-07,100.83180678172319,101.27028768494671,100.51999632219479,101.07540893554688,158700
2024-02-08,101.09489938066359,101.42619475964044,101.04617597356787,101.35798645019531,96900
2024-02-09,101.5041371298115,102.0887807744825,101.42618266141608,102.01083374023438,127400
2024-02-12,101.93287927183897,102.48829184939852,101.83543990341835,102.01083374023438,74900
2024-02-13,100.3348663339413,100.86104793088536,99.78919983376902,100.47128295898438,91600
2024-02-14,101.23131429777351,101.54312476915916,100.67590166330068,101.53337860107422,130600
2024-02-15,101.67953096662752,102.02057247317335,101.52362946398398,102.01083374023438,71500
2024-02-16,101.8939061678947,102.2446938557459,101.4456791076732,101.57234954833984,77900
2024-02-20,100.9974664671191,101.11439075699802,100.39333037753298,100.87078857421875,1572700
2024-02-21,100.44204505218035,100.89027213741353,100.1204884146822,100.8318099975586,76900
2024-02-22,102.12776044645359,103.09243028904194,102.08878321132552,102.98524475097656,164500
2024-02-23,103.23859041050413,103.44322276294281,102.84883290946308,103.01448059082031,144400
2024-02-26,103.06319288717158,103.19961692864977,102.68317413330078,102.68317413330078,83700
2024-02-27,102.88781471593396,102.94628429522986,102.53703441090185,102.91705322265625,74800
2024-02-28,102.57599317948433,102.97550428606006,102.50778487276992,102.81959533691406,50100
2024-02-29,103.27756862873463,103.53091695413674,102.82934155096034,103.26782989501953,70800
2024-03-01,103.42374285666305,104.25198879713392,103.19963301004616,104.17404174804688,72500
2024-03-04,104.18376922607422,104.60276523550911,104.08632984963194,104.18376922607422,59400
2024-03-05,103.68682818799017,103.7647752301678,102.67344229820063,103.11192321777344,72500
2024-03-06,103.71605262497394,104.10581011337948,103.42372707452222,103.70630645751953,105000
2024-03-07,104.29095671920172,104.89509275906946,104.2324945790735,104.69046783447266,90800
2024-03-08,104.94380637535325,105.36280238321197,103.94991284474422,104.05709838867188,117200
2024-03-11,103.7647714901588,104.11555918683275,103.47245336569566,104.01811981201172,73000
2024-03-12,104.34941112978251,105.187403102238,103.96939237880241,105.13868713378906,330500
2024-03-13,105.16792601584304,105.25561922605536,104.72944509648535,105.03150939941406,61600
2024-03-14,105.05099464459836,105.0899718828694,103.83298382668345,104.4760971069336,65800
2024-03-15,103.6868228969927,104.15453486278392,103.5503988533103,103.74528503417969,65900
2024-03-18,104.58328265364196,104.89509312566224,104.38839646228674,104.4760971069336,45200
2024-03-19,104.2909489939848,105.187403102238,104.19350962293944,105.13868713378906,56100
2024-03-20,105.23615390104196,106.05465375188056,104.9828055230517,105.95721435546875,72000
2024-03-21,106.58173621017629,106.9531325044539,106.46444963775289,106.54264068603516,55400
2024-03-22,106.65016408176776,106.75767492164864,106.25921625099272,106.34717559814453,36000
2024-03-25,106.03440847834739,106.17123908726067,105.88780212402344,105.88780212402344,73100
2024-03-26,106.23966462360892,106.24944036996106,105.66302235289659,105.76075744628906,42800
2024-03-27,106.29830431060907,106.6697006225586,105.94645203330566,106.6697006225586,74600
2024-03-28,106.61105342167993,107.02154523021315,106.61105342167993,106.69901275634766,63000
2024-04-01,106.83584571153021,106.86516549039835,106.13214119185972,106.30806732177734,141900
2024-04-02,105.49685670437965,105.54572051566035,105.08635744071213,105.46753692626953,92000
2024-04-03,105.17433684629921,105.80962612281297,105.15478535407507,105.38935852050781,117200
2024-04-04,106.14193173631358,106.30808214420507,104.13833618164062,104.13833618164062,58100
2024-04-05,104.37288946503936,105.3893507410884,104.37288946503936,105.0374984741211,53300
2024-04-08,105.24273929206947,105.49685646295669,105.11568443498015,105.26228332519531,55500
2024-04-09,105.67280565596818,105.67280565596818,104.54883335980477,105.6141586303711,83900
2024-04-10,104.15787768752286,104.6074650809176,103.82557687981311,104.20674896240234,66700
2024-04-11,104.41199497319111,104.94954171372089,103.70829037197213,104.61724090576172,41800
2024-04-12,103.90375495225635,104.01126578590366,102.87752534477193,103.14141082763672,60600
2024-04-15,103.98194047127838,104.06990726535786,101.66558098330346,101.87083435058594,144600
2024-04-16,102.01743049716126,102.25200363724629,101.450564050394,101.70467376708984,115700
2024-04-17,102.14449515905076,102.14449515905076,100.83482119529894,101.02052307128906,64800
2024-04-18,101.18667325297585,101.60694081688509,100.61979933761756,100.75662994384766,62500
2024-04-19,100.64913925596369,100.92280050290765,99.8867876237073,100.092041015625,69200
2024-04-22,100.61004125318193,101.34306562806319,100.13112662609531,100.86415100097656,44800
2024-04-23,101.3528343175721,102.22268931599413,101.24532347896178,102.12495422363281,50200
2024-04-24,102.20312512040462,102.60384861376485,101.84149714761915,102.3204116821289,55200
2024-04-25,101.362592488367,102.27154285747082,100.97164472999931,102.0467529296875,54000
2024-04-26,102.53544378050246,103.3857472054742,102.40838146149096,102.98503112792969,56700
2024-04-29,103.36619813988834,103.5518925516439,103.01434589264511,103.4150619506836,48000
2024-04-30,103.21960922372374,103.56168578388747,102.0272216796875,102.0272216796875,60400
2024-05-01,101.82196028546696,103.0827629501269,101.45056399891703,101.47010803222656,68600
2024-05-02,102.36930089289342,102.70160917188596,101.61673244102936,102.54522705078125,40900
2024-05-03,103.9233067323833,104.03081756632909,103.36620852771382,103.8157958984375,75100
2024-05-06,104.26537845412328,104.7442855834961,104.26537845412328,104.7442855834961,44800
2024-05-07,104.88111626717935,105.2232002451144,104.87134797850783,104.92021179199219,40000
2024-05-08,104.64655319810053,105.01794950806855,104.43153153459464,104.96908569335938,63700
2024-05-09,105.02771782510078,105.61413575709746,104.99839804700723,105.5848159790039,161100
2024-05-10,105.9171421303856,106.18102763461746,105.71189619226973,105.89759063720703,46100
2024-05-13,106.18101483267132,106.22011035760497,105.79984278545444,105.88780212402344,43300
2024-05-14,105.97577179527998,106.51332595681964,105.95622776063725,106.40581512451172,89900
2024-05-15,106.97266946783311,107.87185155023042,106.97266946783311,107.86207580566406,65600
2024-05-16,107.793683215372,108.07712021383992,107.59820556640625,107.59820556640625,112900
2024-05-17,107.6666309201192,107.70571899414062,107.31477860024614,107.70571899414062,65700
2024-05-20,107.725252937189,108.18461602755632,107.725252937189,107.9793701171875,33000
2024-05-21,107.8914110110082,108.1943920255165,107.82299570267699,108.15530395507812,41000
2024-05-22,108.0184656329512,108.13575221412434,107.34408829715639,107.71548461914062,35700
2024-05-23,108.45829218845769,108.45829218845769,106.884732535396,107.01178741455078,35700
2024-05-24,107.40271255500586,107.60795845028026,107.0899558398199,107.53954315185547,26600
2024-05-28,107.8229903035534,107.8229903035534,106.98245515373925,107.4124984741211,45100
2024-05-29,106.48400373151932,106.80653624362328,106.44491566039413,106.62083435058594,51300
2024-05-30,106.16146569133124,106.317840326834,105.54572052413481,105.7900619506836,42500
2024-05-31,106.02464566242378,106.77721405029297,104.97886455077166,106.77721405029297,59300
2024-06-03,107.18770329283606,107.18770329283606,105.64346357097216,106.6697006225586,55300
2024-06-04,106.45467897501581,106.83585103270424,106.07350691732739,106.640380859375,53800
2024-06-05,107.26589232146029,107.96959686279297,106.87494452553003,107.96959686279297,45600
2024-06-06,107.97935977039461,108.03799932296421,107.5004452353824,107.7252426147461,26300
2024-06-07,107.51023359912222,108.14552283445883,107.51023359912222,107.64706420898438,35700
2024-06-10,107.40272537544313,108.01846313476562,107.25611901654467,108.01846313476562,51200
2024-06-11,107.75983848970897,108.1125076499606,107.22103630765197,108.09291076660156,148400
2024-06-12,109.14112017664111,109.70930269871631,108.9353902848659,109.11172485351562,56000
2024-06-13,109.41542512436844,109.41542512436844,108.6806989443209,109.26847839355469,39700
2024-06-14,108.95499248974457,109.13132706700878,108.64150962727717,109.12152862548828,57700
2024-06-17,109.16071130625211,110.29708384234463,108.9647873264495,110.06197357177734,46500
2024-06-18,110.07178470591636,110.67916107177734,110.07178470591636,110.67916107177734,55200
2024-06-20,110.85548709591154,110.93385220640026,109.96401576366046,110.14035034179688,88400
2024-06-21,110.39506169664905,110.39506169664905,109.93463208769595,110.2187271118164,47300
2024-06-24,110.16973974520182,110.6987434870668,109.8464584350586,109.8464584350586,54000
2024-06-25,110.10116003182624,110.2970840119301,109.67011830677285,110.1893310546875,149600
2024-06-26,109.76808646354678,110.13054656982422,109.58195345285037,110.13054656982422,37100
2024-06-27,110.0326039908277,110.46364578678384,110.01301457920331,110.33628845214844,42500
2024-06-28,110.47342145672667,111.13957347003354,109.83666476781856,110.08157348632812,55900
2024-07-01,110.24810886424928,110.30688456460135,109.53297212254185,109.79747772216797,41700
2024-07-02,109.50359676020352,110.54200744628906,109.50359676020352,110.54200744628906,55400
2024-07-03,110.46363274901466,111.14937418526115,110.46363274901466,111.06121063232422,34700
2024-07-05,111.00242878305698,111.59021570574625,110.90446678728252,111.50204467773438,48100
2024-07-08,111.639197310985,111.91349389943608,111.60001101634606,111.83512878417969,55800
2024-07-09,111.95267371179834,112.04084473813604,111.75674972396952,111.8938980102539,52200
2024-07-10,112.10941697744538,112.9225082397461,111.9134855189228,112.9225082397461,31900
2024-07-11,113.0792503266926,113.51029204968134,112.44248618337399,112.52085876464844,40700
2024-07-12,112.87353191785981,114.23522380130943,112.87353191785981,113.58866119384766,35800
2024-07-15,113.93153364175369,114.43114202342183,113.4906934841387,113.8041763305664,24100
2024-07-16,114.06868366183154,114.88177490234375,114.05888522066276,114.88177490234375,64200
2024-07-17,113.56907463981167,114.04909364970815,113.22620391845703,113.22620391845703,154700
2024-07-18,113.46130597822061,113.80417667472207,111.88409330029323,112.33472442626953,78800
2024-07-19,112.13879753598967,112.35431838934,111.2669231558146,111.32569885253906,36800
2024-07-22,112.14860799047416,112.90292358398438,111.96247496554696,112.90292358398438,60000
2024-07-23,112.77556591678002,113.0890487678571,112.50126188231947,112.52085876464844,49700
2024-07-24,111.72736578782437,111.72736578782437,110.01300467518186,110.2187271118164,105100
2024-07-25,110.15015625636266,111.65879497743236,109.75830078125,109.75830078125,69300
2024-07-26,110.73793064068951,111.84491539351765,110.73793064068951,111.37469482421875,37500
2024-07-29,111.68817234942932,111.76653745788093,111.11018389622105,111.3648910522461,106700
2024-07-30,111.56081234249932,111.62938648200284,110.16973267027316,110.73792266845703,39800
2024-07-31,112.29553757413653,113.1870088545998,112.08981515726515,112.43268585205078,43900
2024-08-01,112.65800626905668,113.4613065365361,110.4146415951643,111.24732971191406,50300
2024-08-02,109.63094756394686,109.68972326750252,108.02433941788637,108.9745864868164,33700
2024-08-05,105.17360622146134,107.31900910043909,105.17360622146134,106.26100158691406,92400
2024-08-06,106.5450935298981,108.73947360726473,106.5450935298981,107.35818481445312,83200
2024-08-07,108.45536556169961,109.0431449347047,106.17281473127595,106.23159790039062,48600
2024-08-08,107.40717324013802,109.03337081317703,107.40717324013802,108.90601348876953,62700
2024-08-09,108.79824863494476,109.61134738848024,108.60232464629524,109.30766296386719,29400
2024-08-12,109.56235615110707,109.72889975299695,108.8668163164585,109.23908233642578,32000
2024-08-13,109.77788554177934,111.0612123552653,109.77788554177934,111.02202606201172,52900
2024-08-14,111.3354950169934,111.60979156146,110.73791719911107,111.46284484863281,79200
2024-08-15,112.43268754819667,113.1870105621253,112.43268754819667,113.12823486328125,44600
2024-08-16,112.81476379149082,113.5005052630039,112.65801861284697,113.33396911621094,27300
2024-08-19,113.38294913079443,114.47034454345703,113.38294913079443,114.47034454345703,33500
2024-08-20,114.41155471380671,114.71523912478509,114.02949772127884,114.27440643310547,52000
2024-08-21,114.49971791098889,115.01893065664464,114.34298022239187,114.88177490234375,37100
2024-08-22,115.22465614107864,115.31281969188,113.77479324439315,113.91194152832031,36300
2024-08-23,114.64666670837268,115.42057914626459,114.49971998426292,115.35200500488281,42000
2024-08-26,115.5675346623066,115.70468295550386,114.86219631213704,115.15608978271484,37000
2024-08-27,114.65647330224161,115.39119950101141,114.65647330224161,115.2540512084961,30900
2024-08-28,115.10711354288641,115.24426184620724,114.05890438235036,114.57810974121094,36500
2024-08-29,115.0385248156535,115.78304942079262,114.63687092537415,114.7348403930664,39900
2024-08-30,115.27363850120118,115.94958898334032,114.5976954930833,115.90060424804688,71400
2024-09-03,115.15608046522163,115.21485616497297,112.8833278952465,113.34375,56700
2024-09-04,113.04006384099446,113.68662642436186,112.81475201274512,113.12823486328125,44100
2024-09-05,112.87353975329184,113.27518619494295,112.10942569071825,112.5992431640625,54400
2024-09-06,112.64822619987233,113.06946954749672,110.83590295042671,111.01223754882812,52300
2024-09-09,111.76654086398821,112.50126703051147,111.50204273260911,112.14860534667969,47000
2024-09-10,112.41309834833126,112.71678275828282,111.64898436585912,112.64820861816406,43300
2024-09-11,112.63842936053948,113.8923608953633,110.87508346843003,113.71602630615234,43800
2024-09-12,113.94133618949618,114.6760623861765,113.54948819715044,114.6172866821289,78900
2024-09-13,114.87199247044185,115.6263080680301,114.6466731509423,115.42058563232422,119100
2024-09-16,115.42058637593745,115.86141910185857,115.35201223026034,115.83203125,27300
2024-09-17,116.32184928986395,116.49818387591311,115.4401763596181,115.86141967773438,41400
2024-09-18,115.92020442010532,116.89983936159386,115.44017791748047,115.44017791748047,39700
2024-09-19,117.46801626550216,117.76190223062186,117.16432438531831,117.40923309326172,28300
2024-09-20,116.91942194342394,117.14474125537645,116.43940294285504,116.9684066772461,42100
2024-09-23,117.22312279267645,117.43863620549891,117.09576546462046,117.28189849853516,47200
2024-09-24,117.58557432041655,117.66394690516137,117.17412946153786,117.60517120361328,42800
2024-09-25,117.6081181555508,117.83426450252561,117.20497662146913,117.41146850585938,39500
2024-09-26,118.35539870417776,118.3848954010566,117.56878511279406,118.07025146484375,47200
2024-09-27,118.29640601071092,118.44389700703445,117.7359462260445,117.90310668945312,53200
2024-09-30,117.60812549630727,118.38490441396824,117.14599053881369,118.35540771484375,70700
2024-10-01,118.17840489471442,118.17840489471442,116.53634967045447,117.09680938720703,80100
2024-10-02,116.77234070023299,117.2934690002794,116.31020579213056,117.04765319824219,91800
2024-10-03,116.70351264239007,117.16564755075645,116.35936451797905,116.7330093383789,64400
2024-10-04,117.54911601575614,117.66710279611189,116.7526677398412,117.58843994140625,61600
2024-10-07,117.21482299892321,117.30332060126825,116.45771352052418,116.70352935791016,36700
2024-10-08,117.03782581453322,117.94242622242164,117.03782581453322,117.83426666259766,119800
2024-10-09,117.92276032704656,118.77820204394813,117.86376693336479,118.69953918457031,43800
2024-10-10,118.18823333988733,118.66020297544085,118.01124566426762,118.32588958740234,41100
2024-10-11,118.22756376200546,119.06333597243594,118.22756376200546,118.97484588623047,52800
2024-10-14,119.26983716384466,120.23343096354945,119.26983716384466,120.03678131103516,92000
2024-10-15,120.15477027939991,120.3219307389402,118.97485733952405,119.05352020263672,140400
2024-10-16,119.25998639231058,119.63362368252137,119.1321648855364,119.58446502685547,34000
2024-10-17,120.10562009572386,120.10562009572386,119.32884114647842,119.34850311279297,27500
2024-10-18,119.68280073612749,119.76146359439744,119.37799153746022,119.67296600341797,49900
2024-10-21,119.34849368895172,119.574647543084,118.67004712996177,119.23050689697266,52300
2024-10-22,118.49305233843347,118.97484921411295,118.47338287314687,118.74869537353516,65500
2024-10-23,118.40455982256012,118.52255411422759,117.25414361018969,117.86376953125,86100
2024-10-24,118.43405969634891,118.51272255957024,117.90310412386383,118.26690673828125,47100
2024-10-25,118.8371954879596,119.27966094416664,118.10958279266461,118.22756958007812,79600
2024-10-28,118.82735121826785,118.88635210894249,118.38488579757218,118.4242172241211,70300
2024-10-29,118.13906658052467,118.85684446453627,118.13906658052467,118.65036010742188,74400
2024-10-30,118.22756014225273,118.83718600146922,118.10957336425781,118.10957336425781,54000
2024-10-31,117.4901304169335,117.4901304169335,116.02507019042969,116.02507019042969,42500
2024-11-01,116.4675250536269,117.19514523543718,116.4675250536269,116.55602264404297,36000
2024-11-04,116.54619879006766,117.07716187701625,116.28072099744521,116.64452362060547,43900
2024-11-05,116.75267670487584,118.05058390036999,116.68384857714899,118.03092193603516,46500
2024-11-06,120.35142899378008,120.5579133858438,119.56481535588661,120.43009185791016,92500
2024-11-07,120.94137896014925,121.85581407674533,120.94137896014925,121.65916442871094,121600
2024-11-08,121.8754829352031,122.72108997265168,121.84598623649966,122.45561218261719,59800
2024-11-11,122.77024404346677,123.0848879681453,122.66208449107388,122.85873413085938,41400
2024-11-12,122.68174760200714,122.85873528015088,121.92463822987736,122.20978546142578,55700
2024-11-13,122.31794738769531,122.76041284078664,122.08196631282681,122.31794738769531,61000
2024-11-14,122.43593621141389,122.46544041025358,121.43301100025835,121.49200439453125,37200
2024-11-15,120.71521824727346,120.71521824727346,119.68279640126063,119.91877746582031,39300
2024-11-18,120.0859312970963,120.78404726529753,119.85978496321427,120.52840423583984,72200
2024-11-19,119.66314619599606,120.85290144604102,119.4664965274966,120.61691284179688,152200
2024-11-20,120.7742304047333,120.97088005992477,119.96795481572266,120.9413833618164,43900
2024-11-21,121.53134048287328,122.37694750781186,120.6857334579347,122.1802978515625,86200
2024-11-22,122.11146337730206,122.73091651383649,122.08196668056753,122.62275695800781,43500
2024-11-25,123.39953767027983,123.60602205223287,122.71125639710299,123.0553970336914,63600
2024-11-26,123.1930555723063,123.60602434386878,122.9669017202392,123.47820281982422,40000
2024-11-27,123.30121282163229,123.41919961032335,122.65225547701846,122.8980712890625,61600
2024-11-29,123.0062321402722,123.82234244525101,122.9963974072101,123.49786376953125,34800
2024-12-02,123.53719558193485,123.99933051513936,123.48802941817564,123.95999908447266,39600
2024-12-03,123.77317385533635,123.93049957443282,123.50769608149007,123.8616714477539,62300
2024-12-04,124.29430421133108,124.91375732421875,124.19597189036551,124.91375732421875,105500
2024-12-05,124.73677495117916,124.7957683449039,124.32380619169955,124.33363342285156,61300
2024-12-06,124.59911390728173,125.02191738336006,124.5106163183941,124.58927917480469,88800
2024-12-09,124.60895408117439,124.67778220811351,123.90100334597008,124.00916290283203,62300
2024-12-10,123.99932775245816,124.05832114629217,123.3405431823011,123.38970184326172,62600
2024-12-11,124.05831958987827,124.60895209833257,124.05831958987827,124.3631362915039,69200
2024-12-12,124.18615246847168,124.35330542189917,123.81250762939453,123.81250762939453,83300
2024-12-13,124.32380446301833,124.363135892189,123.56668757946335,123.9010009765625,58900
2024-12-16,124.10749089730363,124.62861922911337,124.10749089730363,124.41230010986328,58600
2024-12-17,123.81076131034887,124.02770733473156,123.50505061817816,123.69242095947266,59700
2024-12-18,123.66283105690859,123.88964064584312,119.81685638427734,119.81685638427734,95500
2024-12-19,120.67480712247077,120.95092706958029,119.44212341308594,119.44212341308594,175100
2024-12-20,119.11669175805574,121.95679228375526,119.01807856716349,121.05940246582031,92500
2024-12-23,120.97064590702286,121.71025612781469,120.29020962001324,121.69053649902344,126700
2024-12-24,121.78914574496278,122.82460303000883,121.78914574496278,122.78515625,57700
2024-12-26,122.44987632714124,123.06129020135393,122.30195276618761,122.96267700195312,39100
2024-12-27,122.23290673524393,122.27235351456915,120.90160990875937,121.64122009277344,55600
2024-12-30,120.29021330799546,120.93120283337045,119.5308759114276,120.28034973144531,110900
2024-12-31,120.67481010443463,120.8325897108085,119.61963312407518,119.90560913085938,113100
2025-01-02,120.53674825112948,120.87203461177003,118.88002102961863,119.63935089111328,103700
2025-01-03,120.03380952707397,121.05940327132673,119.94505238808743,120.9410629272461,54700
2025-01-06,121.74970699069253,122.30194689981194,121.22705028760387,121.47358703613281,71700
2025-01-07,121.89762528379926,121.89762528379926,120.11270170906725,120.42826843261719,53900
2025-01-08,120.28034552527059,120.85231256590637,119.8661656091016,120.68466186523438,114900
2025-01-10,119.97464309684986,119.97464309684986,118.54472548667191,118.81098937988281,91500
2025-01-13,117.73607879392283,119.21529915654725,117.66704881128184,119.1955795288086,67100
2025-01-14,119.71823199599875,119.98448834152173,118.83069830474953,119.59989166259766,388000
2025-01-15,121.26649707021303,121.72998736124018,120.96079390962257,121.47358703613281,55700
2025-01-16,121.81873694311106,122.03569048554475,121.21718667498293,121.66095733642578,125000
2025-01-17,122.85418298989212,123.15002254659022,122.5287527061908,122.69639587402344,107200
2025-01-21,123.2782357281233,123.89950561523438,123.13031217680037,123.89950561523438,97100
2025-01-22,124.32354859404224,124.72787246437919,124.31368501767432,124.33341217041016,101900
2025-01-23,124.08687851235553,124.60953521728516,123.80089498021007,124.60953521728516,146700
2025-01-24,124.69827972280068,124.83633969490609,124.10659305324836,124.2545166015625,68000
2025-01-27,121.75956179180803,122.78515549461635,121.75956179180803,122.52875518798828,71500
2025-01-28,122.80487324977777,123.6036498376747,122.13429305138781,123.32752990722656,108900
2025-01-29,123.23878497651226,123.35711779479547,122.32166801629684,122.67668151855469,77300
2025-01-30,123.10072868754902,123.97839889334999,122.9922519184092,123.58393859863281,94400
2025-01-31,124.02769596361048,124.42215623999488,122.66681590997348,122.78515625,66800
2025-02-03,120.98050222407686,122.43013937363894,120.48742877313487,121.8187255859375,129900
2025-02-04,121.85818148061165,122.38083817391556,121.75956828778713,122.33153533935547,154400
2025-02-05,122.35125183395323,123.12044525146484,121.78914837317903,123.12044525146484,118100
2025-02-06,123.27824375425858,123.27824375425858,122.32167992029068,122.96267700195312,156600
2025-02-07,123.23878440704802,123.33739759639639,121.67080685870384,121.8581771850586,172300
2025-02-10,122.42028246325557,122.6766827783424,122.16388214816875,122.49917602539062,104200
2025-02-11,122.09485090841385,122.69640114703385,122.09485090841385,122.67668151855469,68600
2025-02-12,121.35523921013463,122.30193936330356,121.15801283294677,122.16387939453125,400800
2025-02-13,122.42028856165722,123.47546555573886,122.23291822317861,123.42616271972656,55200
2025-02-14,123.38670914134451,123.51490553636172,123.12044525146484,123.12044525146484,31500
2025-02-18,123.4655917328978,123.78115844726562,123.09085861074348,123.78115844726562,71700
2025-02-19,123.465588135953,123.97838873417616,123.28808139406092,123.9389419555664,54800
2025-02-20,123.84033969434918,123.93895288771999,122.9034955480655,123.65296936035156,63200
2025-02-21,123.78116692505053,123.78116692505053,121.41442016704505,121.53275299072266,61800
2025-02-24,121.8976346884934,122.10472466145325,120.86217729998936,121.06926727294922,74500
2025-02-25,121.04954190842291,121.17773830740946,119.91547137561942,120.45785522460938,48400
2025-02-26,121.019953379785,121.72998037861281,120.26061602459812,120.6649398803711,222700
2025-02-27,120.90161773494115,121.05940486245586,118.76168060302734,118.76168060302734,466900
2025-02-28,118.91946557221225,120.58605644418341,118.42639206203897,120.49730682373047,150600
2025-03-03,120.9213453526394,121.1974653031474,118.04179045405984,118.7025146484375,139800
2025-03-04,117.91359326633702,118.96877022654964,116.34562319056963,117.38107299804688,117700
2025-03-05,117.39093341613761,118.82084347910451,116.64145963014812,118.35735321044922,93100
2025-03-06,116.88799910743437,117.90372928236911,115.98074570105616,116.37520599365234,107600
2025-03-07,115.89198356364489,117.26273471413671,114.87625343251328,117.0852279663086,84100
2025-03-10,115.38905419914876,115.80323410338934,113.05188327029867,113.83094024658203,91800
2025-03-11,113.68303120951798,114.08735511313661,112.08547779681298,112.69688415527344,132300
2025-03-12,113.84081043122411,114.00845361309585,112.46020314657076,113.25897979736328,78500
2025-03-13,113.11105118253437,113.11105118253437,111.34585477807828,111.65155792236328,107500
2025-03-14,112.67715522970944,114.14651211268695,112.50950452630187,113.99858856201172,140600
2025-03-17,113.79150174530062,115.64545539704717,113.72247175623836,115.15238189697266,105100
2025-03-18,114.75398286426055,114.75398286426055,113.64677426707034,114.0125503540039,157100
2025-03-19,114.18059840238669,115.94026356061731,114.03231040250684,115.12963104248047,83100
2025-03-20,114.39808791079889,115.55472074846372,114.29923175704174,114.69465637207031,110500
2025-03-21,113.75552269446482,114.67489934434623,113.44906632525161,114.526611328125,93200
2025-03-24,115.80187093480077,116.81022336546422,115.80187093480077,116.59273529052734,145200
2025-03-25,116.76079249464787,117.04748063744836,116.454336136797,116.9090805053711,47100
2025-03-26,116.7212464121358,116.95850269965875,115.27792538782232,115.55472564697266,62600
2025-03-27,115.16917855846891,115.75243515578538,114.7243220873713,114.96157836914062,58800
2025-03-28,114.67488881235359,114.78363284477908,112.65819158679155,112.84602355957031,44200
2025-03-31,111.64986209628957,113.74564000812016,111.16545405170346,113.55781555175781,93000
2025-04-01,113.16237525307608,114.16083982482145,112.42094273333521,113.94335174560547,104000
2025-04-02,112.75705441814102,115.15929606737522,112.58899819161951,114.70455169677734,58500
2025-04-03,110.7798969145834,111.54110515825136,109.38600776094097,109.45520782470703,166100
2025-04-04,106.89479483911332,107.23091483588213,103.01957602210864,103.06900787353516,1021600
2025-04-07,100.11315374464553,106.17313341909387,98.34360818330708,102.55493927001953,345400
2025-04-08,105.86668408377652,106.36097247533526,99.48047896990656,100.80517578125,214700
2025-04-09,100.11314823925163,110.47343425089713,100.04394817944181,109.75177001953125,314300
2025-04-10,107.53737187198622,107.68565988495571,103.5039771388727,106.30165100097656,109000
2025-04-11,106.14348376072235,108.39743744624062,105.32296328365896,108.06131744384766,105800
2025-04-14,109.99891488612688,110.19663473133251,108.4171938356864,109.3563461303711,92000
2025-04-15,109.37613226091663,110.07802085633249,108.97081971077154,109.22784423828125,56200
2025-04-16,107.92291897518231,108.70389549095393,105.90622155640024,106.8947982788086,68600
2025-04-17,107.40885861560346,108.30845947934895,106.92445815050975,107.43851470947266,114400
2025-04-21,106.31154020163308,106.50925252655628,103.73135438750394,104.78913116455078,126900
2025-04-22,106.20278872666618,107.84382202694277,106.11381290710932,107.68565368652344,73000
2025-04-23,110.20652820365264,111.0665850616739,108.81263150759692,109.08943176269531,93600
2025-04-24,109.6430421469269,111.6004197308884,109.34646612887629,111.52133178710938,52200
2025-04-25,111.40270610814268,112.31219482421875,111.0566982437247,112.31219482421875,67200
2025-04-28,112.32208143026297,112.61864989923713,111.30384114761864,112.37150573730469,78900
2025-04-29,111.92664959951682,113.24145835509165,111.92664959951682,113.08328247070312,54600
2025-04-30,111.79813587452692,113.74563318885268,110.78979095467751,113.51826477050781,66700
2025-05-01,114.42775661522533,115.06044511969691,113.69621194610045,113.73575592041016,83100
2025-05-02,115.21861338413952,115.91061403311228,115.02089352568915,115.54483795166016,54800
2025-05-05,114.7935301001156,115.88096297095936,114.7935301001156,115.30758666992188,56100
2025-05-06,114.09164091462085,114.99124179239396,113.84449673886844,114.24980926513672,74400
2025-05-07,114.49694225017231,115.08020636990655,113.68630973462376,114.78363037109375,71900
2025-05-08,115.6140332871906,116.8299858546354,115.13952073080318,115.77220916748047,64500
2025-05-09,115.99959042882229,116.18742242193173,115.34713370588946,115.52507781982422,96300
2025-05-12,118.88623715383267,119.29154968261719,118.15468495864991,119.29154968261719,58100
2025-05-13,119.34097911158698,120.53715600029567,119.28166692375993,120.1318359375,75800
2025-05-14,120.20103009606856,120.32954988636574,119.7364054105241,120.05274963378906,121800
2025-05-15,119.795732116987,121.16985321044922,119.795732116987,121.16985321044922,68900
2025-05-16,121.35768128568087,122.07933807373047,121.09076134536738,122.07933807373047,99300
2025-05-19,120.67555885596687,122.23751187007882,120.67555885596687,122.17819213867188,78100
2025-05-20,121.75311215474366,122.0101366708947,121.19950406418664,121.78276824951172,64700
2025-05-21,120.83373398292979,121.63447870054324,119.5584691282821,119.67709350585938,92900
2025-05-22,119.59801602154114,120.32956068934796,119.40029615034884,119.5386962890625,72000
2025-05-23,118.13491299651324,119.2322337122451,118.13491299651324,118.74783325195312,70200
2025-05-27,120.13183522238194,121.3280196462116,119.96377899637801,121.25881958007812,83800
2025-05-28,121.28846722556196,121.55537959284479,120.43829073385959,120.56680297851562,69700
2025-05-29,121.58503732948986,121.58503732948986,120.18126032828802,120.8534927368164,58400
2025-05-30,120.55692971941043,120.99190589597808,119.56835298520537,120.59647369384766,80900
2025-06-02,120.28012135864057,121.03144173798087,119.47937667125612,120.98200988769531,73800
2025-06-03,121.0017888393109,122.0595656000724,120.90293267837127,121.9211654663086,97200
2025-06-04,122.19796381834762,122.40556401573915,121.97058786373319,122.0101318359375,50100
2025-06-05,122.30670705612243,122.78121963498657,121.26869853371475,121.68389892578125,75400
2025-06-06,122.59340023684932,122.86031263065513,122.26716811156528,122.5340805053711,40300
2025-06-09,122.78121932007872,122.83065117044428,122.3956750223999,122.42533111572266,50400
2025-06-10,122.53407883117326,123.11734300558234,122.4055665755029,122.97894287109375,69500
2025-06-11,123.20630493235488,123.41390512337826,122.31659198289502,122.55384826660156,54100
2025-06-12,122.22762183436153,123.00859832763672,122.22762183436153,123.00859832763672,36200
2025-06-13,121.69378153997182,122.32646997924881,121.04132488669792,121.20938110351562,32700
2025-06-16,121.96135952135417,122.81340537779438,121.90191692261527,122.46664428710938,50100
2025-06-17,121.88209967654844,122.17932779275222,121.17866786427948,121.36691284179688,50200
2025-06-18,121.43626614504106,121.88210076450139,121.02015282570142,121.21829986572266,39700
2025-06-20,121.76321684642282,121.951454268778,120.61394283748535,120.91117095947266,50800
2025-06-23,120.89134971485039,122.04062370472589,120.50495769797071,122.01090240478516,56200
2025-06-24,122.87284504444212,123.72489088055012,122.75395984980126,123.55646514892578,36900
2025-06-25,123.83387021836626,123.84377983722408,123.26914288466149,123.51683044433594,30800
2025-06-26,123.84379161674636,124.2202740220842,123.60601365331325,124.2004623413086,40800
2025-06-27,124.28962280787837,125.30019235248267,124.17073760886021,124.80481719970703,40000
2025-06-30,125.23083748393582,125.82528614292482,125.01287121191406,125.57759857177734,43800
2025-07-01,125.12186297196659,125.76585221310208,125.12186297196659,125.50825500488281,30000
2025-07-02,125.35963373620078,126.0729751586914,125.35963373620078,126.0729751586914,45200
2025-07-03,126.3900246420974,127.02411183423868,126.3008607368618,126.89530944824219,46700
2025-07-07,126.42964894991593,126.51881285048695,125.32000587025105,125.86492156982422,40900
2025-07-08,125.95407307880274,126.24139155041757,125.76583567650802,125.81536865234375,333900
2025-07-09,126.31075941055548,126.66743013958285,125.91445776065558,126.4593734741211,27100
2025-07-10,126.48908984807537,126.93492446258082,126.22159059113707,126.64761352539062,44000
2025-07-11,126.01353941760476,126.20177684407709,125.90455627441406,125.90455627441406,41300
2025-07-14,125.73612451897351,126.27112303055952,125.60732214200007,126.16213989257812,73800
2025-07-15,126.76650080460182,126.91512242364227,125.46862030029297,125.46862030029297,48200
2025-07-16,125.65687451528845,125.89465249381279,124.43824820255317,125.80548858642578,82800
2025-07-17,125.9243633047496,126.76649955926341,125.77574924599422,126.73677825927734,31900
2025-07-18,127.093451937294,127.093451937294,126.39002010554603,126.68724822998047,43800
2025-07-21,126.81603835649197,127.19252830801075,126.52871986253156,126.55844116210938,49000
2025-07-22,126.66742023066243,127.0637218495605,126.35038044730891,126.91511535644531,24300
2025-07-23,127.30152351807318,127.88606262207031,127.04391874043621,127.88606262207031,73000
2025-07-24,127.88606262207031,128.1634715228707,127.73744099243716,127.88606262207031,29900
2025-07-25,128.11391025995687,128.70836644704633,128.09409102234756,128.6291046142578,12400
2025-07-28,128.72819354001842,128.7777340840584,128.36162072589516,128.54986572265625,27100
2025-07-29,128.8669046290562,129.0056090726485,128.2625463139075,128.460693359375,69300
2025-07-30,128.45076578499254,128.8767962600366,127.71762026433191,128.35169982910156,60200
2025-07-31,128.6092836140455,128.95605223803665,127.13307546183137,127.41048431396484,34800
2025-08-01,126.36030071628808,126.36030071628808,124.95343703151086,125.6667709350586,37800
2025-08-04,126.55844085594727,127.915771484375,126.32066290107504,127.915771484375,51800
2025-08-05,128.04456594930954,128.084189306986,127.00427517792845,127.19252014160156,38400
2025-08-06,127.37085017560179,127.97520843496395,127.1231626122181,127.8563232421875,23200
2025-08-07,128.80742927776774,128.96595293950247,127.2519593102349,127.87613677978516,23500
2025-08-08,128.1436476482537,128.82726781395255,128.1436476482537,128.63902282714844,39100
2025-08-11,128.63900609590982,128.83715311816587,128.04456502914167,128.1436309814453,24900
2025-08-12,128.49039750207967,129.62975419960924,128.42103773072034,129.56040954589844,95500
2025-08-13,129.9567171123944,130.44219020950172,129.8576511514021,130.34310913085938,126600
2025-08-14,129.7684667381351,130.09541614288102,129.55050046830445,129.96661376953125,18500
2025-08-15,130.0954128897608,130.0954128897608,129.33253096443,129.45143127441406,31000
2025-08-18,129.32264977870886,129.73876313669678,129.21366662892737,129.51089477539062,130700
2025-08-19,129.26320001203274,130.0458861406303,128.97587394323,129.11459350585938,191000
2025-08-20,129.16412869422493,129.16412869422493,127.9752312020059,128.89663696289062,62200
2025-08-21,128.48047939564958,128.8866906081493,128.14362795400763,128.4309539794922,59800
2025-08-22,128.76781495182502,130.7691347480482,128.7479957133061,130.45208740234375,45500
2025-08-25,130.17467912957704,130.37282616272464,129.81800842285156,129.81800842285156,30700
2025-08-26,129.88735532242913,130.35300911886938,129.75855296071003,130.32327270507812,23900
2025-08-27,130.2440361629595,130.88801778653934,130.03597195606412,130.7493133544922,71900
2025-08-28,130.88801360642464,131.32394612683618,130.6601452862636,131.18524169921875,85900
2025-08-29,131.02672437819592,131.02672437819592,130.27375960862213,130.45208740234375,31100
2025-09-02,128.80744027183832,129.42171573407842,128.3517036025131,129.35235595703125,57700
2025-09-03,129.837824617713,130.13505271929134,129.47123674145172,130.10533142089844,40700
2025-09-04,129.9666205926787,130.8880262576357,129.64958834933077,130.83848571777344,94700
2025-09-05,131.43294583219662,131.710354722416,130.05580344230364,130.8781280517578,88400
2025-09-08,131.03663711919594,131.26452058661397,130.85830931093912,131.20506286621094,56800
2025-09-09,131.18525874372736,131.20506286621094,130.62052378227932,131.20506286621094,48600
2025-09-10,131.56173463710584,131.7499796257386,130.9276550066671,131.21498107910156,123100
2025-09-11,131.6905156329328,132.86951079748323,131.66079433614988,132.75062561035156,145500
2025-09-12,132.62183590455138,132.77044240265036,132.3246077907035,132.40386962890625,47700
2025-09-15,132.67136931423263,133.08748260420046,132.67136931423263,132.96859741210938,65300
2025-09-16,132.99341901147994,133.01328784427074,132.2981614185909,132.48687744140625,49300
2025-09-17,132.51667699706368,133.27152595497174,132.14918693479626,132.44715881347656,138100
2025-09-18,133.28147303221087,133.97673067199298,133.03316564975438,133.49998474121094,141900
2025-09-19,133.94692233173257,134.0661050142875,133.30132926058874,133.86746215820312,51100
2025-09-22,133.69861457743093,134.77130418368887,133.5794318952284,134.66204833984375,81200
2025-09-23,134.5726722264683,134.87062895610444,133.8575457643823,133.99659729003906,41600
2025-09-24,134.16543430192587,134.16543430192587,133.16227802553135,133.39071655273438,99500
2025-09-25,132.62592307239657,133.02320877770273,132.1690460268423,132.8643035888672,56900
2025-09-26,133.10267596527157,133.96679591084865,133.0132889501881,133.8972625732422,65500
2025-09-29,134.53293820400017,134.7017854071954,134.0561922681854,134.2747039794922,67600
2025-09-30,134.14556565092312,134.84082322735784,133.89725829109082,134.7315673828125,87000
2025-10-01,134.1753715808878,135.3175946167393,134.1753715808878,135.1785430908203,31700
2025-10-02,135.66519930592935,135.66519930592935,134.99973743052436,135.5857391357422,39300
2025-10-03,135.60561755896612,136.2412838099483,135.53609937730874,135.64535522460938,127200
2025-10-06,136.25120085406445,136.38032552490444,135.74465931961777,136.0625,77600
2025-10-07,136.3604724423195,136.53926163455301,135.0891398849149,135.26792907714844,50700
2025-10-08,135.4268498362807,136.14197629637104,135.36724333504017,136.1320343017578,45000
2025-10-09,136.20156136364858,136.4101310641974,135.2182587374818,135.48643493652344,48600
2025-10-10,135.83406106288865,136.03271908741678,131.97039891129583,132.03993225097656,38300
2025-10-13,133.69861120085687,134.22502157459468,133.4006393473975,133.90719604492188,35100
2025-10-14,132.68551670460522,134.42366821743073,132.30809982468847,133.86746215820312,48600
2025-10-15,134.86070093763902,135.38711136269913,133.6092372176719,134.40382385253906,36300
2025-10-16,134.76137533214427,135.01962470940614,132.95370546871072,133.49998474121094,156600
2025-10-17,133.2616121037698,134.74152964697862,133.2318164285458,134.4435577392578,212000
2025-10-20,135.09906820530935,136.06250194269188,134.9699435326257,135.8837127685547,31100
2025-10-21,135.84399015221567,136.4299918646569,135.69499664797397,136.20155334472656,30000
2025-10-22,136.17175040216006,136.17175040216006,134.55278170649817,135.32749938964844,61500
2025-10-23,135.18846646471903,136.3207474768871,135.18846646471903,136.08236694335938,52600
2025-10-24,137.0457936182227,137.43315249284197,136.86701959400386,137.02593994140625,58800
2025-10-27,138.27741128153318,138.68463901113614,138.06882641951137,138.6051788330078,74800
2025-10-28,138.9230032905594,139.23090200619532,138.4065348700317,138.85348510742188,42100
2025-10-29,139.3103670866496,139.3103670866496,137.9099249809364,138.56544494628906,123400
2025-10-30,138.34691827344864,139.32029401016865,138.08868408203125,138.08868408203125,49500
2025-10-31,138.71442130229673,139.01239315266406,137.96949925411732,138.58529663085938,63900
2025-11-03,139.0421963841711,139.0421963841711,137.830455240792,138.8236846923828,55600
2025-11-04,137.25439556816738,138.0291134139225,137.04581069178084,137.16500854492188,56300
2025-11-05,136.98621240296916,138.2277492923038,136.98621240296916,137.63182067871094,40300
2025-11-06,137.36365114720846,137.42324249591778,135.75460895465534,136.14198303222656,52900
2025-11-07,135.4665770662394,136.17177671175637,134.25483580863346,136.16183471679688,68900
2025-11-10,137.25438642165884,138.34692977352975,136.8272898577021,138.12843322753906,60200
2025-11-11,137.7808023508735,138.5555201759782,137.7808023508735,138.3866729736328,69100
2025-11-12,138.83360770713014,138.87334537116737,138.42638000587903,138.70448303222656,173600
2025-11-13,137.9993104880213,138.15823084687165,136.2114943396542,136.4498748779297,64200
2025-11-14,134.97986823810044,137.05572918442843,134.97986823810044,136.3803253173828,71700
2025-11-17,135.86384349787656,136.5094517037307,134.304481214524,134.86068725585938,79200
2025-11-18,134.0959101856898,134.75144529714382,133.13247635216845,133.92706298828125,100200
2025-11-19,134.0065256969856,135.24806260326008,133.85754733042458,134.45347595214844,74000
2025-11-20,136.50946379822943,136.92661836619013,132.34782980209002,132.44715881347656,64000
2025-11-21,133.0629628782226,135.16860465630702,132.46701909117076,133.9568634033203,48400
2025-11-24,134.7315752518762,136.1618281529214,134.49320987202157,135.99298095703125,77400
2025-11-25,135.90359210434679,137.60200603479308,135.44669987332966,137.5126190185547,58500
2025-11-26,137.89997936025296,138.65484347547675,137.8900525212819,138.28733825683594,68300
2025-11-28,138.40653778286412,138.83361919599776,138.337004442784,138.74423217773438,28200
2025-12-01,137.85030824221667,138.8634065214077,137.77086322330004,138.27740478515625,87500
2025-12-02,138.6548518651993,138.903159253815,138.2476241105543,138.59524536132812,78300
2025-12-03,138.4661382452358,139.41963014711732,138.2376845317704,139.28057861328125,82800
2025-12-04,139.36997985839844,139.45936688194786,138.92301442969043,139.36997985839844,54700
2025-12-05,139.51893513480252,140.14467450702352,139.48913946521847,139.6083221435547,84000
2025-12-08,139.9559722087853,139.9559722087853,138.82369118721743,139.15145874023438,76200
2025-12-09,138.97267047701052,139.53881856931173,138.97267047701052,139.0620574951172,84000
2025-12-10,138.9726718341061,140.41285159886857,138.83362030831137,139.99569702148438,101700
2025-12-11,139.50901452004382,140.52209764204957,139.2110426554333,140.412841796875,64100
2025-12-12,140.29366778288457,140.37312796205632,138.48598280655634,138.74423217773438,102600
2025-12-15,139.608323759949,139.608323759949,138.24760431492956,138.40652465820312,140600
2025-12-16,138.21036876354106,138.6186306950153,137.48347412030853,138.13070678710938,126000
2025-12-17,138.35971528394822,138.35971528394822,136.50761625171813,136.54745483398438,80400
2025-12-18,137.88176276535694,138.3497673601509,137.2046435923489,137.5033721923828,73500
2025-12-19,137.94150519392903,138.94720911176788,137.94150519392903,138.88746643066406,115300
2025-12-22,139.55462489542847,139.81353011762738,139.2658635252471,139.7438201904297,90400
2025-12-23,139.46500120477216,140.17199170120895,139.45504915613438,140.14212036132812,68000
2025-12-24,140.11226317330414,140.6300432461811,139.94297197159057,140.5603485107422,22800
2025-12-26,140.5105488322504,140.76943885202843,140.4806774912748,140.67982482910156,112700
2025-12-29,140.13215516892893,140.52049778702872,139.8533458633172,140.18194580078125,36500
2025-12-30,140.07242189716868,140.24169790166295,139.88322659980196,139.92306518554688,45900
2025-12-31,139.8334247484022,139.88321537960522,138.71818754049747,138.75802612304688,41300
2026-01-02,139.52475204732647,139.65420465702852,138.39956272672978,139.05674743652344,67800
2026-01-05,139.68408665097178,140.3412866048518,139.50485858753328,139.99276733398438,79800
2026-01-06,139.9628844814064,141.19762230589794,139.9628844814064,141.0880889892578,99600
2026-01-07,141.19762756875073,141.506308237887,140.71967089376452,140.74954223632812,132000
2026-01-08,140.51055371506052,140.71966830312465,140.25166368628598,140.48068237304688,88000
2026-01-09,140.80928513572618,141.7651984871532,140.6698804722277,141.48638916015625,89900
2026-01-12,140.68978300868656,141.80503549825607,140.68978300868656,141.6755828857422,112000
2026-01-13,141.74529233643858,141.81498707019466,140.99847839408426,141.44656372070312,82900
2026-01-14,140.99847568830853,140.99847568830853,139.99275654109803,140.8092803955078,106000
2026-01-15,141.8846832491871,142.03403994559775,141.1577734760763,141.25735473632812,86000
2026-01-16,141.64571506363086,141.64571506363086,140.9188203935383,141.1577911376953,52900
2026-01-20,139.10654359719848,139.57454822659514,138.04109691752893,138.2103729248047,105700
2026-01-21,138.62857980164188,140.75948824555897,138.62857980164188,140.12220764160156,76400
2026-01-22,141.03829539637007,141.27728131692564,140.5503715063071,140.95863342285156,72800
2026-01-23,140.87898623639578,141.0482622501524,140.41098158908127,140.72962951660156,98200
2026-01-26,140.95863614157508,141.78511203955645,140.95863614157508,141.59591674804688,104200
2026-01-27,141.97430624843213,142.3626488776338,141.9145635660885,142.01412963867188,225300
2026-01-28,142.38257113339512,142.57175123343168,141.88469517821096,142.14358520507812,225000
2026-01-29,142.08384258556097,142.08384258556097,139.61438210104512,141.26731872558594,54500
2026-01-30,140.82918727153643,141.15778722962375,139.71394997909604,140.57029724121094,282000
2026-02-02,140.0425371347682,141.59590756265226,139.9628751648809,141.3469696044922,25300
2026-02-03,141.26730754279498,141.26730754279498,138.30992338625802,139.2260284423828,61800
2026-02-04,139.47497576089748,139.61438041897364,137.9116379866445,138.96713256835938,50000
2026-02-05,138.02117305402948,138.35972505737053,136.8660971901935,137.02542114257812,46900
2026-02-06,138.4493338277872,140.6798234946051,138.4493338277872,140.36119079589844,54900
2026-02-09,139.9230577997397,141.4266376619181,139.9230577997397,141.09803771972656,27500
2026-02-10,141.09803638280147,141.47642695397633,140.65990313069747,140.77940368652344,38800
2026-02-11,141.71542367550342,141.7253757250944,140.19190922582476,140.8391571044922,35200
2026-02-12,141.29719360231311,141.68553624948856,138.16058108235526,138.26016235351562,46700
2026-02-13,138.65845937160412,139.93302065515772,138.03113077952247,139.03684997558594,35600
2026-02-17,138.60866247937136,139.34552436071894,137.60295852266728,138.91734313964844,55100
2026-02-18,139.20611549381977,140.29148139359066,139.20611549381977,139.7139434814453,30400
2026-02-19,139.255919508194,139.2957429017694,138.5389768720827,139.16629028320312,43400
2026-02-20,138.63853549473998,140.15208266665914,138.63853549473998,139.9728546142578,105000
2026-02-23,139.5645874052985,139.95293003145756,137.85189295301564,138.19044494628906,33300
2026-02-24,138.10082898126137,139.47497142094522,137.8220196737846,139.3953094482422,50000
2026-02-25,139.89319652940662,140.61013914689508,139.84340589325376,140.5603485107422,35400
2026-02-26,140.5902113992921,140.60016344833664,139.04679293517944,140.0325927734375,38400
2026-02-27,138.47921745150032,139.39530733273077,138.47921745150032,139.35546875,83400
2026-03-02,137.81206221105043,139.86332396729773,137.7124961335815,139.36544799804688,130700
2026-03-03,137.0254243118828,138.29998557250278,135.88031566481553,137.8917236328125,67600
2026-03-04,138.30993375031977,139.04679563103858,137.61291045448755,138.54891967773438,54700
2026-03-05,138.01122419684913,138.46926157808855,136.915890991331,137.8917236328125,52700
2026-03-06,136.37818854248573,136.86609725518883,135.69111729222308,136.14915466308594,41300
2026-03-09,134.7550979277331,137.5033675280911,133.94854137077843,137.19468688964844,67300
2026-03-10,137.19470204485066,138.15063059933584,136.4478880845859,136.82627868652344,51200
2026-03-11,136.90594012799318,137.0752161350456,136.08941624153812,136.5972442626953,32500
2026-03-12,135.5118616337275,135.5118616337275,134.06802453249296,134.1576385498047,36200
2026-03-13,134.90447083045876,135.5517187186523,133.28140547304437,133.4108428955078,52300
2026-03-16,134.68539519653018,135.33264304153096,134.51611919847497,134.7750244140625,33600
2026-03-17,135.4946579898756,136.10351120588444,135.23515252554427,135.4048309326172,49600
2026-03-18,134.70615593760408,135.065479410805,133.51839181146514,133.61819458007812,30000
2026-03-19,132.5601953802121,134.27696145251036,132.53025302558623,133.5882568359375,74400
2026-03-20,133.23892255721248,133.23892255721248,131.0530393173951,131.7816619873047,64600
2026-03-23,133.74795417909348,134.73609753235286,133.12912523487813,133.3586883544922,47300
2026-03-24,132.43043238789423,133.35869105308933,132.09107555549537,132.67996215820312,34300
2026-03-25,133.7379766415582,134.1272424608337,132.71989094880382,133.13909912109375,23800
2026-03-26,132.14097997913507,133.0991809651748,131.0330672281304,131.12289428710938,42500
2026-03-27,130.35435594126943,130.35435594126943,128.55773857879987,128.7274169921875,46000
2026-03-30,129.9051926056692,129.9051926056692,127.84906973078708,128.34812927246094,28400
2026-03-31,129.7455001875354,132.04116180776398,129.7455001875354,131.85153198242188,41600
2026-04-01,132.66998012927505,133.60821445774928,132.4803350760616,132.9195098876953,46500
2026-04-02,131.25266033058418,133.66810670069228,130.98316391186842,133.06924438476562,36500
2026-04-06,133.04927750512755,133.81783346747818,133.04927750512755,133.79786682128906,52300
2026-04-07,133.39859836499758,133.8477640994278,132.47035500469468,133.80783081054688,53600
2026-04-08,137.44099455677534,137.4609612028418,136.66246289115787,137.1415557861328,38100
2026-04-09,136.83213959088795,137.4509837704758,136.2332772872044,137.35116577148438,68300
2026-04-10,137.62066172189623,137.62066172189623,136.72234542425923,136.79222106933594,82400
2026-04-13,136.39295764318456,138.489013671875,136.31312152426523,138.489013671875,59200
2026-04-14,139.03798393795924,139.86642456054688,139.02799300040215,139.86642456054688,40000
2026-04-15,140.18582275774196,141.04420578197744,140.0560776328602,141.00428771972656,30800
2026-04-16,141.30372444641355,141.81275969070856,141.01426138645272,141.51332092285156,34400
2026-04-17,142.61125449093805,143.88884565432102,142.50146078642445,143.51953125,38200
2026-04-20,143.22011481326172,143.61935636031026,143.05043639426165,143.5395050048828,41100
2026-04-21,143.79901311502883,144.29807262014643,142.711051819006,142.86077880859375,43700
2026-04-22,143.93875868957983,144.1184128128653,143.62932898266303,144.08847045898438,18800
2026-04-23,143.5993896553435,143.65927436436746,141.98244159134117,143.11032104492188,25400
2026-04-24,143.76906969822198,144.51765902965488,143.49958850457017,144.4877166748047,26100
2026-04-27,144.30804913512037,144.8270752877722,144.22819778624412,144.70729064941406,24800
2026-04-28,143.93875293422508,144.10843134279517,143.25004836232497,143.72914123535156,34400
2026-04-29,143.88885209563585,143.88885209563585,143.16021419211472,143.7091827392578,42900
2026-04-30,144.45776958327528,145.77529407383906,144.05852804497084,145.67547607421875,42400
2026-05-01,146.3741504250484,146.68358011924477,146.04478454589844,146.04478454589844,33800
2026-05-04,145.90503949051273,146.3342386136367,144.93687799667404,145.37603759765625,26200
2026-05-05,146.33424103816938,147.23254213108763,146.33424103816938,147.01295471191406,22100
2026-05-06,147.88132552409058,149.178883365124,147.74158946306167,149.14892578125,63100
2026-05-07,149.25872078804468,149.4084477883647,148.2107079362472,148.38038635253906,46600
2026-05-08,148.8694494510192,149.44836032465707,148.63988633512267,149.30862426757812,35400
2026-05-11,149.18886023746927,149.78773777803238,149.13895123740758,149.5382080078125,32500
2026-05-12,149.1589177890926,149.1688934970632,148.01107170875417,149.1090087890625,27900
2026-05-13,149.27868661971783,149.92747315738808,148.76965137361927,149.7078857421875,12000
2026-05-14,150.10711731730274,151.40467507642919,150.10711731730274,151.0952606201172,24400
2026-05-15,149.77774501718153,150.23688649003734,149.28867642075915,149.31861877441406,28800
2026-05-18,149.68790908746644,150.03725683285987,148.58997208487625,149.50823974609375,25500
2026-05-19,148.8195498316913,149.34855168626902,148.2905479771136,148.52011108398438,29100
2026-05-20,148.85946975753123,150.3466725774047,148.76964270111884,150.3267059326172,37900
2026-05-21,149.56814554731326,150.48641324455326,149.3485581381811,150.29676818847656,25200
2026-05-22,151.19507653834498,151.76401173403698,150.90562870147468,151.1751251220703,54600
2026-05-26,152.04347448251605,152.65232770328322,151.66418437545482,152.39280700683594,40700
2026-05-27,152.5026109238213,152.53256850856903,151.8338729529583,151.8638153076172,50000
2026-05-28,151.84386125442785,153.191312880945,151.7240766077836,152.9717254638672,22300
2026-05-29,153.46079806550733,154.02973321268,153.46079806550733,153.5406494140625,36500
2026-06-01,153.68038617234657,155.18754040426762,153.68038617234657,154.95797729492188,38600
2026-06-02,154.86815428067277,155.52691650390625,154.85816334299207,155.52691650390625,15100
2026-06-03,155.2673976225613,155.2673976225613,154.15948486328125,154.15948486328125,34200
2026-06-04,153.60054109505396,155.07775303520592,153.60054109505396,154.7184295654297,20900
2026-06-05,153.63048547778268,153.63048547778268,150.37662279133448,150.60618591308594,20400
2026-06-08,151.87379327347702,152.38282848928714,151.01541030970137,151.05532836914062,62400
2026-06-09,151.83386277957635,152.13330153619054,147.59185687945723,150.80580139160156,21500
2026-06-10,149.8875432066444,150.93557130617464,148.4302978515625,148.4302978515625,37100
2026-06-11,149.08903127028182,151.3647413888777,148.50014471110296,150.9654998779297,32700
2026-06-12,151.56438680047063,152.10336439677906,150.60618579248103,151.76400756835938,31800
2026-06-15,153.99000549316406,154.72000122070312,153.99000549316406,154.27000427246094,36100
2026-06-16,154.14999389648438,154.55999755859375,153.3699951171875,153.3699951171875,16300
2026-06-17,153.6999969482422,154.0800018310547,151.35000610351562,151.6300048828125,38700
2026-06-18,153.60000610351562,153.60000610351562,152.8800048828125,153.25,30000
2026-06-22,153.33999633789062,153.77999877929688,152.66000366210938,153.13999938964844,42500
2026-06-23,150.58999633789062,151.83999633789062,150.3300018310547,150.92999267578125,33500
2026-06-24,151.02999877929688,152.25,150.61000061035156,151.08999633789062,31200
2026-06-25,152.3699951171875,152.3699951171875,150.8300018310547,151.5399932861328,24900
2026-06-26,150.55999755859375,151.89999389648438,150.49000549316406,151.1300048828125,227100
2026-06-29,152.11000061035156,153.24000549316406,151.2100067138672,153.1300048828125,33400
2026-06-30,153.00999450683594,154.57000732421875,153.00999450683594,154.3000030517578,28500
2026-07-01,153.6999969482422,154.82000732421875,153.57000732421875,153.94000244140625,20800
2026-07-02,154.2899932861328,155.0399932861328,152.8000030517578,153.8300018310547,24400
2026-07-06,154.42999267578125,155.16000366210938,154.14999389648438,155.02999877929688,24700
2026-07-07,154.55999755859375,154.82000732421875,153.7100067138672,154.24000549316406,43200
2026-07-08,153.2100067138672,153.8699951171875,152.7100067138672,153.75999450683594,31200
2026-07-09,154.39999389648438,155.39999389648438,154.39999389648438,155.17999267578125,64500
2026-07-10,155.07000732421875,155.8699951171875,154.69000244140625,155.75,34600
2026-07-13,155.19000244140625,155.50999450683594,154.36000061035156,154.6199951171875,26500
