date,open,high,low,close,volume
2019-05-10,44.32183274599203,44.32183274599203,43.86273956298828,43.86273956298828,600
2019-05-13,43.55062484741211,43.55062484741211,43.55062484741211,43.55062484741211,200
2019-05-14,44.1131477355957,44.1131477355957,44.1131477355957,44.1131477355957,300
2019-05-15,44.41255569458008,44.41255569458008,44.41255569458008,44.41255569458008,100
2019-05-16,45.029529709945365,45.029529709945365,44.929725646972656,44.929725646972656,800
2019-05-17,44.63121640892998,44.76640319824219,44.63121640892998,44.76640319824219,600
2019-05-20,44.76640319824219,44.76640319824219,44.76640319824219,44.76640319824219,100
2019-05-21,44.55500380289556,44.65753173828125,44.53050965312259,44.65753173828125,1600
2019-05-22,44.5849494934082,44.5849494934082,44.5849494934082,44.5849494934082,400
2019-05-23,44.33089895871749,44.33089895871749,43.922611236572266,43.922611236572266,5800400
2019-05-24,44.349048715186925,44.349048715186925,44.13673839189001,44.176658630371094,1300
2019-05-28,44.22203063964844,44.22203063964844,44.22203063964844,44.22203063964844,500
2019-05-29,43.5506291578444,43.5506291578444,43.17591391976803,43.39638900756836,12300
2019-05-30,43.61050482338758,43.61050482338758,43.47803497314453,43.47803497314453,2200
2019-05-31,43.006233043656266,43.078815601119246,43.006233043656266,43.01530456542969,2900
2019-06-03,43.01530514250493,43.12418071070596,42.7794075012207,42.7794075012207,1200
2019-06-04,43.39636552032642,43.76836013793945,43.39636552032642,43.76836013793945,3700
2019-06-05,43.94076131987489,44.16486358642578,43.9298727234399,44.16486358642578,3100
2019-06-06,44.249244673929816,44.249244673929816,44.21295166015625,44.21295166015625,2600
2019-06-07,44.82083863265121,45.00229674332535,44.82083863265121,44.91156768798828,400
2019-06-10,45.29263761891591,45.29263761891591,45.04766845703125,45.04766845703125,3800
2019-06-11,45.40151986841254,45.40151986841254,45.229129791259766,45.229129791259766,500
2019-06-12,44.938781921653,44.9660034048312,44.938781921653,44.94785690307617,800
2019-06-13,45.12025849035144,45.12025849035144,45.074893951416016,45.074893951416016,300
2019-06-14,45.08397674560547,45.08397674560547,45.08397674560547,45.08397674560547,200
2019-06-17,45.11214828491211,45.11214828491211,45.11214828491211,45.11214828491211,300
2019-06-18,45.52144145723574,45.52144145723574,45.41230010986328,45.41230010986328,400
2019-06-19,45.65696157582868,45.65696157582868,45.60329818725586,45.60329818725586,500
2019-06-20,46.030771797465555,46.158103942871094,46.030771797465555,46.158103942871094,1400
2019-06-21,46.2035800913563,46.22177089383713,46.03077267209965,46.14446258544922,5200
2019-06-24,46.09443638251142,46.13991165161133,46.09443638251142,46.13991165161133,700
2019-06-25,45.84885907262738,45.84885907262738,45.49141663999323,45.57600402832031,4762600
2019-06-26,45.57600402832031,45.57600402832031,45.57600402832031,45.57600402832031,200
2019-06-27,45.56145948685147,45.5696441332194,45.56145948685147,45.56691360473633,2600
2019-06-28,45.767005347428004,45.767005347428004,45.67605481627557,45.757911682128906,9700
2019-07-01,46.16718611680612,46.16718611680612,46.135353088378906,46.135353088378906,300
2019-07-02,46.23995888187189,46.27634048461914,46.219950041223086,46.27634048461914,1200
2019-07-03,46.50373116680342,46.70382308959961,46.47462518389455,46.70382308959961,2800
2019-07-05,46.58557949036861,46.59467315673828,46.58557949036861,46.59467315673828,800
2019-07-08,46.59467315673828,46.59467315673828,46.59467315673828,46.59467315673828,100
2019-07-09,46.08534412112215,46.39458084106445,46.08534412112215,46.39458084106445,1600
2019-07-10,46.59466495383125,46.63104655198658,46.48552362890544,46.5855712890625,139300
2019-07-11,46.56738048998484,46.5855712890625,46.56738048998484,46.5855712890625,1000
2019-07-12,46.84025955200195,46.84025955200195,46.84025955200195,46.84025955200195,200
2019-07-15,46.885726086516094,46.940298501541754,46.885726086516094,46.9221076965332,7100
2019-07-16,47.07671479142603,47.07671479142603,46.80385971069336,46.80385971069336,4700
2019-07-17,46.62194941767766,46.62194941767766,46.5855712890625,46.5855712890625,500
2019-07-18,46.42640529265546,46.621952056884766,46.39184520112961,46.621952056884766,1200
2019-07-19,46.722004200520765,46.722004200520765,46.667435264509,46.67652893066406,800
2019-07-22,46.37639118204774,46.41276931762695,46.37639118204774,46.41276931762695,300
2019-07-23,46.69472286063928,46.69472286063928,46.521915435791016,46.521915435791016,300
2019-07-24,46.794776916503906,46.794776916503906,46.794776916503906,46.794776916503906,100
2019-07-25,46.89481273230948,46.89481273230948,46.752925872802734,46.752925872802734,800
2019-07-26,46.752925872802734,46.752925872802734,46.752925872802734,46.752925872802734,100
2019-07-29,46.752925872802734,46.752925872802734,46.752925872802734,46.752925872802734,100
2019-07-30,47.20405254341384,47.23133701186346,47.20405254341384,47.2131462097168,1000
2019-07-31,46.803862483684725,46.850250244140625,46.77657801485711,46.850250244140625,2400
2019-08-01,46.850250244140625,46.850250244140625,46.850250244140625,46.850250244140625,0
2019-08-02,46.11263139243018,46.11263139243018,45.96165084838867,45.96165084838867,700
2019-08-05,45.475971455476724,45.475971455476724,44.56645202636719,44.56645202636719,5000
2019-08-06,44.957530152224145,45.06667147460199,44.815643310546875,44.815643310546875,600
2019-08-07,44.896602630615234,44.896602630615234,44.896602630615234,44.896602630615234,1500
2019-08-08,44.896602630615234,44.896602630615234,44.896602630615234,44.896602630615234,100
2019-08-09,46.16719436645508,46.16719436645508,46.16719436645508,46.16719436645508,600
2019-08-12,45.939823150634766,45.939823150634766,45.939823150634766,45.939823150634766,1900
2019-08-13,45.42138926326187,45.930721282958984,45.42138926326187,45.930721282958984,400
2019-08-14,45.09032440185547,45.09032440185547,45.09032440185547,45.09032440185547,300
2019-08-15,44.84840356588541,44.84840356588541,44.82930374145508,44.82930374145508,300
2019-08-16,45.55235428924326,45.55235428924326,45.44776153564453,45.44776153564453,4000
2019-08-19,46.03622203233192,46.11262130737305,45.92616821742255,46.11262130737305,2900
2019-08-20,45.80339063094852,45.99438884345183,45.80339063094852,45.94891357421875,4000
2019-08-21,46.05805057161472,46.05805057161472,46.039859771728516,46.039859771728516,300
2019-08-22,46.10353374351465,46.112630879788114,45.99439239501953,45.99439239501953,1400
2019-08-23,46.07624053955078,46.07624053955078,46.07624053955078,46.07624053955078,200
2019-08-26,45.503240665133426,45.503240665133426,45.08486270076773,45.233116149902344,2000
2019-08-27,45.60329818725586,45.60329818725586,45.60329818725586,45.60329818725586,200
2019-08-28,45.621482849121094,45.621482849121094,45.621482849121094,45.621482849121094,800
2019-08-29,46.05715078520383,46.203582763671875,46.05715078520383,46.203582763671875,600
2019-08-30,46.149925231933594,46.149925231933594,46.149925231933594,46.149925231933594,400
2019-09-03,45.79429516315729,45.912533643101916,45.79429516315729,45.87615203857422,900
2019-09-04,46.13081754317074,46.321815753282905,46.13081754317074,46.27634048461914,118200
2019-09-05,46.985762565966176,46.98758060517076,46.93482971191406,46.93482971191406,1200
2019-09-06,46.93482971191406,46.93482971191406,46.93482971191406,46.93482971191406,106500
2019-09-09,46.85843101804658,46.88571548461914,46.703810945207536,46.88571548461914,7600
2019-09-10,46.48734940498512,46.731101989746094,46.48734940498512,46.731101989746094,300
2019-09-11,46.95848140703832,46.96757507324219,46.95848140703832,46.96757507324219,1700
2019-09-12,46.96757507324219,46.96757507324219,46.96757507324219,46.96757507324219,0
2019-09-13,47.38595962524414,47.38595962524414,47.38595962524414,47.38595962524414,300
2019-09-16,47.08308410644531,47.08308410644531,47.08308410644531,47.08308410644531,300
2019-09-17,47.08308410644531,47.08308410644531,47.08308410644531,47.08308410644531,0
2019-09-18,47.13129612957184,47.14039326672704,47.11037826538086,47.11037826538086,1300
2019-09-19,47.41870011347108,47.41870011347108,47.322288513183594,47.322288513183594,1100
2019-09-20,46.98576354980469,46.98576354980469,46.98576354980469,46.98576354980469,200
2019-09-23,46.98576354980469,46.98576354980469,46.98576354980469,46.98576354980469,100
2019-09-24,46.99673141397064,47.04971821940003,46.721739512549235,46.81218719482422,1200
2019-09-25,46.80761751279093,47.08626174926758,46.748232143834244,47.08626174926758,2400
2019-09-26,47.19589809621128,47.19589809621128,46.95562430060852,47.03145217895508,700
2019-09-27,47.1045310083671,47.1045310083671,46.848724365234375,46.848724365234375,200
2019-09-30,46.95835755970578,47.122803443759786,46.95835755970578,47.022308349609375,3900
2019-10-01,47.15934123777833,47.15934123777833,46.4010661411103,46.52439880371094,217600
2019-10-02,45.6610662994873,45.68847278734092,45.386077880859375,45.386077880859375,110800
2019-10-03,45.204275220291684,45.88946533203125,45.204275220291684,45.88946533203125,1100
2019-10-04,46.190948486328125,46.190948486328125,46.190948486328125,46.190948486328125,200
2019-10-07,46.47416045421491,46.574655561800526,46.382803166440965,46.41020965576172,159800
2019-10-08,45.88033594185234,45.99909973144531,45.8163851366692,45.99909973144531,1500
2019-10-09,45.99909973144531,45.99909973144531,45.99909973144531,45.99909973144531,300
2019-10-10,46.35539237344677,46.373661041259766,46.35539237344677,46.373661041259766,500
2019-10-11,47.00404900655591,47.16849493542306,47.00404900655591,47.15022277832031,1100
2019-10-14,46.85786218376946,46.85786218376946,46.848724365234375,46.848724365234375,500
2019-10-15,46.848724365234375,46.848724365234375,46.848724365234375,46.848724365234375,200
2019-10-16,47.10636520385742,47.10636520385742,47.10636520385742,47.10636520385742,900
2019-10-17,47.186756545044474,47.27811382507986,47.186756545044474,47.24156951904297,4000
2019-10-18,47.15933921163303,47.15933921163303,47.110008239746094,47.110008239746094,700
2019-10-21,47.34205647137158,47.34205647137158,47.163907366419146,47.20501708984375,1000
2019-10-22,47.33293345194301,47.3694742753686,47.168487548828125,47.168487548828125,900
2019-10-23,47.09539608330722,47.159346876755286,47.077123930171076,47.08626174926758,1600
2019-10-24,47.588734861300175,47.588734861300175,47.24340056870929,47.36947250366211,5400
2019-10-25,47.65451431274414,47.65451431274414,47.65451431274414,47.65451431274414,200
2019-10-28,47.926753579935614,47.935891397830325,47.87194061279297,47.87194061279297,1900
2019-10-29,47.89020733051364,48.008974562919136,47.862800848057084,47.881072998046875,5800
2019-10-30,47.835403851609776,47.90848898100583,47.826266032274674,47.89021682739258,1600
2019-10-31,47.69562911987305,47.69562911987305,47.69562911987305,47.69562911987305,800
2019-11-01,48.19170193067507,48.209974084211076,48.16429544289955,48.18256759643555,3300
2019-11-04,48.57540851198223,48.57540851198223,48.36528396606445,48.36528396606445,2700
2019-11-05,48.378991748549495,48.378991748549495,48.264793395996094,48.264793395996094,800
2019-11-06,48.23737604264405,48.256561279296875,48.23737604264405,48.256561279296875,800
2019-11-07,48.602811108571395,48.602811108571395,48.52972250279454,48.53886032104492,9300
2019-11-08,48.465774783434206,48.484046936035156,48.45664044966212,48.484046936035156,3200
2019-11-11,48.45664264382693,48.493186950683594,48.45664264382693,48.493186950683594,3500
2019-11-12,48.67589282457689,48.76725357540759,48.538856925915304,48.59366989135742,5600
2019-11-13,48.420085454370366,48.712432861328125,48.420085454370366,48.712432861328125,18500
2019-11-14,48.73984933816405,48.758121490478516,48.70330851859182,48.758121490478516,5200
2019-11-15,49.04133605957031,49.05047039346662,49.04133605957031,49.04133605957031,2400
2019-11-18,49.28800417995259,49.28800417995259,49.05960750023553,49.14183044433594,6600
2019-11-19,49.12355031752056,49.2331797301727,49.05959953638546,49.19207000732422,76800
2019-11-20,49.150958421668676,49.19663705469336,48.831204505439565,49.03310775756836,27500
2019-11-21,48.96824648764006,48.995656458904946,48.93170566771478,48.97098922729492,4000
2019-11-22,49.17837898410083,49.17837898410083,48.931710130559715,49.07057571411133,44700
2019-11-25,49.09615423521038,49.44788360595703,49.09615423521038,49.44788360595703,66800
2019-11-26,49.59862446983694,49.699119567871094,49.57121449806421,49.699119567871094,23600
2019-11-27,49.66257616560885,49.79961208673809,49.63973510289221,49.79047775268555,79000
2019-11-29,49.68997891636272,49.74479537172658,49.5931396484375,49.5931396484375,800
2019-12-02,49.47985343607146,49.47985343607146,49.178371650075114,49.19390106201172,3700
2019-12-03,48.822076858554446,48.94175720214844,48.55713933779621,48.94175720214844,20800
2019-12-04,49.25145995880701,49.34281723682698,49.24232562502772,49.2496337890625,6200
2019-12-05,49.43417780841333,49.43417780841333,49.20578112919136,49.336421966552734,7400
2019-12-06,49.75393679497195,49.81514833793134,49.68541708726728,49.75667953491211,4000
2019-12-09,49.80874432531198,49.80874432531198,49.70824923670914,49.71281814575195,5800
2019-12-10,49.78132974666583,49.78132974666583,49.65525436401367,49.65525436401367,8900
2019-12-11,49.82701802093001,49.82701802093001,49.6534343224876,49.77494430541992,3500
2019-12-12,49.972276288734584,50.23813033271249,49.96405155558231,50.20798110961914,14500
2019-12-13,50.19245213922253,50.2929472340235,50.091960529478264,50.29203414916992,38500
2019-12-16,50.63159900273659,50.640778342370446,50.53982661175191,50.5728645324707,12300
2019-12-17,50.73253959511104,50.73253959511104,50.54532241821289,50.54532241821289,3140800
2019-12-18,50.4774135789378,50.53982047766128,50.475579111590605,50.52146530151367,409500
2019-12-19,50.539831385305874,50.70777620700953,50.539831385305874,50.6967658996582,4600
2019-12-20,50.98033377383635,51.1078992712314,50.925271746748436,51.088626861572266,9900
2019-12-23,51.283196132946514,51.283196132946514,51.01521682739258,51.01521682739258,3600
2019-12-24,51.01613406118735,51.01613406118735,50.99869611640952,51.01521682739258,2000
2019-12-26,50.98952337540185,51.159302660951745,50.98952337540185,51.15471649169922,6200
2019-12-27,51.25198364130079,51.27033881663652,51.20976638793945,51.20976638793945,13300
2019-12-30,51.2657854947218,51.2657854947218,50.79756442590116,50.824188232421875,1861600
2019-12-31,50.89854024370693,51.00871276855469,50.792962618490435,51.00871276855469,15100
2020-01-02,51.15560337803736,51.39430349871083,51.09041674502688,51.38512420654297,12000
2020-01-03,51.05461725234992,51.17396907220558,50.9793337428685,51.08675003051758,10600
2020-01-06,50.8526393479359,51.16478784637091,50.8526393479359,51.159278869628906,3000
2020-01-07,51.09133240170978,51.16477723788456,51.047264099121094,51.047264099121094,9900
2020-01-08,50.83427725731677,51.48336289839241,50.83427725731677,51.31810760498047,7500
2020-01-09,51.79826823333152,51.79826823333152,51.59445709101838,51.68626403808594,7500
2020-01-10,52.04613807895841,52.04613807895841,51.61372375488281,51.61372375488281,17100
2020-01-13,51.834984964589445,51.98463439941406,51.6789124765594,51.98463439941406,20100
2020-01-14,52.073702036063466,52.092064128019665,51.91395568847656,51.91395568847656,4300
2020-01-15,52.0094221119974,52.18385668412523,52.00023931744806,52.081031799316406,7600
2020-01-16,52.505189939150476,52.505189939150476,52.321576055484414,52.4868278503418,13700
2020-01-17,52.87242090361279,52.87242090361279,52.64290006334745,52.80632019042969,12500
2020-01-21,52.74390186554177,52.85407091346602,52.653930067812375,52.709930419921875,26200
2020-01-22,52.93668925882905,53.01931690578362,52.7530718764622,52.780616760253906,25800
2020-01-23,52.72553009674777,52.89078538940905,52.4960092460749,52.81733703613281,14000
2020-01-24,53.03767392415942,53.03767392415942,52.2297596203032,52.404197692871094,14500
2020-01-27,51.77072891976018,51.834994485719314,51.56874942548254,51.633018493652344,12500
2020-01-28,51.96351681250634,52.238944622472594,51.915778186830515,52.17100524902344,23400
2020-01-29,52.40420748461715,52.40420748461715,52.09940309238227,52.10123825073242,6600
2020-01-30,52.05532957557275,52.37941360473633,51.8258087251533,52.37941360473633,6100
2020-01-31,52.11959137489437,52.11959137489437,51.375942612368114,51.496212005615234,8300
2020-02-03,51.80745188868394,52.26649363605686,51.80745188868394,52.116844177246094,73700
2020-02-04,52.86324857012205,53.01014178714113,52.735635022170285,52.79255294799805,9700
2020-02-05,53.37735737048098,53.37735737048098,52.99176410260879,53.20292282104492,7400
2020-02-06,53.52426017736468,53.52426017736468,53.32228421593246,53.395729064941406,17800
2020-02-07,53.322292509371344,53.34432491683778,53.12949230853927,53.248844146728516,3600
2020-02-10,53.193746929757665,53.6500358581543,53.166205550538784,53.6500358581543,11300
2020-02-11,53.86395825900965,53.91904453082313,53.7078857421875,53.7078857421875,4900
2020-02-12,54.20364145483333,54.20364145483333,53.85476880359401,53.995235443115234,17600
2020-02-13,53.86395600783524,54.130201057156974,53.76296976704715,53.941078186035156,13600
2020-02-14,54.121020604647235,54.161415100097656,53.992489480750045,54.161415100097656,12000
2020-02-18,54.15774928334604,54.194469963074496,53.91904560295194,54.068695068359375,24000
2020-02-19,54.240366397738704,54.46988723692573,54.240366397738704,54.39460372924805,266200
2020-02-20,54.4148062981531,54.45153047654619,53.808871363508835,54.24037170410156,18400
2020-02-21,54.102647783814774,54.102647783814774,53.570157802192234,53.66196823120117,259900
2020-02-24,52.79896806815601,52.79896806815601,51.807439943593764,51.9635124206543,38700
2020-02-25,52.339928319119785,52.339928319119785,50.41195475585371,50.467041015625,106300
2020-02-26,50.55885429413067,51.16478921885146,50.20080231618798,50.232017517089844,12700
2020-02-27,49.23681619320724,49.31944384344171,48.1810188293457,48.1810188293457,655000
2020-02-28,46.35402942059137,47.66688537597656,45.986794683366554,47.66688537597656,224800
2020-03-02,47.914763499898335,49.30107116699219,47.58425647214629,49.30107116699219,24100
2020-03-03,49.76012507526021,50.49459115525823,48.034127160606985,48.412376403808594,164500
2020-03-04,49.2184558762524,50.38442231500659,48.85122108371813,50.33209228515625,6100
2020-03-05,49.20926646199657,49.310256191471765,48.34626936848048,48.699729919433594,47100
2020-03-06,47.18948833885877,47.8835563659668,46.82225357658965,47.8835563659668,68300
2020-03-09,43.99455512113914,45.628745964827345,43.76595535100634,44.23601150512695,48500
2020-03-10,45.72973215298149,46.20713590719443,44.2057139577752,46.190608978271484,24700
2020-03-11,45.12380183943378,45.243150163356304,43.558467915285796,44.10289001464844,18100
2020-03-12,40.97405915453176,42.70923605213685,39.42157853838374,40.030269622802734,61500
2020-03-13,42.20428979538693,43.60895610283424,40.09269543495553,43.42533874511719,48600
2020-03-16,39.89072071103689,40.94651442126869,38.94509251570417,39.53450393676758,38500
2020-03-17,39.09199285128664,40.94651823725746,38.25653359520273,40.30936813354492,30700
2020-03-18,38.22899042845341,39.01854267589574,36.35609953948,38.28407669067383,60200
2020-03-19,38.1830861598892,39.3031489527329,36.95377192614586,38.926734924316406,26500
2020-03-20,39.17461107478533,39.2664215022322,36.73250974005417,36.908782958984375,6600
2020-03-23,36.98039105758689,36.98039105758689,35.03405560776905,35.759342193603516,40900
2020-03-24,37.815850177466714,39.22052001953125,37.68731907476235,39.22052001953125,76900
2020-03-25,39.67923927514385,41.063720703125,39.430032195597036,41.063720703125,8200
2020-03-26,40.325342159179286,42.17131805419922,40.325342159179286,42.17131805419922,15400
2020-03-27,40.86067271515495,42.01902345767078,40.67607444018888,40.84682846069336,7100
2020-03-30,41.07296612375879,42.38360739766644,41.07112116177813,42.355918884277344,22200
2020-03-31,42.32822486245997,42.42052224235894,41.552914900182834,41.60829544067383,23600
2020-04-01,40.297655069595955,40.37149579804408,39.72632598876953,39.72632598876953,10500
2020-04-02,39.55002067676835,40.7545198807546,39.55002067676835,40.74898147583008,25900
2020-04-03,40.86067722492209,40.87913740654806,39.706942280196216,40.14167022705078,15500
2020-04-06,41.99594713921784,43.2327509980008,41.691359458936134,43.131221771240234,18900
2020-04-07,44.51570735807909,44.51570735807909,43.01123604913722,43.0721549987793,18300
2020-04-08,43.75885071644768,44.54338892480002,43.03892137132817,44.42155456542969,21000
2020-04-09,45.235641045745304,45.494080084055405,44.7464585247081,45.08796310424805,190000
2020-04-13,45.15256568524727,45.15256568524727,43.86961308727688,44.43263626098633,4900
2020-04-14,45.33439951513784,45.881729987353324,45.29101826478778,45.8632698059082,32700
2020-04-15,45.05103224933449,45.05103224933449,44.43816704620729,44.672607421875,20900
2020-04-16,45.13410674029637,45.13410674029637,44.54339156570105,45.03257751464844,5500
2020-04-17,46.103242108268894,46.3339890622433,45.75250575237046,46.2518424987793,64200
2020-04-20,45.83557542907889,46.13093125256792,45.51345357824126,45.53191375732422,9000
2020-04-21,44.89413249457172,44.89413249457172,44.07267379760742,44.07267379760742,3700
2020-04-22,44.88490613641636,45.27255939523846,44.67261932502525,45.13411331176758,33900
2020-04-23,45.632518655383386,45.71558770384682,45.004886627197266,45.004886627197266,16100
2020-04-24,44.894127601967725,45.54021978879383,44.894127601967725,45.51253128051758,17000
2020-04-27,45.826355217731,46.4825983281038,45.66944542819025,46.37091827392578,27100
2020-04-28,47.1554441448956,47.1554441448956,46.09400682725682,46.14938735961914,987700
2020-04-29,47.598479075931145,47.681548116170354,47.192365724161085,47.44987869262695,10100
2020-04-30,47.07237858624431,47.256976853511446,46.56473599194903,46.83517074584961,10000
2020-05-01,45.817121455566905,45.89096218189989,45.50607637423426,45.623294830322266,51500
2020-05-04,45.14332982216784,45.77557768599093,45.14332982216784,45.77096176147461,23300
2020-05-05,46.38013715809378,46.7585620169549,46.32475662231445,46.32475662231445,4100
2020-05-06,46.52780745507252,46.52780745507252,45.99155044555664,45.99155044555664,5900
2020-05-07,46.37092021524787,46.85087089284038,46.37092021524787,46.56474685668945,10600
2020-05-08,47.22928808619066,47.34927749633789,47.035461476589276,47.34927749633789,13500
2020-05-11,47.127758903763144,47.561560780768666,47.104682800117295,47.50156784057617,882800
2020-05-12,47.71846605477477,47.71846605477477,46.40782165527344,46.40782165527344,33200
2020-05-13,46.49090223921705,46.49090223921705,45.17102918383181,45.623294830322266,46500
2020-05-14,45.254094110753734,46.10324478149414,44.746451486759,46.10324478149414,8200
2020-05-15,45.955570326442576,46.45582962036133,45.60483392377569,46.45582962036133,32400
2020-05-18,47.598481562010434,47.9787513887196,47.598481562010434,47.84030532836914,33500
2020-05-19,47.7369398397423,47.930766472094724,47.36128234863281,47.36128234863281,1059500
2020-05-20,48.03228948380007,48.17350651489954,47.884611565793556,48.0396728515625,9200
2020-05-21,47.76462829668138,47.903077903010676,47.72770793220427,47.7535514831543,7400
2020-05-22,47.81077094079086,47.83384704589844,47.54310361358794,47.83384704589844,2173500
2020-05-26,48.881444165962726,48.881444165962726,48.38764572143555,48.38764572143555,1271400
2020-05-27,48.77067989177089,49.04757555256204,48.19842839001326,49.04573059082031,13900
2020-05-28,49.342933541755954,49.564452192584675,48.946048453005815,48.95528030395508,1390900
2020-05-29,48.94605363176102,49.193415857948715,48.53994017001214,49.15834045410156,12000
2020-06-01,49.29677686596923,49.509063631468045,49.0568015939459,49.43522644042969,59300
2020-06-02,49.66598202296271,49.80442810058594,49.347550058866034,49.80442810058594,19900
2020-06-03,50.18284848356944,50.47820431427803,50.09055110681771,50.37206268310547,20200
2020-06-04,50.19208375011071,50.468979420131966,49.85980753771742,50.14593505859375,217600
2020-06-05,50.98584261656203,51.668851549804934,50.98584261656203,51.318115234375,48500
2020-06-08,51.604255055482966,51.85346221923828,51.30889919938471,51.85346221923828,53100
2020-06-09,51.35504864138706,51.604255808780195,51.32274420418348,51.447349548339844,19400
2020-06-10,51.687327158639214,51.715015671494164,51.1889128017316,51.3522834777832,38200
2020-06-11,49.95211324232189,50.173631927793586,48.318423939843306,48.32765579223633,56600
2020-06-12,49.647520373775436,49.647520373775436,48.19842964113137,48.97373962402344,17400
2020-06-15,48.00856547428711,49.59248598572125,47.758472204044004,49.4164924621582,50900
2020-06-16,50.611377199311846,50.69474161588401,49.70363329299196,50.24087142944336,50500
2020-06-17,50.537281725686505,50.59285565246778,50.08340796748571,50.21308517456055,32600
2020-06-18,49.99078232611412,50.24087559657411,49.91204670755975,50.15658187866211,14800
2020-06-19,50.759579020803834,50.759579020803834,49.74068376081718,50.000038146972656,30900
2020-06-22,49.907419957287665,50.268664629455806,49.74069110345021,50.24272918701172,19600
2020-06-23,50.78736795632533,50.7966290983588,50.4168586730957,50.4168586730957,20000
2020-06-24,50.00003371900424,50.00003371900424,48.90703528351778,49.1015510559082,34900
2020-06-25,49.04597608123081,49.623043060302734,48.71251845950989,49.623043060302734,21400
2020-06-26,49.31459324708667,49.31459324708667,48.49947503966827,48.5457878112793,17800
2020-06-29,48.71252346030612,49.21270994423634,48.647684864252774,49.15250015258789,41000
2020-06-30,49.25903339392227,50.15751632450831,49.25903339392227,50.106571197509766,28000
2020-07-01,50.240872371695296,50.43538816953223,50.08340467813303,50.2501335144043,36400
2020-07-02,50.98188922583025,51.08377946635412,50.532647819941616,50.5761833190918,18900
2020-07-06,51.46355182382185,51.46355182382185,51.12082945065729,51.2866325378418,243200
2020-07-07,51.20418082191665,51.445012889420525,50.74104603580398,50.77994918823242,12700
2020-07-08,50.94483726145348,51.16714356058014,50.750321458116865,51.09581756591797,4500
2020-07-09,51.037464649078785,51.10230325250843,50.259397874484215,50.78644561767578,24000
2020-07-10,50.90778325996865,51.328311920166016,50.58359026945403,51.328311920166016,11900
2020-07-13,51.72290585689927,52.06562469409007,50.72253277523244,50.78644561767578,39300
2020-07-14,50.60211733155394,51.50986126074187,50.54190753652254,51.50152587890625,14900
2020-07-15,52.18604147491831,52.18604147491831,51.5932293591629,51.964664459228516,7800
2020-07-16,51.76921679536371,51.86184589227562,51.58396213497865,51.787742614746094,7100
2020-07-17,52.15825022279246,52.16751136546017,51.70437649642488,52.03783416748047,16300
2020-07-20,52.19529882234422,52.593595096170326,51.8711058243177,52.53246307373047,11700
2020-07-21,52.97336090869724,52.97336090869724,52.39907470533301,52.56580352783203,26800
2020-07-22,52.60285933404336,52.97336510963798,52.5658076964523,52.95576858520508,23500
2020-07-23,52.81590127268751,53.019681747244576,52.17677642081127,52.31201171875,9200
2020-07-24,51.85257772774138,52.10267097242162,51.667323079818395,51.88962936401367,24200
2020-07-27,51.926678247711166,52.297183990478516,51.824788020082686,52.297183990478516,20300
2020-07-28,52.13045670313595,52.26754704742176,51.88036346435547,51.88036346435547,8500
2020-07-29,52.10267311864786,52.56580799081362,52.10267311864786,52.42779541015625,6000
2020-07-30,51.889639960299654,52.32498794180447,51.63954666454833,52.26477813720703,10100
2020-07-31,52.324985584738606,52.324985584738606,51.40797687495858,52.09341812133789,6100
2020-08-03,52.47318192072147,52.73253631591797,52.445391425922836,52.73253631591797,5300
2020-08-04,52.59359608727191,52.714012145996094,52.473183561986474,52.714012145996094,8300
2020-08-05,53.019680071840654,53.15861840910752,53.019680071840654,53.12156677246094,13500
2020-08-06,52.98263236911337,53.31053195756098,52.91779376688691,53.288299560546875,35500
2020-08-07,53.167885379630405,53.3688850402832,53.07525628401621,53.3688850402832,4600
2020-08-10,53.37165355522592,53.42630524267593,53.37165355522592,53.416114807128906,4800
2020-08-11,53.68660468458734,53.700498168287915,53.068782806396484,53.068782806396484,71600
2020-08-12,53.88574547686167,54.02931970011496,53.8394326930608,53.9107551574707,2400
2020-08-13,53.890378376678854,53.956142742367525,53.705123706106555,53.769962310791016,2300
2020-08-14,53.70511662096961,53.90889708505895,53.63101688257979,53.7532844543457,4800
2020-08-17,53.96447238148096,54.2006721496582,53.96447238148096,54.2006721496582,2400
2020-08-18,54.399825497381904,54.399825497381904,54.010793873374936,54.260887145996094,12500
2020-08-19,54.37203263443804,54.381293776816705,54.112674713134766,54.112674713134766,4900
2020-08-20,53.964465377991836,54.34886811027844,53.964465377991836,54.28588104248047,14900
2020-08-21,54.21456352536653,54.40908284460468,54.20530238323063,54.35443115234375,5400
2020-08-24,54.779599657229696,54.779599657229696,54.557296866706054,54.72402572631836,63000
2020-08-25,54.85369434944855,55.04821014404297,54.8259038549075,55.04821014404297,15800
2020-08-26,55.16863165479074,55.696605168592605,55.16863165479074,55.65955352783203,5500
2020-08-27,55.64101691678415,56.11341641126993,55.61322995832202,56.09489059448242,12500
2020-08-28,56.131949047695265,56.25236511230469,55.9652201992942,56.25236511230469,9400
2020-08-31,56.196783186097626,56.280147603673726,55.94669346680794,56.048580169677734,17500
2020-09-01,56.233838544355365,56.233838544355365,55.99300995177776,56.17826461791992,24500
2020-09-02,56.51171380820503,57.4287223815918,56.50245266575968,57.4287223815918,10200
2020-09-03,57.030412510157355,57.030412510157355,55.072280268129035,55.09450912475586,15500
2020-09-04,55.40946211418122,55.45577489996821,53.81627684234744,54.782379150390625,10100
2020-09-08,54.029321882541765,54.029321882541765,53.14936482102511,53.35314178466797,28500
2020-09-09,53.97374582962786,54.64066126772572,53.73754602306167,54.32572937011719,12700
2020-09-10,54.640648277294964,54.724012687237895,53.362395169316144,53.519859313964844,12000
2020-09-11,53.797746932455475,54.01078854364211,53.1864055263044,53.630088806152344,33700
2020-09-14,54.1404610262027,54.63138280344674,53.816264532969,54.428531646728516,11000
2020-09-15,54.798114946200634,55.00189540954561,54.705489390192085,54.7869987487793,10400
2020-09-16,54.9185265753908,55.231603332238436,54.63971710205078,54.63971710205078,12600
2020-09-17,53.72363753007636,54.37387848717024,53.72363753007636,54.1960334777832,6100
2020-09-18,54.46466205036327,54.46466205036327,53.464292530989276,53.77922439575195,21800
2020-09-21,53.1308280144225,53.1308280144225,52.3064485862288,53.00022506713867,11300
2020-09-22,52.97336412478841,53.4828152985974,52.96132216612326,53.449466705322266,4700
2020-09-23,53.52107940550561,53.53038131922433,52.18375015258789,52.18375015258789,24300
2020-09-24,52.051681021925496,52.832874858753584,51.98658183115981,52.344627380371094,35000
2020-09-25,52.23769101591607,53.15838539851939,52.20049400215777,53.04678726196289,53500
2020-09-28,53.83726771219742,54.03814573240232,53.83726771219742,53.85493850708008,8200
2020-09-29,53.87447029229088,53.99537032069144,53.6605724252069,53.69777297973633,10600
2020-09-30,53.93027609326299,54.56266784033158,53.93027609326299,54.09767150878906,3300
2020-10-01,54.52547091569326,54.52547091569326,54.31157302856445,54.31157302856445,8300
2020-10-02,53.893090823499506,54.14418933948003,53.781492665610884,54.0790901184082,35400
2020-10-05,54.24646894962696,54.746803283691406,54.24646894962696,54.746803283691406,4400
2020-10-06,54.82306507983173,55.06021418876773,54.07907170121317,54.13766098022461,8000
2020-10-07,54.618468034421085,55.10113515745843,54.618468034421085,55.01650619506836,10000
2020-10-08,55.274108901568255,55.436856889512654,55.26015603319582,55.390357971191406,22700
2020-10-09,55.8088556545926,55.976254610271845,55.71585781149982,55.8553581237793,6800
2020-10-12,56.301750877182364,56.77604552555557,56.24595004599254,56.62724685668945,18600
2020-10-13,56.58632714601576,56.62724562608168,56.27384746483957,56.47844696044922,8900
2020-10-14,56.53425757039942,56.655154068137406,56.05902982079589,56.2552604675293,9400
2020-10-15,55.56706699512723,56.02741241455078,55.45546885809987,56.02741241455078,18400
2020-10-16,56.22735305739753,56.52402093077329,56.08785629272461,56.08785629272461,10500
2020-10-19,56.31105343861762,56.31105343861762,55.156002044677734,55.156002044677734,5100
2020-10-20,55.40895974260626,55.799554924208444,55.362457275390625,55.362457275390625,4800
2020-10-21,55.35316254341473,55.567989907395265,55.35316254341473,55.46010971069336,3100
2020-10-22,55.38105859191341,55.59495646408628,55.29735911605096,55.57449722290039,5000
2020-10-23,55.62287129899191,55.688899993896484,55.408040348602825,55.688899993896484,3100
2020-10-26,55.204359489545936,55.204359489545936,54.158117848926594,54.4901237487793,11700
2020-10-27,54.48826943555984,54.60916947324418,54.37667131104221,54.45106887817383,4000
2020-10-28,53.30718329784894,53.31648521187975,52.34091948368216,52.38835144042969,12100
2020-10-29,52.432988605951664,53.27928180791758,52.17258824159562,52.983543395996094,6600
2020-10-30,52.842188505640486,53.01888585344571,52.07959472385249,52.5743522644043,12200
2020-11-02,53.30717420319566,53.59640266078843,52.98167822046434,53.2327766418457,77200
2020-11-03,53.93028677943674,54.7672782134771,53.93028677943674,54.46968078613281,36100
2020-11-04,55.08346990558563,56.255262751920746,55.08346990558563,55.60426712036133,7200
2020-11-05,56.33895382878709,56.77604794163408,56.33895382878709,56.541690826416016,14000
2020-11-06,56.35754507225191,56.68304458156123,56.082269501137176,56.469146728515625,32900
2020-11-09,58.859232819722884,58.859232819722884,57.333112485816294,57.37124252319336,10500
2020-11-10,57.175951523285406,57.175951523285406,56.85975385921549,57.00855255126953,8800
2020-11-11,57.38984242454805,57.50144409071285,57.222443472941066,57.381473541259766,10500
2020-11-12,57.42704246213443,57.42704246213443,56.552850704233784,56.794647216796875,23600
2020-11-13,57.26894753902747,57.7339438514354,57.062489062793865,57.63629150390625,16800
2020-11-16,58.28264096240619,58.28264096240619,57.84554680462982,58.128265380859375,19800
2020-11-17,58.143147549135044,58.1989483916633,57.761850660960675,58.04084777832031,17100
2020-11-18,58.301243150970905,58.301243150970905,57.49215046665095,57.590728759765625,53300
2020-11-19,57.520044556920375,57.78044491391206,57.24104746866685,57.761844635009766,40600
2020-11-20,57.836244450106946,57.836244450106946,57.34334945678711,57.34334945678711,11700
2020-11-23,57.62234450152156,57.92831430112917,57.43169785053353,57.78044509887695,20400
2020-11-24,58.217541557866745,58.72904038060076,58.217541557866745,58.69091033935547,10000
2020-11-25,58.55699083727695,58.62581151786476,58.38494090962773,58.598838806152344,16600
2020-11-27,58.88713333538281,58.89643524840683,58.654635176747334,58.73833465576172,263500
2020-11-30,58.803436562932966,58.803436562932966,58.05014121713132,58.35982894897461,22200
2020-12-01,58.93735737094853,59.16613406897037,58.905737250467375,58.95223617553711,13100
2020-12-02,58.812740426844165,58.876906603117575,58.673240101559536,58.849937438964844,10400
2020-12-03,58.96153901707705,59.11963607433042,58.812740325927734,58.812740325927734,12000
2020-12-04,59.240524704641714,59.462791442871094,59.166123599582875,59.462791442871094,259500
2020-12-07,59.63113021369239,59.63113021369239,59.21262927145337,59.351200103759766,14000
2020-12-08,59.17543939133316,59.631137397604185,59.13172890924065,59.61253356933594,22400
2020-12-09,59.77062859722712,59.77062859722712,58.98013620951074,59.11963653564453,6900
2020-12-10,58.84993465128405,59.04523580695938,58.7708861262662,58.980133056640625,118700
2020-12-11,58.868528974361304,59.017327643663,58.58953191287563,58.949440002441406,10400
2020-12-14,59.448980807022764,59.5423534208062,58.82246713091067,58.86635208129883,23500
2020-12-15,59.19687609229617,59.36307326853834,58.95597727276887,59.33226013183594,5300
2020-12-16,59.20621793275204,59.55168769223429,59.20621793275204,59.39295959472656,48800
2020-12-17,59.73843387372768,59.91583650703438,59.71042386894273,59.90837097167969,10200
2020-12-18,59.990518244674156,60.02973366540076,59.38360885327642,59.86820602416992,10300
2020-12-21,59.5049980813879,59.766437810527755,58.81405862147697,59.52273941040039,30400
2020-12-22,59.50498920804422,59.551673722136,59.32758662977544,59.420955657958984,119800
2020-12-23,59.49565547075886,59.75709160676238,59.49565547075886,59.53300094604492,24100
2020-12-24,59.50499883131955,59.626381437028506,59.486324310302734,59.486324310302734,7400
2020-12-28,60.09322870990466,60.14924870643073,60.018530632136034,60.07455062866211,16400
2020-12-29,60.40135662117067,60.40135662117067,59.84112812734503,59.99052429199219,23800
2020-12-30,60.20528668535422,60.22395764636353,60.110977317631104,60.21929168701172,11300
2020-12-31,60.10257215350526,60.68146448961846,60.10257215350526,60.64411544799805,236100
2021-01-04,60.84953721114437,60.84953721114437,59.308926501526564,59.82712936401367,15500
2021-01-05,59.794448718107574,60.25196201789339,59.720683825631404,60.12217712402344,1821000
2021-01-06,59.85980694477319,61.02600459013593,59.85980694477319,60.64411544799805,8300
2021-01-07,61.19500461288694,61.624507904052734,61.05961344721436,61.624507904052734,11100
2021-01-08,61.941956230620754,61.98864430741238,61.33505397393175,61.979305267333984,7300
2021-01-11,61.64317588110061,61.87660203611229,61.52646280359477,61.561012268066406,8200
2021-01-12,61.736549376034006,61.755220333244274,61.31171208259415,61.68986129760742,43100
2021-01-13,61.76457333124303,61.79258333518845,61.50500351339885,61.661865234375,9900
2021-01-14,61.792570724136816,61.792570724136816,61.28743619351248,61.30144119262695,74500
2021-01-15,61.03627469504844,61.20434181467964,60.7188114141446,61.06895065307617,10800
2021-01-19,61.43778101422016,61.55916007831626,61.20435480538741,61.520877838134766,12000
2021-01-20,61.839273697719065,62.41816613014702,61.839273697719065,62.39762878417969,14900
2021-01-21,62.55820431718233,62.567543357210894,62.138040122701085,62.25008010864258,112900
2021-01-22,62.082016338032005,62.11002633602066,61.90461730957031,61.90461730957031,12800
2021-01-25,62.11937082841049,62.14738082885742,61.4377704055308,62.14738082885742,13200
2021-01-26,62.427501194481025,62.427501194481025,62.0157356262207,62.0157356262207,18700
2021-01-27,61.52180446352355,61.52180446352355,60.307985457709556,60.3929557800293,142000
2021-01-28,60.821515933850044,61.876599547573406,60.821515933850044,61.288368225097656,111600
2021-01-29,60.95222667099074,61.05493473259417,59.794435122624556,60.23141098022461,25100
2021-02-01,60.737496495982526,61.28837887606116,60.41162732828097,61.12031173706055,17800
2021-02-02,61.8252540578335,62.25943045299029,61.82058809877219,62.1193733215332,15800
2021-02-03,62.29678477448413,62.51153288712514,62.0913685807564,62.278106689453125,134600
2021-02-04,62.502197677451115,62.894351959228516,62.352801499477714,62.894351959228516,86000
2021-02-05,63.28650268946059,63.28650268946059,63.00545524149116,63.20247268676758,39700
2021-02-08,63.65998642411201,63.65998642411201,63.341589931573154,63.594627380371094,25700
2021-02-09,63.631958487272854,63.631958487272854,63.45455236558037,63.49190139770508,14800
2021-02-10,63.87473432215197,63.87473432215197,63.08107972300246,63.37053298950195,17700
2021-02-11,63.66932421413627,63.781364216288914,63.40414815359886,63.65531921386719,23200
2021-02-12,63.58528087068421,63.77202606201172,63.50125087728732,63.77202606201172,9500
2021-02-16,64.15485290170143,64.15485290170143,63.772037656182874,63.80937957763672,824200
2021-02-17,63.529264168766645,63.93075744643543,63.34065258428736,63.86539840698242,81400
2021-02-18,63.48258171084595,63.83272097970233,63.38454670478309,63.75335693359375,8100
2021-02-19,63.85605389638119,63.97743292393965,63.63663275624059,63.64503860473633,11200
2021-02-22,63.118437405826306,63.35186358493336,63.043739318847656,63.043739318847656,20400
2021-02-23,62.530205336710814,63.28650386945511,61.755228720618845,63.09976577758789,620400
2021-02-24,62.941050443414206,63.92143630981445,62.87568426205116,63.92143630981445,9500
2021-02-25,63.753348381692746,63.753348381692746,62.06334535026286,62.34345245361328,15200
2021-02-26,62.49285833510449,62.6235764284021,61.60584168435618,61.96998596191406,35800
2021-03-01,62.9410435891768,63.45457695176691,62.81965740683919,63.29584884643555,19800
2021-03-02,63.37987529043838,63.37987529043838,62.791643867772265,62.894351959228516,30100
2021-03-03,62.80098247440266,62.80098247440266,61.792579650878906,61.792579650878906,36300
2021-03-04,61.839267428000475,62.04001052570511,60.25196511217934,60.86821365356445,55500
2021-03-05,61.57782613644586,62.407889611958225,60.466722314942444,62.25943374633789,51000
2021-03-08,62.380807512498905,62.97837793897231,62.054012298583984,62.054012298583984,21000
2021-03-09,62.8289884397682,63.35186077825061,62.7729684388169,62.9036865234375,28600
2021-03-10,63.36121486899336,63.538621078944644,63.29585581115915,63.30519485473633,45300
2021-03-11,63.75337108589069,64.33227070340358,63.74403204203959,64.03348541259766,24600
2021-03-12,63.72535415668964,63.97745132446288,63.641324141966045,63.97745132446289,12000
2021-03-15,64.14552774778149,64.46299113768931,63.81873243729072,64.4443130493164,11000
2021-03-16,64.5469934249483,64.70572861348619,64.3322453661742,64.37705993652344,10300
2021-03-17,64.14550340048027,64.50964762589743,63.95876532925124,64.47510528564453,13300
2021-03-18,64.04281248726032,64.33226583591788,63.59463814676268,63.626380920410156,508600
2021-03-19,63.23983218809987,63.69267248350773,63.155795047906906,63.431236267089844,7600
2021-03-22,63.622651028111086,64.12591933466473,63.622651028111086,63.92143630981445,4100
2021-03-23,63.78135549301659,64.10815778420255,63.41721128862118,63.49938201904297,68700
2021-03-24,63.85606342904314,64.01946459987302,63.34252299809338,63.34812927246094,38600
2021-03-25,63.052999415482056,63.73692836191058,62.91714571723348,63.65635681152344,23400
2021-03-26,63.84936247469644,64.7113037109375,63.82125678298347,64.7113037109375,8500
2021-03-29,64.54268073931976,64.83780488198082,64.32719894304337,64.66447448730469,283700
2021-03-30,64.52392320033064,64.66445164916618,64.37401665765624,64.59886932373047,11100
2021-03-31,64.7956333394258,65.12354501666206,64.74878575070413,64.91742706298828,10300
2021-04-01,65.12355444449558,65.62947845458984,65.12355444449558,65.62947845458984,58800
2021-04-05,66.17285571617573,66.78090218865835,66.17285571617573,66.67877960205078,75100
2021-04-06,66.5851104825777,66.75375182573927,66.45394578766758,66.56637573242188,84900
2021-04-07,66.56637426009581,66.65069135584177,66.3977329206643,66.53826141357422,61600
2021-04-08,66.81932173404819,66.81932173404819,66.65068042228104,66.78184509277344,86900
2021-04-09,66.80995492531369,67.25029655264606,66.78184922960122,67.2221908569336,36800
2021-04-12,67.25028118956425,67.38144583821762,67.15659317594574,67.35334014892578,82900
2021-04-13,67.41893241000065,67.62973225869598,67.2690329957051,67.60631561279297,1133600
2021-04-14,67.58756375694067,67.73747029708008,67.33460540537699,67.35334014892578,14100
2021-04-15,67.70002086798002,68.13567352294922,67.70002086798002,68.13567352294922,11800
2021-04-16,68.28088717039759,68.50105800965538,68.22467577243891,68.43079376220703,9200
2021-04-19,68.28088619443561,68.28088619443561,67.84991547105308,67.943603515625,12200
2021-04-20,67.74682412399555,68.02789527142063,67.50791865223958,67.75619506835938,10400
2021-04-21,67.67191892084547,68.39332481835622,67.67191892084547,68.36521911621094,76700
2021-04-22,68.24340456046608,68.43078778385743,67.56884640007452,67.80307006835938,19200
2021-04-23,67.85928179315198,68.56101642141562,67.83117609649064,68.48699951171875,7100
2021-04-26,68.56194721689454,68.62284765332633,68.42141159709574,68.47762298583984,13200
2021-04-27,68.48699293765081,68.48699293765081,68.22466359674057,68.44951629638672,15400
2021-04-28,68.37459129352823,68.49638505432407,68.19657897949219,68.19657897949219,31100
2021-04-29,68.51510110438764,68.56194869464315,68.04665379358738,68.5057373046875,16000
2021-04-30,68.10288641567202,68.24341491962349,68.01856216536096,68.14972686767578,13600
2021-05-03,68.45793669705311,68.58066677474604,68.31833748812227,68.34644317626953,19100
2021-05-04,68.06540384008773,68.06540384008773,67.43768608394787,67.99513244628906,15900
2021-05-05,68.18716997456201,68.3183346123527,67.92484069898065,68.06537628173828,29300
2021-05-06,67.98104928158084,68.51039685746018,67.86862653834018,68.45418548583984,7800
2021-05-07,68.5713144823039,69.20840306296901,68.5713144823039,69.18029022216797,56000
2021-05-10,69.23651697741033,69.2739936216571,68.59005737304688,68.59005737304688,12400
2021-05-11,67.75620717631259,67.87800088306186,67.58756588730877,67.86863708496094,9200
2021-05-12,67.40020511294537,67.43768175764586,66.26656341552734,66.26656341552734,37700
2021-05-13,66.80059093537322,67.41893768310547,66.77716713969983,67.41893768310547,12900
2021-05-14,67.6447231158428,68.25276965076357,67.5407277588663,68.05602264404297,45300
2021-05-17,67.85928146140724,67.85928146140724,67.50326405887232,67.80307006835938,12400
2021-05-18,67.83116954701691,67.83116954701691,67.36272225338826,67.3720932006836,4100
2021-05-19,66.54762884765235,66.97859954833984,66.26656472873749,66.97859954833984,12300
2021-05-20,67.3393010052509,67.98107153444752,67.3393010052509,67.91548919677734,14800
2021-05-21,68.15908853578284,68.33710081380103,67.76559448242188,67.76559448242188,17900
2021-05-24,68.22466149532184,68.74932016098208,68.22466149532184,68.52446746826172,5500
2021-05-25,68.54322781891219,68.60881016977908,68.32773886724092,68.41205596923828,18800
2021-05-26,68.61816306924719,68.63690496534008,68.44952174410625,68.59005737304688,17400
2021-05-27,68.71935381887145,68.80555082110872,68.57788180060462,68.63690948486328,15700
2021-05-28,68.88048818914427,68.94607052555259,68.73995971679688,68.73995971679688,9500
2021-06-01,69.04914350325986,69.04914350325986,68.51511375625223,68.58069610595703,20100
2021-06-02,68.75871185828981,68.81492326144907,68.53854099866226,68.66502380371094,35300
2021-06-03,68.23404566303014,68.61816878968915,68.12161572091698,68.46826934814453,27600
2021-06-04,68.97419259239835,69.19904532616401,68.94607974623057,69.1896743774414,11100
2021-06-07,69.15219362934819,69.20841217041016,69.03133627495842,69.20841217041016,13000
2021-06-08,69.31147327946225,69.31147327946225,68.86176067688723,69.13346099853516,413600
2021-06-09,69.29271154727714,69.34892292603107,69.08659362792969,69.08659362792969,22700
2021-06-10,69.2810980052847,69.60993282071392,69.1965435533435,69.52068328857422,22700
2021-06-11,69.63810892621693,69.64749908447266,69.40322594474866,69.64749908447266,9000
2021-06-14,69.66629305759294,69.7320600050402,69.39382794158014,69.72454071044922,168500
2021-06-15,69.87298575406732,69.87298575406732,69.49717158320357,69.5065689086914,10700
2021-06-16,69.60051847026607,69.60051847026607,68.93345174279204,69.13075256347656,13900
2021-06-17,69.04620412846138,69.29048445359193,68.76434883152021,69.12136840820312,11000
2021-06-18,68.58583089670535,68.66099517144704,68.25699615478516,68.25699615478516,9600
2021-06-21,68.64220403766599,69.26229858398438,68.51160915003277,69.26229858398438,3700
2021-06-22,69.22473322545825,69.67571183828974,69.22473322545825,69.5629653930664,16000
2021-06-23,69.6474985035182,69.6850806404068,69.48777979778637,69.49717712402344,78200
2021-06-24,69.9293752006473,70.0421216342955,69.9293752006473,70.0045394897461,53800
2021-06-25,70.1736681848272,70.33338695185971,70.1736681848272,70.28640747070312,6500
2021-06-28,70.46488554483282,70.46488554483282,70.26758472547435,70.40851593017578,2600
2021-06-29,70.52128417521556,70.60584580005252,70.45551720836983,70.54946899414062,86100
2021-06-30,70.5212599573155,70.60582155311293,70.43670552957738,70.5522689819336,96200
2021-07-01,70.64342395086152,70.87830698602936,70.64342395086152,70.85951232910156,30100
2021-07-02,71.16014678418365,71.51717350721422,71.15075662583217,71.4795913696289,87000
2021-07-06,71.52657369196027,71.52657369196027,70.80313715419817,71.23532104492188,62600
2021-07-07,71.33868115629902,71.5453793898649,71.09440077407916,71.50779724121094,34300
2021-07-08,70.57764335295883,70.96284772882518,70.43671212547211,70.79373168945312,29000
2021-07-09,71.12257593033691,71.4983901977539,71.12257593033691,71.4983901977539,8900
2021-07-12,71.56416632621864,71.80844670654764,71.56416632621864,71.7990493774414,7100
2021-07-13,71.78024769291288,71.98694588400473,71.6581039428711,71.6581039428711,11100
2021-07-14,71.93055430228999,71.93995162760618,71.7144659964305,71.7332534790039,22600
2021-07-15,71.56414977856002,71.63931405790603,71.44013516889326,71.53596496582031,9200
2021-07-16,71.86479199425511,71.86479199425511,71.15544800042012,71.16954040527344,5700
2021-07-19,70.39913068490957,70.39913068490957,69.83541293743373,70.17364501953125,18200
2021-07-20,70.39913757483019,71.36685445018459,70.39913757483019,71.16015625,13800
2021-07-21,71.39503455787252,71.72386932373047,71.39503455787252,71.72386932373047,4200
2021-07-22,71.78963320575166,71.93995457667798,71.64399974558712,71.93055725097656,7300
2021-07-23,72.21242974350194,72.71038055419922,72.21242974350194,72.71038055419922,6400
2021-07-26,72.61642630731768,72.79023742675781,72.50838213858948,72.79023742675781,8900
2021-07-27,72.4473212425039,72.4473212425039,71.99728169383543,72.3552474975586,8400
2021-07-28,72.41256026206791,72.56476688030821,72.41256026206791,72.52530670166016,56300
2021-07-29,72.63520364521412,72.91612704633333,72.63520364521412,72.79492950439453,758600
2021-07-30,72.70096743916496,72.8418986414889,72.55252411131151,72.63520050048828,8900
2021-08-02,72.92459167124991,72.97344917057525,72.51214147888201,72.53186798095703,13300
2021-08-03,72.71977395357779,73.02042388916016,72.34395974208485,73.02042388916016,11400
2021-08-04,72.88890713289642,72.91709195097663,72.70099639892578,72.70099639892578,724500
2021-08-05,72.91707219479972,73.24590693007677,72.91707219479972,73.22711944580078,16000
2021-08-06,73.28348906668839,73.29288639285619,73.16135249874537,73.22711944580078,18600
2021-08-09,73.19893646240234,73.2647034110993,73.13128431397708,73.19893646240234,163800
2021-08-10,73.29289560497915,73.30134674833873,73.16136169433594,73.16136169433594,8700
2021-08-11,73.46201644814758,73.46201644814758,73.24122583344068,73.4056396484375,27100
2021-08-12,73.42442681675331,73.58320651961772,73.33423111447608,73.54468536376953,3400
2021-08-13,73.69689209564034,73.80963134765625,73.69125083220337,73.80963134765625,11600
2021-08-16,73.67811366805289,73.95997619628906,73.44323061721003,73.95997619628906,411900
2021-08-17,73.55596450416377,73.55596450416377,72.99224671199485,73.38684844970703,9100
2021-08-18,73.28349541593401,73.57474803983345,72.91332244873047,72.91332244873047,211200
2021-08-19,72.36274932293342,73.24591167031258,72.34583986918474,73.1303482055664,11700
2021-08-20,73.29289486793323,73.84721531891806,73.27410021342432,73.78144836425781,609100
2021-08-23,74.08210357009699,74.5612669411603,74.08210357009699,74.39215087890625,11400
2021-08-24,74.4767053260028,74.52368479754152,74.37336339112734,74.39215087890625,181200
2021-08-25,74.47670455716755,74.67401260114457,74.47670455716755,74.64582061767578,151200
2021-08-26,74.53307686426538,74.53307686426538,74.1243755612989,74.14786529541016,21700
2021-08-27,74.26061144564034,74.8196341423574,74.26061144564034,74.76795959472656,6200
2021-08-30,74.94647979736328,75.14378786556571,74.89950748860318,74.94647979736328,10300
2021-08-31,75.0498154135288,75.0498154135288,74.7773502667032,74.84312438964844,558600
2021-09-01,74.95587500069105,75.04043662296,74.86192321777344,74.86192321777344,15800
2021-09-02,75.04981781079745,75.15316691006907,74.84969989198308,74.96526336669922,11800
2021-09-03,74.91829339462694,75.11559429059642,74.78675946398063,75.01224517822266,13500
2021-09-07,75.00285502055006,75.00285502055006,74.46732196916501,74.57067108154297,755100
2021-09-08,74.44851025239028,74.59883880615234,74.21362726318202,74.59883880615234,838200
2021-09-09,74.54247917751172,74.80555420716712,74.19485686100353,74.27941131591797,18500
2021-09-10,74.61763128839252,74.61763128839252,73.78144836425781,73.78144836425781,19300
2021-09-13,74.33578631905294,74.36397113667469,73.56537024245877,73.94117736816406,45800
2021-09-14,74.21363566158756,74.21363566158756,73.56818046018002,73.6875,26500
2021-09-15,73.83781513599087,74.41093021931941,73.6780964191446,74.31697845458984,153800
2021-09-16,74.27000721293513,74.34798854070158,73.74386442045555,74.1760482788086,12400
2021-09-17,74.00692875709179,74.01163100441345,73.53716278076172,73.53716278076172,5800
2021-09-20,72.47550150330294,72.60703541638576,71.60925570884885,72.40033721923828,180000
2021-09-21,72.81373387028702,72.86634743570568,72.32518035826536,72.43791961669922,682900
2021-09-22,72.53186118994309,73.26470210702759,72.52247103176767,73.01102447509766,23500
2021-09-23,73.62173800917101,74.06331925553492,73.62173800917101,73.89420318603516,7300
2021-09-24,73.60667693649401,73.9837617520551,73.55010953916833,73.94605255126953,9400
2021-09-27,73.7669388739459,73.9083465850067,73.55483090350216,73.58782196044922,12500
2021-09-28,73.07874534300355,73.07874534300355,71.89093804571205,71.99463653564453,381500
2021-09-29,72.18318587451826,72.47542319307388,72.02292716384548,72.03235626220703,142200
2021-09-30,72.30573145685322,72.45656825326667,71.17448425292969,71.17448425292969,31300
2021-10-01,71.28855791273502,72.32459358076265,70.99537121127801,72.03235626220703,152600
2021-10-04,72.09834289635025,72.09834289635025,70.78797157981698,71.1933364868164,34100
2021-10-05,71.44786785349805,72.33401601821987,71.44786785349805,71.94750213623047,80500
2021-10-06,71.34416742473167,72.3245849609375,71.1650505386834,72.3245849609375,34100
2021-10-07,72.88077014292436,73.44640082841923,72.88077014292436,73.01274871826172,47100
2021-10-08,72.98446589906312,73.07025556597767,72.77706894775966,72.87134552001953,8200
2021-10-11,73.19187330143596,73.32385189069382,72.50370025634766,72.50370025634766,19200
2021-10-12,72.73937249916824,72.74879440327892,72.23030917775571,72.34342956542969,45200
2021-10-13,72.65453072410601,72.80536750924584,72.19543222758466,72.72052001953125,23700
2021-10-14,73.36156173978223,74.0308837890625,73.36156173978223,74.0308837890625,14800
2021-10-15,74.44567688442903,74.56634199537262,74.23827990408871,74.5210952758789,18100
2021-10-18,74.23826728086658,74.78503973746632,74.23826728086658,74.75675964355469,21400
2021-10-19,75.03959021548253,75.25641632080078,74.97360091252386,75.25641632080078,10900
2021-10-20,75.30354415607435,75.49209015083325,75.30354415607435,75.41667175292969,19100
2021-10-21,75.36950956674751,75.80316162109375,75.29126462198961,75.80316162109375,50600
2021-10-22,75.71832217139824,75.95399922088495,75.4732160260901,75.81259155273438,15500
2021-10-25,76.03885266848492,76.43949936869134,75.70889901946472,76.29338073730469,16900
2021-10-26,76.79300929731112,76.98155525314932,76.61766839105974,76.62332153320312,15700
2021-10-27,76.81186359425249,77.1700901037418,76.66102683723018,76.67045593261719,16100
2021-10-28,76.91557116469612,77.3115141395923,76.91557116469612,77.29265594482422,34600
2021-10-29,77.12297523344819,77.86771576468924,77.12297523344819,77.79229736328125,29800
2021-11-01,78.07509671777096,78.0939477180993,77.61317169064858,77.98082733154297,69700
2021-11-02,77.94312133365615,78.32962799072266,77.9148412358578,78.32962799072266,41000
2021-11-03,78.28250133745597,78.71614631034187,78.02796605822898,78.6878662109375,157000
2021-11-04,78.9141047012932,79.27233123779297,78.9141047012932,79.27233123779297,28900
2021-11-05,79.66827939843094,79.83796717788964,79.2252053524947,79.44202423095703,41000
2021-11-08,79.63056048031473,79.74368085794531,79.28835839185558,79.41373443603516,17600
2021-11-09,79.6117141503404,79.6117141503404,78.77270432721284,78.96125030517578,16600
2021-11-10,78.66899639485162,79.03194106560949,78.23535148602726,78.53701782226562,24100
2021-11-11,78.7821362463415,78.7821362463415,78.4333315688353,78.44747161865234,14600
2021-11-12,78.65015483575716,79.0272395993894,78.57473644457198,78.96125030517578,13600
2021-11-15,79.168651791802,79.168651791802,78.64073021574522,78.8198471069336,50500
2021-11-16,78.81983062206754,79.54571274792583,78.81983062206754,79.3100357055664,22300
2021-11-17,79.22520748203026,79.22520748203026,78.90468291564008,78.96125030517578,45400
2021-11-18,79.2629189901424,79.2629189901424,78.81041582212306,79.09323120117188,22300
2021-11-19,79.13095132372675,79.39019039930596,79.07438392473024,79.14037322998047,21000
2021-11-22,79.48915731577812,79.84738385237473,78.76327514648438,78.76327514648438,20800
2021-11-23,78.69730583431303,78.89998470201616,78.05154564493317,78.7255859375,28500
2021-11-24,78.31079070216725,78.92355263350458,78.10339369227202,78.91412353515625,25300
2021-11-26,77.89598823889243,78.03268497709472,76.9344288881359,77.08525848388672,13300
2021-11-29,77.96197292395532,78.4898944585902,77.74515404433373,78.23535919189453,25700
2021-11-30,77.81112997404574,77.99024682041916,76.48190805740734,76.54789733886719,78000
2021-12-01,77.57546774060052,77.95255250329075,75.7277603149414,75.7277603149414,445000
2021-12-02,75.95402209560581,77.22667710765509,75.72777407380248,76.92501068115234,70300
2021-12-03,77.32093950164801,77.32093950164801,75.49209010354517,76.12370300292969,18500
2021-12-06,76.27453363888047,77.14182356730487,75.94457997297899,76.95327758789062,47700
2021-12-07,78.02795478244562,78.65957474447465,77.89597620943485,78.64071655273438,34200
2021-12-08,78.68785037450304,78.8009707493543,78.22592539517814,78.78211975097656,22900
2021-12-09,78.45218936939048,78.59359705914454,78.07510459414428,78.08453369140625,23600
2021-12-10,78.59924646775391,78.7632811062256,78.21650856771133,78.74442291259766,17800
2021-12-13,78.66027586430354,78.66027586430354,77.96065521240234,77.96065521240234,16400
2021-12-14,77.3650300392063,77.62029458685281,76.66540220190019,77.22321319580078,10100
2021-12-15,77.18539790444291,78.537371733248,76.95849527399511,78.49009704589844,16600
2021-12-16,78.87772731120822,78.87772731120822,77.51629713638813,77.80938720703125,44200
2021-12-17,77.35557759736322,77.72240724770548,76.71835750591808,76.97740173339844,25400
2021-12-20,76.0792499926155,76.08870637401472,75.53940674572013,76.05088806152344,38500
2021-12-21,76.82614599190748,77.42176818847656,76.39030129792637,77.42176818847656,14700
2021-12-22,77.50686312641238,78.39556825267252,77.50686312641238,78.35774993896484,25100
2021-12-23,78.56573343455214,79.20863022989315,78.56573343455214,78.98172760009766,124800
2021-12-27,79.12353852616857,80.16351664908454,79.12353852616857,80.1351547241211,309600
2021-12-28,80.23916266012205,80.32424844498273,79.9555289510434,80.01225280761719,28800
2021-12-29,80.12568623474313,80.39986348979129,79.97441304032913,80.3431396484375,27800
2021-12-30,80.26752806952406,80.36207023894885,79.89880855959377,79.98389434814453,1665500
2021-12-31,79.91769971703968,80.09733485577256,79.76643371582031,79.76643371582031,8800
2022-01-03,80.10680338621118,80.21552651730812,79.48659176913168,80.087890625,30300
2022-01-04,80.26752957132345,80.36207174251712,79.53576003843283,79.80426788330078,1516300
2022-01-05,79.70025471811256,79.70025471811256,78.03628540039062,78.03628540039062,166400
2022-01-06,77.97956866623137,78.32843047203372,77.59193642300139,78.01737976074219,12400
2022-01-07,77.89447622919303,78.02683670024362,77.27994134896974,77.50685119628906,25900
2022-01-10,76.84503295745608,77.45011138916016,75.93741530989998,77.45011138916016,24000
2022-01-11,77.39340200965657,77.92284393310547,76.75807170151789,77.92284393310547,13300
2022-01-12,78.54683724847682,78.54683724847682,78.14975579573574,78.31047821044922,23100
2022-01-13,78.52790778723234,78.55626971166765,76.88285125204902,76.92066955566406,8600
2022-01-14,76.47631530665193,77.03412628173828,76.19268162940746,77.03412628173828,35600
2022-01-18,76.11706342067585,76.20214920849209,75.56870874439853,75.72943115234375,16300
2022-01-19,76.05087774490687,76.44795915254123,75.07707977294922,75.07707977294922,19300
2022-01-20,75.5497870329103,76.19362865682247,74.23562448191119,74.35853576660156,946800
2022-01-21,74.15999846041058,74.6421656029986,73.03492736816406,73.03492736816406,281600
2022-01-24,71.90986070488563,73.35637664794922,70.0927354611608,73.35637664794922,1069500
2022-01-25,72.36368432395992,73.24577498895395,71.56951420124744,72.2691421508789,40400
2022-01-26,73.51993814192596,73.87636646560243,71.62623144315545,72.3636703491211,29900
2022-01-27,73.06330586783928,73.47835517289515,71.52224751158424,71.79642486572266,702600
2022-01-28,71.82478406350728,73.46984091263305,71.20079275443236,73.45093536376953,55800
2022-01-31,73.46038046795368,74.77453604098176,73.4320185396747,74.75563049316406,37100
2022-02-01,75.07708868630031,75.26617303244967,74.38691711795481,75.171630859375,59000
2022-02-02,75.99416537712497,76.28725552801754,75.54036000333386,76.12652587890625,1233000
2022-02-03,75.4268796202062,75.76723714233785,74.56653664872624,74.62326049804688,17900
2022-02-04,74.39637774799735,75.27563371270683,73.92365964252141,74.6705551147461,37000
2022-02-07,74.80289057648326,74.8879763447065,74.08435727692778,74.28289794921875,33700
2022-02-08,74.31127557341154,74.88799216801438,73.95201245427573,74.83126831054688,176700
2022-02-09,75.70105708647968,76.04141460938789,75.5592402497506,75.93741607666016,225300
2022-02-10,74.9636468982488,75.91853960391947,74.33493087803191,74.50983428955078,19000
2022-02-11,74.5618128042357,74.62326845628965,72.72293995724355,73.17864227294922,21500
2022-02-14,72.97820803858882,73.17674873543868,72.26913102993748,72.82693481445312,24800
2022-02-15,73.69673362082666,74.1316405301646,73.68728445422248,74.08436584472656,21400
2022-02-16,73.80074913463946,74.33397799104911,73.3942112709113,74.19783782958984,85200
2022-02-17,73.64946569314682,73.66837123934259,72.38257770490381,72.47712707519531,42700
2022-02-18,72.40148945510174,72.64257303453479,71.60731947696813,71.90985870361328,49600
2022-02-22,71.55060357250022,72.03277799802093,70.53898724482656,71.12516021728516,34100
2022-02-23,71.6640670440097,71.8247894673101,69.74482549367765,69.86773681640625,97300
2022-02-24,67.98631437465126,71.04952536229722,67.98631437465126,71.00225067138672,112100
2022-02-25,71.26697344391592,72.48658692679311,70.94552861947501,72.44876861572266,77700
2022-02-28,71.60732839130941,72.56222087460554,71.40311817478162,72.24077606201172,183000
2022-03-01,72.3164094238956,72.3164094238956,70.8226257820378,71.21025085449219,58800
2022-03-02,71.56004265260454,72.70779884531856,71.52222435257877,72.54329681396484,24200
2022-03-03,72.97820913240089,73.13893152562576,71.89095626021867,72.11785888671875,65900
2022-03-04,71.63568036008822,71.73967889396278,70.81882518134232,71.56005096435547,114900
2022-03-07,71.17527054600144,71.17527054600144,69.26265785020965,69.31938171386719,93500
2022-03-08,69.2437459052178,70.43972213216965,68.56303068085982,68.84666442871094,36200
2022-03-09,70.3026227709524,71.10624194243613,70.1797186855128,70.76588439941406,52300
2022-03-10,69.98118135759462,70.32153895208822,69.4139211044738,70.18917846679688,35900
2022-03-11,70.70916143636165,70.83679731987709,69.23428354011023,69.25318908691406,476100
2022-03-14,69.44226346089292,70.12297845800127,68.69537545289711,68.8277359008789,186600
2022-03-15,69.53681344911612,70.61460979991035,69.22481787043792,70.43497467041016,50800
2022-03-16,71.1629623723888,72.1178547228885,70.4538853940493,72.08949279785156,21400
2022-03-17,71.85313524322575,72.96875,71.85313524322575,72.96875,84300
2022-03-18,72.72294473527137,73.93310181670513,72.72294473527137,73.92365264892578,28600
2022-03-21,73.86691858006185,74.13353657583211,73.2429345159951,73.73455810546875,67100
2022-03-22,74.26400157309408,74.69890127272095,74.12218472877775,74.65162658691406,28700
2022-03-23,74.12218775892588,74.32072846384342,73.54547119140625,73.54547119140625,12500
2022-03-24,73.9040005362336,74.6390584742478,73.67447628725127,74.62483215332031,21000
2022-03-25,74.73861911262,74.97573401178926,74.33078119660198,74.8808822631836,10500
2022-03-28,75.06111025138317,75.65389764421768,74.77656940835291,75.6396713256836,23300
2022-03-29,76.43639202002525,76.69721998122846,76.07597980574734,76.654541015625,44000
2022-03-30,76.44586809895716,76.50278061475179,75.84834095442552,76.15184783935547,22800
2022-03-31,76.15183239023493,76.16131901363862,75.05636256274697,75.10852813720703,24300
2022-04-01,75.11800982451783,75.36461138735021,74.75759772205026,75.3361587524414,22800
2022-04-04,75.34566759956205,75.97164746071122,75.29065819102335,75.93370819091797,14900
2022-04-05,75.76298537653335,76.00010038649064,74.93308284168279,74.97576904296875,18400
2022-04-06,74.18853837625495,74.38771409722457,73.56255133648601,74.03678131103516,1254400
2022-04-07,73.93244427097704,74.71018107807485,73.57203212394255,74.33080291748047,33600
2022-04-08,74.12214317767781,74.58688650596879,73.81863629689138,74.0462646484375,73200
2022-04-11,73.45821606766943,73.45821606766943,72.59512132492127,72.64253997802734,6800
2022-04-12,73.04088632818083,73.46389856017474,71.91221692626013,72.18727111816406,45600
2022-04-13,72.3200476086904,73.13572347864617,72.28210835471887,73.05984497070312,40000
2022-04-14,72.83221723351221,72.87015648777049,72.1208724975586,72.1208724975586,15400
2022-04-18,72.03550325063941,72.36746989738892,71.69405721799659,72.0260238647461,30300
2022-04-19,72.00706308693468,73.42975272386072,72.00706308693468,73.35387420654297,22200
2022-04-20,73.74275480568707,73.95141713462935,73.40130867399508,73.5435791015625,26500
2022-04-21,74.4540979084974,74.54894244585934,72.46233367919922,72.46233367919922,10200
2022-04-22,72.44336857514605,72.44336857514605,70.48005676269531,70.48005676269531,13500
2022-04-25,70.16706507356527,71.13449096679688,69.71180114746095,71.13449096679688,48000
2022-04-26,70.73612908760366,70.73612908760366,68.90560150146484,68.90560150146484,147900
2022-04-27,69.47468051322363,70.18602536489487,69.22807893851555,69.3608627319336,470100
2022-04-28,70.08168650102132,71.18000011042105,69.29446321505934,70.91632843017578,467900
2022-04-29,70.5369588803021,70.85943174327838,68.46456926881375,68.677978515625,59000
2022-05-02,68.62106728230563,69.1427230834961,67.68209407633705,69.1427230834961,47600
2022-05-03,68.88758779981569,69.54676714018876,68.84775265772497,69.17118072509766,37500
2022-05-04,69.37982733369016,71.32416534423828,68.70642182637292,71.32416534423828,116000
2022-05-05,70.4895354365846,70.4895354365846,67.94766276089213,68.7348861694336,157500
2022-05-06,68.13734985368659,68.649519023762,67.27425518209269,67.99508666992188,107900
2022-05-09,66.97076418065129,67.1509739043048,65.77475456191935,66.09818267822266,25000
2022-05-10,67.10352743383807,67.10352743383807,65.6912723686585,66.06970977783203,91500
2022-05-11,65.92745027034435,66.59136931186853,64.96950373656675,65.01692962646484,78100
2022-05-12,64.49526361237248,65.35836546643084,63.90721595676655,65.04537200927734,119100
2022-05-13,65.96537562422407,66.7810515524722,65.8989837340724,66.52496337890625,84000
2022-05-16,66.32579484175758,66.8284773835654,65.86105156071298,66.16455841064453,468700
2022-05-17,67.22682786921006,67.50662900907896,66.61033478952268,67.44497680664062,115400
2022-05-18,66.70516791084158,66.77345567315146,64.69443087827467,64.94103240966797,1966200
2022-05-19,64.30559013860832,65.03590114610685,64.11589379913273,64.36249542236328,745700
2022-05-20,65.09279340639449,65.09279340639449,62.92081959814183,64.41938781738281,385500
2022-05-23,64.92206890976465,65.59073478993774,64.59959605860742,65.51011657714844,86500
2022-05-24,64.80826623809827,65.11177311447088,63.88825898391965,64.99795532226562,70000
2022-05-25,64.75134925559736,65.8174186229768,64.75134925559736,65.58599853515625,25200
2022-05-26,65.81363411698017,67.06560093804698,65.81363411698017,66.88539123535156,196400
2022-05-27,67.34065250560292,68.64004516601562,67.34065250560292,68.64004516601562,110500
2022-05-31,68.24167829086034,68.66848953365427,67.60621197480862,68.19425964355469,110300
2022-06-01,68.59262246641,68.63056173229297,67.24296727355075,67.50189208984375,28700
2022-06-02,67.45446182626755,68.9056041247298,67.22682627014396,68.87715148925781,100900
2022-06-03,68.30806954216777,68.30806954216777,67.61569796140591,67.74848175048828,69500
2022-06-06,68.52622516548537,68.75385350668823,67.75797499131667,67.98560333251953,63900
2022-06-07,67.52085219863096,68.63054837406018,67.48006912388418,68.49776458740234,35400
2022-06-08,68.4598298044423,68.53570832639979,67.85281610113067,67.90972137451172,25200
2022-06-09,67.58531077898374,67.97536861868075,66.44366267551287,66.45317840576172,21400
2022-06-10,65.50180296994888,65.50180296994888,64.4267578125,64.4267578125,27000
2022-06-13,62.8379782129494,62.97687448750444,61.90563261497336,62.06736373901367,92100
2022-06-14,62.4574166938146,62.48595662093268,61.471794810983525,61.90562057495117,117600
2022-06-15,62.64295280068467,63.465885739377825,62.02931514487267,62.876033782958984,75900
2022-06-16,61.55361364020269,61.55361364020269,60.62602968028618,61.04938888549805,91400
2022-06-17,60.98279585196536,61.68680739223657,60.62127798174495,61.220638275146484,61100
2022-06-21,62.05784428017801,62.942618328146565,62.05784428017801,62.780879974365234,1440500
2022-06-22,62.21957922173972,63.446846993713855,62.15298363372755,62.7999153137207,182500
2022-06-23,63.199486163132455,63.54197981792866,62.63817429507085,63.39927291870117,70400
2022-06-24,64.01766913097404,65.59693908691406,64.01766913097404,65.59693908691406,50500
2022-06-27,65.67306149869363,65.73014136867735,64.97856555263786,65.17835235595703,67100
2022-06-28,65.39714252001984,65.82240338428858,63.57051467895508,63.57051467895508,44100
2022-06-29,63.64663604859608,63.82930031325406,63.237546776546935,63.503929138183594,129000
2022-06-30,62.89505941457587,63.580046846683075,62.34326317666999,63.161441802978516,45800
2022-07-01,62.93309310661724,63.64662022288643,62.57156805568202,63.56099319458008,73500
2022-07-05,62.71427275459307,63.86542892456055,62.286159403035214,63.86542892456055,37600
2022-07-06,64.00815238155812,64.56660448035431,63.65615023722012,64.20793914794922,24400
2022-07-07,64.46481194552071,65.23541906837907,64.46481194552071,65.13076782226562,30600
2022-07-08,64.8073083254193,65.34958877871424,64.66460141489432,65.04515075683594,48100
2022-07-11,64.64556902110958,64.65508475057366,64.23933955435382,64.38870239257812,41100
2022-07-12,64.27452440402665,64.49334259396834,63.217552777082055,63.52294158935547,34000
2022-07-13,62.64769906460129,63.58955312202251,62.63818333437974,63.189979553222656,54400
2022-07-14,62.343254738742615,63.03394716067192,61.88469239884237,63.01872634887695,84300
2022-07-15,63.637124064044805,64.04621336016884,63.43733728105987,63.99864196777344,40000
2022-07-18,64.50286138529931,64.64556101771949,63.33267359083602,63.41830062866211,21100
2022-07-19,64.1413540517366,65.1212638436382,64.01767858327484,65.11175537109375,25200
2022-07-20,65.12124083010394,65.70157681877099,64.96902548104903,65.36859893798828,30800
2022-07-21,65.19260334609395,66.18678283691406,65.06131387664841,66.18678283691406,177500
2022-07-22,66.32951046740567,66.32951046740567,65.1498138259197,65.46376037597656,33400
2022-07-25,65.60646731238948,65.60646731238948,65.09272669632875,65.46376037597656,55000
2022-07-26,65.25444628821418,65.25444628821418,64.52189478989422,64.71216583251953,35200
2022-07-27,65.42569544414143,66.63393910851225,65.38764704097055,66.46269226074219,18800
2022-07-28,66.66248016692609,67.63383225399492,66.25339087135885,67.5948257446289,68600
2022-07-29,67.5187240960964,68.39398267675728,67.3950413616624,68.27981567382812,82100
2022-08-01,67.86120997779105,68.4377354927111,67.85169424738956,68.09905242919922,32900
2022-08-02,67.56628393438963,68.28742536230827,67.34747293234605,67.60433959960938,18700
2022-08-03,67.94682543085325,68.8629993146466,67.94682543085325,68.66986846923828,12300
2022-08-04,68.64131118300232,68.82206645311516,68.4329595776299,68.71742248535156,12500
2022-08-05,67.97537388674218,68.52717014993162,67.97537388674218,68.51765441894531,41100
2022-08-08,68.8601399410539,69.08847390724674,68.24175540981338,68.37494659423828,32800
2022-08-09,68.14662331049854,68.14662331049854,67.75846712052486,67.95635223388672,12500
2022-08-10,69.20264611751077,69.4880599975586,69.14556624485179,69.4880599975586,17000
2022-08-11,70.1444876860798,70.15399615657705,69.28825354698927,69.32630920410156,40800
2022-08-12,69.76394634379662,70.53455352783203,69.61172369795615,70.53455352783203,31500
2022-08-15,70.26817324809477,71.02641218327146,70.26817324809477,71.00072479248047,25800
2022-08-16,70.7343310785195,71.26710301107897,70.68676695168114,71.01974487304688,30500
2022-08-17,70.63920891045724,70.93413123103954,70.28719946516092,70.51553344726562,16700
2022-08-18,70.43942191902688,70.77239990234375,70.41563622199519,70.77239990234375,14900
2022-08-19,70.2491376254567,70.2491376254567,69.62123737581044,69.77345275878906,42700
2022-08-22,68.81257958333848,68.81448127773812,68.17040206305342,68.35591888427734,57900
2022-08-23,68.28932348697553,68.51765020798221,67.98488543950809,68.09905242919922,44700
2022-08-24,68.0419794274677,68.48912449026136,68.01343948871526,68.21322631835938,12400
2022-08-25,68.22272263361737,69.04090118408203,68.22272263361737,69.04090118408203,15100
2022-08-26,68.94577224248314,68.9552879730595,66.595887618049,66.66248321533203,19600
2022-08-29,66.09164803405694,66.49122152864628,65.87282982985377,66.07261657714844,36600
2022-08-30,66.27242005230565,66.27242005230565,65.19736759296103,65.33055877685547,17300
2022-08-31,65.55604571814315,65.84431214317,64.91197367421123,64.94051361083984,120700
2022-09-01,64.42675922144394,65.10223085815711,63.99863848828772,65.00709533691406,47200
2022-09-02,65.6254763889692,65.8157474003639,64.01765948670085,64.22029876708984,58500
2022-09-06,64.43628186690685,64.57898153489961,63.815037483208975,64.09378814697266,55100
2022-09-07,64.08427373407918,65.53986844454299,64.08427373407918,65.40667724609375,119400
2022-09-08,65.01659934048806,65.86332501898002,64.86438396863383,65.83477783203125,46000
2022-09-09,66.22487269939731,66.99072591396134,66.22487269939731,66.93840026855469,39600
2022-09-12,67.1571907077272,67.60433567513218,67.0525467074175,67.36649322509766,930900
2022-09-13,65.89185999139842,66.07261527823113,64.43626567659976,64.46480560302734,922100
2022-09-14,64.67412435682016,64.80636470536797,64.08427244811286,64.5846939086914,73900
2022-09-15,64.3506526861302,64.75022626008779,63.570529740528265,63.827396392822266,78700
2022-09-16,63.075808857573996,63.446842429575966,62.89504630666948,63.40878677368164,48400
2022-09-19,62.85700102107396,63.77221683244838,62.85700102107396,63.760799407958984,26600
2022-09-20,63.22803102979743,63.237546759389005,62.46122726399069,62.99018859863281,61200
2022-09-21,63.228037428601276,63.74177800291343,61.9151496887207,61.9151496887207,72200
2022-09-22,61.81049431438362,61.924654039938744,61.315777975727315,61.42042922973633,117000
2022-09-23,60.878147821869504,60.878147821869504,59.79358333099348,60.507110595703125,521500
2022-09-26,60.270998841739704,60.76903508691882,59.76436036117412,59.984222412109375,1292500
2022-09-27,60.59602318759134,60.92103750102206,59.34376505223005,59.78348922729492,97500
2022-09-28,60.09893525058294,61.29384378563579,59.90774973911207,61.05485916137695,68400
2022-09-29,60.04157498880832,60.089370449335576,59.45846088932007,59.9650993347168,79500
2022-09-30,59.821714124514266,60.44306241665511,59.0378532409668,59.0378532409668,122100
2022-10-03,59.65443123061802,60.72028800894053,59.36287414246273,60.31879806518555,58500
2022-10-04,61.31294832938811,62.21151898214589,61.29383306348915,62.20195770263672,88700
2022-10-05,61.54237474313037,62.30233974548666,61.093093013979995,62.039459228515625,37300
2022-10-06,61.945781747785176,62.25932029094538,61.31295768251545,61.41810989379883,188400
2022-10-07,60.70116544542056,60.70116544542056,59.29595619655645,59.544498443603516,45100
2022-10-10,59.75480320678247,59.75480320678247,58.693730708534886,59.10477828979492,62400
2022-10-11,58.760640067016524,59.48714058655952,58.508276229646,58.8179931640625,123400
2022-10-12,58.779760181448346,59.03307942273274,58.5216602997925,58.66504669189453,71900
2022-10-13,57.422349326032815,60.40483092206607,57.23116381357522,60.175411224365234,67900
2022-10-14,60.500422412593814,60.65815072581019,58.62681250860342,58.66504669189453,58000
2022-10-17,59.735681434106674,60.41438647474329,59.735681434106674,60.29011535644531,64700
2022-10-18,61.49649113531738,61.532818165416195,60.328352124892035,60.77763748168945,22400
2022-10-19,60.787199678853916,60.796757313168015,59.902970819110806,60.270999908447266,66100
2022-10-20,60.05114470539915,60.81588316739074,59.52538724068997,59.66877365112305,125300
2022-10-21,59.525383459614105,61.060596325946975,59.36287449557317,61.00706481933594,43700
2022-10-24,61.284281757918464,61.99931388469159,61.054858417636076,61.79092025756836,27600
2022-10-25,62.087250972769986,62.97626044259667,61.924745669057195,62.93802261352539,41100
2022-10-26,62.0394516538094,63.17221894221916,62.0394516538094,62.26887130737305,29000
2022-10-27,62.63212745112755,62.91890752341272,62.11593499000656,62.163726806640625,1541000
2022-10-28,62.28800165629897,63.88439273774652,62.28800165629897,63.83659362792969,28200
2022-10-31,63.473356775933844,63.6932152177343,63.28216759488831,63.396881103515625,42100
2022-11-01,63.51158172019164,63.51158172019164,62.947582866992995,63.090972900390625,41800
2022-11-02,62.804198035044365,63.41598875463074,61.456349112965846,61.49458694458008,17700
2022-11-03,60.84455889441416,61.34928660688522,60.61513554939988,60.86367416381836,67300
2022-11-04,61.743115169386684,62.14269791353742,60.85410938405804,61.78135299682617,1376900
2022-11-07,62.07770451216829,62.58243224811431,61.848277509922966,62.479190826416016,103300
2022-11-08,62.67037614676438,63.36820388732433,62.240213256870604,62.899803161621094,33400
2022-11-09,62.28322213679561,62.63213232718053,61.55194091796875,61.55194091796875,32800
2022-11-10,64.12338056800495,65.09841979185832,63.779247361204696,65.01239013671875,27200
2022-11-11,65.14621546196472,65.77712144565652,64.94547231746638,65.70065307617188,25600
2022-11-14,65.33739251827696,65.86888593597476,65.04105846388461,65.0984115600586,76300
2022-11-15,66.15950673174147,66.15950673174147,65.0124007177911,65.53815460205078,68300
2022-11-16,65.29916277029393,65.51902848803515,65.10798089730929,65.22269439697266,29900
2022-11-17,64.32411504664056,64.97892053283701,64.28587721847374,64.84986877441406,22400
2022-11-18,65.33263318493773,65.33263318493773,64.72561934490534,65.12710571289062,138900
2022-11-21,65.03150081519675,65.27048178676112,64.84031895519344,65.07929992675781,81800
2022-11-22,65.40430625961373,65.9396285601452,65.12708747559851,65.8966064453125,44500
2022-11-23,65.9778667817927,66.49406658184424,65.95397451791543,66.39847564697266,55900
2022-11-25,66.49406935072699,66.5705450190571,66.38700633231326,66.55142974853516,36100
2022-11-28,66.21684276126142,66.26464187164527,65.34695583861377,65.54769897460938,25800
2022-11-29,65.47600540792946,65.62035083988147,65.07929614302299,65.3087158203125,623600
2022-11-30,65.45211326413127,67.6507339477539,65.18445572813555,67.6507339477539,43600
2022-12-01,67.7272209658978,67.97576327375005,67.16800624307182,67.75589752197266,34800
2022-12-02,66.8477658836936,67.73677549903536,66.81908933047634,67.58382415771484,35400
2022-12-05,67.06763607601206,67.09631263113737,66.1690651187696,66.26465606689453,52300
2022-12-06,66.30288294246475,66.34112077401697,65.12901141560607,65.40431213378906,42100
2022-12-07,65.25136869850542,65.64329371254524,65.24180741724959,65.31828308105469,62800
2022-12-08,65.58594796653978,65.97787302453294,65.42344263256996,65.86316680908203,724100
2022-12-09,65.77711619872595,65.98742060755445,65.3182768459365,65.3947525024414,51200
2022-12-12,65.37562927381236,66.1977243400408,65.37562927381236,66.1499252319336,52800
2022-12-13,68.04907733571123,68.12584410110472,66.34088684766269,66.77273559570312,51000
2022-12-14,66.69598437538738,67.3005640440277,65.95608722039151,66.44647216796875,72100
2022-12-15,65.56357880712164,65.56357880712164,64.4676552812866,64.71908569335938,128000
2022-12-16,64.29684126790751,64.41200242535075,63.601093330444236,63.88418960571289,60600
2022-12-19,63.98016523486593,64.03774948487163,63.108801681664765,63.394775390625,132400
2022-12-20,63.126065519719795,63.65291924326959,63.08767846497235,63.31800079345703,41400
2022-12-21,63.76903034170556,64.45998266371762,63.76903034170556,64.22966766357422,43600
2022-12-22,63.70185916101011,63.70185916101011,62.35834880080851,63.289207458496094,57300
2022-12-23,63.12606095282892,63.65387376544382,62.90534455597653,63.567501068115234,178800
2022-12-27,63.53871501482953,63.663467447269475,63.12606334250439,63.29880142211914,109500
2022-12-28,63.6922676204577,63.6922676204577,62.62224765164667,62.684627532958984,87900
2022-12-29,63.02050003313766,63.96096452697275,63.02050003313766,63.87459182739258,56900
2022-12-30,63.27960287488097,63.63467025756836,62.972513811204436,63.63467025756836,83500
2023-01-03,63.97055439930506,64.22965781955774,62.89573902739529,63.48112869262695,95600
2023-01-04,63.65388043429646,63.99935661664241,63.212440272761604,63.7402458190918,37100
2023-01-05,63.413968598371,63.413968598371,62.82857879089612,62.99171829223633,80400
2023-01-06,63.37556641674407,64.49931923909135,62.943717619008076,64.24884796142578,38100
2023-01-09,64.69989578706155,65.36205964443711,64.41200386937176,64.47917938232422,102100
2023-01-10,64.33521130833817,64.92060089111328,64.33521130833817,64.92060089111328,63800
2023-01-11,65.3140757288502,65.74592459920595,65.08376072427632,65.67874908447266,305700
2023-01-12,65.93784319930853,66.18735535647176,65.275679418275,66.10098266601562,70800
2023-01-13,65.53479813094295,66.34090429138197,65.53479813094295,66.28428649902344,74200
2023-01-17,66.25453461270676,66.60001075092866,66.12978218785271,66.22574615478516,310700
2023-01-18,66.4656691719936,66.55203455802352,65.15093994140625,65.15093994140625,45200
2023-01-19,64.73828138859548,65.00698343437948,64.45998074929587,64.57514190673828,58900
2023-01-20,64.74787727945443,65.98583221435547,64.70949022857596,65.98583221435547,32000
2023-01-23,66.01462175169497,67.04145158434739,66.01462175169497,66.70557403564453,65300
2023-01-24,66.44646989892244,66.64320081193027,66.16816923891722,66.55203247070312,29800
2023-01-25,65.70560780995338,66.57601196768385,65.43882405211464,66.53282928466797,49700
2023-01-26,67.01266240484776,67.28136444091797,66.51459718937778,67.28136444091797,38900
2023-01-27,67.24298179355718,67.90514565551047,67.15181345643818,67.5596694946289,25700
2023-01-30,67.09902605248662,67.33893962446054,66.59904991714252,66.64798736572266,60800
2023-01-31,66.83992295347018,67.70361328125,66.75355025990159,67.70361328125,35500
2023-02-01,67.43491462031741,68.96076899490163,67.21419819808082,68.48094177246094,44300
2023-02-02,69.09511069305698,69.79566156463518,68.93197121665568,69.55574798583984,31300
2023-02-03,68.94157620365398,69.45979051553634,68.60569859083658,68.75924682617188,26700
2023-02-06,68.33220153215454,68.58363201094639,68.19112927260004,68.34659576416016,31000
2023-02-07,68.1450570197271,69.28704071044922,68.13545842624394,69.28704071044922,29500
2023-02-08,68.94156135473152,69.20067211565576,68.40415728997202,68.50971984863281,50500
2023-02-09,68.99914021699578,69.0471185352801,67.63643297516533,67.91472625732422,11100
2023-02-10,67.55006526816784,67.88594280724502,67.42531284553381,67.78038024902344,34200
2023-02-13,68.02990606770639,68.69207000732422,67.93394208322418,68.69207000732422,24800
2023-02-14,68.46173538054711,69.03753382734045,68.10666796948347,68.74003601074219,18900
2023-02-15,68.34659471271986,68.85904693603516,68.22183494181328,68.85904693603516,19600
2023-02-16,68.0970672905604,68.70164685527828,67.90513936189538,67.9099349975586,90400
2023-02-17,67.54047072137371,67.81877136230469,67.2333816213088,67.81877136230469,36800
2023-02-21,67.06062990217187,67.11821413030655,66.28810801238475,66.2977066040039,21900
2023-02-22,66.3504925668945,66.55201907566453,66.02421364457561,66.20654296875,15300
2023-02-23,66.81113515312309,66.98866885611928,66.0721972403636,66.8015365600586,18200
2023-02-24,65.95704944444654,66.10099174567715,65.56358763019763,66.0050277709961,33000
2023-02-27,66.58081545927206,66.8111377723618,66.17776239373734,66.26317596435547,20900
2023-02-28,66.13937522437607,66.55106775543626,66.04341125488281,66.04341125488281,8400
2023-03-01,65.99542330939977,65.99542330939977,65.59237025862558,65.82268524169922,26100
2023-03-02,65.50600177184863,66.43686757456662,65.45801613026444,66.4272689819336,34500
2023-03-03,66.62401434249372,67.33895223505074,66.61921138434283,67.32936096191406,14500
2023-03-06,67.37732646813998,67.77078823933071,67.22378558976929,67.30055236816406,21200
2023-03-07,67.26217994450758,67.28137713446661,66.2449485241611,66.25454711914062,14100
2023-03-08,66.33131408691406,66.4464679279265,65.96664073282274,66.33131408691406,17500
2023-03-09,66.52324560114741,66.73437074975989,65.07416534423828,65.07416534423828,12200
2023-03-10,64.9206292549067,65.14134569276315,63.86501075514864,64.03390502929688,16100
2023-03-13,63.42356177498403,64.5511587301715,63.42356177498403,63.87172317504883,21100
2023-03-14,64.71910110747523,65.27953897784394,64.41201196373322,65.12215423583984,27700
2023-03-15,64.46478521600972,64.82465560466274,63.980155073477974,64.71237182617188,28500
2023-03-16,64.47918809781382,66.1873719337089,64.47918809781382,66.16817474365234,24700
2023-03-17,66.07701177460804,66.12019446859212,65.2565039809977,65.62117004394531,46200
2023-03-20,65.54440679331918,66.06261379230173,65.54440679331918,65.90907287597656,138200
2023-03-21,66.45605333700881,66.93588043691501,66.31210374272085,66.87830352783203,18700
2023-03-22,66.86870314986673,67.4540927818442,65.75550079345703,65.75550079345703,16900
2023-03-23,66.4095946034178,66.98757043773716,65.72565567538103,66.09170532226562,21500
2023-03-24,65.76417634769597,66.47702026367188,65.58115521196028,66.47702026367188,36300
2023-03-27,66.85270305968143,66.9104984326034,66.39995304016396,66.45774841308594,20100
2023-03-28,66.33253298354451,66.39996337890625,66.06281140209757,66.39996337890625,24300
2023-03-29,67.03573340427812,67.30546233016263,66.86234726168071,67.26692962646484,26100
2023-03-30,67.6618676943914,67.69076538085938,67.38251114293307,67.69076538085938,18100
2023-03-31,67.94123074537659,68.77930047992466,67.94123074537659,68.64443969726562,24200
2023-04-03,68.55774238265806,68.76966857910156,68.39590943614378,68.76966857910156,30800
2023-04-04,68.80627895999805,68.80820449287566,68.16279820949782,68.27838897705078,46900
2023-04-05,68.16279419628756,68.32655267358744,67.86898876378523,68.14352416992188,33600
2023-04-06,67.89307657387698,68.52884784307848,67.82564617639558,68.50765228271484,20200
2023-04-10,68.03756181411335,68.5481146273017,67.8998127263535,68.5047607421875,10400
2023-04-11,68.64444150150027,68.79856496457806,68.44215032219475,68.57701110839844,29500
2023-04-12,68.94306098559939,68.99122870198201,68.17242161964738,68.3169174194336,21300
2023-04-13,68.38436288214565,69.10683469092119,68.36510020096482,69.0201416015625,14400
2023-04-14,68.84674072265625,69.17425771330417,68.43444883551959,68.84674072265625,10300
2023-04-17,68.86599037068605,69.09718657260291,68.6348015181303,69.04901885986328,12700
2023-04-18,69.32260834433771,69.34765497310734,68.90742813528436,69.06829833984375,14100
2023-04-19,68.78894688429078,69.06829615937247,68.6348160503783,68.95270538330078,22200
2023-04-20,68.44215186304226,68.91416462538162,68.39398414573012,68.59627532958984,80200
2023-04-21,68.61554020809776,68.71186828613281,68.39012794889173,68.71186828613281,13700
2023-04-24,68.75040860582268,68.77930629749939,68.45178197665193,68.62517547607422,23800
2023-04-25,68.24949074137936,68.28802344671072,67.5366540661545,67.5655517578125,40100
2023-04-26,67.99901487981504,67.99901487981504,67.35360876247393,67.4595718383789,20200
2023-04-27,67.66187722910442,68.79471520406616,67.65127944940988,68.76966857910156,16500
2023-04-28,68.68298361409556,69.48251342773438,68.68298361409556,69.48251342773438,11900
2023-05-01,69.45361419231895,69.66554040907245,69.40545381992382,69.46324920654297,6800
2023-05-02,69.0586595291467,69.0586595291467,68.24948745487747,68.67333984375,15200
2023-05-03,68.66370621457884,68.93342779498471,68.2494888305664,68.2494888305664,6100
2023-05-04,67.71968479487047,67.97977137766435,67.71968479487047,67.85454559326172,7600
2023-05-05,68.51920429783158,69.15498283723278,68.49994162210483,68.97195434570312,16300
2023-05-08,69.0104861595438,69.06828153534246,68.83709268278672,69.04901885986328,5600
2023-05-09,68.77929258736405,68.88718120111085,68.71186220377231,68.73112487792969,11200
2023-05-10,69.14535431276447,69.33127112069397,68.50958306306852,69.1357192993164,58900
2023-05-11,68.99121494775618,69.03937530517578,68.83708416554892,69.03937530517578,5400
2023-05-12,69.23205007073237,69.25131274696882,68.67333691817716,68.99122619628906,52300
2023-05-15,68.96232092451497,69.2416774998472,68.9334232355774,69.16461944580078,28400
2023-05-16,69.00085432904649,69.1260874482001,68.79856315506156,68.80242156982422,17400
2023-05-17,69.12608755961676,69.71369840615117,69.12608755961676,69.61736297607422,13000
2023-05-18,69.55958418535917,70.36008417633127,69.55958418535917,70.33985137939453,9500
2023-05-19,70.39765348804642,70.56141199777772,70.16645722204125,70.24352264404297,15100
2023-05-22,70.51322871633606,70.55176141883653,70.35910525569568,70.41690063476562,409800
2023-05-23,70.08938330320431,70.2194229053986,69.415072037186,69.4439697265625,32400
2023-05-24,68.72150757559794,68.9238061278658,68.60495403565693,68.76004028320312,12800
2023-05-25,69.99305633874997,70.08938442132887,69.55956894310252,69.9834213256836,106600
2023-05-26,70.13755050640864,70.83594569811099,70.13755050640864,70.66736602783203,22900
2023-05-30,70.74443726073845,70.95636348674498,70.46508063094463,70.73480224609375,34600
2023-05-31,70.40727071422452,70.40727071422452,69.92562292217418,70.12310028076172,19500
2023-06-01,70.24351488930888,71.0141543255229,70.20498218256195,70.86002349853516,20600
2023-06-02,71.67883980059467,72.1180965449547,71.5343439691989,72.02561950683594,12300
2023-06-05,71.87149810791016,72.16048977913911,71.74627230337147,71.87149810791016,21800
2023-06-06,71.78478977477243,72.08341642870826,71.75589208069925,71.95818328857422,15600
2023-06-07,72.29154533456634,72.29154533456634,71.50016938928474,71.61998748779297,6800
2023-06-08,71.56201061777,72.01615905761719,71.47021371541014,72.01615905761719,28474200
2023-06-09,72.2770486006206,72.49445802556225,72.01615139304255,72.19974517822266,15600
2023-06-12,72.35434024724916,72.81815338134766,72.16108907507625,72.81815338134766,12200
2023-06-13,73.22399917454159,73.47426590373385,73.01818597359927,73.45590209960938,20200
2023-06-14,73.46556868785157,73.8878329842987,73.1099846854278,73.69747161865234,23700
2023-06-15,73.52354669472666,74.8714986818731,73.52354669472666,74.64442443847656,16900
2023-06-16,74.7796822172743,74.94394645233706,74.37385032874519,74.48014068603516,40000
2023-06-20,73.99701570483825,74.23858339201357,73.72646107473162,74.0356674194336,14400
2023-06-21,73.67813469364316,73.72645117341372,73.53319262639125,73.56217956542969,10200
2023-06-22,73.24332647874168,73.83275223147818,73.24332647874168,73.76510620117188,21500
2023-06-23,73.20468327231032,73.48490270962877,73.10225584703599,73.26265716552734,12200
2023-06-26,73.24332879216888,73.3602423087897,72.62491607666016,72.62491607666016,866100
2023-06-27,72.92445282005481,73.75544623360199,72.89546587782466,73.61050415039062,26300
2023-06-28,73.32062185965168,73.6684799194336,73.30516264820416,73.6684799194336,11000
2023-06-29,73.5718530707282,73.97671926962346,73.5718530707282,73.8907241821289,14500
2023-06-30,74.62508363813282,74.9052956320666,74.60575409727268,74.80867004394531,22300
2023-07-03,74.79999477962149,74.95362854003906,74.7990290395728,74.95362854003906,42000
2023-07-05,74.4801373053262,74.98743082899102,74.4801373053262,74.82799530029297,34900
2023-07-06,74.01633711660506,74.34100266940155,73.8230859176721,74.29945373535156,25100
2023-07-07,74.22891814951022,74.7120535207963,73.96802829272247,73.98735046386719,130400
2023-07-10,74.01538063980996,74.20960497506154,73.83275992953698,74.18061065673828,14700
2023-07-11,74.35453429424268,74.65408325195312,74.1806052572712,74.65408325195312,43300
2023-07-12,75.38843158358776,75.59135490403983,75.16619346623152,75.2724838256836,18000
2023-07-13,75.7362929892653,76.23875786952598,75.7362929892653,76.122802734375,23700
2023-07-14,76.39819268792417,76.48998958086986,76.08415029773833,76.20977020263672,10800
2023-07-17,76.23876800770029,76.53830959826452,76.21943846324126,76.46100616455078,8300
2023-07-18,76.35471693846654,77.34031730303722,76.33539476577711,77.20503997802734,36700
2023-07-19,77.44660768298233,77.57222023561685,77.02144616320193,77.20503997802734,12800
2023-07-20,76.91514815587719,77.07458370998422,76.20977465571212,76.42234802246094,62200
2023-07-21,76.78952005952972,76.81850699584776,76.3740234375,76.3740234375,30000
2023-07-24,76.5576266739715,76.8958199263119,76.48032325284798,76.7991943359375,25300
2023-07-25,76.9827939810608,77.28234294639847,76.94897833604311,77.15672302246094,12600
2023-07-26,76.95380522959914,77.17218042323297,76.71706623178792,77.04367065429688,3800
2023-07-27,77.52390199543039,77.70748841659143,76.33538578320055,76.41268920898438,23300
2023-07-28,77.27267403802794,77.42727352651903,77.11323847760657,77.40795135498047,6700
2023-07-31,77.3113145745249,77.36445975364762,77.06974691888702,77.34030151367188,12500
2023-08-01,77.0021016525269,77.24173780790164,77.0021016525269,77.06974029541016,17600
2023-08-02,76.48033204950049,76.63493153746933,75.95854495499155,75.97786712646484,46700
2023-08-03,75.65901151084833,76.146975642651,75.63968196523659,75.97111511230469,21400
2023-08-04,76.47067816005148,76.57696854843255,75.52373680982616,75.60006713867188,14600
2023-08-07,75.86191707210425,76.47066497802734,75.86191707210425,76.47066497802734,14400
2023-08-08,75.68798554082981,76.20977260237773,75.65416252781209,76.1324691772461,18300
2023-08-09,76.17113186222524,76.17113186222524,75.54305434366219,75.55271911621094,34500
2023-08-10,76.0165139078649,76.4126884319329,75.51309064959256,75.71697235107422,18500
2023-08-11,75.33045147202992,75.64932252400378,75.24349066079667,75.46572875976562,18700
2023-08-14,75.47540499841134,75.99719206127736,75.46574022723037,75.96723937988281,38600
2023-08-15,75.66866240394177,75.78268607147218,75.28215998968659,75.38844299316406,20500
2023-08-16,75.24350681249923,75.58170010443476,74.77969360351562,74.77969360351562,20300
2023-08-17,74.92462720413242,75.04058233625739,74.19509551617034,74.26756286621094,15200
2023-08-18,73.66847527631772,74.34486918195614,73.66847527631772,74.14678192138672,30500
2023-08-21,74.38352995648683,74.95362619395019,74.09364576560162,74.84733581542969,85600
2023-08-22,75.28216073946467,75.28216073946467,74.56711504743684,74.65408325195312,139200
2023-08-23,74.91496641261317,75.65416291053039,74.91496641261317,75.58169555664062,156800
2023-08-24,76.0261719056148,76.08414578316784,74.6347398678641,74.66372680664062,130100
2023-08-25,75.05024072623719,75.37877658556762,74.3545246684176,75.19518280029297,17400
2023-08-28,75.5623719711967,75.6686623466547,75.31500983649578,75.57203674316406,25500
2023-08-29,75.55269984809577,76.81851196289062,75.55269984809577,76.81851196289062,7600
2023-08-30,76.88617297852869,77.14706287022209,76.80886953948557,77.08232879638672,11900
2023-08-31,77.2147005172898,77.29199657587122,77.03110671252948,77.040771484375,16700
2023-09-01,77.38862480726404,77.40795435161175,76.83785074633256,77.01177978515625,18600
2023-09-05,76.96346287198928,76.96346287198928,76.7460534384986,76.77986907958984,19100
2023-09-06,76.68322971165753,76.68322971165753,76.04935795544347,76.3740234375,20500
2023-09-07,75.97303905124822,76.37887100407157,75.91022909233715,76.25808715820312,40200
2023-09-08,76.4803309514128,76.63493043716194,76.23102997341563,76.43201446533203,44300
2023-09-11,76.77021828254748,77.02145077492057,76.65427049534586,77.00212860107422,95200
2023-09-12,76.6929104896212,76.8764969153094,76.40302632181367,76.47066497802734,21100
2023-09-13,76.287053579384,76.70255019227939,76.287053579384,76.5479507446289,13600
2023-09-14,76.92482482954034,77.26301816085494,76.78568453667427,77.18571472167969,12900
2023-09-15,76.8861526456558,76.8861526456558,76.0551593258563,76.09381103515625,16700
2023-09-18,75.82326289038356,76.21943004329486,75.82326289038356,75.9488754272461,22200
2023-09-19,75.54111706336285,75.85225489257766,75.40583974631294,75.79428100585938,22200
2023-09-20,75.97785176328914,76.07448471729836,74.96327209472656,74.96327209472656,15200
2023-09-21,74.42217351230363,74.4704900009593,73.73612213134766,73.73612213134766,39200
2023-09-22,73.91970523267197,74.15160812608785,73.42690513361067,73.53319549560547,83900
2023-09-25,73.20950564394407,73.6974697378147,73.2046769439473,73.63949584960938,37200
2023-09-26,73.20675401786993,73.24556564546361,72.54697115389939,72.68281555175781,36200
2023-09-27,72.92536607720649,72.92536607720649,72.12973899643254,72.73130798339844,49500
2023-09-28,72.57608836978775,73.43768729065036,72.57608836978775,73.19705963134766,44700
2023-09-29,73.72099857083127,73.85683555883067,72.90112056304594,73.1679458618164,76100
2023-10-02,73.03211433678547,73.39111638406128,72.77984983038168,73.26498413085938,15900
2023-10-03,72.838053474184,72.92538148548886,71.90659663477751,72.09095001220703,29900
2023-10-04,72.28500464497266,72.96418964705525,72.13946288665171,72.8865737915039,21200
2023-10-05,72.77984456047693,72.92538632059413,72.28500553710306,72.84776306152344,41200
2023-10-06,72.4402417830128,73.98296497483278,72.32380691091755,73.76465606689453,23000
2023-10-09,73.517228106555,74.12850189208984,73.4105054006107,74.12850189208984,21000
2023-10-10,74.21581426700898,74.99203180603993,74.21581426700898,74.47779083251953,18600
2023-10-11,74.8688195255738,75.04055151803821,74.5311665503473,74.9920425415039,14900
2023-10-12,75.10847378805666,75.11817114135982,74.23037474517425,74.49720001220703,17300
2023-10-13,74.72037838110326,74.79799423424618,73.8665373734813,73.93445587158203,16100
2023-10-16,74.4777907457026,75.069654952948,74.4777907457026,74.7979736328125,23500
2023-10-17,74.18671472061303,75.0405481757,74.16245653214628,74.80768585205078,23100
2023-10-18,74.44869645179284,74.5748286769442,73.50753493376105,73.62396240234375,23100
2023-10-19,73.70159136768461,73.85683787458628,72.67310916842416,72.750732421875,92800
2023-10-20,72.76042522788543,72.8526019102756,71.9725707220402,71.9745101928711,35700
2023-10-23,71.6155098352263,72.61488512514484,71.4505659801556,71.9065933227539,57300
2023-10-24,72.50815509758503,72.67309893602324,72.02302093566574,72.53726196289062,25500
2023-10-25,72.03272875117675,72.03272875117675,71.39235541376584,71.45056915283203,50500
2023-10-26,71.30113634128858,71.30113634128858,70.31534487383985,70.35415649414062,18100
2023-10-27,70.74227215123871,70.74227215123871,69.80111062476253,70.06307983398438,38100
2023-10-30,70.55792179759406,71.04305601523146,70.3250594458451,70.86937713623047,41900
2023-10-31,70.65494314195189,71.3050211799968,70.63554103147663,71.29823303222656,29500
2023-11-01,71.42145677952462,72.14915807201871,71.42145677952462,72.00361633300781,58600
2023-11-02,72.70221271886713,73.52693939208984,72.70221271886713,73.52693939208984,24700
2023-11-03,74.2158263215068,74.5748282870673,74.17798443339113,74.28374481201172,13800
2023-11-06,74.52631255435327,74.58453369140625,74.18672009887901,74.58453369140625,37000
2023-11-07,74.47391183319904,74.86590698488294,74.4292818001609,74.80768585205078,22400
2023-11-08,74.81738777314311,75.01143846840496,74.6136323223503,74.93382263183594,19100
2023-11-09,75.19580019419915,75.19580019419915,74.21582704798365,74.254638671875,34500
2023-11-10,74.59424166041538,75.45778005688827,74.43900254549061,75.41897583007812,27200
2023-11-13,75.22489413364828,75.59360079597153,75.0890571746531,75.44805908203125,11400
2023-11-14,76.66090380391823,77.1799935177587,76.6123874257754,76.98108673095703,24000
2023-11-15,77.28186959399602,77.41770656030837,76.95197453112354,77.21395111083984,24700
2023-11-16,77.18485972559016,77.52445220947266,77.12469911269613,77.52445220947266,47600
2023-11-17,77.47593144394972,77.47593144394972,77.23336434024132,77.38861083984375,12500
2023-11-20,77.29157840162061,78.14541186357057,77.29157840162061,78.00957489013672,17400
2023-11-21,77.94165874612781,77.97076561237283,77.75730538982936,77.91255187988281,15900
2023-11-22,78.00957110536842,78.32976141402503,78.00957110536842,78.16481018066406,9000
2023-11-24,78.28124237060547,78.30064447839624,78.18421702653316,78.28124237060547,10800
2023-11-27,78.05810366632623,78.31231503897104,78.05810366632623,78.13572692871094,158300
2023-11-28,78.10659906747226,78.45589625178002,78.10659906747226,78.3782730102539,18200
2023-11-29,78.87894642540475,78.92163699618526,78.32104499356089,78.34918212890625,14500
2023-11-30,78.36858339194097,78.70818328857422,78.11631891209383,78.70818328857422,18100
2023-12-01,78.46560647198392,79.11568450927734,78.368573712039,79.11568450927734,24200
2023-12-04,78.36857936513651,78.59174436552338,78.10661014104485,78.55293273925781,132300
2023-12-05,78.32006188801685,78.69846594985574,78.25699207685705,78.59173583984375,27400
2023-12-06,78.9313398688872,78.9313398688872,78.17259216308594,78.17259216308594,28000
2023-12-07,78.66936712281701,78.94104110240504,78.47530899271075,78.89252471923828,1222200
2023-12-08,78.60143659260446,79.21270295308146,78.60143659260446,79.0865707397461,68800
2023-12-11,79.06716223067203,79.41645941324641,79.06716223067203,79.36795043945312,15200
2023-12-12,79.36794711314872,79.82396697998047,79.27091436450935,79.82396697998047,34900
2023-12-13,79.79485557951854,80.6875079593551,79.64931386739396,80.66809844970703,8300
2023-12-14,81.12414909963196,81.20177235550263,80.59049846872252,80.96890258789062,36800
2023-12-15,80.75544755521335,80.98830991396981,80.6681195440791,80.74574279785156,49400
2023-12-18,81.1726635774319,81.4443375640331,81.16295882003588,81.37641906738281,24400
2023-12-19,81.52195291344262,81.74511791681115,81.52195291344262,81.71601104736328,19400
2023-12-20,81.63033872046832,82.02943381683099,80.6179892524716,80.6763916015625,24200
2023-12-21,81.32858220797898,81.58166400152159,80.93921589089331,81.55928039550781,18500
2023-12-22,81.63035908760203,81.96034283946088,81.51354693373018,81.79583740234375,10300
2023-12-26,81.76661164742802,82.11704057718343,81.76661164742802,82.06836700439453,4800
2023-12-27,82.10730745182934,82.30199432373047,81.97103035477095,82.30199432373047,26800
2023-12-28,82.18518133151886,82.33119462726448,82.17544513139056,82.24358367919922,19900
2023-12-29,82.24358868464157,82.33119963803892,81.72476281236104,82.13651275634766,31000
2024-01-02,81.43565765095573,81.66538295976262,81.29937312821576,81.65953826904297,29400
2024-01-03,81.04628750844581,81.31884168796383,80.79319830180292,80.85160064697266,28000
2024-01-04,81.00735601813358,81.37724994197414,80.70560064412008,80.80294036865234,20300
2024-01-05,80.89054192788687,81.22150589511116,80.59852276138342,80.75426483154297,18900
2024-01-08,80.9294717756648,82.1754379272461,80.9294717756648,82.1754379272461,11600
2024-01-09,81.80556075705864,82.26306567135259,81.70822102405997,82.09757995605469,24200
2024-01-10,82.33119954047302,82.74003085172245,82.30199836489022,82.59012603759766,44100
2024-01-11,82.83736504630775,82.83736504630775,81.91262655740698,82.70108795166016,10700
2024-01-12,82.74976610365623,82.88604320584354,82.49667687393189,82.66215515136719,21900
2024-01-16,82.73029108818947,83.00284528395142,82.42853571810231,82.74976348876953,40100
2024-01-17,82.1073065835819,82.292257253296,81.84448859247556,82.24358367919922,46200
2024-01-18,82.42854082393085,82.88604572081802,82.09757683247288,82.80330657958984,21100
2024-01-19,82.94444181107052,83.98599243164062,82.94444181107052,83.98599243164062,31400
2024-01-22,84.27801902402447,84.33642137188335,83.91785388362369,83.98599243164062,36000
2024-01-23,84.01520494159084,84.27803039550781,83.90812900503884,84.27803039550781,16700
2024-01-24,84.6177330096023,84.92533304494776,84.22933959960938,84.22933959960938,94100
2024-01-25,84.6089741620003,84.84259840265416,84.29748260100641,84.67613983154297,36900
2024-01-26,84.55058136004672,84.84747236783393,84.52138018330461,84.62845611572266,14700
2024-01-29,84.7744523187754,85.48504638671875,84.71604997196033,85.48504638671875,13500
2024-01-30,85.45584630562459,85.58238720085625,85.31956921028443,85.47531127929688,13900
2024-01-31,84.86207622465164,85.06649189626489,83.76212310791016,83.76212310791016,24500
2024-02-01,84.28776047727507,85.10543060302734,84.12228218241842,85.10543060302734,35100
2024-02-02,84.77445795022348,85.80627984728142,84.73552800079044,85.63106536865234,53000
2024-02-05,85.60089851487137,85.6408087716145,85.08693699120829,85.50452423095703,10800
2024-02-06,85.66026830125136,85.67973327636719,85.26116575919698,85.67973327636719,12500
2024-02-07,86.04962817887078,86.5363342122054,86.04962817887078,86.38058471679688,18300
2024-02-08,86.41952757565893,86.72128295898438,86.41952757565893,86.72128295898438,15800
2024-02-09,86.76995549621121,87.354001280974,86.76995549621121,87.2469253540039,16200
2024-02-12,87.4026768204883,87.67523103106281,87.1301226099138,87.29560089111328,24400
2024-02-13,85.87443040538152,86.30759856220342,85.4655990402668,85.98150634765625,18900
2024-02-14,86.48280587309871,86.95491137208084,86.15671368567057,86.94517517089844,35200
2024-02-15,87.06199363059916,87.24693690722808,86.85855082772513,87.14959716796875,13000
2024-02-16,87.49028514971928,87.49028514971928,86.82836456204969,86.86730194091797,23000
2024-02-20,86.54606600484863,86.54606600484863,85.76733342055319,86.22483825683594,40400
2024-02-21,85.78195417965254,86.17618495103932,85.54346550582345,86.11778259277344,19600
2024-02-22,87.56816317026171,88.47343683967956,87.56816317026171,88.45397186279297,11500
2024-02-23,88.8530532123857,88.89199058665638,88.2962628707503,88.37608337402344,33800
2024-02-26,88.37607248570815,88.51234956559315,88.08015441894531,88.08015441894531,17100
2024-02-27,88.21060332363035,88.21060332363035,87.83097321533141,88.13272857666016,262300
2024-02-28,87.88938469148255,88.08893596636713,87.80177373540464,88.05486297607422,13500
2024-02-29,88.47343292103366,88.69732099131562,88.19114249613276,88.55130767822266,10000
2024-03-01,88.66810419736332,89.3494971200097,88.5327999755271,89.33002471923828,7700
2024-03-04,89.26187678340509,89.70965283552347,89.26187678340509,89.2813491821289,10000
2024-03-05,88.97961141621653,89.01270410342177,88.06265583066195,88.55130767822266,18700
2024-03-06,88.90659321050875,89.21322039832447,88.68757697344536,88.94066619873047,14400
2024-03-07,89.6220518235145,90.0649561117489,89.6220518235145,89.97248077392578,21900
2024-03-08,90.09903744215158,90.57601480213368,89.19376373291016,89.19376373291016,13700
2024-03-11,89.04774716924535,89.23269042856592,88.75572055225128,89.15481567382812,19800
2024-03-12,89.56364542933518,90.48838391271589,89.21808088147714,90.45918273925781,16000
2024-03-13,90.40079236522148,90.46893092116295,90.16716809352589,90.29371643066406,6300
2024-03-14,90.33264525609607,90.44944995433855,89.44683668618441,89.91407775878906,58300
2024-03-15,89.32029264609413,89.59284683446714,89.0769396312547,89.16454315185547,17700
2024-03-18,89.991947709077,90.38131404318946,89.991947709077,90.02115631103516,29200
2024-03-19,89.64151166712195,90.49811901978511,89.58700083024661,90.46891784667969,18800
2024-03-20,90.65386967820416,91.36446380615234,90.42998904547811,91.36446380615234,23700
2024-03-21,91.7910671363003,92.00582994691169,91.71297021467208,91.73249816894531,21900
2024-03-22,91.63488128575338,91.8594006271043,91.53725640927132,91.59583282470703,26400
2024-03-25,91.26391047109317,91.53724220828073,91.26391047109317,91.3224868774414,20400
2024-03-26,91.61535890413477,91.68369185318932,91.09797979733142,91.11750030517578,68100
2024-03-27,91.72274017333984,91.72274017333984,91.08138610623455,91.72274017333984,24800
2024-03-28,91.64464093015951,91.87893170440094,91.6153564453125,91.6153564453125,12600
2024-04-01,91.94724768230174,92.01558061691114,91.40057675769523,91.60557556152344,14700
2024-04-02,90.707492880029,91.01011657714844,90.64892391504615,91.01011657714844,26500
2024-04-03,90.75629901563528,91.18582458964359,90.67820210259167,90.78558349609375,17400
2024-04-04,91.42011380555277,91.51773122931763,89.51654052734375,89.51654052734375,48200
2024-04-05,89.6825019211681,90.78851996325318,89.6825019211681,90.42440032958984,17200
2024-04-08,90.71725585626285,90.80510930276817,90.46344459791638,90.67820739746094,16000
2024-04-09,90.60010381822318,90.60986779413874,89.97046515470173,90.59034729003906,7500
2024-04-10,89.4384460548356,89.8484436803568,89.38963362181713,89.82598876953125,29600
2024-04-11,89.82891660915253,90.4341565249525,89.38963449860415,90.19010925292969,14600
2024-04-12,89.56533977091055,89.75667197867313,88.7551011223123,88.96986389160156,27500
2024-04-15,89.73128565762566,89.73128565762566,87.7789077758789,87.7789077758789,25200
2024-04-16,87.85701474620033,88.07665579351955,87.56415505128709,87.70082092285156,16400
2024-04-17,87.5202301966981,87.5202301966981,87.09559033298177,87.10535430908203,9600
2024-04-18,87.45676602570013,87.51826938640131,86.84176965734213,86.86129760742188,7300
2024-04-19,86.66607376363176,86.91109671031654,85.67036408214813,85.8558349609375,36800
2024-04-22,86.34392319067692,87.08582899440276,86.02666471126003,86.65630340576172,15000
2024-04-23,87.36404022395877,87.90777674099006,87.36404022395877,87.87653350830078,23100
2024-04-24,88.10106435358458,88.20844574806122,87.43725548215247,87.8082046508789,60000
2024-04-25,86.54892079984984,87.64224771942796,86.46105991653742,87.53486633300781,45200
2024-04-26,88.58915933878917,89.1163023376734,88.51594813661012,88.88201904296875,5800
2024-04-29,89.10653574378419,89.10653574378419,88.53058777627747,88.9601058959961,28900
2024-04-30,88.6379745074144,88.64773103618492,87.59345245361328,87.59345245361328,10800
2024-05-01,87.34841794601326,88.51106097257194,87.19320722084728,87.24201965332031,13500
2024-05-02,87.5944217625586,88.11082511093095,87.34939884899006,87.97415924072266,18200
2024-05-03,88.94547701958551,89.02845220799469,88.4036917147811,88.90155029296875,28900
2024-05-06,89.42869202804862,89.9655990600586,89.42869202804862,89.9655990600586,10800
2024-05-07,89.96558336499203,90.21938714699866,89.9167709350586,89.9167709350586,4100
2024-05-08,89.64344802152037,89.9851127214755,89.64344802152037,89.87773132324219,24600
2024-05-09,90.09247417723351,90.2681884765625,89.8093785034407,90.2681884765625,48600
2024-05-10,90.45369226084773,90.72995099620208,90.35606738545277,90.42440032958984,39000
2024-05-13,90.69773808302764,90.69773808302764,90.23892798794829,90.41464233398438,9000
2024-05-14,90.55813166944121,90.91542170261278,90.37558776530692,90.84415435791016,15500
2024-05-15,91.40057649093414,92.1620101928711,91.40057649093414,92.1620101928711,9200
2024-05-16,92.17176628724125,92.35919589152154,91.99214935302734,91.99214935302734,4800
2024-05-17,92.00582054319182,92.00582054319182,91.63487137497029,91.908203125,12400
2024-05-20,92.02533496272859,92.41581205740786,92.02533496272859,92.33771514892578,8500
2024-05-21,92.24010404625612,92.56224822998047,92.22058354166599,92.56224822998047,30400
2024-05-22,92.47438368720736,92.47438368720736,91.87890782431168,92.30842590332031,18900
2024-05-23,93.24558360315501,93.24558360315501,91.86134811424218,92.13272857666016,4600
2024-05-24,92.21081369408745,92.48414542733494,91.99605091861265,92.38652801513672,18100
2024-05-28,92.72820038690563,92.8062973022461,92.46463260729624,92.8062973022461,31600
2024-05-29,92.06439509592592,92.30844238009303,92.06439509592592,92.26939392089844,16200
2024-05-30,91.83010732359816,91.83987129985508,90.89296669168922,91.02963256835938,21700
2024-05-31,91.49820053773331,91.87891366144629,90.29748476067077,91.85450744628906,36300
2024-06-03,92.25963603134977,92.30356275439637,91.16630153322095,92.07415771484375,10300
2024-06-04,91.83107838764134,92.25962829589844,91.54700701938665,92.25962829589844,9400
2024-06-05,92.52320647934211,93.48963165283203,92.48415801959992,93.48963165283203,13000
2024-06-06,93.57943761722235,93.57943761722235,93.10403400934193,93.4505844116211,47100
2024-06-07,93.12843677882395,93.76296115032024,93.09915229898637,93.19676971435547,18500
2024-06-10,93.19677627087127,93.62141615385312,92.8453475926339,93.47010803222656,11800
2024-06-11,93.24116677989545,93.49554443359375,92.87915747561098,93.49554443359375,23900
2024-06-12,94.39567032589254,94.69897076458126,94.13149916707205,94.40544891357422,16700
2024-06-13,94.77724441097412,94.77724441097412,94.09725933742945,94.59134674072266,16100
2024-06-14,94.39565772984433,94.7870101928711,94.27824751219445,94.7870101928711,36300
2024-06-17,94.67939088767072,95.59908564506063,94.5570913705527,95.39362335205078,17000
2024-06-18,95.47189309734253,95.87303161621094,95.47189309734253,95.87303161621094,15300
2024-06-20,96.20571069518539,96.3133348861618,95.2468790295514,95.67737579345703,14100
2024-06-21,95.42298453455275,95.65779754315977,95.26644501700507,95.5599594116211,15500
2024-06-24,95.46995009080574,95.67736812068759,94.90443420410156,94.90443420410156,27100
2024-06-25,95.2742528550119,95.79476477031626,95.18815650717347,95.74584197998047,17800
2024-06-26,95.27621493748293,95.70671163457509,95.227299608449,95.64801025390625,21900
2024-06-27,95.55018615722656,95.80456382051216,95.41320380794097,95.55018615722656,23700
2024-06-28,96.27419511884996,96.30550153047427,95.10011510808363,95.32514953613281,11800
2024-07-01,95.06098067163464,95.39363180467748,94.93378438523642,95.33493041992188,8600
2024-07-02,95.03161037421006,95.89260371834297,95.03161037421006,95.87303161621094,23200
2024-07-03,95.76541637360855,96.61662374600866,95.76541637360855,96.55792236328125,13100
2024-07-05,96.78295789068939,97.10583045346753,96.73404255560165,97.0569076538086,7200
2024-07-08,97.27606062890622,97.27606062890622,97.09603012711777,97.18408966064453,13400
2024-07-09,97.51478710898391,97.51478710898391,97.24279309774809,97.40911865234375,88500
2024-07-10,97.64786041542764,98.44623360863945,97.57546154112573,98.40709686279297,22200
2024-07-11,98.45501833240645,98.63210778644464,97.32203846293378,97.47760009765625,20400
2024-07-12,97.52653386955211,98.83758119933006,97.52653386955211,98.20162963867188,26200
2024-07-15,98.5832056091874,98.7642065219443,98.03040935402717,98.4266586303711,20200
2024-07-16,98.27011330459682,98.70060254174165,98.27011330459682,98.68103790283203,16500
2024-07-17,97.46783976305859,97.58524253892612,97.0569076538086,97.0569076538086,19600
2024-07-18,97.55393585135445,97.55393585135445,96.07851110542305,96.49922180175781,30100
2024-07-19,96.22526915648345,96.30354264754278,95.48168592056177,95.5599594116211,37000
2024-07-22,96.37203095209672,97.23301696777344,96.33289420621536,97.23301696777344,17300
2024-07-23,97.15473903360724,97.2525771540344,96.78294372558594,96.78294372558594,19800
2024-07-24,95.42297980644773,95.58930536827933,93.97495761645293,94.180419921875,27300
2024-07-25,94.12171744427908,95.00227557323382,93.32921886050538,93.49554443359375,48300
2024-07-26,94.25868094995435,95.02183621267514,94.16084282844764,94.5619888305664,106200
2024-07-29,94.92399309885421,95.28600236888462,94.44947782395961,94.7576675415039,74400
2024-07-30,94.86528415417226,94.99247295884638,93.18244168214036,93.76947784423828,131600
2024-07-31,95.14903412399401,95.98066943319186,95.10989737873435,95.61866760253906,82800
2024-08-01,95.73606462273987,96.19591202120357,93.41727045582276,94.11193084716797,44300
2024-08-02,92.74217997473231,92.74217997473231,91.48983398875878,92.34103393554688,48500
2024-08-05,88.20241468007283,90.3353185920556,88.1437058349889,89.43519592285156,31500
2024-08-06,90.32553944911982,91.7735691506302,89.87547808009423,90.45272827148438,46000
2024-08-07,91.56808901329873,91.81367336580347,89.34713311196764,89.4841079711914,28800
2024-08-08,90.42339028131562,91.86163413250748,90.42339028131562,91.80293273925781,15900
2024-08-09,91.53874012146827,92.22362189560465,91.48982479339647,92.0866470336914,30900
2024-08-12,92.42909784453005,92.47312388567039,91.93011365122578,92.20406341552734,13200
2024-08-13,92.7715260431059,93.8673324584961,92.71282466061784,93.8673324584961,30800
2024-08-14,94.10214356574507,94.29781981316118,93.6325101215479,94.19998168945312,11600
2024-08-15,94.89465021243363,95.90239715576172,94.89465021243363,95.90239715576172,18500
2024-08-16,95.43275938811296,96.16851220276025,95.43275938811296,96.03936767578125,6900
2024-08-19,96.23503911897784,97.3797607421875,96.23503911897784,97.3797607421875,24800
2024-08-20,97.30149718277107,97.4169516942348,97.01287210096746,97.20365905761719,27500
2024-08-21,97.40912127796199,97.74080200195944,97.03733341686146,97.60480499267578,45800
2024-08-22,97.99616345854835,97.99616345854835,96.3230994477616,96.54813385009766,12300
2024-08-23,97.16452794121487,97.7907009359445,96.8710135487565,97.75157165527344,33400
2024-08-26,97.98637502288825,97.98637502288825,97.14984303784705,97.311279296875,16400
2024-08-27,97.05690278617801,97.62437438964844,96.95417536244594,97.62437438964844,32600
2024-08-28,97.58523445850975,97.58523445850975,96.41605130335722,96.90036010742188,7900
2024-08-29,96.88078273156336,97.4873910270686,96.28396795213148,96.3230972290039,17500
2024-08-30,97.10092853181062,97.44825498467887,96.32309791998539,97.43846893310547,26600
2024-09-03,96.70466831925461,96.70466831925461,94.72831145349804,94.98269653320312,10400
2024-09-04,94.60113932661756,95.62845094865928,94.591353273673,94.86530303955078,17000
2024-09-05,94.86529525083556,95.17447030318688,94.1559594943038,94.67939758300781,22800
2024-09-06,94.50328184636282,94.5913413826515,92.86838418615405,93.05525970458984,10000
2024-09-09,93.8184117065244,94.16084888611304,93.46618847478446,94.09236145019531,13600
2024-09-10,94.23422433338764,94.76744842529297,93.72545417273469,94.76744842529297,33000
2024-09-11,94.64026867274792,96.1469922672467,93.60316361429425,96.01001739501953,21500
2024-09-12,96.04915476155064,96.97863564576721,95.93175199292129,96.93949890136719,26300
2024-09-13,97.0177687776753,97.62828106678506,97.0177687776753,97.60480499267578,15500
2024-09-16,97.48739517249078,97.86896908706908,97.48739517249078,97.76134490966797,17800
2024-09-17,98.18204914683157,98.45991776534784,97.55783194455343,97.85917663574219,22800
2024-09-18,97.85918287212402,98.34838096328846,97.26236806830825,97.38955688476562,14100
2024-09-19,98.88161025582004,99.24655309823856,98.8424735136887,98.9256362915039,18900
2024-09-20,98.4853647709714,98.67125497248955,98.0940047992654,98.44622802734375,35300
2024-09-23,98.66147382642235,98.83758544921875,98.60179458155069,98.83758544921875,20700
2024-09-24,98.76908867439167,99.17023468017578,98.46578825557849,99.17023468017578,24100
2024-09-25,99.46369456153113,99.46369456153113,99.09662609005363,99.11036682128906,9700
2024-09-26,100.12129773373698,100.13110719333572,99.36948128093307,99.70906829833984,9100
2024-09-27,99.70417256398486,99.82195348302997,99.13982157251975,99.38519287109375,46100
2024-09-30,98.92387808531072,99.72869551862702,98.90424419115321,99.6403579711914,26300
2024-10-01,99.7777770400527,99.7777770400527,98.25843405942362,98.70795440673828,16900
2024-10-02,98.19758832534932,98.6196272224954,98.15832802234304,98.50184631347656,13100
2024-10-03,98.49201813495331,98.88461363211253,98.17794323485319,98.5214614868164,28100
2024-10-04,99.09073005756865,99.31647491455078,98.50184052336469,99.31647491455078,15500
2024-10-07,99.20851695426447,99.20851695426447,98.41547830139163,98.6490707397461,10100
2024-10-08,99.06129160475069,99.76796207600988,98.9749234318233,99.66981506347656,61900
2024-10-09,99.83666304861659,100.18999827474369,99.7434207683696,100.17036437988281,22100
2024-10-10,99.86610221576667,100.18999407415977,99.62073095725128,100.00350952148438,11300
2024-10-11,100.05553854128642,100.49622290482537,100.05553854128642,100.37648010253906,10300
2024-10-14,101.24510624133224,101.63279709494421,101.21958666723887,101.4855728149414,10000
2024-10-15,101.55427266083315,101.6720460898953,100.44518961624678,100.66111755371094,12900
2024-10-16,100.63166954606383,101.30889668442592,100.44813530058335,101.15185546875,25000
2024-10-17,101.57979714677273,101.58372093109453,101.01445770263672,101.01445770263672,9400
2024-10-18,101.23036821778518,101.4855564293789,101.17148151054691,101.40703582763672,22500
2024-10-21,101.1322261810772,101.42666721987923,100.74944758893858,101.35796356201172,12100
2024-10-22,100.87704457826409,101.35797021490352,100.87704457826409,101.27945709228516,27800
2024-10-23,100.80833151226304,100.87703516823127,99.72869942356071,100.46481323242188,21400
2024-10-24,100.86722564697266,100.86722564697266,100.40593391615938,100.86722564697266,8800
2024-10-25,101.12241500410626,101.64260094166542,100.72000998167158,100.94574737548828,18100
2024-10-28,101.66222981758308,101.66222981758308,100.9751857454934,100.99481964111328,829600
2024-10-29,100.78872029392491,101.3579760342447,100.65621769168398,101.01445770263672,20800
2024-10-30,101.13222222165176,101.4659235501901,100.80833035232682,100.93592071533203,9800
2024-10-31,99.10349277501226,99.23795724964585,98.65887715737877,98.70795440673828,12300
2024-11-01,99.20850714959884,99.79739666118672,99.04165649414062,99.04165649414062,18200
2024-11-04,99.13981251665585,99.5127741606908,98.88462429277031,99.01221466064453,24000
2024-11-05,99.05147254936259,100.20962524414062,99.05147254936259,100.20962524414062,43000
2024-11-06,102.5357476754345,103.11482027928734,102.03518818712756,102.9577865600586,20000
2024-11-07,103.17370816821962,103.95889169263219,103.17370816821962,103.88037109375,27900
2024-11-08,104.04723184135409,104.56545582592263,104.04723184135409,104.33186340332031,15300
2024-11-11,104.96982766304032,105.07779162228213,104.63612632584706,104.8324203491211,22500
2024-11-12,104.77353595953672,104.90112632867609,104.303408243962,104.58705139160156,31700
2024-11-13,104.59687234908444,104.78826165419888,104.34266505889212,104.45946502685547,21100
2024-11-14,104.39076169345914,104.39076169345914,103.4976066080295,103.65464782714844,49400
2024-11-15,102.99705888047497,102.99705888047497,101.81927215220898,102.172607421875,26700
2024-11-18,102.2020535682262,102.69279617969242,102.02538592857285,102.51612854003906,28400
2024-11-19,101.94686790214416,103.26205444335938,101.94686790214416,103.26205444335938,13200
2024-11-20,102.66432619145543,103.1639047688881,102.33945334863037,103.06575775146484,33000
2024-11-21,102.62407691715647,103.88528883125623,102.4768601466005,103.72334289550781,41400
2024-11-22,103.73316554953031,103.87057286836622,103.39945671225934,103.86075592041016,50200
2024-11-25,104.41038939498016,104.41038939498016,103.86076009753127,104.0276107788086,17900
2024-11-26,104.12574495406398,104.45945376359346,103.97852818764753,104.33186340332031,18900
2024-11-27,104.34168378560094,104.34168378560094,103.719427053498,104.0177993774414,8400
2024-11-29,104.19446501147523,104.71465093235499,104.19446501147523,104.704833984375,10700
2024-12-02,104.68520509520593,104.98946308213799,104.68520509520593,104.802978515625,17100
2024-12-03,104.70484258124189,104.74704572644247,104.48891463677708,104.63613891601562,11000
2024-12-04,105.05816717266092,105.82372436108537,105.05816717266092,105.79428100585938,9500
2024-12-05,105.79427915548963,105.8570896487033,105.5292739868164,105.5292739868164,26600
2024-12-06,106.03965437120358,106.03965437120358,105.53026634423634,105.8041000366211,7000
2024-12-09,105.59797712356236,105.59797712356236,104.83241995229967,104.94038391113281,16100
2024-12-10,105.02872433785657,105.31335592001345,104.54779123965845,104.6606674194336,15100
2024-12-11,105.30352727048037,105.94149402248118,105.30352727048037,105.81389617919922,45600
2024-12-12,105.65687012592699,105.72557378184953,105.22501429547839,105.26427459716797,14200
2024-12-13,105.33003990217992,105.33003990217992,104.48890493816093,104.62631225585938,11000
2024-12-16,104.99926739780439,105.15630110218336,104.69893323084852,104.85204315185547,29600
2024-12-17,104.42967814581068,104.79395897780651,104.38044836720788,104.56751251220703,30700
2024-12-18,104.76444211405364,105.05979830218476,101.32840728759766,101.32840728759766,18600
2024-12-19,102.38185268569922,102.38185268569922,101.22010040283203,101.22010040283203,64500
2024-12-20,100.84598597149517,103.32701248089418,100.79774017971776,102.529541015625,55400
2024-12-23,102.59845038974764,103.23840000966932,102.09141517437675,103.14978790283203,14900
2024-12-24,103.40577400416903,104.3410873413086,103.40577400416903,104.3410873413086,7500
2024-12-26,104.0949592345652,104.3607805592708,103.7523412435568,104.22294616699219,9000
2024-12-27,103.5928372615642,103.5928372615642,102.3424728404255,103.02180480957031,6500
2024-12-30,101.64345793490028,102.55415641152234,101.439658335193,101.80098724365234,42700
2024-12-31,101.97327109853585,102.22433248219666,101.19056710439322,101.44654846191406,21900
2025-01-02,101.864971756713,102.09633822250879,100.50139536551201,101.08226776123047,16300
2025-01-03,101.60407245253772,102.93320154177367,101.60407245253772,102.84557342529297,12000
2025-01-06,103.74051892734178,104.3243433104884,103.32700826646557,103.3860855102539,17500
2025-01-07,104.02602856804916,104.02602856804916,101.623759451274,102.07664489746094,22300
2025-01-08,101.92897709041083,102.16526354888998,101.70253809186319,101.99789428710938,20800
2025-01-10,101.4071688914701,101.4071688914701,100.34583660839904,100.36356353759766,15700
2025-01-13,99.48731851154857,100.6490707397461,99.48731851154857,100.6490707397461,56700
2025-01-14,101.30477176459513,101.30477176459513,100.00912114167448,100.6490707397461,17900
2025-01-15,102.38678699334923,102.85443992192806,101.98804374797736,102.6772232055664,18900
2025-01-16,102.83474058821372,102.88889034676112,102.50984954833984,102.50984954833984,13300
2025-01-17,103.47469545972442,104.07526280799053,103.47469545972442,103.74052429199219,12300
2025-01-21,104.39030611051089,104.87272644042969,104.05556761954162,104.87272644042969,28500
2025-01-22,105.4831431855482,105.8966463332513,105.4831431855482,105.7588119506836,17600
2025-01-23,105.47329408309068,106.15262603759766,105.43391175848342,106.15262603759766,12700
2025-01-24,106.26584928086251,106.27471274542069,105.51268013573699,105.76866149902344,8100
2025-01-27,102.68705637193938,103.37622822219005,102.68705637193938,103.12024688720703,14300
2025-01-28,103.48453572120134,104.40015411376953,102.9715890169339,104.40015411376953,31500
2025-01-29,104.01617940170627,104.01617940170627,103.34669494628906,103.34669494628906,8400
2025-01-30,103.29747484383945,103.77990270303512,102.99227120707492,103.6125259399414,7900
2025-01-31,103.91774029551128,104.55079449163227,102.9332046508789,102.9332046508789,20300
2025-02-03,101.14134121118329,102.60829708988449,100.92474218652737,102.08649444580078,26100
2025-02-04,102.02741202159848,102.62797928257766,102.02741202159848,102.49999237060547,17000
2025-02-05,102.27355564873042,103.02180480957031,102.1180018478788,103.02180480957031,4100
2025-02-06,103.02180220212021,103.26793609643174,102.90464673490901,103.22855377197266,14600
2025-02-07,103.44515202488451,103.50914924057679,102.18297970779088,102.42123413085938,15500
2025-02-10,102.90365896652749,103.20887011431905,102.78059201490154,102.84458923339844,11900
2025-02-11,102.43108056109837,102.87411855852274,102.43108056109837,102.85443115234375,13300
2025-02-12,101.89942070479925,102.43008676302743,101.89942070479925,102.3326187133789,11900
2025-02-13,103.08086478504772,103.63220977783203,102.98241273643227,103.63220977783203,16800
2025-02-14,103.44317075425138,103.51897589719084,103.30730438232422,103.30730438232422,6800
2025-02-18,103.79958317918148,103.90788269042969,103.61547100549551,103.90788269042969,18900
2025-02-19,103.77988876520806,104.38832796743726,103.77988876520806,104.20323181152344,18200
2025-02-20,104.24262829716001,104.24262829716001,103.6597878997246,104.1244888305664,7400
2025-02-21,104.29185084615237,104.29185084615237,102.21448024003406,102.26371002197266,23300
2025-02-24,102.62799024717555,102.62799024717555,101.68283695959283,101.71237182617188,60700
2025-02-25,101.4859312231009,101.4859312231009,100.52601051753616,100.97396850585938,15200
2025-02-26,101.55188973226706,102.0402140084398,100.83612747239562,101.16102600097656,26300
2025-02-27,100.4964704972748,100.91490114071522,99.16242893736558,99.2313461303711,64900
2025-02-28,99.05412206440546,100.61952997992009,98.68492123398293,100.51123046875,50200
2025-03-03,100.79675225200853,100.79675225200853,98.07943939807447,98.60124206542969,28000
2025-03-04,97.65608473561373,99.04427597120745,96.80938355192556,97.70530700683594,22000
2025-03-05,97.77421933128102,99.19687284622063,97.35678024005428,98.88674926757812,48900
2025-03-06,97.38040826169481,98.44370087502041,96.8487581993272,97.19334411621094,28500
2025-03-07,96.91768513706698,97.83330352917392,95.8642323643341,97.71515655517578,27200
2025-03-10,96.52387500069005,96.52387500069005,94.31851727134247,94.92892456054688,21100
2025-03-11,94.93875714372743,95.2045784197264,93.5013362366223,94.20035552978516,49300
2025-03-12,95.23413423113035,95.33455428087056,94.11373221009289,94.95845794677734,40600
2025-03-13,94.56463711567939,94.81077098895143,93.58010162259126,93.87545776367188,23900
2025-03-14,94.59418443229798,96.03160554007896,94.59418443229798,95.8346939086914,25800
2025-03-17,95.8346935438146,96.92752868176991,95.8346935438146,96.5632553100586,16500
2025-03-18,95.97880680561596,96.00150822678586,95.0409308060626,95.26799774169922,28300
2025-03-19,95.71224898010261,96.99170829911913,95.56417003613448,96.3835678100586,12100
2025-03-20,95.56416847702972,96.76858654960326,95.56416847702972,96.05778503417969,38700
2025-03-21,95.1001772461094,96.04792022705078,94.96196519880492,96.04792022705078,35600
2025-03-24,97.04502025147274,97.92365713968071,97.04502025147274,97.86441802978516,26900
2025-03-25,97.92366131282043,98.05397229616185,97.78050828412921,97.99276733398438,218100
2025-03-26,97.80517827087348,97.92068134452404,96.37369335665218,96.53164672851562,47600
2025-03-27,96.32433567733302,96.67382005986215,96.14663341360438,96.27497100830078,230300
2025-03-28,96.04791452973538,96.0676558787543,94.18204446981196,94.36961364746094,42700
2025-03-31,92.97761990145828,94.75464261355744,92.47708895028701,94.58680725097656,119100
2025-04-01,94.16921019813978,95.28774102691487,94.16921019813978,95.11003875732422,46600
2025-04-02,94.66577798399531,95.89389917046383,94.66577798399531,95.52467346191406,22700
2025-04-03,92.25694066298007,93.33302878086343,91.72384135656966,91.82256317138672,39500
2025-04-04,89.37421466370881,90.00604326866139,86.44213104248047,86.44213104248047,128600
2025-04-07,83.55941891914811,87.38001418204755,82.3846089801911,86.0373764038086,92800
2025-04-08,89.04842866917573,89.2853700523389,83.68775226996804,85.02052307128906,46600
2025-04-09,84.60292151571728,92.81966144908675,84.60292151571728,92.72093963623047,55400
2025-04-10,90.9439261579714,90.9439261579714,87.44911968530427,89.70988464355469,30300
2025-04-11,89.89744266167284,91.38816673481412,89.13727649732387,91.21046447753906,28100
2025-04-14,92.73081239384943,92.79991841479355,91.4967709255676,92.09898376464844,28200
2025-04-15,92.60740146798838,92.60740146798838,91.83736085326754,91.87191009521484,34500
2025-04-16,90.80669510758166,91.02289338278067,88.68808909287117,89.70000457763672,59400
2025-04-17,89.9764221262007,90.614178370199,89.601276268078,89.91719055175781,22800
2025-04-21,88.89047039210162,88.89047039210162,86.74817634472024,87.6761703491211,29800
2025-04-22,88.60417167488063,89.93693486777035,88.60417167488063,89.82833862304688,35400
2025-04-23,92.20757867199718,92.75055239092961,90.90443120177159,91.14136505126953,41100
2025-04-24,91.49676860347536,92.99735967674643,91.49676860347536,92.88876342773438,47600
2025-04-25,93.22442500925986,93.98163113477014,92.6913182138366,93.93523406982422,17100
2025-04-28,94.06357110952364,94.15242600756449,92.75054924329757,93.8266372680664,29700
2025-04-29,93.98459036272347,94.58680317073514,93.89574299694682,94.45846557617188,28400
2025-04-30,93.14544023760195,94.86322369975805,92.54520083363313,94.438720703125,19400
2025-05-01,95.84059331236068,96.52177904493553,95.30748652252538,95.38646697998047,17000
2025-05-02,96.81795257755716,97.43990673678239,96.74884655986547,97.16348266601562,23300
2025-05-05,96.45267003196655,97.45669193090113,96.45267003196655,96.99565124511719,19900
2025-05-06,96.04791155940809,96.5859518044313,95.95905666159278,95.97880554199219,18300
2025-05-07,96.4230677342126,96.53166399203566,95.70732514910004,96.52178955078125,11100
2025-05-08,97.29182626983369,98.00756877014634,96.64617647694008,97.13386535644531,23400
2025-05-09,97.43004082449796,97.43004082449796,96.89693402600201,96.9364242553711,6600
2025-05-12,99.77965807247408,100.05608216016884,99.16559740224271,100.0264663696289,19400
2025-05-13,100.93471416348262,101.21113823767043,100.71752166748047,100.71752166748047,20300
2025-05-14,101.1193290546292,101.49447492998942,101.1193290546292,101.46781921386719,5800
2025-05-15,101.34936087629485,102.23786470395372,101.29012176432393,102.14901733398438,20700
2025-05-16,102.27637046691551,102.94867602946631,102.27637046691551,102.87957000732422,39200
2025-05-19,101.823221314505,103.18560028076172,101.823221314505,103.18560028076172,13900
2025-05-20,102.87463399809458,102.93682565048225,102.48467267912658,102.78084564208984,14700
2025-05-21,102.01080394882095,102.93879799490465,100.99691507450883,101.19139862060547,14100
2025-05-22,101.37897463823072,101.84297542409871,101.1913979293927,101.32467651367188,13100
2025-05-23,100.35224062865952,101.03738060358238,100.15478950027244,100.72738647460938,11100
2025-05-27,101.84297817112746,102.88944292867924,101.74424882781838,102.8499526977539,65100
2025-05-28,102.98717628723395,102.98717628723395,102.07991027832031,102.07991027832031,17900
2025-05-29,103.45216700307888,103.45216700307888,102.38595334897303,102.73148345947266,18600
2025-05-30,102.50442032317841,102.53403611271902,101.60702122734541,102.2674789428711,15800
2025-06-02,101.73436873703518,102.6031311088503,101.704745418686,102.54389953613281,11000
2025-06-03,102.53404008325315,103.54101462658404,102.53404008325315,103.3238296508789,10200
2025-06-04,103.34356889869996,103.560761401979,103.28433731852981,103.33369445800781,32500
2025-06-05,103.17574291467919,103.75820688209406,102.42544358045748,102.73148345947266,21300
2025-06-06,103.75819883491549,104.01488155366117,103.68909281817523,103.75326538085938,4300
2025-06-09,103.95565136758924,104.21232655777742,103.81743933225991,104.0247573852539,10600
2025-06-10,104.21233183672634,104.81454467773438,104.21233183672634,104.81454467773438,13300
2025-06-11,105.04160384665646,105.14032565072846,104.29130457812575,104.37028503417969,12200
2025-06-12,104.34068256953638,104.8737894179872,104.34068256953638,104.82442474365234,29100
2025-06-13,103.90628858876495,104.2913089130429,103.3040757673064,103.57063293457031,12100
2025-06-16,104.30796402820292,104.75135408547376,104.30796402820292,104.49403381347656,15500
2025-06-17,104.04866729652827,104.13774551484923,103.5538101196289,103.5538101196289,11400
2025-06-18,103.59339054265239,104.01600046781122,103.38555145263672,103.38555145263672,9900
2025-06-20,103.83092530219118,103.83191447277214,102.72244262695312,102.72244262695312,18400
2025-06-23,102.77192156406349,103.969482421875,102.77192156406349,103.969482421875,18700
2025-06-24,104.78105283598326,105.30560019270189,104.69197462490465,105.23632049560547,23400
2025-06-25,105.37487173666307,105.60745517697413,105.32538300645729,105.54312133789062,27400
2025-06-26,106.0181941478456,106.25572345576002,105.7163309967983,106.15675354003906,14400
2025-06-27,106.33490761587741,107.0573948318488,106.07757978166524,106.86935424804688,17000
2025-06-30,107.08707602417397,107.39389256826195,106.84954672465447,107.23553466796875,16900
2025-07-01,106.75552711169802,107.15636018099485,106.75552711169802,106.91883087158203,10700
2025-07-02,106.81986919426815,107.48297599093982,106.75058949239083,107.4136962890625,17900
2025-07-03,107.76998855712645,108.43309531996289,107.76998855712645,108.34402465820312,9200
2025-07-07,107.86895116730092,107.86895116730092,106.83964746815607,107.23553466796875,28600
2025-07-08,107.39389376546912,107.6413223242453,107.28502459553397,107.423583984375,8700
2025-07-09,107.82936106729966,108.32421817646748,107.74029041209117,108.09658813476562,22000
2025-07-10,108.10154311864154,108.64093560097498,108.10154311864154,108.53207397460938,20200
2025-07-11,107.89863990342157,108.37370604685375,107.89863990342157,108.15596771240234,23200
2025-07-14,108.1104486485277,108.36381223714612,107.92536803457327,108.3143310546875,15300
2025-07-15,109.10610355680221,109.10610355680221,108.10055496432271,108.1856689453125,8400
2025-07-16,108.30442913152106,108.69140625,108.0570005725576,108.69140625,4100
2025-07-17,108.84878138529277,109.3832204592855,108.84878138529277,109.34759521484375,7400
2025-07-18,109.77911034819891,109.77911034819891,109.21497348893537,109.34858703613281,25500
2025-07-21,109.43269970605654,109.92755681019008,109.43269970605654,109.53166961669922,7400
2025-07-22,109.16647719398523,109.73358154296875,109.16647719398523,109.73358154296875,5900
2025-07-23,110.00674698336572,110.36304473876953,109.87807929057375,110.36304473876953,7400
2025-07-24,110.52138665082069,110.71635896546512,110.4768513225308,110.5560302734375,7200
2025-07-25,110.53129008116196,111.13501639051198,110.53129008116196,111.0152587890625,7800
2025-07-28,111.09542604183771,111.13501551847534,110.9370681352872,111.0518798828125,7800
2025-07-29,111.28347613336246,111.35275583097162,110.808409956242,110.91332244873047,3000
2025-07-30,111.17163935904271,111.34285648624171,110.46695723429214,110.89055633544922,15300
2025-07-31,111.49131553998296,111.77734441767463,110.03643433517516,110.16014862060547,14000
2025-08-01,109.13579275629563,109.23971608040812,108.30443636707929,108.7992935180664,11200
2025-08-04,110.29375385642437,110.88758087158203,110.22447416383798,110.88758087158203,8600
2025-08-05,110.6005797057219,110.6005797057219,109.9523180082116,110.10077667236328,13700
2025-08-06,110.14529788696787,110.34422688374892,110.06611893611397,110.15519714355469,11700
2025-08-07,110.6401567827098,110.709436478091,109.25455532416504,109.72664642333984,14600
2025-08-08,110.12550031410822,110.63025669146131,110.12550031410822,110.5194091796875,7400
2025-08-11,110.58077508676115,110.86778557084823,110.24921417236328,110.24921417236328,7000
2025-08-12,110.60055931046051,111.41212463378906,110.60055931046051,111.41212463378906,779000
2025-08-13,111.81296611697101,111.83771048345676,111.47151349186096,111.81890869140625,13900
2025-08-14,111.39234327038217,111.77833122870307,111.31415348775349,111.76249694824219,26200
2025-08-15,111.91689235623109,111.91689235623109,111.39234499709572,111.42203521728516,7800
2025-08-18,111.63977512974591,111.66946535035108,111.40223826306298,111.52496337890625,7700
2025-08-19,111.56058969027272,111.83671929714122,110.83809497688168,110.95686340332031,43100
2025-08-20,110.7777323526552,110.85294707516408,109.89193382866006,110.72923278808594,6900
2025-08-21,110.7292329229466,110.84800135701775,110.29969879031651,110.39669036865234,6600
2025-08-22,110.59067028020485,112.32267025058528,110.59067028020485,112.16926574707031,10200
2025-08-25,112.1841139564916,112.32762675794655,111.81792449951172,111.81792449951172,10000
2025-08-26,111.87928428668735,112.20490264892578,111.72884728947295,112.20490264892578,6800
2025-08-27,112.07525147149894,112.53051916879221,112.07525147149894,112.47708129882812,22500
2025-08-28,112.4315451785634,112.63246008496404,112.11483689837841,112.57505798339844,11300
2025-08-29,112.09504398657076,112.11483495021048,111.60018683544807,111.7130126953125,8400
2025-09-02,110.630260039911,110.90441131591797,109.90777285036356,110.90441131591797,2800
2025-09-03,111.53189859275415,111.57742309570312,111.17461166191377,111.57742309570312,3400
2025-09-04,111.48141331858623,112.30287796422165,111.25773995032617,112.29100036621094,9700
2025-09-05,112.28308968241122,112.28308968241122,111.26368511282513,111.51309204101562,12600
2025-09-08,111.87730453113664,111.87730453113664,111.68727805801318,111.79219055175781,7000
2025-09-09,111.8377111830531,112.20291900634766,111.47151418916658,112.20291900634766,20000
2025-09-10,112.797739637563,112.797739637563,112.05545391481085,112.37512969970703,10100
2025-09-11,112.81752978204187,113.58455986683461,112.67897038554108,113.5687255859375,17800
2025-09-12,113.45094016816714,113.77754767830781,113.45094016816714,113.6261215209961,13700
2025-09-15,114.01508312921023,114.22292977481402,113.9755012024408,114.19125366210938,9600
2025-09-16,114.28156332727042,114.28156332727042,113.7655256466182,113.87865447998047,7000
2025-09-17,113.79628763121096,114.23095008170351,112.94185527577747,113.72781372070312,23000
2025-09-18,114.55942528002456,114.87896766862929,114.31629141613963,114.61400604248047,18400
2025-09-19,115.02584068622157,115.12507637071562,114.55942464078234,115.05957794189453,19000
2025-09-22,114.79759098284805,115.6609573313318,114.72713342022153,115.64110565185547,28300
2025-09-23,115.72049836021642,115.72049836021642,114.62392397993368,114.82835388183594,16800
2025-09-24,115.12506946961804,115.12506946961804,114.34902935248758,114.52964782714844,11300
2025-09-25,113.87468714597573,114.20217172348293,113.53231759414524,113.91438293457031,13100
2025-09-26,114.15254874528475,114.8690414428711,114.08308300886492,114.8690414428711,13600
2025-09-29,115.4525529468414,115.49224873473217,115.18461584257537,115.38408660888672,5300
2025-09-30,115.36324958407727,116.15119171142578,115.35829044951132,116.15119171142578,62200
2025-10-01,115.68576648289695,116.84188080753121,115.68576648289695,116.82997131347656,5100
2025-10-02,116.916305687266,116.92126482146882,116.58386198694322,116.78630065917969,7400
2025-10-03,116.941116480036,117.33112401827943,116.67317936303616,116.86371612548828,117600
2025-10-06,117.46707887859047,117.74494183314316,117.10784069146196,117.66158294677734,15700
2025-10-07,117.83424516321821,117.83424516321821,116.81607055664062,116.81607055664062,9400
2025-10-08,117.00065552034188,117.45714571309429,117.00065552034188,117.45317840576172,11000
2025-10-09,117.44722028814631,117.69531327885689,116.92423983974138,117.11874389648438,69200
2025-10-10,117.69829295261812,117.69829295261812,114.14262390136719,114.14262390136719,13300
2025-10-13,115.62126132363242,115.9288942141541,115.4872889866128,115.82569122314453,13400
2025-10-14,114.65865963970704,116.13729177206045,114.33117506875709,115.5557632446289,24600
2025-10-15,116.45484995142066,116.69301710589322,115.1796558983847,115.93385314941406,8400
2025-10-16,116.2464609423992,116.2464609423992,114.90676019362077,115.59149932861328,180200
2025-10-17,115.13499278805217,116.56401084962091,115.13499278805217,116.39828491210938,339600
2025-10-20,116.79225851634514,117.34798439173856,116.79225851634514,117.29241180419922,2700
2025-10-21,117.07012157056415,117.35791034809282,116.8617243670842,117.20905303955078,24400
2025-10-22,117.4968424887303,117.53653827598156,116.12240519354447,116.71485137939453,35100
2025-10-23,116.89150173930817,117.5663150191908,116.68806365708525,117.35494232177734,17000
2025-10-24,118.46936069059599,118.47928653003329,118.23119354248047,118.23119354248047,11600
2025-10-27,119.51631866902437,119.94800563480848,119.50640040034702,119.94502258300781,14300
2025-10-28,120.39456900368589,121.04060413549742,120.26556337117444,120.68235778808594,10200
2025-10-29,121.4216775578667,121.4216775578667,120.34494729147146,120.73892211914062,7500
2025-10-30,120.48388734257549,121.06938318445668,120.0105209350586,120.0105209350586,15800
2025-10-31,120.43426558524423,120.57319705846353,119.54608841230926,120.12663269042969,4300
2025-11-03,120.67243214143603,120.67243214143603,120.20105696170803,120.52357482910156,16700
2025-11-04,118.96555363440973,119.43991187597659,118.71746063232422,118.71746063232422,14000
2025-11-05,118.75714805960554,119.99761298269291,118.75714805960554,119.25630950927734,9400
2025-11-06,119.27319569687549,119.27319569687549,117.382728207151,117.61295318603516,36200
2025-11-07,116.95103389118141,117.42240905761719,115.84950041064458,117.42240905761719,10600
2025-11-10,118.89608633001271,119.97480026126797,118.6579191710842,119.85472106933594,12000
2025-11-11,119.49152318301813,119.97778337168609,119.22357848738623,119.84579467773438,15600
2025-11-12,120.44418376141503,120.44418376141503,119.8398281057666,120.11868286132812,9100
2025-11-13,118.81670530816588,119.02510252386116,117.64371479651322,117.73501586914062,18500
2025-11-14,116.18691023410359,118.47432789176206,116.18691023410359,117.88188171386719,11600
2025-11-17,118.53089343664577,118.53089343664577,116.68309732454576,117.03538513183594,13500
2025-11-18,116.16706121680241,116.66324720535351,115.29377660258349,115.93584442138672,28900
2025-11-19,117.0006643396297,117.53654614661033,115.95867067530106,116.59974670410156,28800
2025-11-20,118.8960858693804,118.8960858693804,114.64873495748964,114.737060546875,29800
2025-11-21,115.42278221736451,116.95103597042568,114.71819902226703,115.9388198852539,19800
2025-11-24,116.82202795361168,117.89379148393039,116.78233216680019,117.68638610839844,20700
2025-11-25,117.37776010555542,118.60433197021484,116.7426426249911,118.60433197021484,117000
2025-11-26,119.0945735286466,119.54113792899767,118.8563987820079,119.37739562988281,35700
2025-11-28,119.54013832368226,119.58578507344538,119.3525770478684,119.50540924072266,19700
2025-12-01,118.76708195015505,119.63044832078246,118.76708195015505,118.95861053466797,29000
2025-12-02,119.59570353511153,119.59570353511153,119.01020772570584,119.31288146972656,11200
2025-12-03,119.09455770120572,120.07700379413164,119.05486191537476,119.8318862915039,19300
2025-12-04,119.87854738919326,120.15641035347211,119.68999427577634,120.04029846191406,21700
2025-12-05,120.33502957351374,120.55335262260768,120.25563799726186,120.36083221435547,12500
2025-12-08,120.41442197467632,120.41442197467632,119.67411780954099,119.80709075927734,20600
2025-12-09,119.8289184347111,120.05716732496124,119.80907432613161,119.8328857421875,6300
2025-12-10,119.57586552104907,120.61289243230071,119.40219739452289,120.38662719726562,16700
2025-12-11,120.17624600347735,120.71212778451952,119.99761874312995,120.64266204833984,13600
2025-12-12,121.05648226388469,121.05648226388469,119.37242837876599,119.72273254394531,8900
2025-12-15,120.37473350411398,120.56327904646912,119.65029857140837,120.00457763671875,25500
2025-12-16,119.60445824587997,119.95280956918852,119.26606198709148,119.8731918334961,27800
2025-12-17,119.85327955497917,119.85327955497917,118.14137297571963,118.16725158691406,21000
2025-12-18,119.23619757348625,119.88811378274454,119.17050630099064,119.26506042480469,14500
2025-12-19,119.61440893798839,120.46638322341347,119.61440893798839,120.37083435058594,18000
2025-12-22,121.12725480897105,121.38603332824627,120.92819908244502,121.33627319335938,30700
2025-12-23,121.10735025947736,121.99714012500458,121.10735025947736,121.99415588378906,16000
2025-12-24,122.04293099736057,122.34151458740234,121.83988868881993,122.34151458740234,24900
2025-12-26,122.26189199525133,122.63015345071513,122.23203439492794,122.3743667602539,7200
2025-12-29,121.85382513940311,121.98420535206048,121.53035767878703,121.76922607421875,11300
2025-12-30,121.61495593755284,121.72443886671003,121.48556287937289,121.64481353759766,8400
2025-12-31,121.8438733244129,121.8438733244129,120.67938132295059,120.69530487060547,6700
2026-01-02,121.36613833377508,121.36613833377508,120.37084445232635,120.80379486083984,10000
2026-01-05,121.49551747156758,121.9682805219143,121.49551747156758,121.49949645996094,13000
2026-01-06,122.17430458846478,122.31165562013456,121.68561800099572,122.27184295654297,73600
2026-01-07,122.56048232491979,123.13277324307164,122.46194920714868,122.50971984863281,12700
2026-01-08,122.52067144545747,122.65603298853549,122.14743625161866,122.40522003173828,10200
2026-01-09,122.9834848751883,123.24723713339117,122.9834848751883,123.0501708984375,18600
2026-01-12,122.33156630440217,123.33680758907208,122.2997116172907,123.20941162109375,22300
2026-01-13,123.21738272978209,123.23828001294567,122.66001300540358,122.96855926513672,23800
2026-01-14,122.41118910258663,122.45697784423828,121.81401430827324,122.45697784423828,163300
2026-01-15,123.232301584919,123.3666607776718,122.70977083263581,122.7147445678711,12500
2026-01-16,123.04816814949874,123.05812321354536,122.59033391871102,122.65204620361328,15700
2026-01-20,120.86848855952533,121.31636775828173,120.13196563720703,120.13196563720703,25100
2026-01-21,120.46041157050848,122.530624568636,120.46041157050848,122.02401733398438,27800
2026-01-22,122.75953814511541,123.04817426890993,122.40123934999707,122.82921600341797,84900
2026-01-23,122.98845694930175,123.25718293938216,122.82921388682537,122.95462036132812,101800
2026-01-26,122.85906933259965,123.44628903082747,122.85906933259965,123.2332992553711,37600
2026-01-27,123.64037174744307,123.9140790632686,123.64037174744307,123.66426086425781,10800
2026-01-28,124.14300441115581,124.3231523537945,123.9140834860703,124.11214447021484,23300
2026-01-29,123.44629551609654,123.44629551609654,121.6945762066037,122.8700180053711,11900
2026-01-30,122.4410394091507,122.8789711091869,122.0130627732487,122.43606567382812,40000
2026-02-02,121.92348967701136,123.03822145914295,121.92348967701136,122.66996002197266,8900
2026-02-03,122.6600055152043,122.6600055152043,120.41064699947908,120.99687194824219,223400
2026-02-04,121.34621805291825,121.34621805291825,119.81844602131052,120.58382415771484,41300
2026-02-05,119.11676475057058,119.75872592370844,118.51958997692135,118.78533172607422,60700
2026-02-06,120.6495156637672,121.82396265163145,120.45045234765261,121.64878845214844,29900
2026-02-09,121.42584960250487,122.5604839831147,121.42584960250487,122.13250732421875,26700
2026-02-10,122.05786293650709,122.45100066456146,121.82396827520621,121.83392333984375,12900
2026-02-11,122.76949096510207,122.76949096510207,121.2566477024645,121.6895980834961,28200
2026-02-12,122.27184972603673,122.27184972603673,120.19168919426137,120.30316162109375,24800
2026-02-13,120.45045319616413,121.06753809023276,120.07224428311577,120.36784362792969,32600
2026-02-17,119.88313633616333,120.45543483281138,118.87789505571881,120.02745819091797,15700
2026-02-18,120.6544944151437,121.1869802652123,120.34098201864917,120.78985595703125,10700
2026-02-19,120.1916838934744,120.54999027634463,119.94286043834171,120.51017761230469,84200
2026-02-20,120.11205738924741,121.44574745082423,120.11205738924741,121.39897155761719,27100
2026-02-23,121.26660115994181,121.45073568898495,119.82342808959811,120.0224838256836,24900
2026-02-24,120.35093031406514,121.1372133654413,120.33102777823449,121.12725830078125,11100
2026-02-25,121.52537441525587,122.12254919107376,121.52537441525587,122.01406860351562,139300
2026-02-26,121.87373158767181,121.87373158767181,120.23150277368147,120.80677795410156,26700
2026-02-27,119.86323464918544,120.23149609502137,119.73384918667027,120.10508728027344,9000
2026-03-02,118.78832120054571,120.63956839585725,118.78832120054571,120.30316162109375,23800
2026-03-03,118.21104666292312,119.35563610369448,117.24561801153138,118.99732971191406,31100
2026-03-04,119.16653659246327,120.21856140740631,119.09686632635743,119.83338165283203,18700
2026-03-05,119.14661955762854,119.48502339730798,118.03188777105201,119.05903625488281,23700
2026-03-06,117.544195786793,118.12146801090002,117.297361831927,117.53424072265625,22300
2026-03-09,116.27022414837387,118.69874350743918,115.85717630043519,118.6579360961914,41800
2026-03-10,118.65892973830701,119.3655874351371,118.23095309448155,118.50764465332031,9200
2026-03-11,118.67883038397125,119.06699435783192,117.96221763423183,118.44593048095703,14400
2026-03-12,117.66364255296497,117.66364255296497,116.46928535260113,116.47924041748047,44200
2026-03-13,117.0465555088973,117.49742653987803,115.74272299233306,115.87210845947266,28200
2026-03-16,116.92712297658969,117.56411042296388,116.79772991831754,117.09632110595703,49200
2026-03-17,117.85367426239958,117.9035687958306,117.08534107944882,117.22504425048828,46900
2026-03-18,116.85584062852838,116.92568840531766,115.56863935955158,115.58161163330078,18700
2026-03-19,114.58078761596846,115.7482465515194,114.56082675854698,115.2682876586914,37700
2026-03-20,115.06972579803528,115.06972579803528,112.81462844452145,113.40036010742188,39900
2026-03-23,115.05974179152808,115.69835219894107,114.44607864951209,114.56681823730469,23400
2026-03-24,114.00205044707882,114.311375237567,113.60291701922625,113.74161529541016,17800
2026-03-25,114.53089826965409,114.88013716197342,114.38621630456353,114.49897003173828,22200
2026-03-26,113.75259176752769,114.10183065828167,112.25584713900759,112.28179168701172,30900
2026-03-27,111.59727128463528,111.61224573411802,110.34998414520845,110.36795043945312,18300
2026-03-30,111.28795002618293,111.28795002618293,109.61159575331729,110.00474548339844,110200
2026-03-31,111.33784080436054,113.49314901803655,111.33784080436054,113.3564453125,25800
2026-04-01,114.25150216596322,115.1495504304464,114.25150216596322,114.45106506347656,25000
2026-04-02,112.87450185153826,114.92004823130247,112.83957415681014,114.4730224609375,14300
2026-04-06,114.50095849400155,114.91007232666016,114.371243373148,114.91007232666016,20100
2026-04-07,114.43111152357936,114.89011227694489,113.7026924851458,114.71050262451172,146300
2026-04-08,118.31267082585215,118.31267082585215,117.33879107969936,117.77384185791016,63100
2026-04-09,117.26494732987709,118.35258570176426,117.10529853064949,118.26177978515625,15000
2026-04-10,118.61201958348542,118.6419532565335,117.94346789645334,117.99336242675781,31600
2026-04-13,117.64412655033738,119.4062926942807,117.64412655033738,119.38733673095703,15300
2026-04-14,119.77948186091216,121.17644500732422,119.77948186091216,121.17644500732422,20300
2026-04-15,121.51570092048493,122.3538818359375,121.43088630863711,122.3538818359375,12400
2026-04-16,122.75301021034085,122.85279927375278,122.15431389405278,122.65322875976562,22000
2026-04-17,123.67102312535621,124.65986973967541,123.67102312535621,124.41939544677734,26000
2026-04-20,124.14997523870876,124.14997523870876,123.59119301674836,124.0501937866211,13200
2026-04-21,124.35951472950671,124.47925703601423,123.11222758485727,123.31179809570312,26100
2026-04-22,124.26971671736105,124.26971671736105,123.80073552156671,124.249755859375,26800
2026-04-23,123.67101657052497,124.17990424087661,122.4835967806981,123.62711334228516,29500
2026-04-24,124.22980075642329,125.24758372622537,124.15995298019017,125.2416000366211,8100
2026-04-27,125.21765372196974,126.14563569788184,125.10789183998166,125.99396514892578,17700
2026-04-28,125.32741005890344,125.5369533844722,124.90832340776592,125.43717193603516,9300
2026-04-29,125.586853177879,125.586853177879,124.73869941136704,125.11687469482422,39500
2026-04-30,126.2454141329916,126.82915122453689,125.21266432076459,126.76428985595703,19700
2026-05-01,127.27318630089735,127.32307322016345,126.74433014425203,126.98580932617188,29300
2026-05-04,126.98381502834638,126.98381502834638,125.72654742252682,126.1615982055664,34500
2026-05-05,126.96385599823104,127.08359830955004,126.7642930922029,126.99378967285156,38600
2026-05-06,128.31091908006033,129.8675309954993,128.31091908006033,129.73782348632812,68400
2026-05-07,129.97729458487473,130.22975147393385,129.43847323230776,129.7877197265625,30500
2026-05-08,130.35147790386893,130.665796696744,130.3365110673355,130.53707885742188,13700
2026-05-11,130.04715588818496,131.1597415641497,130.04715588818496,130.75860595703125,8400
2026-05-12,130.58099511139218,130.58099511139218,129.34867476681154,130.4273223876953,24100
2026-05-13,130.72567381197,131.65366342341022,130.4512767131271,131.3343505859375,118300
2026-05-14,131.76342442154296,132.77122700989648,131.72350270429044,132.5616912841797,29100
2026-05-15,130.78055382945124,131.5179484042209,130.5161295644139,130.6358642578125,25500
2026-05-18,130.82546383760675,131.2146168450785,129.76776670066684,130.55604553222656,27400
2026-05-19,130.02718498646118,130.35647061255543,129.36861373427274,129.53326416015625,15900
2026-05-20,130.12697195777568,131.15473530802737,129.84758086599885,131.1248016357422,12100
2026-05-21,130.66381357023926,131.17471107159903,130.28664316631483,130.9352264404297,7900
2026-05-22,131.71352432345572,131.9430208981035,131.24454313243197,131.32437133789062,10400
2026-05-26,132.1725399221569,132.1725399221569,131.66863100889069,132.1625518798828,17200
2026-05-27,132.29226217048776,132.29226217048776,131.8691864013672,131.8691864013672,10100
2026-05-28,131.81330826377754,132.84107162739454,131.71351920441418,132.7742156982422,12900
2026-05-29,132.80115999497565,133.22024666990572,132.63153076171875,132.63153076171875,26100
2026-06-01,132.63153107528024,133.97860735376972,132.63153107528024,133.73313903808594,48600
2026-06-02,133.17035812294387,133.41981554731004,133.07056906292823,133.13941955566406,12800
2026-06-03,132.49183807960932,132.49183807960932,131.83326676513377,131.88217163085938,7700
2026-06-04,132.16254527246477,133.6293562000458,132.16254527246477,133.53456115722656,32800
2026-06-05,132.31223120542884,132.33217683798375,129.95235836070702,130.33651733398438,9300
2026-06-08,130.67079928447424,131.03501263156355,130.41634782105064,130.5550537109375,11300
2026-06-09,131.91308328710497,131.91308328710497,128.704059561543,130.59295654296875,59300
2026-06-10,130.15690818799038,130.73565123966551,128.18120964997726,128.34085083007812,29900
2026-06-11,128.56038206525426,130.40637320349737,128.17122906957326,130.28762817382812,24500
2026-06-12,130.71569084942138,131.43412945229645,129.94735771635467,131.03500366210938,43900
2026-06-15,133.00999450683594,133.77999877929688,133.00999450683594,133.24899291992188,8500
2026-06-16,133.25,133.4499969482422,132.6300048828125,132.65499877929688,9000
2026-06-17,132.75,132.77000427246094,130.6300048828125,130.74899291992188,11000
2026-06-18,132.07000732421875,132.0800018310547,131.49000549316406,131.96800231933594,13400
2026-06-22,131.5,131.9429931640625,130.7899932861328,131.05999755859375,10100
2026-06-23,129.1999969482422,129.88099670410156,129.1909942626953,129.3699951171875,17200
2026-06-24,129.57000732421875,130.1699981689453,129.0399932861328,129.2899932861328,7200
2026-06-25,130.25,130.25,129.1999969482422,129.52999877929688,116700
2026-06-26,129.32000732421875,130.3800048828125,129.32000732421875,129.72500610351562,9300
2026-06-29,130.36000061035156,131.72500610351562,130.1300048828125,131.6719970703125,4900
2026-06-30,131.88999938964844,132.9499969482422,131.5800018310547,132.75999450683594,16300
2026-07-01,132.2899932861328,133.0399932861328,132.2899932861328,132.5489959716797,27400
2026-07-02,132.9499969482422,133.24000549316406,131.2270050048828,132.25100708007812,24700
2026-07-06,132.40899658203125,133.25,132.39999389648438,133.11399841308594,27800
2026-07-07,132.86000061035156,132.92999267578125,132.25,132.57400512695312,28600
2026-07-08,131.61000061035156,132.0540008544922,131.0,132.0540008544922,8600
2026-07-09,132.1300048828125,132.57000732421875,132.02000427246094,132.55599975585938,5400
2026-07-10,132.88999938964844,133.47500610351562,132.625,133.47500610351562,17600
2026-07-13,132.85000610351562,133.17999267578125,132.27000427246094,132.44000244140625,35600
2026-07-14,132.6699981689453,133.02999877929688,132.64999389648438,133.0019989013672,8700
2026-07-15,133.41000366210938,133.4499969482422,132.52999877929688,133.29400634765625,12500
2026-07-16,132.7899932861328,133.32000732421875,132.28500366210938,132.63499450683594,34500
2026-07-17,131.11500549316406,131.4550018310547,130.8800048828125,131.09100341796875,7100
2026-07-20,131.88999938964844,131.88999938964844,130.72999572753906,130.89999389648438,74300
2026-07-21,131.3040008544922,131.6999969482422,131.19000244140625,131.625,10400
2026-07-22,131.22999572753906,132.0850067138672,131.22999572753906,131.83999633789062,8617
