Ticker,1999,2000,2001,2002,2003,2004,2005,2006,2007,2008,2009,2010,2011,2012,2013,2014,2015,2016,2017,2018,2019,2020,2021,2022,2023,2024,2025,2026
A,,-0.2918349757849569,-0.4792694035811911,-0.3700455645256918,0.6280625427986108,-0.1757866199430479,0.3813274722820006,0.11105913173652704,0.054232358674463965,-0.5745781908450828,0.9878448493263756,0.333440000808509,-0.15689098835016646,0.18377878253220947,0.411315787244694,0.00782857919813984,0.03464920089193391,0.10162695857820947,0.4831795738958704,0.016653247501694057,0.2753962090885027,0.3979089849663504,0.3550961725907027,-0.05522687303293672,-0.06421510371650818,-0.02702936424219049,0.01920988935847867,0.07919793408563547
AAPL,,-0.7106383727831873,0.4722677537020712,-0.3456611323228379,0.4912755716631829,2.0135716799390124,1.2326090690856106,0.18013632477051167,1.3347470411737636,-0.5691134263857136,1.4690097858431734,0.5306789467466024,0.2555804839063003,0.3256691792311277,0.08069502912667903,0.4062253299615075,-0.030137185698752456,0.12480382100166021,0.48464360590003475,-0.053901992642500285,0.889578672385342,0.8230669755954263,0.34648209373074934,-0.26404190002519123,0.49008029991693514,0.3070525038432499,0.09052612885390965,0.15468306261912668
ABBV,,,,,,,,,,,,,,,,0.2791834671697906,-0.06500762595529941,0.0979196775256399,0.6007499359174955,-0.009565238942818022,0.014681734851569317,0.2771827399653901,0.3242602583834313,0.24007691921809937,-0.0023483178066113775,0.1885903862462508,0.33077835734961036,0.10226786750426697
ABNB,,,,,,,,,,,,,,,,,,,,,,,0.13412807923760117,-0.48645565992542084,0.5922806946157713,-0.03474361501942769,0.03279809328425198,0.3120395352387857
ABT,,0.35842897290552655,0.1707817859515448,-0.26733703358152916,0.19272184250359503,0.1780309885077045,-0.1348312750362055,0.26863896853027236,0.18043240799475213,-0.024854592435018974,0.04579023680571814,-0.08268855862376268,0.2177626027095625,0.20295099212222145,0.23956588486714847,0.20083715396529755,0.018717787005233966,-0.12320642844123564,0.520281533727663,0.29061854919617147,0.2208022517250381,0.2804070328571149,0.30528272143688695,-0.20681856542495158,0.02260620137961178,0.04812596479760867,0.1286716388539071,-0.12352482296821188
ACGL,,0.18811881895992166,0.7166661351196522,0.210485409292837,0.2787938327706996,-0.029101802129439358,0.4147284963945643,0.23488587699885577,0.04052664249024729,-0.00355366952592695,0.02068471290113716,0.23060788063571946,0.26848389474084544,0.18237983416517967,0.3559746080567303,-0.009884389928481396,0.18020296841639905,0.23713261239337147,0.05191792330259393,-0.11688881817518881,0.6051647031922405,-0.1590114795303953,0.2323261285162368,0.4123733456460361,0.18302006407052773,0.3076433703140029,0.038657279413216505,0.026688962018945217
ACN,,,,-0.3317238361966981,0.4630349266897127,0.02583625574809756,0.08220412341444039,0.2933819511501887,-0.014089940655200417,-0.07544277248133846,0.2901761030949921,0.19040325686499915,0.1199283169064842,0.27749174861646564,0.26623804523785677,0.11421073032731677,0.19530240022698853,0.14351725673289528,0.33335902692026487,-0.06228688486588496,0.5121361433743004,0.2604037932494343,0.6066537352959998,-0.34753250563920113,0.3359509042614033,0.018623545331380553,-0.2264403284420483,-0.3315655049768712
ADBE,,0.7315479375377689,-0.46541131122446056,-0.2001150630662123,0.5783059427197437,0.6077087985786507,0.1784268116479215,0.1125541112137034,0.03915371235827436,-0.5017551803509075,0.7275714982460277,-0.16313209058692824,-0.08154646435634572,0.33286168005094185,0.5891719899983661,0.21409478375833424,0.29215964765838454,0.09591222346897199,0.7021856307704941,0.2910294362093562,0.4577881433465536,0.5163882199427161,0.13384788269807313,-0.4065354632169702,0.7727987928267868,-0.2546429586440251,-0.21293965098727807,-0.2422354957138143
ADI,,0.10080649151252352,-0.13279605033646535,-0.46226676059974925,0.9140126929160373,-0.18689690779142076,-0.01891392011437587,-0.06651944628233752,-0.01514136556670842,-0.3805818701693917,0.7164557424014328,0.22697992862107808,-0.024134339672579275,0.21264262594572436,0.2469747613781237,0.12149733081207503,0.023858545460304414,0.3495851856960912,0.2530130638595114,-0.01639106470843743,0.4130947036732626,0.26873232953462534,0.20964039993959283,-0.04912304479028773,0.23356265620248617,0.08815528872761225,0.29752634524776567,0.44624745210500727
ADM,,0.32352230751838107,0.019024379390776724,-0.12123904030152466,0.25111725616176384,0.4913517679097019,0.1226042815475461,0.3100141270169694,0.47180562043375485,-0.36894176206273666,0.10810329422065923,-0.01931361821991795,-0.029071179349989262,-0.018351616826567274,0.6189752952278578,0.22327624513920719,-0.2770026563359006,0.2839030318104696,-0.09475500705666728,0.05275883674058002,0.17102601553902308,0.1244087080550611,0.373255093830942,0.399798191354092,-0.20418097052068274,-0.2752285335125201,0.18236846339091528,0.3511228138627449
ADP,,0.1828538328620799,-0.060750015189147244,-0.3268209683090949,0.023511885008665967,0.13456361260783,0.05028871974040672,0.09116652238282397,0.02229196049607096,-0.09057654001885762,0.1269159210086288,0.11651010917159654,0.20142444993610553,0.08537401864394023,0.45583220538093827,0.20349277967499235,0.04100686091294525,0.2429014158140228,0.16541148514822557,0.14254836113564218,0.32707696872293,0.05856743619016136,0.42601521974407075,-0.01286941433641875,-0.0024910275030847195,0.2841003525674086,-0.10179568503395886,0.07155956712465339
ADSK,,-0.19583913029221356,0.3949908234635353,-0.22504896137167008,0.7304984258559317,2.0961574839485824,0.13233597871598546,-0.057974426873942275,0.2298566348863218,-0.605104495953592,0.29312978833088943,0.503345178761579,-0.2060209602631382,0.16551264632517815,0.4234795436175849,0.19356124279684028,0.01448549637016261,0.21467260406272448,0.4164301959901817,0.22684344523451427,0.4264832115948287,0.6643409198938555,-0.07909214051918667,-0.3354315818673992,0.30293788242917774,0.21393959467195756,0.0014886572740906434,-0.158541962725276
AEE,,0.517576854559723,-0.029503945526282327,0.04372465482406174,0.1743680750073393,0.15108937935453182,0.07163881156656093,0.10110958324644148,0.0595258562962242,-0.3454634308478295,-0.10462509047245339,0.06865636066277081,0.23888864479913585,-0.02480685830230689,0.23320222273909064,0.327498959703731,-0.02330339789322644,0.25679354438725843,0.1592784990800602,0.13993207293694954,0.2081529947549694,0.04256569406897315,0.17093259871728295,0.025423130047659948,-0.16065041048207207,0.27466160141892515,0.15311788347557265,0.10506454102434781
AEP,,0.5485126611858651,-0.01289744562631956,-0.3279347881807976,0.19241537978390855,0.17526129154505665,0.12317538353878765,0.19601659968060958,0.13045397109628354,-0.2545022587007698,0.10371129508709909,0.08593493292026522,0.20717147096217148,0.08208840771637083,0.14179196578674436,0.35047458050490277,-0.003766969415692656,0.1192481709027331,0.20950874154017218,0.05384315288288288,0.30519460663276043,-0.09010065347306728,0.10680970128413025,0.10380363048128327,-0.10976263739599612,0.18181260754232387,0.2938147277590626,0.10696771662693472
AES,,0.4816054659626148,-0.7047404477433861,-0.8152905320248858,2.125827013952703,0.44809410114853465,0.15800960768148675,0.3922933029196338,-0.029492192505702897,-0.6147731596806217,0.6152917909479361,-0.08489871952850714,-0.02791452847616971,-0.09281145601511775,0.37347758285378263,-0.0374412886737272,-0.28204897262570283,0.2638606157243948,-0.026894014005946376,0.3902060302841901,0.4215950067484562,0.22147198515027267,0.059455689627879726,0.21688012166204373,-0.30875841053450825,-0.3039355270012746,0.18265031797665077,0.06479445683158125
AFL,,0.5395052555284827,-0.31487243396381615,0.23608666238614107,0.21226346023316833,0.11197086932785028,0.17717644701037427,0.0029475409909911487,0.3823808238357811,-0.2551300981813929,0.044336971761736566,0.24907631016421816,-0.21293996425270467,0.2637745295915792,0.28904003535759526,-0.06255537080085105,0.005361179194317556,0.19100507711876702,0.2902256344017893,0.0620284580274284,0.1855086207532819,-0.13599903147308634,0.345487528962924,0.26411104900036264,0.17363042849497412,0.2808479381113902,0.089445972833887,0.1419312740201102
AIG,,0.3698445223830229,-0.19287532687834474,-0.2693682704114154,0.15033492799694326,-0.005087504466071646,0.048242224713896276,0.060512798797654366,-0.17712292692693088,-0.9725259932055873,-0.04522316049446018,0.9219479397382535,-0.5145890540552359,0.5215516123829818,0.4520428938612462,0.10738904665040061,0.12149451548964096,0.07765684954098506,-0.06864375841571302,-0.3209221373193154,0.3358081778899187,-0.23083294912656804,0.5392008950246501,0.13765018566680776,0.09789522158696728,0.0975155742774283,0.2002789484631442,-0.0675476838892578
AIZ,,,,,,,0.43554949530879816,0.2801904694896,0.22056660916449133,-0.544637652502517,0.00497082104668034,0.3310379783478703,0.08619686180429853,-0.13559262477418232,0.9485113294573022,0.04776465062880075,0.19941345306279623,0.1819295840476498,0.1098307144910804,-0.09179450626042185,0.4978179394139235,0.060948345650641,0.16455687790071094,-0.18337656378369016,0.3751557713482696,0.2854647408359072,0.14693781842055786,0.21122652276759135
AJG,,1.007195468441516,0.10326269870826899,-0.13118369087221848,0.13453424316926554,0.03223404034558208,-0.012322558596149502,-0.00017810037126297917,-0.14386213910295842,0.12667040478630787,-0.07792552468018288,0.3559577908339957,0.2025747593050098,0.07643635257136538,0.3996032187313794,0.03470198650815903,-0.10138832735683134,0.3110183115419374,0.2504047967201146,0.19186211173998924,0.3178506160366117,0.3212377339666912,0.39017014729691657,0.12437991224061395,0.2051114204705058,0.27344286320497124,-0.08030391175600615,-0.03509793812964801
AKAM,,-0.9357115604731019,-0.7179821931289989,-0.7087542083487763,5.219653242919864,0.21096649217499608,0.5295472535386772,1.6653285558700972,-0.34864459394119496,-0.5638728087264402,0.6792577797450954,0.8567481828627963,-0.3139213750747434,0.267348246420944,0.1532632725776042,0.33446372779200173,-0.16407239781718852,0.2669579888261191,-0.024595071717795736,-0.06088559392266657,0.41421078362673036,0.21544340358977254,0.11477286691055433,-0.27973340402995517,0.40391452182341614,-0.19180394795869693,-0.08782019228307292,0.26693410791435346
ALB,,0.3190213139619642,0.006347319640886306,0.20747228000692264,0.07623814947284413,0.3152536392565275,0.007626436781222878,0.8976469325153988,0.16085717826067825,-0.45107342180814514,0.6621768491265476,0.5532737053263845,-0.06477201468564742,0.2222743879786695,0.035599955605600586,-0.035211432892096606,-0.046845500838729626,0.5618319574783617,0.5021527231170575,-0.38889397682925175,-0.03281938743438917,1.0538508648915652,0.5975527207892442,-0.0662786580874789,-0.3279676866290384,-0.39496029424094303,0.6772170411990979,-0.0683659978215242
ALGN,,,,-0.3866666687859429,4.9818841615686695,-0.3488794760163332,-0.39813955440077675,1.1591964018618612,0.19398711426963677,-0.4754196738662596,1.0365713936941963,0.09652083334225292,0.21443185416534072,0.1694058379819432,1.0590990771044484,-0.021526068522485065,0.17778570298402663,0.45983294580024703,1.311349306040952,-0.057428370428097675,0.33237844770831826,0.9150658992213447,0.22979899448127417,-0.6790833618689734,0.2991939683719804,-0.23901461858819006,-0.2511150639766333,0.11213583381394687
ALL,,0.8561816172592813,-0.2105540296689964,0.1225528575391146,0.19370140115169798,0.2312065649234294,0.06923159367261666,0.2338425646841893,-0.17581375055996984,-0.3454119110976205,-0.05100043542737709,0.09033084813876258,-0.1135934445968273,0.502337737490411,0.38584457123974447,0.312335092197513,-0.09946660561866416,0.21724003878999065,0.4364453733279192,-0.19520084002909233,0.38821291387648293,-0.0011675711296831315,0.09864555365821204,0.18374640326909586,0.06369537631780142,0.40607609582416737,0.100864489400883,0.2960110991996898
ALLE,,,,,,,,,,,,,,,,0.26247528910830886,0.1964000318767931,-0.02203250180124039,0.2532250635263562,0.011751134517518969,0.578897132854663,-0.054097651348944065,0.15056052609103876,-0.19257900670282635,0.223159307886313,0.04655945275373363,0.22790387859087446,0.06945452241249939
AMAT,,-0.3971384880824579,0.0500815749879191,-0.35012497046062985,0.7221799448678088,-0.2379677663000882,0.05465299128200396,0.039128546363667915,-0.02599308777861964,-0.4210873270269514,0.4043321430400315,0.030581872298650836,-0.21870379735474488,0.10191332421179844,0.5855328307982204,0.43695474313059557,-0.2351642217150003,0.757024532480179,0.5986129420155439,-0.3492199065652467,0.89855143796906,0.43289971245177683,0.8363687499253851,-0.3754261607169045,0.679730597131442,0.011291192817722617,0.5960306505853599,1.1031304805790776
AMCR,,,,,,,,,,,,,,,0.11111097474193055,0.25573410187058254,-0.11994937027868446,0.14811570737476565,0.15692915694243337,-0.17828098571557838,0.23081675326865114,0.13418905364364697,0.06177081918841454,0.032020545392944744,-0.14956113906658153,0.026107759645507045,-0.08988788133244419,0.1821535333883475
AMD,,-0.04535637149028082,0.14823526926170105,-0.5926859912996759,1.3065014753164435,0.477852417551653,0.3896457650018337,-0.33496731608562447,-0.6314496383582706,-0.7119999885559082,3.4814814446884927,-0.15495867280065767,-0.3398533137033434,-0.5555555457440915,0.6124998882412955,-0.31007747926374374,0.07490629346450928,2.9512197229160635,-0.09347446255323,0.795719801943733,1.4842905138021374,0.9997818984714926,0.5690763857051218,-0.5498957651821776,1.2758995106091229,-0.18058477773055304,0.7729944700627904,1.2570040020833346
AME,,0.3773233688709099,0.25682805036908385,0.21499107830258102,0.26175780701090656,0.4907652042896926,0.19964563585605188,0.12945515678733988,0.48020893663942066,-0.3512817711743381,0.2747794826926633,0.5485196425319574,0.07899496764604308,0.3470247876449608,0.4095187057791032,0.005531102147689593,0.02503654814824663,-0.08626959933307199,0.4997858655911247,-0.058925630750145896,0.4826863583277343,0.22189828459770844,0.22321661405104232,-0.04329558570112024,0.18806728141984919,0.10010338637880234,0.14663323185208887,0.2393143844785619
AMGN,,0.06451656850145548,-0.11726333182602855,-0.14351498725388723,0.278237439205848,0.03819403955214784,0.22930609849992045,-0.13378134807362985,-0.32015813860552966,0.24354041219834177,-0.02043307761442459,-0.029521097310674316,0.18173377871948349,0.3683083744341997,0.34796570620422695,0.4233326998546798,0.03955439368039326,-0.07555969837894994,0.22268238602127832,0.1523303479269038,0.27601108910204086,-0.019890044742945312,0.008741417051031819,0.20431893454103855,0.1346433435263572,-0.06771934599140439,0.29666974306597393,0.2737842326893505
AMP,,,,,,,,0.34198729677224526,0.02066633958602271,-0.5687818968359646,0.7054656396693979,0.5065248703411405,-0.12311215751293503,0.2950633547529733,0.8832786532836727,0.17224201153655194,-0.1784224906819457,0.07752138531778141,0.5639757241272971,-0.36826587423930435,0.6396276010951563,0.19815391558310025,0.5791797678968917,0.04975431014295162,0.23987454389244212,0.4209821018785389,-0.06725545079120365,0.13669910129449203
AMT,,0.2392642639179794,-0.7499670288923814,-0.6272438988322815,2.0651555480206834,0.7005546638308469,0.47282624683108576,0.37564560499824373,0.1427038694741074,-0.3117369670249751,0.4737374659200573,0.19509405609596442,0.16898290912525948,0.304329557935878,0.0479943578096691,0.25763833487249155,9.534481503647996e-06,0.11224438221916122,0.3771486862445459,0.1332325437944557,0.4786609314870951,-0.004822564951405317,0.3288620337449424,-0.2566820514508825,0.05371034354972659,-0.12163718731704509,-0.00915072450406429,0.0020356930399627604
AMZN,,-0.7955665107171693,-0.3047389341413955,0.7458410611874171,1.7856008056503057,-0.15830485933485294,0.06457445431805175,-0.16309650657883557,1.3476937927307593,-0.4464594326049557,1.623244975565349,0.3380910235792649,-0.038333363003201004,0.4492779126046438,0.5896281654730438,-0.22177089223200863,1.1778313909946103,0.10945572452950514,0.5595636491351448,0.2843168959316702,0.23027749504206452,0.7625606069163975,0.023767773568753814,-0.4961521476592685,0.8088095528738839,0.4439252064264869,0.05209903808910643,0.18915172981856299
ANET,,,,,,,,,,,,,,,,,0.28110596590165327,0.24319117671850554,1.434432262098606,-0.105611701712504,-0.034646431691933266,0.4285644839895988,0.9788690694370721,-0.15582609757133148,0.9407498761284321,0.8772876116913777,0.185470010190933,0.4398992591516053
AON,,-0.11986562414716206,0.06333770428112007,-0.45132304677031376,0.30356783954138966,0.02136812527867571,0.543473143122414,-0.0006161827202858516,0.36994179838823515,-0.0287148305917051,-0.14795346313943714,0.21827437181787834,0.029532090565917768,0.20297018377450748,0.524538161068345,0.14302873237863323,-0.01595661595463982,0.22498808358704192,0.21485999226546593,0.0994440444700635,0.4467512108692038,0.02365776588158086,0.4339012624525649,0.00612524695652783,-0.023054441414565807,0.2445069186627229,-0.011552103312113204,0.0203584594089663
AOS,,-0.1965558847508181,0.17763187781414347,0.4136320692564963,0.323611136451436,-0.12760221092749846,0.19904875740036831,0.08722080898361417,-0.050443520440598855,-0.13830732447614802,0.5032936942766966,0.3375026358570641,0.06899731224729244,0.5951323453461981,0.7300575973803729,0.05884873482785835,0.37350224065560833,0.2507300989503871,0.30781121379058596,-0.29348718299252596,0.13648886665412507,0.17461744226265608,0.5927825221156884,-0.32074263988484575,0.4667732166951184,-0.15924812116654596,0.0006828341552183037,-0.02731079302831485
APA,,0.9045845451111647,-0.2121940088655947,0.15121487643582565,0.5041160083967491,0.25414301953546903,0.3626503687319551,-0.022859005949814604,0.6291813908702324,-0.3021645622672239,0.394863271988646,0.16265956285561467,-0.23627620124805404,-0.1269952390886916,0.10527814778898592,-0.2625028547040579,-0.27747723693245907,0.45661901262774673,-0.3212724569795321,-0.36386441041972306,0.011203161200689093,-0.43706167880675306,0.907594791970326,0.764405721284809,-0.21237485147559365,-0.334364332347758,0.1153519760769417,0.5744589636256829
APD,,0.24912859954096112,0.1661014146002624,-0.07206809194363317,0.2608247533854964,0.12006540477572858,0.043388398570088915,0.21181712786478935,0.42818500018736505,-0.47760356977964646,0.654661808964415,0.1505363172366898,-0.03789221526733311,0.01698582306130403,0.36857059051464014,0.3209190102812338,-0.076336020042998,0.22454362263552707,0.1704000164940902,0.002605890243073894,0.5001747310493823,0.18815397204933038,0.137545706960567,0.03914278363938828,-0.08952958815191658,0.0808781293984886,-0.12662367461029278,0.2528619347463883
APH,,0.17746403766787688,0.22615781940592017,-0.20915738561933284,0.6823684167808752,0.1493826104581888,0.2081243032037532,0.40560505884508746,0.4962820727851174,-0.48193911953095625,0.9292696425765101,0.14442228159598947,-0.13894734670383058,0.43567367313718597,0.3891227008842546,0.21771031050188627,-0.019930561206798814,0.2987967654418646,0.31807433244196415,-0.06824131250699783,0.34907356178632853,0.22088759415669879,0.34942828628859446,-0.11955891795072071,0.3149998173253583,0.41302408255728684,0.9608363717234321,0.2562535761833271
APO,,,,,,,,,,,,,,0.544483023434321,1.1238536951434517,-0.15966444643641087,-0.29341418308033773,0.37306166727566925,0.8529319326891209,-0.22034041886237787,1.064635209008292,0.07997873678006995,0.5324879616066156,-0.09587916376818584,0.4943714380484274,0.798754408139958,-0.11118241303469278,-0.11232251701852292
APP,,,,,,,,,,,,,,,,,,,,,,,,-0.8882877201959685,2.784425402153058,7.126223311716396,1.0807832358472758,-0.4853225133962211
APTV,,,,,,,,,,,,,,0.7757658854981573,0.5938606535660091,0.22749673442491614,0.1935070275186781,-0.20026700870186975,0.5230658301824809,-0.2708089711223973,0.5588951974594298,0.3753960611063061,0.2660219928478449,-0.4354046742865949,-0.03661544221284396,-0.32590282301199514,0.25810180082347767,-0.34879745535766216
ARE,,0.2157630317939594,0.1588603338897967,0.09663083175547027,0.42339817953380643,0.33693722214557664,0.12187772422447374,0.28560257614989215,0.044192925653183446,-0.3834411730043433,0.11286897455203238,0.16422981778879087,-0.03328964700614023,0.03512499035715422,-0.04484800256172072,0.4478201853119663,0.05298182349585279,0.2695432113886991,0.20950564092588997,-0.08974290006615393,0.4404050253346221,0.1327277668159026,0.28088616076842854,-0.32624996523312744,-0.0910942479635547,-0.19435270135613802,-0.4659632595755173,0.04595186118494188
ARES,,,,,,,,,,,,,,,,,-0.20704467361776002,0.5677913649258932,0.11516641836087116,-0.05538473848104797,1.1013449157577795,0.373685641613404,0.7775347810601072,-0.12752138455484807,0.7951503462746787,0.5268050236171313,-0.061767238389056844,-0.133140506771402
ATO,,0.2660637534837613,-0.082379742575858,0.15725531348830213,0.09669801407526668,0.18142295404583386,0.0005775126897289429,0.275121222467156,-0.08235527052837444,-0.11187881495199159,0.30628238286181264,0.11267789624922409,0.11381524725883652,0.09745307867332009,0.3376442785353637,0.26503482701106207,0.16324362673336146,0.20450984229841285,0.18410098214583592,0.10394950124450908,0.23137951469231588,-0.1272848615891342,0.12747944319190863,0.09630639701805865,0.0616837145685174,0.23351831036439896,0.230733291982814,0.026687158241077702
AVB,,0.5256650650139485,-0.0032947067327422364,-0.11843220400354726,0.3024017929744889,0.6504099844811315,0.22881360003756201,0.4972660183069919,-0.2540402183238385,-0.30734980643706644,0.4359982844263912,0.42034998930569567,0.19431306417287875,0.068193996466557,-0.09816120665962802,0.4273762899198077,0.1601786272629404,-0.00845339619034402,0.03890652739434719,0.010001797327972461,0.24096942766081986,-0.20273813898448523,0.6216810670432698,-0.33924711724989787,0.2033562115757217,0.2144318789244486,-0.14603863175597498,0.05569451083005128
AVGO,,,,,,,,,,,,0.5574369928635001,0.028527713538078148,0.11592362211955054,0.7074377458698642,0.9321703975808053,0.460369762787741,0.2364557206184632,0.48186103460966234,0.03621971677781466,0.29051631262490085,0.4488006821116308,0.564849056282821,-0.1326967233302575,1.0418424851325563,1.1049289885300038,0.5063297644471103,0.24049627143292196
AVY,,-0.2325248433784316,0.0538870538893812,0.10361122374055576,-0.05855455662962883,0.09712566825187374,-0.052966940125222295,0.2607588256111202,-0.1963991181410798,-0.36047812803070056,0.16880987289148597,0.1878775346112942,-0.30160875063322956,0.2616360043119912,0.4750507118004079,0.0621321945620783,0.23760707961103167,0.14576228348783915,0.6675202161639864,-0.20275257465110386,0.48544239060202443,0.20864960878937744,0.41412720855929375,-0.15061442614821108,0.13658916924651732,-0.05947542662624372,-0.007278343947005772,-0.014740203270372065
AWK,,,,,,,,,,,0.11942344557272278,0.1720686574240322,0.2998997835017634,0.20623241400641223,0.16097592708668618,0.29434199126214655,0.14882602673789402,0.23573481312363986,0.29011037293111097,0.013186037201235568,0.3779265137327703,0.2687537935084201,0.24831256262072388,-0.17892118675389934,-0.11679009468583057,-0.03533135056673331,0.07404668430021011,0.05135564388045499
AXON,,,,-0.7061814446692574,19.38859522319409,3.610901604576303,-0.7800947828741183,0.0933908177880538,0.8909329948562368,-0.6330785209287104,-0.17045455674330345,0.07305928914686,0.08936172198688119,0.7460937070718492,0.7762864496421,0.6675062563857292,-0.3470543348027889,0.40196636712432743,0.09323433375501167,0.6509433962264151,0.6749714006696428,0.6720797055186927,0.2813188734522971,0.05687893424064483,0.5568613148620409,1.3006233817844555,-0.04440371234892815,0.005423233725220911
AXP,,-0.0026404307875828037,-0.34484851883541456,0.0015344441771119044,0.3767770635346239,0.17599382386216456,0.05256380613077116,0.19085081890855782,-0.13389454318490823,-0.6373715326660452,1.261521352745214,0.0783718932171682,0.11657710789820053,0.23584642923063526,0.5983578340790314,0.03662707169407198,-0.24209463589790536,0.08582160204664913,0.3621639399624943,-0.026201571118802947,0.32517367710384026,-0.011418705814451036,0.36884646602646676,-0.08516907343289959,0.2867055062879509,0.603201140399128,0.2599320903843747,-0.07099427191782726
AZO,,-0.11798839458413923,1.5192983526932564,-0.016016733662948646,0.20608630211084233,0.07158782466449609,0.0048187761819169506,0.2595095101754088,0.037642836582010064,0.16312231641416042,0.133362055931169,0.7244890473040779,0.19215673937602817,0.09065449532084768,0.3484750509774357,0.2953717667260196,0.1983492282445365,0.06453613863670893,-0.09929219804235245,0.17848662806949678,0.4210344495445806,-0.004927447011090602,0.7684488427910097,0.17639373304158368,0.04842719472694723,0.23839243620250627,0.059181761399125454,-0.07790357096786082
BA,,0.6121793287881521,-0.40428786940929284,-0.13396482917676822,0.3043333626553315,0.2488864290400059,0.3791114584403532,0.28392815598363264,-0.0010929135872985718,-0.5006667972805336,0.3178863309952742,0.23574783056640403,0.15147017818367847,0.05217775857480733,0.8472285539539555,-0.02546551726844215,0.14065120888805493,0.11308807766671314,0.9471504960243942,0.11501665752197798,0.03338221382465467,-0.33898092329265683,-0.05951597860262392,-0.05379496044629761,0.36836577324506115,-0.3209545096552553,0.22666663908015527,0.07967945578858537
BAC,,-0.04493303716167596,0.42699033956521193,0.14547341494529586,0.20155058465398512,0.21524762450681867,0.024027437179135802,0.2070160622613264,-0.1882956376597653,-0.6309294303254982,0.07481006540683488,-0.1115732399791386,-0.5812145802922268,1.0982555987645344,0.345105929365481,0.15735200217054146,-0.04775792293646164,0.33368407149524293,0.3568519211500132,-0.14996573673739022,0.4619023121658494,-0.11632947770644397,0.4960904804366828,-0.23822965000826646,0.048259651971332085,0.33853333532003904,0.28040587640840897,0.16103967218137583
BALL,,0.19178043615604912,0.5533796603481456,0.4582084478051025,0.17460896916239377,0.49080786715564795,-0.08777479644677966,0.1086077932951699,0.04045481781601534,-0.06721721010151072,0.2544185645467951,0.3258612723063956,0.05669077254023769,0.26526173338702863,0.1677046549522485,0.3309348059752957,0.07489054896356784,0.03951700873663211,0.017850493196208683,0.22648045597679567,0.41832678284431046,0.45190638882815093,0.04121120758142682,-0.4623155798071096,0.14148197827267261,-0.029557548731832806,-0.024273283090827324,0.20583848397448357
BAX,,0.4900968595580999,0.22846609147065577,-0.46801227000535095,0.11201320767049006,0.15254869392439918,0.1063166668898079,0.24816317095556983,0.26795528288419246,-0.0624858073500979,0.11747441594225938,-0.11570767787253577,0.0006738611343404255,0.38426110040099526,0.07281741221553784,0.08400253700047178,-0.020748345651161904,0.17579389888415053,0.4729520520855366,0.028879049249899147,0.283975635404206,-0.029515762766689324,0.08477948038157512,-0.39581323894033416,-0.219058674556454,-0.22395708369868572,-0.33279476188044677,0.4431114248724801
BBY,,-0.4116915300170353,1.5194081834046909,-0.5136281566257778,1.1743445614135002,0.14644348363538318,0.10797134913821149,0.1390326645977884,0.07767604916794713,-0.45907451493827145,0.4318446236156288,-0.11761521242114137,-0.30243481964051955,-0.47292215582029373,2.4420207236163614,0.0007525210131480442,-0.1883067664077953,0.4655493604843468,0.644850978774274,-0.20634366407886706,0.7050221923351212,0.1671420559568746,0.04439323270186968,-0.1749354054794352,0.025120794236227928,0.1435190170978562,-0.17799048938084971,0.260366956748318
BDX,,0.30146657301724367,-0.03200020217611488,-0.06322690862255709,0.35666659044221616,0.3977562830745893,0.07188716301557685,0.18340169613820168,0.20725563106008704,-0.16923076292096495,0.17601632947901247,0.09376956236717748,-0.09688897574803046,0.0724073307693438,0.4427145591516308,0.28273225663582147,0.12629466336461248,0.09224347436180969,0.3124215950811233,0.06614609948101724,0.22202983441865798,-0.06754170919881886,0.018807199025643317,0.050822807489794286,-0.026693811320723904,-0.05376897917267709,-0.1260695842168934,0.17482730621000298
BF-B,,0.1894353185888078,-0.03866914368121199,0.06566372259147224,0.45774238349589114,0.06104182372917144,0.448402425295533,-0.02973351340315422,0.1686382550394805,-0.1129905701872016,0.06696452544347187,0.34620754096401307,0.17765001481960496,0.19706974708922376,0.21302682299909326,0.1776231003413078,0.14548623090541524,-0.08213015513470501,0.5501248512096693,-0.1066302739005266,0.43781803765973915,0.1867124768962758,-0.06068039650049306,-0.08858398325962935,-0.119047647506477,-0.32232186812720687,-0.29288137607845965,0.11412633510875936
BG,,,,0.05228095069173455,0.3895412686747579,0.7527546886060239,0.0031065945373163206,0.2944877172904121,0.6179592373748224,-0.5509592848562217,0.2502679762636022,0.04289535486813967,-0.11432408024513652,0.29112760519690517,0.14665342273313353,0.12483751576786029,-0.23536087407177997,0.08690929800987801,-0.047624206499854105,-0.1798564321022279,0.11765039820071399,0.1892482108498832,0.45871708334675065,0.09276620726358953,0.037928980849134986,-0.2073824177442135,0.18561952405703352,0.23100751642012574
BIIB,,0.9293893129770991,0.09088032134798474,-0.5187872040897894,0.10642154925709435,0.8149863549217129,-0.3202222134155016,0.08635158906408491,0.15714575641478312,-0.1632114792635141,0.12324162923049564,0.2532710850795852,0.6413124242038748,0.3300317224739009,0.9100226593598502,0.21418608332105293,-0.09751069351362363,-0.07432681272268693,0.12338677765977146,-0.05540381545875228,-0.013923973994546146,-0.17480540712266035,-0.02017480368003155,0.1542181374673679,-0.06554247990024376,-0.4090504901599469,0.15086324614476587,0.18154438292510422
BKNG,,-0.9722955163905879,3.434286131685326,-0.7250859307201027,0.8645834489191158,0.31787703151949764,-0.053836381215676354,0.9538531616633839,1.6337994276667915,-0.3587844647775704,1.9655121057605727,0.8293577212542862,0.17059190061527385,0.32644140512708075,0.8736603699652854,-0.019089793894842,0.11817115193774264,0.14989605251649163,0.18531287725048218,-0.008816024202872752,0.19235157512972711,0.08450007179783103,0.07720662700862824,-0.1600307471653739,0.7601625037924931,0.41307076257774766,0.0858826309984555,0.00577099299800965
BKR,,1.0024037470463405,-0.11141474974625731,-0.10440508695364192,0.014871713749812443,0.3426869982307763,0.43791031845890194,0.23676342360098213,0.09346135085165397,-0.6006494082311227,0.2822496246075443,0.4302636385143128,-0.1414393947564001,-0.14900506698543647,0.36971560212913546,0.025343351750942267,-0.16729787758512293,0.4281151730663104,-0.2894461688876705,-0.30425840097563017,0.23014136287011921,-0.15149612300188753,0.19028030210451186,0.25963209144022636,0.1857893288700574,0.23113665815549456,0.13392310982602895,0.3662018747194664
BLDR,,,,,,,,-0.16565279016168188,-0.5950644899582053,-0.7880885962722501,1.9841559908645454,-0.4869791477491765,0.035532960520909596,1.7352941313966888,0.2777778157576396,-0.03646566966461029,0.612809331626992,-0.009927766916486891,0.9863263796828603,-0.49931163887020547,1.3290559305955858,0.6060606697503512,1.1002204410747072,-0.24302884206690278,1.5730580996997747,-0.1438241848238393,-0.28013709744573,-0.2740790855819495
BLK,,1.4436359265474459,-0.007142117721701924,-0.05515661687183315,0.3591530636977318,0.4763349875749814,0.42394533973102,0.417436286092981,0.451025826040399,-0.3703186997443306,0.7661824338125791,-0.1593568893964873,-0.03612816373504735,0.19846712339161154,0.5701711557999418,0.15696427953429382,-0.023545117698343554,0.1463793975784835,0.38199064523384996,-0.21600608777297658,0.31865306991976206,0.47205109320352956,0.2939159019359976,-0.20396955811506212,0.1786204241316791,0.29291581446493975,0.06552539658342771,0.07363628814806433
BMY,,0.17096198964292042,-0.2615782511187963,-0.5240422620634693,0.2913674608074952,-0.07241083810048332,-0.06141349855350131,0.19899900347506128,0.047972531889885595,-0.06028691210888204,0.1482539557164413,0.08735035266784452,0.3943578074871241,-0.0380502424864364,0.6995800944810493,0.14179883904664714,0.19255994275737542,-0.13491102379074849,0.0770884929804212,-0.12895702702253853,0.2773812679293066,0.004094128407586828,0.028798737100887317,0.1898096205340385,-0.26144874492931636,0.1580558885839014,0.0010822592408668008,0.24039470467335855
BNY,,0.39963408157483316,-0.24842922495326925,-0.39901492966698027,0.42124350742381345,0.035324250936519475,-0.01892333923045264,0.2687258873062699,0.19363280813610673,-0.4040589380438968,0.010149845132462865,0.09385423570064222,-0.3283020757693367,0.32147148449784746,0.3865960346094619,0.18301667981278502,0.03292094165105541,0.17049342539010137,0.15675381050639747,-0.10846314589071049,0.09556917172675661,-0.12906956324771446,0.4055186884915014,-0.1914050278600461,0.18515551664797547,0.519004745683975,0.5444615168338418,0.3745297194924484
BR,,,,,,,,,,-0.4322400527746464,0.8364450772408163,-0.0013680607489324759,0.05842144038563801,0.04499680861338207,0.7740487726782797,0.19561089697295797,0.18922096483393314,0.2585512948878841,0.390953577085009,0.07857245888090558,0.3058883880437655,0.26283161916167974,0.21121440758401877,-0.2526281998387323,0.5623120825502683,0.11652134589278429,0.002702921787245849,-0.2447469157583737
BRK-B,,0.2863389014713684,0.07264226924242445,-0.04039605773321475,0.16178291994850547,0.042984050025520526,-0.0001703361039260276,0.24885029531903946,0.29187127134412094,-0.3213682648765942,0.022402029694344794,0.21895920758314436,-0.04755957470435268,0.17562245557702716,0.32173914818530114,0.26644734301954154,-0.12061272958050773,0.23432296284928422,0.21622288880211005,0.030067558361288382,0.10931534981324464,0.023708587713852092,0.28951570404305604,0.03311034747988084,0.15461317808128494,0.2709022433833732,0.1089172150770894,0.03809806849500941
BRO,,0.8482544925762319,0.5711293981984777,0.19152403335114832,0.016863617751547322,0.34534153927854283,0.41296318459288694,-0.06977576850810785,-0.15895440306698028,-0.09777689895878605,-0.12635905123747537,0.3534655018024846,-0.041321071880997984,0.14053409844423448,0.24782418777318438,0.06246359990110162,-0.01078055151634838,0.41813045848621333,0.16154035361639218,0.08301690025945407,0.4467136753680212,0.21064907441250869,0.4931471679715358,-0.1838545184642022,0.25731299250976036,0.4432432314381869,-0.21373258064067047,-0.09907100842078742
BSX,,-0.37428571428571433,0.7621918421357734,0.7628523622852028,0.729068576000979,-0.03291618987272549,-0.31111110276515663,-0.2984891602393275,-0.32305006357088517,-0.33447981986625763,0.16279073205964822,-0.1588888698154025,-0.2945838795911244,0.07303368077556938,1.0977313119987127,0.1023294089345792,0.39169815351378245,0.17299341292410708,0.14609347560643848,0.4255747820667688,0.27956992148999005,-0.20499779317828892,0.18164113047887875,0.08921847825725804,0.24940567973543293,0.5450613660786252,0.06751006269479753,-0.4828526254599341
BX,,,,,,,,,,-0.6738644702846601,1.1577430640536064,0.12757646600024475,0.03603430509820593,0.15440743101467613,1.1359877635500473,0.1392698201828646,-0.05027331069877716,-0.015250134254638392,0.2734419699450459,0.0010305541122004325,0.9632616168963783,0.1977612265974915,1.0710565255288276,-0.4000550977891698,0.8274733134768901,0.3507071038293037,-0.07841069343827733,-0.0824095011709628
BXP,,0.4735978201137361,-0.0736119973074405,0.03290409985484222,0.3854335521579677,0.4062753237951462,0.23601735037313776,0.6304319656111401,-0.10476819250262437,-0.37988942220266386,0.2739195481654393,0.3159544945801327,0.18136189285212656,0.08569858636486938,-0.005536620871639419,0.35580994983723113,0.021542806159472017,0.007270374351183273,0.05905731922927848,-0.1085828664841545,0.26086972436448286,-0.28326361018537805,0.26211983356733226,-0.38565899705353557,0.10978213442934215,0.12280644383108252,-0.04746156616074648,0.058237262828263026
CAH,,1.0842441236487042,-0.025072130319844788,-0.08316101846561863,0.03524393441300444,-0.047247979492650916,0.18637280652110744,-0.05815728490056837,-0.09742142303237178,-0.3958574802493475,0.3311500358329269,0.21405261918508445,0.08107527157272254,0.038263993319697764,0.6604574126138476,0.23046737453116517,0.12544529871611787,-0.1753062574659191,-0.1264825161896359,-0.24502496064588197,0.18040895748073527,0.10094359722075197,-0.003963233081055617,0.5408154580813798,0.34147679437652156,0.1901056314941283,0.7625300178987076,0.15854463789362128
CARR,,,,,,,,,,,,,,,,,,,,,,,0.4530968670638451,-0.22679586138100316,0.4146757911243628,0.20258647976983313,-0.2181157119921071,0.22531299089666912
CASY,,0.43993676484918987,0.0038623112696221096,-0.1741127905975861,0.4590587276773974,0.03691011893434082,0.3784353005825849,-0.0425746814842477,0.2685006866186552,-0.2224305597523374,0.4181181872478392,0.34670835862196214,0.22743473118941449,0.04287619952234456,0.33759156374960186,0.29962650844669225,0.3453459417457525,-0.0053478975139896745,-0.049934652193770135,0.15593349870032647,0.25115568069592986,0.13238874976882742,0.11245125988275984,0.14489299006078094,0.2327456143919875,0.4500948144379735,0.40116296337827806,0.5124273987778101
CAT,,0.04128700472072233,0.13648111252228112,-0.0976032307270841,0.8614460393093764,0.19738812786692095,0.20674726392489529,0.07858126466178983,0.2048426411389348,-0.368034108238952,0.3321743534148096,0.6853016452758296,-0.014528376355672945,0.015952774397780534,0.03420367516786249,0.03476522862928699,-0.22973630144866186,0.42105911788567796,0.7503356236303407,-0.17558085767413256,0.19513614958452652,0.26965917000045936,0.1595369487051177,0.18598812038449797,0.25948767480117874,0.24658657524786154,0.6030458047798084,0.4791080785255013
CBOE,,,,,,,,,,,,,0.1503818370952974,0.16141094846409354,0.8009504024089211,0.23818565076796605,0.03764479753347194,0.1551794647848217,0.7048509856882352,-0.20598260459139484,0.24156329170846802,-0.21173144136043598,0.42231529311230265,-0.02162123835087726,0.44365391701505597,0.10743491269628302,0.2920290859097332,0.14697127812327015
CBRE,,,,,,,0.7540983620537114,0.6924384306406854,-0.35090365235423693,-0.7995359478142314,2.141203508240949,0.5092114961540992,-0.25683590785047206,0.30749009654354476,0.32160802719668347,0.30228140659931046,0.009635089957801046,-0.08935806524919088,0.37535730987886073,-0.07550220166421562,0.5307192685842157,0.02333170637648818,0.7300701534491139,-0.2907566346938958,0.20958936389426674,0.41035555323889894,0.2246934382554795,-0.07842528227432355
CCL,,-0.34436683832777537,-0.07535570803162883,-0.09784400547518901,0.6162059617455187,0.4673932928685418,-0.05792083582950269,-0.0612771179078756,-0.0653145283355786,-0.42402317659528477,0.30304327035761514,0.47129569376734026,-0.27238539588868393,0.1761883937937423,0.12379797313611918,0.15734075620505683,0.22940190359521662,-0.017484614067836635,0.3076411052198238,-0.23399987247216514,0.07368569097775879,-0.5689002054194064,-0.07109870767852045,-0.5994035933696936,1.3002482129413608,0.3441207605359873,0.2255216421290489,-0.035499077895757014
CDNS,,0.14583333333333326,-0.2029090881347656,-0.462135040108705,0.5250211705183434,-0.23192431750757259,0.2251990993613282,0.05851062450674682,-0.050251235410273765,-0.7848324493484571,0.6366119209417038,0.37896503247109914,0.2590798220762436,0.29903853119477963,0.03774983125400344,0.35306695392079845,0.09699526722136298,0.21191734553523212,0.6582078046560333,0.039693922992007025,0.5952162221845354,0.9669837294583283,0.36590204579404095,-0.1379662241577042,0.695530354532228,0.10313175768793803,0.04033813306887346,0.08529018109720155
CDW,,,,,,,,,,,,,,,,0.5154837594812678,0.20471458507491724,0.2525167746290178,0.3491669211663697,0.17975062003738884,0.7822096565659034,-0.06546945101946455,0.5686927216827657,-0.11749378864322668,0.2884485634314624,-0.22565471063783127,-0.20562122351262768,0.008108411780642921
CF,,,,,,,,0.6889835093071648,3.2998816188993354,-0.5515456745065543,0.8572103194659331,0.49529729592244576,0.07955031679795632,0.41310643862899776,0.1593156173653565,0.19325613055620128,-0.23498249253254289,-0.19240686041145183,0.40237694904261345,0.051320634439669055,0.12728460224516458,-0.1576327676551783,0.8718374651442244,0.22289190686198457,-0.047451803316823526,0.10075466533571231,-0.07168110056615518,0.49249801837829654
CHRW,,0.5919668820491406,-0.07347330023317289,0.08807040317264003,0.2270885782144858,0.48156271936921025,0.3487553068988527,0.11869897078394054,0.34322567830827566,0.03441217552752618,0.0881547486462082,0.3935267880947171,-0.11511024111896695,-0.07394904975808192,-0.053911721735416473,0.31338478966312344,-0.15157752655759826,0.20985610089556728,0.24563163451481418,-0.03630143185750301,-0.04709296419401754,0.22951655610232247,0.1719032085995602,-0.13094712982693846,-0.03102743173325373,0.2288825801343326,0.5900869776376432,-0.06460500981620765
CHTR,,,,,,,,,,,,,0.4622496310940747,0.33895327893470384,0.7938090023455586,0.2183387087578379,0.09890776298929405,0.5724740788100178,0.16685181920985626,-0.15177399550920323,0.7022142137571232,0.36379567515802513,-0.014481168871008698,-0.4798840110108,0.14621051512788985,-0.11811774345793347,-0.3909910240371899,-0.26912571341691616
CNC,,,,0.5302959789600803,0.2508185940411516,1.0242770546097537,-0.07266311951406002,-0.06542415978720117,0.11680915241679779,-0.28170558670327794,0.07407412783552392,0.1969768569327257,0.5623520092419847,0.03561505031517265,0.4378048966570598,0.7616623771005828,0.2674048825334028,-0.1413159030857024,0.7851707706559519,0.14294217080632676,0.09054635330170147,-0.045172581530736666,0.3726470631596446,-0.004733002213913262,-0.09511038713059516,-0.18366793453134334,-0.3207329104968023,0.5982987655955294
CNP,,0.9900712697991032,-0.3605108840832426,-0.5437471640138705,0.2719506412877921,0.2103796252816439,0.17365615261865797,0.34868012394157466,0.07331269299813203,-0.2253210285231696,0.2237037596552267,0.14257477696304433,0.3343752300353535,-0.0017680542903076857,0.24769088850075605,0.05152745665692193,-0.1757401003090744,0.40885226394930263,0.19585507177187433,0.03707171949216015,0.006179156111999484,-0.17980993766472386,0.3241111793557603,0.10004505343806436,-0.021179462995427945,0.14276116623845336,0.23743405038466592,0.07272616437468749
COF,,0.36887114612235394,-0.17870716584665158,-0.4474736623793314,1.0674805207620288,0.37616270979723176,0.027432100130031722,-0.10968978616135472,-0.3838612411736816,-0.3027488270832187,0.24114958420172927,0.1156845518675258,-0.00207377342050874,0.3749547993135469,0.3418404131586119,0.09470914087239213,-0.10909794282908947,0.23761371382578567,0.1630149445092428,-0.22766096334203012,0.38616767224255666,-0.026575456691998678,0.4932006485567959,-0.34592831599815266,0.443187969259057,0.38240979809449827,0.37646346841752854,-0.09419241335506334
COR,,2.3251024621843253,0.2589876179557884,-0.14415344439367372,0.057350424418783685,0.025366986839496564,0.4135279074938849,0.08901579359061973,0.03335859798454921,-0.19835412022763488,0.4792687568673337,0.3239223747830249,0.1030086591808177,0.179458644815506,0.6535204095473779,0.29954040517917946,0.1638613122859558,-0.2332231041924625,0.19512776789557496,-0.1756961109529218,0.23512230454956295,0.23370481720164937,0.44088614242403446,0.2626219659899618,0.25329359381864136,0.10368864860273641,0.5148489883657283,-0.04737828456055149
CPT,,0.30294562406320114,0.17375710051487525,-0.03496400248192866,0.43790138389493105,0.2164485116318693,0.18568458172157354,0.32208434113090023,-0.3172613032493352,-0.29867485750300726,0.4474776160566216,0.3248742577476047,0.19281402365640132,0.13412839568001078,-0.1324459007518206,0.34869148552078566,0.07931997143660308,0.1931323167747141,0.1333365784419489,-0.00978702965631384,0.24205816209687714,-0.022808502917147977,0.83181470320835,-0.35580059505762474,-0.07637606036017675,0.21307429835044478,-0.014807050869126037,0.037362001915220544
CRL,,,0.22301368190817628,0.14934289332030315,-0.1078481746504838,0.34022708614926045,-0.07911322587344838,0.02076943805285314,0.5213873537978686,-0.601823715078999,0.28587777273519466,0.05491250710089668,-0.23100733765694303,0.3710209046946109,0.4155324042589408,0.19984913821933903,0.26319924828164787,-0.052245266577063854,0.4365401422898556,0.03407951997200587,0.3497083768769891,0.6356376642784602,0.5079644515284896,-0.42167844736333326,0.08490133326386706,-0.21912008938397476,0.08060665835340974,0.3409364144950544
CVNA,,,,,,,,,,,,,,,,,,,,0.7107740635991555,1.814124176504683,1.6022814417773796,-0.03235366131862172,-0.9795504556089494,10.168776522258907,2.8413297829652406,1.0752359729545922,-0.1605848178084771
GOOG,,,,,,,1.1518750358144803,0.10996485662388955,0.5016503192216577,-0.555084755704278,1.0152118337783693,-0.04195280794302825,0.08742856957049061,0.0951850061711983,0.5843111356427808,-0.05965609482294798,0.44559935202214884,0.017051459148507142,0.3557566151126075,-0.010311568373286839,0.29104585875203526,0.3102869481671917,0.6517057400025077,-0.3867134156533423,0.5883014225073853,0.3561646693466538,0.6541779668914054,0.12789006794019264
GOOGL,,,,,,,1.1518749044016423,0.10996486727689425,0.5016502760646224,-0.5550847198471471,1.0152121147553839,-0.041953078325617454,0.08742883108207833,0.09518494854302961,0.5843110880856501,-0.05394009606283712,0.46611764574487147,0.01856022771882282,0.3292949382104371,-0.00801211886684039,0.2817618824117296,0.3085363271856869,0.6529573440766865,-0.3908954191588957,0.583248268600824,0.3600560266071282,0.6599358813862364,0.1334222586610181
LNT,,0.24171500373501464,0.017695917346661316,-0.4024983677777981,0.5870346502451913,0.19466199563603914,0.01878302341641902,0.3940399624456776,0.11250934420850744,-0.2525691955979207,0.09816285143887771,0.27233307246521266,0.25269191821967896,0.03641017587054929,0.21954603236149106,0.3339852184156775,-0.02625227570486599,0.2543882383775522,0.1604766951825949,0.023697687433668513,0.33426210400350853,-0.03164150114139541,0.22861506733549897,-0.07437898916609298,-0.0383790051056031,0.19538412105634273,0.13518968050469393,0.09203798853574896
MMM,,0.26246289113404697,0.0019279819105033624,0.06415699509092465,0.4062467572748121,-0.01744704223080662,-0.03499650666706311,0.029728032013651706,0.10740085872400629,-0.2983185989228069,0.4853370610911445,0.07068716315068535,-0.02836480859447643,0.16666898831885946,0.5444914113542385,0.20003603148875548,-0.05911518718782294,0.21716753412020795,0.34903730963232626,-0.16899143703939135,-0.042907817620255084,0.027652019286702467,0.04850539500184414,-0.2962634740919009,-0.033280841968928554,0.4612438686566527,0.26363548369131284,0.1534717944636783
MO,,1.0588448376169834,0.09136590386250343,-0.06824222518782175,0.428219216407433,0.18336702789120118,0.27710437502952767,0.1986587227864991,0.22221337311275535,-0.3132646132619913,0.40355668303721903,0.33917590840627554,0.27658877002313575,0.11735045484502282,0.28543109447431325,0.3448216093875538,0.23111296449136431,0.20436934740302992,0.09445203550096459,-0.271422218118785,0.07870028373938487,-0.10211518149750598,0.2418479984628339,0.04372623682648813,-0.03697262541861979,0.4075725072595271,0.18172878085240063,0.2232843984308679
SCHW,,0.11415195124790078,-0.4534564145824538,-0.2955489474724807,0.09647610302456622,0.017633421130719196,0.23562609333228246,0.3290119163675391,0.39936270737445323,-0.3601924500342122,0.1806942170679502,-0.07770230487560148,-0.3312933158196364,0.29881687914090027,0.833021029564115,0.17177395916278493,0.09919988403821511,0.21012586903866337,0.31152626149008844,-0.18433636740932358,0.16376939235912435,0.13567425767521812,0.6023065355112109,0.0010736833146602898,-0.15969137072199402,0.09165962455881926,0.36648605050380545,0.0844835999632747
T,,0.007703476659725705,-0.15465283534869,-0.2748485252473245,0.03551860105413951,0.05441859714916464,0.019947555209670398,0.5558443554532551,0.22064104089513337,-0.2691676230672878,0.06836146730899273,0.13918582218985986,0.11095603610661109,0.19522586841370249,0.11553588742467902,0.023932458119051425,0.10314495367120635,0.3199322166510765,-0.024619178872013037,-0.20776439147688497,0.4848108567715641,-0.1964942690188185,-0.0590090717812225,0.06468457274583983,-0.027310752029168772,0.4410036455198989,0.1397779442461513,-0.007790943261141936
TECH,,0.3098750467607041,0.02183758760661303,-0.22496615954278554,0.3249295452021601,0.028013082698443048,0.4416448641992552,-0.01123391265721796,0.1911629239249908,-0.01947680885682257,0.08093075859178134,-0.025618807385838438,0.055358187812801773,0.01808724676590301,0.4082209447783447,-0.010533528752515342,-0.012858936741149907,0.15769573076839682,0.2740471297527127,0.1260481642515643,0.5267047121990809,0.4539622874569651,0.6339822099699222,-0.3569044655343795,-0.06493724882620844,-0.06245861601846747,-0.17889229139657126,0.23314481897871686
XYZ,,,,,,,,,,,,,,,,,,0.041252861387191864,1.5436535493651697,0.6178252989591719,0.11535035127655657,2.478900169630852,-0.257902982173424,-0.6109219101612429,0.23090385560630278,0.09877181047656447,-0.2341452173910702,0.21370417029831645
C,,0.23571500487054786,0.00048759649151008944,-0.2390813710233365,0.41556165857295735,0.027635331187390255,0.046235335413133516,0.19564280551880642,-0.44745656099565034,-0.7594524423128797,-0.5055319213958547,0.4290034317449176,-0.44329388581919604,0.5055109115315028,0.31835852909977413,0.03921843320181062,-0.04081626378162406,0.15903347804336332,0.2702665071434134,-0.2848628898110792,0.5782047123871346,-0.19704405730910524,0.009310489936284583,-0.22092715418984565,0.18982842603689498,0.4193351859683361,0.7037560959723839,0.1743834737638117
CB,,1.5871153261313822,-0.037080682425078226,-0.2541275134986726,0.4425575783618969,0.05281348147013287,0.2747706263009684,0.15411752137580548,0.03810885797716601,-0.12986524685507683,-0.018589526459046213,0.2641632605287134,0.14501325459123082,0.1756594566840024,0.31867482618933884,0.1445423386771465,0.0424624303220571,0.15589176661951276,0.12817297183757814,-0.09633865178366374,0.22937748012977166,0.0141036275526496,0.27848636165574536,0.15970803352360252,0.04196070592378165,0.23886356597847924,0.13702809158925588,0.1291822021189435
CCI,,-0.1575874249951119,-0.6053579468572354,-0.6379917014699985,1.941332860855633,0.508613383178512,0.6171873435632398,0.20029718986456047,0.28792599901418847,-0.5774039864233754,1.2207062029357933,0.12269427501628494,0.02213140594336216,0.6107137617694107,0.01760010798353351,0.09870953418000661,0.14382963184735242,0.045146422940100406,0.32966100901247586,0.017525352148194617,0.3545087936615352,0.15491759503937774,0.350791586634579,-0.32571774173301127,-0.10241512951271048,-0.1639303881230717,0.02962662231099711,-0.12875139258013435
CEG,,,,,,,,,,,,,,,,,,,,,,,,,0.3723902292325618,0.9271390604725793,0.5879896660180126,-0.23381103928204272
CFG,,,,,,,,,,,,,,,,,0.07046281153390388,0.3879841025440147,0.1990975289038852,-0.27435040163291236,0.41836376276219167,-0.06732248566246657,0.37016024792592406,-0.13367764063013565,-0.11006694340146839,0.38010072959999874,0.3859742207664283,0.2700786728567377
CHD,,-0.153884007357607,0.21100854365375987,0.15381047771780243,0.3137548370814873,0.28327828307217806,-0.01092469689570319,0.3000201945432692,0.27563061780136633,0.04413840983082018,0.08602513049272131,0.15298992600437344,0.3488223868039182,0.19281993433368894,0.25964187891033985,0.2110418339255562,0.09426798892624522,0.05727465124290165,0.15326586082177607,0.33233155793808744,0.08365109582826347,0.25457314340343307,0.18897014762557296,-0.20412158039239592,0.18718177723984852,0.11961659598369057,-0.18907234026627917,0.2390824294228251
CI,,0.6659170712236833,-0.29018648162550487,-0.5478796334544658,0.4364853887603768,0.42870571108446787,0.37070708727964474,0.17892915506023588,0.22602788304797183,-0.686104759121348,1.099423660589634,0.040606063922093316,0.1467180458825983,0.2740265789315097,0.637475520901144,0.1769784534083032,0.42238837406952046,-0.0881698087685232,0.522929621677555,-0.06463066021324737,0.07697952842551525,0.01825323061373929,0.12289829909563665,0.4667807348827504,-0.07972885192822465,-0.0626878354576893,0.0171910805721045,0.03801329566568201
CIEN,,1.8260869565217392,-0.8238769262963599,-0.6408106199467732,0.27626455678634976,-0.49085365651042245,-0.1107783720362775,0.33285223012073084,0.23096361376154495,-0.8035766728414584,0.6179105165940046,0.9418818211026656,-0.4251781083123978,0.2975206044876286,0.5242038596111207,-0.1888842624371404,0.06594542486903565,0.17979696555498093,-0.14256450487463934,0.6201624153357754,0.25892063753479877,0.23799485064999537,0.456386063253962,-0.3376640413963784,-0.117104771955854,0.8842479609251586,1.7575757793839197,0.7633301546091762
CINF,,0.2961015049516196,-0.014279899167368382,0.00630142832417202,0.14064370091499634,0.1423090886597207,0.09095631726556586,0.0439004959892606,-0.09785733312615152,-0.22754036326354665,-0.03588285502477373,0.2747518889951479,0.014936858237096562,0.3422059142457008,0.3847606417077152,0.02624511357897319,0.19026401155691453,0.31536895974389667,0.023394226118575112,0.06254288702134292,0.3887222950040303,-0.14145041119834345,0.33276057029130657,-0.07890263074504911,0.039991829995525086,0.4248498479517022,0.16273933313211852,0.09526648432852003
CL,,0.004409474286853676,-0.09445909911020811,-0.07982391582849513,-0.02983308657566408,0.04140032365048696,0.09556036828180425,0.21530575430914012,0.21969990916699733,-0.10107477996750547,0.22913803751895712,0.003241536677019541,0.18076318952161352,0.15935230163376146,0.27611553742658823,0.08401136037384727,-0.015624392127488451,0.0043975598818311035,0.17883942332715574,-0.19191436033985143,0.1859603420050664,0.2716871691223868,0.020812988056700954,-0.05440360976828673,0.03782768109645018,0.16566143997754113,-0.10977172419973424,0.20179260005652555
CLX,,-0.28135741542249815,0.1419992041245206,0.06525449704056241,0.20402230126167753,0.2392201983176352,-0.015597441612266727,0.14919531351375737,0.03853628509361773,-0.12116594882626619,0.13649067465554054,0.07171879012969651,0.0875231502959184,0.13889562814720535,0.30770379079900834,0.15926409251728235,0.25025679346602847,-0.02994664702753569,0.2713638668469296,0.06553485634740697,0.022301825241635154,0.3445891957024312,-0.11499947903689778,-0.17000161343623832,0.04988405038803445,0.1771778598517757,-0.35585980114250193,0.06768645537266904
CMCSA,,-0.13707567977475577,-0.1285932571632884,-0.3452776368043382,0.3911753903930044,0.014943379885609565,-0.22115387347691173,0.6331021121186333,-0.3529411380073162,-0.06610355726844985,0.01653807397254714,0.33129107980595984,0.10482063501106231,0.6070541639763776,0.41558633680982826,0.13068252793717594,-0.010790107550317951,0.249866557143976,0.17456799722371308,-0.12710836145084692,0.3404256027517756,0.19134431785955286,-0.022217121775019888,-0.2867802063869789,0.2907681429677196,-0.11840363152961242,-0.17348155032930512,-0.06082278797088059
CME,,,,,0.6748672063878016,2.185277358333684,0.6182663687023324,0.3947679895829239,0.3536935585603389,-0.6882619774001575,0.6429743505996981,-0.02715160732915689,-0.2264602068135929,0.11390237660542413,0.6400682996674112,0.18334394788441832,0.0765102263313322,0.3393061037963905,0.3234507569989602,0.3214524762769335,0.09666156206736165,-0.06343865736083931,0.29469733283268784,-0.22888266832274007,0.3131932605385941,0.15411016892872365,0.1983057223700453,-0.006288498709209556
CMG,,,,,,,,,1.5801755158128512,-0.5785680554774264,0.42239442197436206,1.4122050513312536,0.5881688509370424,-0.11926329546807035,0.7910978483577404,0.2847892538632153,-0.29898758047162655,-0.21367094152308053,-0.2339923649439516,0.49392801017784915,0.9386970692168657,0.656544427463349,0.26071784124954567,-0.2063549375863598,0.6482713763602672,0.3183439687739804,-0.3864013189363409,-0.11378375903980154
CMI,,-0.18644909114282082,0.047557318666152204,-0.2446618697919274,0.7853638096707489,0.7462881847873497,0.0877544317917156,0.33241913344801177,1.1749666451811542,-0.5738633060254001,0.7517430406081744,1.4269453691979561,-0.18921136836721564,0.2521714913503532,0.3249799300576528,0.04277565322386434,-0.3716783252949807,0.6067649011036398,0.32736045558958526,-0.22064619731228896,0.38037503720061294,0.3050357152822345,-0.016791554077606907,0.14085997638402148,0.01719185731270345,0.4892445193638002,0.4935868969198465,0.27036192335541775
CMS,,0.08278559514714123,-0.19793505441119064,-0.5760757225539834,-0.09745744971269399,0.2265258324363446,0.3885161528368415,0.1509311443190653,0.05293742962940273,-0.40231296647459747,0.6124932466292703,0.23600211943038785,0.23915421090494804,0.15053133554036435,0.13898530215823457,0.3459487618773409,0.07308644062592462,0.18853645655031448,0.17031023508512733,0.08253061402243356,0.30039694677748985,-0.003121739511965149,0.0971428447807432,0.0017843625437394817,-0.052112077437907356,0.1860174936173824,0.08133964012366213,0.039601482770668994
COHR,,0.5093167701863355,0.13448556656700106,-0.06790482341139326,0.6064757219807686,0.646899338564003,-0.15886090217362325,0.5635142261837862,0.09341441134983008,-0.37512272899078836,0.6657935559392678,0.4578616893903069,-0.20793786157750727,-0.007080667962610976,-0.0356554928607824,-0.22354950638403048,0.3597069585809103,0.5975215771389462,0.5834739078241757,-0.30862622881796953,0.03727662102897167,1.2560143515104931,-0.10044756905450847,-0.4863164417746465,0.24017095930619892,1.1762004597617342,0.9483796134660378,1.054125750869297
COIN,,,,,,,,,,,,,,,,,,,,,,,,-0.8597693859239679,3.914382626969382,0.42766792586186675,-0.08924689242750494,-0.32077471248747746
COO,,0.3269970017601618,0.2560997870457933,0.0031550989935622553,0.886630051967443,0.4991684276466355,-0.27243916168436166,-0.1314728605362171,-0.1449835128092789,-0.5680864332651637,1.3307737251430565,0.4802423850801463,0.2528058735183427,0.3124704288099531,0.33982547109108907,0.30942782066566443,-0.17176652571131634,0.3040463282393897,0.2458784284338016,0.1683612533072536,0.26269201378899965,0.1310274806295788,0.15326237218968575,-0.21056347526828811,0.14465343204348247,-0.028326818390090547,-0.1084520960253037,-0.09431424858328863
COP,,0.24497326370816452,0.08580226362372279,-0.17435779188835976,0.39813431478567796,0.3557582337271348,0.36837727678894305,0.2653343279128748,0.2541488441985711,-0.3979124831989789,0.027896140044324502,0.3873352303611013,0.10987942324122257,0.09198778596829515,0.270775647436325,0.01511003653584786,-0.29006630043417236,0.10132020568601652,0.1194648361886439,0.15628852698152929,0.06629249417973537,-0.3603567849158379,0.8660127793615606,0.7169182858951286,0.01983127445060462,-0.12167340510575964,-0.023411441506467456,0.27556976810768186
COST,,-0.12465754061777257,0.11123656448244246,-0.36773330636769264,0.3250178380434421,0.311426683363089,0.03193283360098409,0.07908552784856115,0.3322116912177282,-0.23988427344311958,0.14319657182996126,0.23678763662841362,0.16742829356694378,0.28396234821267763,0.21833785852844234,0.2046040213297533,0.18944880701454325,0.0027783538994679002,0.2237200997458666,0.10599333859040594,0.45700648229839014,0.32666358530885864,0.518211620022907,-0.19049788367525233,0.49003825579542215,0.3962267003507607,-0.05394719010479454,0.103976719147165
CPAY,,,,,,,,,,,,,-0.03395857808763625,0.7961165054743202,1.1839700808289177,0.2691816082427936,-0.0388676872915974,-0.009864888236010061,0.35973704682276586,-0.03486977971455607,0.5492138667325701,-0.05175175373718888,-0.17956233788619425,-0.1794138863435608,0.5385997202776753,0.1974807365944451,-0.11077956168203595,0.30575220817140547
CPRT,,-0.011494603650323287,0.691628856793375,-0.5116855496502228,0.4020270411771434,0.5855421138546928,-0.12386019250307623,0.3009540630869223,0.41833330790201817,-0.3609870500214851,0.34681861760228117,0.019934450123665126,0.28219548450129794,0.23198999273224086,0.24237293308064078,-0.004365616391560967,0.04165515410111298,0.4577743302877644,0.5589243366051424,0.10627460751409701,0.9033069226617614,0.39927420919071044,0.19151273176571704,-0.19680779118101943,0.6094596975256403,0.17122447733976398,-0.3178253712799224,-0.24240105513645316
CRH,,-0.17247898765065106,0.06811064927407151,-0.27707738673038707,0.6790722956767972,0.3543554195270582,0.12323331484313393,0.4543061270427735,-0.16380105660787625,-0.23080075763217522,0.176332183234581,-0.20808851071569656,-0.0048021959786327395,0.07028452695797549,0.3040229520246567,-0.030490037618404298,0.22229797953955477,0.22206085867192638,0.07166059107816247,-0.2517801425552463,0.570452379254976,0.08782730735148392,0.27070732666928965,-0.20513960281599963,0.8132970072784498,0.3593149890798082,0.3594799400671316,-0.18909718982453316
CRWD,,,,,,,,,,,,,,,,,,,,,,3.247443590555002,-0.033377429325631036,-0.48576312129168575,1.4249216934574664,0.34012217549256385,0.37000235196553244,0.8296782464541121
CSCO,,-0.2858808158789531,-0.526535737481493,-0.276643122493081,0.8496185537629708,-0.2026413604835824,-0.11387158285090115,0.5963783022375142,-0.009512985889167047,-0.39785761751806015,0.4687120192103691,-0.15497104309174903,-0.09617145111204484,0.11605568188030224,0.16726524355688288,0.2797586004189512,0.006195543077356147,0.15133698106780802,0.3126824760103988,0.16571575618496093,0.13812619245196145,-0.034864653427044034,0.4576136636997834,-0.22462750097646045,0.09295916046122121,0.20995625084794622,0.33473727271965203,0.59938285971077
CSGP,,-0.3414634454318204,0.016296326496918034,-0.23157017450134665,1.260162607929634,0.10743403981464406,-0.06517975666229692,0.24067640848940264,-0.11781180885987663,-0.3028571477588704,0.26806319351924146,0.37802249913354236,0.15931198926503365,0.33927775568544183,1.0653462700952416,-0.005146782555644602,0.1255785899165318,-0.08805455705338316,0.5754150474003787,0.13601621506491335,0.7735815430808377,0.5448437000687831,-0.14495610011058446,-0.02214349015602468,0.13082299133084363,-0.1807987545727041,-0.06076265814555937,-0.5502676869147823
CSX,,-0.13087926087415325,0.3821655750121242,-0.1823813564967124,0.28630605966784417,0.12897604542937913,0.27924609044452664,0.37045916465319717,0.294153198269975,-0.2505296633460652,0.5317625203776017,0.35807907251328963,-0.0024025235349066643,-0.03911371702971678,0.49333824027348494,0.2852402398406235,-0.26724934296438396,0.4209209250772219,0.5547643147539236,0.14467203489249658,0.18057028067630165,0.2708592590190335,0.2569708358433347,-0.16580613385155718,0.13509314750025747,-0.0564749313167231,0.14133063324481165,0.3955907818000184
CTAS,,0.5108626342890239,-0.09332775172636998,-0.04190856915727614,0.10230399692587433,-0.11899206990986544,-0.05550147438125741,-0.026372453883617974,-0.14531216295410365,-0.2993782662978596,0.14592908308054242,0.11304824057203944,0.2680008434052561,0.19321915606490525,0.4779923731062887,0.34842490068788345,0.17409162060550232,0.2855764642265328,0.36323814618897643,0.09035627184794692,0.6173274613078388,0.32739751721649757,0.26509582266504794,0.0297190315155611,0.34822590330338454,0.22240450527289268,0.03781648858207287,0.08507665858212121
CTSH,,-0.3356202992016397,0.12853683525937476,0.7625663913966874,0.8956117961806944,0.8549516965606165,0.18757357729976332,0.5349122505613402,-0.1202696962195049,-0.46788468034719854,1.5099683263753687,0.6168097413165365,-0.1225271397504315,0.14881031914332388,0.36681135337961135,0.04297892216715549,0.13976441951068863,-0.06647791144492587,0.27574164084147235,-0.09663247573807265,-0.010720152635138702,0.339266349348895,0.09639210976493051,-0.3454119249537452,0.3437956137071827,0.03455283136667697,0.09677704089738892,-0.296720753390201
CTVA,,,,,,,,,,,,,,,,,,,,,,0.3348598342370257,0.23550289482905606,0.25580021255388674,-0.17508028213575932,0.20242930001426118,0.18886435346453223,0.15143174582811225
CVS,,0.5115494177609403,-0.5035359780817108,-0.1496051974861805,0.45886063822408185,0.2561380676565166,0.17888796371448779,0.17608678677711986,0.2942541633628615,-0.27164455343646854,0.13171228074828756,0.09116829376036906,0.1894081285316429,0.2028194055345649,0.5038220414551147,0.3656406776543424,0.029012607685477754,-0.1783038003787698,-0.05752226155918061,-0.07036297301743255,0.17260089577482307,-0.05140995901598844,0.5486909066469521,-0.07625891312978206,-0.12533658684170712,-0.4077027013526475,0.8434774691590612,0.2340835017004621
CVX,,0.005438734340709406,0.0928007308969474,-0.23091138078747053,0.35366844498538885,0.2554098173655164,0.1154259348954807,0.3370246796960996,0.30549910216014675,-0.1832923357224534,0.08061050375276002,0.22946087573959506,0.2028003462389063,0.050614852265406185,0.1930860839570554,-0.06988870984246554,-0.1617066491883088,0.36661430101331227,0.1058957450606075,-0.09747404420894101,0.15273667413424485,-0.25952106803065156,0.4624131723347904,0.584623218239744,-0.13632707255808052,0.012871093821110291,0.10104424957297442,0.24736206668936989
D,,0.8028211039984245,-0.06578268823367661,-0.04550221876278693,0.2135765514343333,0.10506674231320812,0.18218140681410677,0.12564361923109435,0.16509976939000937,-0.21565207991058832,0.14468038149181028,0.1479464578868359,0.2945819395832834,0.016505649577484016,0.29830510291865253,0.2299360138248665,-0.08762985468830309,0.17666389519639503,0.09913170835661189,-0.07591225142339075,0.21500391655155915,-0.05345715666424411,0.08115369787763749,-0.1911850549880164,-0.1912947971053528,0.20435508947168834,0.1396865952756754,0.17409373670778394
DAL,,,,,,,,,,-0.23035590600966582,-0.00698085479486199,0.1072056706255613,-0.35793656272522045,0.4672435641269195,1.3261029499615566,0.8053372767735207,0.04046781934525634,-0.013482115665895966,0.16227792555469533,-0.08660856779863468,0.20377251726927748,-0.30766303221739055,-0.02810238412603372,-0.15916057826893282,0.23028973008052334,0.5200404944974055,0.1608822306736144,0.326482639112023
DASH,,,,,,,,,,,,,,,,,,,,,,,0.04308226897712353,-0.6721289342109443,1.0256042607090086,0.6963292651972617,0.3501042964383849,-0.04512540362725026
DD,,-0.1469637370843424,-0.040634410745659655,-0.08174876339388892,0.4581266377752209,0.22891588562405807,-0.08803818307420397,-0.05438760452533198,0.02554895181024608,-0.5948910834843357,0.8997466613335348,0.2614592456717937,-0.13216742838414297,0.16781154041771473,0.42236039939739656,0.05921127358914613,0.16977702922384919,0.15092829148713127,0.27844956604710736,-0.23153834657306027,-0.14010428514066098,0.13284080783522323,0.15414916668769107,-0.13357064916456252,0.14357008532586835,0.010410288067789208,0.2872529178280041,0.19079051452712137
DDOG,,,,,,,,,,,,,,,,,,,,,,1.605611583432622,0.8093254387754281,-0.5873336716179414,0.6514285340601085,0.17721208290458068,-0.048288851045962256,0.720199891362902
DE,,0.08112686701676242,-0.025188894199550393,0.07068455067586532,0.44430035843367843,0.16270834575678395,-0.06603738899586686,0.42285800815456565,0.9864764656395117,-0.5805626819222932,0.44858320297035736,0.5633495018926673,-0.049807994089623664,0.14285375281416401,0.08221382254250087,-0.005460965410111318,-0.11260867310127531,0.3893925422501363,0.5482955247461836,-0.028958123848014883,0.182954908527323,0.5795752888513683,0.2885918345358556,0.2658717854094592,-0.0548007039846814,0.07555422373144749,0.11385240587470435,0.3408503028246208
DECK,,1.000006948214447,-0.1904775358365688,-0.2141154187267882,5.1377103882833675,1.2921952798776348,-0.4122156196672623,1.170529502016377,1.586488261026057,-0.48490905300723497,0.2735696165150847,1.3517498887669044,-0.05229493580279254,-0.46711656065448026,1.0973428366369489,0.07790667699606812,-0.4815465589064959,0.17351691725267115,0.448817492043474,0.5943925804066881,0.31973422875410473,0.6983299189466068,0.2773206250889393,0.08967811706933282,0.6745916727514893,0.8229881833240698,-0.4895366584355808,-0.059901603107512025
DELL,,,,,,,,,,,,,,,,,,,0.4786248731693341,0.0858664837513039,0.05156508092212042,0.42615318117248524,0.5121217129545996,-0.2663300443629719,0.958504049081355,0.5297059138153577,0.11219766277600973,2.6377567044459607
DG,,,,,,,,,,,,0.3673651660848263,0.341375827164897,0.0717064728399448,0.36811057544073744,0.17208253525171346,0.028777907257024005,0.04357131215191279,0.26916280098489165,0.17546941457492826,0.4570573591476761,0.3589274392769648,0.13010055264394005,0.05570737642995671,-0.441347194132674,-0.4312400616527289,0.79609357148487,-0.03303307503496955
DHI,,0.9496577812094771,0.48683063646909974,-0.1900878851180986,1.5208656024638874,0.4135249094743898,0.1940487539164386,-0.2441128049652167,-0.48620368111145307,-0.44850303836593153,0.5615571283776315,0.11182692348182743,0.07158506811044818,0.5951071185956638,0.1284124823538615,0.14320951993458686,0.2786797377504109,-0.13667517766127535,0.8905563657425866,-0.31264063429503186,0.542899899277123,0.3223327890101031,0.5873366958507134,-0.1683198890700387,0.7207209321844623,-0.07242405954120534,0.04235705260690459,0.058267467590677136
DHR,,0.419034482565918,-0.11671334432499891,0.09093449579732571,0.39807247999507234,0.25285797627509066,-0.027138910265411043,0.3002349683068595,0.21288339827979552,-0.3536789188667776,0.3310671209735878,0.2569460236689005,-0.0009018942390877083,0.1905799594716311,0.38310969209436685,0.11585323000369585,0.09040127992127323,0.7307284317426264,0.20013156989772596,0.11804486732832253,0.4955382688227177,0.45336470550157326,0.48566156969812124,-0.1902091870205178,-0.012392589383073083,-0.0034576972622513136,0.0035201404697595695,-0.10177277228733439
DLR,,,,,,,0.778461228235541,0.5713483909509045,0.1554482773256869,-0.1133174429009226,0.5884684216480256,0.06170317692139338,0.3540510908884087,0.061279967537529956,-0.23489803560569733,0.4257367255102049,0.20195701691433943,0.34888150162446907,0.19795471131132492,-0.03002391355760836,0.16516678997859868,0.20371439781102674,0.3065782731971076,-0.4099985020252921,0.3994701065770865,0.3589567493985464,-0.10066602694421778,0.26960423470742345
DLTR,,-0.24129032292361063,0.2616325977234899,-0.205111651166605,0.2238501965046611,-0.04323237197753882,-0.16788322292987046,0.25730987477766276,-0.13887035402166692,0.6084104137257571,0.15855125043311658,0.741614922431924,0.48198997676082156,-0.02394414449711446,0.3910255487835903,0.24742998116856585,0.09718676092947676,-0.0005180123659026536,0.3903860732609692,-0.15832632793130574,0.04129764580975026,0.14875063699966629,0.30062942504349444,0.0065470975019434885,0.004312787046254929,-0.4724392760899776,0.6414464655563492,0.06414105863941
DOV,,-0.09640116296282897,-0.07384484822785065,-0.2005984255258032,0.38764906474348537,0.07166391428774199,-0.01802887484199789,0.22855258898086395,-0.04447750530676797,-0.2693062421273815,0.30383815472901343,0.4371955144997455,0.01399204400213283,0.15707822541902505,0.4956305632627702,-0.08835209053682902,-0.12417107403575556,0.2536892248482776,0.3768297256894253,-0.1110653454218612,0.6579723783696414,0.11527716575986924,0.45734569200236996,-0.24339137379041897,0.1521663888484679,0.23347292626616545,0.052403412887206846,0.08652708289260902
DOW,,,,,,,,,,,,,,,,,,,,,,0.07881553444035894,0.06811968219170206,-0.06646230090634964,0.14706295005631032,-0.2278822817980246,-0.3738416844277317,0.282694188046418
DPZ,,,,,,,0.3849798404220559,0.17910733230388698,-0.18946336759831095,-0.6439908410568225,0.7791932130263262,0.9033410218824423,1.1285272179193555,0.3860787766692553,0.6208083435446197,0.36913888450713084,0.195173438218204,0.446854027459729,0.1982235187182506,0.32370287602802406,0.19629813776131044,0.316275739571644,0.4839383395355461,-0.37880551939129714,0.20692423181626185,0.03177988422057365,0.008838132593799619,-0.1485456330490692
DRI,,0.26718241118492614,0.552231846776378,-0.1310165827245574,0.0332729292895062,0.322802352139246,0.4128373204080751,0.038304314745933654,-0.30066030886657846,0.04466257053589384,0.2796342724729832,0.36260157242843927,0.013073502503601953,0.025849324026881115,0.2602220104085391,0.12744315377400395,0.25580252339884524,0.18188386253904576,0.3599404791846319,0.06888076515505648,0.12290696594026418,0.10452159938579597,0.2947515428906524,-0.048398551660268296,0.2282575684753767,0.17704226475101148,0.015560938130882773,0.1888290602649747
DTE,,0.3064538922053117,0.13091143157297824,0.16015486392380818,-0.10455704883261652,0.1500086315399609,0.04742236327349092,0.17592815636164194,-0.051291687643935546,-0.14426307790687054,0.3041220630258483,0.0894435632313495,0.2594511726554576,0.14939865595438162,0.14960766184199703,0.34800036817487356,-0.03692196272734205,0.269558319552605,0.14590591618632276,0.042075209473607655,0.21385070199387046,-0.02855179824064813,0.19354105890165907,0.01235266264315693,-0.02813033499886597,0.1349019434201233,0.10421326151663446,0.10164224436959168
DUK,,0.759748213886847,-0.05359672092099255,-0.4816589647677123,0.11781295834445227,0.3019352465691718,0.15660243434974053,0.26239284027725485,0.09193722997373577,-0.21677447556793972,0.22000690421814229,0.09468532631930948,0.3018726968474237,0.013172927562657089,0.13003245452590173,0.2634845268938082,-0.10771914586273235,0.13436268337696,0.12955813948109207,0.07415881357979948,0.10288174792894056,0.04771473939237314,0.19111322424568256,0.020264808830504633,-0.016264520271870975,0.15559865291288832,0.12724381229567228,0.08353724277531538
DVA,,1.5607471557692545,0.42773723895983395,0.008998005357894634,0.5808674454555891,0.5203845684344952,0.2810523894114114,0.12322278344541893,-0.009317907595667085,-0.12031941371587807,0.18499096308447327,0.18300980384962307,0.09094833629458665,0.45798710379680396,0.14665700953132466,0.19520276377440138,-0.07961445668565759,-0.07904177605215001,0.12538946159526598,-0.2877508777235619,0.4580256532094682,0.564707496147171,-0.0310051051306508,-0.34361817188148336,0.4029731445714615,0.42754868272417745,-0.24032097430962784,0.6175513008114248
DVN,,0.8615488576839936,-0.3619016231098804,0.19257164180579855,0.25246891770872937,0.36787672780854463,0.615784420781559,0.08066486415971874,0.33523034737264723,-0.2546870350369522,0.13120923603848822,0.07818506383919255,-0.20289790557589815,-0.14930275561291872,0.2068061810796622,0.0035593919482124203,-0.4662272725840738,0.44887411938388744,-0.08740776879268974,-0.45087663858538396,0.16810302112004694,-0.3533660072559973,1.9589161245886344,0.5086408625169461,-0.21827000120542583,-0.2521013346443337,0.15034567755547878,0.18787297134479375
DXCM,,,,,,,,-0.33914211754304346,-0.1044624512003578,-0.6874292169523766,1.923912943010444,0.691449830820297,-0.31794866814662015,0.45972068099513597,1.6055923068307782,0.5546455654978999,0.48773846795519127,-0.27106227532760985,-0.038693489845397444,1.0874717603388997,0.8258764601087756,0.6902258020298779,0.4523152938282631,-0.15642055841795788,0.0958141882621184,-0.3732774684648814,-0.14658601502589552,0.2769322961096987
EBAY,,-0.47279083619342144,1.027273140106931,0.013751787916993274,0.9053373251662473,0.8006497436843714,-0.25700507863687283,-0.3042573348644195,0.103757777179738,-0.5793912981597978,0.685529577780102,0.182745578173229,0.08983125343740861,0.6815034318439135,0.0758825520851647,0.022781053458568845,0.16344368009675625,0.08042230293454344,0.2711348469971997,-0.2562267143133353,0.3058564740396592,0.4115885381738502,0.338116745392806,-0.36464994902713044,0.07651645250146011,0.4477958515568181,0.42746422368471704,0.2935228163240702
ECHO,,,,,,,,,,,0.3544048100303301,0.2398212614539732,-0.16139367697454565,0.634192864338903,0.45295149799432655,0.05591316081178266,-0.25504760955182215,0.3139861930973189,0.16559637893260448,-0.3869783049156381,0.45546141096131265,-0.5107365536329596,0.24351107679863926,-0.3669829197837219,-0.006594760691786661,0.38201569343922714,3.74672483663642,-0.17166510171660676
ECL,,0.11836336375410617,-0.04917412371447105,0.24467705332751422,0.11859329558726306,0.2971741903417273,0.04381017621717209,0.2588352830673155,0.14496510728008127,-0.30493783400866004,0.28729214066885267,0.14648404127087544,0.16259379580037958,0.25959368278039463,0.46595936793749493,0.013086542346625762,0.10721655819341369,0.03748473635232075,0.15803256148560751,0.11070933875854672,0.3226477589708201,0.13168513305939133,0.09384838016313668,-0.3709853230874077,0.37943750939467136,0.19290627658860116,0.13187226559117793,0.0921590992366359
ED,,0.19062409481078157,0.10936120014129846,0.11785068012978361,0.062479646252403764,0.07323523493506756,0.11334259732926988,0.0911921906001516,0.06622507755657181,-0.1573634656733267,0.23817497409577792,0.14938623837611908,0.3083541534354104,-0.06738674230295905,0.03766872460208592,0.24800137466372174,0.014230997988724514,0.18895820539687636,0.19301490841826197,-0.06621064788215525,0.22543157283422355,-0.16993395041550552,0.22961337004191273,0.15653127843611636,-0.011222038773574639,0.01545766124357617,0.15149121766917362,0.1049124464256439
EFX,,0.2352953048515105,0.43233546732015626,-0.03876016177018937,0.0625573574749545,0.15185337978315827,0.35895797021609055,0.07267187757169635,-0.09989836170023914,-0.2668479039491666,0.17182862475809224,0.16230984207383625,0.10893176223220369,0.41911099933015805,0.294966462759118,0.18652437019046464,0.3929314515107767,0.07343991620166124,0.009518399865957816,-0.19958435423545218,0.5231129713018854,0.3899774076538711,0.5284159672924831,-0.33093922198561476,0.28184662314417075,0.036715899643564365,-0.14185111543623163,-0.15345235082193842
EG,,2.231137163307105,-0.008743712374459589,-0.2137117579476736,0.5381010532987409,0.06395484999715584,0.12575799670508636,-0.016207490912629186,0.043008648474386346,-0.22339466210622838,0.15481720581878866,0.014034647156006663,0.014286908623108108,0.33304744298868005,0.4402807528705641,0.11440993521969456,0.09914908386549426,0.21110627029016338,0.04432388441992763,0.0007579693137222954,0.3016656445819066,-0.13032539276441713,0.19803209637862507,0.23735134236820654,0.08694080331947118,0.04586499437120417,-0.05299900111027023,0.11848707389657087
EIX,,-0.36967152117115176,-0.033599189040676936,-0.2152324452697354,0.8506331856620573,0.5215161069499188,0.3964307486114942,0.07035928894881871,0.19934257630308494,-0.3800115827874009,0.12514675401104713,0.15090130084605669,0.10912830211126923,0.12410388504635828,0.05467272696161718,0.4505196035221384,-0.06922280871975917,0.24926014259831453,-0.0947516067377494,-0.0665023299117673,0.37610929697229856,-0.12749405850885165,0.1358809712353184,-0.025792808617689733,0.17376288864294964,0.15244820054201202,-0.2041855591879701,0.18806537439240545
EL,,-0.1273200766914525,-0.26483567216856896,-0.16800452752449402,0.49894608608463153,0.17629394435646062,-0.25983446671897814,0.23393250139060195,0.08195366944175975,-0.2752978402892545,0.5801018339267028,0.6854688395719846,0.4051158357615179,0.07912211050728546,0.27205302156539357,0.02339992026706139,0.16986748830366416,-0.118993702811108,0.686845952916824,0.03375795795956038,0.6034416195537884,0.2977410372623497,0.40034995361840053,-0.32312564833375956,-0.4013202366603419,-0.4759314597904811,0.4212712711407989,-0.15040212832861322
ELV,,,,0.27070730218712513,0.19236876860187513,0.5333335348272479,0.3876517145526863,-0.013785939961194815,0.11488166813632383,-0.5197768989046705,0.3835749657221743,-0.024532391494257122,0.1823891587696469,-0.06291091970617557,0.5462687120181715,0.38212849107136493,0.12874680810045236,0.05146990779968719,0.5871849370391693,0.18109917114798768,0.16334805652231088,0.07743378998264872,0.46117247558280217,0.11827757278530071,-0.06889256307283309,-0.20719060128577516,-0.03135398456035199,0.1360545623680045
EME,,0.3972604712289727,0.7803920295732354,0.167621302046999,-0.17185470297460637,0.029157299260989866,0.4946884655815573,0.6836963095100062,-0.16869002998064186,-0.05078254984941666,0.199286399335183,0.07732366062568596,-0.0726788733854602,0.3122039152239193,0.23184763443606138,0.05600112799665791,0.08750710464350475,0.4824245878322633,0.16086875061697214,-0.2668129631782845,0.4518410310283971,0.06474421882139714,0.399267856067383,0.16810760369013789,0.4602941924986419,1.1127334890205978,0.3505124998658924,0.3374150331473649
EMR,,0.4077847404065169,-0.25680906942894755,-0.08277978860482182,0.31319004883997104,0.11096494921527067,0.09224057526250862,0.2067450942200495,0.31444926751862035,-0.3356928350679942,0.20714162234547184,0.3784494911980181,-0.16231903844485362,0.17362723176947004,0.3616298617255349,-0.0961953657319049,-0.19717166169482991,0.2100630639768164,0.2904979468589244,-0.11872541864398922,0.31534904556774435,0.08608670097517179,0.1819495417202166,0.057356132542113025,0.03753431478349545,0.29731242506065136,0.08916882849873664,0.2018552303400185
EOG,,2.126097983642879,-0.28112425755204373,0.025223470204922327,0.1618401913512153,0.5521270529816129,1.0624687391952898,-0.14617514658184905,0.4356069034195327,-0.25039342668121567,0.47346249479138347,-0.054893729603988195,0.08488131194088022,0.23433559483760047,0.3967212844934982,0.10313499278550098,-0.22518714317396216,0.4404525227482341,0.07475474208307298,-0.18663528182758193,-0.028214212990274823,-0.3863555925783684,0.8862109165410945,0.5688381201154888,-0.02026003458693082,0.043021557071138306,-0.11370954861821503,0.3150929277454191
EQIX,,,-0.33714309213390237,-0.9385775692225936,3.9491219509420867,0.5150655876309567,-0.04632667060465756,0.8552504838869048,0.3365510510144907,-0.4737311370606089,0.9956762529553893,-0.23447940666232503,0.24784629991622453,1.0335296655954225,-0.13942748224861334,0.3278555660612186,0.4230280859931743,0.2069199852267587,0.29195642203645655,-0.2041391594636841,0.6886132327574257,0.24220157242349916,0.20276623402801208,-0.2112627089267921,0.25405223592338744,0.19450898484415946,-0.1687992630089603,0.37502276976079174
EQR,,0.38615421269459205,0.10248714963026195,-0.08715761218944207,0.2787189179527645,0.2958753625387909,0.13340192361095116,0.34695881889169033,-0.2489536163692483,-0.13997122670798134,0.21029749553869181,0.5883484235801535,0.12922352755410738,0.024423967176013806,-0.052748824373492376,0.4295783395167836,0.1693988600086671,-0.04546820025762788,0.02193741195842236,0.0707908257014842,0.26168127393119045,-0.2360799596668749,0.5733560993961764,-0.3245890935757545,0.08341560754761734,0.20812077139628893,-0.08567871356271517,0.10009150745152207
EQT,,1.0514906148117813,0.03999233175151473,0.049090556730319035,0.25545716738429736,0.45518357737698834,0.2407562819305673,0.16520374680343997,0.298640684975374,-0.3588567883551186,0.3396766849755697,0.04332648546730655,0.2416887991858423,0.09424545170974752,0.5246449014585552,-0.155786104912904,-0.3103015889305478,0.25686495814498156,-0.1279638057893372,-0.38818009694460087,-0.41821712846342063,0.17271833815599735,0.715971771073586,0.5764026142887251,0.16198069145059102,0.2141356586627332,0.1764027611295873,-0.02714898892648121
ERIE,,-0.06295325258848816,0.3160748090981329,-0.04198293706804146,0.19855020132871992,0.25704435321992536,0.0372757250552227,0.12025622717527096,-0.07914052945786576,-0.238445360884056,0.0901753366462259,0.7296409941960962,0.23002812385442484,-0.05196239614428,0.0813201389889624,0.28498734268430415,0.09575761416010398,0.20236130858251666,0.11233203417080095,0.12537196238253578,0.27075359727591497,0.5239153620193508,-0.19979005553124518,0.3203008287849092,0.3734935029092534,0.24671748338709798,-0.29404508666058604,-0.1040370040117593
ES,,0.20190260934175774,-0.25585510059513805,-0.11334111970669591,0.3763500206599888,-0.033723904115709025,0.08195928380657636,0.47781391536190965,0.1412154778597372,-0.20632941086939904,0.11777797570547488,0.28234551493491433,0.16801691467554303,0.1228165674524726,0.12413092674733406,0.30619136221236065,-0.012820762060105295,0.11762794802983279,0.17969873171836426,0.0640852680043138,0.3448915470169005,0.04449082941777127,0.0818525796277223,-0.050596026436584784,-0.2342674481188518,-0.024604971343100246,0.22859021572463578,0.09850593872613023
ESS,,0.6958151174580787,-0.044394668441454455,0.09170445536973859,0.33113179349688515,0.3641686624043434,0.14421574036911,0.44348785817008274,-0.22084784730277018,-0.17939495376202697,0.15560189106420008,0.42118663123864497,0.2704753879261921,0.07499799620615022,0.010765248443642017,0.48012574769176486,0.18872634472626282,-0.0008668136420995065,0.06821156040716936,0.04827322112808874,0.25920292576936865,-0.18092127578473216,0.5240054266255791,-0.3775985660142255,0.21973600417073968,0.18359665158565996,-0.04982503088277668,0.13380415534544232
ETN,,0.06090383137877886,0.393187089810479,0.07519726633120416,0.41332825164047926,0.36392442751374254,-0.05452912930462994,0.14417213819444474,0.31534384308413244,-0.4716158269034524,0.3331456523482268,0.6408725203517647,-0.11814324079870753,0.28589694564670465,0.44175283391939835,-0.08221822391811107,-0.20733763565646024,0.3381728246976352,0.21540567988141213,-0.1158559808559968,0.4276468790394534,0.29878144083116687,0.4670214128462027,-0.07182532323974655,0.5622374297104573,0.39511319848886983,-0.027895809011990735,0.4204680748569638
ETR,,0.7141483354540761,-0.04443511208964468,0.20234237859837645,0.2939391821993982,0.22138818679865802,0.04660218763208368,0.3839054642284474,0.3252636590967912,-0.2827308153683231,0.0242289087670311,-0.09698871846170942,0.08362594495526898,-0.08360828554858346,0.04359723995117171,0.4476656516572961,-0.18146828858739206,0.12544752062174025,0.15911335814814676,0.10603083335867836,0.443094152553382,-0.1372944988056265,0.17119854681241953,0.03552808383135586,-0.06086429950825467,0.5595583665811477,0.25344444433973345,0.17357587056052592
EVRG,,0.5879361425958447,-0.26388566996551355,-0.37216041871927685,1.1459686822830562,0.17388170617991094,-0.021833754144341855,0.26070919386624025,0.04194717329539155,-0.16583243628178712,0.1292972708523299,0.2221404645828413,0.2012732373648436,0.04161062716203201,0.17387561206970137,0.33217465109649,0.06866734628465476,0.3680237307620342,-0.03452751176843927,0.10943101784886311,0.18379945651072682,-0.1167010823892416,0.27992526329816547,-0.048920020150348575,-0.13276874450773102,0.2341623082055404,0.22441137961732083,0.16964289918802966
EW,,,0.5566193902202359,-0.07817592443503085,0.18099739284081506,0.3716752857194354,0.008482871374471346,0.13049750789841053,-0.02232145246541839,0.19482502595698703,0.5805277173494818,0.8616004150179686,-0.12543299338453917,0.2753889696432097,-0.2707108466756257,0.9370437471116764,0.24006916407457113,0.1863762570315668,0.20288151725450265,0.3589743876126412,0.5230789679681243,0.17317501841532823,0.4200372496414235,-0.42408337435126586,0.021980959338323558,-0.02911477010758201,0.15156019729451753,0.0524340319144061
EXC,,1.0605257459407325,-0.29579772976316976,0.1405371869048222,0.30143298735046264,0.37568918992843114,0.24580527889699955,0.19767057409895838,0.35162140196934066,-0.2987424505071511,-0.08413527606278681,-0.10461877110926743,0.09451274812663857,-0.2736798133898971,-0.03511894737957766,0.40533716041841217,-0.22154469051378045,0.32720991167897795,0.15084246590959594,0.18328491760073562,0.04275521630768364,-0.038650722849772,0.41482753437108877,0.08290666038494421,-0.13963370976224032,0.09217337807815262,0.20017574470696853,0.06522481697276783
EXE,,,,,,,,,,,,,,,,,,,,,,,,0.6234365314083223,-0.14772795861313937,0.3317520403365497,0.14353452119107768,-0.1490441477014265
EXPD,,0.22911268906232363,0.06459345852436993,0.15113500856480933,0.15854152605701022,0.49043977192260546,0.2141494291430044,0.2054096489134405,0.11024535998854912,-0.24904303924868598,0.05741161009396989,0.5847787049072921,-0.24162157953482755,-0.020044077089088397,0.1352685002446865,0.02240417058983346,0.02630497295858203,0.1929982933980241,0.23933582457587144,0.06519729539224373,0.1617125619997859,0.23469979050751189,0.4250432992204518,-0.21681731900016765,0.23855078623554604,-0.11858697230524562,0.3616084367304082,0.20549604897435558
EXPE,,,,,,,,-0.12437389612751071,0.5071496576898316,-0.7394054909992223,2.1225724547634175,-0.013120547415122141,-0.2047278382761215,1.1558554142211293,0.14489078194762217,0.2354226321423949,0.4675066702610864,-0.08048385283026038,0.06664232995096264,-0.0496111907928265,-0.02899264914107247,0.22888774612523188,0.36495475201026006,-0.515272265584163,0.7327627192530759,0.2275511122111593,0.5327477171356534,0.10132023912295618
EXR,,,,,,,0.2293895211519592,0.25308152360047464,-0.17052552642980545,-0.2220877335642646,0.18519395305591724,0.5477740494479044,0.4300906934725419,0.543805485428174,0.19858499262536866,0.43974263352238396,0.5523710060621716,-0.09184947777639818,0.17829530797728332,0.07285432303197203,0.20707197746294126,0.1363796450459438,1.0098224865194187,-0.32816820520942724,0.13861182798081906,-0.028134989483679318,-0.08915972294831154,0.1743082604222559
FANG,,,,,,,,,,,,,,,1.7656910617694037,0.13048415455661422,0.11910330189718699,0.5106127303835497,0.24925788830661078,-0.2634844774406314,0.009166527321312845,-0.46000472625879185,1.2750981790107652,0.3533759474779514,0.19660454066888322,0.10346566884939201,-0.056350591801108796,0.2652457921356004
FAST,,0.22345052502793616,0.21243762793086374,0.12730073370355788,0.3377515153199564,0.2462607745024774,0.2844591576983073,-0.07362025727120713,0.13860732121562291,-0.12103448600852984,0.21853151509813462,0.4766238126103044,0.48483624533559544,0.10051809140901669,0.03530995528991743,0.023393416980481474,-0.11812516888674773,0.18534181330676835,0.19663699861800898,-0.016074984623665745,0.45075225297689125,0.3660231476407312,0.34057187297425995,-0.24339663537065415,0.41306122607623497,0.1352576993227006,0.13982871697199317,0.3130360535636161
FDS,,-0.06560457695295774,-0.05267113390194256,-0.18589882234658384,0.3601282326554791,0.5409335072352683,0.06275963986977295,0.37923288761992,-0.00686531940913282,-0.19538454011882722,0.5105449941810694,0.44080183929240513,-0.05876742692963577,0.02175925740165674,0.24929885907331695,0.3130404835007605,0.16725085993129873,0.017470810638209322,0.1944125233473093,0.05020087359524572,0.3550831617955541,0.251264130321881,0.47491104925524774,-0.16749383430259113,0.19985767895576978,0.016185218763012044,-0.38876477737840476,-0.00601623335651813
FDX,,-0.02387760747521528,0.29829877788827286,0.04813496023257691,0.24911248069603742,0.4639832610568235,0.05331635028589976,0.05397036413858913,-0.17608389438745797,-0.2766832835120595,0.311290901660666,0.12083159072220595,-0.09661037630098157,0.1052908030631694,0.5757962293686654,0.21389951845031807,-0.13697353795118616,0.26069436559301873,0.3521299791778809,-0.34673804672747566,-0.04777735610780898,0.7427153535762658,0.0072040282739214145,-0.3163844604108458,0.4912847402475675,0.13493672679779656,0.051060025007121146,0.37934769811676783
FDXF,,,,,,,,,,,,,,,,,,,,,,,,,,,,
FE,,0.4775867505524318,0.17385071255069873,-0.014416338777236914,0.11709728867881153,0.16626242372153555,0.28720206757446354,0.2728661018788523,0.23694923309148463,-0.3064910389911738,0.005301526759631914,-0.156361630532451,0.27842192323465587,-0.01102845995146673,-0.16565310097315133,0.2354322170153207,-0.15196893906137077,0.019422736297241006,0.03613638425544918,0.27852886576643,0.3413160352961111,-0.34181920514955155,0.41805139164327465,0.04786963602479277,-0.08864498076190996,0.13242652120128295,0.17260567420236828,0.09220735233207877
FERG,,,,,,,,,,,,,-0.04032252863915908,0.5714287901529693,0.2134319645902658,0.08394696824045123,-0.010996900663193587,0.11760059660020761,0.21877476415919772,-0.1483120491389064,0.4956648658397196,0.31931864782847064,0.5642292411804768,-0.2717092874889313,0.5509853125225579,-0.08620647652858782,0.29897725425348476,0.16640335098955905
FFIV,,-0.9166666666666666,1.267368517423931,-0.5013927894786616,1.3370578134431854,0.9410358757074382,0.17385051711383404,0.29760449145761925,-0.23137041343176468,-0.19845721446583475,1.3171478480502326,1.4572399596478927,-0.184695760903129,-0.08452695993726811,-0.06474524772757528,0.4359454143107153,-0.2568406669939777,0.4925742841088665,-0.09328358130271175,0.23479650413029196,-0.13812260107029062,0.2598640181239238,0.3908719070034319,-0.4135507720587891,0.24716049458850442,0.4050173607307237,0.015071353512288388,0.5679308140689074
FICO,,-0.036011387647464255,0.8558943606270641,0.018244002279848903,0.1530759939818389,0.12173089244928126,0.20670571795674175,-0.07782897569994829,-0.20743186130985247,-0.4735305769334074,0.27006487744571617,0.10053600049617595,0.537957603360409,0.17496352792535186,0.4975048631550305,0.15208908431432389,0.3038145253728206,0.2667726148166658,0.2852168916271831,0.22062665616877886,1.0036363244694186,0.363937275901294,-0.15139713882183548,0.38026609762260977,0.9446188922656822,0.7104062997807157,-0.15083908047597938,-0.3840129494375958
FIS,,,,-0.28258355124875123,0.34019935252988387,0.08921681946756821,0.14760307725320065,0.08747543348182774,0.04186566035915784,-0.29213636127920295,0.4546161126726731,0.1774362634521791,-0.022239827348600083,0.3413395522321505,0.5730134146828814,0.17851263805696527,-0.010017789268148336,0.2664772621101015,0.26036458997975265,0.10320030519142698,0.3718807404536628,0.027109620697926884,-0.2190101656404304,-0.3646222399873804,-0.08212862713450897,0.36960924334388534,-0.15847012306493358,-0.3435101304817574
FITB,,0.2433272438712213,0.041177482352146466,-0.03034750329407343,0.029951587127576174,-0.1787635268811515,-0.1725010244696248,0.12993202802692916,-0.35469130343802724,-0.6562288314720677,0.18946329124524652,0.5101823558529335,-0.11323231582612325,0.2252692647283474,0.41969403648485604,-0.007362313210057314,0.012314591732463631,0.3785305721626655,0.15019234207881782,-0.2031547080099919,0.3520022541468315,-0.054252079480035964,0.6245666567881143,-0.21938637682243511,0.10411215058044232,0.27197368520457577,0.14753547183212423,0.2393594697067567
FIX,,-0.7118643571857647,0.7411760602654145,-0.09459434999633565,0.6358203565850671,0.4014603916190753,0.20098045827064492,0.3893627467337155,0.022769706170366666,-0.15246720726306928,0.17907766641693534,0.08683072095469169,-0.1701914680780593,0.1565025646029159,0.6167142862496613,-0.10400730952128867,0.6772017755437778,0.18258529848631921,0.3213487339686003,0.007332374404082076,0.15070968195969048,0.06726328017755501,0.8898285269768833,0.16976827125279947,0.7961571044209921,1.0688769213432852,1.2086384582855945,0.8173287765339188
FRT,,0.10772553498413973,0.3226208004404243,0.31347763129846196,0.44541127566341987,0.4051970522864854,0.2231090541823615,0.4489930953433323,-0.006081953114893457,-0.21679579085202982,0.14364838087736076,0.19141243520540585,0.20210469205608605,0.17843219949876343,0.0036348757642974405,0.3521670265801018,0.12341009321647034,-0.0021947535803791274,-0.03587542184134074,-0.08100394796754318,0.12512786475480642,-0.30655838726361584,0.6596729283236324,-0.2266206820929002,0.0655171854086889,0.12071446592751323,-0.05905105103163466,0.2147557551603907
FSLR,,,,,,,,,7.952413313753608,-0.4835666723481101,-0.01855619522179608,-0.038847819379203896,-0.7405870717698917,-0.08590041040766072,0.7705767436478987,-0.1837481886471145,0.4795964152792487,-0.5137141810667303,1.1040821540046415,-0.37114927139391596,0.3179463092578554,0.7676912042050561,-0.11888389329275018,0.7185634120303537,0.15014357768347764,0.02298587614305858,0.48224014323728914,-0.042797563313487164
GLW,,0.23272377829523072,-0.8301884570936374,-0.6289238032610363,2.1510579414414677,0.12847579454023883,0.6703477846358277,-0.04832146309827179,0.2878844566934786,-0.5980520287027038,1.0556933435433096,0.012275857769301624,-0.31921037333000046,-0.0022887966444542496,0.45029973066233153,0.3121279194854334,-0.18323695332493728,0.36232409962534873,0.3463319184749536,-0.03284006101886361,-0.010239195159087444,0.27574512549287444,0.05921689761156501,-0.11563597447966312,-0.012316083441056724,0.606438118959566,0.8776113505508318,0.8986252021157302
KO,,0.059802842939006506,-0.2089429977318883,-0.054965997275717715,0.18127854304926316,-0.16125271663972296,-0.006611310596387532,0.23104575465693378,0.30454206668882744,-0.2409894167001384,0.30298337963812516,0.19020048738748696,0.09458642881210522,0.0652761751144657,0.1723297971341744,0.05266081613157603,0.05139856536504572,-0.0035709720137397927,0.1438210503042212,0.06773493317091073,0.2059942795426266,0.02469116316354092,0.11372479553182702,0.10609568179380457,-0.044345205176602454,0.088775083037403,0.15600036103086068,0.2618286433699082
STZ,,0.15196019384851978,0.4587234840181835,0.10665092834337164,0.3888660392538603,0.4123896148385351,0.1279294036313563,0.10636716387278633,-0.1853897448204721,-0.3329101708091198,0.010145755146819813,0.39045850420994554,-0.06681734399216366,0.7121433623107045,0.9886981487908204,0.39485554787581045,0.4618825113501137,0.08667979846092799,0.5069224508794332,-0.28725999008138825,0.1984634400044163,0.1741151355032704,0.16116747887891614,-0.06428061452348621,0.058335969112693675,-0.07108055627583998,-0.35990041618573165,0.0049232067619207065
XOM,,0.102373088595765,-0.07596968818974048,-0.08873180381539902,0.20641614979627265,0.2806224848340042,0.11786270159010726,0.3907969006453118,0.24287838204811107,-0.1310750484142753,-0.12605012905461976,0.10128996488481246,0.18667592028294644,0.04701328441069097,0.20118430379945984,-0.06055976105953509,-0.1279176810304148,0.19882087194694864,-0.0380691263219497,-0.15093334708999873,0.07232849575483713,-0.36210995714208116,0.5757549328152944,0.8740911773633757,-0.06261541575163088,0.11261603107897966,0.15977171105080257,0.2888959625864511
BEN,,0.19651321212109796,-0.06894958882130875,-0.026076642626022162,0.5389609977815553,0.3462043066242009,0.3972254444233483,0.17796209045678313,0.04414044117002658,-0.4372013239831303,0.7180414446321486,0.06487214880350045,-0.10917195393430057,0.3513713901558866,0.3889211194438118,-0.02348169673039968,-0.3251436257787954,0.09753095521340627,0.11580814707074416,-0.23338178595088577,-0.09286121841194683,0.014598800411310675,0.3888109309400314,-0.17515719494610582,0.1696272030644015,-0.2720774123789902,0.24758089088298751,0.4486154939754088
DOC,,0.39145544971712853,0.32503081332592854,0.14418826690552966,0.43834968377291816,0.16256641889371948,-0.016357957358533404,0.5321554436905902,-0.0036083359743006582,-0.15380110219573362,0.18476929942619313,0.27600233738717894,0.1861005886463596,0.14149297166025687,-0.15818294882159067,0.27802058341768743,-0.08003328951464761,-0.09447616282228066,-0.07698603983090369,0.13688791035344772,0.29156367614296474,-0.07685391375272688,0.2373678444916152,-0.2752569460695604,-0.1640248456848703,0.08790427170208481,-0.151594432066936,0.38404427755639925
F,,-0.16604696019572318,-0.3003910886652873,-0.388675960369797,0.7863767192742372,-0.060021023336663815,-0.4512588473300413,0.005373757943334834,-0.10386155751522907,-0.6597325011592114,3.3668109694419845,0.6790008013820401,-0.3591425632154298,0.22600476340906006,0.22316537559151506,0.03696812492817836,-0.054032627158295266,-0.07905722227048417,0.08732727619410441,-0.3434801936584143,0.2963971572530837,-0.03876450933579989,1.374810442151138,-0.42180239547197507,0.158207130113301,-0.13101686467033424,0.4234514450567082,0.09066575578778724
FCX,,-0.5946742720778755,0.5637954307588258,0.25317359512010795,1.5384449630651238,-0.06625014568651366,0.4914114087726069,0.11557996421128469,0.8687343281933875,-0.7551918649016219,2.285188015060052,0.5265584483134202,-0.36849043861473374,-0.04009917265450469,0.19949573555921618,-0.35811108670041103,-0.7013826107556123,0.9483015954286593,0.4374521833609255,-0.4510619454298319,0.29587907411810455,0.9905877516725965,0.6141012787433275,-0.07343634162706969,0.13685954831457647,-0.09412789846940084,0.3541073089387925,0.38052636121529515
FISV,,0.2381728584240832,0.3381818085319912,-0.1977788041645101,0.16465390359254584,0.016438990797453146,0.07663602727788632,0.21146285219278083,0.05856550203659139,-0.34456662764891666,0.3329667573824149,0.2079208318117427,0.0030737756310552644,0.3454204378796959,0.4943692306504148,0.20186286431247624,0.2887135058663668,0.16203804770582209,0.2338163943257059,0.12087234236657962,0.5734113568456558,-0.015307417496406517,-0.08844194309541142,-0.026206775187495035,0.3143365661323272,0.5463716036730446,-0.6730113972949112,-0.21974093678563167
FLEX,,0.24081639399721322,-0.1582456953029544,-0.6586077442588961,0.8070819383962404,-0.06621624209986987,-0.2445730736764954,0.09961682085009516,0.05052270185798591,-0.7877279756540544,1.8554679073430198,0.07387139245064489,-0.27898082446188954,0.09717314862917958,0.2512076753219321,0.4388674895950406,0.0026832994633514407,0.28189108168929744,0.2519138107275207,-0.5769872325398413,0.6583442681032352,0.4247227199701087,0.019466081831377657,0.1707583033475748,0.41938500161994385,0.6724729619551217,0.5738473334083223,1.00844094921692
FOX,,,,,,,,,,,,,,,,,,,,,,-0.19414425130586122,0.20189848109971353,-0.15795294794600245,-0.01222682667175723,0.682542965087555,0.4340873872150741,-0.11694915494508451
FOXA,,,,,,,,,,,,,,,,,,,,,,-0.20220561204773257,0.2823956096336704,-0.16614116245868926,-0.00828728955144109,0.6630800869448181,0.5183389694797376,-0.11941845906257043
FTNT,,,,,,,,,,,,0.8412065744365342,0.3483771653806189,-0.036221914898012963,-0.08991437234153932,0.6027182460069718,0.016634089533408725,-0.03368624177218815,0.450531154151697,0.6120394344006199,0.515831223347593,0.39125142244959776,1.419713147755186,-0.3198386024239356,0.19717732685612455,0.6142150235334174,-0.15950464817292243,1.0103260550008129
FTV,,,,,,,,,,,,,,,,,,,0.35494467991283885,-0.06144204653560581,0.13327409609804297,0.11234645259204701,0.0813898475579089,-0.15405293305153356,0.15084854279612703,0.022826905641882833,-0.018774154547526067,0.12005661452768335
GD,,0.5062099982137804,0.03650642174207386,0.010234144367681441,0.159527884813222,0.17413130448059344,0.1059184429566522,0.3217181555084092,0.21353729710304337,-0.34168636997957424,0.21637351012539918,0.06684974446236414,-0.03861327297671513,0.08222214933154937,0.4098365758016702,0.4725983302367016,0.01769151512724343,0.2845626318095076,0.1985450446932957,-0.213409102340829,0.14795167089481276,-0.1314010033317914,0.4377502024158384,0.21688177569187217,0.0712587732911314,0.03521719488316122,0.3039396891440782,0.17988640234634645
GDDY,,,,,,,,,,,,,,,,,,0.09014345807408719,0.43862654311049853,0.30509157397994024,0.035050218319033544,0.22128974064326412,0.023025964223978734,-0.11831252466786601,0.41887201410204167,0.8591747203154325,-0.37133300450566065,-0.2660380532648311
GE,,-0.06025044118950984,-0.15059718821081425,-0.3768260029252022,0.3073433204779552,0.20671990778553062,-0.014315881429016408,0.09334880251289368,0.026843661049452905,-0.5394315021480713,-0.018618424872831718,0.24290305687063762,0.01338152169490514,0.21588535673462195,0.3785938351103859,-0.06663865502133248,0.2752958651103148,0.046169857215164534,-0.42916189439974317,-0.5538978469041698,0.5393666305863889,-0.02734719406040753,0.0968528157742734,-0.10923231686339985,0.9571233611235133,0.6482550717761917,0.8573370675789849,0.2046913577058178
GEHC,,,,,,,,,,,,,,,,,,,,,,,,,0.32602328802564484,0.012586398017251144,0.05105077496507837,-0.1237013583739941
GEN,,-0.430703359940258,0.9874150677424525,0.22146833896582074,0.7032824157444071,0.49333382475109544,-0.3206519107396413,0.1914282396646929,-0.22589922235416393,-0.16232973243261373,0.32322471529332586,-0.06428153928833191,-0.06511321680990456,0.2025557179387234,0.27688432501945126,0.11743880296779863,-0.1593043688481437,0.4391904103880413,0.18685749293648857,-0.317383728825256,0.37137892571479814,0.4435565627847602,0.2759187851501883,-0.15814792480515838,0.09288252813211129,0.22406935059116817,0.010584014172683842,0.08432566608102299
GEV,,,,,,,,,,,,,,,,,,,,,,,,,,,0.9901672930617569,0.5180550030294853
GILD,,0.5323328724168437,0.5848076817396501,0.03469289321190416,0.7141167727467264,0.20075531792534873,0.502429274788543,0.23511526652343817,0.4172176439302817,0.11149792699544814,-0.1538910412374921,-0.16246825095977702,0.12941457051556848,0.7945282642476879,1.0449272775167087,0.25512733967610934,0.08632099319865394,-0.2759452333368472,0.029573729360002243,-0.09919896311560461,0.0788065351634688,-0.06700404539776994,0.29954957487243594,0.23629544719007334,-0.019927831442209443,0.18682529524055114,0.36593447735335083,0.09863916150033458
GIS,,0.2851043354178737,0.19760463874779033,-0.07563562061877904,-0.012056742667402753,0.12580800110034707,0.012064823319410056,0.19936853417443956,0.01594509159454205,0.09490809687053225,0.20227300481141053,0.03504710415925838,0.1719344519569308,0.032710678741699306,0.27301091658173515,0.10271739446926964,0.11544133964134717,0.10309262385971185,-0.006509416205539464,-0.3157017926447725,0.4312814771596758,0.13596386840849228,0.18526023411941828,0.2809235185756338,-0.19965410353897295,0.014458228843000187,-0.23745514779628407,-0.16775293623254983
GL,,0.34091233239496166,0.03165047867187365,-0.06233483771254489,0.25924299132328943,0.2654896351307867,-0.018870781897247224,0.15606312516027643,-0.04302578391341516,-0.25228035553411454,-0.004581681124884884,0.37588316039521463,0.10158461265405916,0.20477429362534338,0.5320934725711697,0.049662561553881934,0.06278996291284167,0.3027383680788194,0.23930758107866024,-0.17230650045293683,0.4234226573910824,-0.08922809250942687,-0.004843251474936583,0.2968623776051267,0.01771822211195806,-0.0753084766789307,0.26466677457983967,0.3226186474744457
GM,,,,,,,,,,,,,-0.45008125989608916,0.4222994144835712,0.4176200561321304,-0.11563325362659782,0.015181015101184636,0.07456454137260482,0.2251153726426065,-0.1505641090997446,0.1401836199097799,0.1515838547897228,0.408021086224011,-0.4236434831630105,0.07921883868331947,0.49842874644187707,0.5423712121636093,0.08186994567789174
GNRC,,,,,,,,,,,,,0.7334570426410445,0.6307053200601189,0.880559231905671,-0.17443504898626305,-0.3633447064506321,0.3684918055767874,0.21551297048516216,0.0036349011209986237,1.0239435572181939,1.2607616258203174,0.5475133360915143,-0.7139690843903097,0.2839260956813656,0.19970594600414904,-0.12047731420124297,0.5562074416614524
GPC,,0.11047822983194044,0.45545391835582216,-0.13144285417631918,0.11929740786015053,0.36889605442290163,0.025594137861729704,0.11381954698314822,0.005793234060545105,-0.15035026995993173,0.05207570049596444,0.4051844724611351,0.23258497502831554,0.07261770356443287,0.34549014315350024,0.31410656920730107,-0.17141036495262396,0.14299689315503405,0.024503233929351165,0.04110577856183051,0.14049849512999635,-0.021940949767951246,0.43389720910340546,0.2682197332608558,-0.18124541343109668,-0.132235111151366,0.0869789578179343,0.12527351217227278
GPN,,,,-0.06448371838580125,0.47908084459458355,0.2465792205092856,0.5961814123222156,-0.004830263338605367,0.006776855302101259,-0.2938176089999017,0.645886037429029,-0.14037492782221572,0.02702398780136206,-0.04217096132207865,0.4369150460148361,0.24358517506983612,0.5993473560606517,0.07660106283346657,0.4448529865286237,0.029184024397974184,0.7725193480249715,0.185129507507656,-0.36910279229573395,-0.25910528430444635,0.29016392109891354,-0.10966823848181562,-0.30105866602183384,0.12059539293880972
GRMN,,,0.07949363892817152,0.374296928103369,0.8762400613897647,0.12639662342831048,0.10009350515097815,0.6952103236337843,0.7559499343591236,-0.7932103822877261,0.6401062047820916,0.05140743939354575,0.3461482599976118,0.06732776606123902,0.18640078400547289,0.18345021155026875,-0.26120531220776433,0.36600885461540433,0.27600936021230327,0.09836258125037678,0.5812901951754026,0.2585885148394864,0.15902980736481642,-0.3019551365518539,0.4311709971156119,0.6325343778233634,-0.0005838912566017429,0.5452986775248085
GS,,0.1411385238687337,-0.12812217872309528,-0.259876982794084,0.46295861576884767,0.06491603226930875,0.238827727650325,0.573931678052167,0.08592020229544195,-0.6041884879676293,1.0254827041422496,0.005424511992788927,-0.45597690519209333,0.43391978230344685,0.40793656690019,0.10785245143193323,-0.05789593307936691,0.3492311121483809,0.07734076882244234,-0.33525248902605964,0.40478983946735325,0.174537173519699,0.47611251323807635,-0.07871007815401276,0.1590555046826705,0.5203128611793302,0.5663771548656784,0.19418324536852682
HAL,,-0.08848687146480128,-0.632708686658587,0.47081068961074024,0.42053246092698604,0.532881964150985,0.5945827075945351,0.011061350106720935,0.23335296139417316,-0.5149753871492044,0.6823134164558291,0.37324375041971125,-0.14759262282001373,0.01631262625593166,0.47993610226778616,-0.21593637409477462,-0.11933271577076687,0.6166358257044067,-0.0817908614104268,-0.44627151297342593,-0.04897989714445328,-0.21227810540510628,0.21992308327504206,0.7445349696627501,-0.06472738674443135,-0.23192407610887034,0.07023271877274673,0.1387409839834981
HAS,,-0.4284904123361801,0.5409337761863044,-0.28177797265400495,0.8559843195609937,-0.07893865097676833,0.05905893492942038,0.379575917394398,-0.04184819405965834,0.1683249078730107,0.13272275857898497,0.507790907407881,-0.30530176106641427,0.18111788059115974,0.5703794196588048,0.0317270501734066,0.25701943757334944,0.18377152396277663,0.19582495521614152,-0.082003787255997,0.3340602897445848,-0.08423081901544371,0.11900489705666017,-0.37928722841277596,-0.11948489074023305,0.14760916719967487,0.525175352126777,0.15775580070191553
HBAN,,-0.21976061024491444,0.11117552950649423,0.12489972335496624,0.24290678787164555,0.13559402868025572,-0.005122200730025006,0.04252738481142626,-0.3424619090982056,-0.4418904997729436,-0.5162713971554579,0.894922911398923,-0.18560543489945913,0.1937020181938478,0.5455302492407708,0.11377458163078158,0.07511383727865972,0.2290771465662802,0.12998751400133957,-0.15255720448000876,0.3174248797173802,-0.11062879626415911,0.2705349691917096,-0.04369931071571864,-0.04720372990468624,0.3371388328173126,0.10777298354762554,0.03104559435431553
HCA,,,,,,,,,,,,,,0.7088184823069856,0.5813725474137554,0.538251326264011,-0.0784845577177743,0.0944848811488086,0.1867061603332334,0.4337103814228187,0.2024471275778943,0.11885763353800582,0.5758171375815913,-0.0564159967009733,0.1383482793876789,0.11753656051596395,0.5670884790361448,-0.11150133537381124
HD,,-0.33316068798084564,0.12189753164863193,-0.5262422203016843,0.4903864316543778,0.21464050345944297,-0.043463982093260634,0.010063974038990287,-0.31142560147589327,-0.11387180372285244,0.3056161127909691,0.24953873924279968,0.23496205192783504,0.5034106993947558,0.35896357617375996,0.3023732399884249,0.28523999197682515,0.0354144431727863,0.4461280121601794,-0.07295497503902326,0.3055983361718839,0.2450165872732939,0.5950603436197432,-0.2197620659459485,0.1276939012411067,0.14995752067016332,-0.09334718664992636,0.04819163098621959
HIG,,0.519748056214298,-0.09618687701114348,-0.26318524881426586,0.3304040646511244,0.19497710683557012,0.25832381568981444,0.1082789240301456,-0.04549408791638576,-0.7980355746484069,0.43739279308777657,0.14895250768740054,-0.3750746820424994,0.41006881814027096,0.6416201834956912,0.17126509465183348,0.061265079062199135,0.11809341846457522,0.2024569949793933,-0.1923935098978622,0.3971490634585306,-0.16982095795068597,0.44230505239947937,0.12314358230601896,0.08546641572212743,0.3854120898730262,0.28086748607387957,0.049168235112059255
HII,,,,,,,,,,,,,,0.3889283444674927,1.0937139087785472,0.2613746388219014,0.14347169478586475,0.47173412964182315,0.29478808672523593,-0.18213170564747205,0.3400313080724109,-0.304576802014932,0.12114372163755305,0.2632799445404783,0.15159523537856212,-0.2566563266696422,0.8417382084123068,-0.038728030891437726
HLT,,,,,,,,,,,,,,,,0.17258388242081701,-0.1750987318058389,0.2869905007451292,0.4445019704880031,-0.09399432788015882,0.5548064988515722,0.004695019582772408,0.4020312581550938,-0.18717918239288633,0.44679571955177666,0.361133214697561,0.16485463431601421,0.10669342607887833
HON,,-0.16628665969967815,-0.27038733223424927,-0.27291394238267996,0.4333243626801093,0.08234932763620506,0.07544953094517082,0.24136008769803263,0.3863523296902962,-0.4531716484757524,0.23738894888079498,0.39456747371064815,0.048871252591802694,0.1987204035168173,0.4702598536283982,0.11548512999079907,0.05801804960266521,0.14942223183300163,0.3509963779609353,-0.08266265218058821,0.3669510752331111,0.22972756775153824,-0.002947774814952009,0.049028063521933785,0.0001894507899244946,0.10015600335792252,-0.06366077355138078,0.21596889107966732
HONA,,,,,,,,,,,,,,,,,,,,,,,,,,,,
HPE,,,,,,,,,,,,,,,,,,0.540212938931032,0.08579607422093871,-0.05612096824327739,0.2374915056260729,-0.2193737037987793,0.37373233418322305,0.04490516598300842,0.09717294655476127,0.29136050136495895,0.15538452690932236,1.2364645425659213
HPQ,,-0.28436137121305416,-0.33997565715299094,-0.13873913574735874,0.3452024916901357,-0.07280552379540062,0.38313302356217127,0.4521984484557058,0.23406084588795384,-0.2757755035392828,0.431444545058977,-0.17677991913639457,-0.3789060553938206,-0.43109150459249,1.0110096382348925,0.4600704722331739,-0.33281515895905045,0.30152922905333357,0.45691715857299453,-0.0020932056489849638,0.03872742042339472,0.2410520805948848,0.5724866230815511,-0.26402599993228437,0.1608754314622758,0.12101817484586475,-0.2869342673462547,0.3873143783897828
HRL,,-0.06420439513243381,0.4641755652954189,-0.11779933317644464,0.1264292926662951,0.23447026323390507,0.06022102242534588,0.16109784880348,0.10178424385209106,-0.21666812488858445,0.26590806642219267,0.3601928383256989,0.16384390000246296,0.08789200925032503,0.47239150432221777,0.1727682434544262,0.5446524917053828,-0.10619188734306706,0.06717681877229964,0.1969007032155996,0.07849555985877887,0.05389078443322526,0.06990453615932068,-0.04674208066400298,-0.2749021736230157,0.012118259913312723,-0.2126831079765098,0.09740813734477771
HSIC,,1.600939117221774,0.06945840355026944,0.21523089823266184,0.5017778047264951,0.03048242994071093,0.2533026665427218,0.12236482923807035,0.25357278260477534,-0.4024429754297201,0.43363316006898045,0.16711030562496965,0.049519421561297516,0.24817630544553082,0.4207908456712963,0.19158066583251787,0.16188023320797273,-0.04096338867236737,-0.07876871967256271,0.12364052123859426,0.08339280862846654,0.0020983121565800733,0.15958716828508868,0.030181916730663172,-0.05208468159577473,-0.08598602846325487,0.09219660641870253,0.166049154780606
HST,,0.7125290056713973,-0.24580060784089752,-0.016666630714824437,0.39209017422140247,0.4087563695957961,0.12160967680593804,0.33988644616428276,-0.2717070796175207,-0.5342847328546483,0.5786901459319094,0.5353263843732095,-0.16523196120443595,0.08130417493577191,0.2732626112153398,0.26523664584864837,-0.3249775328382344,0.29370503488852817,0.1022019682458104,-0.12151685737158613,0.16646424857855835,-0.1970846737185793,0.18865353360923165,-0.04615972889844944,0.27605528156851844,-0.05478751829204187,0.07214762643375927,0.3784882254645341
HSY,,0.38679375528243076,0.07127427834037392,0.014438006634207134,0.16540742178405377,0.46911303543818605,0.010327037872847278,-0.08118021648834683,-0.18937961153518768,-0.08857937731577914,0.06442532948782542,0.35562813533995086,0.343723281233123,0.1961291042795117,0.37376563465333046,0.09155698927639544,-0.12024016361945122,0.18753260790396897,0.12331765236046577,-0.029157951246653213,0.40202573176321077,0.05897006675383287,0.29582656139172747,0.2186235568658954,-0.17878112062739338,-0.06505916073647355,0.10981490570668084,0.016367091638108233
HUBB,,0.028288362822004975,0.1628811835106707,0.24475545201346804,0.30266940744699466,0.2217065233944817,-0.11315959997368785,0.031010147730010873,0.1702597087457427,-0.34396211590301073,0.5059798289978499,0.3084804675015662,0.1403669053079677,0.2927684114263105,0.31063864975329625,-0.0015017203699856374,-0.03299475196150048,0.18368485052413996,0.18827739302611923,-0.2460515607929078,0.5288062378855187,0.08886496082503403,0.35597573236248037,0.15083241196106578,0.424015454668641,0.2894122674647859,0.07429093047324753,0.1639796819406416
HUM,,0.862595519886002,-0.22688525583525154,-0.15182365365926365,1.2849998642355192,0.2993438800373589,0.8299081839389377,0.018038415789611184,0.3615985050636219,-0.5049798104632952,0.17730706494125914,0.2472092783543216,0.614999456762886,-0.20587305709261328,0.5230390976808534,0.4035608685376879,0.2506948525871302,0.14852086529709108,0.22603988704002753,0.16272316025596667,0.28936580300578796,0.12708472394508985,0.13798242561309038,0.11153656491784503,-0.09937757144761206,-0.43955136601812517,0.023646849112173296,0.5143413237390606
HWM,,,,,,,,,,,,,,,,,,,0.48402276223019247,-0.3743032711869825,0.8354460293432346,0.21026945056547608,0.11673772453789777,0.24164994711957188,0.37840466050276755,1.0270539304433997,0.8795382781423924,0.37694908528193105
IBKR,,,,,,,,,,-0.4464726251942608,-0.009502562332045605,0.10951498382439451,-0.1449475770541112,-0.05914379906011147,0.8210834895663868,0.21808790175600512,0.5112490431633407,-0.15337693013912823,0.6374853598514612,-0.07130654468271336,-0.14011553109713615,0.3171205350939068,0.3111654626009137,-0.08354082704552579,0.15137696463738637,1.144291092997991,0.46373501199510225,0.3685802924411259
IBM,,-0.2083802676519242,0.43004794565890436,-0.35457871935348484,0.20498121108924172,0.07187309058071345,-0.15832188184270668,0.1977416251164399,0.12835924892057804,-0.20782989000132224,0.5864202638012161,0.1426121088467931,0.2741194425139466,0.05924880491154405,-0.001776084850134696,-0.12387129345174708,-0.114223228734333,0.25210835343085547,-0.03987832369882072,-0.22557975965040655,0.23576072677555815,-0.011625995864483762,0.16652805306078267,0.10636988573695838,0.21848775552563238,0.39270469097679483,0.3822650322548067,-0.18845009675211621
ICE,,,,,,,,1.9683637735177144,0.7840586190288124,-0.5717401109137007,0.3622025125430197,0.060996985430580075,0.011750374974910605,0.027042604177202723,0.8220746039856923,-0.01239404365109198,0.18291424355450392,0.11496654376040394,0.26604999222400183,0.08108278262448998,0.24470611623886085,0.2615222317975854,0.19940609321420721,-0.23914691790405207,0.27123849400399713,0.17458008291502547,0.09921811893460286,-0.06553748243505952
IDXX,,0.3643410852713178,0.2959091013128108,0.15222722589958648,0.40882803436827575,0.17955923924977402,0.31855656998970194,0.10169490627175848,0.4786884946233456,-0.3846153645957192,0.4814301011740556,0.2950420997692127,0.11181736098344008,0.2058212598196485,0.14622844017856074,0.39390806095683084,-0.01638907307310067,0.6082007623117107,0.33350395974500513,0.1895382943098125,0.40377378177208834,0.9142572120025598,0.317262545070923,-0.38043316550504347,0.3605500525021146,-0.25513014767308206,0.6363439079476945,-0.1328249190654719
IEX,,0.11160076962130971,0.060819328536158235,-0.03547126997584149,0.2932242085344907,0.4807575956388874,0.02741043387708375,0.16753509285993484,0.15809862162958832,-0.32075558669646587,0.31532972814957416,0.2779823347446364,-0.035375117869970385,0.27866976740839,0.6131013596076544,0.0698369594656918,0.00036615735703948715,0.19501826227676577,0.4853172231926224,-0.031599618816170016,0.3794476966064464,0.17219788206370712,0.19815254925732817,-0.022222318394483742,-0.037977922421810084,-0.023549146836191803,-0.1369129995404874,0.33149755543013737
IFF,,-0.43366314027084785,0.4977029066188232,0.20309475968201918,0.014259756473275154,0.24890754904981205,-0.20206268486270396,0.4967503971616134,-0.003118224176440809,-0.36660852189745274,0.4247762390891807,0.38053500491143133,-0.037945964546103994,0.2972683184840075,0.31608343575742825,0.19938194540774656,0.20195630325666003,0.00399613200081772,0.3196629741785775,-0.10097214536464216,-0.01695846994512884,-0.13336297245247553,0.41545616764104687,-0.2834879773212229,-0.19473143983631436,0.06264096009653364,-0.1843080305844672,0.2888273324802799
INCY,,-0.17083333333333328,-0.2184924408419049,-0.7654321081529438,0.5000000522847767,0.46052624974554734,-0.46546543794463036,0.0936329561259821,0.7208903986554498,-0.6228855830921234,1.4036938650055117,0.8177826663039005,-0.0935989907637561,0.10659562672031475,2.0481637090706655,0.4440055119096835,0.48338115227545053,-0.07542646874466663,-0.05545026174066614,-0.3285819790171107,0.3731718742773207,-0.0038936823073624227,-0.15612786050751704,0.09427790224916421,-0.21825197766312365,0.10001590520352899,0.42999850990976274,0.2206135633908315
INTC,,-0.26860784579909847,0.04884655493528012,-0.5031576351311182,1.066120542522369,-0.2656458091792532,0.08135422397198888,-0.1719859602924967,0.34231920130543303,-0.4351230604934252,0.43902964855389537,0.06269551985176314,0.19396450954421285,-0.1201465252324353,0.30920034267018615,0.4422400373383686,-0.022139292423059898,0.08756357517352686,0.3087015948675762,0.042264916702253075,0.30712001194591365,-0.14688763735942156,0.06052556108109863,-0.46642689164649154,0.9456238813369204,-0.5956512243158846,0.8403991486280313,1.7547424748638338
INTU,,-0.34202301775035526,0.0847541885610783,0.09677422973369576,0.1265982943778401,-0.16742321085435752,0.2110884320227231,0.14484071313631675,0.03605357847966961,-0.24738999926232474,0.2917190287634097,0.6042952183973382,0.07015689136040071,0.14316037523275926,0.2972707488807447,0.22055652190979957,0.05847754990724119,0.20167085379964522,0.39214340208732246,0.2585834431849774,0.34113484109351644,0.46122242859466067,0.7026510564980213,-0.39119822725851494,0.6175659258650519,0.011562722208403597,0.06093397741122675,-0.5043870830094829
INVH,,,,,,,,,,,,,,,,,,,,-0.13096116698697058,0.5227313759043806,0.011871113667321742,0.555804314524087,-0.3304118976689422,0.197139083351914,-0.031252304722989566,-0.09678935787220833,0.11748241589033626
IP,,-0.25706400991905065,0.014436383643429584,-0.11117234953180355,0.2662536813493439,-0.0019597667525380613,-0.17475451283998988,0.04508552039387115,-0.023605446172058064,-0.6181787342437401,1.3553923840581583,0.0342321972373727,0.12497606149881535,0.39227990119217915,0.2651365565202368,0.14136015115666622,-0.27225015654060225,0.4693453658064122,0.13134246947838735,-0.2772132597383753,0.19470177618718099,0.13840780506946504,0.03485509624653749,-0.23044825940634162,0.10205624020097592,0.5532071474904847,-0.23826910258431555,0.08203373678162906
IQV,,,,,,,,,,,,,,,,0.2703927220120461,0.1662987074545743,0.10763179428326586,0.28731094802521584,0.18661896178047477,0.33003354516828876,0.1596013496785047,0.5747056847229433,-0.27380028088198327,0.12928891391515318,-0.15070451050269984,0.14706635775855204,0.05895919910482128
IR,,,,,,,,,,,,,,,,,,,,-0.3972885263009437,0.9280326726621124,0.24209414549796815,0.3584583196195106,-0.15410072365164607,0.48206106445138475,0.17063785207637983,-0.1233854906313584,0.09837645628923375
IRM,,-0.055643576816361784,0.17979773310027958,0.13047878684025638,0.1978194977040204,0.15667631354916045,0.3847167731286796,-0.02084331874888945,0.3432510983918824,-0.33198254019993556,-0.07966075241373927,0.1160998189469733,0.2683141845959045,0.16861895918720382,0.013063169486210668,0.4811895212071664,-0.25679602774960475,0.2745602770384632,0.23564372297630953,-0.07970384042773992,0.05871435311079454,0.00985043403567043,0.8775351166386443,-0.0007760743277201998,0.4652732901181793,0.5448002967842633,-0.1823626814352195,0.482492362248802
ISRG,,,0.1800000113599436,-0.3858424617575309,0.387175279648575,1.3417205122595313,1.9302844497737723,-0.1822290143157277,2.3680917484400115,-0.606842119472703,1.3894007106394572,-0.1505453868216694,0.7963530665880965,0.059091612843523045,-0.21675471267995616,0.3771609743722726,0.03255568723163105,0.16114325169569677,0.7263825322631465,0.3123252999534887,0.23433978830580693,0.3839127530254489,0.31756498609978645,-0.2614806147546762,0.27137734159295657,0.5471900777702556,0.08506391583612927,-0.3311497857260324
IT,,-0.5471311475409837,0.6926696224989395,-0.21300255436249727,0.22934789718436988,0.10167989176513648,0.035312967819921104,0.5341086434684765,-0.11268324135524876,0.015375880750300608,0.01177795808860771,0.8403547160778486,0.04728914634775494,0.32355478435111795,0.54389401010472,0.18522161108322788,0.07706920715269572,0.11433299995037105,0.2184624705424374,0.03808359524076943,0.20541309854404122,0.03951976701285598,1.0870216756910605,0.005443907885697374,0.34203000444136333,0.073950958640701,-0.47926600585457246,-0.2643094696306669
ITW,,-0.10639650455293403,0.1528041530476285,-0.02916909155215841,0.3115333911996421,0.1175455582094116,-0.0367985268666019,0.07072001012961726,0.1800356133689489,-0.3270774540724046,0.41353809433934297,0.14346816745198554,-0.1003508842807429,0.33579812074804405,0.4138548238995108,0.1498734457925337,0.001290389829394556,0.35031834114057436,0.3892488422268261,-0.22103379310298343,0.45603284517191756,0.16424277569430235,0.23595608180590544,-0.08457403010077302,0.21564197504408877,-0.009663553536020997,-0.004252972980940184,0.2194234826098067
IVZ,,0.9443952918695244,-0.32550800916110134,-0.5574236296527231,0.2124250953313107,-0.12776329107836137,0.257009024459651,0.629728093462649,0.2931747930363855,-0.5265725410984704,0.6676440013742526,0.04675129363876529,-0.14635415852481526,0.33470801122621574,0.4326752380645067,0.11436232731587048,-0.12832060612527674,-0.05834063015311275,0.2466953207756637,-0.520455712195326,0.14913501537040585,0.03055468793710414,0.35562931974952416,-0.1870616856340912,0.04177980552654592,0.03024364087460185,0.5693685688381471,0.22130287531480408
J,,0.4211536581763373,0.4289581703311509,0.07878793124208627,0.3485961083590263,-0.0045831549928397886,0.4201719783783511,0.20141427828816827,1.3451080001477296,-0.4969145675929445,-0.21808755612749242,0.21909078409752825,-0.11494019604789563,0.04903923850316394,0.47968048397052443,-0.2905225910803768,-0.061310813886605975,0.3587603808198301,0.16984757368206793,-0.1057686809113716,0.5499183872678759,0.22364191650595666,0.28599122587341164,-0.13116009829778785,0.09021132653101693,0.2423166950085025,0.010864843561970039,0.10151332391703383
JBHT,,0.21927557199861014,0.3799247511427559,0.26293185694663546,0.843686049393995,0.6646322969170604,0.021377879296679225,-0.06917230681510456,0.34433697774963967,-0.03409112006347581,0.24776531573109706,0.2823587158097858,0.11750189317719162,0.34168250613514917,0.30251713028368776,0.10131103446586698,-0.1202371399417198,0.33777806836094015,0.19598489077402537,-0.1840919403264627,0.26770459497874977,0.1811012829720826,0.5064083593849846,-0.1392217951250565,0.15587360001204154,-0.13751061863132163,0.1519946192280739,0.3893847238410777
JBL,,-0.3047944416069065,-0.10463089805451087,-0.2112674371150749,0.579241080238539,-0.09611317495689398,0.4499609875286077,-0.33336284920929293,-0.37025919635191495,-0.546077725814861,1.6578810500240992,0.17944840962742914,-0.0062412222229747405,-0.0036744438502924748,-0.08184675851274004,0.27252536745837364,0.08248946994398954,0.03308564276964776,0.1217443740976889,-0.04409350859212624,0.6848909126578488,0.03886961751468632,0.6640033758247161,-0.025456380567085546,0.8742821635238627,0.13251222600894552,0.587293574359461,0.4972561255268506
JCI,,0.4256861175171085,0.06310935684455332,-0.7090863630328423,0.55584113571876,0.35416820937885873,-0.18168727047812971,0.06842888936068214,-0.6103088924086599,-0.4431411944176241,0.687990153941409,0.18695548712528098,0.15078776433319874,0.2852281404754695,0.42996630185146034,0.08649267017094919,-0.2581370698559038,0.4210958608387674,-0.051146923034806835,-0.1984961454073847,0.4090605693742113,0.17700405979366418,0.7741901134247657,-0.1928868382218858,-0.07628785063976029,0.3979729807038599,0.5295175780068806,0.2785109229682954
JKHY,,1.3258683660696033,-0.2936085903525322,-0.4440735746639257,0.7250321939408464,-0.024340658866942033,-0.03202008315127525,0.13302477105618027,0.14904838147155264,-0.19127810338988194,0.21302626523269796,0.279103476599891,0.16890084944902162,0.1832337606432206,0.5304960672988634,0.06534889767341201,0.2746725980035971,0.15231798599656,0.3334677516924325,0.09381827603854398,0.16440624015194305,0.12373210115309141,0.04315223704241311,0.062361892317724044,-0.05660001708348139,0.08651601184217106,0.054985573339577876,-0.1384240274946581
JNJ,,0.14247658341684555,0.14001903634730284,-0.07879357678162269,-0.02075432821705936,0.2516817701056733,-0.03360959519602125,0.12434615529224469,0.03611970083660654,-0.07717265900705861,0.11269011750440527,-0.00586924654908183,0.09889462889680845,0.10847358341742597,0.3462441172446369,0.17337351489650255,0.011421549934664377,0.15329153350375813,0.24425268647170628,-0.051314709110245826,0.16220043357379366,0.10823718541919347,0.11438061184308279,0.05974856095303083,-0.08578339821594505,-0.048114758233130495,0.47479531348470405,0.2665715010766514
JPM,,-0.10076172908805003,-0.17338971490019928,-0.307738813775429,0.6057535754325498,0.09952099881423448,0.05724601437379628,0.2563920262148063,-0.0687609566956563,-0.25142072652260694,0.3436926743515136,0.023075596157466682,-0.1991805599597848,0.36180616038734215,0.36733374999601454,0.0988280089429896,0.08372528945444269,0.3453638868991378,0.2675873284703929,-0.06623771769970599,0.4725700395693102,-0.05534746481554875,0.27745750504537026,-0.1264123800103859,0.3062671236557586,0.44288137205475286,0.3726630556494448,0.12530802520566864
KDP,,,,,,,,,,,0.7509789902250879,0.27318766274911366,0.15895287664004876,0.1553197281149028,0.14001621605524317,0.511780152236319,0.33233131749234723,-0.004212295036837843,0.09757774764680383,0.6597083607287773,0.15426104941259888,0.130280586744413,0.1749460451131717,-0.01225604685580628,-0.042363330634762164,-0.010515084255017682,-0.10143415423951341,0.09757786746442898
KEY,,0.3387949967394115,-0.08865269127694897,0.08104767169114901,0.2220077174142856,0.201260818184132,0.01024999256122694,0.1989800713019505,-0.35505990756981254,-0.6154798838236927,-0.340021881032629,0.6032410735716751,-0.1188634340709327,0.1197019628335132,0.6248023912333749,0.055310590413270244,-0.031120461949201816,0.42138823309262396,0.12736397884486705,-0.246090586118058,0.42720373648982757,-0.14501286873758767,0.4592123576384659,-0.21687960443507304,-0.11525656189702904,0.25344876343898837,0.26221002931365867,0.1231801439212088
KEYS,,,,,,,,,,,,,,,,,-0.1610897382385723,0.2908577406745092,0.1375444030974049,0.49230779106095346,0.6531893399861128,0.287050568770151,0.5634037416321556,-0.1716139079236867,-0.07002987358048762,0.009680109248673574,0.2649567096112795,0.6780845372499487
KHC,,,,,,,,,,,,,,,,,,0.23439549297975226,-0.08370918803109884,-0.42248125018746274,-0.21201932974785564,0.1378133101049912,0.07981286791123376,0.18175691235804892,-0.05042693037829604,-0.12958815079899733,-0.163108735727317,0.0808913957117956
KIM,,0.3940814974625393,0.18173103507109944,0.0009104092135869823,0.5440462888523776,0.3561902828698522,0.15442334960333648,0.44911527614084656,-0.15993886053447393,-0.46758128361908935,-0.19410468280386672,0.3895701136486658,-0.06005276270299309,0.23849432309291196,0.06500610043725885,0.3246058306870794,0.09442596439796191,-0.013395014410924944,-0.2366657418270025,-0.13260953420357136,0.4974561393700172,-0.23942004825770014,0.6947785146918528,-0.10797446466469818,0.06051552310796238,0.1501503741359096,-0.09262527135755938,0.23356170043019508
KKR,,,,,,,,,,,,,-0.05355797099445225,0.2587793592198102,0.7374143183972706,0.04046223080498024,-0.2793319177742978,0.03526855982086108,0.41776681257506865,-0.04281476093379555,0.5156812978378036,0.41125419651693274,0.8576342373075654,-0.3697932133091755,0.8048268852152909,0.7964593110947222,-0.13322690729823006,-0.19046584622571372
KLAC,,-0.3950615213979064,0.4711691549350958,-0.2863197514947363,0.6550752023369022,-0.20430533321184097,0.06740227708167867,0.018782506822920153,-0.022004981867401963,-0.5381669118413839,0.6991843673706037,0.0954679006243615,0.2842770470804552,0.020635194647634414,0.38952463889523536,0.39458579914238223,0.020300207857663066,0.1694638552039447,0.36804845108175077,-0.12489498918550723,1.0398768416937303,0.47942070279017535,0.6804721117859189,-0.1119854331270751,0.560494431007053,0.09362127527365272,0.9448133406447381,0.6346298609398318
KMB,,0.10104120831303098,-0.1387500298946821,-0.18972049581343187,0.27857401692483097,0.16085058516703787,-0.06743095819992195,0.17553426601273858,0.052248638679398995,-0.21019913895501507,0.26173557879417086,0.03251015862028295,0.2165339081086366,0.19122956902411503,0.27905327284665793,0.1890697911560324,0.13755652628694848,-0.07685888231433746,0.090380517261482,-0.020592121734477553,0.24574583300082686,0.00952300434173825,0.09664162194777304,-0.01579500530527267,-0.07078366358491017,0.11786306461947849,-0.19856103840886008,0.11566896552580475
KMI,,,,,,,,,,,,,,0.1415728765006532,0.061893918253551616,0.23188227091679203,-0.6276839358962825,0.42728189400925265,-0.10564095196173806,-0.1118491455015298,0.44427271020975967,-0.3076309931721979,0.23756743338797226,0.21235706436924917,0.04113649358033178,0.6443555157828229,0.04750141156325416,0.15428041083494382
KR,,0.4337753856478197,-0.22882250205835064,-0.2597027773535645,0.19805758579285437,-0.052403712222880094,0.0763970550601758,0.2329636663993726,0.1704431566516531,0.0011563253184816435,-0.20953657728498032,0.10859730746826646,0.1037664663966884,0.09715997013628819,0.5459280785182474,0.648021882839666,0.3170855135181354,-0.1639740829400469,-0.189667242953385,0.020754392875072192,0.07900144349016736,0.11895100259992608,0.4541014673177759,0.00435315496507549,0.04987110833887631,0.3691446659258615,0.042506198785823734,-0.08266876902647136
KVUE,,,,,,,,,,,,,,,,,,,,,,,,,,0.031240076889161417,-0.1585458018527971,0.14117183252782817
L,,0.7337997899065947,0.08075463970252406,-0.18766507552870093,0.1278256263712756,0.4359649161568009,0.35918387480439096,0.3204482300436102,0.2204427614206257,-0.4350607947705962,0.2985963729253769,0.07809357262549166,-0.02613944160325332,0.08918854201909032,0.19037989540604383,-0.12385885231779614,-0.08018592782499623,0.2271502125213838,0.07398799809021162,-0.08551420078403682,0.15898855001105927,-0.1368557331920578,0.28889914982249043,0.01411266364136532,0.1978624011325476,0.22091717321519622,0.24682518918822138,0.098313575013244
LDOS,,,,,,,,,0.13097212837881722,-0.03180854852588,-0.02772123779020985,-0.16261868315848949,-0.22509457173492675,-0.04997542656579723,0.8452079455287103,-0.03226236211026201,0.3502995381472107,0.2693265760251351,0.29143085028411786,-0.16716214495572612,0.8882309342883175,0.08954514140067427,-0.14196484734451875,0.20044812586181981,0.04503707640504229,0.34524229982647725,0.2650278776835149,-0.23282568957539107
LEN,,1.2362920830011985,0.2932624212525339,0.1031473194080732,1.0518417903654478,0.19443931903438627,0.08728921386246058,-0.12939263535707857,-0.6524731737873561,-0.498402337213227,0.49681325409957844,0.4829451234115423,0.05735035411354117,0.9791679897055598,0.027492015392933444,0.1374186745298953,0.0950937882400662,-0.11906466673834326,0.5027802648662685,-0.3790916198121691,0.42957581462429295,0.3797365539749922,0.5399223930342003,-0.20644531496234986,0.6692125332450063,-0.07323425130644023,-0.20800321754671136,-0.12865649133038792
LH,,3.772881228787483,-0.08125010486851136,-0.4251082881058892,0.5899314618243758,0.34830852965408043,0.08089132851508629,0.364345456784148,0.028038719351859642,-0.14722642522376683,0.1619314259855109,0.17477286055688235,-0.022179329621171084,0.007560984597684284,0.054837112589677606,0.1809127512000921,0.1458757073890653,0.038337120863402685,0.24248325819576078,-0.20782403966494212,0.33879414382359574,0.20322748722590167,0.5436499810937283,-0.24407196573812417,0.13824305713045115,0.022199290045812337,0.10615354930313403,0.2788990809982066
LHX,,0.15494462191648184,0.0032446373557080133,-0.13060312653939876,0.4588217811875259,0.6421669382179316,0.40296051763656804,0.07562535470730891,0.3797007323869914,-0.38356737643934713,0.3543755565645703,-0.02730195810322611,-0.184220695051595,0.402264545695181,0.4676302440721869,0.054292894395287616,0.24040467055726733,0.2070225646977364,0.4080305278484935,-0.03376050379985418,0.4920739014410085,-0.027550289105215287,0.1498204599557038,-0.0048285286133376015,0.03668663938528183,0.018793663161417173,0.4228346285959623,-0.01613227913781312
LII,,-0.12332649210331559,0.2999095495378836,0.32861960057436645,0.36457886755711977,0.24557049805970088,0.41063670071199465,0.10325699842120084,0.37307800331186747,-0.20749989707880234,0.23008163862324915,0.22775369470134654,-0.2725358200318575,0.5826203784698416,0.6408037570830074,0.1323807176269456,0.3296486821618527,0.24027996820628816,0.37430004057315913,0.06329786410260918,0.1277746613945394,0.13791934364473635,0.1970547803813496,-0.24944499738147774,0.895482593692958,0.37267796842470413,-0.19538068079678994,-0.08950433642836764
LIN,,-0.10367540071698012,0.2626177508045897,0.05981292566101204,0.3421161943176232,0.17335787013568438,0.21750929350515347,0.13996243970983957,0.5205400247571024,-0.317545651531561,0.3839253137864005,0.21472914533090548,0.14242289055114576,0.04541215992912728,0.21257253602495352,0.01636098285319809,-0.18972426046724977,0.1750734249738517,0.35142785428771695,0.030116467093882715,0.3904191987226151,0.2587894029778821,0.3339071367708082,-0.04393719517710559,0.2765687736696514,0.03181409571180893,0.03215268325305143,0.15664161782210417
LITE,,,,,,,,,,,,,,,,,,0.7552225577839138,0.26520050699446673,-0.14089985663291582,0.8876459466819533,0.19546026990545506,0.11571722825071351,-0.5067599524939075,0.00479202623681152,0.6014879794096577,3.3905897526731055,1.4150682106253565
LLY,,0.4188916996084022,-0.144193219344542,-0.17571928492392297,0.13142551261722524,-0.17536904848518042,0.02530215762171273,-0.0517454640052718,0.05670635337130525,-0.21302162428879212,-0.06241664065708297,0.03656846334661745,0.25179038872292625,0.24239312423402137,0.0728658015681285,0.3975363405179042,0.2539247437375096,-0.10368852905507953,0.17834345923874295,0.40454739407596274,0.16139968353673328,0.31039815700839934,0.6607817024144507,0.3425532096073838,0.609090728314932,0.33301056588424416,0.4024558945585339,0.10705828101781556
LMT,,0.5803144912527294,0.38986800651056996,0.24686428002153482,-0.09912847825290294,0.09989847610383462,0.16514350517305476,0.4698780013411572,0.15975208884349845,-0.18559396607819023,-0.07585455711691158,-0.03837404709270187,0.20704218832053645,0.19516298562882195,0.6811396907440375,0.3376114121102267,0.1618464895054188,0.1837159248948812,0.3176597689425886,-0.16345892200106205,0.5254664257917863,-0.06493370271593635,0.03151642761991025,0.4047566180428106,-0.043086257228783675,0.10021613957304698,0.0246685519858032,0.23000783169747874
LOW,,-0.253148995526269,1.0910556244221596,-0.19042526565555806,0.48042182854061966,0.04245311409313324,0.16139212244643342,-0.060445014918481976,-0.26753546442045995,-0.033018911566594755,0.10586894036115191,0.09165970249780542,0.033871786524119596,0.4290296862644196,0.4180520387722395,0.4120327142917837,0.12155143520595568,-0.04880567784217493,0.33289954347749506,0.012167836235330354,0.3223437111305125,0.36400540607734677,0.6334358721191531,-0.21485419511431414,0.14034416734475008,0.13007227556385925,-0.003280287984922081,-0.05944930347681676
LRCX,,-0.6100839272449178,0.6013787773029777,-0.5348837096719634,1.9907408033831038,-0.10495366596164335,0.23417533074187924,0.41872139310653456,-0.1459893548665394,-0.5077492009072311,0.8425749754517384,0.3205814292593707,-0.28505216839989667,-0.02404100054906566,0.5070581712659687,0.46796082872367584,0.015028763132562073,0.35178664666351556,0.7620692129193076,-0.24400802152941636,1.1933350891483934,0.6418035185544169,0.5366273967107114,-0.4072315133021107,0.8862902055954032,-0.0684475040344319,1.3916327427267778,0.8223078234538306
LULU,,,,,,,,,,-0.8325944689223765,2.795712614507816,1.2730896113564931,0.3639287078668849,0.6337334677715718,-0.2256330030198309,-0.054887310363724295,-0.0595088661111709,0.23861247096991467,0.20926294693268166,0.5473979676433665,0.9050242332555776,0.5022661610481649,0.1247593988450093,-0.18155576729585343,0.5958861375632345,-0.2520683031721891,-0.45657802994554786,-0.38126171338411907
LVS,,,,,,,-0.17770821619950172,1.2670376447294345,0.1516541387802437,-0.9424551058219804,1.5193922918314922,2.0756361954679217,-0.07007592590578215,0.1740929195223806,0.7478692057008289,-0.24018371273392114,-0.20468077437156185,0.28614730854724724,0.3616087603234679,-0.21618442982039843,0.39539480752254397,-0.11951071510333622,-0.3684563375693519,0.2770988736403812,0.03148523363540723,0.06205579677825579,0.2945102301045961,-0.28449821499215766
LYB,,,,,,,,,,,,,0.1041449554599434,0.9247017868255494,0.44734853095510574,0.017630661334756104,0.1227791912530587,0.02904463537744939,0.33723189722358127,-0.216943684106928,0.1940678461046761,0.02643851100948691,0.05066192258334645,-0.009804064570194893,0.20699997134441972,-0.17383602047041058,-0.35956742499799765,0.40749300067549243
LYV,,,,,,,,0.7099235852096328,-0.351785682810812,-0.6046832238184225,0.48257849620507387,0.34195061917107217,-0.2723292150525548,0.12033693736517592,1.1224489085141602,0.3213562908864933,-0.05898126692945371,0.08262111159379204,0.6003759054259121,0.15691802567684676,0.45116753747620564,0.028123717670347714,0.6288785652336564,-0.41732812731865,0.3421279228737548,0.38354703110176525,0.10038610038610041,0.2677894993832237
MAR,,0.347487862946684,-0.031510878656282104,-0.18506514282728104,0.41607669657840685,0.3722887082368578,0.06984401008098007,0.43418172975905267,-0.27898372485621303,-0.4227432146192919,0.423844198809036,0.5337738385560749,-0.24587675709897738,0.29491301503284895,0.3443406423954458,0.6004335834134484,-0.1301585250209354,0.25370623931330627,0.6623693383633704,-0.19047426335706152,0.4148861778017843,-0.1253452432831712,0.2525768894791436,-0.09339782637345462,0.5305739878429077,0.24924641878769593,0.12306768038689153,0.14522218860256886
MPC,,,,,,,,,,,,,,0.9424189889192589,0.485692516356935,0.004558067601509119,0.17368441573849713,0.007245413900246689,0.34780639337598607,-0.08233370337604262,0.06049979508427672,-0.2738495971565569,0.6100115463753959,0.8662282237350065,0.3046012313031894,-0.04056224834402866,0.19169288890733793,0.8498322661425795
MTB,,0.6636404094348018,0.08636148802172738,0.10340572864397601,0.25640606566819213,0.11538486767312017,0.02830135131232958,0.14188930675964895,-0.31532993908060303,-0.26942461307843024,0.23062490634100108,0.3478327645659618,-0.09147745774894311,0.3320718369107005,0.21300233799115698,0.10418349450945286,-0.012866315268576956,0.3216112260392727,0.11349855335138614,-0.14583905352742066,0.21650700099537268,-0.221576599228128,0.24281180151288817,-0.02943891565980583,-0.016810804886937536,0.41658931847207015,0.10413626211871718,0.2604532396818404
PODD,,,,,,,,,,-0.6712095425596262,0.8497409483241305,0.08543419396654062,0.21483870475522937,0.12692508759065602,0.7483505972958613,0.24150952204000564,-0.17911419353070102,-0.0034382719754955104,0.831210176251566,0.14956521296846703,1.1583459103242193,0.49316594298827887,0.04084028573325038,0.10643817997009153,-0.2629505590172343,0.2031985089171231,0.0887500756890156,-0.5033422353675809
DGX,,3.646215508429578,0.009999834838019916,-0.20652628436124454,0.2848852598111744,0.31658243691157706,0.08491044193923547,0.03674369331309246,0.005755436188869867,-0.010759341520358512,0.17235364718399504,-0.09953818529758629,0.08373060672528942,0.015048073377051496,-0.06236288581515603,0.28053334753647263,0.08370353643447603,0.31902693868617815,0.09155314234888734,-0.1384199525519033,0.31130513726806397,0.14110440968017035,0.4785819674840561,-0.07795224633387154,-0.10050412335750569,0.11766997079540409,0.1720179631003491,0.3914650547811489
HOOD,,,,,,,,,,,,,,,,,,,,,,,,-0.5416666532421973,0.5651104709803596,1.9246467025849068,2.035426826864848,-0.17515471110396663
MA,,,,,,,,,1.1939900869596647,-0.3338755537193966,0.7972459570679318,-0.12223160081440121,0.6671966390492892,0.3209299680648705,0.7067564510782092,0.037254158066807985,0.13811093935086816,0.06907143671301186,0.47685554281737885,0.2531290926084293,0.5915799244014055,0.20186352789210393,0.011605789230347385,-0.026585229065314908,0.2340388521534016,0.24174310184987857,0.0903774386820877,-0.009054062547507957
MAA,,0.10191959265704953,0.2835672528738762,0.019505756741811764,0.4973830104682946,0.3107694248211432,0.24512384655463815,0.23286362956306728,-0.2199979675122089,-0.08185586058701078,0.39352436135366875,0.37793090195038115,0.025150863275443136,0.07846539354216153,-0.021391494075661432,0.2841000515507819,0.2644407904017523,0.11601495083777946,0.06276455248544566,-0.010611113980921183,0.42516136697628504,-0.006414713151223439,0.8587239919497232,-0.29748742290537555,-0.11066923455923727,0.19944706022675063,-0.06358449296826241,0.0061577076172993905
MAS,,0.03753948266916818,-0.024050523439883453,-0.1209272296017112,0.3366928527246569,0.3622312604771485,-0.15359988210037356,0.01818321283592672,-0.2518286504479328,-0.4573919241918383,0.297393439842373,-0.061634760274665745,-0.14904720881540356,0.6267419131461609,0.38869502818411816,0.1230599682685165,0.2967939580568635,0.1314654738133243,0.40547192746652816,-0.3269642695112106,0.6627139790147842,0.15781771103138187,0.2960826809326149,-0.32090908025641696,0.46560157675417035,0.1004457537796073,-0.10919252106331001,0.2325015087220177
MCD,,-0.15106850654086512,-0.21486966319786172,-0.3840497314619342,0.5681872139381479,0.31514785732025175,0.07335429803564852,0.34673747056385884,0.3638441173351241,0.0858593975533406,0.03961739360316052,0.26942753624506577,0.34660716658780144,-0.09259654427660302,0.1359479902950902,-0.0010140288296731637,0.3042907337082952,0.062061121488919735,0.45050284308184474,0.057791355188811844,0.13971460517987877,0.11296778908023297,0.2778808311931793,0.0050813926516963814,0.15062009075056615,0.001366156772414584,0.07888741142293498,-0.0907787673044883
MCHP,,-0.27876685479800467,0.7659257406503246,-0.052586099939282316,0.37001103283310877,-0.19845774079725242,0.22770585259729104,0.04377172683416597,-0.007932200542237533,-0.3493457664039369,0.5791065254389947,0.24625928815176645,0.10219814764104918,-0.07158379974917473,0.42374254510908393,0.04006884506955766,0.06336951988613171,0.41662574392712237,0.39465761846124736,-0.16706756959856828,0.4802572292156517,0.3373112168088406,0.2748808009842847,-0.17975712832229895,0.30899769941494415,-0.3496019556273553,0.1461398033005945,0.3436318794483533
MCK,,0.6128526197748354,0.049116665677806814,-0.2718566249714629,0.19935074459692825,-0.014011388304805528,0.6490798564698494,-0.01254685360983998,0.29721076157782633,-0.40357160908022605,0.6293583110119534,0.13787687826672967,0.11789330293316547,0.2559608268223461,0.6765461847319922,0.29262003091913913,-0.045149475191427535,-0.2830265515897512,0.11948642887879801,-0.28404603637113013,0.2672237124880077,0.27060277424588497,0.44227259670121355,0.5182127148650777,0.24134440146628466,0.23673642554477103,0.4454235553053181,0.06214271906378266
MCO,,0.16306415212940073,0.5605013474024825,0.04008067213699307,0.47173972769110506,0.4406144431638872,0.4189681673428769,0.12944180978733755,-0.4799173106558099,-0.43008893630070577,0.3560287117190737,0.00763127710724798,0.28941206873121716,0.5182197076925734,0.5821900390379651,0.23676080853639503,0.06097804950193675,-0.04562638242631045,0.5853088477260986,-0.04103220605238522,0.7126007610786038,0.23262721229026928,0.35574447951924015,-0.2800032526118579,0.4152221135461005,0.2216922953168623,0.08740625551618075,-0.060536308060367694
MDLZ,,,,0.16049109858757515,-0.15411107115375733,0.13133233907643427,-0.186240249230905,0.305135920008319,-0.05677995899448174,-0.14602546818774487,0.05992613318782558,0.2039153947270269,0.22636420035442661,0.05052415516572317,0.417214587839843,0.04597963132311267,0.2537746723709795,0.005652600311393696,-0.015772893854475556,-0.042682452605932286,0.40423862482905726,0.08583322397273618,0.15874799408678908,0.02920717518063909,0.11172991526944598,-0.15297159582205555,-0.07030692659148152,0.1830100103122485
MDT,,0.6633623890381151,-0.14790457251364986,-0.10356316619486161,0.07238160796882198,0.0268819700872458,0.16714157521935213,-0.06286262006529542,-0.05220903567109625,-0.36317357326858435,0.425520249770891,-0.13789825380259157,0.058274912287969105,0.10641516530511463,0.42882248605823414,0.2814636607924179,0.08624371593038149,-0.0543670929132809,0.15895749830515515,0.14604112428616456,0.2733822188414434,0.05698481047557902,-0.09785970017643475,-0.22551376413227175,0.09577532415758672,0.0027658896192859217,0.24048412128488983,-0.07698865690646506
MET,,,-0.0881772831455716,-0.1392196502708546,0.25449439639796045,0.21770858496738832,0.22210477508628435,0.21674904687060037,0.056156134684352876,-0.42231673577419937,0.037003961019718146,0.27920903021609034,-0.283123127824905,0.07924569428247175,0.6748755708984353,0.029755791915786922,-0.08296710186709977,0.15858204188105018,0.08422567228049416,-0.15765250189359858,0.28837073177781813,-0.03416026845025244,0.3742723821169742,0.19231580244739854,-0.05493770184567737,0.276752679424366,-0.007958706018791672,0.264757151085419
META,,,,,,,,,,,,,,,1.0529676246317776,0.42762997607288256,0.34145107901923755,0.09927398291203682,0.5337680284051383,-0.2571122490298604,0.5657182961621836,0.3308649380400084,0.23132948772955775,-0.6422179413381797,1.9413334547633214,0.6604885055971701,0.13093122607786256,-0.10140113738319612
MGM,,0.12313592125475203,0.027595208554913597,0.14201596581603604,0.14073392886061487,0.9340603476038996,0.00824863069732129,0.5639484763934577,0.46503902080961956,-0.8362294237990766,-0.33720945932360824,0.6282897114985941,-0.2976430695299962,0.11601138804615285,1.0206190914744262,-0.09098668403995158,0.06267549953108831,0.268926361244785,0.17475569975533212,-0.26164334162443803,0.39686735308762655,-0.04554179784920376,0.4247198426554366,-0.25264542301770554,0.3325380832630236,-0.22448519943575262,0.05310245516767598,0.21869002946484994
MKC,,0.2416645077381887,0.1864344471396988,0.1252345672604196,0.32116344189015966,0.30365294092391837,-0.18251398973315447,0.2729465141424523,0.0047725018659652285,-0.1379532141273213,0.16828051569689162,0.32170261073515416,0.10967638210654895,0.28676754450571473,0.10705805851775052,0.10107936717345911,0.17490620020350867,0.1105445435296386,0.11337457944230955,0.3901184566790996,0.236531463905177,0.14287199941020945,0.026684568997158875,-0.12651620075728753,-0.1567977043046498,0.13969163058578515,-0.08328321469861333,-0.20839447689469015
MLM,,0.04543120592091188,0.11559963152849617,-0.3316482540636012,0.562518672613308,0.16131010349368258,0.44896604742973767,0.36947068066887545,0.2881902375954015,-0.25703592567321865,-0.06105734109868266,0.0516117881526037,-0.16539708642971285,0.2757736402334745,0.07724748915016533,0.11804087156121912,0.2509243785670292,0.6367114962647509,0.005711086515689079,-0.2154558449543449,0.6417841987162596,0.025722588999051776,0.5610779658039746,-0.22733309271751634,0.48617478220844035,0.04083496352389826,0.21250168028852334,-0.11664677728061412
MNST,,-0.10144254858210588,0.08385977920329091,0.004754321996728317,0.9952680898781565,3.3242465490901774,3.3290286520988985,0.7094279653171855,0.31502346879442467,-0.24294408001407708,0.14524292922975257,0.3614584302684898,0.7624327799213557,0.14695045797174378,0.2825510100211599,0.5987899354811255,0.37480400605549336,-0.10700863008634387,0.4273793571882394,-0.2223099935423185,0.291141764749284,0.4552321710021656,0.03849478189196942,0.05716365901118947,0.1348370196592359,-0.08765837846828883,0.45871377788635437,0.17855749013114353
MOS,,-0.02746071519428339,-0.16077526562377442,-0.1743362734063405,-0.06206652677484126,0.643504897564374,-0.10355414571351507,0.46001392910458705,3.4166666201674873,-0.6325811560534085,0.7800446823113338,0.2830327923601539,-0.33770812706982833,0.136839770833449,-0.14999674279867448,-0.013776646293182648,-0.37954348311459596,0.10712541019250965,-0.10383926423818823,0.14216794764478236,-0.25279599606337266,0.07602151664868506,0.7214559292844636,0.12796982224289222,-0.16422830374682018,-0.29141452323078565,0.011007341162993844,-0.024870790196185988
MPWR,,,,,,,0.6118275316313053,-0.25883918043090404,0.9324933216870572,-0.41266898919146044,0.9008734130803102,-0.31080513630263185,-0.0877727226128725,0.5480073591231007,0.5556556314036349,0.4494432359404368,0.2998408935057568,0.30067732895222066,0.38227265646989483,0.04485897096121394,0.5480047250886024,1.074906929684854,0.3548804078748282,-0.277792297952971,0.7977602225953806,-0.05551154993830287,0.5445044637698948,0.551795079105095
MRK,,0.4176192182176628,-0.35961810836776475,-0.01209021246913744,-0.11197247903217278,-0.2776740420263667,0.04041761710436664,0.42677169419987404,0.37353950245349754,-0.4533249772357929,0.2670060979184037,0.029119162499556595,0.09560111860604303,0.13136482975052477,0.2682672739642673,0.16931921249502557,-0.03888008387396702,0.15054169943900586,-0.014865128899518743,0.3995385252762207,0.22271445799785394,-0.07204790156151875,0.017548731526725758,0.4942137027150617,0.010098810763237154,-0.0626006263279345,0.09788066404993145,0.2394438062514801
MRNA,,,,,,,,,,,,,,,,,,,,,0.28094295216589615,4.341002253226281,1.4311284843481662,-0.2927789663014342,-0.44633114546429464,-0.5819004212469246,-0.29076482750192933,1.0064428154690956
MRSH,,0.2452088250671185,-0.06287752298696814,-0.11977024681707815,0.0691752620865762,-0.2980032542560237,-0.01196022841090394,-0.011556787390756829,-0.11397450847585888,-0.05537554278453216,-0.05434986060974201,0.28247057442562773,0.1914571187032197,0.12053412371963423,0.4381423692924329,0.20934814450730843,-0.010535438635462246,0.24529565770147754,0.22725182409115186,-0.0014221630593145296,0.4233490321691069,0.06856806670476545,0.5082708548488921,-0.034501798844555176,0.16147605718353075,0.13745892541462568,-0.11263746306518363,0.04953313644518875
MRVL,,,0.632820512087156,-0.47347827917460605,1.011133811163158,0.8702873875788855,0.5813358699512052,-0.31574245388337796,-0.271495601186718,-0.5228896976504853,2.1109436180845433,-0.10602398045692873,-0.25336929454114876,-0.4663538833437987,1.021315183943872,0.02475527277147993,-0.3782665735363816,0.6053515248830157,0.5688650731848959,-0.23622895872160188,0.6574125974430323,0.8025393796272045,0.8462304066335811,-0.57484369999274,0.6368160387968607,0.8378971980525747,-0.228195251401901,1.577558819864239
MS,,0.1215218611207105,-0.2827628820889446,-0.2719283929736035,0.47879695076579054,-0.0224588112116193,0.04260518772705724,0.4592000556219227,-0.20286474791162667,-0.6883729657425746,0.8830146796621681,-0.07389207722913882,-0.43904041703938756,0.27956476916496675,0.653442113339284,0.2507782200008375,-0.1673978608310165,0.36073236756560845,0.26606909048057825,-0.22759412253981903,0.3267395007081453,0.38088436331802034,0.4665368985839735,-0.10338460112524661,0.13929341066259027,0.39731167498944897,0.4516468210245963,0.23863784986898873
MSCI,,,,,,,,,,-0.5374999475103388,0.7905404945306163,0.22515691586113928,-0.15477370464850548,-0.05891307121277656,0.4107777541210318,0.08948396763273325,0.5400978015019458,0.10623978556139524,0.626268950140545,0.17948639034809055,0.7719397108909911,0.7438498508310705,0.3813836529774628,-0.2333568512481916,0.2290241682357963,0.07307341635226239,-0.03166071111813218,-0.010978519518940133
MSFT,,-0.6284796011293455,0.5273776699790107,-0.21962305789355685,0.06816479091749228,0.09128173347605717,-0.009382684027381627,0.1583936322419237,0.20842851895019932,-0.44385610331232084,0.6046723975172448,-0.0652465195315578,-0.04515678276255641,0.057988659145360444,0.4429798204490689,0.275645915734414,0.22691884269246687,0.1507776459416672,0.4073059868998783,0.20795316802368324,0.5755809237074416,0.42534052721709914,0.5247691589987775,-0.28024749237095237,0.581912617441241,0.12927338432985747,0.15584236998294343,0.0384528720001982
MSI,,-0.5853729519785974,-0.25010062706747715,-0.4165754851624843,0.6456356088344739,0.38542910963953836,0.32430891970720865,-0.08171483273722335,-0.21081607141101155,-0.715803973407404,0.75169394681404,0.16881407879297106,0.2753474043017021,0.2259790213422912,0.23551888001361387,0.0140847266017885,0.04302675742148265,0.23900838780255396,0.11439645089411754,0.29638609841670016,0.42191110800468556,0.07354159085329104,0.619031335807646,-0.038127299360271705,0.2303860624258134,0.4912062152434411,-0.16165536420324111,0.22662612040772134
MTD,,0.4238952536824878,-0.04643680967133623,-0.38167787238619655,0.31659380150986327,0.21558878195204412,0.0758136676190646,0.42844198159975266,0.4432467375266653,-0.40773286714918233,0.5577150665709936,0.4402324963380868,-0.023146616259484776,0.3086452797081254,0.25499220128276456,0.24679498751382067,0.12123921994218745,0.23421694197547804,0.4801223794553471,-0.08706740822067238,0.4025955750322425,0.436668025944249,0.4891986179903536,-0.14833757493772814,-0.16084264283650052,0.008837960953922863,0.13934188694031868,0.025297858264330175
MU,,-0.09120018843498312,-0.12676054708368378,-0.6858064961872592,0.3829569879193133,-0.08314765803721846,0.07773277088754682,0.04883549402228504,-0.48065902503520863,-0.6358620440796879,3.0,-0.24053042423362325,-0.21571073740866942,0.007949083573671745,2.430599424559334,0.6096551126257741,-0.5955441758726039,0.5480228368979092,0.8759118127891641,-0.22835568630943004,0.6949256105116184,0.39791791779559227,0.24208093727160085,-0.45929741824821335,0.7193119716179188,-0.00961429614851339,2.402392899309635,2.07653448451099
NCLH,,,,,,,,,,,,,,,,0.31829705983320733,0.253207882326538,-0.27423208384418385,0.2520574072041004,-0.20394367343383213,0.3779193368348037,-0.5646293379282987,-0.18442785992035793,-0.4098360700966265,0.6372550073746139,0.283932054229612,-0.13253011690942795,-0.13754479107524897
NDAQ,,,,,-0.05500011785617909,0.0793654662550074,2.4490184057866466,-0.12478693168066946,0.6073403944665332,-0.5007072528202643,-0.19789578693123455,0.19727592155875362,0.03286985937758247,0.03090511859170464,0.6177427993567111,0.22210545038099117,0.23403339794242672,0.1748768269510692,0.16759547905593575,0.08206210684678394,0.3387783476526407,0.2599339616589933,0.6012718899318159,-0.11190773172231461,-0.03662198816688966,0.34849795734242517,0.2718653501052959,-0.01956256616001384
NDSN,,0.08027213235292452,0.05733071906539644,-0.03826605206736544,0.4284943159209784,0.17709044349438652,0.029197958553646375,0.24830026899687652,0.17961733581799977,-0.43443264131102477,0.9312546762961866,0.519020815478968,-0.09437675686879343,0.5477893250622441,0.18813336508140277,0.06053050951760941,-0.1667102734421988,0.767856229363538,0.31831171960711324,-0.17645465107463876,0.37879474964984117,0.24454406999452916,0.28088371486900465,-0.059268053737603354,0.1238687659554496,-0.20145722250145792,0.17025901903252216,0.2974451715969926
NEE,,0.7489138486196925,-0.18293905453323467,0.11026611659186614,0.13039362403604549,0.18728195743553688,0.15059374213774301,0.35467905442256353,0.2794423314070913,-0.23463980744528312,0.08714150540015853,0.024361832684903995,0.21864084002718598,0.1792392571075765,0.2799982447236169,0.27921000551562347,0.007507771506466421,0.1842977651451927,0.3439596280948467,0.1430376937399045,0.4268580589628126,0.30064309015328794,0.2339261934514434,-0.08544058499833374,-0.25293008832683195,0.2146456070830456,0.1547523608517376,0.06940017757723127
NEM,,-0.2993301091638222,0.12694834022296964,0.5260112276119215,0.6826274831317753,-0.08020961267794702,0.21392661264048196,-0.14782806801177728,0.09141923536234597,-0.1584893313130984,0.17264158705932275,0.30965731701472476,-0.006632729261766945,-0.20427564162165046,-0.485126182404538,-0.17142652634142164,-0.04340779216733259,0.9009703367906057,0.10905040861771687,-0.0614696428702457,0.30516450341735335,0.4028454531830987,0.07403895401567717,-0.2076855834159096,-0.08760973191261645,-0.07832124259146978,1.7281808997313939,0.13643455291665507
NFLX,,,,,3.96729515119677,-0.5490946843575019,1.1946428642429585,-0.044343725353996555,0.029388640510875197,0.12283906600489436,0.8430913956993362,2.1893265424936055,-0.6056346526872955,0.3362677104807026,2.976348016430466,-0.07214046628685822,1.3437836426593366,0.0823570914250018,0.5505653447544177,0.39435309122444706,0.20888431367197513,0.6711377588319436,0.11412345176298433,-0.5105238509446479,0.651112258860733,0.8306770515730808,0.051922969927354234,-0.20925770370690433
NI,,0.8152889157613075,-0.2163026210665583,-0.07951786017610163,0.16054380353796116,0.08433133150757555,-0.04735259154622762,0.20470572961535138,-0.18264864714370543,-0.38552816677717716,0.5139828563690008,0.21251141872274437,0.41438863261005743,0.0860562234155342,0.3645785440340956,0.3257430183314811,0.2047495073858041,0.16695083147443568,0.1928181314073969,0.019246393894357672,0.1303431929341874,-0.14875014242976803,0.2475483331619952,0.02667477656301176,0.004806358892842644,0.4348497974720609,0.16814952942276373,0.04071881995996618
NKE,,0.13315979724652482,0.013129067304509912,-0.20515957022391595,0.5480093493273832,0.331969513816732,-0.0369217577658395,0.14967620973864149,0.31295717645880483,-0.193522628045388,0.3203931903030883,0.3124086516966962,0.14481797689400078,0.08664914613608654,0.5449955299143652,0.23754809849958902,0.3138747731498224,-0.17700617805648988,0.24699811123168902,0.1986818525792149,0.3809405598785536,0.40971508332547013,0.1869882241560552,-0.29041122499340954,-0.06013707836545068,-0.29107465720253967,-0.13827628310607565,-0.3352315617514524
NOC,,0.5727270966851787,0.23661488376443862,-0.02393595818128702,0.0031803057086041697,0.15678963010552738,0.12630430923528957,0.14626169303214143,0.1845625553628183,-0.4122217069478771,0.28463281302895815,0.19649215884129667,0.033251074930609636,0.195908568766189,0.7440575178000042,0.3138913501906422,0.30472484561077096,0.2520084376866243,0.3388494813423468,-0.18952249579234115,0.4268853421386436,-0.0991916157675593,0.29293870555481827,0.4301889133499084,-0.12791134534323412,0.01931735869416018,0.23614715790943075,0.010038947596279435
NRG,,,,,,0.6461183691845289,0.30707341779375685,0.1886674280380185,0.5475805698481997,-0.46169816654273366,0.012001738957520436,-0.1723844276805654,-0.07267154752340466,0.27981317437165076,0.2701715040543391,-0.044596844234772504,-0.5502390602149194,0.06458012929882417,1.336942217300829,0.3958952366765711,0.006884385937486748,-0.021409549557171226,0.1854133168663683,-0.2346687073561694,0.6936937267121883,0.7858095874323265,0.7890554236151064,-0.25091947026359973
NSC,,-0.31831163432040177,0.3956410334471743,0.10405410898468737,0.20124602325827556,0.5513309828304431,0.25531638216824337,0.1374023968815845,0.02197952027896055,-0.048323880617397674,0.1520438787887708,0.22843403200667733,0.18760946828637115,-0.12752255718518735,0.541590961993222,0.20750344794658648,-0.20354747816412888,0.31477601782181086,0.36850564592118884,0.05220386548189726,0.3238851741071034,0.24764868606156099,0.2726005410219665,-0.15589547488255484,-0.016342675831187425,0.015511586857414938,0.25646606611970535,0.17284932285805787
NTAP,,0.5455223504092976,-0.6592794905831502,-0.5427523841425697,1.043999019058771,0.6252447376621364,-0.18723664275923702,0.4548152269313219,-0.3645622073097523,-0.44030447061417854,1.459556488558234,0.5995344490980994,-0.3400657313549754,-0.07499287934959653,0.23560516071219384,0.02427248675585525,-0.3468528877820841,0.365599404598574,0.5994450357787047,0.09668709806710818,0.07431882044841887,0.10936608889442323,0.424693585280981,-0.3291730326271106,0.5114881987300399,0.34163591498581725,-0.05874165856586744,0.7928996290818695
NTRS,,0.5508710244137764,-0.25406046191926623,-0.4090927834800806,0.3444605447172344,0.0676597123227205,0.08582334569552508,0.1910988668290683,0.28184174100315595,-0.30755858748498366,0.026799305634639392,0.08111239220297528,-0.2651253584801373,0.29869290447277663,0.26113168416000976,0.11110386899885727,0.09084584746620217,0.2611245119130652,0.14178536495003513,-0.14680494104352604,0.3058577096870918,-0.09292178843461929,0.31653096246126733,-0.23817132262328755,-0.010233964480009683,0.256275873235029,0.36922760133499755,0.3720351022763029
NUE,,-0.2640124208390743,0.35529266261590564,-0.20812696688172116,0.37939513036809824,0.8909768154131368,0.308492594537745,0.7045084393639054,0.12772245352745992,-0.19365411023790058,0.0421042123584523,-0.027680604595291425,-0.0628727087002896,0.13122553352893207,0.2753907729653131,-0.05404690187279848,-0.14924904675400108,0.5218492515169129,0.09600740626475623,-0.16360940938348467,0.11841887115420824,-0.017627309516923817,1.1844649125064435,0.17387776964472512,0.337527737362884,-0.31952170958428894,0.42034556691573277,0.6812685856648946
NVDA,,0.3961405313600548,3.0835603870786104,-0.8279515629869029,1.015627976889792,0.015517496353584903,0.5517869231927042,1.0246127788016128,0.37881764614014424,-0.7627866007091628,1.3147461214602827,-0.17558905640864098,-0.09999979712001716,-0.10973334343975982,0.3352380160605266,0.27395789414464966,0.6711554025686997,2.269603214108682,0.8198791566409589,-0.3081525479344438,0.769430174012323,1.2229572943663936,1.2548203979655783,-0.5026464626579724,2.390172632756469,1.7124928099396381,0.3891653167692817,0.20232257430325018
NVR,,1.588481643437091,0.6504854572689396,0.6004901960784315,0.42725880551301687,0.6510730137640826,-0.08760075679148971,-0.08119658119658124,-0.18759689922480616,-0.12929389312977102,0.557720596104452,-0.02770469225515415,-0.0072646513695150405,0.3411078717201166,0.11522827148437509,0.24299952623855536,0.28829405456978563,0.01582471089470472,1.1019891975453118,-0.305348578314504,0.5627515612992342,0.07127651738574303,0.4483021382126271,-0.2193803575563288,0.5176864307487887,0.1683391316490388,-0.10834340722993441,-0.12377051249321003
NWS,,,,,,,,,,,,,,,,-0.1542343952037205,-0.06717693224622412,-0.14120943663964347,0.4283205054552912,-0.29465796829999846,0.27444180375011906,0.24464801606610664,0.277282207277896,-0.171998537815779,0.4102112857771414,0.1917968616186705,-0.020094369271436485,0.0992121379166333
NWSA,,,,,,,,,,,,,,,,-0.1293009330401862,-0.1419269987174675,-0.1278173923622592,0.4367736790553314,-0.28993185188709103,0.26424049221380597,0.2919594915884449,0.2520088791841315,-0.17565849813406764,0.36408709094714564,0.13032961701417456,-0.044780884486296246,0.09644643771905725
NXPI,,,,,,,,,,,,,-0.26564742659732843,0.7124266133031023,0.7450608384292823,0.6634006976366249,0.10274872492349552,0.16332345004168736,0.19467441955800946,-0.3705094216037037,0.7572561592385347,0.2660320895170152,0.4482759494729691,-0.29214438770033513,0.48392211225052506,-0.07968205931105077,0.06393247357510767,0.11384592281442729
O,,0.327103860767056,0.2813236970253572,0.2747523881319569,0.2161110138251785,0.33868884908590546,-0.09404378677004266,0.36036292538459147,0.03269261358557074,-0.08222114318136098,0.2081869958056226,0.393243449013974,0.07528426320284254,0.20312064229353877,-0.022951714522717603,0.34348646876894695,0.13377025191131153,0.1578464070287482,0.03678618479900608,0.1594792589832157,0.21273343607988449,-0.11594287893431499,0.23958031471525976,-0.07371240058228545,-0.04545689568610578,-0.021022151391760557,0.12209478458379963,0.14289248388007958
ODFL,,-0.11627785506146693,0.33473595178466775,1.2397469273337465,0.8000008177682287,0.5316897233617661,0.16206906904408536,-0.10719594469033944,-0.039883577312372465,0.2315011758478862,0.07870729398149479,0.5630292575330103,0.2669586891711986,0.2686894890873026,0.5466748230572156,0.46435265942228154,-0.2391809533003707,0.452344859782021,0.539471458279656,-0.057859641756931146,0.5435632242120929,0.5481260714317451,0.8414865546588177,-0.2048020419127814,0.4345578406724939,-0.12505728533400673,-0.10471368015077631,0.38352544019386614
OKE,,0.9998500209399699,-0.23528332407758623,0.11279371974789143,0.19195540413104983,0.337277856005181,-0.028032882233739453,0.6774512772927201,0.06926400130436838,-0.3239357324723461,0.6129351676692625,0.29294145895026036,0.6128377041516242,0.014913619716516724,0.4966434638506614,-0.05332933522470418,-0.47416933808970707,1.4962503638478117,-0.021152111187214828,0.06269661071016541,0.47761534333371136,-0.43447619209747823,0.6467061337137812,0.18857918007324015,0.13209191919555363,0.5010125489261548,-0.22939836576933936,0.2205512868960504
OMC,,-0.16420766573791568,0.08831648426834726,-0.26912363410999696,0.36769635429344816,-0.023293802747555326,0.020286333232802045,0.24136316191610052,-0.0814783091294029,-0.4246655261300539,0.4827424136258287,0.19364305947543925,-0.004065012314619976,0.1479210802898261,0.5267147809285673,0.06911983478252237,0.0036471784432989818,0.15415941412600387,-0.11926225209726227,0.039359343873484054,0.14374426438889376,-0.1958079656988735,0.21876443442488425,0.1571748295818789,0.09567593146565101,0.02490475704624595,-0.026231031462267795,0.0775339788558862
ON,,,-0.6057142984299433,-0.3381642275600599,3.7299270047587134,-0.29938272399848564,0.2180617304567658,0.36889690496480587,0.17305150767150335,-0.6171171113119411,1.594117484538205,0.12018145762961097,-0.21862351206779274,-0.0867875152416493,0.16879426215437587,0.22936898007538198,-0.03257649752990821,0.30204081434053665,0.6410658431385152,-0.21155683821357407,0.47668072821206575,0.3424938748524211,1.0751603763788067,-0.08171377188873574,0.3392656759625934,-0.2451813700650065,-0.14115777666735096,0.4989842268084377
ORCL,,0.03736772971644142,-0.5248170676165832,-0.2179581434656992,0.22500020852598812,0.037036932800329936,-0.11005832122520887,0.4037673132918864,0.31738609096745174,-0.21479163031775683,0.39386974851626055,0.2861250535955506,-0.17462095475339856,0.31716960999149046,0.1568236031918384,0.18974793998366146,-0.1763106097601138,0.06886587711876646,0.24936851432021578,-0.029695873122058014,0.1934329675979618,0.2425087124041747,0.36889465519946474,-0.04645953759246935,0.3094159544452115,0.599903319175787,0.18128096387882042,-0.23842750199777263
ORLY,,0.24418595077030103,0.3633643477906294,-0.30655353129718566,0.5247129838361111,0.16830967464296331,0.4210873853368322,0.001561786887984029,0.011541030610988212,-0.05211232581079683,0.2400780359456769,0.584994938138907,0.32323735978998336,0.11844894621670421,0.4393872700624972,0.49654264343542387,0.3156473833047384,0.09861102314592629,-0.1360224680882549,0.43148757261686677,0.27279059452742227,0.03265186724085578,0.560487905655592,0.19512052245844047,0.12564725802724008,0.24810531917533352,0.15377808497812806,0.02543580438670534
OTIS,,,,,,,,,,,,,,,,,,,,,,,0.30405419084263463,-0.08757925957579493,0.16044266408114272,0.05166337637760532,-0.03991156885196301,-0.1438967706214983
OXY,,0.17598120667042472,0.13468160698325415,0.1106903419291636,0.5306850554072784,0.4127864897064355,0.39142942263313807,0.24269078999738447,0.6028442732142898,-0.2066408872922113,0.38347340891149195,0.2277579118002353,-0.02622006259463261,-0.16096781522927672,0.27749595675294825,-0.08929198024139928,-0.12654554719295608,0.09968813210483063,0.08485613575519024,-0.1304890956703153,-0.2828314532101298,-0.5663282286616113,0.6771098265077238,1.1909835821558334,-0.040777901189097965,-0.15909996128213266,-0.14945249333860589,0.3724449148130142
PANW,,,,,,,,,,,,,,,0.07380412769912814,1.1327650117836119,0.4370563745468161,-0.2900533468543496,0.15905639919187609,0.29950317610248867,0.22776750466057383,0.5368215682794826,0.5666169861892909,-0.24811413802039828,1.1132293182653967,0.23412916237694348,0.012310343766349652,0.9753528305095598
PAYX,,0.8359703259317448,-0.2758641535145899,-0.1878258128412842,0.3528118530874427,-0.07046616136131267,0.137080611438535,0.05653294354014271,-0.06019841736614229,-0.24623380794940386,0.22106713765671948,0.05356979927256855,0.01430316364456119,0.09667763131290852,0.48919869975152186,0.049617270526078894,0.18401658149119582,0.18976359484729666,0.15408318533377363,-0.010790963091876327,0.34526288207816713,0.1325475797626221,0.50164025368165,-0.13158136840924983,0.062117587248422534,0.2130612411536723,-0.1748836816336924,0.10650184022174658
PCAR,,0.1685581903792841,0.3677353292815475,0.09096766861930417,0.8980753143997888,0.47288541282451013,-0.10431040164087246,0.46927075868361934,0.2982836960526294,-0.46355166381745627,0.2898404665273737,0.6036034268627872,-0.32480557022324263,0.25167240200783936,0.3496222727086451,0.18285833370533844,-0.27103673986917953,0.3837985275832423,0.14819586299154563,-0.15318257556569448,0.4504678568173235,0.11740591164969572,0.05625582019578923,0.16996875754677343,0.5501312461545422,0.10810960206651754,0.08033782757286612,0.2224556927098329
PCG,,0.025014735165016067,-0.03800029851499398,-0.2775466681569234,0.9978420054398833,0.1984155197461137,0.1621373654080982,0.3158541666903758,-0.0608747205930239,-0.06463588191162939,0.2016190545177332,0.11623337836352543,-0.10038467277751406,0.017176615156792696,0.046315080660844554,0.373651932530775,0.034690321002974756,0.17902396352454675,-0.24508524691737266,-0.4702209673922755,-0.5423156839207632,0.1462741661151561,-0.025682155235814186,0.3393739736378487,0.10947479969086027,0.12253446295217185,-0.19724186031401592,0.09278256737054758
PEG,,0.4867519636792008,-0.09001334576038322,-0.1926456921388192,0.4400772221206879,0.24354381064281183,0.3025864654651065,0.05657414435051411,0.5213056985647755,-0.3861347934277397,0.192082227447127,-0.0006367092028658483,0.08294329411884815,-0.029030455931105092,0.09428624366204041,0.3438480801374133,-0.02839311261470001,0.17786799440551193,0.2177352780174735,0.04675780334714408,0.17089796972885707,0.023663274127300626,0.18343892564568431,-0.05091560408997298,0.03624332129938623,0.42627884098387736,-0.018937457456615014,-0.041954326968361544
PEP,,0.4262675979133006,-0.005433950378235131,-0.12136260389565356,0.12043117168536654,0.13810650992014684,0.1523916613690055,0.07864003819670362,0.23880852376818296,-0.2596063211346815,0.14627472141939069,0.1069174575945171,0.047618608133843,0.06395296945540041,0.24648049946501072,0.17265888096947046,0.08748467942665861,0.0779596311074533,0.1781809630087876,-0.04812878223874972,0.2737591260223482,0.11671732680662883,0.20556453245477502,0.06783467306078261,-0.032903808337911955,-0.0760159611182456,-0.018444818702768262,-0.01241835159292648
PFE,,0.4305556800855066,-0.12474648724447979,-0.22157085042998514,0.17748295116282709,-0.22301720453391494,-0.10629256838854306,0.15258977633002058,-0.08135543586064764,-0.16957897655529808,0.08200117950486274,0.00315118983773921,0.2878406846624255,0.20425197542620666,0.26206175483082617,0.052765281014662824,0.07087934424346654,0.044248265745830295,0.15901807748896335,0.24818928572856325,-0.0690792100989408,0.03069463199814204,0.6669509543875374,-0.10407978701080645,-0.4126410171328535,-0.022170822037571924,0.00647037476885437,0.13016924489345638
PFG,,,,0.26677625396888205,0.11329672732206109,0.25567475910677584,0.17329049108150785,0.25455228299784527,0.18860710904840694,-0.6648272811293829,0.08540337821084654,0.3816866089123454,-0.22270803656685656,0.19387772363947375,0.7723302200680757,0.08038390728917966,-0.10791106183480903,0.3312815626429153,0.2552124118614689,-0.3496190936969338,0.297132583865787,-0.05186750940333862,0.5135080802862375,0.20097752139008862,-0.028339410795708786,0.018715356223993673,0.18375191910238908,0.3074801418003008
PG,,-0.2709348259961919,0.031077129491637878,0.11499892767012954,0.1847970084921251,0.12378659426421734,0.07187975125573254,0.1338328671471447,0.16642723272583515,-0.13809860014606057,0.011782079974025583,0.09364048390305246,0.07063504472128135,0.05203606919184112,0.23646349901133812,0.15423902421130542,-0.09969587277528758,0.09360320837802916,0.12695231397446283,0.035695269570235055,0.39700443697070376,0.14152525885437472,0.20522078054568182,-0.05047956408095178,-0.008576926117071948,0.17253788688925176,-0.12259887329377728,0.03994832526781855
PGR,,0.42223901662223606,0.4538773244865826,-0.0009807774011550974,0.6867302158276054,0.016253979047353928,0.3777760924893967,-0.16860300131293526,-0.13177719406897037,-0.22094897153325932,0.21471951903389752,0.17159450148782662,0.0020031282568815367,0.15439057672492473,0.3086684608511785,0.05313251734529323,0.21020654314792053,0.14900190772454058,0.6158701690223849,0.09394886665618607,0.25135045441481174,0.4148315562368683,0.10839126864278192,0.26806977423893774,0.2315785516029365,0.5139284468028154,-0.030215596021521796,0.006618191799379725
PH,,-0.12535720419064766,0.05781690710487619,0.02074229410387507,0.3117958938130212,0.2894755400243587,-0.11736236687233181,0.18002978407909453,0.486430469088152,-0.42550568919609977,0.29376697397021645,0.6276434028946545,-0.10077143138837608,0.13744419292167698,0.5393026390814049,0.019822392399787114,-0.23068814848376207,0.47573330169080497,0.44914204962552273,-0.2399546887251358,0.4075205544986513,0.34783701703710634,0.18303256833713255,-0.06911577625924692,0.6081127932382762,0.3957817435322448,0.3954217996834495,0.22679435979409668
PHM,,0.8872872381692658,0.06353672694139711,0.07505667821762452,0.9618572632625313,0.367709513543347,0.23781854745537,-0.15426342726941633,-0.6787782168688855,0.05015472978605273,-0.08508669990771545,-0.24800039417465525,-0.16090397011522006,1.877969710363915,0.1314045941855504,0.06568436430760993,-0.1555684090946603,0.05140482940611446,0.8343211951289835,-0.20762302159142898,0.5132698698494642,0.12552562472025053,0.3402923803509941,-0.19224745480908,1.287619314326336,0.062239026573072564,0.08537350603048588,0.1382049776360721
PKG,,,0.12558119451374083,0.004958508961660835,0.20690557670533893,0.10603011768743387,0.018804909591512153,0.0072059857245003744,0.32849914146187387,-0.4929154283688236,0.7742537133792919,0.15165863853789907,0.007075585854599442,0.5737307745097995,0.6935338013347598,0.2611403693122507,-0.16554295225718174,0.3908553555214864,0.45508762410898007,-0.28847767442867744,0.3835055005083887,0.2719502617324727,0.015498616142736399,-0.02618682795612859,0.31900231041881977,0.41698243533264434,-0.06080029608020898,0.2570815842587293
PLD,,0.37949694139935297,0.07251700966627861,0.11453745805574189,0.27056729048098616,0.28607627858566254,0.26806291668362325,0.23279994312770458,0.016551617180463385,-0.5800775880539171,0.15570596350465893,0.293843767037814,-0.06415315551578915,0.3188077562788061,0.042959126844843265,0.20277891921132274,0.035899984369054616,0.27358033680630367,0.25940208081073934,-0.06248399123111137,0.5586562719905601,0.14740372083775233,0.7233008384852881,-0.31326054312983,0.2158099169413792,-0.18123058817198034,0.2507816100468694,0.11478158207150368
PLTR,,,,,,,,,,,,,,,,,,,,,,,-0.22675160618198031,-0.6474464360754326,1.6744548087615634,3.4047755921584306,1.350257919544839,-0.032292576614143864
PM,,,,,,,,,,,0.16509718226768277,0.27164550496516093,0.397817179457604,0.09655660052506776,0.08499870504168983,-0.02117478392613481,0.1337925856813018,0.08561143689185724,0.19848477376583662,-0.3329610737668294,0.3502128023085862,0.03690408816108337,0.20776412502396324,0.12308173703621872,-0.01854228661792623,0.34335402732841525,0.37986767376014763,0.20229413754276826
PNC,,0.7040135466948139,-0.2068522938454771,-0.2252124303517068,0.3615954461559716,0.08936357437658526,0.1168285423327673,0.23602703102931955,-0.08290443265439318,-0.22217331418239095,0.1019078252531389,0.15810066894868657,-0.03089789773424123,0.03653727866884293,0.3645199379710873,0.20301812179991185,0.06803401456025027,0.25811750007891754,0.2595357561741469,-0.16977140687810688,0.4090556724394627,-0.027761849607542466,0.38184646560523716,-0.18593618736776574,0.027135878844780636,0.2939127592529225,0.12240517440036336,0.23843335424103795
PNR,,-0.35846223183833525,0.5450952067124435,-0.03446431358349544,0.3520913709548541,0.9343727660781711,-0.19662457386721355,-0.0749496160248665,0.12856852580977085,-0.30527291914660193,0.4014462097746876,0.15617292907560731,-0.06869938320882052,0.5088110010104832,0.6069716498613209,-0.13162483451576767,-0.23814529666219786,0.1599830307397152,0.28669609980104394,-0.1887037411200515,0.2368071775227829,0.1788822461129893,0.39242690601420205,-0.373764346548107,0.6416000767883281,0.4000152023668915,0.04528927417220463,-0.33190078224777086
PNW,,0.6202738713647393,-0.09050353684094736,-0.14633910806399242,0.23479469942332387,0.16099993054691875,-0.025725702174129395,0.284319997221802,-0.12257940163898995,-0.1938529972441988,0.2177699835797049,0.19648387910209464,0.2197465848329776,0.10342734431936385,0.07863449014479085,0.3453373141966223,-0.02014086542221849,0.2535873929843171,0.12674731867472144,0.03576835766761288,0.09062824531557134,-0.0768078740433441,-0.07775011116378283,0.13005171570609453,-0.011786992805741914,0.23455360622947263,0.08921454164821441,0.17094488544069808
PPG,,-0.23468126032003156,0.15273225715723693,0.0013421821000942913,0.3203777642649659,0.09657713487246111,-0.1261611745218979,0.14234183657680322,0.12448356540977557,-0.373820053720737,0.4440987620179513,0.48229749358468155,0.019627204998891035,0.6571402916083224,0.42310661359061963,0.23507204857009012,-0.1338088580663872,-0.025979638432353402,0.2523595617482888,-0.10997922064063037,0.32806263197881513,0.10076589484836385,0.21277405918710524,-0.25707271581821556,0.2119287425030707,-0.18459213932567775,-0.11956842241277532,0.18283314496274117
PPL,,1.054281871243529,-0.21002360139141307,0.03860332975315228,0.31195407717218115,0.26113037931213356,0.14878358866210872,0.260855731362287,0.49297976170367996,-0.3909234628456073,0.10314736994917939,-0.14155148923333616,0.17557457009124922,0.023570286469112744,0.10344680775991844,0.26162944842781233,0.05770050363635537,0.041177530612598545,-0.051948991638194886,-0.03011667160095255,0.3342144183236615,-0.16870372048420224,0.12879653158820203,0.0035077518150323783,-0.03769195737249742,0.23992529391952,0.11384345586024103,0.028351494859086612
PRU,,,,-0.030574156867123614,0.3339585656467956,0.3329725600837057,0.345413419214589,0.18708187171483392,0.09686762370010027,-0.6632822415208739,0.6684113063766717,0.20530993634636152,-0.12107042573671711,0.09891860951876508,0.7716094288407245,0.006424218007904825,-0.07361729421175278,0.32501317110508054,0.13652095431982159,-0.26462300529008875,0.2010450348434485,-0.11395168234420716,0.4531568846293297,-0.03861863033972435,0.10086495983673971,0.19458344136202577,0.0017874948540654856,0.10383149312949369
PSA,,0.14088684776915605,0.4499551562175321,0.020248092588640798,0.40956496289812794,0.3317825174287714,0.25106712059145897,0.47452203100570545,-0.22868384244721385,0.12117705760526465,0.05925105969482036,0.2858274198834716,0.3675182648762303,0.1128036851252665,0.07377715831098697,0.2683693808523959,0.38398221013104505,-0.06877568222772346,-0.028929156937054668,0.006219875829456045,0.08962681145229312,0.12691423461103302,0.6662515019660202,-0.20197220964112317,0.13603225997067314,0.020925007006288743,-0.09687201161789294,0.2902682030926358
PSKY,,,,,,,,0.25616184575370093,-0.09800558626254863,-0.672275881327632,0.7660159337098529,0.3740654538147903,0.44486203637659294,0.42069131416136196,0.6910523852179864,-0.1238534431106535,-0.13855468072893118,0.36641778511020195,-0.06172822878967421,-0.24864807354719665,-0.023403771345304025,-0.07580515555800138,-0.17168783222743011,-0.4180303562359795,-0.10429489962499527,-0.2796127044949599,0.30041732040944047,-0.30732508982967366
PSX,,,,,,,,,,,,,,,0.4833745008878878,-0.047630407693953325,0.17148779452587504,0.08980768433313191,0.2094498925089543,-0.12282814490522542,0.3397502541530564,-0.3385167716672993,0.08509556566068488,0.4958004272367591,0.3307084320865923,-0.11625853009976783,0.1751345131504527,0.6047655490923824
PTC,,-0.5034642032332564,-0.41879070902979654,-0.6773367316864978,0.5634920767075047,0.4949238387006638,0.03565362342475353,0.181639374279585,-0.009433966258347248,-0.29131656312666687,0.29169965575748646,0.37882499854672647,-0.1895250922160283,0.23274917561489272,0.5721900946158456,0.03560333873865562,-0.05511597199627216,0.336124719336659,0.31337799560291635,0.36415996217567925,-0.09662246066099267,0.5971424967975696,0.012875185249301424,-0.00916220054784278,0.4575142067600224,0.05092585768981972,-0.05253705694158328,-0.15211525732574693
PWR,,0.7090714184495905,-0.5206213512532052,-0.7731691963282823,1.0857143412909371,0.09589031514158908,0.6462504927543455,0.4935454138412352,0.33401146085618305,-0.24542689345440116,0.052525338461804516,-0.044145658336512295,0.08132492295926275,0.26694528355916813,0.15646760796690984,-0.10044360150454579,-0.2867204795056948,0.720987103586282,0.12223807764812489,-0.22934880686327785,0.3584146085909099,0.7774234397547815,0.595009893673085,0.24633023245743435,0.5170390615554143,0.4660130661487252,0.3370254228327918,0.5928300786520837
PYPL,,,,,,,,,,,,,,,,,,0.0903315152611559,0.8652140746940067,0.14221669005167836,0.2863598563915086,1.165110463099062,-0.19479072595415603,-0.6223353450045357,-0.13774218926682025,0.3898386984194653,-0.31441170641772354,0.018228074836069252
Q,,,,,,,,,,,,,,,,,,,,,,,,,,,,0.6920765298762763
QCOM,,-0.5333569477588582,-0.3855512940769181,-0.2794061092898248,0.49143210651904523,0.5820240327527635,0.024902447188175136,-0.11311311353767073,0.055348058255677346,-0.07636470221808955,0.3119005903445866,0.09006842902934586,0.12247903440833996,0.14889769256912877,0.22360540744876944,0.022566997812987877,-0.3063280069000073,0.3509071801820265,0.020464118044423385,-0.07588788465601826,0.6076410681750852,0.7708317536131359,0.2225328782420466,-0.3858256020826494,0.35073652666348165,0.08310452899267284,0.13838638125466285,-0.008700932675319129
REG,,0.29489477842314304,0.2699022421070214,0.2494562044320594,0.30655658451797896,0.4624298038884347,0.10843213195801416,0.3763954853617375,-0.1458503249294495,-0.23317747653866805,-0.19807775348713197,0.2666773097784103,-0.06815096713360624,0.3037007000107417,0.01797245007435233,0.42536275841971816,0.1002474654922505,0.03997047379612306,0.036155316656444114,-0.120027883167102,0.11429714456107254,-0.23861729020535327,0.7140755393343874,-0.1359474288812419,0.1185184074799579,0.14896133531160438,-0.027792600030491443,0.13874760072991443
REGN,,1.7659316193138581,-0.2014888193764538,-0.34268453194074144,-0.20529455614631575,-0.3738952539445983,0.7263841349303501,0.26226434286567146,0.20328836066239786,-0.23975159730956808,0.31699366737913626,0.3577337173386814,0.6883944576706109,2.086235333873176,0.6089317728781352,0.4905173533640792,0.32326629315090005,-0.32379756280124483,0.024163078314753728,-0.006543334964733916,0.005301274695001634,0.2866464147164536,0.3071969455958139,0.14246578466086346,0.21732809726189495,-0.18895806229025403,0.08959457323020481,0.018923452893472303
RF,,0.13991536827398243,0.1498828976286568,0.15230904600565576,0.1563585411448396,0.23337963842685427,0.0002770822368596271,0.1495428878044882,-0.3361135052469255,-0.6403393424455786,-0.31388906934102867,0.3309415274942904,-0.38077013724211506,0.6684411755692019,0.40207911357267956,0.08627494205708741,-0.06927491846840872,0.5341370468252766,0.22946762929407316,-0.205858112250612,0.3334838315869446,-0.016141508061512044,0.3939416577832562,0.023270030450246226,-0.05689752759175293,0.2700342191912266,0.20225742531560953,0.18211608780776434
RJF,,0.8957973438378541,0.030974124713940343,-0.15777000147099052,0.28850998554619656,0.24618841606307873,0.2295150518359308,0.2198034358151848,0.08786696730009469,-0.4635395836393861,0.41765222217975495,0.3984793062209935,-0.037151174094612216,0.2629147114607526,0.3718992660578062,0.11121586159593777,0.025334854046191735,0.21305917337083047,0.2998690514467621,-0.15650011121434593,0.2279567033722758,0.08700891850888759,0.5948318435935172,0.08316966267289638,0.061197794526182125,0.4083155429074192,0.04738773684865927,0.11123194529809455
RL,,0.30769265365967735,0.19932795652697277,-0.18684653310414612,0.33095903596442167,0.4872890083493995,0.32359144524554284,0.38771471441209826,-0.20233029188041607,-0.26253685522159176,0.790630607853537,0.3759265989264369,0.25226485008702837,0.09587238885889371,0.19209368960393225,0.06012919112150028,-0.3879664232571651,-0.17212997681537445,0.1753271354880075,0.018165570758905236,0.16070026175511432,-0.10628805247366668,0.16658594160097073,-0.08407376977507508,0.3982020793151846,0.6285296745848536,0.5502645805064352,0.12435969962194648
RMD,,0.9101798710488653,0.35222570953749877,-0.4330489133941885,0.35884850457335116,0.23013943121272407,0.49941263994503515,0.2847829451901749,0.06724821531519787,-0.28650252465244463,0.39461055022011915,0.32542505100947605,-0.2667435430468318,0.6509446945645487,0.1523587490728533,0.21632855710262144,-0.022875381581533127,0.1800537450120261,0.3905727392796039,0.3638165495416734,0.37845999802960817,0.3832984487926545,0.23411229119052712,-0.19469750143218978,-0.16545078342338815,0.3418478280610373,0.0626439248974271,-0.11544551462918506
ROK,,0.02097231424783641,0.011625459070650823,0.20029179155109533,0.7653658056030854,0.4175542138696484,0.21296543334429097,0.04758667330926625,0.14871358165762594,-0.5192582383427868,0.5090754008345506,0.5612783160700745,0.045172983423232616,0.1720907386533448,0.4372982419629221,-0.039032859204287784,-0.05539255657801623,0.34457450767705944,0.4887176280373564,-0.2178803035681336,0.3784854852582733,0.2617324225593185,0.41214165283885484,-0.24775186000015492,0.22632341147002988,-0.0623100423821048,0.3836295527644993,0.14102022468752007
ROL,,0.35487719027551434,0.0047703611543901125,0.2848699964552601,0.3422257683461467,0.17879082427085735,0.1352779579866128,0.13538678355814837,0.31819503010647665,-0.0440973443008148,0.08328925987919744,0.561704496771724,0.14109844584396103,0.011374243423354136,0.39860203299898345,0.11196649399782177,0.19300385786820384,0.32751785139809697,0.3960999961311751,0.17697637565640068,-0.06949995907898343,0.7847426268915088,-0.11429648537750303,0.08098940585536218,0.21192212779782937,0.07555196785206064,0.31065726481695966,-0.36715072476302013
ROP,,-0.11761667699169276,0.5098146126457412,-0.25421800467511513,0.35848128378261346,0.24268515839953597,0.30849350593082536,0.27823324274788197,0.2505121650473079,-0.3020884750339301,0.2152462216572868,0.46907411573627855,0.14297338820301775,0.29257542597004704,0.24887586880383372,0.13388635317376774,0.2212793724779285,-0.02884124016190215,0.4239001026040192,0.035156629267715456,0.3366390226403051,0.2238917110948988,0.14689425324949967,-0.11642377383696811,0.2692536191372683,-0.0411448477334444,-0.13845217880859628,-0.08989511538012462
RSG,,0.20614066659267727,0.1618904933219003,0.050576061420897656,0.2277092741140745,0.32456480882452965,0.13621639152473053,0.09922689505582416,0.17564289127924737,-0.18862402899399244,0.17982862061018112,0.08254711762026168,-0.050244603282041944,0.09977148480696818,0.16595105159143242,0.24763968569272166,0.1239541156211379,0.32860716369354037,0.20963004338551472,0.08854067113904351,0.26617019803261477,0.09534441820716855,0.47027337835768845,-0.061629468449009295,0.2963789119997533,0.2303046287924515,0.06444425392021436,0.021261470431912732
RTX,,0.22585753256947116,-0.1673801472035099,-0.027215667882425576,0.5539146945065898,0.10739217977573534,0.10041344749414716,0.1365610735641687,0.24460401282902833,-0.2848740690914685,0.33186402457164443,0.16173558211297068,-0.049721617710416166,0.15146221230486834,0.41862092652341,0.03232407237267321,-0.14449082357155307,0.17140205792962382,0.19131343114173038,-0.14657368151604278,0.43821355638212656,-0.21953879496334172,0.23266478719062933,0.20013921071028573,-0.14438306570466108,0.40761956374733077,0.6144079353745324,0.22520658316722297
RVTY,,1.5417382706089802,-0.32691708450575785,-0.7571661168674365,1.1201632655125273,0.337774406462078,0.06188694488016133,-0.04400756566155273,0.18333480017773862,-0.4593166460417266,0.5064642932740728,0.2703466377601089,-0.2162640445453764,0.6043560102869732,0.30954936825922297,0.06752570549212034,0.23211500896892545,-0.021209438384050094,0.4084975332329952,0.07803690357717574,0.2400659879259801,0.4819923388781491,0.40370560203882144,-0.30129008556936776,-0.21865408091842775,0.02368289470899354,-0.13070259250431537,0.187508054686929
TAP,,0.5489585931005818,-0.3251574619004839,0.16200028876746742,-0.06942820272855121,0.3653103551060448,-0.09678307960233001,0.1632197514777054,0.36976730660993806,-0.03780724814856917,-0.05693922967453313,0.13930523523955518,-0.1068283995511099,0.013385135866061049,0.34658611052101684,0.35684344097719545,0.2875250614041174,0.053770693543210735,-0.14106226563569146,-0.29883158194688675,-0.004370339627942976,-0.15195113845561836,0.041165270814990995,0.14394111184815483,0.22154504356032878,-0.034253976759353044,-0.15532092857688284,-0.050103806783446836
CRM,,,,,,,0.8919711582516265,0.1372855666948083,0.7198902631429613,-0.48939225516578244,1.3045922571252282,0.7893454047789188,-0.23136364625245553,0.6568108426252979,0.31326577311156845,0.0746512755238724,0.32186791733463194,-0.1267855274283366,0.49328049484218184,0.33982188213062714,0.18741350815730495,0.3682363462311178,0.14200329108219956,-0.4782590742847844,0.984613968926825,0.2776369279936497,-0.20246630280358646,-0.26872994586773724
DIS,,-0.0038672277870182015,-0.2763760075917059,-0.20301579454698415,0.4440090096939775,0.20224611140129967,-0.12860455010309613,0.442652285655075,-0.034863795187751845,-0.28655176473639055,0.4377215517419315,0.17582283291887713,0.0165213876788759,0.34812251294691365,0.5533883583460857,0.2485231019676566,0.12929848261720456,0.006719801730130648,0.047602009769423415,0.03607821302545933,0.3351348740208473,0.25271369014307643,-0.14510428311708845,-0.4390858075312617,0.04263661027228305,0.24442787769849783,0.033032730960504075,-0.07081063449836389
GWW,,-0.22307710015816662,0.3378439016658388,0.08918161915676381,-0.06606828099356576,0.42699422151919175,0.083335584721979,-0.0006719097914721361,0.2713595624245426,-0.08199979165166427,0.254462360788815,0.4529818792257103,0.3782481981573571,0.09751982145208427,0.2804484660910891,0.015233033954311193,-0.18910797671235824,0.17271282302561097,0.04345601610367256,0.21686140354702355,0.2224889704915034,0.22848292883971588,0.28797626150209044,0.08747421925638821,0.505342842637468,0.2820708486534351,-0.03412169905895368,0.27105104011331704
LUV,,1.0816495797403225,-0.17247971593154554,-0.2469477984827705,0.1626433769967326,0.010017896900984535,0.010603104454252943,-0.06641881511785086,-0.20256477578474674,-0.29228513251603394,0.3294495787171907,0.13747940453992058,-0.3391488880906497,0.20086654325186748,0.8558559026037968,1.263059451319497,0.024380982621459824,0.16795702741890128,0.3239838120395633,-0.2821334831902945,0.17721679670434987,-0.13320895674489697,-0.08088392662250199,-0.21405213535742018,-0.1182412949326932,0.19112327887788716,0.25617129638888336,0.14830830425990937
NOW,,,,,,,,,,,,,,,0.8651347962108675,0.21139083212641285,0.2757553915982205,-0.14117376417318006,0.7539681908436491,0.3655188978774877,0.5856220088210453,0.9496669943092344,0.1792780912472438,-0.4018425566950693,0.8195843790665698,0.5005449181683232,-0.27748744980732565,-0.18480321650766074
RCL,,-0.4531695423165294,-0.37206129046082637,0.05927042645460734,1.1341812243084646,0.5834923860626466,-0.162021967686248,-0.06776308526394903,0.040570348232618736,-0.671031357175118,0.8385458666349574,0.8591767111841528,-0.46876466542349393,0.39337561814663524,0.4207669095077695,0.7694574661480043,0.2473194023847436,-0.1710054911288098,0.48220885724036955,-0.1613458419518371,0.399420635434087,-0.4350131591784646,0.02958899159853634,-0.3572171490838204,1.6196645143841901,0.7898310334166532,0.2246066714842192,0.1593746530973459
ROST,,-0.04974895412321689,0.9137437897541643,0.327813602083477,0.2549959075115682,0.09836961118659615,0.008804317630156655,0.022988179046240287,-0.1184879134864596,0.17640392714349495,0.4528616291346279,0.4988080640667407,0.5200536873303596,0.1487516019986801,0.3997256708425374,0.2713162480020648,0.15241752169802836,0.2302263405641849,0.23529162039633467,0.047809814593932076,0.413388989181694,0.05813591381411576,-0.06034459900929168,0.02937533644528334,0.20640401394762242,0.10389248051860545,0.20406474375149508,0.42263726840765603
SBAC,,1.1899996586487802,-0.6829223660420123,-0.9685099921114698,8.170732904924522,1.4680851300544746,0.9288790609106881,0.5363129829845481,0.2305454661616877,-0.5177304721248629,1.0931365157682587,0.19847806912674204,0.04934031409760764,0.6522349205644398,0.2657083473943116,0.23285893926114998,-0.051372480414449084,-0.01722659743964383,0.5820253963917299,-0.00899824281878292,0.4929867832867716,0.17810709188395246,0.3895278484511715,-0.2729968865691108,-0.0815256669430956,-0.1817527573135318,-0.031290234841048314,-0.03632532225390728
SBUX,,0.8247413018735656,-0.13898294131642708,0.06981660817586399,0.6270850634593081,0.8805795703848638,-0.03752430036024734,0.18027334959482966,-0.4220781282677082,-0.5378601029659551,1.437631714217992,0.41241536527533174,0.45365475255084187,0.1827829838357362,0.4810686231879575,0.06243524118817234,0.48211269204122686,-0.06128902491655552,0.053605128248821465,0.14736091419216013,0.3908527296124922,0.24188340277096954,0.1114562943624513,-0.13176353295449605,-0.01185125059878378,-0.02478820345348276,-0.05264976169713764,0.2692518644505557
SHW,,0.28373501372998455,0.07141058313209192,0.04876332667834227,0.25623383876807737,0.30704659337572626,0.036913817910356306,0.4275159928926344,-0.06955936183717504,0.0557102660908706,0.058944738851320455,0.38638454369810704,0.08502059437320919,0.7448279494737395,0.2065001668622355,0.44852728500737626,-0.0035116383527076245,0.047878716444948566,0.5411436567030858,-0.032287987368531335,0.49697441799192354,0.27051900855359134,0.4489539367560984,-0.31962915476858755,0.3272562753710422,0.09900172297457477,-0.03828287597650737,0.1465245069788086
SJM,,0.44256562448198244,0.29478169341012417,0.14964087088781075,0.16359869332933563,0.06111569379156934,-0.0441631814909762,0.1298618486841172,0.08504576114682583,-0.04883278349895148,0.46677892320721814,0.09089474461803015,0.2215893294771718,0.13136589622961492,0.22732677599319895,-0.0014374855395419273,0.25010076136386816,0.060300823492325684,-0.004893881809578948,-0.22576955740234683,0.1489515939224353,0.14504151155030787,0.21045273826426647,0.20056893248436203,-0.17794613770984047,-0.09609081388985652,-0.07563244932416258,0.2545721918935753
SLB,,0.43892555363052566,-0.3033170211076698,-0.22200149930562718,0.32133858263699744,0.2385055090804662,0.4660817121235965,0.31053956593500365,0.5710920891975906,-0.5649698591064587,0.5619992675185155,0.3000068343434181,-0.17156883996665073,0.030058544558331457,0.3206397054869172,-0.03629663587789145,-0.16315805530463778,0.23526644276137776,-0.17369148659299383,-0.4465889550407425,0.17728608917327393,-0.4381304392708196,0.39595248829793017,0.8115245188347251,-0.007763319526759793,-0.24469937814702192,0.03273532556697534,0.33127851274621256
SMCI,,,,,,,,,,-0.17470664918160184,0.7567139969593157,0.037769834303373884,0.35875207918967433,-0.3494897910697491,0.6823529343016557,1.0326340300431034,-0.29730503607311465,0.1444308833675949,-0.25383248294542216,-0.34065932250846886,0.7405796802236713,0.31806825759291724,0.3881870292155396,0.8680318711665194,2.4623630283817426,0.07225775361090148,-0.03969813328887861,0.06354624782759699
SNA,,0.08750728081923587,0.2487390587199636,-0.1369224720096791,0.18817711774037393,0.09998588573128675,0.12490808068406611,0.3015060828494509,0.03537770274406937,-0.16256356255007998,0.1136706188230967,0.37538322970550064,-0.08432168503984405,0.5940370965606196,0.41053710321870596,0.26783218008718057,0.2711518596525637,0.015298045764793544,0.03642376714475448,-0.14864642019523033,0.1953592700086697,0.04029804561218042,0.2883289076701585,0.0891209432206812,0.2970424341940985,0.20673854012223258,0.042755187951970974,0.22420963617448142
SNDK,,,,,,,,,,,,,,,,,,,,,,,,,,,,4.106622023771262
SNPS,,-0.2893258426966292,0.24521738487112987,-0.21872351846443938,0.46738892701289947,-0.4226225964365816,0.026086969247294922,0.3325025051779382,-0.02992889078791272,-0.2857693698496806,0.20302376543979106,0.20780965072150082,0.010776697033509475,0.17058820806985153,0.2741834013944491,0.07148142833850901,0.049229338153991886,0.29050646399230273,0.4481820757708008,-0.011731581711184491,0.6524216580982394,0.8623562925131851,0.4214627907787092,-0.13354136080075474,0.6126717384333278,-0.057388649150662885,-0.03222347247997959,-0.11438731765029198
SO,,0.4870769399989001,0.31800668059196324,0.1761893703700752,0.11746257254036463,0.16163857223421352,0.07570591083693512,0.11684177622888203,0.09855132624579377,0.00019283401614322848,-0.04910460849043419,0.20721128145013212,0.26939759746887093,-0.03549722825757129,0.0047551679682806824,0.25242793107429984,-0.0009273164632899178,0.09920218995604513,0.024158896088785298,-0.03751941123554281,0.5165281861684254,0.006276601808959503,0.16335467709388274,0.082415275647997,0.02213245883661763,0.21719007622165587,0.09472884544818339,0.08017825114469934
SOLV,,,,,,,,,,,,,,,,,,,,,,,,,,,0.19951560387941902,0.04719845524975819
SPG,,0.13514972202946685,0.3183914746167704,0.24023596094507416,0.4447430627458031,0.4665029143772512,0.23285284027364406,0.370406223835164,-0.11395094462219957,-0.3606757597840672,0.5758954000242975,0.2845196761924058,0.3356991805583829,0.2601656667152574,-0.009213398912777948,0.31148838721806626,0.10218993372726004,-0.054997896721331374,0.009821028475211602,0.025531435070792696,-0.06742819336050743,-0.386411132959819,0.957168725763087,-0.21907689166764288,0.29243560689294035,0.26921095899051606,0.12941292286038042,0.23146372135187443
SPGI,,-0.03170364720622887,0.056956935691907074,0.007261683741773606,0.17761919858558417,0.32933970480721353,0.14168391335711616,0.33459590628342006,-0.3465653646808715,-0.45567714731096987,0.49341234510960197,0.11979813977167897,0.2658589730330232,0.3011743078024589,0.45900787278070254,0.15459734720078666,0.12248660091864916,0.10549978607349764,0.5931712112014289,0.01373692279877492,0.6226677955859794,0.21396337362468332,0.4468415381524473,-0.28384831884649875,0.3279496082859499,0.13935315617858524,0.05707306281045099,-0.17054205975613057
SRE,,0.40785096590508996,0.09944031738526404,0.006021065222841626,0.3180820783410039,0.2556948018434939,0.25605042549524115,0.34887960715508437,0.12732852991609667,-0.2916750465681135,0.3560243644301626,-0.03349703916454394,0.087676340995263,0.33828760453862494,0.30391987306121915,0.27294610362906724,-0.13155221204236123,0.10142771040224408,0.09431041014781161,0.044886356148281514,0.4400788975807426,-0.12780958777204188,0.07387460736817464,0.20299344202194014,-0.0005734525958901449,0.2110700029036594,0.03944632240118384,-0.036488710576407346
STE,,0.5731705160519789,0.1330232936097493,0.3273122292849968,-0.06804100218627152,0.04955751386487672,0.05983831190281741,0.013083440559032766,0.15498932912184915,-0.1642029939080173,0.26185237890465407,0.3250598905215967,-0.16507196397087454,0.19093342354649567,0.40947434402170635,0.37211776690258724,0.17861729905357926,-0.09140441200190386,0.31725339573926425,0.23658086604613215,0.4408863922725561,0.25497941271979374,0.2947458137224268,-0.23433363912762784,0.20192610107836884,-0.05602885762642873,0.24263703557082184,-0.05813208103043377
STLD,,-0.3098039536091818,0.05545492736463098,0.03617592205632558,0.9118863593198545,0.658554838364805,-0.05065689648027838,0.8603458078162938,0.859963530408886,-0.6177868702706255,0.6234011220511162,0.05261260938451784,-0.260694180720182,0.07806122760504297,0.4620077968673444,0.034654756877077864,-0.06818111091148815,1.0346286030319147,0.23336378551948367,-0.2901940085235526,0.1677802734429894,0.12458564713403697,0.7141932859017814,0.6013517527130201,0.2275111228449731,-0.019942980324046622,0.507027900948223,0.5571515624862786
STT,,0.7105746907693824,-0.15142717097815273,-0.2452260656063795,0.35380617039240025,-0.044132335176655046,0.1454749143490639,0.23229854038957476,0.2192945841145073,-0.5072367129950992,0.10809565500499696,0.06534954682564487,-0.11408826220929313,0.1919806646138047,0.5860658608035103,0.0869369762281853,-0.13879728564590987,0.1981391958642944,0.2783824710503737,-0.3396960636099736,0.29347360397841626,-0.04759710281954277,0.31034216498103206,-0.1375190210511652,0.03538236552249807,0.3017979112707687,0.35544669759845604,0.4577462205989964
STX,,,,,0.7781496731518589,-0.06897196966904773,0.1783090151456057,0.3448487376230882,-0.02197629603678697,-0.8200460684966602,3.1385113187064695,-0.17372225302513467,0.13003041776111846,0.9535616911175293,0.8978681523033498,0.22450466962302773,-0.4236472092766732,0.13408088108862182,0.1666952690613719,-0.029003592544302848,0.6214080973020566,0.10139198306185859,0.8750301952131392,-0.5141506923769142,0.691195471316699,0.04060541713255472,2.2526243970668434,1.9585617262768409
SW,,,,,,,,,,,3.212962967582685,0.08241762015816678,-0.3959390203892167,1.0168062691176547,1.0841664318202762,-0.07562295112672013,0.1652469647383954,-0.08515528763328417,0.5043337345866992,-0.20573146629988293,0.5037072488907726,0.3180459750047493,0.17340612889435092,-0.2802031946266862,0.14086877152299127,0.37638477719592345,-0.2622965463701077,0.273943426066398
SWK,,0.07300869783226838,0.5298134076556258,-0.23823377451712224,0.13569097882767234,0.3265897486562568,0.004996358687623825,0.07184723168901819,-0.014635838004103285,-0.27510222513842353,0.5661096852800684,0.3292823452625573,0.03566410172332635,0.12344146418184976,0.11797524844014595,0.21842145984411787,0.1344241649401432,0.09644394767893827,0.5049686158852666,-0.2813324379818729,0.4117518024479119,0.09725031152332897,0.07281667584978146,-0.5892107998846873,0.3555249523532209,-0.1518822078519766,-0.03167671088358115,0.42926432258866276
SWKS,,0.2911667118001029,-0.41081069615966126,-0.6045872629419807,0.009280972719453606,0.0839084628075002,-0.46023370875785286,0.3909629132004606,0.20056495133032848,-0.34823518583391777,1.5613718683532363,1.0176181097459702,-0.4334614544463341,0.2515415798504741,0.406896510323995,1.5635311383844566,0.06642048879516516,-0.012146147080549508,0.286874224986869,-0.2830248000674185,0.8410322131662387,0.28360014584527016,0.02726755104035483,-0.39946205940404533,0.2654633931909829,-0.1886161036670475,-0.25487717735053916,0.13688443255356875
SYF,,,,,,,,,,,,,,,,,0.02218519573646227,0.2037932999920895,0.08349809198180158,-0.37841881212790984,0.5748119625793189,-0.0007681890448163475,0.3639684897672588,-0.27426038301164457,0.19761869891913952,0.7401257205314944,0.30636262473540965,-0.04623969235079628
SYK,,0.45559189050704596,0.15578533612636458,0.15197899738088494,0.2686938045120546,0.13730827422889158,-0.07693089680057075,0.24534675461588717,0.3617093163729823,-0.45991224886121596,0.267114106935332,0.07897529411217441,-0.06123444812039203,0.12106080586511236,0.39294225026863616,0.274093366954707,0.00013434297697378916,0.3068851082395836,0.30837557364825985,0.024349321129571555,0.35328829829804076,0.18167078126534797,0.1022458767539074,-0.07418961589263928,0.2379979536679362,0.21342177380472838,-0.01480216591470851,-0.030202066133702687
SYY,,0.5347092663649686,-0.11698308927765366,0.15522027256430038,0.2683591583614062,0.03688748092819205,-0.17248090861546284,0.2097145238614624,-0.1320956404989856,-0.23471158997508768,0.26743225572789187,0.07948407839978233,0.03503807621576849,0.11884806536645076,0.18897728825500315,0.13396110720244203,0.057708011092338696,0.3875824413499942,0.12466624214971422,0.05482619965763913,0.39640117086989557,-0.103991800546124,0.0828949509160104,-0.0032637649886386733,-0.01704165993451534,0.0741410282762871,-0.009825059825683047,0.16867170507318008
TDG,,,,,,,,,0.7038852451482964,-0.2568076194187344,0.6722027700616977,0.516319331740011,0.3287042132157312,0.5612859517080038,0.36801043900686703,0.3984862576134045,0.16348374804599897,0.19128744358759886,0.198418744248668,0.2382929085343195,0.844075980035647,0.10508929413265822,0.028165315436865956,0.01773064338112884,0.6656763948951465,0.3226513298390381,0.12152944138951849,-0.07865547054648048
TDY,,1.5033112582781456,-0.31047615172371035,-0.03744632142838744,0.20216836827787343,0.561273194143094,-0.011213045201634575,0.37903781931457226,0.32893098459016334,-0.16463533269337793,-0.13894497716533305,0.14624610326094944,0.24744136800922267,0.18632637201485158,0.4117104816531645,0.1184410753442986,-0.13665564733750535,0.386696778262263,0.4727641780201981,0.14308591940966897,0.6735403307458656,0.13112483788582785,0.1145721781809832,-0.08464375414046876,0.11597610576903628,0.03997399896102527,0.10040291645286237,0.35355270479978573
TEL,,,,,,,,,,-0.5548566934531642,0.5704553203815665,0.4754256812970279,-0.11116654457362407,0.2335529630621893,0.5156894885481478,0.16914504626403093,0.0418222874036136,0.09776272371925554,0.39876326261518025,-0.18873566098674688,0.2936524470122046,0.2894857831416078,0.35120514730187735,-0.2766043437569152,0.246244989876089,0.03511570438416811,0.610685650325187,-0.04254007835455831
TER,,-0.4356059677721602,-0.19087266752801724,-0.5683477432822759,0.9561875718087582,-0.32927317774568754,-0.14645551660307476,0.02676717246214655,-0.3088235864909066,-0.5918761985204656,1.5426551611917625,0.30848061081974354,-0.029202367993099276,0.23917854803321958,0.04322077370999833,0.13371237826627014,0.05726284400845816,0.24307528496262587,0.6615895229289013,-0.24373847009395633,1.1892900269355402,0.7672765056337443,0.36807547184034917,-0.4634811736437948,0.24778155787870682,0.1651056900185197,0.5438607581715682,0.9612105947593617
TFC,,0.40677129002830803,-0.004471147276688958,0.05648935128831534,0.08100027947800559,0.12840400540550867,0.03388794426885111,0.08905791812275199,-0.2713664469087944,-0.04481376934775083,-0.02039293590122726,0.059543032138511975,-0.018462794628174684,0.1858908392838965,0.32758563930028717,0.06891950711769668,-0.0011216706978547375,0.284461258406308,0.08659075172437114,-0.10240455207258414,0.34551703689880386,-0.1115976243570469,0.26081860870024287,-0.2353251975232511,-0.08588882549132992,0.23718268456225666,0.19045184702472828,0.08589138758180548
TGT,,-0.11561059183314104,0.28035553038059646,-0.26457495095136263,0.28975078869049864,0.36144624772969824,0.06580303743568883,0.04655670781543808,-0.11567745504828753,-0.30010959533813386,0.42482036730444195,0.26319673266206745,-0.12979285482095815,0.18172178015714335,0.09486773581263952,0.23828178902428787,-0.015982852770503708,0.027384040915922725,-0.05835500420951634,0.04670526719412682,1.0017281548864156,0.4047200858637119,0.32905477606486966,-0.3424057209813153,-0.013502523119762744,-0.02267674279160259,-0.24498844069885928,0.56164975789487
TJX,,0.36868738667509615,0.44395970136247187,-0.014874573463542484,0.13746644114460627,0.14804496755494734,-0.06655701257044966,0.24050267807508852,0.019688319192954662,-0.27400214713738247,0.8051076079137427,0.23057691147850146,0.47390380860713077,0.32958750449623886,0.5171837189729891,0.08836877589223935,0.04606333094843462,0.07357391991861428,0.03461729081406073,0.18942433657795466,0.38756633970738164,0.12254153496909748,0.12826708446934432,0.06731468570032595,0.19689797723668767,0.3056365995449144,0.2872616833900299,0.05687263756503591
TKO,,-0.07246373343940882,-0.17812507434289482,-0.3878323619820849,0.6452919435843181,-0.052800659263798955,0.2701529621893435,0.17641464023582554,-0.03710490081125761,-0.17489526072693462,0.5437845016675349,0.01793261243187505,-0.3015247296579836,-0.10309147915419592,1.2006387473963844,-0.23047539412928264,0.4872931424887428,0.05833073628748919,0.6971592286522066,1.4635035280091166,-0.1260785382644911,-0.2507523995954317,0.0358235486545595,0.3990348805567858,0.2394816378094804,0.7419707825752293,0.4892400635274943,-0.1002804523236569
TMO,,0.9833327364560598,-0.06773380496530379,-0.15674753118680063,0.25248519674401093,0.19801587161761525,-0.001987719269279209,0.5031530550686019,0.2735706653429735,-0.40932727689266923,0.3997642054265449,0.16083103964419032,-0.1876806910188863,0.4317247013242327,0.7578432978463783,0.13063647016784574,0.13746894518765296,-0.001165078696052424,0.35026156010374465,0.1821009641124498,0.4554992231245012,0.43719609146279903,0.43539557962841036,-0.17285101817509796,-0.03355711541295103,-0.01722804816303447,0.11777323425030084,0.027152029560409296
TMUS,,,,,,,,,,-0.2365038149978672,-0.4861952669556179,0.6553080235989457,-0.31274747939113134,0.1451613943224792,1.0423125179401027,-0.1991675066108548,0.45211598044599244,0.47009197433716343,0.1043295776963229,0.0015745129392328305,0.23282501102771813,0.7195870847392309,-0.13993317222947488,0.20710438769826034,0.15021378419393128,0.3970330605896779,-0.06579189268934837,-0.11836078597628419
TPL,,-0.05977134535820372,0.04408969773089999,0.11823190567892561,0.40432486464793693,1.468063197570015,0.10329526364278085,0.46288845771036646,0.03455436794411515,-0.48116817583546556,0.3160293624545374,0.2223370676560248,0.12052139069688517,0.3257998617224549,0.8714207052992693,0.18244324939990286,0.11174786213959376,1.2714985252277802,0.5117727033766282,0.2220913123334156,0.4543649859592862,-0.03195680710966342,0.7325017421336084,0.9129163080330935,-0.32397700947524943,1.153145399219511,-0.21610586631453166,0.18919902217034634
TPR,,,0.3558263404491433,0.689070864024592,1.2934391141466142,0.4940395462415399,0.18226974298259924,0.2885417120443379,-0.2881749403639994,-0.3207978212319581,0.7719732489247533,0.5328233211270479,0.11914167971694334,-0.07411709882282969,0.0358617557796046,-0.30757334744665066,-0.09339079880813295,0.10810189953989546,0.3048220145432805,-0.21392851356951315,-0.1596808437214381,0.16862667552447363,0.3229018527952614,-0.03316653685861992,0.0016327625728780326,0.8280437577307371,0.987332414169678,0.27776621282759995
TRGP,,,,,,,,,,,,,0.5611043964142071,0.3421724086670077,0.7196806634765986,0.2315321334070921,-0.7336206395913075,1.3081522059737343,-0.07086324398046806,-0.1988212777981877,0.23980666885514013,-0.32482348723870613,1.001457745443958,0.4370899179003538,0.21009195192135666,1.1012473002486773,0.05650564153790594,0.4128009042338292
TRMB,,0.10982649170746628,-0.3245832324028015,-0.22948798198455944,1.9815850019195653,0.3308270445634267,0.07415256340952636,0.42941665660771844,0.19219396980050107,-0.2853835722911944,0.16612679552022858,0.584523773661908,0.08690210854452052,0.37741927828391364,0.16092343497861772,-0.23515849187321092,-0.19178598255473167,0.4055943378157063,0.34792702831979416,-0.19020668450613376,0.26678817441523917,0.601583085692158,0.30582607196312206,-0.42011698637961925,0.05221517638334272,0.3281955385108384,0.10883094273225158,-0.24045948333758704
TROW,,0.15911350605115415,-0.16312269296416548,-0.19795886762751735,0.7703966979748929,0.33165988102002664,0.17566527449768676,0.2304995829709111,0.410105998474396,-0.4055779126970541,0.5425508777651549,0.2373787185147116,-0.09812881750511837,0.1870737243950562,0.3127081977256194,0.047072444381294876,-0.12258221283118953,0.08472561145240043,0.4338360932131293,-0.09749380411139208,0.3560968268847915,0.2811221635289587,0.3490666604107169,-0.4224139734907041,0.033523523290039714,0.09682610718670781,-0.04667822579050518,0.1438428062638759
TRV,,0.656657969384643,-0.16919722679452598,-0.20029856869735718,0.20235120896040515,-0.03635535609507001,0.23198765288358825,0.2291610659700709,0.02377432144028413,-0.13771632764785857,0.13477113469020185,0.14838536603225427,0.09309971583635623,0.24851226418763028,0.29086316845270765,0.19611729898867591,0.09095688179454875,0.1097095130327641,0.13358203462123108,-0.0964453276371584,0.17004364337520017,0.05308524493552458,0.1396286893438088,0.22421247834753233,0.03929826480640508,0.2875842017142005,0.22375506306458992,0.33531641510730403
TSCO,,-0.46874986163668675,3.0094115677863726,1.2065726154333047,1.0739360058972203,-0.045652731663773594,0.42273580865231764,-0.15545901003171436,-0.19615296656540093,0.005564468480413476,0.46568952311162626,0.8458907643924722,0.45692131214114373,0.26968600949744315,0.7704018985123124,0.025419049165574137,0.09406795366828691,-0.1031670110091657,0.003249883498199768,0.13344407829802463,0.13531130538988223,0.5233289201169995,0.7156899247341284,-0.0397234950565466,-0.025517280880923643,0.25430459222430923,-0.04159645939948997,-0.3002108011672503
TSLA,,,,,,,,,,,,,0.07247485038347645,0.18592428832869712,3.4413941131092427,0.47849487724209805,0.07913318504879152,-0.1096621296709317,0.45701711084217744,0.0688935444900336,0.2570011888547681,7.434369946079432,0.4975555924013577,-0.6503151169866452,1.0172105464518206,0.6252414813331912,0.11360936335891059,-0.2693676383519069
TSN,,-0.20349811447331945,-0.08171907421328017,-0.016393362925570143,0.19810917721619248,0.4026469859307009,-0.06213744522228193,-0.02781736126779666,-0.05994180717031139,-0.42048798818416744,0.4209504344313686,0.4170772595608827,0.20905623508605142,-0.04625980010617747,0.7391934334962467,0.20797719876564735,0.3438057240025305,0.16866677067244562,0.333894415551379,-0.32822862652384976,0.7390855482540222,-0.27345179335642444,0.38472486565629294,-0.26898466070682425,-0.1044377068303245,0.10467439998795158,0.05684709863369486,0.006520722805342993
TT,,-0.2266871806725812,0.014367888620922642,0.04628060434006365,0.6002039637933112,0.1985817029688577,0.020124980439657048,-0.013909430106992637,0.2060583981838413,-0.6173280464840941,1.1100727316579464,0.32766808966550864,-0.3454664708345927,0.5979215476131794,0.6306924318876095,0.04601035192886993,-0.11080805795322257,0.38540800186099555,0.2127280344410345,0.04407999153264286,0.4832253313396959,0.4341525189720348,0.410152972124862,-0.15341478662241925,0.47393447306633063,0.529700488521825,0.06137486452512264,0.24504238758223296
TTD,,,,,,,,,,,,,,,,,,,0.6526924540734034,1.5379400968230739,1.2383250698266925,2.083378108325476,0.14406992678352815,-0.5108031194932696,0.6051750199712116,0.633268486306265,-0.677018637975521,-0.6364594171874023
TTWO,,-0.11111112954073743,0.4060868785824474,0.4526901868370481,0.22690506992642856,0.20714777709011023,-0.2368496044364633,0.0033897939774714114,0.038851417389305754,-0.5902186318204454,0.32936511465631546,0.22089554476580364,0.10431945274796539,-0.1874538690848,0.5776567191767876,0.6137017462506107,0.2429539528761735,0.4147531773723634,1.2272265518403342,-0.06230639837810381,0.18933356714133853,0.6972146758815976,-0.14471337907029258,-0.4140783449348324,0.5456640852159358,0.14370925953015434,0.390862647938675,-0.037222195933031776
TXN,,-0.017958622388512424,-0.4075060109636668,-0.461896075384434,0.9659473068366526,-0.15896421733727228,0.30777567173288056,-0.09820350717065274,0.17013776961479699,-0.5275815906672403,0.7184302941679463,0.2707553423230187,-0.08876096482455653,0.08713109006488806,0.4628656414375891,0.250923400597292,0.05174302216423232,0.36711301039852406,0.4674589300147671,-0.07169505811518662,0.39563456000865216,0.31701313279254606,0.17530931082039514,-0.09857415504436828,0.06409014450705053,0.13136418012900775,-0.0447298016766382,0.6767085942085458
TXT,,-0.3785316356185937,-0.07219170565746602,0.06844781101060149,0.37126679681628794,0.32156449695104894,0.062399259634187576,0.2395507412051523,0.544416714201061,-0.7996125933505503,0.3673608857530182,0.2617434846861453,-0.21467913805508898,0.3449824437827398,0.4868675844100976,0.14784770508134581,-0.00048073053359065643,0.1582613840973408,0.1672193847618768,-0.18624475260825935,-0.028633860944433764,0.08597851813091517,0.5992948936636098,-0.08182905535019525,0.13712190393082047,-0.04798688993887634,0.14077587374546363,0.02636951273981536
TYL,,-0.6931818181818181,1.6962964093243635,-0.08351650516734255,1.3093525031777706,-0.13187958906243513,0.05023924563902171,0.6013668390920022,-0.08321479668389953,-0.07059742256390411,0.6619366117016958,0.0426921340022115,0.45038536986438804,0.6087677729921972,1.1083815059628273,0.0715754957855308,0.5928362887011904,-0.18098899567550952,0.24010644920817703,0.04953405321262361,0.6145731201602904,0.45496968534913096,0.23236054647243787,-0.4006692139677298,0.2968580080268963,0.37912566101226797,-0.21276706320182648,-0.3117083295406249
UAL,,,,,,,,,-0.1895454558518307,-0.6695375570922643,0.17150628957704983,0.8450813304695033,-0.20780851885008178,0.2390036100134283,0.6180497514532113,0.7681733056311504,-0.14336971505596985,0.27190223776269407,-0.07519204080763131,0.2422848881507016,0.052072050712464124,-0.5090248405266803,0.01225430703576591,-0.13887615774061168,0.09442964155304123,1.3533689390250294,0.15159630743584684,0.15864780819339108
UBER,,,,,,,,,,,,,,,,,,,,,,0.7148621517317013,-0.1778431312710631,-0.4102075038815659,1.4896886710276283,-0.020302095276850896,0.3546087449911546,-0.08187495430626612
UDR,,0.21293624137560552,0.4502171134292985,0.22247293703444204,0.25358961850750483,0.3736752877542904,-0.003134179643919044,0.41801200414223594,-0.34613927628466734,-0.18832362175303718,0.27158321129377483,0.48813098790406606,0.10268688386419456,-0.019273143160702944,0.019736434278728954,0.3720545605415415,0.25991489544039226,0.0024900853775522425,0.09105119637810488,0.06407619173345802,0.21485040856387205,-0.14538140433632396,0.6112460434311853,-0.33436285561844425,0.03117234724164053,0.1828734094390121,-0.11752070032184614,0.07667471102387036
UHS,,2.1041654194311654,-0.23436223564692893,0.054230482857341444,0.19294403065403753,-0.16593374545119766,0.057024236902415426,0.1931334915049383,-0.07092362888403736,-0.2615413650738393,0.6329066948105517,0.431645828218417,-0.10087201834762782,0.261135880495438,0.685640362225097,0.3733141743357482,0.07740603215248032,-0.10678805752877873,0.06927976393491053,0.0316210031697477,0.23620653356697985,-0.04004752073386364,-0.05163463502913168,0.0937219390209525,0.08832801979220206,0.18185596161954765,0.22015001004906054,-0.2021455910421227
ULTA,,,,,,,,,,-0.5172011670660125,1.1932368871442156,0.8722465444468683,0.9094118865671106,0.5304909605248225,-0.017708176830198652,0.32449234131914073,0.4471214432064847,0.37805406725084456,-0.12269553024141855,0.09469727411691609,0.03389970256454111,0.1343920532293883,0.435924192364463,0.13758066520386958,0.044598850029855974,-0.11236963745373063,0.39105147944264673,-0.06588318326667664
UNH,,1.311833701206445,0.1536920357184064,0.18035456491258128,0.39399927795530787,0.5137811123042539,0.41224661539789964,-0.134875826042419,0.08378697795716361,-0.5425564058661759,0.14754048960704558,0.19910762840158536,0.42188975066803036,0.08602644182765484,0.41043035355011304,0.36456123281085473,0.18271310322134449,0.38408226383400157,0.39835052337146903,0.14523924730346938,0.20002990730822945,0.21250239591295528,0.45203638263873747,0.06936279697878978,0.007952375720018168,-0.024103608907640628,-0.33135743129393536,0.24984956864476482
UNP,,0.18510931052542534,0.1394277898760079,0.06482152109812023,0.1796593220951581,-0.012671454676176697,0.21838564570358598,0.1586549246880138,0.38327422472382744,-0.2273235193350681,0.3653633314126141,0.47591949737045747,0.16688226013453633,0.21219629198663292,0.36275046613993744,0.4445210955218468,-0.3283549995112892,0.35978766941506235,0.3230107469538326,0.05262152693157818,0.33699826882465955,0.17635031342282037,0.23313379571336146,-0.15933761392807122,0.21608606927352314,-0.05102429008916454,0.03858879580705321,0.28044588326491393
UPS,,-0.13841780765655476,-0.05985221384299699,0.17200232701473261,0.19888319785085562,0.16395361721292678,-0.10521419606306492,0.01754911971727413,-0.03501314277735179,-0.1974065456338544,0.07770747393063893,0.3026737556080872,0.03839180595098446,0.03856008022042223,0.4652055161754196,0.08669025813390596,-0.10925387848639179,0.22716844719138418,0.07140441349180016,-0.15476017621638127,0.24236363638291625,0.48643210538921,0.300190270480835,-0.16211086793654084,-0.05958109451026583,-0.1593063736471666,-0.159336608697774,0.08623261848455877
URI,,-0.215328398445084,0.6893019679395667,-0.5259911320815873,0.7899624292826233,-0.018691371879533958,0.2375659270474666,0.08721675749120639,-0.27801794707903016,-0.5032681505867955,0.07565821790758687,1.3190616777063573,0.2989012318910005,0.5404397890732375,0.7124343780986009,0.30865934729780387,-0.28889318036046807,0.45547288202178193,0.6282439230185319,-0.403583346173338,0.6265483988753902,0.3905979710881966,0.43284033830403934,0.06960782054185555,0.6361756183802845,0.23965408253312037,0.15916916617493015,0.44302179479867543
USB,,0.13251250787224067,-0.06815514416961455,0.0521923292501556,0.4528098874070241,0.10508980141463087,-0.004628911542493674,0.26325520033152716,-0.07918748456235347,-0.16606406514343086,-0.09062597791832161,0.20799330783449999,0.022774576099793498,0.2097175771320552,0.29585083607313023,0.13768999084175837,-0.028150976714285125,0.23413755459657937,0.0661217810631014,-0.12360656878781706,0.33622209449007223,-0.1785457517990935,0.24322477950860377,-0.19129856527572653,0.04790423594329041,0.15624771580935137,0.164846098018383,0.22100983561464416
V,,,,,,,,,,,0.6786062323114366,-0.1899178013014835,0.45408130191538154,0.5046688827393715,0.4805634620403365,0.18635837604920802,0.1913737627558798,0.013712057701876557,0.4717649317775814,0.16487582396081413,0.433270528627679,0.1712417303110707,-0.0031492217268987988,-0.03404728481902497,0.26307969731292236,0.22318320873647934,0.11758297118725691,0.03789617717911109
VEEV,,,,,,,,,,,,,,,,-0.17725853262255575,0.09238926725312768,0.4107452417602375,0.35823090277761516,0.6157742703908271,0.5747873280642222,0.9355182206165262,-0.06159781183640378,-0.36832625809607844,0.19296070422268863,0.0920943036259596,0.06173600821659475,0.03243294195104851
VICI,,,,,,,,,,,,,,,,,,,,,0.4324642959795173,0.06009802056558278,0.23774426412623417,0.13008876364940059,0.03580818267655417,-0.030705794698020816,0.019022175634464844,-0.017360308227092114
VLO,,0.8921492964812441,0.034021284003283414,-0.020888468538065252,0.2678557458716313,0.9764487154073493,1.284529093349425,-0.00331474182078928,0.3790788730537591,-0.685474590819017,-0.2022196160378158,0.3952133294247633,-0.07841784906686189,0.6620944888909468,0.6493015006050307,0.002488865239035132,0.46825243251135795,0.006597102508993258,0.3998712710265844,-0.15730717832505947,0.3026796103575575,-0.35690744086376713,0.40253658587853947,0.7495392017482583,0.058623534421678114,-0.029575296653833294,0.369745362868092,0.8596094125131362
VLTO,,,,,,,,,,,,,,,,,,,,,,,,,,0.24288495020675271,-0.01584066663984751,-0.01148490541265168
VMC,,0.2216810603598045,0.020465741002730686,-0.20004839497066462,0.3022624709014734,0.1734597903127586,0.26402094313520497,0.3513187973437044,-0.10307472622739045,-0.09146959248543574,-0.21726690599669962,-0.13722626797375947,-0.09487317494746106,0.3240311048584479,0.14246676721268314,0.11001445397953002,0.451154957993267,0.32716003109251335,0.03424294288827845,-0.2228248930920268,0.47134550194965663,0.04145319613137688,0.41090297645980023,-0.1486555116637044,0.30753678193464684,0.14119353465264584,0.11703935779314012,0.0020209654081400075
VRSK,,,,,,,,,,,,0.12549532257276952,0.1775232104539286,0.2701224568068725,0.2893857109311353,-0.025410760953432088,0.20031211663931114,0.055801560031267794,0.18270284891240807,0.1358331643414894,0.3791756426658408,0.39886661729016937,0.10851540537604354,-0.223303325558162,0.3623610728611415,0.15999187241777224,-0.1823244638947218,-0.1379583715428908
VRSN,,-0.6114566746292425,-0.48724512362095673,-0.7891693051381393,1.0324187588757163,1.0613498597501256,-0.34821427965492635,0.09817333626539115,0.5638258091125006,-0.492688169317964,0.2704402786312812,0.4666582818895588,0.18321835448863255,0.08678616478684886,0.5399278437581738,-0.04650391001029486,0.5326317826236808,-0.12923539852509103,0.5044039443474366,0.29578811306027597,0.2993457609948369,0.12310568178090842,0.1729205887447871,-0.19060750940556903,0.0025311177664577578,0.004855262325635712,0.18414013694698128,0.22017794716297634
VRT,,,,,,,,,,,,,,,,,,,,,0.1255101778269152,0.6935618655693208,0.33795444637437067,-0.4525255610378026,2.5180532204298345,1.3682302790200551,0.4280509893213935,0.6821277193580215
VRTX,,3.0857142857142854,-0.6560839139498197,-0.35542902468011384,-0.3470031462226375,0.021255971521350947,1.6177862701209946,0.35236711477296323,-0.3792089610117939,0.30779163837391743,0.4104674015086387,-0.18249708222386618,-0.05195545984146188,0.26166825296509155,0.7732696979943434,0.5989232593840008,0.05917507237970443,-0.4145275602248013,1.034206655831345,0.10576542131964195,0.3212840991932666,0.07942452446692316,-0.07083011971635211,0.3150272802960261,0.40899652458066327,-0.010297629065747715,0.12580077379904964,0.09420774517525254
VST,,,,,,,,,,,,,,,,,,,0.18193577145552697,0.24945390883130458,0.024628159915413228,-0.11870611073389703,0.1957406773566397,0.05075383890100227,0.7073555322589977,2.615290593469293,0.1765698239177096,-0.12614558344210236
VTR,,0.5979519749042337,1.2334915418103258,0.07499501493896221,1.058621566399761,0.3103326701570681,0.22664337588384287,0.38197864092078215,0.12048184138100937,-0.21879775932585577,0.38569646428122883,0.25441460093854373,0.09717996969777531,0.22303769690351305,-0.07630402879996745,0.3090995768071183,-0.2757969252746796,0.1613107006580754,0.007098152329934271,0.03446016866009716,0.034274225358190025,-0.09802516724250088,0.07725181407223136,-0.08525361491044414,0.15062458348773755,0.22238134767649043,0.35092811956927195,0.22136138442652897
VTRS,,0.006900607561409089,0.4970699875329512,-0.06433107372638591,0.6353416260893041,-0.2958135166370853,0.14166175318601226,0.011487965815542234,-0.2912995543718927,-0.29658634011677587,0.8634990625078838,0.14650024728803168,0.015617712767145076,0.2791236701713409,0.5810567598368253,0.29884775819582,-0.04080176360405041,-0.29443311429680297,0.10904320631694908,-0.35239891019801717,-0.26642349060035964,-0.06766176923101419,-0.26118540420925673,-0.14291725366943797,0.020570610419961444,0.19683254774227388,0.05080766856423313,0.34073258437564125
VZ,,-0.16196015873301073,-0.0252329841854404,-0.1517808074301631,-0.056797326113195656,0.20300175184092728,-0.2219698831890844,0.34617340975624344,0.22206918940206322,-0.18067101187420065,0.0377523859333575,0.22558621809366897,0.18191993202816792,0.13176239759422703,0.1860288795484628,-0.00547554451206389,0.03619847216407912,0.20699491917425838,0.039754939795019206,0.11257697604584482,0.13836449499529047,-0.0013092169812802812,-0.07548875902549079,-0.20021625428430412,0.027132116242222892,0.13142619953392365,0.08862753538686086,0.2134793673045996
WAB,,-0.33567457565966685,0.05004750366718369,0.14485860147027663,0.21738279760134294,0.25409337240673957,0.2640360060762821,0.130830888072887,0.13492276446914264,0.15529286209269655,0.028570226995545456,0.2962415198392889,0.32426902032832494,0.25408390156522875,0.7006828193832599,0.1728275302829645,-0.17892198333594123,0.17316839683055107,-0.013617953870588728,-0.13258576191936267,0.1146291130179482,-0.052298996767884964,0.265279141316316,0.09067106405049508,0.2796403240999632,0.5014047762575373,0.1315470866253594,0.3704338214897309
WAT,,2.150943396226415,-0.5359281437125749,-0.4379354661510837,0.5224976493111082,0.41103742855351544,-0.19213510370937925,0.2955027039442659,0.614661991500945,-0.5364866363054008,0.6905865349206637,0.2541962594048357,-0.047098135064141955,0.17650235187281282,0.14784202074561215,0.12720001220703114,0.19393186988660682,-0.0014118177947773924,0.43753257920088173,-0.023500225102480843,0.23853698094839215,0.058934323270565026,0.5059413501777406,-0.08056902587089554,-0.03896893020375369,0.12681103971938246,0.023855666946604348,0.0711634145140203
WBD,,,,,,,,0.062046315286460985,0.562461041280568,-0.3793030609025084,1.1659602427297076,0.3596348422619611,-0.01750600675248315,0.5494264589800459,0.4243856276014253,-0.2543834235597494,-0.22554427534650345,0.027361301869802235,-0.1835096940768648,0.10545132702635551,0.32336305502670015,-0.08094078772212832,-0.21768026599684864,-0.5972812585583556,0.20042201096524326,-0.07117754055106118,1.7265847234542897,-0.07078414398960153
WDAY,,,,,,,,,,,,,,,0.5258716268276951,-0.018638804515397678,-0.023649066177448108,-0.17055727805265064,0.5394160009272098,0.56949082001745,0.029872272615556028,0.4570386443106149,0.14010263336220463,-0.38747343759670105,0.6497937879503441,-0.06531188487556949,-0.16761616945552682,-0.16360927269469594
WDC,,-0.41791028034599453,1.572307353496032,0.019138370135946214,0.8450712481636586,-0.08057702427158042,0.7167893834506611,0.09940903431432258,0.4765398629219755,-0.6209864804240839,2.8558955258764653,-0.2321627618412303,-0.08702084968640755,0.390680930447997,1.0082571943791918,0.33994658895236496,-0.44265548755818185,0.1747769637326868,0.19828739875847812,-0.5190290185009153,0.7714193322047553,-0.10885224581525432,0.17728826938489473,-0.5161785151334257,0.6599049645344484,0.13862902608251004,2.83678483344239,1.5229067936091019
WEC,,0.2538314156129531,0.03674000617117845,0.15477454831981885,0.3673086223081956,0.03393344281622279,0.18703021759616112,0.24212221401699918,0.048564583738531564,-0.11733708252425734,0.22510109596030325,0.21707026394196305,0.22898395619044876,0.08911258191016835,0.16122381183783174,0.32049361569799384,0.007884915162858386,0.18178083859429317,0.17108247429061452,0.07876954566088057,0.37047369669488717,0.024873603427421065,0.08658629248367711,-0.004522440683438322,-0.0699705174891051,0.16111965265045147,0.1596214031938239,0.03799431413750165
WELL,,0.23213819951118175,0.659105266700694,0.20729593416916225,0.4407897411012833,0.13495437502369212,-0.04704531945358503,0.3697515174529129,0.0967164393035107,0.0021608420093746084,0.12637365265416256,0.14215841458370293,0.21126421154775765,0.18230466672554968,-0.08418039098750785,0.4853983645316686,-0.058006140617906654,0.03383476148638165,0.002197916814139722,0.1530952039669995,0.2303691440072757,-0.17187953375031317,0.36983189795746885,-0.21177211698475606,0.41789348459912823,0.43068091865892844,0.49858101817722145,0.28534191950423393
WFC,,0.40682666179348836,-0.20241428155576813,0.10277822055276808,0.2944275644972578,0.08984777057075721,0.044829312433004365,0.16823517134986776,-0.12164414213642971,0.01710471643626721,-0.061888654999380566,0.15622672608676003,-0.09536039739156232,0.27346366232202013,0.36714864578690753,0.24107997809783965,0.018420891641445447,0.046379494337885685,0.13210534970881893,-0.21829194786510653,0.2144114456506383,-0.41648107859706274,0.6114591338637503,-0.11922522590704321,0.22936395373544172,0.4647804379921463,0.35571266710555816,-0.04842960537231378
WM,,0.615445035742908,0.15035588642528896,-0.2814226434658119,0.2919358785133035,0.0380857191964421,0.04205210836168116,0.24225038842589264,-0.08753780056542482,0.047461827044171345,0.0628552422390447,0.13249286383771874,-0.07706760677561919,0.07644360725586519,0.3783254052433058,0.18238441313717835,0.07128420411743241,0.36386786844754093,0.2446359540644194,0.053209313150926585,0.3045075882510977,0.05463196899851397,0.4382224853226919,-0.04493504599516307,0.16195862582615073,0.1428468464516761,0.10501047012530185,0.04490411592993149
WMB,,0.32504683300953374,-0.2891459611726044,-0.8893671517595582,2.659427628149901,0.6688119399889776,0.4396837722518496,0.14405898076485468,0.38735245849229516,-0.5881821124452496,0.49808171811804125,0.20067482789242974,0.37174240750156096,0.26456244662014927,0.22775159449543914,0.21347139905380552,-0.39140576298237517,0.3118003270689511,0.020190425949925928,-0.2387555558620934,0.14179270566991553,-0.08195748186789398,0.3835912086883546,0.32831246727476815,0.1186358880427858,0.6234954168417215,0.1490940220773158,0.18832048637918075
WMT,,-0.2278352887378119,0.08948379131027351,-0.11764597508532315,0.057338226739047204,0.0050705951201444055,-0.10297463549524866,0.001326179266489369,0.04890888605009591,0.20004740478516703,-0.02583276191113182,0.032195681288531786,0.1384475604840365,0.1698899518998016,0.18163713856453656,0.11870872959002177,-0.26636617728323686,0.16031258433030504,0.4656073499160218,-0.03431967365514854,0.30162986563089844,0.23322388794256455,0.019708095078363463,-0.004638563112108196,0.1288146947159976,0.7399228023237485,0.24489673823128588,0.00792963057025653
WRB,,1.3102997484383034,0.15127760508766364,0.11708690523752674,0.3347833215993732,0.3585524451543687,0.5223674296627812,0.09206924764268254,-0.1306206410258739,0.049133925701566605,-0.19694991655180205,0.12258185924665721,0.2684604928317722,0.13675394985319356,0.1603495769864276,0.21615700238933866,0.07766988339477865,0.24751458818132344,0.10213596827599103,0.05959783296395127,0.43799791440881264,-0.03141468631117761,0.2739321195456279,0.339233632687747,0.002473162360444814,0.27189374661204835,0.23024641233429577,0.0316202896263007
WSM,,-0.5652172423040116,1.1449996922943533,0.2657343052678456,0.2806626203128124,0.007765720031262635,0.2314499193178523,-0.26530750607844555,-0.16489782819346488,-0.6883267835531143,1.7531960013954002,0.7532931726505683,0.09777996235660824,0.16389407130113343,0.36110547518117153,0.3259046980488476,-0.21434055473791047,-0.14819307418627714,0.10203050292037696,0.006107210237140892,0.5007160624775522,0.42381224522704586,0.6860115632352142,-0.30492408788802383,0.8023694209527781,0.8656011876877692,-0.020928005247724202,0.4246422606052642
WST,,-0.18304349771124562,0.1157821876979328,-0.05249448026807968,0.4354331528289852,0.5089060433314585,0.017431435309084753,1.0768529944801055,-0.19848805479757192,-0.05704370070142539,0.0558310992034754,0.06917808850483498,-0.06365963111837214,0.4662772556817447,0.8123866551202303,0.09524428578828958,0.14028415737455613,0.4187468399536203,0.1701752290187606,-0.0007696683360451928,0.5413099042703828,0.8904947279613595,0.6587775189734382,-0.4969846947359279,0.4996543647868037,-0.06753049048159887,-0.15730243708119873,0.28986291428137534
WTW,,,,0.21740960051678226,0.21079277271028385,0.23267647200594554,-0.08075620857281984,0.10376915668941789,-0.020054227236481537,-0.3217016486601185,0.10420685220524173,0.3562287828752122,0.1514022612747845,-0.10873652322886185,0.3726044326711504,0.028345544333151507,0.11444906710813862,-0.034378833640671735,0.2504574222104683,0.024244906405764377,0.34809682536207376,0.05829786981466101,0.14159425563138295,0.045285731539475016,0.0008470603656498543,0.31484374638211987,0.060864220741436714,0.056681846428937144
WY,,-0.2706989528730184,0.09741192005566379,-0.06308598899588502,0.3402887811455513,0.07748007344001251,0.016054815901925146,0.10227868421747344,0.07804821964738795,-0.5653321580173234,0.43609088319040645,0.1973938615517945,0.016611973674119263,0.5308323955403953,0.16634047543584507,0.1734608642018869,-0.13120220875895194,0.045790665017679144,0.21600991195397712,-0.3546300248068256,0.45572682018549604,0.13039369665399425,0.26922014240469694,-0.20441807911873344,0.18042135376359236,-0.16608279534143022,-0.13048493943812112,0.09847420930142281
WYNN,,,,,1.136536859010393,1.3891475201967567,-0.18036490037449204,0.8275196238792044,0.2523117631508931,-0.6231159615081803,0.4633372862720646,0.9360242943104595,0.12087934586276705,0.10643991090202087,0.8091230544025692,-0.20887563109320095,-0.5226786763983661,0.27903812294422803,0.9809065675629507,-0.4018015737467653,0.44994922927144243,-0.18069555464380038,-0.2462996306236367,-0.030221186939222378,0.11343796158997588,-0.04395331051585327,0.4101704925644212,-0.14374143470543477
XEL,,0.5853429845151872,0.006909416554940817,-0.5723058385467653,0.6171002222297366,0.1225497457198903,0.061950114606520224,0.30523488125333054,0.019466140638078944,-0.13771620914593852,0.20248692424369885,0.16088636115433808,0.2231094510205489,0.0048092494910234596,0.08787147865301881,0.3349193692975918,0.038444056630344337,0.17136944655864772,0.2191294797824781,0.05879021574190202,0.32371292072293634,0.07768962599211093,0.044009282220545565,0.06445401120891714,-0.08674770591913594,0.12320914023105556,0.13895442957590665,0.07284327937973645
XYL,,,,,,,,,,,,,,0.07186062115744574,0.2985616024608999,0.11567527864020688,-0.02578803438821997,0.3759791203511236,0.39502052364598206,-0.010100069389032407,0.195886931776329,0.30900327953273865,0.18935374160819918,-0.0659737559948479,0.047728558599691384,0.025711666305468173,0.18778927467522566,-0.1099919546698469
YUM,,-0.14563118471352243,0.49090934463623603,-0.015446995059343549,0.42031416396498367,0.3785077386954159,0.0022483244934341506,0.2674691446556148,0.3231812018393516,-0.16037617817162508,0.13718476483076136,0.43275200523141044,0.22755649582474802,0.1462991016034989,0.16167108400554198,-0.016551949508651576,0.025024749443590455,0.23439180172712537,0.3109372789429701,0.1460647389600347,0.11414497207478624,0.09847015613244237,0.30054933292173014,-0.059902857189050085,0.03933835200622071,0.04722078084760106,0.14943893014292575,0.006054939020397887
SPY,,-0.09741500841663342,-0.11758531191371269,-0.21584640643354525,0.2818158324270923,0.10697864664394752,0.04828324755012248,0.15845213576673078,0.05146303645395345,-0.3679503538051091,0.26351747946333437,0.15056161861232442,0.01895000926068935,0.15990303240101533,0.3230774938965115,0.13463796230040792,0.012343107045583945,0.11997884934168757,0.21705412469279572,-0.04568997128362651,0.3122385699692003,0.18331646821021375,0.2872875564595372,-0.18175366882716693,0.2617577783124514,0.24886476304115313,0.17719055511914772,0.1399714419836673
ZBH,,,,0.35952880156774714,0.6955684550847578,0.13806826618638057,-0.15826304284771142,0.1622183623752287,-0.15603451888083442,-0.3889644046582298,0.46239385733655336,-0.09186250592132861,-0.0048431774659769555,0.26171491303374594,0.4119691306552813,0.22756368320701892,-0.08795212087777882,0.014617477186661398,0.17860124370630137,-0.1330417077406938,0.45374449623166213,0.0376692034201056,-0.17019847634857788,0.04235026634221728,-0.03808339978451969,-0.12457806066990029,-0.14031779481101458,0.07950900304395048
ZBRA,,-0.3026175132164588,0.36064336290195587,0.03224650277813268,0.7374344923122367,0.27196021587381947,-0.23862829773401018,-0.18809796605854068,-0.002586954590959034,-0.41613833477144857,0.3993089862385646,0.3400353145426418,-0.058173277218426134,0.09865854428247434,0.3757313645834435,0.4313979482459589,-0.10024546917866684,0.2312993576082807,0.2103544830475943,0.5340076208682016,0.6042203686200787,0.5045802650288678,0.5486691983507659,-0.5692036317147772,0.06598799839515213,0.41301730580003726,-0.37129095707951,0.5504899879674128
ZTS,,,,,,,,,,,,,,,,0.32797906356538076,0.12176350192072083,0.12644088293636746,0.3554929136567655,0.1944734646298163,0.5570894570874718,0.25763638465571725,0.4826258547497655,-0.3950528930232263,0.3590607907664738,-0.16631865564088022,-0.21750427053202304,-0.4134593627637132
